# Generated by multiview-laplacian-refinement
v -0.187799677 -0.0532135889 -0.56639576
v -0.159045935 -0.0412294641 -0.546678603
v -0.170208186 -0.0666207597 -0.536805451
v -0.316495538 0.138754785 0.594440997
v -0.326290816 0.108428545 0.584275961
v -0.303788573 0.115458742 0.608684182
v -0.00653377734 -0.342884868 0.493821353
v 0.0119137997 -0.346289843 0.506824553
v 0.0179474335 -0.339104176 0.488000512
v -0.200759143 -0.170391992 -0.532751501
v -0.211520299 -0.172464237 -0.544855058
v -0.203872576 -0.147506952 -0.527724028
v -0.28863728 -0.206576616 -0.423665941
v -0.278522432 -0.220798343 -0.398440182
v -0.296172649 -0.199356005 -0.394919753
v 0.412636697 0.02907384 0.181192815
v 0.409971386 0.0613905936 0.197196037
v 0.417642891 0.0672385544 0.165925264
v 0.0140632447 -0.348104328 -0.604687333
v -0.0137758106 -0.341199934 -0.60437876
v 0.00988379307 -0.332208633 -0.599796653
v -0.252690464 -0.16846551 -0.602900565
v -0.270022333 -0.198293447 -0.604490936
v -0.277832836 -0.173291311 -0.603486538
v -0.183827579 -0.294213474 -0.355964482
v -0.157104224 -0.30332157 -0.356912673
v -0.17578958 -0.296738625 -0.333956689
v -0.194512725 -0.204356477 -0.565648317
v -0.250473708 -0.113537304 -0.600125372
v -0.236767352 -0.125816196 -0.586444259
v -0.40611726 -0.172367886 -0.0485554785
v -0.408749759 -0.178409278 -0.0178079437
v -0.425384641 -0.161743104 -0.0250391103
v 0.1102091 -0.31901589 -0.249750003
v 0.134112805 -0.310293317 -0.223288536
v 0.133481383 -0.31248641 -0.279484004
v -0.205600068 -0.24178046 -0.605204046
v -0.136121124 -0.210584909 -0.563769877
v -0.124046467 -0.297140986 -0.601101518
v -0.321215212 -0.268336505 -0.0972223729
v -0.334461421 -0.275354952 -0.0642803386
v -0.301579863 -0.276149482 -0.0648876801
v -0.219264805 -0.277986765 -0.566190481
v -0.208264247 -0.286638379 -0.584513545
v -0.203116894 -0.291505337 -0.561761975
v -0.650396049 0.021777669 0.154909521
v -0.626613855 0.0155843021 0.155943722
v -0.632047117 0.0376508683 0.152923837
v -0.228761181 -0.26922363 -0.337529719
v -0.241386935 -0.258768141 -0.358925194
v -0.253258765 -0.250276476 -0.333060175
v -0.267899632 -0.232618794 0.257524341
v -0.271971256 -0.232277185 0.225609601
v -0.248115569 -0.253794372 0.234228715
v -0.212327749 -0.271481156 -0.615930021
v -0.228439465 -0.260632217 -0.608838916
v -0.2133158 -0.279589206 -0.606770754
v 0.712638617 -0.012266078 -0.143896967
v 0.699474394 -0.0115163391 -0.153860912
v 0.696405053 -0.037288893 -0.148343101
v -0.12271376 -0.308239728 -0.39407751
v -0.136228904 -0.306891501 -0.420932084
v -0.112292454 -0.30992794 -0.416133434
v -0.275156528 -0.216566756 -0.558843255
v -0.275589347 -0.210705504 -0.586563051
v -0.265364945 -0.230338588 -0.582593203
v -0.0522137545 -0.315475106 0.0227273349
v -0.0639832765 -0.316190332 -0.00400981447
v -0.0752119124 -0.314298987 0.0229813568
v -0.27524969 -0.205380112 0.578019202
v -0.281466544 -0.182411537 0.593574762
v -0.256536812 -0.208960906 0.599877834
v -0.361216217 -0.224154681 0.152819112
v -0.324199766 -0.236447632 0.155242026
v -0.34371525 -0.218428195 0.177778587
v -0.0395418853 -0.324695259 -0.0915549025
v -0.0608229302 -0.319742084 -0.104068279
v -0.0579517633 -0.31901446 -0.0713196322
v -0.0697636828 -0.289453179 0.617432058
v -0.0761571005 -0.26373145 0.62551403
v -0.0912207142 -0.276274681 0.621442378
v -0.00689218612 -0.355721027 -0.604038179
v -0.020872673 -0.358294576 -0.58909148
v -0.0306255743 -0.349689752 -0.603986323
v 0.0459027551 -0.332092941 0.5904302
v 0.0175831243 -0.33455053 0.59118253
v 0.0305888187 -0.343647689 0.577382863
v -0.224853173 -0.270509809 0.48018375
v -0.24673453 -0.249655232 0.493504375
v -0.222106859 -0.272472024 0.512595475
v -0.0990812629 -0.314816594 0.00875836797
v -0.0953444913 -0.314139575 0.0423839912
v -0.178969473 -0.29480359 -0.377976596
v -0.177226543 -0.293645829 -0.401427656
v -0.201820999 -0.281726569 -0.394326895
v -0.25427562 -0.243195459 -0.563136399
v -0.0918043703 -0.310926855 0.167603552
v -0.0727977008 -0.311413974 0.170666963
v -0.0968663245 -0.31014207 0.189266533
v -0.0675339773 -0.346150279 0.53068769
v -0.0923556834 -0.339951217 0.531496704
v -0.0780393258 -0.339100868 0.498303384
v -0.0811795518 -0.342517048 0.54992938
v -0.0970147625 -0.335949123 0.557132781
v 0.0850234702 -0.341780275 0.538713872
v 0.0652902871 -0.342735499 0.522562623
v 0.0678093433 -0.344886661 0.551240504
v -0.676314294 0.038140893 0.150384769
v -0.669186711 4.8240363e-05 0.15197216
v -0.690158129 0.0183158927 0.14905493
v 0.536679983 0.111754194 0.110689677
v 0.552303493 0.134109482 0.0791448057
v 0.514062405 0.128017709 0.0881866068
v -0.0615764298 -0.345776558 0.55684036
v -0.46528855 -0.0177362897 0.1561189
v -0.447253704 -0.00471898681 0.158760756
v -0.435219556 -0.0210350249 0.164025456
v -0.399892509 -0.207082614 -0.103699371
v -0.398796409 -0.203745127 -0.129435942
v -0.395933092 -0.169798613 -0.125369966
v -0.352023005 0.0595251955 0.521265507
v -0.347532243 0.0763819814 0.555508316
v -0.340647936 0.098121509 0.525597095
v -0.727810144 0.164185524 -0.00785196386
v -0.724562287 0.123118967 -0.0268241316
v -0.725413978 0.162355632 -0.0339531414
v -0.203195274 -0.284808546 -0.342144072
v -0.213645354 -0.27968365 -0.313182771
v -0.228190452 -0.274881095 0.15329808
v -0.2318113 -0.270192683 0.184083939
v -0.249945834 -0.260922015 0.164568558
v -0.163250819 -0.307027996 -0.0177204814
v -0.196415201 -0.297012985 -0.0143200252
v -0.184352249 -0.30054006 -0.0432912521
v -0.321348667 0.0253001824 0.608419776
v -0.338572741 0.0419138968 0.591032803
v -0.335424423 0.0146362996 0.595838606
v -0.350203663 0.0383033194 0.55374366
v -0.349955857 0.0108332178 0.495478183
v -0.355420709 -0.0404540636 0.340895176
v -0.354931653 -0.0162723083 0.353060573
v -0.367108822 -0.0151614062 0.314645559
v -0.222008243 -0.271826327 -0.369810045
v -0.12714316 -0.309297115 0.135450646
v -0.143688142 -0.3056584 0.165375769
v -0.171383977 -0.300265253 0.135368779
v -0.23204875 -0.217307299 0.61213845
v -0.248721153 -0.220647857 0.605008304
v -0.0806382895 -0.337397784 0.570883512
v -0.198535815 -0.282908499 0.375886172
v -0.189743936 -0.288618684 0.402679652
v -0.213657454 -0.275960952 0.395788461
v -0.0579056814 -0.313501954 0.312269002
v -0.0702364221 -0.312893897 0.336883336
v -0.0405050293 -0.317198932 0.34245792
v -0.389135033 -0.0935370028 0.245050475
v -0.377319306 -0.121943191 0.249717727
v -0.374970466 -0.107280761 0.265391618
v 0.342582881 0.21155566 0.215052217
v 0.363338143 0.199979946 0.213512212
v 0.363298863 0.227418363 0.198955119
v -0.206416234 -0.281566679 0.423813671
v -0.302703857 0.0651662424 0.616030157
v -0.296649009 0.0909953639 0.616705298
v -0.281427115 0.0825127065 0.622882307
v -0.278743714 -0.210242271 0.512773454
v -0.270430714 -0.221718103 0.538425446
v -0.260353386 -0.234650195 0.515900612
v -0.347340822 0.0598261505 0.570970953
v -0.275531709 -0.228419214 -0.347171992
v -0.271370381 -0.235081732 -0.317403108
v -0.287901759 -0.217604667 -0.319142699
v -0.521207035 0.152690962 0.0693332329
v -0.494983166 0.139793143 0.099070102
v -0.456713378 0.173108801 0.0732221901
v -0.318036497 -0.223789349 0.180434808
v 0.243747145 0.268783212 0.565594614
v 0.236638635 0.275420994 0.551904798
v 0.251017392 0.266479224 0.551889956
v -0.215278402 -0.291033864 -0.039299313
v -0.259284854 -0.250020266 0.194043651
v -0.235175177 -0.266099632 0.210348755
v -0.708240569 0.0301750898 0.13356708
v -0.700738668 -0.00319147622 0.124643736
v -0.700736105 0.0159069579 0.142889276
v -0.0296682157 -0.316045076 0.041545216
v -0.0642336532 -0.31362769 0.0445993133
v -0.279808849 0.110789381 0.620515764
v -0.122790672 -0.310011268 -0.324720055
v -0.100397401 -0.308141261 -0.335630387
v -0.102849521 -0.308050901 -0.309209079
v -0.308403015 -0.157196522 0.494334549
v -0.311913371 -0.143399015 0.441437572
v -0.328160971 -0.114462085 0.518219769
v -0.714947045 0.0516702533 0.100464113
v -0.721280992 0.0820506513 0.115928143
v -0.722574949 0.113294601 0.0780972913
v -0.192184508 0.302835494 0.603562117
v -0.206672385 0.281689137 0.593933344
v -0.190699309 0.296375662 0.586880803
v -0.241179362 -0.0905162022 -0.596304655
v -0.231235608 -0.0949705467 -0.586358488
v -0.12229991 0.335921705 0.205849752
v -0.0682311952 0.339030713 0.205123976
v -0.0797741115 0.332561821 0.153537303
v -0.195457369 -0.284476161 -0.465535253
v -0.200316235 -0.279920936 -0.439980865
v -0.18381843 -0.289516956 -0.441561222
v -0.678685248 -0.0910339653 -0.124264866
v -0.681523979 -0.114798389 -0.108455308
v -0.700066626 -0.0929974839 -0.117260404
v -0.699987173 0.00271416898 -0.108341835
v -0.697179258 0.0666695759 -0.117975801
v -0.646583617 0.062769115 -0.15070644
v -0.212625086 -0.0898940265 -0.572978079
v -0.20709537 -0.10395965 -0.557006001
v -0.221262589 -0.107027195 -0.573727012
v -0.260356367 -0.0925882235 -0.605605185
v -0.220470667 -0.0744190067 -0.585474133
v -0.229906633 -0.034076903 -0.598124981
v -0.621050835 -0.093361333 -0.122703321
v -0.668925703 -0.0712015703 -0.132996649
v -0.647210002 -0.0461772792 -0.135884479
v -0.373652875 -0.252538651 -0.120751977
v -0.383823395 -0.259624243 -0.0936418325
v -0.39454329 -0.241246387 -0.105573945
v -0.147691354 -0.305963427 -0.32845369
v -0.248700425 -0.251964837 0.263223261
v -0.399435341 -0.174348339 -0.0832939073
v -0.399872363 -0.199625671 -0.0648772866
v -0.237288743 -0.266542614 -0.274209142
v -0.2356399 -0.266023576 -0.30680725
v -0.256834418 -0.249953687 -0.297665507
v -0.643634319 0.131571963 0.111845732
v -0.629453003 0.138204604 0.104746968
v -0.671741486 0.126745373 0.110590145
v -0.131499782 -0.305455893 -0.30222562
v -0.164933935 -0.298217088 -0.426379949
v -0.170573324 -0.297263265 -0.458683372
v -0.335658669 -0.279528797 0.0253403056
v -0.319976658 -0.281077683 -0.00415232778
v -0.307792515 -0.279314041 0.0263494216
v -0.0682150498 -0.315355808 0.366997927
v -0.203227267 -0.219743326 0.620645881
v -0.215612561 -0.242330134 0.604974389
v -0.264736295 -0.229273856 0.468591064
v -0.26241377 -0.234499633 0.438182622
v -0.278900743 -0.210481077 0.446594417
v -0.692307889 0.00057830289 0.146255076
v -0.526392817 0.133490339 0.099386923
v -0.189845785 -0.286025643 -0.420664787
v -0.279545724 -0.280591995 -0.037515156
v -0.268831402 -0.278911978 -0.0618261322
v -0.152441233 -0.302337706 -0.391834319
v -0.232554302 -0.264918029 -0.530570328
v -0.250048131 -0.247571483 -0.532410443
v -0.234840333 -0.263559818 -0.553705812
v -0.0847034156 -0.315116763 -0.0872052461
v -0.10756164 -0.312511474 -0.0779182017
v -0.110833526 -0.310763389 -0.107839204
v -0.478722572 -0.149214253 0.0184849296
v -0.453875184 -0.153929576 0.0141171711
v -0.477206022 -0.15210475 -0.00729326764
v -0.136702314 0.18087931 -0.56158632
v -0.169394508 0.164928049 -0.570411086
v -0.151902035 0.146595061 -0.556643069
v -0.198208228 -0.28693825 -0.494852901
v -0.176092938 -0.298700631 -0.485549092
v -0.275017053 0.1342365 -0.625448227
v -0.256074131 0.161174238 -0.625642538
v -0.242901236 0.20128268 -0.627121329
v -0.293171495 -0.209722146 -0.344071716
v -0.287707627 -0.214027807 -0.37022385
v -0.128204972 -0.305810481 -0.136777163
v -0.140500709 -0.305975378 -0.112712078
v -0.164148957 -0.299057961 -0.133897528
v -0.2182751 -0.278678149 -0.544573188
v -0.315076888 0.179805338 -0.606672645
v -0.340686113 0.146884173 -0.542310238
v -0.300444365 0.198911682 -0.602301359
v 0.297975749 0.193523183 -0.480719596
v 0.277602077 0.21850878 -0.520299494
v 0.298633575 0.190655485 -0.506692648
v 0.0251448136 0.092215769 -0.454805881
v -0.00743856048 0.0999216959 -0.451470315
v 0.0224324074 0.113389567 -0.469380111
v 0.399830163 0.26062122 0.0798045471
v 0.364111841 0.28641659 0.0607516691
v 0.400359452 0.25688073 0.049936235
v -0.51251483 -0.14887026 -0.0487671122
v -0.500587463 -0.142724603 -0.0719102323
v -0.481925488 -0.149011269 -0.0527663492
v 0.033828713 -0.32036081 0.0977530554
v 0.0575195886 -0.317498147 0.112773068
v 0.0535003021 -0.319204181 0.0816155151
v 0.00264242804 0.0743477046 -0.437434763
v 0.0649962947 0.0444640033 -0.47030288
v -0.0191063639 0.0320739634 -0.435618788
v 0.00894614588 -0.331049591 -0.41256851
v -0.00198332709 -0.332005292 -0.437517852
v -0.0207544081 -0.31717962 -0.417310029
v 0.325708985 0.079096444 -0.610661507
v 0.323640883 0.112580694 -0.609858572
v 0.33706376 0.0836656243 -0.585809946
v 0.0498939306 -0.327016532 -0.316667855
v 0.0768244639 -0.329591691 -0.315352648
v 0.0573261566 -0.333362758 -0.343124717
v 0.406397015 0.16938594 -0.0555348806
v 0.407466859 0.150280997 -0.0898734853
v 0.404095978 0.189216346 -0.0887103602
v 0.565622687 0.122620709 0.101164587
v 0.333322465 0.11699646 -0.548913479
v 0.32529366 0.139686838 -0.567922175
v 0.332419395 0.114710532 -0.578755617
v -0.0367739685 0.0684091821 -0.418532372
v -0.0477347858 0.0465335473 -0.407050699
v 0.236515045 0.157117367 -0.543958426
v 0.253535271 0.134825647 -0.558521628
v 0.243347391 0.13173072 -0.530442119
v 0.315914899 0.173782498 -0.389013499
v 0.297446638 0.204200253 -0.40727374
v 0.303104252 0.19571276 -0.380484849
v 0.413539559 0.0969465598 -0.110384017
v 0.408068955 0.10357105 -0.129226699
v 0.408852547 0.122322761 -0.112395421
v 0.357195646 0.00260773185 -0.349388272
v 0.365263879 0.0158771928 -0.324859083
v 0.357129931 0.0220470652 -0.345448613
v 0.383501261 0.250118285 0.176492587
v 0.374606729 0.244561702 0.185779482
v 0.342605293 0.254062772 0.190930128
v 0.330407619 -0.102823101 -0.524591327
v 0.33038792 -0.115938671 -0.554262578
v 0.325686425 -0.125504255 -0.532461584
v 0.338175893 -0.200005457 0.208030969
v 0.350951791 -0.183569536 0.221344933
v 0.329350829 -0.184179366 0.23518528
v 0.0790002346 -0.314588249 0.091164045
v 0.280631334 0.22506474 -0.451630622
v 0.265747935 0.237526 -0.426801145
v 0.414607048 0.139613405 -0.0537948385
v 0.424010634 0.119534306 -0.056256745
v 0.432544827 0.127337828 -0.0295116045
v -0.250811756 -0.217622951 -0.611515403
v -0.0545925535 0.320641696 0.556510746
v -0.0212918799 0.314559996 0.531416595
v -0.0291088559 0.326182365 0.557589769
v 0.3023054 0.183758557 0.489617169
v 0.313189298 0.163573682 0.4815512
v 0.311523914 0.169000119 0.508125603
v 0.281343013 0.208148107 0.318349123
v 0.297953576 0.201083988 0.282217801
v 0.306049854 0.184365883 0.300111234
v 0.349109948 -0.0693067908 0.413969338
v 0.350611359 -0.0478226729 0.435699522
v 0.352145612 -0.0454569384 0.399531633
v 0.441904247 0.0935516059 -0.0658382997
v 0.48992148 0.11776381 -0.000495634857
v 0.416979313 0.115094252 -0.0819421634
v 0.341331005 0.0982733071 0.486655205
v 0.345857322 0.076193504 0.489314765
v 0.343631446 0.0860868245 0.511164606
v 0.0408083051 -0.348912805 0.540532768
v 0.0195443314 -0.350476772 0.524218321
v 0.0375102311 -0.345038861 0.510798633
v 0.278381228 0.218993351 0.550532222
v 0.294988781 0.195827872 0.541315019
v 0.286976039 0.197371721 0.568966627
v 0.324530631 0.143082753 0.503613234
v 0.333294988 0.123368494 0.482234538
v 0.323725194 0.143810228 0.475903988
v 0.35184744 0.0259273555 0.522066236
v 0.352064461 -0.000702980498 0.544865668
v 0.349843383 0.0321653821 0.550548613
v 0.688134789 0.0154325329 0.153961912
v 0.676297307 -0.0137045784 0.155924276
v 0.658268034 0.0133687574 0.156580463
v 0.261821985 0.0754284412 0.62912643
v 0.273227513 0.0553681739 0.627719164
v 0.237141252 0.0541286096 0.630008996
v 0.335801125 0.113347158 0.51574862
v 0.32677868 0.136145324 0.534677327
v -0.346173942 -0.0157843828 0.557367444
v -0.33568573 -0.0342459008 0.591634512
v -0.336421132 -0.00810319278 0.593043566
v 0.150294513 -0.303791553 -0.608552098
v 0.127247006 -0.320655704 -0.607773483
v 0.127526104 -0.301665515 -0.603174984
v 0.353249192 0.0328785405 0.377585769
v 0.353987247 0.0499981679 0.353264868
v 0.350340575 0.0590179749 0.38271746
v 0.367009223 0.0465439297 -0.314733833
v 0.356431633 0.0421834663 -0.341129333
v -0.218252569 -0.27775234 -0.288972706
v 0.477920055 0.124563336 0.089911975
v 0.441794783 0.125476852 0.0921177939
v 0.455553055 0.131181493 0.0557275377
v 0.274305075 -0.235966608 0.19929345
v 0.278091758 -0.242909059 0.175367504
v 0.292454302 -0.231574059 0.185751244
v 0.449974239 0.0358615853 0.153644413
v 0.476866812 0.0451879054 0.150492996
v 0.460276157 0.0691374987 0.142337412
v 0.701008916 -0.0842102095 -0.128852308
v 0.676841795 -0.0814597607 -0.133016601
v 0.700703919 -0.0635049492 -0.138370961
v 0.289595872 0.193784103 0.341434628
v 0.317647636 0.160307616 0.324988931
v 0.514061511 0.0876299143 0.130027786
v 0.497230172 0.109675579 0.113076374
v 0.29871437 0.191622555 0.513869882
v 0.652127802 0.110544667 0.1139419
v 0.623487592 0.101152457 0.121828943
v 0.626431584 0.122902587 0.100927956
v 0.137665689 -0.288562447 0.605571508
v 0.119727269 -0.268554688 0.620631456
v 0.108840913 -0.295902938 0.609375536
v 0.259327084 -0.204524353 -0.449555516
v 0.247099891 -0.217740521 -0.425766587
v 0.259564489 -0.19504118 -0.421161056
v 0.685230792 0.11461892 0.104763702
v 0.658616364 0.12943545 0.0895804241
v 0.687131047 0.131263912 0.0756276697
v 0.531166792 -0.0988227651 0.117980726
v 0.540813088 -0.116404049 0.100898147
v 0.558753729 -0.0929715931 0.121959373
v 0.705030024 0.148633078 -0.0104925307
v 0.713435173 0.130229235 -0.0260112286
v 0.712506354 0.137863636 0.00286226254
v 0.259560227 -0.228690639 0.412221283
v 0.272385865 -0.216243535 0.386441827
v 0.278116584 -0.208498538 0.407444775
v 0.407145679 -0.133989498 0.133718863
v 0.402436584 -0.133322656 0.167256758
v 0.40587756 -0.106402397 0.154335871
v 0.40031898 0.0356448181 0.264000058
v 0.40427196 0.00960456859 0.257032156
v 0.407780677 0.0289602894 0.243253231
v -0.177383855 -0.292741627 0.382040322
v -0.181142956 -0.291023135 0.358410478
v 0.426543593 0.0416998155 0.1607586
v 0.532285929 -0.0717086717 0.136632368
v 0.326101899 0.0683195889 0.5939098
v 0.333170086 0.0899487436 0.571338296
v 0.315935791 0.0968419611 0.598142147
v 0.322152734 0.115965396 0.581031382
v 0.713904023 0.00854761712 0.140198126
v 0.703431547 -0.0087721888 0.151763752
v -0.133692339 -0.244967222 0.625625074
v -0.101400226 -0.252064407 0.626245916
v -0.11897891 -0.278265506 0.615790606
v 0.379575104 0.124807581 0.252184778
v 0.357489526 0.125944674 0.274218917
v 0.360531002 0.146210402 0.254059821
v 0.176946074 -0.306501448 0.541481853
v 0.166925371 -0.307001531 0.564315617
v 0.153878108 -0.316129357 0.54416734
v 0.343054414 0.0979427844 0.34208715
v 0.35084936 0.0738109425 0.339536786
v 0.352216899 0.0864674747 0.318335652
v 0.0465653725 -0.324954867 0.409353703
v 0.0135058509 -0.327870399 0.422264367
v 0.0158939864 -0.325434566 0.393189639
v 0.0401774198 -0.324279457 0.376533955
v 0.352872789 -0.0210736208 0.411565512
v 0.470124155 -0.131126493 0.0868121386
v 0.503531516 -0.132894099 0.0814286023
v 0.508476317 -0.115788601 0.102226377
v 0.167503908 -0.27658093 0.601288438
v 0.146297127 -0.267310679 0.615364015
v 0.163507357 -0.252763063 0.6167382
v 0.449466318 -0.0897771567 0.126257449
v 0.444144934 -0.106281921 0.116365723
v 0.42904833 -0.0970011204 0.127124667
v 0.464721262 -0.146878868 0.0596188083
v 0.440235436 -0.147235736 0.0711955577
v 0.441666991 -0.153996989 0.0509683751
v 0.724983633 -0.121156603 0.0680194497
v 0.716188431 -0.138056934 0.0485538132
v 0.706570208 -0.124205559 0.0846718401
v 0.724810243 -0.0951648131 0.0919767618
v 0.0265098531 -0.319880724 0.604865432
v 0.0500761084 -0.310834438 0.609048426
v -0.0337242931 -0.336118251 0.585392833
v -0.0248694383 -0.3173123 0.605138659
v -0.055581741 -0.318091184 0.601632178
v -0.36291796 0.00883180555 0.325994551
v 0.342983097 -0.0944911763 0.482209742
v 0.344408453 -0.092489861 0.460976571
v 0.337646037 -0.11488916 0.465449154
v 0.0489737839 -0.323631436 0.297646791
v 0.0359301232 -0.324868798 0.31795305
v 0.054777842 -0.322413415 0.326404721
v 0.385294139 0.20467563 0.19678311
v 0.235887438 -0.177555218 0.619941175
v 0.251561791 -0.158513591 0.61773169
v 0.254429042 -0.185081646 0.608173311
v 0.437714279 -0.0728994608 0.139150158
v 0.00900380965 -0.322575033 0.273261696
v 0.0383740738 -0.324156702 0.274974525
v 0.0290612355 -0.323364466 0.254821092
v 0.463060826 0.109847352 0.113550022
v 0.302489847 -0.197706267 0.248754665
v 0.293741912 -0.218998179 0.213780209
v 0.279702961 -0.219507515 0.245215327
v 0.27359724 -0.229975477 0.222588301
v 0.414445102 -0.000254030136 0.168672934
v 0.428692698 0.0149141103 0.1616133
v 0.420802563 -0.162953794 0.0585686564
v 0.420103282 -0.152670473 0.0820637867
v 0.403494149 -0.0721229762 0.22154358
v 0.403332055 -0.0960487649 0.190706208
v 0.403303534 -0.0536303185 0.195721626
v 0.139484212 -0.306358904 0.415802479
v 0.101626471 -0.318064868 0.43086195
v 0.12823844 -0.307890683 0.390547931
v 0.292848855 -0.153057396 0.59464705
v 0.274385273 -0.168726996 0.602315307
v 0.288825065 -0.17528671 0.586888254
v 0.709350646 -0.15197438 0.0199696254
v 0.726724446 -0.140198722 0.0140891084
v 0.490178317 -0.141502082 0.0667563751
v 0.401833802 0.0289745443 -0.219277814
v 0.401390731 0.019453546 -0.203663811
v 0.401395261 0.0493463986 -0.196287528
v 0.701703489 0.0671781898 -0.134590164
v 0.708543658 0.0853583068 -0.114217497
v 0.672470212 0.0819114521 -0.116403632
v 0.67936933 -0.0593645945 -0.144048154
v 0.349416912 -0.0669616908 0.383089006
v 0.307721436 0.118680261 0.600933492
v 0.309510231 0.136724204 0.589660764
v 0.291504681 0.134470239 0.608776927
v 0.509132922 -0.0224922504 0.155427843
v 0.506236315 -0.0506122485 0.147459477
v 0.486418366 -0.0372011438 0.152391434
v 0.715462565 0.111038528 -0.0763798207
v 0.710351884 0.105677038 -0.0985664576
v 0.704311728 0.120041639 -0.0889094621
v 0.668418825 -0.140216291 -0.0788838416
v 0.692936242 -0.131899223 -0.0914001986
v 0.667045474 -0.124838814 -0.0997032747
v 0.403090358 0.0650843456 -0.166722402
v 0.407220483 0.0707622468 -0.143188015
v 0.407434553 0.0430901274 -0.146893919
v 0.027175827 -0.336165845 -0.186434805
v 0.0201158375 -0.324920416 -0.219655156
v 0.0500353165 -0.329788864 -0.196001068
v 0.588910222 -0.160504192 0.0113573689
v 0.57695365 -0.160941541 -0.016988242
v 0.602614462 -0.162151203 -0.0138067482
v 0.403236985 0.198732987 -0.00147144531
v 0.402610809 0.217084378 -0.0228088368
v 0.40510875 0.184879512 -0.0246034879
v -0.00581758982 -0.316145301 -0.393199623
v 0.311145455 -0.278429568 -0.0629180819
v 0.312059462 -0.271733493 -0.0924746171
v 0.339145005 -0.27453661 -0.0765049532
v 0.341374129 -0.279691458 -0.0479068905
v 0.320965409 -0.222488657 0.184788495
v 0.31577608 -0.203722134 0.217449859
v -0.179902613 -0.303653955 -0.601034641
v -0.171669975 -0.294217795 -0.61043632
v -0.197471082 -0.285515398 -0.612798989
v 0.145707667 -0.304629236 -0.00381259969
v 0.118838549 -0.309550136 0.0193705093
v 0.112838745 -0.31207341 -0.00986753963
v 0.343823463 0.0569882393 -0.577236772
v 0.345397383 0.0368085615 -0.553097486
v 0.342159867 0.0709975883 -0.555490077
v -0.0563822873 -0.322576404 -0.601101398
v -0.0752899051 -0.296107024 -0.594525754
v -0.0989335775 -0.331550539 -0.604784369
v -0.0909968987 -0.308273017 -0.395934165
v -0.093168959 -0.314198345 -0.430975139
v -0.0698616207 -0.312089503 -0.418677151
v -0.0492647588 -0.250190794 -0.576419353
v -0.0156183597 -0.312627584 -0.594037592
v 0.0132913888 -0.303387731 -0.590947092
v 0.114047132 -0.322577119 -0.296061575
v 0.121384136 -0.320462912 -0.311183661
v 0.26787293 0.234894514 -0.503163517
v -0.266158968 -0.227776423 -0.509122491
v -0.240752846 -0.25456962 -0.504892647
v -0.25720036 -0.237814993 -0.487401217
v 0.148639724 -0.320736527 -0.612425327
v -0.188903078 -0.301262826 -0.579977036
v -0.196875378 -0.29426387 -0.600346267
v -0.202123925 -0.22972773 -0.591020942
v 0.197782815 -0.289960653 -0.548865795
v 0.105616286 -0.339478433 -0.551589549
v 0.141475365 -0.316081971 -0.451923192
v 0.413426429 0.0712582171 -0.121953264
v 0.432015359 0.0542535447 -0.111243591
v 0.363179088 -0.04937011 -0.317344457
v 0.354240954 -0.0507477783 -0.339542747
v 0.364179671 -0.0220553074 -0.325889796
v -0.0905228779 -0.343934357 -0.595170617
v -0.115774006 -0.337340087 -0.59165436
v -0.0903113261 -0.346744716 -0.567397416
v 0.32360965 0.138098612 -0.594967067
v 0.34597981 0.128443703 -0.300663918
v 0.331520766 0.138241634 -0.320940167
v 0.330522329 0.156981081 -0.305663615
v -0.527627647 -0.141137078 -0.0747110173
v 0.345586747 0.0288650077 -0.464276046
v 0.346523345 0.0100004263 -0.451339722
v 0.343967468 0.00759627717 -0.483117998
v -0.118902534 -0.312929153 -0.443731904
v 0.320813924 -0.247280642 -0.14706935
v 0.296726435 -0.247935519 -0.151533321
v 0.310813218 -0.259399205 -0.124619998
v 0.412537515 -0.201530367 -0.0624178313
v 0.411599576 -0.203557119 -0.0948146209
v 0.41003561 -0.179706663 -0.0876774266
v 0.434945554 -0.103558198 -0.117667072
v 0.414944708 -0.0874642134 -0.137419984
v 0.437550128 -0.0757262632 -0.125275552
v -0.167249396 -0.315251678 -0.577144682
v -0.167455643 -0.293151677 -0.23369956
v -0.165000364 -0.293823898 -0.260557383
v -0.185365334 -0.290036231 -0.252072871
v -0.243172735 -0.241290614 -0.611564577
v 0.343130887 0.057841178 -0.528594911
v 0.352819562 -0.000260292582 -0.377291888
v 0.353901118 -0.027038442 -0.357191026
v 0.616349638 -0.156998053 0.0323001668
v 0.584204316 -0.15081732 0.0463732518
v 0.61037147 -0.147852197 0.0569113642
v -0.184394926 -0.303820372 -0.553012669
v -0.200710773 -0.291971862 -0.539141595
v -0.193248302 -0.297219932 0.0509345271
v -0.205543742 -0.293946177 0.0171949845
v -0.175873056 -0.303804845 0.0319661759
v -0.445939839 -0.157033801 -0.00948303007
v -0.220224187 -0.267283946 -0.452105254
v -0.218967378 -0.270931959 -0.484628856
v -0.166883662 -0.297687709 -0.303940415
v -0.191606104 -0.289918631 -0.316708356
v -0.240677282 -0.252101302 -0.472107261
v -0.213067219 -0.272410989 -0.421973109
v -0.263761103 -0.225167513 -0.603005648
v -0.257094324 -0.244281054 -0.366939217
v -0.241846278 -0.256303757 -0.380399823
v -0.297108561 -0.174239933 -0.527464569
v -0.281154931 -0.206549138 -0.527651787
v -0.289760888 -0.189540401 -0.550955176
v -0.300683945 -0.166219398 -0.552859902
v -0.0483087525 -0.305957258 -0.396465063
v -0.213842481 -0.279102594 -0.517319262
v -0.306772768 -0.155315652 -0.489037007
v -0.300792426 -0.182798833 -0.440235287
v -0.298905849 -0.182367012 -0.462239325
v -0.255430579 -0.242957786 -0.398112386
v 0.25360167 0.264349699 -0.605339646
v 0.288553864 0.22382994 -0.594271779
v 0.270818293 0.247622147 -0.592629015
v -0.229136541 -0.263385117 -0.399899662
v -0.180834234 -0.301822275 -0.52040863
v -0.20503968 0.198894337 -0.608601928
v -0.177506581 0.239581287 -0.613967955
v -0.210213125 0.231840238 -0.625883818
v -0.290294588 -0.194670096 -0.472444713
v -0.287088394 -0.195775747 -0.500567377
v -0.30056268 -0.189983621 -0.414188951
v -0.284807175 -0.186991289 -0.591768384
v -0.284930259 -0.198032126 -0.572046816
v -0.252795607 -0.241459534 -0.450569808
v -0.237189457 -0.254243881 -0.450906962
v -0.216677368 -0.148691714 -0.543387413
v -0.221906379 -0.131852806 -0.562776387
v -0.207661718 -0.123062328 -0.537757874
v -0.19833073 -0.286271781 -0.36849454
v 0.0245185476 -0.322726965 -0.33893469
v 0.403463811 0.203088984 -0.053566359
v -0.0190207474 0.314273834 -0.546641171
v -0.0497932173 0.309145242 -0.54602766
v -0.046415668 0.331935108 -0.563413203
v -0.125667512 -0.31345135 0.0253344309
v -0.0235174485 -0.307288766 -0.397148222
v -0.022408206 -0.303970814 -0.377378047
v -0.0914702192 -0.271202683 -0.586635292
v -0.152128965 -0.312810391 -0.500647485
v -0.131636515 -0.314949036 -0.475596011
v -0.118615702 -0.326859206 -0.51016742
v -0.13614355 0.0842192918 -0.540566981
v -0.12950024 0.0542328432 -0.536686838
v -0.110919982 0.0756221861 -0.525932491
v -0.163060442 -0.294109106 -0.205077484
v -0.128996551 -0.300048232 -0.219557777
v -0.0733704641 -0.342380077 -0.601327479
v -0.128026783 -0.324682027 -0.60353744
v -0.0719176233 -0.302672684 -0.371909022
v -0.0729095042 -0.301742345 -0.346050739
v -0.101207875 -0.306720465 -0.362956613
v -0.0670909062 -0.31095618 -0.20234473
v -0.0370256566 -0.314326316 -0.214511096
v -0.0467297547 -0.316962123 -0.198087394
v -0.127191499 -0.309192002 -0.346841007
v 0.243002236 -0.24850592 -0.281717509
v 0.245140061 -0.251742721 -0.243764341
v 0.262000978 -0.234439999 -0.255474776
v -0.155098975 -0.306414157 -0.474381179
v -0.0822898149 -0.333392531 -0.499659479
v -0.0936470032 -0.338665605 -0.529713511
v -0.0791549087 -0.339548647 -0.517533839
v -0.145721257 -0.306785226 -0.45090121
v -0.0180302281 -0.304201812 -0.296216547
v -0.0472051352 -0.30442822 -0.271876842
v -0.0192112643 -0.307784349 -0.259164006
v -0.033660192 0.0116023542 -0.448457778
v 0.0275428239 -0.0505366623 -0.504640818
v -0.0502781682 -0.327001423 -0.458866388
v -0.0588963591 -0.333673477 -0.484089017
v -0.0706315935 -0.326382607 -0.468835801
v -0.0325938053 -0.339483798 -0.484547079
v -0.0655587688 -0.344251126 -0.521500051
v -0.0261575468 -0.354122877 -0.537882924
v 0.038894739 -0.3099657 -0.59374404
v 0.0526437312 -0.317566216 -0.597573698
v 0.0350509956 -0.332156718 -0.600579619
v -0.111764722 -0.307737023 -0.379378974
v 0.0200265963 -0.358905375 -0.599687934
v -0.0839302018 -0.314869612 -0.114896089
v -0.0658797175 -0.31908232 -0.139107034
v -0.0557730757 0.0375241563 -0.42280817
v 0.165032148 -0.310691088 -0.613333762
v -0.255691886 -0.259037226 -0.199781522
v -0.226064026 -0.274635345 -0.211997017
v -0.249294624 -0.260873169 -0.227735698
v -0.0971561521 -0.321366131 -0.466948122
v 0.29697448 -0.214780673 -0.217680663
v 0.325981319 -0.206744358 -0.207157046
v 0.307103574 -0.22244218 -0.191974267
v 0.011124813 -0.336567909 -0.101409309
v 0.0338546373 -0.334420264 -0.100828119
v 0.0220472235 -0.33927846 -0.120202638
v 0.00235456647 -0.314806551 -0.364819974
v 0.314887732 0.174275398 -0.361452103
v -0.0285877865 -0.322099209 -0.192354307
v -0.0114155142 -0.321385384 -0.210199073
v -0.314334512 -0.133190826 -0.548171937
v 0.0954726562 0.280085355 -0.607168376
v 0.0454323068 0.296979457 -0.609903574
v 0.044765681 0.259364128 -0.582092881
v 0.293460459 0.204978898 -0.455383003
v 0.313136697 0.176220834 -0.44307524
v -0.000684804458 -0.339096665 -0.130629197
v 0.0203278586 -0.342361033 -0.135588184
v -0.0566531047 0.259111851 -0.586438298
v -0.0826611817 0.243205607 -0.579864442
v -0.0587810986 0.238090426 -0.570147455
v 0.0876151845 -0.33485952 -0.378785908
v 0.109638482 -0.3270199 -0.369215131
v 0.10316129 -0.331401378 -0.406877965
v 0.036911957 -0.336009562 -0.366701722
v -0.0971125066 -0.311928004 0.112664923
v -0.127549782 -0.311810464 0.102394551
v -0.0980899036 -0.310863376 -0.137807146
v -0.00787710305 -0.335722119 0.588310361
v -0.238431036 -0.277138025 -0.12020953
v -0.264055938 -0.272175997 -0.111734502
v -0.248440221 -0.271072835 -0.14448005
v -0.229014978 -0.266502351 0.537401021
v -0.24259837 -0.254240364 0.523762643
v 0.0594625473 -0.326518238 -0.286231369
v 0.0354024172 -0.321641237 -0.273490936
v 0.0519304536 -0.326818466 -0.257769525
v 0.0288915597 -0.321498454 -0.251388609
v 0.0477922 -0.329639405 -0.0761408657
v 0.0169030912 -0.331419408 -0.0735839754
v -0.287166059 -0.272913516 -0.0885521173
v -0.132348165 -0.309489399 -0.0868631527
v -0.0648773834 -0.305336207 -0.260217875
v -0.0788436607 -0.304320157 -0.282839417
v -0.0826035738 -0.306587517 -0.251348317
v -0.10503868 -0.303919584 -0.265107334
v 0.0188422501 -0.34111172 -0.15765284
v -0.00278212153 -0.34069553 -0.158610523
v -0.175141424 -0.293857545 -0.164872184
v -0.198900789 -0.287327886 -0.169948474
v -0.184936434 -0.29024142 -0.187566698
v -0.0398896784 -0.320403636 -0.0515860356
v -0.0118434504 -0.325512767 -0.0518466234
v -0.0358383618 -0.319851846 -0.0267967563
v -0.0637983903 -0.317011297 -0.0381712988
v -0.0884299204 -0.315038234 -0.0581714883
v -0.109209307 -0.304965645 -0.191140577
v -0.0837153122 -0.312256753 -0.168214887
v -0.211350411 -0.281881034 -0.187410519
v -0.207903281 -0.282501966 -0.264305085
v -0.228129134 -0.273294896 -0.24440068
v -0.20176965 -0.284875453 -0.235826865
v -0.193551913 -0.28696537 -0.210421696
v -0.28051123 -0.152356327 -0.608523011
v -0.134616926 -0.300055176 -0.253368348
v -0.149297759 -0.308430314 -0.0719378591
v -0.162962213 -0.303565592 -0.0962824151
v -0.161689743 -0.29520753 -0.18375425
v -0.100179024 -0.314837605 -0.0255328324
v -0.134146035 -0.3122693 -0.030417962
v -0.130098432 -0.313135743 -0.00487322453
v -0.0255947206 -0.31918323 0.0039487402
v -0.323399752 -0.125338003 -0.612414598
v -0.299515754 -0.0871305317 -0.618074238
v -0.326495647 -0.102577277 -0.616576552
v -0.109218307 -0.306599379 -0.287507087
v -0.350070536 -0.246803701 -0.143611133
v -0.345673531 -0.259484202 -0.119096167
v -0.271815807 -0.244834393 -0.217077896
v -0.0713428259 -0.311686784 0.227670819
v -0.0392201878 -0.314876854 0.241756037
v -0.0437025465 -0.313480079 0.21035102
v -0.196497351 -0.289438695 -0.145629421
v -0.198477909 -0.291674137 -0.109904289
v -0.376952469 -0.23289308 -0.14806357
v -0.389082372 -0.241302386 -0.129538402
v -0.282961667 -0.262316048 -0.137477905
v -0.295948029 -0.26614511 -0.113946557
v -0.317298114 -0.255373597 -0.136801153
v -0.396712691 -0.250815958 -0.0230841599
v -0.402037978 -0.228002027 -0.033951845
v -0.401643306 -0.22533609 -0.0148218786
v -0.509939551 -0.150291383 -0.0196043476
v -0.487250537 -0.151636794 -0.0322024561
v -0.230543807 -0.266550392 -0.584419012
v -0.194195941 -0.287720531 -0.290672183
v -0.332253128 -0.208011001 0.196921617
v -0.232602462 -0.278764278 0.104172982
v -0.252471983 -0.275053471 0.0887716711
v -0.230462953 -0.283040732 0.0754635781
v -0.184546247 -0.29905051 -0.0870430619
v 0.0231370125 -0.346475005 -0.468194664
v 0.0350889154 -0.346281677 -0.454764515
v 0.0189666208 -0.34114185 -0.445517033
v -0.359653205 -0.267385423 -0.0897938311
v -0.379623085 -0.269597828 0.0174671356
v -0.396877885 -0.236419484 0.0382347256
v -0.395013124 -0.257412642 0.0161818303
v -0.292924553 -0.186436668 0.421788007
v -0.276627004 -0.216309249 0.415620863
v -0.180653557 -0.30249998 0.00578926317
v -0.165378794 -0.306633681 0.0623476878
v -0.147621363 -0.311119974 0.0431625843
v -0.193953946 -0.121080488 -0.52266717
v -0.191242918 -0.0966544971 -0.535582602
v -0.380946994 -0.2668854 -0.0726965591
v -0.424310952 -0.167328328 0.0895145908
v -0.399826497 -0.222507775 0.0797419548
v -0.417562366 -0.185925692 0.0555958003
v -0.364576757 -0.273594707 -0.0552257113
v -0.375903189 -0.272504479 -0.0199138094
v -0.388477653 -0.263728887 -0.0490320139
v -0.391999155 -0.264182091 -3.92090624e-05
v -0.395101577 -0.25379315 -0.0749904439
v -0.456501842 -0.15347825 -0.0339298956
v -0.332292438 -0.173237845 -0.242905661
v -0.348584712 -0.1225399 -0.31823802
v -0.316617578 -0.182887703 -0.286652505
v -0.262733549 -0.247128189 -0.269926101
v -0.312423468 -0.1776357 0.271641374
v -0.310752898 -0.170389637 0.295897603
v -0.324335128 -0.158939376 0.279851228
v -0.220108494 -0.280104518 -0.160405412
v -0.220785886 -0.281941861 -0.132984564
v -0.253204644 -0.281426191 0.0399040841
v -0.275379598 -0.28119725 0.015210228
v -0.283536404 -0.277725041 0.0460600592
v 0.0247314982 -0.324404091 0.297889978
v -0.40048632 -0.24306038 -0.0512978882
v -0.400998861 -0.229498923 -0.0754689798
v -0.203414395 -0.293562979 -0.0722218081
v -0.304030627 -0.218738019 0.19892329
v -0.247680455 -0.283870578 -0.0364909098
v -0.25843966 -0.283084989 -0.011171951
v -0.106967807 -0.303113341 -0.242168963
v -0.239502996 -0.270746469 -0.178480089
v -0.270431578 -0.25701195 -0.168744624
v -0.248415947 -0.260369569 -0.251468211
v -0.226311073 -0.288240969 -0.0115354303
v -0.141360566 -0.300637841 -0.166114807
v -0.122791022 -0.312411368 -0.0560115203
v -0.311265677 -0.279792994 -0.0368083641
v -0.290224165 -0.281426132 -0.012248273
v -0.343522817 -0.27948156 -0.0308315046
v -0.259408146 -0.277439207 -0.0835419372
v -0.237631559 -0.284033418 -0.064137876
v -0.408101737 -0.135215238 -0.113021351
v -0.431088895 -0.119541354 -0.104551382
v -0.414533317 -0.139115095 -0.0895875171
v -0.136399478 -0.31215328 0.0728901252
v -0.401937783 -0.220487162 -0.0512314215
v -0.40187797 -0.202077687 -0.0317153111
v -0.172770441 -0.303419888 -0.0694881007
v -0.352886647 -0.279810458 0.00269158417
v -0.150858983 -0.308018923 0.115580462
v -0.115409173 -0.307875007 0.214981318
v -0.128432602 -0.305650204 0.236500114
v -0.102443136 -0.309238136 0.242158726
v -0.103315115 -0.313135445 0.0776942745
v -0.237388551 -0.192613989 0.618087053
v -0.258976161 -0.179815635 0.612599254
v -0.0486932732 -0.312291592 0.14587225
v -0.0130674271 -0.315768063 0.129143134
v -0.0393280163 -0.312415957 0.119634636
v -0.210604802 -0.279306948 0.295670569
v -0.217035994 -0.276765913 0.274788409
v -0.199055731 -0.286349386 0.277088672
v 0.0444177948 -0.336668849 0.487395495
v -0.592272043 0.136700138 0.100008972
v -0.553076804 0.137522176 0.0931941941
v -0.566330254 0.120192207 0.112824559
v -0.0874784663 -0.311031342 0.145417377
v -0.112631455 -0.309822559 0.166136473
v -0.205857605 -0.291848212 0.0698050857
v -0.22323285 -0.287293643 0.0456989445
v -0.273845017 -0.224134728 0.282686919
v -0.285897225 -0.209994227 0.269834101
v -0.318782777 -0.254179984 0.118845157
v -0.350570649 -0.255236894 0.1104673
v -0.34450829 -0.243820429 0.135719866
v -0.00446175179 -0.321578741 0.34119606
v 0.0307737365 -0.324313849 0.34456718
v 0.0176282972 -0.324289501 0.321918041
v 0.0248588566 -0.319277197 0.125440419
v 0.0329617038 -0.320193261 0.157608613
v 0.0511574149 -0.31853196 0.140598476
v 0.0351341814 -0.327888489 -0.0470646843
v -0.0515385419 -0.313067377 0.0704060495
v -0.04558146 -0.312272519 0.0976486281
v -0.019521445 -0.315627128 0.0766628832
v 0.0537692383 -0.320885658 0.254844248
v -0.127364054 -0.306965649 0.190618366
v -0.121573418 -0.313865691 0.0526035316
v 0.171850741 -0.295340002 0.107260555
v 0.197573662 -0.287880838 0.120131798
v 0.174001247 -0.291388899 0.137912974
v -0.297497183 0.156435236 0.601906359
v -0.287282825 0.18135339 0.597495973
v -0.274993867 0.163151681 0.6123631
v -0.216516882 0.12376146 0.628436327
v -0.149479702 0.129125625 0.629245043
v -0.218800202 0.165307075 0.625885725
v -0.0270226989 -0.31749776 0.309938222
v 0.000803937321 -0.321818709 0.304429024
v -0.0160650797 -0.318690062 0.284821957
v -0.0665954128 0.0631415173 -0.459318995
v -0.0690480173 0.080567129 -0.482653439
v -0.0775347129 0.046639137 -0.49042058
v -0.0703902915 -0.311673433 0.198355332
v -0.044639945 -0.312794566 0.179701626
v -0.0226302017 -0.314258039 0.1046395
v 0.00554343313 -0.31826359 0.0971256644
v 0.0546990745 -0.324805081 -0.0204809308
v 0.0712609813 -0.322007775 -0.000710214837
v 0.0535294153 -0.32358557 0.00414253399
v -0.0183969662 -0.315852135 0.192755297
v -0.0170750357 -0.315575629 0.162188277
v 0.0110871587 -0.319941133 0.17999056
v 0.0077443663 -0.318593651 0.149844602
v 0.0284289159 -0.320160419 0.0750430077
v -0.0729437619 -0.31206888 0.259045541
v -0.0440887436 -0.314574182 0.278877109
v -0.077738829 -0.311624676 0.289156377
v -0.145705596 -0.317200661 0.556965411
v -0.148721889 -0.318807721 0.531221151
v -0.165931866 -0.30842936 0.551598549
v 0.0440700054 -0.336503625 -0.134386674
v 0.408723384 -0.247578114 -0.0855428725
v 0.390599877 -0.264522493 -0.0758283213
v 0.405539155 -0.257328004 -0.0616234206
v -0.0237386953 -0.238190114 0.629558861
v -0.0812180713 -0.220512167 0.629220963
v -0.0369921066 -0.121583745 0.631107211
v -0.226855382 -0.263369977 0.562675476
v -0.201531515 -0.283357024 0.565750122
v -0.209395424 -0.26575166 0.586700499
v -0.163336053 0.205242485 -0.587988019
v -0.424039662 -0.168879747 0.00453482289
v -0.405380517 -0.202909082 0.00302042859
v -0.0919044986 -0.31045568 0.214663938
v -0.055733677 0.338547558 0.571957231
v -0.0396908671 0.351837963 0.582675338
v -0.0309759974 0.347743511 0.572095096
v -0.0478854105 -0.345413327 0.506257892
v -0.0410292633 -0.349451542 0.53983134
v -0.0282635856 -0.350559443 0.521017492
v -0.010990168 -0.293339431 0.620129585
v -0.0250767991 -0.275010616 0.625778735
v -0.00638311217 -0.271434277 0.627431452
v 0.0154341664 -0.323939532 0.367610365
v 0.101931572 -0.332218379 0.569596887
v 0.105782121 -0.334165215 0.545412421
v 0.0872985795 -0.339917719 0.556567848
v 0.0558874942 -0.321756303 0.355448276
v -0.120431885 -0.32840848 0.544651389
v -0.106844872 -0.33435753 0.508576572
v 0.125128806 -0.309307367 0.592697203
v 0.152867183 -0.301092625 0.586111426
v 0.0486263819 -0.344760299 0.56737411
v 0.0743642002 -0.336604685 0.575378537
v -0.0223417655 -0.320598334 0.358154953
v -0.0347259119 -0.320137531 0.374775857
v -0.00748907123 -0.323188484 0.373509467
v -0.105356477 -0.322656006 0.58111167
v -0.182617962 -0.294839323 0.434698701
v -0.162588567 -0.300627172 0.403673351
v 0.41712141 -0.179375336 0.0101471078
v 0.442662418 -0.162207827 0.00271337153
v 0.42550081 -0.171329215 -0.0227896515
v -0.0058512683 -0.349573404 0.51863122
v -0.159779325 -0.300119251 0.37070322
v -0.151462257 -0.301732481 0.245192587
v -0.141671687 -0.303841144 0.216722563
v -0.710801423 0.0593643822 0.132089958
v -0.298468411 -0.187261105 0.310432494
v -0.28544569 -0.208538443 0.297279865
v -0.28329879 -0.209038839 0.32976082
v -0.355035543 -0.18145059 0.20664531
v -0.38263756 -0.140335903 0.203810543
v -0.38995859 -0.160517767 0.170299336
v -0.132678047 -0.316913068 0.443026841
v -0.124410897 -0.324144006 0.468190789
v -0.14666608 -0.315666229 0.466183215
v -0.187960848 -0.296386898 0.54544884
v -0.180469528 -0.29681626 0.567017078
v 0.198429868 -0.27963388 -0.606753945
v 0.195351586 -0.256885678 -0.609427571
v 0.182920739 -0.272600681 -0.609642446
v -0.288120896 -0.273204744 0.0703033879
v -0.312622339 -0.273705631 0.0595642664
v -0.260595411 -0.261877 0.137008354
v -0.270083398 -0.251060545 0.161001861
v -0.0298262797 -0.337189704 0.478046387
v -0.0473844782 -0.330094308 0.452986449
v -0.0564636327 -0.337995052 0.478887826
v -0.130030274 -0.302568138 0.595252097
v -0.150059745 -0.281892598 0.605846047
v -0.0731964931 -0.33164984 0.463900208
v -0.0259148609 -0.346007437 0.502851903
v -0.000702986494 -0.334818244 0.468149662
v -0.0396842957 -0.324663222 0.426877379
v -0.0166132655 -0.324226111 0.405074984
v -0.0514512658 -0.32023713 0.399904132
v -0.198212117 -0.287984341 0.230146721
v -0.180498898 -0.294207215 0.257494509
v -0.207870036 -0.281992733 0.255544156
v -0.0493170395 -0.267057478 0.625866055
v -0.180697694 -0.161456525 0.629070103
v -0.217377052 -0.0586330406 0.629811168
v -0.245060831 -0.25279358 0.459126353
v -0.327861995 -0.109688357 0.570533633
v -0.314447105 -0.140212551 0.578897297
v -0.316828579 -0.115966797 0.59770757
v 0.177681461 -0.29195109 0.581519723
v -0.552410662 -0.103391796 -0.109739214
v -0.532404363 -0.129652873 -0.0946427062
v -0.513122559 -0.114219733 -0.106451482
v -0.616749048 -0.130128756 0.0795489773
v -0.611878514 -0.139738917 0.0561912507
v -0.640619934 -0.135710463 0.0684253275
v -0.273684293 -0.221602827 0.385878533
v -0.259608269 -0.239112765 0.408696443
v -0.251804024 -0.246537521 0.380459875
v -0.154894888 -0.301307172 0.325986058
v -0.122189298 -0.307571918 0.329241335
v -0.139918536 -0.304449886 0.353408933
v -0.667244196 -0.128869236 0.0828729346
v -0.669158995 -0.142056569 0.0546277016
v -0.244532719 -0.254828393 0.428272069
v -0.287316233 -0.201947853 0.361701041
v -0.270175606 -0.226286754 0.357636184
v -0.156100929 -0.314140975 0.496991694
v -0.18499355 -0.298080564 0.49114126
v -0.169810042 -0.304314643 0.464950442
v -0.299099386 -0.1910851 0.283121675
v -0.131302133 -0.32636866 0.509982646
v -0.514006674 0.115696117 0.115662783
v -0.475854993 0.119830839 0.117891088
v -0.251187384 -0.246895015 0.351641655
v -0.234010413 -0.261541009 0.341718882
v -0.227470711 -0.265848905 0.368258983
v -0.133005962 -0.316807657 0.573264539
v -0.158880711 -0.300661266 0.580491543
v -0.113806091 -0.313975871 0.397835582
v -0.139128834 -0.307143927 0.38400346
v -0.121793605 -0.309842974 0.371092677
v -0.155469894 -0.302915901 0.191347182
v -0.168966591 -0.300394565 0.167781293
v -0.181434706 -0.296080679 0.187756673
v -0.25500071 -0.240658581 0.538658679
v -0.539708197 0.123741716 0.110113971
v -0.265910357 -0.231941089 0.334751099
v -0.379501343 -0.0836806819 0.274826378
v -0.375840962 0.0058961059 0.303086281
v -0.107845828 -0.303502917 0.60386014
v -0.297034234 -0.182082281 0.513087332
v -0.287839919 -0.197721779 0.537131548
v -0.301351756 -0.176568761 0.540984154
v -0.308656812 -0.161737815 0.558813393
v -0.319475323 -0.140626088 0.549732208
v -0.312043399 -0.155606881 0.529748023
v -0.384044975 -0.0127023514 0.289033175
v -0.389038473 0.0190174337 0.279949576
v -0.231590286 -0.249072164 0.585862219
v -0.186843544 -0.283631712 0.58523953
v -0.194468737 -0.291365415 0.158567667
v -0.207039371 -0.28529954 0.1820658
v -0.0950835198 -0.293125004 0.61397922
v -0.0768994391 -0.327481896 0.589306593
v -0.0853780657 -0.311132431 0.603096783
v -0.19393672 -0.291393191 0.20527941
v -0.171345934 -0.297611356 0.218842953
v -0.228239581 -0.266743451 0.316904068
v -0.250716537 -0.24778223 0.325910211
v -0.222281709 -0.273963571 0.232695818
v -0.0830615833 -0.317702591 0.39886421
v -0.0968911499 -0.320222437 0.424450457
v -0.118278719 -0.31818229 0.425513446
v -0.0687698126 -0.324229211 0.430757642
v -0.0168927927 -0.348131925 0.562416255
v 0.00958097819 -0.351536304 0.545546889
v -0.016602939 -0.352396518 0.537363827
v -0.210472912 -0.280585438 0.541070879
v 0.0222383607 -0.297439367 0.618284345
v 0.00239861896 -0.317896426 0.606287837
v 0.0549222827 -0.283859938 0.622038543
v 0.0032182883 -0.22247082 0.63040334
v 0.0140360352 -0.261490077 0.629604757
v 0.0323345996 -0.240756527 0.629570782
v -0.244131282 -0.255682886 0.403953254
v -0.227769598 -0.268551558 0.414534688
v -0.232959494 -0.263887703 0.392258674
v -0.094796747 -0.310444862 0.34600994
v -0.0403718203 -0.293932647 0.617888987
v -0.0998115912 -0.331628799 0.474532306
v -0.119086236 -0.329247028 0.4899306
v -0.110031642 -0.3236112 0.447574735
v 0.0787644461 -0.320687473 0.411099553
v 0.072021991 -0.319638699 0.379596978
v -0.35478422 -0.0635840595 0.321327567
v -0.344377011 -0.0660458058 0.354412675
v -0.343700439 -0.0799261704 0.334346414
v 0.160617694 -0.294038117 0.254239768
v 0.11647512 -0.308338225 0.265771538
v 0.123622455 -0.304682434 0.228900641
v -0.23965621 -0.100787744 0.627242446
v -0.275879383 -0.0803444907 0.623417735
v -0.254935145 -0.0708508939 0.627104998
v -0.217025712 -0.200691655 0.622717559
v -0.211171955 -0.184347168 0.626208246
v -0.231280267 -0.170074239 0.623690844
v -0.666492164 0.0724410117 0.141127437
v -0.692426145 0.0710058659 0.138530895
v -0.207884371 -0.278104752 0.344734669
v -0.214855358 -0.280039042 0.20751214
v -0.155793011 -0.21494621 0.629445195
v -0.178827584 -0.218032256 0.626526833
v -0.174917147 -0.199076533 0.630053341
v -0.22319372 -0.271979541 0.446814716
v -0.205160648 -0.284945071 0.471160233
v -0.201761872 -0.28586325 0.448136896
v -0.234580517 -0.149036899 0.625950873
v -0.259676456 -0.154202282 0.620062768
v -0.116370894 -0.308598161 0.353454381
v -0.411391705 0.0411025397 0.169779047
v -0.430685252 0.0284272935 0.158877313
v -0.426698625 0.0563263744 0.152998984
v -0.163312659 -0.298351318 0.347536355
v -0.363116324 -0.100781478 0.287154764
v -0.357852846 -0.129991472 0.268196344
v -0.624708533 0.124409184 0.115377992
v -0.647950411 0.124618374 0.115846604
v -0.230335072 -0.267693788 0.257890582
v -0.267739952 -0.230356351 0.30823046
v -0.235409826 -0.262646735 0.285175741
v -0.369618922 -0.141936108 0.238727242
v -0.385698229 -0.120128848 0.226540104
v -0.666137755 -0.0781664774 0.129495576
v -0.688396871 -0.0866866708 0.106620461
v -0.682821989 -0.0643948019 0.133966461
v -0.15615581 -0.307531953 0.437785625
v -0.490303934 0.0145050082 0.15532276
v -0.470727235 0.0442368239 0.150281444
v -0.454726398 0.0160897933 0.156298503
v -0.25816825 -0.242081821 0.28300941
v -0.135990202 -0.323134333 0.486650288
v -0.178841323 -0.29385668 0.298289597
v -0.727336943 0.153141111 0.0290864669
v -0.210932404 -0.284984291 0.128871471
v -0.239873618 -0.285037786 0.0155361481
v -0.23892127 -0.27287814 0.125445873
v -0.258609027 -0.269039512 0.109193727
v -0.287214875 -0.213076442 0.244579375
v -0.293136388 -0.21531193 0.221133649
v -0.304799438 -0.19874993 0.237464294
v -0.249190718 -0.250090003 0.303645998
v -0.282370448 -0.230741888 0.202268839
v -0.260827422 -0.277499318 0.0663648397
v -0.326027244 -0.277058691 0.0417620838
v -0.448460579 -0.0886511132 0.138624132
v -0.437450051 -0.113705426 0.123211056
v -0.467318952 -0.104983315 0.11814861
v -0.394729763 -0.224847391 -0.130465448
v -0.400014192 -0.241917312 0.004127088
v -0.241813153 -0.281774163 0.0561529212
v -0.52943027 -0.10775964 0.11166656
v -0.538291216 -0.0897342116 0.126436919
v -0.554050326 -0.107168518 0.111509673
v -0.291234046 -0.237063453 0.175435454
v -0.202394098 -0.282756776 0.318118215
v -0.181772619 -0.291830957 0.332322776
v -0.13958168 -0.304947704 0.299369812
v -0.114225119 -0.309096336 0.307115912
v -0.11669521 -0.309706181 0.28963688
v -0.128603071 -0.306854814 0.266427398
v -0.35806039 -0.277568966 0.0310564321
v -0.372203976 -0.267152578 0.0506938845
v -0.291598469 -0.249773368 0.142488062
v -0.285745382 -0.261110574 0.113936797
v -0.318648785 -0.199768558 0.21846047
v -0.693491578 -0.0444863774 0.135767326
v -0.697948158 -0.0422710404 0.106153883
v -0.53395474 0.00131513737 0.159280449
v -0.555564225 0.00820819288 0.158162221
v -0.549006701 -0.0174197946 0.157742813
v -0.34809348 -0.115044527 0.295276612
v -0.337122411 -0.135489672 0.289754629
v -0.413252354 -0.111747831 0.157974675
v -0.573697507 -0.144671217 0.0244409163
v -0.604192734 -0.145565897 0.0280139521
v -0.582022429 -0.140062764 0.0503003076
v -0.372067064 -0.191249803 0.184045732
v -0.680176198 -0.0461791009 0.143363565
v -0.686134398 -0.0223852992 0.145266131
v -0.712271869 0.152838334 -0.0686112121
v -0.666085124 0.145722717 -0.0949646235
v -0.70409286 0.16819486 -0.0514082685
v -0.237603799 -0.128925458 0.627212286
v -0.33245042 -0.265066922 0.0869024545
v -0.343813866 -0.273961335 0.0542195067
v -0.376573116 -0.246395677 0.101126276
v -0.389723837 -0.212216809 0.123450488
v -0.271316767 -0.0541361347 0.625482023
v -0.426422715 0.08654055 0.139867529
v -0.416801065 0.108486578 0.133926108
v -0.408860385 0.0997770131 0.146765485
v -0.634839296 -0.0448811054 0.146222591
v -0.636840165 -0.0770208091 0.131626129
v -0.609844923 -0.0641051382 0.138924822
v -0.60044384 -0.089834258 0.123816602
v -0.603606939 -0.115807101 0.0998408124
v -0.627398252 -0.100844793 0.115101837
v -0.703500509 -0.109416336 -0.103569366
v -0.714329243 -0.077055119 -0.109293789
v -0.712461889 -0.121559724 -0.0851884335
v -0.723224878 -0.11079479 -0.0823596418
v -0.639612019 -0.118592791 0.0966689065
v -0.668972075 -0.111440971 0.103049375
v -0.137243062 -0.310885578 0.414566249
v -0.393391311 0.121344291 0.231971815
v -0.395924896 0.09270069 0.24688305
v -0.400574863 0.0926536843 0.220217705
v -0.54300189 0.105728954 0.121424451
v -0.569804132 0.095033057 0.128127709
v -0.643476367 0.109496392 0.12372379
v -0.629246175 0.0846382305 0.136457175
v -0.620336354 0.102374502 0.125953779
v -0.617188752 0.15223977 0.0828909129
v -0.607460141 0.0265746526 0.154657394
v -0.302999407 -0.266625941 0.0895394832
v -0.255499125 -0.232686952 0.568195045
v -0.278754443 -0.209295094 0.557482004
v -0.599703014 -0.0374043994 0.149652451
v -0.432032555 0.105985716 0.127066746
v -0.423581421 0.122253984 0.1274001
v -0.0774034336 -0.312844455 0.0659452602
v -0.0730856583 -0.312208325 0.0911274329
v -0.624000013 -0.112130642 -0.113133281
v -0.647108078 -0.0971401185 -0.122442916
v -0.63808763 -0.116091132 -0.110914752
v -0.325596303 -0.0974029973 0.593772948
v -0.313503921 -0.0975740775 0.607939065
v -0.638311923 -0.00133804441 0.155425772
v -0.608002782 -0.00321422843 0.155656442
v -0.610210598 0.0568443015 0.14671573
v -0.586675346 0.0399526469 0.152407512
v -0.655109823 -0.0968885869 0.116604321
v -0.583011389 0.0146611426 0.156799927
v -0.560040176 0.0354524925 0.153502733
v -0.564731658 -0.0411718562 0.150722653
v -0.581560791 -0.0654168949 0.139355496
v -0.641924739 0.06401667 0.145827234
v -0.654385567 0.0455628373 0.151424289
v -0.641283572 -0.146250218 0.0338924713
v -0.71137166 0.127068922 0.10253419
v -0.712648928 0.139829308 0.0915615037
v -0.383782208 0.203189075 0.18067041
v -0.373236865 0.189060211 0.209286213
v -0.3545582 0.214776024 0.192951426
v -0.289794892 -0.195569053 0.390459061
v -0.446005702 0.0434898809 0.152266741
v -0.531695247 -0.0421961322 0.150757059
v -0.526414752 -0.015534821 0.158130452
v -0.514862835 0.00105941785 0.158039287
v -0.275828958 -0.270022541 0.0895339325
v -0.0650171712 -0.311419517 0.118908085
v -0.582964063 0.158807963 0.0359401591
v -0.553628266 0.160556808 0.0319374576
v -0.575212836 0.153440461 0.0620185137
v -0.501171052 -0.0240985472 0.154971391
v -0.40497452 0.0111952275 0.21930714
v -0.40363422 0.0400819816 0.198786288
v -0.401468009 0.0456907824 0.233390197
v -0.400929809 0.0189774856 0.250649571
v -0.395817488 0.0405501984 0.262341857
v -0.504042566 -0.0589779206 0.14426586
v -0.397777736 0.149549544 0.207086295
v -0.386581242 0.16901125 0.215070397
v -0.380965501 0.151102647 0.2315588
v -0.474681973 -0.0905167162 0.12947011
v -0.476892442 -0.0726496652 0.139668614
v -0.50213927 0.0494754724 0.148444429
v -0.527444124 0.0246045161 0.155635208
v -0.50870961 -0.146819264 0.0144463973
v -0.488641381 -0.146237448 0.0307001937
v -0.0365719832 0.333860606 0.567508638
v -0.0117698899 0.338318408 0.562247515
v -0.382068455 -0.0608363897 0.282565087
v -0.367682606 -0.0737802014 0.29782933
v -0.325017393 -0.127142683 0.55595088
v -0.624744058 -0.0219186004 0.152784407
v -0.313229054 0.242154628 0.162856117
v -0.356216639 0.22795175 0.15838623
v -0.372858554 -0.0426313281 0.301709473
v -0.392179489 -0.0371919088 0.267754078
v -0.305512458 -0.115589768 0.609796762
v -0.283226907 -0.134068578 0.61460036
v -0.304335952 -0.134164184 0.601536512
v -0.321901053 -0.145302027 0.311372221
v -0.404157579 0.00241478649 0.241842881
v -0.403692067 -0.0189398732 0.236808851
v -0.35756588 -0.161879003 0.230208009
v -0.328763634 -0.175660953 0.246805087
v -0.576862633 -0.0134561229 0.156459257
v -0.293032587 -0.0995863602 0.617319763
v -0.267038792 -0.109946996 0.623255014
v -0.224944994 0.254550517 0.542773128
v -0.391195953 -0.0668112487 0.261527032
v -0.296917647 -0.173386395 -0.574840844
v -0.449449807 -0.0536211878 0.152387679
v -0.426519036 -0.0780982748 0.16028738
v -0.297792196 -0.17843549 0.491341382
v -0.299554914 -0.173090622 0.471815616
v -0.423403382 -0.0523542501 0.170504645
v -0.411799252 -0.0254441556 0.194170475
v -0.306573749 -0.06263154 0.613801062
v -0.45738107 0.0945352241 0.130085766
v -0.481790245 0.072030209 0.139958829
v -0.450759739 0.0663562492 0.144030869
v -0.294172406 -0.155629307 0.597917378
v -0.276528031 -0.163271084 0.609588623
v -0.299505621 -0.167362109 0.57940203
v -0.284640938 -0.199536338 0.481447458
v -0.299641997 -0.181735903 0.339946061
v -0.309297055 -0.166285232 0.32083568
v -0.299988806 -0.178220645 0.365496546
v -0.31325689 -0.150629252 0.344837755
v -0.0879846886 0.297253489 0.529732406
v -0.0848710984 0.321742207 0.564835548
v -0.111110933 0.307503343 0.563452303
v -0.206052691 -0.284651518 0.495676607
v -0.315665215 0.0863293558 0.6052742
v -0.292860925 -0.0294379387 0.623109818
v -0.264784157 -0.0258123055 0.628854394
v 0.0278912541 0.342634737 0.599185467
v -0.0851873606 0.332923621 0.602808237
v -0.0908203572 -0.310554981 0.31708768
v -0.295692295 0.186713666 0.56770879
v -0.291008234 0.187493876 0.500450194
v -0.309824944 0.164683923 0.570092916
v -0.306315213 -0.161027968 0.387139618
v -0.329547286 -0.108041033 0.360068083
v -0.18461588 -0.241684586 0.617666543
v -0.160125896 -0.241091236 0.623930097
v -0.123651646 0.213747025 0.626942039
v -0.168186381 0.22443597 0.628029346
v -0.20498246 0.215674013 0.622224808
v -0.277459443 0.0287178177 0.627520144
v -0.250716358 0.00517146476 0.630819559
v -0.252049357 0.04481031 0.630321443
v -0.273957461 0.0615871288 0.625991464
v -0.329049796 0.142289892 0.528464735
v -0.324672669 0.146372691 0.575300097
v -0.333836019 -0.0807199106 0.582889795
v -0.338262081 -0.083891578 0.551881433
v -0.673456967 0.0125089297 -0.132033527
v -0.699020743 -0.0178664662 -0.13404502
v -0.342217416 -0.0526296943 0.563395798
v -0.339403272 -0.151133701 0.266499341
v -0.350971758 -0.154373899 0.250178635
v -0.348364502 -0.092636466 0.316321969
v -0.258444756 -0.132925332 0.623411655
v -0.569499433 0.163885519 0.0159700103
v -0.471918672 0.166459441 -0.0276443772
v -0.323402435 -0.0801508725 0.60066098
v -0.330495089 -0.0593917817 0.594835162
v -0.324983388 -0.0455861762 0.604707599
v -0.713579595 0.0677936152 0.0350088924
v -0.345856249 0.0135861915 0.568902075
v -0.693466187 -0.0647200942 0.127347708
v -0.71713835 0.173377335 -0.0235337634
v -0.723315537 0.174676225 0.00109434023
v -0.347318262 -0.0328136645 0.515496373
v -0.341761529 -0.0532046482 0.421858549
v -0.200818509 -0.291989505 0.100117996
v -0.302878439 0.138655931 0.605732977
v -0.156280428 -0.301301509 0.273172438
v -0.386655986 0.110406779 0.256468385
v -0.354700595 0.0593060814 0.39676705
v -0.353492141 0.00856261421 0.382315755
v -0.283348352 -0.00119473366 0.62716651
v -0.303331852 -0.00804963522 0.620098472
v -0.288303167 0.137824953 0.612715423
v -0.278561175 0.203193277 0.583625019
v -0.265478283 0.223576561 0.568809271
v -0.269565821 0.136643142 0.62002337
v -0.259274423 0.120998509 0.624510348
v -0.161398336 0.207611144 0.628303587
v -0.337189674 0.0771081522 0.5809111
v -0.25111407 0.182336658 0.618306398
v -0.183864653 0.312972635 0.607770681
v -0.169593677 0.283355474 0.614306867
v -0.160200596 0.323707253 0.606842637
v -0.228428632 0.267217785 0.613079786
v -0.227093592 0.265508324 0.599198103
v -0.147820845 0.33404547 0.598179698
v -0.128522426 0.331756175 0.588187635
v -0.161359534 0.320094466 0.590608835
v -0.179347068 0.321135312 0.600059927
v -0.513043463 0.0759842247 0.137955546
v -0.494237542 0.0954199657 0.127810061
v -0.207239226 0.0509596281 0.630801499
v -0.252990186 0.232138872 0.605554461
v -0.248655319 0.255879194 0.608499825
v -0.227938935 0.252409101 0.615547836
v -0.351213992 0.197276205 0.213596582
v -0.373089939 0.110546708 0.271765828
v -0.374676228 0.131677732 0.253192216
v -0.677337646 -0.149384111 0.0226552412
v -0.694662213 -0.14482446 0.0420652404
v 0.211944938 0.276963115 0.515147328
v 0.214670077 0.288237184 0.565261602
v 0.0934232473 0.281087935 0.620441854
v 0.0706949309 0.288320303 0.620761633
v 0.0700025558 0.264779776 0.624717057
v 0.25517875 0.256402194 0.5573259
v 0.262603372 0.244586185 0.529792666
v 0.263471097 0.238741457 0.560454369
v 0.0130183557 0.139975458 0.628602266
v 0.0221515205 0.247959912 0.626144707
v -0.054026112 0.243322477 0.625382483
v 0.233821049 -0.288669586 0.00885468815
v 0.239627779 -0.287059158 0.0418222025
v 0.217716917 -0.291100234 0.0210068449
v -0.0349279121 0.293870658 0.619796872
v 0.175592795 0.304192513 0.592594087
v 0.153147921 0.306057572 0.601096869
v 0.172783121 0.291444719 0.603247225
v -0.156594321 0.293174833 0.561854541
v -0.723177731 0.100378752 0.115240097
v -0.713988364 0.113601349 0.112431481
v -0.249447092 0.246979475 0.591920793
v -0.437039465 0.158551142 0.109275445
v -0.310870707 0.222735181 0.0714071393
v 0.0750464201 0.329592049 0.604842961
v 0.0654340312 0.307624698 0.615802705
v 0.0470748171 0.323960155 0.61159873
v -0.145322517 0.312232286 0.245432481
v 0.0510450639 0.336759955 0.606142342
v 0.0328644551 0.342314392 0.563448548
v 0.0964019895 0.316375375 0.52116847
v 0.0242887381 0.330145627 0.545508027
v 0.0391055718 0.293668091 0.621021152
v -0.000141269862 0.320038259 0.613334537
v -0.267180949 -0.225419462 0.493926406
v 0.265404105 0.222924203 0.425920039
v 0.292842299 0.193650246 0.42951405
v 0.273529977 0.222457945 0.471154153
v -0.368753552 0.0588842072 0.314929217
v -0.35929963 0.0859235153 0.334667385
v -0.363859892 0.0454048365 0.331296086
v -0.299869686 0.0387904234 0.619089544
v -0.319379181 0.0460260473 0.608194768
v 0.0853251666 0.304999858 0.614199519
v -0.293323547 -0.18427071 0.452321142
v 0.0635447428 0.226494983 0.626914263
v -0.0517972074 -0.307623148 -0.23963967
v -0.501591086 -0.0939715877 0.123627111
v -0.511661947 -0.11989148 0.0970162079
v -0.0021690377 0.353797168 0.572988868
v 0.0502272211 0.347647548 0.574972034
v -0.34262529 0.171285853 0.250547677
v -0.30278343 0.200438127 0.248188481
v -0.338900924 0.187941492 0.226873368
v 0.0812669396 0.292881846 0.46482861
v 0.215355381 0.242075384 0.387496531
v -0.00554856006 0.288062632 0.398882329
v 0.153018996 0.289475083 0.610270262
v 0.312603921 0.187924117 0.265001923
v 0.333260238 0.180636749 0.243909508
v 0.320950001 0.204621285 0.232968181
v -0.44362253 0.123344295 0.121547543
v -0.425494164 0.142417476 0.12883088
v -0.535818517 0.0570580959 0.146329135
v 0.343865246 0.193727359 0.226486698
v 0.401272416 0.226444498 0.14786543
v 0.396563411 0.216369286 0.17276229
v 0.395028591 0.241618842 0.164320618
v 0.315553635 0.180313662 -0.31516093
v 0.284397572 0.209237173 -0.339186013
v 0.291149944 0.201556355 -0.361563504
v -0.158041418 0.263669163 0.494986117
v -0.189885169 0.281987786 0.143944576
v -0.266717583 0.238840774 0.219409689
v -0.174110204 0.298975915 0.2105553
v -0.100486241 -0.309939653 0.273759902
v 0.315449089 0.157544404 0.454566747
v 0.328392386 0.133899763 0.455170274
v 0.319984794 0.148386374 0.425214708
v 0.153241262 -0.29588294 0.211702526
v 0.196318254 -0.279584736 0.201618329
v -0.255818874 0.206376061 0.610846758
v -0.57230413 0.0646669567 0.143359855
v -0.542902052 0.0829964131 0.134575948
v -0.340173602 0.117170423 0.410260081
v -0.318873197 0.154551566 0.35568586
v -0.232240692 0.228139281 0.328446209
v -0.338013202 0.14700368 0.286916673
v -0.33078301 0.12824367 0.566623449
v -0.446919352 -0.0892652199 -0.117794849
v -0.404027432 -0.111018308 -0.173805043
v -0.324495435 -0.128148645 0.33298704
v -0.302315205 -0.194086462 0.258280247
v -0.400823802 0.115922883 0.200357258
v -0.324006349 0.0626479909 0.602591574
v -0.713852525 0.167002186 0.0468837693
v -0.707586884 0.175064474 0.0157305785
v -0.725614071 0.170215189 0.0190580506
v -0.479171455 -0.0465335138 0.150144279
v -0.595763683 0.110825092 0.119365677
v -0.710033178 0.0915920585 0.128504694
v -0.634650826 0.0433854535 -0.151325241
v -0.521508217 0.095699884 0.127336025
v -0.653563976 0.0914479271 0.133307561
v -0.462924957 -0.108252987 -0.103035696
v -0.616786718 0.163784549 0.0367445163
v -0.58506608 0.15585652 -0.0489897206
v -0.69905144 0.0384458192 0.1450039
v -0.371497363 0.170900062 0.226377591
v -0.356882453 0.181609556 0.224766478
v -0.647184908 -0.0200397614 0.152669072
v -0.664900124 -0.0320352353 0.148928717
v -0.701192439 -0.110914558 0.0877671614
v -0.704551637 -0.120871209 0.0590835437
v -0.703692436 -0.0934471786 0.0633851439
v -0.579135656 -0.105795987 0.111808509
v -0.571291745 -0.121015787 0.0941785127
v -0.525887728 -0.0707549527 0.138511315
v -0.436670333 0.00531288236 0.159888566
v -0.566754699 -0.0885816365 0.126341566
v -0.703240991 0.154982388 0.0778932944
v -0.721892476 0.15056552 0.0680067018
v -0.564182758 -0.147355959 0.000762220647
v -0.538897276 -0.148391455 -0.00850523263
v -0.568116903 -0.149354562 -0.0299932398
v -0.60049212 0.085315533 0.134238452
v -0.536695361 0.158617869 0.0405886546
v -0.534570754 -0.149881229 -0.0328775495
v -0.532174826 -0.0832143947 -0.114825808
v -0.505819976 -0.077495046 -0.114925228
v -0.561976552 -0.0394412726 -0.139222592
v -0.371557355 -0.183097199 -0.173815548
v -0.340469718 -0.197930858 -0.201358899
v -0.346778125 -0.211078897 -0.186756462
v -0.484909445 -0.117563896 0.102796294
v -0.485405833 -0.133842275 0.0758620501
v -0.525451124 -0.134269565 0.0678482875
v -0.500442266 -0.142051801 0.0456893593
v -0.398019642 -0.00462838169 0.261439294
v -0.70066458 -0.138135642 0.00952167436
v -0.686770022 -0.151451826 -0.0080077881
v -0.592665911 -0.0801043585 -0.122123145
v -0.584039152 -0.115778871 -0.106243663
v -0.714265585 0.0535546169 -0.0789750442
v -0.721032739 0.163146257 -0.0494882688
v -0.701139629 0.132360324 -0.104065582
v -0.646998942 0.126682311 -0.138752699
v -0.642986536 0.159165084 0.0724650547
v -0.675624549 0.166330546 0.0516253673
v -0.710057378 0.0251602232 -0.00266310666
v -0.716343522 0.124849938 -0.0917078406
v -0.334475428 0.00260359072 -0.607227385
v -0.3315458 0.035447821 -0.631236255
v -0.320398152 0.00376574323 -0.628783286
v 0.403579533 0.174654156 -0.144329041
v 0.401961982 0.207923681 -0.147489339
v 0.401688933 0.191146985 -0.168161437
v -0.333519578 -0.0262638703 -0.600964963
v -0.717340469 -0.121123128 -0.0605315529
v -0.712536573 -0.0846470818 -0.0159742851
v -0.706402123 -0.134347618 -0.0414241888
v -0.349529535 -0.174287274 -0.203521192
v -0.316998303 -0.204830125 -0.222655609
v -0.653615117 0.0922611505 -0.149455115
v -0.263615727 0.202189937 -0.44481951
v -0.478375912 0.0838248804 -0.237970695
v -0.330700934 0.174277604 -0.447399676
v -0.702489793 -0.049261339 0.0556329675
v -0.698228598 -0.0721377954 -0.127995551
v -0.485415459 -0.102217153 -0.108290248
v -0.487050056 -0.130321726 -0.0932895318
v -0.337592125 0.0370946564 -0.592763364
v -0.65886867 -0.108268544 -0.115481041
v -0.545736372 -0.146754399 -0.0556577221
v -0.260386586 -0.234083936 -0.469303012
v -0.707149804 0.0999536142 -0.114719734
v -0.597227037 -0.1485506 -0.0530558489
v -0.57234484 -0.14519009 -0.0619637407
v -0.598298132 -0.150864378 -0.0277355295
v -0.513186097 -0.133743703 -0.0898325145
v -0.639825761 -0.152625352 -0.0221464671
v -0.650564432 -0.151113063 -0.0494128391
v -0.621574521 -0.15162167 -0.0406391285
v 0.33000806 0.135470957 -0.369030267
v 0.332643867 0.126257077 -0.342081815
v 0.339372039 0.106701978 -0.36738649
v -0.667761683 -0.141451895 -0.0771663636
v -0.679395616 -0.148601294 -0.0519124679
v -0.628988326 -0.14333421 -0.0730614439
v -0.693258703 -0.0463105813 -0.137244403
v -0.690941393 -0.130562916 -0.0912276953
v -0.697904706 -0.139807686 -0.0662905648
v -0.250628769 -0.245751932 -0.595973134
v -0.170848951 -0.0228318293 -0.565861762
v -0.706994236 -0.131458849 0.0320375301
v -0.242205098 -0.253380895 0.54632175
v -0.402916402 -0.151640937 -0.0951211676
v -0.672703743 -0.130146325 -0.0967811272
v -0.434302062 -0.163488418 0.0340503789
v -0.439020365 -0.159084424 0.0582521521
v -0.466323227 -0.146559939 0.0436159931
v -0.472479939 -0.0820235908 -0.111597821
v -0.692658663 -0.149336919 -0.0331058055
v -0.703469038 -0.136671782 -0.0182311721
v -0.695976496 -0.146143302 -0.0490137748
v -0.651762903 -0.129833341 -0.0992663279
v -0.125704646 -0.222717226 0.629526913
v -0.68444699 -0.0250904746 -0.143506408
v -0.656865716 -0.00695157796 -0.137868449
v -0.527070165 -0.141772211 0.0389233604
v -0.277293861 -0.245896429 -0.193358526
v -0.295270264 -0.241802946 -0.17808637
v -0.541845262 -0.121900886 0.0934527069
v -0.252370507 0.147148192 0.623663008
v -0.454440922 -0.129500464 0.0968066156
v -0.454210013 -0.144960657 0.0723120049
v -0.560348451 -0.132730335 0.0717269704
v -0.403827429 -0.0858406574 0.197667584
v -0.455191821 -0.146639407 -0.0608933121
v -0.419756263 0.00685366569 0.170183197
v -0.544734061 -0.144849032 0.018854389
v -0.4143278 -0.188456729 0.0283408388
v -0.238819137 -0.25349021 -0.429185241
v -0.325861812 -0.0585301928 -0.608661413
v -0.414113045 -0.133206546 0.135122254
v -0.294939458 -0.251974314 -0.156367123
v -0.298008889 -0.281115115 0.00560206361
v -0.270199448 -0.130280077 -0.608455598
v -0.26612556 -0.229220197 -0.537404716
v -0.180811435 -0.149372756 -0.527891517
v -0.173199192 -0.100785464 -0.521404326
v -0.150251523 -0.124247789 -0.526308
v -0.223907202 -0.194434032 -0.58911413
v -0.427012265 -0.13763161 0.112509042
v 0.309555352 0.170414612 0.360235214
v 0.283533424 0.199540362 0.370051384
v -0.278380394 -0.230595857 -0.292778343
v -0.171707153 -0.293527812 -0.280523747
v -0.107473709 -0.109304897 -0.5334059
v -0.330519408 -0.240844309 -0.160308033
v -0.134564802 0.126641572 -0.543825865
v -0.127863735 0.152796552 -0.547135353
v -0.112030171 -0.306646734 -0.160646722
v -0.17777206 0.0788479373 -0.570628226
v -0.159781381 0.0945954397 -0.556042314
v -0.194250152 0.114481285 -0.580015302
v -0.327895969 -0.138669699 -0.603533328
v -0.315161586 -0.149045125 -0.586597204
v -0.331784934 -0.115049213 -0.589109838
v 0.310794473 0.161156431 -0.619737744
v 0.301844239 0.156747833 -0.635800302
v 0.281753808 0.190836608 -0.635065436
v -0.0530451424 -0.301379412 -0.298116535
v -0.234242305 -0.15631178 -0.583246708
v -0.195105106 -0.0800459906 -0.558711648
v -0.0705133379 -0.319026738 -0.44513765
v -0.0472724251 -0.317174554 -0.431353211
v 0.00138439063 -0.308803588 -0.320358276
v -0.00161905843 -0.307720393 -0.341265589
v -0.208282053 -0.219310105 -0.588940024
v -0.294758886 -0.130089134 -0.610801995
v -0.271514684 -0.230001062 -0.377152413
v -0.146185786 0.0397001132 -0.550445497
v -0.151994258 0.0657637045 -0.552682877
v -0.293512315 -0.0287873726 -0.622716367
v -0.124926999 -0.302599519 -0.277707368
v -0.317643851 -0.147020489 -0.605292916
v -0.154318646 -0.308699548 -0.0478976555
v -0.148622379 -0.29882291 -0.279535323
v -0.341650367 -0.0563147813 -0.512456954
v -0.314416438 -0.160630465 -0.406046778
v -0.140421093 -0.298975617 -0.193152994
v -0.369060129 -0.214177087 -0.168452591
v 0.119989634 -0.307172 0.0656156391
v 0.0981791243 -0.312924981 0.0451236181
v 0.124831557 -0.307307303 0.0408525132
v 0.288868785 0.206538245 -0.537883461
v -0.279969066 0.248569354 0.183453873
v -0.0588685758 0.0851887539 -0.460002452
v -0.0572305992 0.0754237399 -0.437660426
v -0.271921277 0.233719975 -0.611339033
v -0.230556712 0.261389434 -0.569025815
v -0.291559219 0.204408243 -0.540804923
v -0.331708223 0.0581123419 -0.631999254
v -0.0246932562 0.265715688 -0.589153588
v -0.0386912189 0.246587977 -0.57335043
v -0.0190148186 0.243305594 -0.569204867
v -0.322703451 0.0890498757 -0.605426908
v -0.0859016404 0.07190945 -0.507597029
v -0.0937753022 0.102419034 -0.519905508
v -0.0700773373 0.102785699 -0.501894712
v -0.147188157 -0.075273335 -0.521878958
v -0.18876195 0.176504627 -0.585739553
v 0.339256585 0.0898554772 -0.530609071
v -0.210619688 0.165612251 -0.594195545
v -0.19486028 0.153453335 -0.580549061
v -0.313361913 0.15493162 -0.613612115
v -0.280358493 0.208715662 -0.624940395
v -0.23791419 0.135215834 -0.609306812
v -0.232321024 0.169574156 -0.61337924
v -0.182164922 0.318642616 -0.59902215
v -0.168497384 0.294320047 -0.562193215
v -0.155465364 0.322220713 -0.587291181
v -0.155813441 0.336758584 -0.603438258
v -0.202233344 0.26759392 -0.627791822
v -0.20490405 0.308561027 -0.61368674
v -0.242807016 0.268347412 -0.616701007
v -0.134049863 0.308461785 -0.630211413
v -0.148630664 0.273207307 -0.622738838
v -0.104030319 0.28488934 -0.617558658
v -0.125280067 0.339684486 -0.589072764
v -0.0786818787 0.20994556 -0.557830215
v -0.117676191 0.221793875 -0.576238573
v -0.138298735 0.244665116 -0.602033079
v 0.113249287 0.192845225 -0.476249754
v 0.168434978 0.0978826657 -0.479598403
v 0.0765955374 0.139169708 -0.487344414
v -0.716529191 0.121302381 -0.112353832
v -0.227080718 0.291566193 -0.607429743
v 0.210392565 0.168246612 -0.423384845
v 0.207255244 0.18558526 -0.451082617
v 0.203565836 0.185106322 -0.418099999
v -0.0555584207 0.357281655 -0.588043451
v -0.038389571 0.347646683 -0.579128325
v -0.0288249906 0.361955255 -0.587170064
v -0.123144716 0.266293675 -0.611861944
v -0.106125198 0.174179971 -0.548457563
v -0.0673941672 0.161104828 -0.53204757
v -0.103817485 0.135163784 -0.534650385
v 0.401269555 -0.186858341 0.128942117
v 0.404511571 -0.160604775 0.121181734
v 0.407737345 -0.174678326 0.0917676911
v -0.0877839178 0.351059496 -0.591805696
v -0.100347258 0.33687517 -0.576899469
v 0.0352468602 0.337208927 -0.614793599
v -0.0392873995 0.358228922 -0.603484869
v -0.0446882844 0.329331279 -0.6229738
v -0.0530554987 0.00933573861 -0.489345461
v -0.0422511883 -0.0245414674 -0.504214287
v 0.39986828 0.186040178 -0.191246301
v 0.40294075 0.160161927 -0.175932229
v 0.342645496 0.0637747124 -0.487574935
v 0.342983454 0.0509180091 -0.505970418
v 0.344038337 0.0388276763 -0.4860425
v 0.171276227 0.207566649 -0.427615464
v 0.19003053 0.197267115 -0.428167701
v 0.180672169 0.206443101 -0.451070815
v -0.142155886 0.106451251 -0.54461652
v -0.120184608 0.104353614 -0.533731461
v -0.16007863 0.121172778 -0.556677163
v -0.0593120009 0.290018648 -0.610501826
v -0.0806686804 0.268480569 -0.599839449
v -0.113389395 0.0083100535 -0.527879119
v -0.100270435 0.0395902246 -0.51888448
v -0.129891992 0.023193134 -0.539166868
v -0.0866925642 0.0519712642 -0.507327378
v -0.297114164 -0.160705179 -0.599318326
v -0.0759105012 0.126524702 -0.518735409
v 0.180483088 0.197157949 -0.405096084
v -0.097143881 0.341012448 -0.626278937
v -0.0783559307 0.337386072 -0.632072985
v -0.0884271041 0.321223289 -0.629519701
v 0.152625084 0.269891202 -0.620943248
v 0.128421813 0.260594666 -0.605455756
v 0.149717376 0.251195967 -0.607451379
v 0.40149036 -0.0931949094 -0.204244807
v 0.400647521 -0.122103147 -0.201263145
v 0.392616034 -0.117677182 -0.231165409
v -0.320631981 0.0502362996 -0.633648455
v -0.278694361 0.042027045 -0.62208271
v -0.0770546198 0.318175495 -0.559360564
v -0.148130536 -0.0435648523 -0.530402362
v -0.137401074 -0.0145667167 -0.538831949
v -0.129807845 -0.047025159 -0.525345385
v -0.394765705 0.177040279 0.193452045
v -0.403687775 0.163439453 0.183802798
v 0.0625717491 0.104106098 -0.471324325
v -0.0231493525 0.296142608 -0.60969758
v 0.00974396802 0.277186871 -0.596886516
v -0.00303745107 0.125119627 -0.487948239
v 0.31380266 0.168678507 -0.588786483
v 0.30301398 0.191101849 -0.571921706
v 0.313646972 0.165145323 -0.551504076
v -0.107741229 0.257013917 -0.598362207
v -0.0366549678 0.224600986 -0.558025718
v 0.307080328 0.177765071 -0.524781823
v 0.320824802 0.151292533 -0.520743191
v -0.215557933 0.0725485906 -0.595366955
v 0.00501698814 0.308140397 -0.613881946
v -0.05320042 0.102449983 -0.476823986
v -0.0424794108 0.0910680443 -0.445871085
v 0.352829427 0.180895299 -0.263471395
v 0.366396308 0.16366744 -0.260639995
v 0.35128811 0.15359731 -0.279430509
v -0.0536256097 0.0237999838 -0.459682614
v -0.0887587741 -0.00616924744 -0.521566808
v -0.0753329694 0.00550624309 -0.50591141
v -0.0294558629 0.111156732 -0.473110646
v -0.0372110344 0.19346714 -0.541368544
v -0.0545897037 0.0661580563 -0.418614835
v -0.0491325259 0.0778780207 -0.425829828
v 0.0370883644 0.350643218 -0.575857699
v 0.00332482159 0.359282434 -0.584258318
v 0.0143090766 0.337618858 -0.561091065
v 0.0353381373 0.363733798 -0.596095681
v 0.383967876 0.220415264 -0.210448891
v 0.372253805 0.240766302 -0.194159508
v 0.39625746 0.219338343 -0.179131538
v -0.0847286433 0.30190146 0.283165127
v 0.074132286 0.311123669 0.224900141
v -0.0501638539 0.051007282 -0.401099116
v -0.0547399521 0.0503196195 -0.408930123
v -0.0174307618 0.159560218 -0.520584643
v -0.00357647589 0.187650546 -0.534853995
v -0.179200664 0.138336599 -0.569748461
v -0.399905115 0.177335858 0.151541322
v -0.0105418721 0.350507528 -0.576730907
v -0.0163020883 0.334475487 -0.565874338
v 0.1747576 0.190534025 -0.382636279
v 0.156446815 0.197507188 -0.391780168
v 0.402723789 0.113612346 -0.202331498
v 0.400625259 0.0980849341 -0.222592279
v 0.402519554 0.087673068 -0.190801606
v 0.723352075 0.0854825824 -0.0366136543
v 0.714047551 0.121362068 -0.0550319925
v 0.306661338 0.189719334 -0.421086371
v 0.382408291 0.159574509 -0.245961457
v 0.375878483 0.141849041 -0.260393411
v 0.390755922 0.138065696 -0.242506206
v 0.330547184 0.182470605 -0.285200387
v 0.0817924216 -0.300461441 -0.596059501
v 0.105312429 -0.310283333 -0.601397693
v 0.0866694674 -0.277522773 -0.590690196
v 0.316996843 0.165993035 -0.465397477
v 0.343646556 -0.00449605938 -0.509592056
v 0.341525048 -0.0236573946 -0.489857078
v 0.230790436 0.14846088 -0.485726863
v 0.22918728 0.165474817 -0.507702112
v 0.683963537 0.0543123335 -0.14227429
v 0.702769518 0.0436269194 -0.145779103
v 0.22430487 -0.282611728 0.101424783
v 0.253216922 -0.277346969 0.0950948372
v 0.240640551 -0.283252686 0.0748692974
v 0.269695878 -0.280232519 0.0686825365
v -0.362738132 0.064591296 -0.51351589
v 0.303259224 0.194517702 -0.591485262
v 0.333728939 0.119189076 -0.486364573
v 0.339229435 0.0914966017 -0.495524377
v 0.33223483 0.120929159 -0.517080605
v 0.345437497 0.0548980907 -0.458166987
v 0.348966151 0.0539911389 -0.42395243
v 0.345694661 0.0783341825 -0.437955081
v 0.268378109 0.232358605 -0.553922236
v 0.225487873 0.241683051 -0.634055495
v 0.268080711 0.237214953 -0.621983111
v 0.156379297 0.226737887 -0.520983458
v 0.138780162 0.222986698 -0.490944862
v 0.130082756 0.233919948 -0.517506123
v 0.0941471681 0.335038543 -0.546606481
v 0.0629066527 0.346444666 -0.569063008
v 0.0635022447 0.322434515 -0.530583441
v 0.0209298115 0.147373557 -0.507727504
v 0.0324967727 0.128556401 -0.488482684
v 0.106225684 0.237358406 -0.534671009
v 0.112796806 0.245853424 -0.558793128
v 0.0890513957 0.248210922 -0.561831057
v 0.134538427 0.242727846 -0.571494937
v 0.105861194 0.25636822 -0.583957195
v 0.135977849 0.248625219 -0.593349576
v 0.405262172 0.147432253 -0.126627982
v 0.402938634 0.221148118 -0.0785424262
v 0.403252095 0.21349898 -0.102573507
v 0.322045892 0.15774253 -0.339963287
v 0.40134418 0.23922421 -0.100271836
v 0.401877254 0.224846423 -0.124339215
v 0.398210198 0.255097449 -0.126416549
v 0.0236874893 0.230513275 -0.558502078
v 0.0359038636 0.208575964 -0.540148497
v 0.0101576885 0.207979575 -0.544304729
v 0.086366266 0.351289064 -0.595075369
v 0.0684355497 0.363354474 -0.587776184
v -0.0697770491 0.341796875 -0.577916026
v -0.178424492 0.328825027 -0.611099958
v 0.341608793 -0.190796226 -0.220871061
v 0.365973949 -0.184693813 -0.212082282
v 0.360064358 -0.201938584 -0.195766971
v -0.127044037 0.26936236 -0.51252532
v -0.168431461 0.250486404 -0.472246975
v -0.0850643814 0.252691954 -0.442606837
v 0.186695188 0.260267437 -0.402386248
v 0.137576997 0.311932176 -0.499974847
v 0.038231235 0.285155326 -0.463585556
v 0.0482584573 0.33030656 -0.552537501
v 0.299263299 0.0930669755 -0.614055753
v 0.31629312 0.0966315642 -0.616223693
v 0.0777190104 0.264205664 -0.588732779
v 0.261111528 0.189021096 -0.636587679
v 0.258054614 0.159607247 -0.619635701
v 0.241645172 0.200655565 -0.632805586
v 0.350055337 -0.0295046158 -0.385036051
v 0.534317672 -0.0377222337 0.151628181
v 0.564998925 -0.0284058563 0.15429984
v 0.553269625 -0.0520047583 0.147776306
v 0.296945959 0.201433808 -0.624010623
v 0.222481117 0.205705985 -0.619770706
v 0.177268788 0.253935456 -0.625111639
v 0.192192003 0.260330528 -0.633232117
v 0.191387519 0.237329677 -0.619264364
v 0.168006942 0.247844458 -0.615611553
v 0.0793548822 0.257283598 -0.577505887
v 0.0650865287 0.259794086 -0.580547631
v 0.344277024 0.0262320228 -0.515368998
v 0.688675463 0.00290112593 -0.157030106
v 0.706791103 0.0132011445 -0.149957091
v 0.694236755 0.0257249959 -0.15582934
v 0.305101514 0.116339311 -0.623058677
v 0.309526891 0.13581115 -0.628268182
v 0.260688692 0.1179628 -0.579680026
v 0.336363852 -0.0384576768 -0.608038485
v 0.340411842 -0.051004298 -0.595037937
v 0.344631225 -0.0273994375 -0.58468473
v 0.342712075 -0.0309256949 -0.520898402
v 0.351288617 0.0283791646 -0.40236187
v 0.350512624 -0.00453397539 -0.405335158
v 0.352869034 0.0316511914 -0.367387503
v 0.343325138 0.0974500626 -0.337891728
v 0.338831484 0.119219668 -0.322194695
v 0.34159115 0.0708657578 -0.510045052
v 0.322387338 -0.114479825 -0.597083509
v 0.322973877 -0.144304112 -0.584712386
v 0.319110125 -0.133598983 -0.600049734
v 0.395525753 -0.143935263 -0.207628459
v 0.345745087 -0.0259205997 -0.553870797
v 0.343919694 -0.0501728207 -0.570387959
v 0.288999647 0.150748879 -0.633030117
v 0.334762037 -0.0984720886 -0.576799572
v 0.277169287 -0.0280908775 -0.586246669
v 0.251656532 0.0216409937 -0.554908514
v 0.27336514 0.00833292119 -0.581169009
v 0.292529553 0.0362349525 -0.598320246
v 0.326928556 0.0419875272 -0.61610502
v 0.348357111 0.0704849437 -0.36196211
v 0.392379642 0.199418083 -0.209290713
v 0.326009244 0.147768512 -0.444459289
v 0.321870208 0.157720342 -0.370776951
v 0.178321347 0.18006818 -0.377942294
v 0.194675311 0.177309588 -0.394505292
v 0.185176805 0.169832289 -0.384541899
v 0.368660867 0.122324936 -0.276857823
v 0.674525976 0.0174828619 -0.153275788
v 0.681987822 0.037434224 -0.151250109
v 0.638194382 0.0329366252 -0.130264431
v 0.31520173 0.166253224 -0.493320972
v 0.326440811 0.143463314 -0.474348187
v 0.326770544 0.140054822 -0.498391062
v 0.414317876 -0.117783442 -0.123883165
v 0.71466893 0.0579223968 -0.126785621
v 0.716276824 -0.0395336188 -0.134462714
v 0.196470991 0.153191909 -0.411902279
v 0.334582657 0.121990137 -0.459266543
v 0.338660896 -0.046299234 -0.49759528
v 0.333834291 -0.0688072965 -0.49284485
v 0.337377131 -0.0504265577 -0.467672199
v 0.342840046 -0.0392350554 -0.436284214
v 0.343643397 -0.0180746261 -0.460163236
v 0.347336322 -0.0112261288 -0.431757152
v 0.343805611 -0.00569529366 -0.60342288
v 0.349738002 0.0591506138 -0.393567771
v 0.347765803 0.0770263672 -0.413381279
v 0.358670026 -0.0890712664 -0.302337289
v 0.368509144 -0.104518421 -0.277020872
v 0.378580838 -0.0745065883 -0.281514019
v 0.347941548 0.0346572623 -0.441362649
v 0.693725824 0.109497458 -0.102612205
v 0.660992086 0.118241154 -0.081535764
v 0.684959173 0.135288373 -0.071202442
v 0.336527199 0.121089093 -0.431338251
v 0.401990712 0.0441158712 -0.171806201
v 0.402384877 0.0198423285 -0.177865967
v 0.346098363 0.0060528242 -0.574227691
v 0.345574021 0.00105213153 -0.537593424
v 0.350068271 0.0351457745 -0.42340064
v 0.349517196 0.0161617901 -0.426156014
v 0.401211292 0.049559515 -0.2298619
v 0.391771168 -0.0512513891 -0.270395249
v 0.391842514 -0.0214696694 -0.276459277
v 0.400108874 -0.0336255133 -0.252614886
v 0.366863757 0.076747641 -0.30237484
v 0.379981518 0.0483680144 -0.292302817
v 0.506582201 -0.15180172 -0.0463882349
v 0.537539065 -0.148764551 -0.0551230833
v 0.504610658 -0.142660037 -0.0707643926
v 0.276590317 -0.209622964 -0.61109066
v 0.290114373 -0.210712448 -0.596917152
v 0.293560773 -0.191914082 -0.605418742
v 0.33700639 -0.22040385 -0.182624474
v 0.31556499 -0.234915972 -0.168511495
v 0.403412044 -0.065553695 -0.193744898
v 0.40273124 -0.0638513714 -0.220303297
v 0.406447291 0.0081472015 -0.154614583
v 0.427538097 0.0220817756 -0.131514534
v 0.404963046 0.0937832668 -0.153314054
v 0.401727766 0.072328262 -0.217575699
v 0.716214716 0.0322900265 -0.136367291
v 0.719635546 0.0128953187 -0.135433838
v 0.725411713 0.0244593192 -0.103857659
v 0.338503361 0.0957665145 -0.559394777
v 0.322190642 -0.0299889334 -0.613991678
v 0.317411602 -0.0542646535 -0.608385801
v 0.41148454 -0.196366712 -0.0127331261
v 0.413017392 -0.188634485 -0.0374885686
v 0.41072014 -0.214672014 -0.0339745432
v 0.561216474 0.0540207773 0.145155519
v 0.547247827 0.0840818807 0.131250843
v 0.574059904 0.0797820166 0.133907735
v 0.399003625 -0.00212355121 -0.254888207
v 0.331941009 -0.0652108043 -0.60438025
v 0.341323048 -0.253123581 -0.133390993
v 0.403112918 -0.04307032 -0.231158867
v 0.4000054 -0.0588373393 -0.246249899
v 0.25201726 0.0656083226 -0.55049479
v 0.347602576 -0.0319301635 -0.410686821
v 0.342889279 -0.0532820746 -0.543763876
v 0.377172321 -0.0413067974 -0.296901286
v 0.379258454 -0.00620013522 -0.300539911
v 0.390427798 0.00509309955 -0.281015277
v 0.326815963 0.147568509 -0.394089222
v 0.380762607 0.0924745873 -0.274814963
v 0.362669975 0.104413599 -0.293928444
v 0.345087796 0.0884189978 -0.392597467
v 0.40517509 0.121646948 -0.141847804
v 0.380154669 0.0240607522 -0.297092289
v 0.387945175 0.0619553104 -0.274371594
v 0.392998904 0.0297382679 -0.271329731
v 0.398133844 0.0475990549 -0.253666967
v 0.354176551 0.0700556263 -0.331074506
v 0.352013648 0.0866103098 -0.322243333
v 0.342652529 0.0249825586 -0.607241988
v 0.346607268 -0.0578983687 -0.368510336
v 0.345771015 -0.0508937873 -0.394464463
v 0.340132356 0.00739556411 -0.6183514
v 0.377420306 0.202550232 -0.23089017
v 0.342023581 0.227102384 -0.229007468
v 0.360629201 0.199095577 -0.248014733
v 0.345780939 -0.112007238 0.302352339
v 0.340954751 -0.103369199 0.335879356
v 0.352698684 -0.0863587335 0.313728809
v 0.396583527 0.0761265978 -0.246907711
v 0.298404574 0.186456665 0.462284535
v 0.301666677 0.189461619 -0.547391951
v 0.409506768 0.0866115391 -0.13017334
v 0.615014076 0.0964149609 -0.0698165596
v 0.635057211 0.132555276 -0.0495318994
v 0.630904853 0.13744019 -0.01901168
v -0.355360389 0.111937881 0.311964214
v 0.185372174 0.281187117 -0.632730126
v 0.222784236 0.172641903 -0.475601465
v 0.206972629 0.189396933 -0.495444715
v 0.706280291 0.130170807 -0.072813496
v 0.389720052 0.113283202 -0.251035303
v 0.398951322 0.125107631 -0.224461526
v 0.345321685 0.0361971222 -0.583616018
v 0.396004349 0.153625056 -0.222532898
v 0.403941065 0.144625992 -0.153471902
v 0.526154101 0.056757275 0.1452301
v 0.0657309517 0.24987711 -0.567663312
v 0.383347988 0.252369195 -0.162399128
v 0.284696251 0.2146478 -0.30576846
v 0.409924328 0.169537306 0.00721282605
v 0.403669477 0.196868122 -0.120873637
v 0.40474996 0.171339646 -0.114791565
v 0.388093501 0.292038083 -0.00680696405
v 0.398443222 0.278894901 -0.0253515542
v 0.374366641 0.297262669 -0.0316426009
v 0.370322227 0.273407727 -0.142353579
v 0.382791281 0.277148157 -0.120355062
v 0.401157558 0.246427193 -0.0742071867
v 0.390877485 0.271173745 -0.0917324945
v 0.399718493 0.262824625 -0.053040307
v 0.425718576 -0.00822026841 -0.139819264
v 0.496314824 0.0300398543 -0.0973742306
v 0.402848244 0.198740274 0.0232415758
v 0.405591786 0.173018545 0.03821842
v 0.401991367 0.202022955 0.0505346432
v 0.333470166 0.301155806 0.0148314796
v 0.386922836 0.290205598 0.00925935246
v 0.30712539 0.1703154 0.41120109
v 0.307085097 0.170162693 0.433375657
v 0.415536672 0.154374272 -0.0240577143
v 0.432964206 0.140260071 0.012978212
v 0.687855959 0.152484238 -0.0012503193
v 0.705070794 0.149530247 0.00358886807
v 0.70548594 0.142709106 0.019302424
v 0.400952071 0.22794196 0.0365379713
v 0.690356195 -0.116127662 -0.109229878
v 0.601119101 0.141827881 0.0500961021
v 0.630076289 0.137803227 0.0727174729
v 0.590683758 0.13201642 0.0874532163
v 0.71035403 0.0770185366 0.121291511
v 0.724747837 0.0540604144 0.0765337348
v 0.712338507 0.059254095 0.128887638
v 0.402205825 0.234280825 -0.0497129001
v 0.308491737 0.174434811 0.532672644
v 0.401712775 0.224373445 0.00780990627
v 0.114611335 0.225983143 -0.50494653
v 0.0919712037 0.222256079 -0.515955865
v 0.413625866 0.0983874127 0.159117833
v 0.409587979 0.0888459161 0.185793728
v 0.403443992 0.122361198 -0.17400834
v 0.335450947 0.290465534 -0.0995439962
v -0.409138381 0.0744294003 0.158194393
v 0.408077121 0.00843541417 0.23231636
v 0.416178972 0.151944384 0.0311617628
v 0.405097932 0.170061216 0.157720596
v 0.405057847 0.180804461 0.125712126
v 0.408938795 0.145711556 0.136735618
v 0.402776271 0.198839635 0.152660593
v 0.382033825 0.183006376 0.215297952
v 0.389395505 0.159124196 0.221945509
v 0.396318465 0.173938826 0.201536804
v 0.61128372 -0.0952712446 0.121017523
v 0.587269902 -0.0735560432 0.13570714
v 0.58443135 -0.0992308855 0.117535904
v 0.706727743 0.129202992 0.051754564
v 0.689961016 0.146537155 0.03216758
v 0.632151723 0.0142607326 0.156692639
v 0.612468064 0.00206686533 0.157131419
v 0.609727561 0.0309973285 0.15283069
v 0.419095784 0.140829176 0.0808352083
v 0.418989241 0.131615937 0.111907355
v 0.408938944 0.155454978 0.105166785
v 0.387903392 0.179311037 -0.229592428
v 0.689960718 0.149672583 -0.0513300709
v 0.695934236 0.150595516 -0.0309448652
v 0.702377439 0.14074181 -0.0540272668
v 0.386195213 0.287476361 -0.057905551
v 0.400946736 0.250384927 -0.01600869
v 0.338873655 0.14969334 0.271787077
v 0.335608125 0.136082113 0.300311595
v 0.685825288 0.141092539 0.0531675071
v 0.663856566 0.141060382 0.0625015348
v 0.574345231 0.141051084 0.0651546419
v 0.557000458 0.134638533 0.0332347676
v 0.38993904 0.0135809612 0.283702195
v 0.398539275 -0.0121499179 0.269493103
v 0.40639475 0.0844202861 0.21652402
v 0.40501681 0.112963997 0.205240056
v 0.409126937 0.124376819 0.158025399
v 0.408141822 0.110892341 0.17691873
v 0.715389073 0.128295809 0.0258225575
v 0.431765139 0.0880222991 0.141340211
v 0.453685105 0.0938607901 0.128866225
v 0.661030889 -0.110660739 0.110010214
v 0.645979047 -0.121685535 0.0983177871
v 0.636688948 -0.10607525 0.113990575
v 0.398753434 0.251513094 0.141598284
v 0.341481 0.0554509759 0.569477022
v 0.39988026 0.187822789 0.179052755
v 0.64049834 -0.0111259166 0.157330602
v 0.143042609 0.323168874 0.569014072
v 0.404512584 0.159449041 0.182229146
v 0.366407514 0.285089463 0.0966075212
v 0.385207772 0.233266219 0.183020562
v 0.226447731 0.27769807 0.578809977
v 0.244507089 0.250521928 0.582111418
v 0.216157064 0.266679287 0.595778704
v 0.296533555 -0.0261765067 0.620008588
v 0.276660055 -0.0221127756 0.628715277
v 0.271493345 -0.0493905023 0.628745854
v 0.404661357 0.179870442 0.093760848
v 0.285295963 0.213171393 0.52378577
v 0.491941661 0.131112635 0.0616223961
v 0.399302006 0.262040645 0.113191612
v 0.402187645 0.231025234 0.0976060331
v 0.390996188 0.279363424 0.0263901334
v 0.640610158 0.144758269 0.0302566122
v 0.253061414 0.30837065 0.101003185
v 0.124725409 0.314942151 -0.61574024
v 0.211479306 0.288503289 -0.595142841
v 0.154965654 0.320109606 -0.54571408
v 0.351316124 -0.0363234095 0.49572739
v 0.35253942 -0.0358051099 0.514111817
v 0.349527538 -0.0578602776 0.5158301
v 0.362558872 0.171506003 0.23368454
v 0.402181268 0.145376548 0.204744995
v 0.03348618 0.310331911 0.502684057
v 0.383244723 0.0485291667 0.28756094
v 0.356536895 0.0187754463 0.354191482
v 0.354300559 0.00108031509 0.382332772
v 0.40208292 0.237926066 0.124650404
v 0.334492624 0.121307865 0.431139052
v 0.33863613 0.10928528 0.459150434
v 0.355475157 -0.0242825672 0.35847345
v 0.353633523 -0.0270950273 0.383437544
v 0.35281229 -0.0461295247 0.369783044
v 0.357073128 -0.0466994308 0.337608516
v 0.369328618 -0.0344889238 0.311270297
v 0.364596218 -0.062060751 0.308565617
v 0.403329194 0.212959021 0.125385538
v 0.406695575 0.132909864 0.181642741
v 0.0400533415 -0.322153151 0.232725173
v 0.0527329817 -0.319981068 0.205511436
v 0.0254162755 -0.321828306 0.20864059
v 0.299826771 -0.181472987 0.353245378
v 0.287886918 -0.197662115 0.35260275
v 0.295324326 -0.188307062 0.325529993
v 0.267304152 0.224920794 0.294167548
v 0.041061867 0.338868231 0.144290164
v 0.402483821 0.204829827 0.0785543919
v 0.404717863 0.178175613 0.0655736476
v 0.37698397 0.260834873 0.162640989
v 0.316524833 0.15612787 0.549375653
v 0.303182095 0.17648004 0.558938086
v 0.349873632 0.287086695 0.124518558
v 0.319693446 0.230236515 0.215981722
v 0.291329533 0.214581743 0.255391419
v 0.166848242 0.315492511 0.584035635
v 0.187541828 0.303094804 0.572400987
v 0.272346854 0.212330028 0.389284432
v 0.298412889 0.186410829 0.391494364
v 0.38008365 0.146583542 0.239376545
v 0.381255895 0.27203247 0.140098304
v 0.297587752 0.284597903 0.169026807
v -0.110620938 0.326184124 0.576734185
v 0.330937326 0.128900394 0.404482335
v 0.336643606 -0.0232765265 0.586926103
v 0.346222997 -0.0111586386 0.570162117
v 0.343889177 -0.0424557887 0.567123115
v 0.330165774 0.134158194 0.329340786
v 0.340691388 0.11340303 0.321350366
v 0.321087509 0.164163455 0.287209064
v 0.327501714 0.168224007 0.262567401
v 0.343467802 0.162568077 0.252494216
v 0.28686288 0.208974943 0.496448666
v 0.105056681 0.317577422 0.605861187
v 0.10114108 0.256898463 0.623781204
v 0.131157219 0.275801837 0.61757344
v 0.676671386 0.152602106 -0.0362889208
v 0.321314543 0.136424661 0.56429565
v 0.331749707 0.114789635 0.551507115
v 0.408818722 0.0364884101 0.217536882
v 0.129028618 0.333398253 0.587885261
v 0.110540725 0.333808392 0.595436037
v 0.130429164 0.31995815 0.597712934
v 0.360848069 0.0311191734 0.333048612
v 0.185198709 0.270227522 0.610275745
v 0.218209043 0.244879186 0.605943084
v 0.129157513 0.30334577 0.608586669
v 0.107272908 0.297565311 0.614210904
v 0.347731858 -0.0694183111 0.464194179
v 0.145182505 0.230612576 0.624128282
v 0.139878929 0.197382465 0.626044154
v 0.105204955 0.210127205 0.626138926
v 0.293281257 0.176322952 0.583827734
v 0.308498174 0.156263173 0.574777007
v 0.128641412 0.25007233 0.623114824
v 0.154311046 0.112451531 0.627968132
v 0.243718386 0.22063987 0.602799237
v 0.232670322 0.147960737 0.625989258
v 0.209280357 0.1347657 0.62763083
v 0.217553169 0.178609371 0.622861028
v 0.186801434 0.181847498 0.624684989
v 0.33925125 0.108255312 0.387702525
v 0.345938414 0.0835025012 0.366641581
v 0.346091658 0.0843022317 0.400728524
v 0.159890041 0.251043141 0.620306313
v 0.178963691 0.229170099 0.62160933
v 0.211939171 0.216416031 0.617041647
v 0.197514445 0.241863593 0.616334498
v 0.719845295 0.116421647 0.0421247333
v 0.294515222 0.155681223 0.59726274
v 0.280851245 0.173003808 0.601593316
v 0.275053889 0.155432925 0.612058282
v 0.67110616 0.146352515 0.0410073735
v 0.669210851 0.151885316 0.0207287855
v 0.319036275 0.155659959 0.526266932
v 0.274324536 0.194678277 0.594344795
v 0.266774982 0.21910806 0.580448389
v 0.406437427 0.146548107 0.163163319
v 0.400855362 0.25291416 0.0202263594
v 0.366859317 0.293369859 -0.0843590423
v 0.34787935 0.0550440699 0.540257037
v 0.198092207 0.288699478 0.592010558
v 0.339842767 0.10833478 0.411326587
v 0.269563496 0.132420078 0.620796323
v 0.289216012 0.104580559 0.616632998
v 0.265238822 -0.031966161 0.632210076
v 0.348433912 0.0549192503 0.476861596
v 0.348639667 0.0588660426 0.50964278
v 0.362088054 0.0556485206 0.319546431
v 0.407462806 -0.183869034 -0.111706227
v 0.697991967 -0.142797843 -0.0660513192
v 0.715954721 -0.117903739 -0.0796475708
v 0.328934699 -0.0461385176 0.593073368
v 0.321188599 -0.0216812678 0.604161382
v 0.332979828 0.0053729862 0.593000233
v 0.434611946 0.13327755 0.0696600005
v 0.427536339 0.139224619 0.0495949574
v 0.692037523 -0.139934912 0.0678185746
v 0.0286350716 -0.27493012 0.626450956
v 0.254845381 -0.233254164 0.471837074
v 0.259865701 -0.232350335 0.497629195
v 0.238708422 -0.253882319 0.488621175
v 0.317769796 0.153571695 0.389501423
v 0.330658466 0.129240751 0.380313009
v 0.403947622 -0.0222602002 0.202672273
v 0.405497551 -0.0401297063 0.223149329
v 0.403692633 -0.0307001472 0.184583277
v 0.372446865 0.0265857093 0.309690356
v 0.352648646 0.0257016309 0.400576472
v 0.350522578 0.0435238779 0.424733013
v 0.348042071 0.0702037141 0.421887517
v 0.349730521 0.060695447 0.404816359
v 0.656812906 -0.0321851857 0.154619634
v 0.655242085 -0.0546087809 0.146993667
v 0.679305375 -0.0429369658 0.150386646
v 0.3493056 -0.133748472 0.273043096
v 0.353982449 -0.160031572 0.244169146
v 0.362925857 -0.138216436 0.255534768
v 0.344666481 0.0202774145 0.57127136
v 0.701273859 0.0419048332 0.14592427
v 0.696738243 -0.0300283954 0.151619568
v 0.701458693 -0.0528095923 0.1418477
v 0.311922908 0.00348360115 0.612489581
v 0.311127305 -0.163659126 0.337124199
v 0.326888442 -0.136560664 0.324727714
v 0.320780396 -0.146644056 0.349815816
v 0.351659745 -0.0164904967 0.445225298
v 0.201083571 -0.211014137 0.620029449
v 0.214641958 -0.182390854 0.624928415
v 0.19334735 -0.183811724 0.628734827
v 0.310879827 -0.0482445285 0.609828234
v 0.288938165 0.000899150094 0.624411643
v 0.332365066 0.0381362364 0.592026651
v 0.678608656 -0.068550989 0.139108598
v 0.320962399 0.0254979059 0.606240511
v 0.350819439 0.0353334546 0.49617824
v 0.290237427 -0.190364212 0.440548778
v 0.276411504 -0.207966775 0.459997267
v 0.275645614 -0.209823161 0.430470407
v 0.245134294 0.106636018 0.629007161
v 0.344854146 0.0834847689 0.464888215
v 0.315762311 0.0485185161 0.608785033
v 0.350967586 -0.0234923493 0.554600358
v 0.256227314 -0.244764984 0.533876479
v 0.244432747 -0.253512591 0.512639523
v 0.264137983 -0.232776165 0.520736456
v 0.340113014 0.0932236463 0.539546251
v 0.254460633 -0.129931569 0.62321496
v 0.274806082 -0.143608809 0.610842824
v 0.288299114 -0.194638625 0.417055637
v 0.353063941 -0.0113321068 0.512370229
v 0.272899598 -0.214643434 0.485780269
v 0.238678649 0.172890723 0.620424032
v 0.237728983 0.195903748 0.615340173
v 0.259928256 0.179764405 0.612042189
v 0.350316644 -0.0406319313 0.468566269
v 0.335028023 0.120238192 0.342474997
v 0.325457871 0.140502766 0.356261581
v 0.351303279 -0.035841886 0.536021173
v 0.376142204 0.00300363242 0.305182576
v 0.364131868 0.00598342065 0.328341424
v 0.357480705 -0.00416817842 0.350549996
v 0.303416431 0.0275183935 0.617740035
v 0.410090625 -0.0250059199 0.169377953
v 0.406119317 -0.00647950219 0.184109852
v 0.399338126 0.0757784694 0.247973412
v 0.378488123 0.0973286852 0.268829495
v 0.386669129 0.0717518553 0.273462623
v 0.572933972 -0.0523253456 0.147479236
v 0.160294026 -0.299488723 -0.0889696553
v 0.14037323 -0.305233598 -0.0772743449
v 0.15546456 -0.301357865 -0.0657245815
v 0.350729793 0.0250838995 0.44698751
v 0.349454254 0.042939648 0.454531223
v 0.350741088 0.0239770729 0.472990453
v 0.395466059 0.131506681 0.228131145
v 0.396644711 0.104343444 0.237967655
v 0.354097843 0.105480239 0.296697915
v 0.369064629 0.0772665069 0.294146955
v 0.571730673 0.104030877 0.118756607
v 0.352190197 0.00926096924 0.423443496
v 0.406435996 -0.0134171881 0.222517058
v 0.406766415 0.00594275538 0.206240386
v 0.383857518 -0.018501265 0.291490406
v 0.370666295 -0.0129324058 0.312782794
v 0.4777053 0.0176898278 0.155794829
v 0.500654459 0.0375635847 0.152379498
v 0.505015612 0.00741182035 0.157023564
v 0.4805924 -0.0137507478 0.155789599
v 0.489804655 -0.150430188 0.0408153757
v 0.520041406 -0.142542794 0.0611088648
v 0.428017408 -0.0176398344 0.159095213
v 0.293902755 0.225643978 0.233895138
v 0.239669427 0.252413154 0.261654526
v 0.520978928 0.134968087 0.0568634011
v 0.452725589 -0.00125799782 0.155954286
v 0.455063254 -0.0407902263 0.150035173
v 0.138736561 -0.299791753 0.126567677
v 0.337251306 0.113266461 0.362766087
v 0.720790923 0.0986525714 0.0876471624
v 0.715923846 0.0897435769 0.109921455
v 0.708491266 0.106550075 0.106720082
v 0.405323535 -0.0211839695 0.245742962
v 0.394755453 -0.0418331474 0.269509107
v 0.407839596 0.0627558455 0.224663273
v 0.72003895 0.0303851683 0.123926573
v 0.417140365 0.115813345 0.1363049
v 0.435800344 0.110613674 0.119821794
v 0.720640838 0.116286203 0.00500036823
v 0.561412096 -0.0683773234 0.139805138
v 0.671242833 0.0924136341 0.12680091
v 0.643384337 0.0857083499 0.131877124
v 0.49361977 0.0655172616 0.142802656
v 0.480899304 0.0903775841 0.128831059
v 0.700641751 -0.0848448798 0.124650098
v 0.673241913 -0.0928934813 0.124268889
v 0.410990208 0.154205263 0.0568797402
v 0.43586266 0.0607205294 0.151299536
v 0.402618587 -0.0560380444 0.244731873
v 0.395629317 -0.0888027176 0.245742992
v 0.401885301 -0.0972566158 0.222857729
v 0.538526595 -0.000145118407 0.156142995
v 0.61403048 -0.019993782 0.15618211
v 0.590100169 -0.0124575244 0.15658401
v 0.406271487 0.050762482 0.24395138
v 0.481886953 -0.0556391105 0.144882113
v 0.59492588 0.0603908189 0.142884627
v 0.587235272 0.0130370855 0.155926913
v 0.56818527 -0.000881419575 0.156947196
v 0.5631423 0.0231170319 0.154167011
v 0.397272199 0.0574969016 0.264309615
v 0.403811336 0.202463105 0.10382542
v 0.689826369 0.0692304671 0.138215527
v 0.672601163 0.0406556688 0.150521025
v 0.342991143 0.0751260817 0.552133143
v 0.393833846 -0.0695950016 0.262281924
v 0.361011505 -0.019744765 0.332800597
v 0.712242663 -0.0318642668 0.145577326
v 0.347541124 -0.0779337585 0.441690773
v 0.278326541 -0.209847316 0.36458829
v 0.29259783 -0.190178573 0.384836733
v 0.624045432 -0.0662569925 0.140507609
v 0.634996593 -0.0879782289 0.128119528
v 0.653011918 -0.0779467672 0.135279506
v 0.719894409 -0.0211355966 0.135997429
v 0.347902566 -0.0659775212 0.490569532
v 0.71910876 -0.0590022057 0.124968253
v 0.708172858 0.11749649 0.0863188505
v 0.373651415 -0.17519334 0.215915725
v 0.373303592 -0.158999562 0.23078005
v 0.387163639 -0.153980285 0.219125181
v 0.225138932 -0.257107466 0.405545682
v 0.177499682 -0.283965528 0.340504467
v 0.233660921 -0.250433415 0.36646834
v 0.545894623 -0.134051129 0.0772591159
v 0.568988264 -0.139351174 0.0693135485
v 0.569698393 -0.119958661 0.096443139
v 0.594639421 -0.134574845 0.078323856
v 0.71747613 -0.087890245 0.115584694
v 0.709997416 -0.104772285 0.106959529
v 0.620238602 -0.121910356 0.0962961018
v 0.204518139 -0.285441279 0.501328886
v 0.20085822 -0.291725576 0.530862212
v 0.223425314 -0.274547905 0.517055809
v 0.651632369 -0.0950588882 0.123634718
v 0.318723321 -0.0658912361 0.600528419
v 0.620647013 -0.139255062 0.0734025314
v 0.474520862 -0.101416014 0.116167933
v 0.551641047 -0.147829667 0.0508400239
v 0.718297064 0.0935882255 -0.0880942792
v 0.495205194 -0.0745775178 0.134887949
v 0.509348691 -0.0934649706 0.122303478
v 0.58256501 0.0368659645 0.151059359
v 0.42498064 -0.121164523 0.114028007
v 0.448217422 -0.120370023 0.104253881
v 0.465125889 -0.0727918297 0.135601118
v 0.392567694 -0.170289755 0.194706663
v 0.684555352 -0.157265767 0.0208305512
v 0.691219747 -0.149953634 0.0447140969
v 0.402483791 -0.254864156 -0.00369481114
v 0.408510238 -0.226979077 -0.00765680242
v 0.407876253 -0.247317284 -0.0357737988
v 0.638206899 -0.0899009854 -0.12437515
v 0.650661707 -0.0674255937 -0.138930544
v 0.305849731 -0.168877736 0.450027585
v 0.322346687 -0.144376561 0.465407223
v 0.320083439 -0.149209142 0.434218675
v 0.207239166 -0.292393029 0.0431518741
v 0.247453496 -0.25614509 0.187944978
v 0.341794282 -0.283169687 0.00239863573
v 0.341335148 -0.28239888 -0.021769898
v 0.311849147 -0.284001797 -0.00708089489
v 0.231247276 -0.197696686 0.61488539
v 0.333457172 -0.12265186 0.397318631
v 0.343832612 -0.0931586847 0.395750433
v 0.339434087 -0.111233287 0.420274049
v 0.362925678 -0.196610212 0.20094347
v 0.297177792 -0.273970068 0.087729007
v 0.285686702 -0.265481919 0.117382042
v 0.319359809 -0.263711303 0.113423668
v 0.330825269 -0.140722454 0.295283616
v 0.323530734 -0.166567877 0.270844579
v 0.405315965 -0.066762805 0.175575688
v 0.313375145 -0.163623735 0.306742579
v 0.299480259 -0.187824145 0.288662076
v 0.282902986 -0.20996128 0.275545686
v 0.434122384 -0.136591896 0.092456907
v 0.413385749 -0.146303356 0.104841828
v 0.378002703 -0.14079605 0.239631042
v 0.310043991 -0.165151119 0.365447402
v 0.413579106 -0.108467862 0.132689089
v 0.401974559 -0.162112683 0.148724765
v 0.400310785 -0.160496116 0.175731629
v 0.310871869 -0.163581148 0.390545577
v 0.303274214 -0.176899835 0.503480196
v 0.304979622 -0.170744553 0.477433532
v 0.319655061 -0.150499567 0.496004581
v 0.262734234 0.113277718 0.625919223
v 0.25853923 -0.00940565299 0.630859792
v 0.270361573 -0.217744142 0.333320171
v -0.145189181 -0.262073547 0.619153082
v -0.167966515 -0.262134343 0.613283694
v 0.690243483 -0.0976029187 -0.122708075
v 0.667087436 -0.105035082 -0.117651872
v 0.277815878 -0.113593169 0.616913795
v 0.34200415 -0.0961068571 0.515840173
v 0.345675349 -0.0901638567 0.423586667
v 0.641016245 0.0391314477 0.151454374
v 0.034723822 -0.329149842 0.437482834
v 0.350961536 -0.0744355991 0.335278958
v 0.342360914 -0.102584079 0.443336427
v 0.224955961 -0.160393938 0.626691103
v 0.235416278 -0.139955387 0.627563775
v 0.323800057 -0.14077352 0.375326127
v 0.321172416 -0.147104561 0.406065315
v 0.336528718 -0.112096786 0.368732989
v 0.329862505 -0.127642214 0.350077122
v 0.33095333 -0.0750604868 0.580875516
v 0.305293202 -0.0701234415 0.610964775
v 0.292960435 -0.0883370489 0.614585042
v 0.312692821 -0.0867533311 0.600419581
v 0.301631659 -0.110622443 0.602504194
v 0.183041632 0.249578238 0.618307173
v 0.166604176 -0.301148027 0.0190809835
v 0.180840969 -0.29819414 -0.00973886065
v 0.291425258 -0.0602937527 0.619927347
v 0.272355258 -0.0834136009 0.624877632
v 0.333531499 -0.122833878 0.490867913
v 0.350740373 -0.0637537464 0.356893182
v -0.058344163 -0.337413162 0.579681277
v 0.110667251 -0.106382392 0.631905735
v 0.333218902 -0.126374796 0.441751003
v 0.330555081 -0.131265149 0.516209245
v 0.321524918 -0.104978755 0.583638489
v 0.310046077 -0.134052709 0.584233105
v 0.32868728 -0.121199556 0.559908032
v 0.316658467 -0.161165133 0.540489614
v 0.306051165 -0.175718889 0.553171575
v 0.317503482 -0.149881706 0.559288263
v 0.302954584 -0.163847595 0.575719237
v 0.728152812 -0.0253475383 0.091591537
v 0.330375791 -0.132147297 0.419920713
v 0.351706862 0.0444509014 0.39734146
v 0.345319688 -0.0855315477 0.362038195
v 0.38126868 -0.0660669133 0.281358927
v 0.364780903 -0.0859674066 0.292361289
v 0.363163888 -0.106669731 0.279574841
v 0.335255325 -0.118508346 0.535527766
v 0.272152364 -0.192971393 0.591082931
v 0.259977162 -0.228758499 0.363047421
v 0.251761258 -0.23643437 0.386662364
v 0.257330984 -0.230365515 0.443981707
v 0.287844867 -0.193488926 0.568210065
v 0.261170268 -0.221960634 0.575939417
v 0.0793329775 -0.302594244 0.611013949
v 0.0883398429 -0.279424548 0.621451259
v 0.211355805 -0.0547585227 0.632016718
v 0.249015152 -0.208645269 0.599961221
v 0.179541498 -0.149744809 0.631706178
v 0.21396637 -0.133787736 0.630773544
v 0.142623529 -0.242272064 0.625572085
v 0.288751572 -0.193584695 0.483903617
v 0.253520221 -0.2453475 0.554980278
v 0.239473656 -0.249247015 0.575213313
v 0.236550704 -0.263343126 0.557294905
v 0.163084313 -0.291569114 0.186527625
v 0.126954511 -0.301247776 0.192380205
v 0.292335153 -0.131887496 0.603244245
v 0.24213171 -0.245115697 0.430181384
v 0.189876333 -0.247686759 0.608756423
v 0.170202494 -0.22761175 0.623572946
v 0.405434459 -0.239180058 0.0225965753
v 0.39259097 -0.26581341 0.0225958508
v -0.0415343791 -0.346389741 0.566164434
v 0.38258791 -0.191391006 0.191532835
v 0.39455542 -0.192215249 0.164847136
v 0.235893101 -0.231926784 0.594528854
v 0.350521505 -0.212844312 0.187511832
v 0.13262555 -0.320325464 0.564213037
v 0.216975287 -0.252642602 0.591691792
v 0.19614765 -0.27344504 0.587396085
v 0.672195971 -0.12886554 0.0881562084
v 0.643433213 -0.135717645 0.0796684027
v 0.219282866 -0.270145714 0.571279883
v 0.220559835 -0.278347969 0.546859503
v 0.0291917603 -0.349782109 0.561006725
v 0.103983514 -0.214365467 0.632364988
v 0.118039615 -0.24266319 0.62949425
v 0.130640119 -0.205797017 0.631752133
v 0.158884421 -0.31393978 0.52532053
v 0.128390893 -0.323854685 0.522212207
v 0.15637733 -0.309523314 0.497761726
v 0.0647457913 -0.32502377 0.437806726
v 0.0827749521 -0.324371397 0.456435412
v 0.0829864368 -0.326476425 0.476031095
v 0.102620997 -0.321675092 0.467540324
v 0.10106495 -0.326717228 0.493834466
v 0.235750988 -0.109165236 0.629948914
v 0.257237464 -0.105126694 0.627069771
v 0.0460819043 -0.329565912 0.450765491
v 0.029542109 -0.33272475 0.463255912
v 0.0592406318 -0.329383522 0.466138065
v 0.0720903948 -0.262515664 0.627981544
v 0.204066142 -0.164802 0.63041544
v 0.0605356358 -0.223673493 0.631653905
v 0.0658094734 -0.177136168 0.632378161
v 0.0933027342 -0.327260166 0.586294591
v 0.214740574 -0.232915178 0.60652715
v 0.112023659 -0.322484672 0.583529294
v -0.360465884 0.0314292088 0.341420859
v -0.372509301 0.0312213618 0.305520207
v 0.345511079 0.0745313689 0.531422377
v 0.0804216638 -0.317208797 0.340933442
v 0.100892082 -0.312347889 0.31732589
v 0.0759438202 -0.317290664 0.30036357
v 0.0937288553 -0.334857196 0.519093931
v 0.0116039282 -0.33012858 0.446633786
v -0.0158128031 -0.329786837 0.442649454
v -0.190466106 -0.263710022 0.603028178
v 0.128806129 -0.316517293 0.482405007
v 0.0553398095 -0.339777619 0.5034554
v 0.125641361 -0.31340149 0.451894462
v 0.0725320205 -0.335131437 0.495428741
v 0.196729392 -0.285196096 0.141269878
v 0.218394622 -0.277946562 0.138296708
v 0.180489287 -0.297736704 0.0425639488
v 0.149972975 -0.302910686 0.0481039733
v 0.537306488 -0.107808895 -0.11214301
v 0.554603517 -0.0986002609 -0.116070986
v 0.527356148 -0.0931619406 -0.117167383
v 0.405070156 -0.210889012 0.0540189482
v 0.404686809 -0.235374942 0.0505138896
v 0.403237373 -0.228407815 0.0705216378
v -0.173151031 -0.306153029 0.523091614
v 0.167133644 -0.296155035 0.445437014
v 0.0963187441 -0.313556224 0.364718914
v 0.393946856 -0.217604056 0.137486324
v 0.239546239 -0.245073467 0.343562514
v 0.104340106 -0.311510742 0.34377566
v 0.125860602 -0.305225492 0.332596868
v 0.122478835 -0.307474434 0.361788273
v 0.100457415 -0.314822793 0.392102033
v 0.126032129 -0.306474626 0.304766476
v 0.0996080637 -0.312204063 0.288208365
v 0.327336758 -0.245623589 0.146345094
v 0.351831585 -0.22919248 0.165072173
v 0.0969168246 -0.310611218 0.240238667
v 0.0964400768 -0.309139371 0.213650882
v -0.0168969501 -0.318153858 0.262924731
v 0.102926284 -0.30739972 0.133468807
v 0.0754822865 -0.31392473 0.138691172
v 0.0851052329 -0.312327653 0.115159243
v 0.0905242264 -0.309652418 0.157811955
v 0.35192588 -0.276931882 0.0720704272
v 0.353025407 -0.266906351 0.0995083973
v 0.326340973 -0.275343329 0.0812678859
v 0.406975716 -0.0819335654 0.162787914
v 0.298317254 -0.241630182 0.162178442
v 0.07104332 -0.347153217 -0.596320271
v 0.0402725823 -0.350045472 -0.604617417
v 0.0573336147 -0.338262916 -0.603244245
v 0.24753952 -0.244639099 0.260884792
v 0.239279911 -0.248265043 0.287828505
v 0.22523509 -0.261279106 0.247289881
v 0.0638847798 -0.316261083 0.171508119
v 0.216931134 -0.288488984 0.069934316
v 0.245285913 -0.272594601 0.120769382
v 0.344193101 -0.257528752 0.123954087
v 0.400902003 -0.208808362 0.108204477
v 0.196285322 -0.291687131 0.0909937248
v 0.406068534 -0.218408108 0.034555681
v 0.247152746 -0.264703095 0.148635164
v 0.263311476 -0.265034974 0.12966907
v 0.175445125 -0.296956748 0.0819993168
v 0.14710483 -0.301717371 0.0842006877
v 0.274674267 -0.254782081 0.150521189
v 0.256879449 -0.243458211 0.219248921
v 0.497712165 -0.126296356 -0.0940636024
v 0.461229771 -0.119234137 -0.101983234
v 0.474347562 -0.138485447 -0.079355374
v 0.264078915 -0.230072901 0.26685822
v 0.407152772 -0.186002314 0.0576625504
v 0.403777272 -0.205903664 0.0793448761
v 0.369587302 -0.276847899 0.0580132939
v 0.387765199 -0.268901318 0.0523968488
v 0.371594161 -0.277311623 0.0364375263
v 0.0298042186 -0.357032508 -0.562065005
v 0.0540954322 -0.352910191 -0.52929908
v 0.259386957 -0.237225905 0.242818698
v 0.376296729 -0.230191052 0.152233601
v 0.358244359 -0.245295778 0.140321508
v 0.379802197 -0.242090285 0.129271373
v 0.283385217 -0.205464751 0.303948373
v 0.292643219 -0.186135143 0.462695032
v 0.22211051 -0.271264613 0.167791262
v 0.301440924 -0.254229456 0.136598796
v 0.364109427 -0.255806565 0.120318584
v 0.399370104 -0.138222829 0.199010789
v 0.382398754 -0.253186375 0.102100521
v 0.388275892 -0.216162175 0.158655033
v 0.375789523 -0.212037534 0.175361738
v 0.524645388 -0.129475161 0.0852742717
v 0.418368489 -0.171034634 -0.0582432002
v 0.0752438828 -0.314135104 0.201951593
v 0.071060352 -0.31581223 0.231128499
v 0.265274316 -0.270240873 0.111176796
v 0.179549992 -0.302634984 0.514842629
v 0.364176661 -0.280500531 -0.010342963
v 0.09453471 -0.308697373 0.183629841
v 0.116252907 -0.303030908 0.16005224
v 0.730610192 -0.0546399914 -0.0458159447
v 0.731756568 -0.105617836 0.0363692828
v 0.28327778 -0.25886628 -0.133212849
v 0.639091313 -0.149647012 0.0528622679
v 0.651408195 -0.159403354 0.019303022
v 0.405582309 -0.141116649 -0.131576359
v 0.402745456 -0.141152069 -0.160252169
v 0.40579325 -0.114328876 -0.148570374
v -0.0322624408 -0.323830158 -0.0712284669
v -0.0133644035 -0.330432534 -0.0914446488
v 0.453265071 -0.158728853 -0.0215253867
v 0.521677315 -0.114774868 -0.105684265
v 0.4142856 -0.226395056 -0.0772018433
v 0.412221283 -0.225188792 -0.105010644
v 0.414039254 -0.174848899 0.035917338
v 0.434680402 -0.16189602 0.0302662123
v 0.460053056 -0.0948766246 -0.115621403
v 0.403377742 -0.038061738 -0.203127757
v 0.345885932 -0.282008648 0.0262541901
v 0.313287348 -0.283597827 0.0221342742
v 0.400693625 -0.254781336 0.0447105691
v 0.254560262 -0.208051056 -0.376771718
v 0.269708157 -0.194272891 -0.349968731
v 0.249732271 -0.223165497 -0.344739854
v 0.267979532 -0.208512411 -0.321059823
v 0.272455901 -0.0947746336 -0.591521204
v 0.199088931 -0.0766746476 -0.557049334
v 0.267299563 -0.126915887 -0.5940907
v 0.381382883 -0.166681856 -0.214487001
v 0.396801949 -0.16880773 -0.180241942
v 0.381492496 -0.185630754 -0.196810856
v 0.430742204 -0.151804984 -0.0711390302
v 0.439661354 -0.158228368 -0.0453636609
v 0.623056412 -0.162380114 0.00254710438
v 0.623489738 -0.160438463 -0.0258213244
v 0.650202394 -0.161444679 -0.0123679107
v 0.387199283 -0.231485799 -0.147908404
v 0.366802245 -0.242730588 -0.143389687
v 0.389915437 -0.244148329 -0.127820954
v 0.131900728 -0.307329714 -0.029720569
v 0.646151245 -0.156385258 -0.0401481017
v 0.621372461 -0.15267776 -0.0506992303
v 0.469191074 -0.156944379 -0.00248829788
v 0.413390368 -0.227969423 -0.0536413081
v 0.413553417 -0.24435927 -0.0617498606
v 0.595386684 -0.155466244 -0.0420161374
v 0.667350352 -0.153842047 0.0411929153
v 0.54856354 -0.118815869 -0.10198161
v 0.499313384 -0.155802265 0.00591936195
v 0.464724094 -0.156194076 0.0197937079
v 0.552805662 -0.135751903 -0.0816932693
v 0.574203134 -0.129623488 -0.0903091803
v 0.576909184 -0.107344195 -0.109598719
v 0.376047492 -0.268765181 0.0771008804
v 0.458855659 -0.153431237 0.0403312184
v 0.490268409 -0.0645715371 -0.119039379
v 0.571919322 -0.145553738 -0.0654866397
v 0.566161454 -0.155632392 -0.0407982208
v 0.396030933 -0.251488984 0.0710700303
v 0.709039271 -0.121051006 -0.101983182
v 0.645477653 -0.132016316 -0.090519622
v 0.46347639 -0.154432252 -0.0415133052
v 0.455105245 -0.148606911 -0.0629900023
v 0.528199315 -0.13186273 -0.086748518
v 0.517929137 -0.155881479 -0.0232546851
v 0.530651927 -0.158097014 -0.00098199246
v 0.548271596 -0.157991081 -0.0227153804
v 0.280556947 -0.230471268 -0.201867998
v 0.404475868 -0.171124905 -0.139552549
v 0.401667386 -0.197219938 -0.153343365
v 0.285542339 -0.267287791 -0.109416127
v 0.730577886 -0.0136944158 -0.102400154
v 0.728143811 -0.0471964292 -0.109942965
v 0.601343453 -0.141114309 -0.07377626
v 0.638448775 -0.144334808 -0.0697917491
v 0.590002835 -0.0597543493 -0.126283929
v 0.231186137 -0.244663954 -0.412935644
v 0.217147872 -0.262400389 -0.425837666
v 0.238919541 -0.230597034 -0.402987003
v 0.711184382 -0.102033854 -0.11569193
v 0.640378296 -0.116078869 -0.107228152
v 0.608123958 -0.105340198 -0.112120047
v 0.412892342 -0.140716761 -0.107795313
v 0.423804492 -0.141611874 -0.0908041522
v 0.414299697 -0.1572918 -0.087190114
v 0.491178155 -0.104689911 -0.110286839
v 0.717114091 -0.0728151649 -0.125215158
v 0.620067239 -0.128025681 -0.0932734683
v 0.673272371 -0.158025444 -0.0289305057
v 0.692213774 -0.152541161 -0.0425819382
v 0.697820008 -0.15559496 -0.0214884002
v 0.700453997 -0.156699196 0.000858764513
v 0.717323065 -0.150332421 -0.00935197715
v 0.367439061 -0.274009168 -0.0621961281
v 0.366117746 -0.267509192 -0.0909659937
v 0.350446165 -0.280635059 0.0489057079
v 0.341997355 -0.237663567 -0.158258498
v 0.369953126 -0.22248818 -0.167531401
v 0.197410643 -0.287689894 -0.120540671
v 0.183068767 -0.293469131 -0.0988348722
v 0.163232878 -0.297685266 -0.120716907
v 0.669717491 -0.15090993 -0.0542207435
v 0.713407576 -0.146707878 -0.0385364108
v 0.404609084 -0.0504204892 -0.172588438
v 0.404632181 -0.0164142717 -0.171236128
v 0.440914601 -0.0372840501 -0.128059685
v 0.410887212 -0.0397791639 -0.1494378
v 0.408222318 -0.208463266 0.0131346863
v 0.407279462 -0.195163116 0.0332489014
v 0.728860855 -0.123424783 -0.0199676622
v 0.721817732 -0.122490756 -0.0543161146
v 0.368105739 -0.152808264 -0.241278276
v 0.378662109 -0.134097576 -0.245828241
v 0.360402435 -0.132221162 -0.265484244
v 0.418260783 -0.0601432547 -0.136797622
v 0.404859096 -0.0835940391 -0.168471307
v 0.403003544 -0.115361407 -0.177243501
v 0.402329564 -0.00555133261 -0.201629654
v 0.657820761 -0.0123211825 -0.149617493
v 0.392540187 -0.267459214 -0.0483547486
v 0.21298705 -0.292411119 -0.00896322262
v 0.194900736 -0.295620382 0.0170526933
v 0.401647776 0.231559992 0.0647140071
v 0.141748607 -0.305167407 0.0244842526
v 0.484602362 -0.155469835 -0.0251898747
v 0.331801206 -0.279994369 0.0600881353
v 0.274651796 -0.273965478 0.0953970626
v 0.406879932 -0.16196242 -0.111166917
v 0.40497911 -0.241398707 -0.112035155
v 0.594862044 -0.123878248 -0.0975880623
v 0.327656418 -0.0859489366 -0.464241177
v 0.328038067 -0.095107086 -0.496805698
v 0.32124126 -0.109776117 -0.476380527
v 0.310934693 -0.199397162 -0.233973503
v 0.386879563 -0.199412555 -0.176823884
v 0.100843422 -0.338897377 -0.485020429
v 0.0861016884 -0.346181035 -0.514478922
v 0.0780297369 -0.34558931 -0.486890584
v 0.184613615 -0.290472925 -0.147347078
v 0.211187661 -0.280842364 -0.14179121
v 0.207009926 -0.281336278 -0.17349036
v 0.17589578 -0.291957855 -0.304784775
v 0.223059937 -0.257003874 -0.333425909
v 0.165031195 -0.298570156 -0.370413095
v 0.295464337 -0.146046668 -0.411909103
v 0.288237274 -0.160222441 -0.434897929
v 0.276688933 -0.171836391 -0.408903301
v 0.227679685 -0.278297484 -0.116608843
v 0.258932889 -0.266792506 -0.124424726
v 0.235451013 -0.26984942 -0.148761094
v 0.249140263 -0.274418443 -0.101473182
v 0.267672569 -0.2721138 -0.0994437039
v 0.225153252 -0.270057589 -0.193521932
v 0.239610359 -0.262340724 -0.17633833
v 0.265891671 -0.254487604 -0.156927004
v 0.26270777 -0.245768368 -0.187029272
v 0.287851542 -0.237625122 -0.175885499
v 0.0290890988 -0.326980412 -0.0232131612
v 0.00712553086 -0.324137747 -0.00987943355
v 0.0327983238 -0.325218529 -0.000938904763
v 0.305062234 -0.281032413 0.05638263
v 0.277687371 -0.284085661 0.0337884389
v 0.17166476 -0.295318812 -0.17054297
v 0.0380288884 -0.321245313 0.184273496
v 0.0248430856 -0.320797175 0.0545435883
v 0.0078738993 -0.319091231 0.0694863498
v 0.243456751 -0.287050903 -0.0196791496
v 0.222111225 -0.289070249 -0.0378881656
v 0.0608082749 -0.329332083 -0.104519919
v 0.109272435 -0.307742298 0.0991117582
v 0.0952245519 -0.311614364 0.0732597038
v 0.0442259759 -0.325771779 -0.236544073
v 0.0686511174 -0.326793194 -0.234760374
v 0.392805189 -0.216015905 -0.158022866
v 0.0377146751 -0.321613222 0.0280032195
v 0.06510517 -0.321779072 0.0167607106
v 0.0687667876 -0.318658054 0.0373012796
v 0.0475299135 -0.320333809 0.0554393008
v 0.168967664 -0.299225509 0.0639815927
v 0.635823965 0.0636892244 0.142811552
v 0.619843066 0.0532803424 0.146534026
v 0.259210795 -0.286202401 0.00972515903
v 0.0106225256 -0.327168912 -0.0342634767
v 0.161805585 -0.30166465 -0.0393635631
v 0.408477008 -0.201159537 -0.124313958
v 0.214594424 -0.288769841 -0.0634124428
v 0.244331449 -0.283878863 -0.0536789931
v 0.233678207 -0.281358838 -0.0850594118
v 0.259554356 -0.277682006 -0.0787506029
v 0.105903618 -0.313477725 -0.0461087599
v 0.328125149 -0.282285631 0.0420278534
v -0.0616310909 -0.353100628 -0.581420243
v 0.207125664 -0.287305325 -0.0925736949
v 0.183153823 -0.295330852 -0.0697276965
v -0.0185329448 -0.316635013 0.219151631
v 0.114741214 -0.312084436 -0.100858159
v 0.0995381847 -0.316434562 -0.110498659
v 0.0942716897 -0.318349987 -0.0812801272
v 0.119701378 -0.309889197 -0.0767935589
v 0.196476281 -0.294049948 -0.0393239111
v 0.152516186 -0.301131427 -0.15176025
v 0.131528035 -0.307928175 -0.156856015
v 0.124162212 -0.309815019 -0.13026835
v -0.0213983487 -0.300050467 -0.331927896
v 0.0837070271 -0.323539138 -0.13449429
v 0.110554032 -0.314775318 -0.161631897
v 0.0789744556 -0.325136393 -0.175913513
v 0.0642061234 -0.329937726 -0.153362259
v -0.0754328668 -0.302992791 -0.316255122
v 0.408106983 -0.0626143441 -0.150913566
v 0.136649102 -0.305259645 -0.0994590968
v 0.0814632103 -0.322645456 -0.102835469
v 0.289642543 -0.190130129 -0.298907071
v 0.287129164 -0.181213528 -0.327969044
v 0.0962115303 -0.320829302 -0.220339343
v 0.0727299079 -0.324708283 -0.20694676
v -0.047308445 -0.298879683 -0.324434578
v 0.250896335 -0.207867473 -0.404196769
v 0.0949078947 -0.325336248 -0.280738205
v 0.0719139576 -0.339787215 -0.398943156
v 0.0808337554 -0.339172244 -0.42460835
v 0.261956245 -0.191574395 -0.397122294
v 0.273714304 -0.180330619 -0.377516329
v 0.23652935 -0.23893863 -0.426237255
v 0.047463391 -0.335879028 -0.168689832
v 0.0630830377 -0.350391239 -0.506581604
v 0.0345356315 -0.351689696 -0.495099336
v 0.320623368 0.162537068 -0.417804211
v 0.403480053 -0.223851353 -0.133484513
v 0.102903761 -0.326297462 -0.314549953
v 0.115945943 -0.323583961 -0.338902056
v 0.0886785761 -0.331436902 -0.347973734
v 0.248461455 -0.226255178 -0.453199029
v -0.00316712167 -0.339740336 -0.461902946
v -0.0262308232 -0.327522933 -0.448738784
v 0.0165218133 -0.330224782 -0.383226097
v 0.482222021 -0.149874046 -0.0546927787
v 0.369196564 -0.278696299 0.0106665809
v 0.110460214 -0.278950542 -0.594853818
v 0.179269582 -0.292214662 -0.613429606
v 0.167178497 -0.31116873 -0.600247025
v 0.0165889841 -0.356053829 -0.523405135
v 0.0393980592 -0.33972156 -0.396437287
v 0.101854831 -0.332486987 -0.606359899
v 0.122540072 -0.334613025 -0.601083219
v -0.166985542 -0.315271288 -0.548611343
v -0.049943544 -0.348576546 -0.598817587
v 0.0806705132 -0.341830552 -0.456089765
v 0.0537775047 -0.346136987 -0.466901988
v 0.331958175 -0.136442363 -0.299187511
v 0.3401106 -0.139804915 -0.280674994
v 0.324399531 -0.154006988 -0.289287508
v 0.236389056 -0.236546859 -0.374908954
v 0.30282566 -0.138634592 -0.439798832
v 0.0883471891 -0.324946612 -0.248193592
v -0.0176391136 -0.301436156 -0.354365379
v 0.334794015 -0.0700404271 -0.431765854
v 0.264553398 -0.213979244 -0.480711311
v 0.255736321 -0.236388832 -0.49289462
v 0.296442628 -0.17246899 -0.486805499
v 0.310416818 -0.147856623 -0.491655171
v 0.310532451 -0.161329493 -0.513035655
v 0.164819211 -0.283449918 -0.608435571
v 0.156863719 -0.246648028 -0.596728921
v 0.13408199 -0.2738702 -0.598354578
v 0.318371892 -0.109172001 -0.415399611
v 0.307742566 -0.126845956 -0.420041651
v 0.315822542 -0.113822244 -0.445418566
v 0.312396497 -0.0874297768 -0.604676783
v 0.247717097 -0.240514651 -0.304941267
v 0.266392857 -0.225082457 -0.279562145
v 0.259789169 -0.225261435 -0.305061221
v 0.319031388 -0.146045804 -0.315301239
v 0.683018863 -0.0212063547 -0.154762134
v 0.323508531 -0.143686682 -0.555266023
v 0.143620297 -0.187571838 -0.576253593
v 0.0869456083 -0.215387851 -0.57401377
v -0.0388248861 -0.0965106264 -0.533612967
v 0.248895347 -0.1930044 -0.604829013
v 0.25928548 -0.225043118 -0.612492561
v 0.233332664 -0.234173968 -0.611638725
v 0.341330886 -0.071704641 -0.563751161
v 0.312006474 -0.145839781 -0.602335215
v 0.303755939 -0.128385887 -0.603452623
v 0.385626763 -0.144930273 -0.229380473
v 0.179111496 -0.149571285 -0.573538184
v 0.346970588 -0.117923647 -0.295876324
v 0.342713177 -0.054027997 -0.413708389
v 0.181177527 -0.291928381 -0.246150106
v 0.248425022 -0.232478574 -0.322153836
v 0.219208032 -0.272025049 -0.233868897
v 0.238684982 -0.258929938 -0.21935606
v 0.274196416 -0.210422933 -0.294960856
v 0.283310831 -0.215982899 -0.246438593
v 0.29432717 -0.198939368 -0.268112987
v 0.239584044 -0.257663518 -0.508693457
v 0.429316878 -0.12619938 -0.10448122
v 0.342556596 0.081778802 -0.46633482
v 0.314782917 -0.163130224 -0.543182075
v 0.30861029 -0.182667539 -0.574104786
v 0.319773942 -0.163434193 -0.567757666
v 0.312592208 -0.131701261 -0.469293296
v -0.061826095 0.0524656251 -0.430244327
v 0.323842615 0.00207093521 -0.618082881
v 0.322915614 -0.116964616 -0.364254624
v 0.320309788 -0.132070005 -0.339419663
v 0.306245744 -0.142937094 -0.362192959
v 0.340980679 0.100159183 -0.447903782
v 0.333817482 -0.0811646879 -0.515406072
v 0.401925385 0.00689164782 -0.225161999
v 0.400557727 0.0255789477 -0.242797032
v 0.271351278 -0.230116829 -0.228192061
v 0.397820979 -0.0845322087 -0.237796471
v 0.3543832 -0.0713445619 -0.323153347
v 0.345934033 -0.0751594529 -0.345956206
v 0.325526714 -0.181757241 -0.247855529
v 0.323872268 -0.153961271 -0.574391961
v 0.656238258 0.144000024 -0.0493043028
v 0.3378447 -0.0747123212 -0.396634012
v 0.337385356 -0.0831822157 -0.542493641
v 0.324701637 -0.093914941 -0.434208602
v 0.33093217 -0.127021417 -0.317107558
v 0.304226846 -0.156847581 -0.335195333
v 0.325899094 -0.10209354 -0.39083761
v 0.336679876 -0.0892873704 -0.366660655
v 0.661623061 -0.0432935581 -0.14729175
v 0.262963235 -0.241594732 -0.535439372
v 0.318707436 -0.143771142 -0.522964835
v 0.3215684 -0.121918343 -0.502477348
v 0.328258097 -0.0905312598 -0.413438439
v 0.338856697 0.101939924 -0.471187115
v 0.309354424 -0.128238067 -0.392491996
v 0.402651638 -0.019852154 -0.228956684
v 0.312528938 -0.175033644 -0.278193295
v 0.340947568 -0.158697098 -0.260603428
v 0.291451961 -0.15557529 -0.383590728
v 0.40158385 -0.138485894 -0.185215652
v 0.253522903 -0.243720353 -0.609519899
v 0.305736661 -0.167691126 -0.307745904
v 0.214948893 -0.270684928 -0.273154676
v 0.273311615 -0.181725681 -0.439886689
v 0.203150198 -0.206933975 -0.59632796
v 0.338750958 0.0537753105 -0.599452376
v -0.292363346 -0.198174372 -0.448650479
v -0.214336783 -0.19509019 -0.571032882
v -0.719932795 -0.0860529616 -0.0754814446
v -0.47796303 -0.0399720632 -0.142735302
v -0.142602041 -0.327586591 -0.58609122
v -0.15312086 -0.314397544 -0.601026416
v -0.273882806 -0.219090715 -0.481341869
v -0.150984511 -0.324855387 -0.561486185
v -0.3018637 -0.195083529 -0.364557952
v -0.316900134 -0.171369836 -0.348216325
v -0.477155 -0.142339945 -0.0728208423
v -0.5939098 -0.137462094 -0.0840132684
v -0.27582109 -0.218066663 -0.453753203
v -0.265127867 -0.231162041 -0.426156849
v -0.222624272 -0.168155804 -0.565781593
v -0.150356874 -0.320818573 -0.533078611
v -0.0635092258 -0.351919979 -0.553008497
v 0.225770965 -0.269978464 -0.601641536
v -0.0429087318 -0.298549026 -0.357800871
v -0.129359633 -0.307490379 -0.371089667
v -0.613238692 0.0282999296 -0.15631859
v 0.239724338 -0.245903164 -0.459752768
v 0.0059994054 -0.314760774 -0.24691844
v -0.0145818442 -0.313501894 -0.232539117
v 0.0517162196 -0.327427268 -0.218332961
v 0.0126232607 -0.335824221 -0.430232078
v 0.0196710732 -0.329465657 -0.363072991
v -0.000457787071 -0.334216297 -0.185224533
v 0.174515367 -0.304620862 -0.615334392
v 0.0749305561 -0.320815623 -0.60022068
v 0.00121019408 -0.349324256 -0.491834521
v -0.185430676 -0.290720731 -0.269181907
v -0.125147015 -0.335380256 -0.560406029
v 0.0628478378 -0.338759959 -0.372061133
v 0.0429032296 -0.343721747 -0.440728545
v 0.219848707 -0.257404447 -0.613998055
v 0.00416127359 -0.321307629 0.0188003294
v 0.0644811317 -0.343637943 -0.440100968
v 0.0297284089 -0.341273487 -0.424217403
v -0.0107649332 -0.323356062 -0.0227416512
v 0.205724373 -0.28153643 -0.208500117
v 0.227245197 -0.268684983 -0.2106646
v 0.0708384886 -0.322927952 -0.0530930609
v 0.0707036406 -0.324788392 -0.0833832249
v 0.190735415 -0.283865869 0.162763983
v 0.0548338108 -0.342609435 -0.41965583
v 0.0729598626 -0.32745561 -0.260997117
v 0.0243957639 -0.318285078 -0.300098687
v 0.00414802227 -0.320888013 0.237738445
v -0.0903413817 -0.306323856 -0.223858386
v -0.0357006788 -0.327909946 -0.122999452
v 0.288698882 -0.168329239 -0.355810821
v -0.0442461818 -0.324943274 -0.149120301
v 0.0120721385 -0.328415096 -0.0513181835
v -0.0523945056 -0.319512397 -0.17406562
v -0.232067108 -0.282355785 -0.0961331353
v 0.242242873 -0.258410275 -0.200304836
v -0.181973517 -0.300487816 0.0805785954
v 0.141471177 -0.311445236 -0.326658219
v -0.111910596 0.199594229 -0.559781313
v -0.0244707949 -0.332413286 -0.15938428
v 0.0733149126 -0.316363394 0.0641196445
v 0.00994474161 -0.313679218 -0.271150887
v -0.0052152453 0.227459326 -0.557203352
v -0.388844967 -0.206290185 -0.149424314
v -0.267514139 -0.245502397 -0.244343355
v -0.457599044 -0.134766087 -0.085608758
v -0.431512356 -0.141299441 -0.0764673054
v -0.296690434 -0.210149467 -0.293133914
v -0.303536028 -0.20898813 -0.24807924
v -0.289013654 -0.226921186 -0.234099314
v -0.297784388 -0.228924945 -0.205597937
v -0.427964151 -0.154113203 -0.0515334755
v -0.383161664 -0.252770752 0.072769329
v -0.556939363 -0.134753779 -0.0851662233
v -0.31162259 -0.243646055 -0.162509218
v -0.321399838 -0.229233518 -0.182205245
v -0.322710156 -0.213997841 -0.203312293
v -0.350905627 -0.229681045 -0.168141529
v -0.305366904 -0.203049242 -0.268857658
v -0.286209136 -0.225401923 -0.263593554
v -0.222351953 -0.282726377 -0.115464777
v -0.155596882 -0.309678227 0.0135722822
v -0.197059572 -0.291037351 0.519127548
v -0.1721396 -0.302987754 0.105339877
v -0.155726522 -0.308441967 0.0911647826
v 0.0739351436 -0.322004765 0.596779704
v 0.00166256307 -0.319547266 0.208020702
v 0.00372621813 -0.318710357 0.0481007509
v -0.0995693132 -0.310980529 0.296822846
v -0.41046223 0.128418759 0.145129129
v -0.403160125 0.102615029 0.170428678
v -0.403845966 0.140733734 0.17590031
v -0.31683743 0.218989536 0.206700712
v 0.0600935109 -0.320466012 0.276856035
v 0.0825223401 -0.315332234 0.264250636
v 0.143931225 -0.301657557 0.288932055
v -0.0893033296 -0.326991349 0.448314279
v 0.0106829209 -0.3461909 0.571662307
v 0.0881751031 -0.315957278 0.0135418074
v 0.17005305 -0.298575521 -0.612204015
v -0.100094467 -0.311708719 0.371460021
v -0.292436272 -0.186410561 0.563789546
v -0.192674309 -0.196888 0.628023386
v -0.24234423 -0.22999531 0.598115683
v -0.189015135 -0.294144332 0.46265468
v -0.318928987 -0.0257843416 0.609618008
v -0.171865359 -0.279362321 0.599616766
v 0.00776264211 -0.279346943 0.625814497
v -0.301265329 0.0135986423 0.620237947
v -0.334437221 -0.118792132 0.316690266
v -0.366254508 -0.240537271 0.126461312
v -0.314999074 -0.110090621 0.607769608
v -0.592613339 -0.148847833 -0.00197321619
v -0.615049779 -0.151423544 -0.0169122536
v -0.366195202 -0.20907563 0.17834866
v -0.355404824 -0.203403756 0.19256863
v -0.382987469 -0.195720986 0.158603296
v -0.360773355 -0.265671313 0.0809517056
v -0.690474808 -0.136063308 0.067874141
v -0.401777953 0.0670583919 0.210088
v -0.393320113 0.0680791959 0.260070056
v -0.386857301 0.0930155441 0.266119212
v -0.384081334 0.0500431657 0.283859938
v -0.375576586 0.0816779062 0.28439191
v -0.551386476 -0.0667415112 0.140156731
v -0.408371836 0.0145102208 0.187877595
v -0.402693391 0.0680262893 0.181922063
v -0.400390595 0.0724942163 0.234976664
v -0.400047153 -0.0547490455 0.233805478
v -0.239958912 0.106968231 0.628201187
v -0.0924455449 0.345140755 0.58527261
v -0.0798350424 0.341700733 0.576725781
v -0.246039435 0.0690860823 0.629982769
v -0.23848623 0.0843250379 0.62956512
v -0.259861439 0.0949304476 0.626856446
v -0.341739804 -0.0655875653 0.518829107
v -0.313922107 0.20249027 0.223473758
v -0.320782632 0.00234780507 0.609488428
v -0.272321492 0.189335406 0.60722816
v 0.33057034 0.139501363 -0.417742759
v -0.192551717 0.261803478 0.542821407
v -0.671483159 0.170132369 -0.0139183421
v 0.215654343 0.244944781 -0.237888977
v 0.313535899 0.212549359 -0.264115334
v -0.374873906 0.215760604 0.146060735
v -0.01488085 0.209155098 -0.546869695
v 0.399296641 0.23386842 -0.148289099
v -0.401013732 0.0880304947 0.195328474
v -0.662055016 -0.0581466556 0.141178742
v -0.705726206 0.00556800608 0.0697411895
v -0.131477386 0.279678702 -0.542937636
v -0.0677533001 0.300210714 -0.521575689
v -0.703205764 -0.139298692 0.0535266995
v -0.668803632 0.114089161 -0.138128459
v -0.307276249 -0.156511441 -0.56748265
v -0.346628845 0.157993928 -0.469910413
v -0.620933414 -0.129544124 -0.0980659798
v -0.409451991 -0.152832776 -0.0722902119
v -0.308635443 -0.189770177 -0.322401643
v -0.605491221 -0.119759962 -0.105895989
v -0.624789238 -0.15017356 0.00420909328
v -0.668765485 -0.152366549 -0.0276107863
v -0.657411933 -0.152091682 0.000253112637
v -0.688468814 -0.118229814 0.0896764472
v -0.552931249 -0.140232906 0.0455863737
v -0.590351939 -0.131504029 0.0753514022
v -0.405895591 -0.165208265 0.128211915
v -0.200825557 0.138524398 -0.58136946
v -0.319648057 -0.112378314 -0.52222532
v -0.169858992 0.0476395264 -0.568210602
v -0.217663229 0.14455232 -0.595269561
v 0.0505250953 0.231458321 -0.553068578
v 0.217438117 0.135333285 -0.465862274
v 0.209230989 0.1432271 -0.439951062
v 0.0154862171 0.170243695 -0.522551298
v 0.229388222 0.114601038 -0.498937428
v 0.221018642 0.161605299 -0.451844007
v -0.103636041 -0.0359523296 -0.528161049
v -0.155291691 0.0112738442 -0.559714019
v 0.212262332 -0.231113538 -0.605401218
v 0.189999074 -0.23203063 -0.600092113
v -0.185411915 -0.00174939143 -0.581399024
v -0.183158025 0.0288148765 -0.580730438
v -0.214877129 0.0189962089 -0.597192228
v 0.0475968868 0.17244713 -0.511351526
v 0.042584721 0.144830406 -0.500695169
v 0.343454838 0.098434329 -0.419928432
v -0.158023298 0.328412086 -0.620838523
v 0.00675952248 0.251842052 -0.576044381
v -0.208234966 0.149420798 -0.586653113
v -0.114412084 0.349551529 -0.60795331
v 0.0201884713 0.262402028 -0.584947407
v -0.208662406 0.297553837 -0.599511802
v 0.0918211639 0.296077609 -0.0222257972
v -0.12085288 0.312642753 -0.566174269
v -0.128221586 0.294643909 -0.552697718
v -0.116725884 0.237950981 -0.262222081
v -0.0455199741 0.128570229 -0.500934184
v 0.076176174 0.233959407 -0.542778313
v 0.0644941851 0.208622351 -0.524378121
v 0.148510247 0.203523293 -0.421307892
v 0.0447857194 0.193572357 -0.528100014
v 0.339354396 -0.0715284795 -0.586687386
v 0.329734415 -0.0892853439 -0.596434653
v 0.344125658 0.199154437 -0.260874748
v 0.39962703 0.275116682 0.00532473205
v 0.0261378456 0.189439282 -0.531935453
v 0.221738204 0.181136638 -0.591965258
v 0.164017379 0.23500669 -0.5926525
v 0.396970719 0.176537573 -0.21189031
v 0.330744386 0.302215159 -0.0510158278
v 0.158763438 0.18721275 -0.381470978
v 0.168700323 0.162664786 -0.396197468
v 0.284961402 -0.198406428 -0.503148913
v 0.275262624 -0.22176078 -0.52213639
v 0.276185632 -0.190093905 -0.46829018
v 0.304449022 0.193851262 -0.607656181
v 0.291541725 0.208267927 -0.563714921
v 0.27878353 0.23042199 -0.570890069
v 0.152608812 0.213498443 -0.454069912
v 0.167958915 0.217565402 -0.48266539
v 0.184445292 0.209751695 -0.513917863
v 0.189501956 0.203291595 -0.477867156
v 0.337035269 0.119305126 -0.398955166
v 0.157978848 0.229847595 -0.55802685
v 0.132964075 0.237573609 -0.542961657
v 0.167738661 0.308789879 -0.497649878
v 0.175660476 0.218082488 -0.543380797
v 0.186819538 0.210704103 -0.573054969
v 0.213334948 0.184803486 -0.546433032
v 0.208466813 0.188978016 -0.567630053
v 0.230844006 0.16434744 -0.567295015
v 0.257938653 0.257238448 -0.581922174
v 0.212826744 0.289931089 -0.511481822
v 0.240848646 0.268801689 -0.550032437
v 0.238386095 0.276790738 -0.58020246
v 0.24009198 0.271151155 -0.525341868
v 0.20343098 0.266083658 -0.638665497
v 0.0764091015 0.309446812 -0.616833925
v 0.195625722 0.214150995 -0.601606846
v 0.292865306 0.216031209 -0.614572883
v 0.251176298 0.25266543 -0.555300176
v 0.193772942 0.203928307 -0.546206892
v 0.338489711 -0.0599814095 -0.518296957
v 0.325622827 0.138542876 -0.541544914
v 0.335600823 -0.0135377226 -0.61691308
v 0.289389998 0.125614643 -0.624378622
v 0.302033752 -0.181985795 -0.526183009
v 0.305342734 -0.166929349 -0.600028276
v 0.33792153 -0.0523148365 -0.607335567
v 0.378190398 -0.117355831 -0.256747305
v 0.20221065 0.195689902 -0.52566725
v 0.216240942 0.182277024 -0.523160577
v 0.24941659 0.141177177 -0.564559877
v 0.293699831 -0.153666481 -0.60449928
v 0.25717777 -0.151313275 -0.59589994
v 0.283264309 -0.177466184 -0.608237088
v 0.257346183 0.130834579 -0.568957448
v 0.725268781 -0.0130626801 -0.126117006
v 0.720808446 0.0714527071 -0.0978085101
v 0.420914859 0.0853170827 -0.0967140421
v 0.698413551 0.0952814743 0.121962175
v 0.553317308 0.106650107 -0.0256181527
v 0.726041853 -0.0780279785 -0.102226995
v 0.336262167 0.0201904215 -0.620882809
v 0.350081891 0.102336302 -0.313371956
v 0.400644392 0.162675798 -0.200639501
v 0.720716298 0.111866646 -0.019862961
v 0.371756226 0.181772918 -0.24726145
v 0.401955575 0.138420567 -0.200614482
v 0.316860616 0.268951297 -0.157847583
v 0.640869558 0.144048497 -0.0297195185
v 0.59957844 0.130684301 0.00284694228
v 0.653540432 0.151198134 -0.00885615777
v 0.401019484 -0.116020009 0.215819731
v 0.719534159 0.112009548 0.06795872
v 0.631715834 -0.0380453914 0.152483329
v 0.405574679 -0.0463644154 0.174830467
v 0.59709698 0.0900944322 0.128375828
v 0.658604026 0.0651802123 0.142156884
v 0.619239569 0.0760455951 0.136554033
v 0.151516885 0.319140851 0.589527905
v 0.581507444 0.119813666 0.105584867
v 0.598926663 0.113579541 0.111323781
v 0.407850444 0.160403699 0.0802255049
v 0.343515843 0.0924213454 0.43391782
v 0.0838526413 0.246613055 0.626046062
v 0.0892219245 0.342698038 0.589123368
v 0.160135731 0.196399629 0.625299394
v 0.26205796 0.210364878 0.598756194
v 0.257452101 0.20179911 0.605849802
v 0.249709859 0.130988792 0.626415789
v 0.252617925 0.153562009 0.621483266
v 0.277770966 0.0296746474 0.6268785
v 0.26915893 0.0930490717 0.626537383
v 0.306344211 0.0748977065 0.61185509
v 0.351650417 -0.00909783226 0.478239954
v 0.351285905 0.00640901458 0.454254538
v 0.352230072 0.0128161702 0.496757805
v 0.284387797 0.0736492127 0.623893321
v 0.295256585 0.0508771315 0.620826483
v 0.249343619 -0.0767698213 0.630790472
v 0.251410097 -0.0469279401 0.632044375
v 0.347878456 0.0652668923 0.446434051
v 0.379929096 -0.045032762 0.29124251
v 0.418436229 -0.0547706708 0.157501921
v 0.375380516 -0.11615023 0.258255899
v 0.522961557 0.0274939425 0.154316619
v 0.597805202 -0.0414749607 0.150686204
v 0.542215288 0.0335481018 0.152017653
v 0.724502265 0.0958391428 0.0460414849
v 0.59541446 -0.114948109 0.103140205
v 0.722710669 -0.101598412 -0.0939842537
v 0.562734187 -0.156415001 0.0271952078
v 0.556350589 -0.159946501 0.00440159393
v 0.677577436 -0.160347387 -0.003023186
v 0.273148924 -0.221699923 0.544842601
v 0.264444739 -0.225840867 0.297802061
v 0.240614191 -0.244606733 0.319226354
v 0.688297272 -0.110332243 0.107652426
v 0.667430818 -0.144320711 0.0631855205
v 0.415937066 -0.0860236511 0.143783972
v 0.393434376 -0.115521297 0.236108363
v 0.304106832 -0.172607869 0.418218285
v 0.394651771 -0.133187398 0.22289224
v 0.338159829 -0.265518218 -0.105844885
v 0.393657684 -0.232944548 0.115171999
v 0.398857385 -0.231114075 0.0923793018
v 0.380257815 -0.0890176743 0.270433366
v 0.282837898 -0.207368433 0.513814986
v 0.304872692 -0.180014774 0.52916646
v 0.317941368 -0.157575101 0.520386219
v 0.292788446 -0.197001591 0.54239589
v 0.326724112 -0.139790729 0.539256334
v 0.173253328 -0.198608503 0.629626572
v 0.150428355 -0.181233704 0.632208109
v 0.0998567194 -0.31494242 0.598050535
v 0.222302511 -0.263039112 0.461473972
v 0.286811709 -0.284914374 0.00840434246
v 0.335226029 -0.0965455547 0.56446749
v 0.339217395 -0.102023169 0.545232415
v 0.343815356 -0.0732828751 0.546835542
v 0.152135313 -0.215980574 0.630404353
v 0.227088943 -0.217371985 0.608449459
v 0.184937969 -0.292744726 0.485340208
v 0.19571735 -0.291083634 0.56133014
v 0.223023757 -0.269304663 0.491765231
v 0.240142837 -0.261825591 0.537268579
v 0.230809748 -0.264634669 0.500616729
v 0.0960715637 -0.254358232 0.628456414
v 0.152223632 -0.294584423 0.161792204
v 0.140228376 -0.307224452 -0.17932415
v 0.191487968 -0.294787735 0.0651460961
v 0.278734267 -0.281169474 -0.0519869924
v 0.310978532 -0.282509863 -0.0339111164
v 0.278417677 -0.284295231 -0.0184678789
v 0.366178006 -0.257127374 -0.118028916
v 0.395517915 -0.266467661 -0.024754405
v 0.386280686 -0.272703201 -0.00609475654
v 0.131024852 -0.319170088 -0.390833199
v 0.131567106 -0.316306174 -0.357466489
v 0.256985843 -0.244666442 -0.212599978
v 0.390221655 -0.255822659 -0.102760963
v 0.530135155 -0.154071525 0.0267122928
v 0.339605957 -0.102053277 -0.332121253
v 0.392734706 -0.0740925595 -0.260108113
v 0.444980294 -0.137495875 -0.0855124891
v 0.371596426 -0.276943356 -0.0318889841
v 0.210602999 -0.242732063 -0.608389258
v 0.0775863379 -0.349370867 -0.529374957
v 0.134885043 -0.306835473 -0.0548234507
v 0.286073983 -0.2748864 -0.0821237639
v 0.260668874 -0.284177423 -0.0356210507
v 0.0844036266 -0.318705976 -0.0183399338
v 0.173512727 -0.295095414 -0.199697286
v 0.041613169 -0.267919868 -0.583826482
v 0.0896369442 -0.321877122 -0.197771654
v 0.108891524 -0.315823138 -0.192949757
v 0.103170224 -0.335012138 -0.445261776
v 0.223634005 -0.148140967 -0.585908949
v 0.29040885 -0.206821606 -0.538252473
v 0.281906426 -0.225463077 -0.566201091
v 0.239654914 -0.255500674 -0.611048043
v 0.272044063 -0.231556639 -0.601944208
v 0.251679987 -0.255427599 -0.580171824
v 0.278364509 -0.193093926 -0.611585319
v 0.320207208 -0.162420899 -0.578239977
v 0.366500348 -0.064690493 -0.303821683
v 0.385707408 -0.096038036 -0.259134591
v 0.354647577 -0.173380956 -0.232476339
v 0.299931884 -0.15376541 -0.461989909
v 0.286423564 -0.171804219 -0.457597554
v 0.28433159 -0.22017689 -0.54268688
v 0.0271747969 0.303298861 -0.521237254
v 0.147911251 0.179004967 -0.414755404
vn 0.618049068 -0.33188247 -0.712649546
vn 0.662672292 -0.420565371 -0.61966943
vn 0.598206775 -0.424014117 -0.67997109
vn -0.757423329 0.288293293 0.585830076
vn -0.870253458 0.154994067 0.467585028
vn -0.56681389 0.133420109 0.812970534
vn 0.0257569475 -0.954480077 -0.297160499
vn 0.0549438293 -0.956085424 -0.287892058
vn 0.0727004731 -0.955625051 -0.285473998
vn 0.22801282 0.489232113 -0.841820701
vn 0.722089007 0.395953203 -0.567281699
vn 0.547564328 0.102061812 -0.83051592
vn -0.79741803 -0.598764897 -0.0748671016
vn -0.729507167 -0.679706845 -0.0762751444
vn -0.834746482 -0.546509441 -0.0672736352
vn 0.92364108 -0.0598427238 0.378557793
vn 0.988689348 0.0484512096 0.141936089
vn 0.850686434 0.155406284 0.50217674
vn 0.0196040008 -0.00237300334 -0.999805007
vn 0.0195804639 0.168088421 -0.985577439
vn 0.0131329821 0.305907486 -0.951970659
vn 0.367236571 0.0927480205 -0.925491818
vn -0.55437935 -0.144817818 -0.819567774
vn -0.312109815 -0.230478383 -0.921665437
vn -0.389822807 -0.920681293 -0.0195993635
vn -0.257490926 -0.965749193 -0.0320455935
vn -0.350359345 -0.936008225 0.0337184225
vn 0.124661214 0.68546814 -0.717351386
vn 0.549627373 -0.0492479482 -0.833957068
vn 0.747490061 -0.0837357788 -0.658974149
vn -0.858980189 -0.465556043 -0.213097642
vn -0.851261162 -0.485875144 -0.198191266
vn -0.46716216 -0.867412327 -0.171334091
vn 0.285661714 -0.956758307 0.0548719122
vn 0.313885797 -0.948883936 0.0330905128
vn 0.381465301 -0.922548577 0.0582095133
vn 0.244472335 0.371299176 -0.895751193
vn 0.0135208432 0.442029189 -0.896898758
vn 0.11258385 0.203281735 -0.97262604
vn -0.0748884679 -0.963193697 -0.258165876
vn -0.0624467604 -0.982154896 -0.177403951
vn -0.0512630859 -0.985864471 -0.15950969
vn -0.663787232 -0.747726173 -0.0170903719
vn -0.6356265 -0.770049509 -0.0547969524
vn -0.602056015 -0.798403409 0.00897504322
vn -0.073155202 0.0633134932 0.995308856
vn -0.00451604919 0.0550692558 0.998472324
vn 0.0132992265 0.202042129 0.97928653
vn -0.56660761 -0.822955406 -0.041233682
vn -0.620268144 -0.782264008 -0.0577100651
vn -0.649243488 -0.758688695 -0.0536130272
vn -0.732038367 -0.678861425 0.0571576237
vn -0.663760882 -0.730291467 0.161542147
vn -0.651640999 -0.755984507 0.0620599234
vn -0.26782071 -0.188615064 -0.944826135
vn -0.552293337 -0.444207728 -0.705444232
vn -0.622578014 -0.697564957 -0.354682601
vn 0.693394337 -0.102575462 -0.71321986
vn 0.376886859 -0.121316869 -0.918280193
vn 0.305476833 -0.259123954 -0.916263434
vn -0.0854578374 -0.995877499 0.0304132288
vn -0.218341355 -0.974007222 0.0603074085
vn -0.0961877004 -0.98940971 0.108703049
vn -0.844788892 -0.534436851 -0.0266266674
vn -0.866251912 -0.425268066 -0.262211167
vn -0.815197469 -0.571155148 -0.0960982989
vn -0.068834533 -0.995893157 0.0588100859
vn -0.063793595 -0.997167108 0.0398514217
vn -0.0183594884 -0.998937732 0.0422650873
vn -0.743335962 -0.562159735 0.362530109
vn -0.688598154 -0.466838377 0.554882431
vn -0.655885704 -0.431906539 0.619088591
vn -0.505050688 -0.734287302 0.453592284
vn -0.239075684 -0.858816519 0.453075053
vn -0.279689548 -0.817083833 0.504130704
vn -0.224993962 -0.970929838 0.0816882256
vn -0.230801134 -0.972596108 0.028065065
vn -0.164542684 -0.985090699 0.0502197091
vn -0.0567106324 -0.411732391 0.909538533
vn -0.0339110518 -0.203439716 0.978500037
vn -0.0974900602 -0.31074361 0.945480881
vn -0.0541779391 -0.544792373 -0.836818989
vn -0.115162466 -0.97807211 -0.17352969
vn -0.168291064 -0.450445225 -0.876799416
vn 0.125357789 -0.771926924 0.623228889
vn 0.00725102052 -0.769623098 0.638457289
vn 0.0834098776 -0.881101436 0.465513751
vn -0.635947912 -0.771695009 0.0075541648
vn -0.725164983 -0.688551396 0.00572032873
vn -0.63336681 -0.77383216 0.00550206832
vn -0.0314263241 -0.999344054 0.0179958007
vn 0.00203367856 -0.999731024 0.0231029154
vn -0.377615991 -0.923180334 -0.0717233148
vn -0.399411496 -0.915336236 -0.0512838363
vn -0.492972788 -0.866277531 -0.0808768821
vn -0.745582475 -0.666343492 -0.00965003366
vn -0.0407602354 -0.999100713 0.0116776632
vn -0.0396518745 -0.999211006 0.00225687412
vn -0.0731106631 -0.997165033 0.0177968317
vn -0.177339298 -0.983051043 -0.0464910803
vn -0.294562291 -0.955591161 -0.00886510658
vn -0.172033859 -0.970252004 -0.170339073
vn -0.260346303 -0.957410713 0.124838013
vn -0.359508763 -0.90816432 0.214455163
vn 0.260879434 -0.962963426 -0.0681422116
vn 0.178714451 -0.968243871 -0.174828346
vn 0.169542893 -0.980878936 0.0955600344
vn -0.156001326 0.154103807 0.975661623
vn -0.169479217 -0.0703622908 0.983018791
vn -0.320053673 -0.0268720088 0.947018237
vn -0.0242159428 0.716131709 0.697544955
vn -0.0938469709 0.942025426 0.322150341
vn -0.0584982532 0.916930231 0.394736503
vn -0.165536294 -0.966287643 0.197195147
vn -0.123648891 -0.0556021359 0.990767054
vn -0.203642606 0.0959086576 0.974336296
vn -0.505981796 0.0320577543 0.861948214
vn -0.997330196 -0.0395236509 -0.0614032609
vn -0.967223511 -0.0310693102 -0.252018608
vn -0.971232537 -0.099343141 -0.216421578
vn -0.994254403 0.0994602028 0.0395708372
vn -0.923931056 0.335475298 0.183868783
vn -0.953173753 0.283631154 0.10494363
vn -0.955515992 0.286094994 -0.0716857305
vn -0.993207754 -0.0711429747 -0.0920708111
vn -0.924924942 0.337723535 -0.174518383
vn -0.465953881 -0.884663299 -0.0160570014
vn -0.470167447 -0.882520672 -0.00999178652
vn -0.455409658 -0.886401504 0.0830326264
vn -0.540896362 -0.838519867 0.0656929158
vn -0.488835931 -0.858011613 0.157656287
vn -0.234448481 -0.971971233 -0.0174880405
vn -0.294284329 -0.955683697 -0.00808729797
vn -0.285842354 -0.958102353 -0.018276461
vn -0.583792479 0.0482800416 0.810466149
vn -0.83155571 0.0542002142 0.552790591
vn -0.805037705 -0.00748870522 0.593176376
vn -0.98640762 -0.0481811251 0.157094194
vn -0.997015201 -0.0717886069 0.0284092309
vn -0.940967343 -0.195261297 0.276502233
vn -0.974010411 -0.0807911262 0.211604616
vn -0.898295426 -0.0535478507 0.436116905
vn -0.550478882 -0.831782181 -0.0714940769
vn -0.111488675 -0.991864292 0.0614451049
vn -0.169225492 -0.985247331 0.0255035273
vn -0.290892957 -0.954733928 0.0621644176
vn -0.357841997 -0.349996118 0.865708856
vn -0.586758014 -0.453431162 0.670906264
vn -0.253892259 -0.895559505 0.365392794
vn -0.454343813 -0.890432724 -0.0264813949
vn -0.430551781 -0.900386067 -0.0626904589
vn -0.493019074 -0.868392451 -0.053167127
vn -0.111286252 -0.993510598 -0.0234959863
vn -0.117215461 -0.992131206 -0.0440023297
vn -0.127716289 -0.990084839 -0.0584855663
vn -0.908213554 -0.276272178 0.314359386
vn -0.810105238 -0.423188199 0.405760092
vn -0.788692488 -0.383984741 0.480124857
vn 0.383757954 0.477555534 0.790361022
vn 0.389916051 0.49932617 0.773717551
vn 0.397991749 0.414875988 0.818217869
vn -0.490372423 -0.870058442 -0.0503308439
vn -0.441843627 0.0770748269 0.89377496
vn -0.431777741 0.110781063 0.895151126
vn -0.290613981 0.0681936338 0.954407221
vn -0.817352981 -0.575793623 -0.0198949478
vn -0.78389754 -0.618771944 0.051243816
vn -0.770103802 -0.637888296 -0.00621735135
vn -0.95377168 0.105669678 0.281342322
vn -0.706010986 -0.706035317 -0.0553409372
vn -0.693471959 -0.717606156 -0.0643276588
vn -0.75296781 -0.65517466 -0.0615275744
vn -0.110781765 0.923942485 0.366138888
vn -0.224429125 0.703333427 0.674502527
vn -0.316945539 0.892639271 0.320531836
vn -0.285754101 -0.819259411 0.497150492
vn 0.686146718 0.649618381 0.327412034
vn 0.52613138 0.842721469 -0.114045152
vn 0.731575226 0.681636287 0.0130253667
vn -0.264409839 -0.964116037 -0.0238265302
vn -0.558733742 -0.812744834 0.165113419
vn -0.581269977 -0.811362943 0.0617688368
vn -0.920781091 -0.131378157 0.367290026
vn -0.945174425 -0.205268238 0.253988695
vn -0.744371915 -0.165776853 0.646860485
vn -0.0847232889 -0.994706441 0.0581468817
vn -0.0277273368 -0.998710047 0.0425374781
vn -0.317698811 0.123059134 0.940172279
vn -0.0472633701 -0.997409865 0.0542193149
vn 0.137200682 -0.990228399 -0.0249738069
vn 0.0652679584 -0.996414488 0.0538355124
vn -0.903306828 -0.425531825 -0.0544007436
vn -0.921680482 -0.38790021 -0.00620614698
vn -0.945110303 -0.324779521 -0.035843807
vn -0.982064953 -0.18559781 0.0331946045
vn -0.949804074 -0.111130435 0.292441871
vn -0.991406997 0.0621112861 0.115127554
vn -0.835144385 0.425519405 0.348521294
vn -0.715439548 0.662234159 0.222693001
vn -0.580715575 0.671950928 -0.4596209
vn 0.545675894 -0.104752995 -0.831423255
vn 0.6458654 -0.207182723 -0.734801473
vn -0.336774236 0.941440744 0.0165057151
vn -0.000189475084 0.970349115 0.241707589
vn -0.252898303 0.927131532 -0.276531321
vn -0.517261897 -0.851482458 0.0861263825
vn -0.517910302 -0.855268771 0.0168596669
vn -0.470941586 -0.881455008 0.0353707596
vn -0.132052949 -0.455676512 -0.880295936
vn -0.186557044 -0.597483103 -0.779878459
vn -0.453817573 -0.445552766 -0.771707421
vn -0.882384236 0.15114619 -0.445592739
vn -0.710056388 -0.107156127 -0.695943597
vn -0.48140213 -0.147681539 -0.863968838
vn 0.674954203 -0.306209056 -0.67132171
vn 0.777806049 -0.383713331 -0.497776887
vn 0.727627528 -0.26182481 -0.634039391
vn 0.356415694 -0.0405829195 -0.933445702
vn 0.584384517 -0.200283233 -0.78637228
vn 0.427512757 -0.133724901 -0.894064032
vn 0.106876709 -0.367960938 -0.923678579
vn -0.0233676687 -0.291502551 -0.956284589
vn 0.0645910866 -0.186719829 -0.980287558
vn -0.354918565 -0.847108554 -0.395524853
vn -0.527653827 -0.79404231 -0.30179173
vn -0.872160409 -0.44397841 -0.205473581
vn -0.230511148 -0.97151089 0.0550563512
vn -0.678301604 -0.734219908 0.0287760448
vn -0.979671531 -0.148263508 -0.135135576
vn -0.997767703 -0.0200139578 -0.0637106957
vn -0.551365619 -0.833347358 -0.0390913728
vn -0.575702854 -0.81649248 -0.0436606586
vn -0.644959711 -0.762154415 -0.056103645
vn -0.0479699117 0.652895015 0.755927898
vn -0.00384373988 0.780264956 0.625437306
vn -0.108970561 0.653653957 0.748907151
vn -0.151729851 -0.979235248 0.134448433
vn -0.376985638 -0.925978716 0.0211008668
vn -0.428379943 -0.898938154 0.0916559888
vn -0.0303651921 -0.993463729 0.110035328
vn -0.0216404942 -0.999722952 0.0092578517
vn -0.0174355666 -0.993643846 0.111211095
vn -0.119057993 -0.989007277 -0.0876915021
vn -0.253743618 -0.316128186 0.914153787
vn -0.404382476 -0.531235358 0.744488958
vn -0.792974323 -0.608470795 0.0309033075
vn -0.779792667 -0.62492896 0.0372450324
vn -0.847806088 -0.529402616 0.0309468531
vn -0.588804555 -0.204716911 0.781920829
vn -0.0507050817 0.763047913 0.644349965
vn -0.474368547 -0.879826749 -0.029654237
vn -0.0632047669 -0.99502226 -0.077044532
vn -0.118925641 -0.985834305 -0.118268404
vn -0.256960706 -0.966122331 -0.0240590435
vn -0.676731326 -0.733716447 0.0607855948
vn -0.729568513 -0.683057761 0.034086368
vn -0.699169831 -0.714955476 0.000464656928
vn -0.150721826 -0.988522366 -0.0103181278
vn -0.106139012 -0.993403572 -0.0434033795
vn -0.145041055 -0.987697084 -0.0584599228
vn -0.123844556 -0.982436912 0.13957163
vn -0.310404949 -0.948691805 0.0602712742
vn -0.112113994 -0.992605408 0.0465290815
vn 0.375449995 -0.378464392 -0.846050829
vn 0.431163339 -0.303917999 -0.84954813
vn 0.43637517 -0.219523433 -0.872574451
vn -0.542927258 -0.831130863 0.120214319
vn -0.460065918 -0.876475316 0.141881542
vn 0.0287091907 -0.0735799505 -0.996876007
vn 0.375782539 -0.183929904 -0.908271586
vn 0.20473821 -0.138222193 -0.9690082
vn -0.779737672 -0.624040513 -0.0508193054
vn -0.760576478 -0.645612942 -0.0686101341
vn -0.17450151 -0.980979729 -0.0850176143
vn -0.166676006 -0.981576726 -0.0934143423
vn -0.22408651 -0.970198021 -0.0922010636
vn -0.646317468 -0.761770986 0.0444825308
vn -0.820567987 0.394846855 -0.413236179
vn -0.88995622 0.392957302 -0.231435704
vn -0.772959266 0.617936481 -0.143834903
vn 0.831163235 0.551584778 -0.0701563182
vn 0.795385245 0.60610419 0.0001516995
vn 0.820375682 0.571821698 -0.00191981878
vn -0.314175296 -0.388773165 -0.866111603
vn -0.0521914279 -0.718541185 -0.693523338
vn -0.0986989081 -0.709300389 -0.69796238
vn 0.876533968 0.480892354 -0.0207544147
vn 0.455244002 0.88581022 0.0899619488
vn 0.937820155 0.344170669 0.0451653351
vn -0.029259992 -0.985319375 -0.168195072
vn -0.00431701751 -0.923621102 -0.383282433
vn -0.0213111481 -0.970748445 -0.239151188
vn 0.0134889014 -0.999657559 0.0224235304
vn 0.133525428 -0.990733402 0.0248653512
vn 0.108168405 -0.993893344 0.0218086492
vn -0.397596491 -0.187782525 -0.898139607
vn -0.335167562 0.171316776 -0.926451978
vn -0.354833859 0.443012136 -0.823306249
vn -0.406829829 -0.89265689 0.194044241
vn -0.337545864 -0.905330269 0.257759373
vn -0.298805902 -0.894874868 0.33153281
vn 0.611552393 0.0580159021 -0.789074031
vn 0.827230043 0.069016429 -0.557608455
vn 0.953292264 0.175199757 -0.24604655
vn -0.203183623 -0.971552186 0.121666618
vn 0.0224559597 -0.994574064 0.101578354
vn -0.092936048 -0.977333265 0.190217193
vn 0.980445545 0.18333107 -0.0715279823
vn 0.984859144 0.148444581 -0.0895358778
vn 0.998269335 0.0578999226 -0.0102923908
vn -0.0632135014 0.787119633 0.613552553
vn 0.960056937 0.279486626 -0.0133380193
vn 0.93862948 0.3439478 -0.0259732599
vn 0.960960514 0.235209568 -0.145709815
vn -0.238620146 -0.490032718 -0.838408231
vn -0.162475388 0.667376492 -0.726780824
vn -0.826625698 -0.557405042 -0.0773923454
vn -0.915265124 -0.316400465 -0.249360178
vn -0.94710785 -0.12490628 -0.295609778
vn 0.894230249 0.447554085 0.00689944113
vn 0.79309266 0.608803634 0.0190306875
vn 0.769150787 0.630526319 0.104132741
vn 0.951507915 0.157802076 -0.264066645
vn 0.978741086 0.0947247126 -0.181915132
vn 0.978312859 0.130037082 -0.161227504
vn 0.970460278 0.00767445309 -0.241138862
vn 0.91092812 0.0524380688 -0.409219023
vn 0.963929713 0.071772854 -0.256297028
vn 0.560719462 0.597200349 0.573537643
vn 0.423010926 0.447957279 0.787652228
vn 0.341665474 0.645043499 0.683508294
vn 0.961941143 -0.237385737 0.135341236
vn 0.969673224 -0.238578581 0.0530480777
vn 0.956176777 -0.260257627 0.134134035
vn 0.306628244 -0.754323991 0.580494993
vn 0.374216853 -0.690342325 0.619184319
vn 0.47488158 -0.722365253 0.502668804
vn 0.190128166 -0.981196826 0.0332275212
vn 0.789606454 0.61278613 -0.031856021
vn 0.589528008 0.790155387 0.167663929
vn 0.900880287 0.365628945 -0.233944829
vn 0.773735766 0.527161462 -0.351331407
vn 0.659689154 0.656815715 -0.365244216
vn -0.159619746 0.0177530477 -0.987018929
vn -0.141351691 0.772779799 -0.618733449
vn -0.192619406 0.889750702 -0.413813307
vn -0.251470499 0.773942927 -0.581184079
vn 0.858606338 0.509836386 -0.0534978203
vn 0.873957604 0.48426468 -0.0410588208
vn 0.877127254 0.47957678 -0.0255713323
vn 0.676733179 0.711105567 0.190685806
vn 0.717908574 0.6705385 0.187043841
vn 0.7932355 0.580359121 0.184284379
vn 0.989125565 -0.147048063 0.00273558178
vn 0.996694034 -0.0750484693 0.0311244307
vn 0.995669284 -0.0889940418 0.0268837927
vn 0.586353232 0.608412637 -0.53481207
vn 0.131185589 0.918749882 -0.372409715
vn 0.893553475 0.337126276 -0.296492936
vn 0.966822566 0.254627248 0.0204716982
vn 0.985740703 0.168217983 0.00423979142
vn 0.973664564 0.225774659 0.031672059
vn 0.143073562 -0.989389199 -0.0252778228
vn 0.0708062389 -0.986588494 -0.147070118
vn 0.133579667 -0.95931488 -0.248739691
vn 0.81961928 0.542754022 0.183418394
vn 0.843530279 0.523372831 0.120571755
vn 0.794497612 0.517079985 0.318436545
vn 0.909699734 0.415243237 -0.00441004714
vn 0.92925579 0.369303429 0.00993252137
vn 0.890231508 0.455133595 -0.0184735588
vn 0.997319062 0.0703632778 0.0200922541
vn 0.991359999 0.0202938149 0.129589791
vn 0.980423498 0.0931165471 0.173490842
vn 0.245494121 0.121719536 0.961726048
vn 0.0907143021 -0.06826337 0.993534613
vn 0.0390614229 0.1088375 0.993291802
vn 0.139479121 0.0352704113 0.989596672
vn 0.193840157 0.00924401407 0.980989573
vn 0.0287191498 0.012159908 0.999513555
vn 0.948605341 0.312245435 0.0514849025
vn 0.930125369 0.355572787 0.0918411144
vn -0.984571436 -0.0587584612 0.164822725
vn -0.876954991 -0.0585888338 0.476987727
vn -0.853928012 -0.0519391742 0.517792693
vn -0.215960149 0.207715124 -0.954052221
vn -0.136090371 0.0183655335 -0.990526182
vn -0.185722169 0.224017645 -0.956725337
vn 0.995311667 0.0715342819 0.0650963228
vn 0.97606987 0.147770924 0.159534832
vn 0.989364903 0.141920402 0.0318698516
vn 0.878725286 0.150264985 -0.453058832
vn 0.953082471 0.124961691 -0.275714308
vn -0.464979029 -0.885253824 -0.0109622176
vn -0.0113378545 0.925880104 0.377647303
vn 0.30253805 0.888450354 0.345147354
vn 0.168379462 0.980703974 0.099338168
vn 0.509969157 -0.818269103 0.265268042
vn 0.410616049 -0.839979242 0.354724305
vn 0.364053904 -0.848275034 0.384570179
vn 0.173667454 0.177593512 0.968658949
vn 0.0171456999 0.274572067 0.961413649
vn 0.132463361 0.401463979 0.906245073
vn 0.255680435 -0.434260666 -0.863739074
vn 0.0215416331 -0.48323254 -0.875226982
vn 0.334132176 -0.34000729 -0.879062416
vn 0.709477264 0.699202826 0.0880762135
vn 0.84813768 0.518583693 0.108320955
vn 0.0259875375 0.542384929 0.839728073
vn 0.000983973968 0.731159458 0.682205891
vn 0.85576403 0.517313929 -0.0073637411
vn 0.046336274 0.683959004 0.728047409
vn -0.00622964269 0.597458936 0.801875309
vn 0.0116201274 0.793361542 0.608639825
vn 0.285191755 -0.556238509 0.780553896
vn 0.171861456 -0.376726898 0.910241992
vn 0.213100466 -0.519562415 0.827431621
vn 0.822562471 -0.521412173 0.226980897
vn 0.875026459 -0.468712873 0.120983212
vn 0.823506309 -0.560142432 0.0898766695
vn 0.172127539 0.776130304 0.606624976
vn 0.0820319982 0.857763956 0.507456153
vn 0.286156096 0.869280531 0.403070771
vn 0.0130848151 -0.637666584 0.770201348
vn 0.0247504158 -0.740154219 0.67198151
vn 0.00194303925 -0.627416184 0.778681679
vn 0.624754912 0.77370916 -0.10514483
vn 0.890809593 0.434952127 -0.131434076
vn 0.876579108 0.480185204 0.0321128739
vn 0.70172143 -0.7123432 0.0124177297
vn 0.741266539 -0.671015643 0.0161840851
vn 0.772303691 -0.634358481 0.0337094587
vn 0.933516923 -0.208815267 0.291448689
vn 0.992189788 -0.0720967663 0.101791359
vn 0.956824353 -0.151279335 0.24819694
vn 0.898708223 0.0755368473 0.431992725
vn 0.948899634 -0.0114320793 0.315370881
vn 0.983245458 0.0212268295 0.181046379
vn -0.406575663 -0.912966288 -0.0344787901
vn -0.406795782 -0.913479803 0.00847592686
vn 0.593106777 0.130659349 0.794451059
vn -0.0132204314 -0.501150089 0.865259388
vn 0.793358027 0.165921706 0.585707289
vn 0.903209115 0.233493871 0.360130402
vn 0.739900232 0.188521495 0.645761018
vn 0.863001888 0.264500845 0.430426584
vn 0.782037258 0.116114739 0.612319439
vn 0.452535383 0.0371542359 0.890972104
vn -0.0750565628 -0.237655013 0.968445459
vn -0.0654096754 -0.192097977 0.979193516
vn -0.185009584 -0.426543911 0.885342728
vn 0.697699388 0.361359836 0.618574679
vn 0.689617201 0.47809968 0.543919858
vn 0.546777709 0.523624189 0.653338997
vn 0.465946435 -0.883429726 0.0494554269
vn 0.408309712 -0.859385522 0.307798154
vn 0.340227867 -0.937507711 0.0729677316
vn 0.941018455 0.318963924 0.112899437
vn 0.945070938 0.271160224 0.182518643
vn 0.888436906 0.330257543 0.318762951
vn 0.0969220563 -0.992426181 -0.0754744302
vn -0.00111545422 -0.994458825 -0.10512089
vn -0.0129945532 -0.998124099 -0.0598282907
vn 0.0718858065 -0.997001589 -0.0286402104
vn 0.998893307 -0.0257493827 0.0393589829
vn 0.123348315 -0.800907289 0.585945994
vn 0.0435055701 -0.842100217 0.537563475
vn 0.0139335329 -0.724139578 0.689512675
vn 0.361690093 -0.5524404 0.750992597
vn 0.252767573 -0.428937994 0.867248956
vn 0.291727465 -0.387313578 0.874576056
vn 0.145812038 -0.536766216 0.831036028
vn 0.210950868 -0.556704187 0.803480043
vn 0.395463429 -0.497586166 0.772021168
vn 0.13883794 -0.922191912 0.360951664
vn 0.330610182 -0.848683525 0.412835539
vn 0.299230105 -0.913286724 0.276348881
vn 0.810457043 -0.500299685 0.304728742
vn 0.60843441 -0.730916005 0.309142948
vn 0.414863929 -0.736208476 0.534682149
vn 0.895506377 -0.300945852 0.327871809
vn 0.0491033143 -0.618443177 0.784293887
vn 0.0846057441 -0.559834799 0.824273539
vn -0.057608208 -0.80890362 0.58511215
vn -0.0608691213 -0.612493092 0.788128899
vn -0.0876097068 -0.636420836 0.76635048
vn -0.944565648 -0.0418654905 0.32564247
vn 0.971933875 -0.232870981 0.0334013208
vn 0.976190056 -0.213524258 0.0382147321
vn 0.933100813 -0.357995252 0.0340921186
vn 0.136752937 -0.990457819 -0.0170863304
vn 0.0405687323 -0.999159333 0.00589957727
vn 0.159522774 -0.987130496 0.01121908
vn 0.691957574 0.371236155 0.619175608
vn 0.34745365 -0.246477238 0.904723677
vn 0.388515871 -0.229300374 0.892455465
vn 0.476335144 -0.333327527 0.813632343
vn 0.281025342 -0.47425958 0.834327638
vn -0.10977182 -0.993694446 -0.0228362595
vn 0.0618520935 -0.997401249 -0.0369468168
vn 0.00542990558 -0.99901544 -0.0440302971
vn 0.0839584177 0.751878804 0.653933673
vn 0.631400307 -0.717339629 0.294546276
vn 0.490584015 -0.804748657 0.334225857
vn 0.639374323 -0.74710196 0.181766708
vn 0.582024305 -0.788542557 0.198616072
vn 0.717160206 -0.14222762 0.682240825
vn 0.471237917 -0.0358592334 0.881276881
vn 0.670670555 -0.707895222 0.221552163
vn 0.674037097 -0.635073476 0.377300507
vn 0.993442372 -0.0728595014 0.0881121305
vn 0.996432039 -0.0510931789 0.0671764801
vn 0.999573526 -0.00846361067 0.0279487629
vn 0.334902042 -0.939635365 -0.0701854893
vn 0.219888325 -0.971362689 -0.0900202867
vn 0.292673096 -0.952871988 -0.079858834
vn 0.64881061 -0.314773456 0.692793234
vn 0.533865468 -0.328798948 0.779024335
vn 0.680767136 -0.426973907 0.595188533
vn 0.398720681 -0.897636812 0.187803015
vn 0.843379605 -0.527882233 0.100255622
vn 0.0543732445 -0.905936953 0.41990688
vn 0.999882032 0.00797472582 -0.0131273268
vn 0.999884071 0.0144690052 -0.00474264485
vn 0.999821933 -0.00777512694 -0.0171944706
vn 0.266727488 0.565889393 -0.780144629
vn 0.575114205 0.488154423 -0.656466991
vn -0.26362727 0.588859661 -0.764032043
vn 0.042451018 -0.344844029 -0.937699583
vn 0.983859384 -0.178586193 0.011299748
vn 0.692199001 0.229586352 0.684215353
vn 0.777611654 0.335298531 0.531878756
vn 0.569437652 0.257762956 0.780576082
vn 0.0137472845 -0.156050002 0.987653486
vn 0.0098032366 -0.37720411 0.926078267
vn -0.0175717945 -0.26744322 0.963413388
vn 0.90167149 0.37628663 -0.213065475
vn 0.687126969 0.49184669 -0.534736723
vn 0.453323648 0.694962368 -0.558144226
vn 0.0238264639 -0.871889153 -0.489123302
vn 0.229891189 -0.837582198 -0.495586625
vn -0.0196199371 -0.740903474 -0.671324885
vn 0.992917892 -0.00899199177 -0.118461828
vn 0.974188416 0.0404460007 -0.222083434
vn 0.913781948 0.124111369 -0.386780197
vn 0.055510804 -0.970390767 -0.235075115
vn -0.133876841 -0.963682175 -0.231070675
vn 0.148015589 -0.975245962 -0.164276287
vn -0.0345609628 -0.989615856 0.139520597
vn -0.0422581667 -0.993777676 -0.103054247
vn -0.0235740347 -0.995880216 -0.0875606082
vn 0.992207919 0.124378576 0.00730861242
vn 0.998299784 0.0564324348 0.0145918524
vn 0.982788335 0.183466831 -0.0216104353
vn -0.5067046 -0.831174675 0.228908514
vn 0.0313558086 -0.982546231 -0.183356804
vn 0.0429111869 -0.956753763 -0.287716644
vn 0.0810779944 -0.968892942 -0.233822208
vn 0.0879911268 -0.98655097 -0.137748845
vn 0.263090897 -0.817638067 0.512104649
vn 0.440952078 -0.768609782 0.463465499
vn -0.385417046 -0.807016843 -0.44741202
vn 0.032570155 -0.236708287 -0.971034691
vn -0.193881001 -0.472728278 -0.859615107
vn 0.189985188 -0.981781438 0.00329197588
vn 0.19731227 -0.979659209 0.0365472632
vn 0.217967958 -0.975774299 0.0188278344
vn 0.983981344 0.141012881 -0.109069166
vn 0.998425023 0.0536528814 0.0163963857
vn 0.990564592 0.135343957 -0.0215360548
vn 0.0368580164 0.136758992 -0.989918413
vn 0.101064219 0.334011479 -0.937135185
vn -0.100530012 -0.370750745 -0.923275474
vn 0.0265552928 -0.991756247 0.125356943
vn -0.0800301586 -0.978456818 0.190308774
vn -0.0215258884 -0.970625697 0.239629699
vn 0.020335497 0.297460848 -0.954517423
vn 0.0479047477 0.314546771 -0.948032417
vn -0.0196083527 0.270610186 -0.962489293
vn 0.305119702 -0.947760397 0.0930171909
vn 0.374596485 -0.926242215 0.0418668558
vn 0.822465529 0.563473321 -0.0777706263
vn -0.782914987 -0.62201087 0.0121078837
vn -0.682662924 -0.728316154 0.0593878057
vn -0.714995173 -0.698958613 0.0154518369
vn 0.111618299 -0.482094336 -0.868980095
vn -0.551558943 -0.832709733 -0.0487568709
vn -0.537765443 -0.803428639 -0.255559681
vn 0.157375005 0.70409155 -0.692450863
vn 0.527402324 -0.849580274 0.00775541924
vn 0.346963939 -0.937868575 -0.00430829092
vn 0.483723451 -0.873844706 0.0490617214
vn 0.894967796 0.219211902 -0.388559887
vn 0.608333339 0.472700531 -0.637561571
vn 0.875978051 -0.214241903 -0.432160689
vn 0.935697222 -0.211722716 -0.28221304
vn 0.914708459 -0.0983916406 -0.391953466
vn -0.22367027 -0.880151271 -0.418694819
vn -0.313093891 -0.890352143 -0.330522734
vn -0.266673669 -0.962304289 0.0534378988
vn 0.947188698 0.262290896 -0.184491343
vn 0.785300257 0.350580685 -0.510290789
vn 0.90206798 0.333565914 -0.273874317
vn 0.839099011 0.367604842 -0.400973229
vn -0.0319871596 -0.919867925 -0.390921759
vn 0.996378375 0.003911394 -0.0849401823
vn 0.994469346 -0.0393553422 -0.0973749311
vn 0.998616001 -0.0378138902 -0.0365539681
vn -0.19029634 -0.97084714 0.145750242
vn 0.0992214446 -0.865764306 -0.490517351
vn 0.177565603 -0.87897221 -0.442581416
vn 0.0785510913 -0.913177956 -0.399919676
vn 0.999699005 -0.0232819852 -0.0077361978
vn 0.993158882 0.0886442964 -0.0760106777
vn 0.985141208 -0.0504266416 -0.164176597
vn 0.373692937 -0.413253167 -0.830406773
vn 0.782023402 -0.153105808 -0.604150652
vn 0.336349975 -0.17806237 -0.924749959
vn -0.501288993 -0.858504632 -0.108070077
vn -0.206463163 -0.978338487 0.0150587945
vn -0.193014663 -0.980464804 0.0378696199
vn -0.246862045 -0.968628578 0.0285973474
vn -0.343627838 -0.296731182 -0.890994116
vn 0.996124341 0.0853618832 0.0212048545
vn 0.994006875 -0.02679049 -0.105983973
vn 0.972846085 -0.114400617 -0.201203862
vn -0.0135061153 -0.963835825 0.266154256
vn -0.0347345152 -0.929940084 0.366066871
vn -0.0375601344 -0.904930261 0.423899114
vn -0.550375514 -0.833484458 0.0488922546
vn -0.574253991 -0.81388126 0.0884852985
vn -0.329533577 -0.943653438 0.0304271413
vn -0.296920778 -0.954722864 0.0185014507
vn -0.293812469 -0.955755179 0.0143620967
vn -0.278727499 -0.958831991 -0.0543341015
vn -0.582043683 -0.812818523 0.023477655
vn -0.600409924 -0.795020023 0.0863196763
vn -0.276825889 -0.955869826 0.0983885296
vn -0.378052004 -0.925243969 0.0316271936
vn -0.649036552 -0.759969949 0.0346010135
vn -0.542327203 -0.839179736 -0.0407256122
vn -0.741463638 -0.391393748 -0.545016153
vn -0.669104435 -0.74062119 -0.061477699
vn -0.619694728 -0.780245392 -0.0848267177
vn -0.906752079 -0.421563244 -0.00922486743
vn -0.86247011 -0.506024558 0.00919000246
vn -0.894851415 -0.446196748 -0.012223218
vn -0.900548452 -0.433558525 0.032241137
vn -0.0243327512 -0.968005984 0.249744535
vn -0.60568446 -0.788729475 0.105129206
vn -0.920983885 -0.381649367 -0.0783099196
vn -0.897048981 -0.43235726 -0.0914894797
vn -0.891842325 -0.433598138 -0.128879482
vn -0.656403164 -0.75023981 -0.0792156166
vn 0.631578355 0.737351205 -0.239628844
vn 0.83242868 0.554130979 -0.00116224205
vn 0.747574489 0.660430403 0.0704561351
vn -0.57973748 -0.810226329 -0.0862423934
vn -0.509449253 -0.84871751 0.14191563
vn 0.453791122 -0.385826356 -0.803250671
vn 0.331625849 -0.378309077 -0.864237548
vn 0.320536531 -0.246085416 -0.914712141
vn -0.852951341 -0.508695415 -0.117059748
vn -0.872177851 -0.487756286 -0.0374112448
vn -0.874683448 -0.477970135 -0.0804575443
vn -0.786287908 -0.407846642 -0.464125461
vn -0.880703513 -0.457042852 -0.124391133
vn -0.669443123 -0.742787913 -0.0105839954
vn -0.621596331 -0.783335843 0.00171996386
vn 0.874467143 0.0143679517 -0.484871919
vn 0.865229175 -0.16036033 -0.47504004
vn 0.802596764 -0.292756202 -0.519742475
vn -0.473100413 -0.878496665 -0.0664801336
vn -0.402760323 -0.894952606 0.191947793
vn 0.998140699 0.0609466998 -0.000802550346
vn -0.112467699 0.782526403 0.612375249
vn -0.0822521333 0.81218868 0.577567428
vn -0.0939407483 0.668945332 0.73735153
vn -0.0762094863 -0.997091803 0.000227133232
vn -0.267684703 -0.919985927 0.286305421
vn -0.283061221 -0.942593191 0.177184712
vn 0.0739963435 0.371617709 -0.925432234
vn -0.3844764 -0.905045118 0.181854979
vn -0.28500856 -0.942375301 0.175211054
vn -0.283627554 -0.933702569 0.218528997
vn 0.521279306 -0.00848942076 -0.853343902
vn 0.559526759 0.031804719 -0.828201827
vn 0.520038678 -0.059272683 -0.852083636
vn -0.200657676 -0.979209086 -0.0297668149
vn -0.169158401 -0.985446445 -0.0167552525
vn -0.0632683874 -0.598525496 -0.798601491
vn -0.246705136 -0.514512761 -0.82122664
vn 0.108950724 -0.988023069 0.10927102
vn 0.156669668 -0.987643314 -0.00391144159
vn 0.0944057886 -0.995496487 0.00861924955
vn -0.18602984 -0.971038245 -0.149925399
vn -0.186746055 -0.952673411 -0.239873474
vn -0.219182923 -0.951878164 -0.214212059
vn -0.0583128559 -0.997302383 -0.0445821403
vn 0.657639189 -0.745091366 -0.111128545
vn 0.632964405 -0.768902098 -0.0902531145
vn 0.683835903 -0.718835225 -0.125077487
vn -0.375370886 -0.91460213 0.150331769
vn -0.225534274 -0.935336393 0.272543801
vn -0.264184952 -0.9390982 0.219774614
vn -0.259196865 -0.929953808 0.260773658
vn -0.317740058 -0.942339687 0.105057935
vn -0.188139087 -0.978403195 -0.0856205099
vn -0.0298827623 -0.994784565 -0.0975227664
vn -0.152222937 -0.980292431 -0.125916353
vn 0.252145865 0.777755671 -0.575776501
vn 0.00924771125 0.513117816 -0.858268365
vn -0.168653385 -0.930657646 0.32470353
vn -0.1990786 -0.932142417 0.302453676
vn -0.174581338 -0.940299374 0.292161674
vn -0.202838779 -0.934300167 0.293154615
vn -0.216526362 -0.944358899 0.247593626
vn -0.10844686 -0.985142873 0.133164555
vn -0.0764007477 0.269035586 -0.960095193
vn -0.0868508525 0.259128229 -0.961930086
vn -0.0385621454 0.267807522 -0.962700417
vn 0.00740226396 -0.999040017 0.043176964
vn 0.0849129242 -0.868202781 -0.488890301
vn -0.196513706 -0.980298106 -0.0199495856
vn -0.259918527 -0.964908808 -0.0373276327
vn 0.544587476 0.681749986 -0.488509404
vn 0.0841157287 -0.324855953 -0.942015474
vn -0.522356107 -0.843140946 -0.127504678
vn -0.425836407 -0.904151943 -0.0342435193
vn -0.559316305 -0.827485294 -0.0493291018
vn -0.177420665 -0.95694571 0.229732052
vn 0.482474756 -0.81387052 -0.323779071
vn 0.333882717 -0.801968062 -0.495347917
vn 0.306372614 -0.834403463 -0.45815574
vn -0.0438169186 -0.98487338 0.167643976
vn 0.14062001 -0.980335256 0.138451429
vn 0.0718603857 -0.98438403 0.160698993
vn -0.544610845 -0.815087566 0.197563378
vn 0.849161778 0.515868912 0.113152735
vn -0.259872304 -0.933095653 -0.248593821
vn -0.227428277 -0.923136111 -0.309993709
vn -0.915396062 -0.388203179 0.106528598
vn -0.157903904 -0.525055049 -0.836291548
vn -0.0545753349 -0.389859549 -0.919255712
vn 0.0335225911 -0.702382869 -0.711009523
vn 0.834364142 0.543669978 -0.090881427
vn 0.874075702 0.481907248 -0.0612949526
vn -0.184333713 -0.978741324 0.0899249883
vn 0.0524207837 -0.996444001 0.0659652545
vn 0.14061147 -0.620370961 -0.771601118
vn 0.218073346 -0.576058282 -0.787782249
vn 0.163728044 -0.561995998 -0.810773474
vn 0.248164702 -0.965703487 0.0763613519
vn 0.349358865 -0.935341392 0.0555415601
vn 0.335794284 -0.940239538 0.0564961024
vn -0.229149929 -0.955680801 0.184836457
vn -0.0103086224 -0.999160613 0.0396459671
vn -0.0787721329 -0.99555454 0.0516343819
vn -0.201500713 -0.977660953 -0.059804047
vn -0.0520054352 -0.798866128 0.599256493
vn -0.279669262 -0.952844595 -0.117780651
vn -0.206367487 -0.963319285 -0.171547121
vn -0.322770307 -0.936134873 -0.13953791
vn -0.647325339 -0.758941383 0.070554119
vn -0.705143672 -0.709019604 0.00797515931
vn -0.113568855 -0.993472202 0.0107284544
vn -0.259260662 -0.964491625 -0.0503965657
vn -0.136741286 -0.990329077 -0.0234550756
vn -0.254759737 -0.961680653 -0.101330148
vn 0.158287477 -0.982241433 0.100731536
vn -0.023592017 -0.989751583 0.140837567
vn -0.109854355 -0.9774566 -0.180307007
vn -0.130469774 -0.98864353 -0.0745761917
vn 0.0120039917 -0.996303071 -0.0850652399
vn 0.051988171 -0.99838021 -0.0231124769
vn -0.0570177332 -0.997314922 -0.0459556835
vn -0.0881382718 -0.994965833 0.0476931566
vn 0.0405766004 -0.995172482 -0.0893603365
vn -0.186481124 -0.978357748 -0.0896711019
vn -0.227730221 -0.97136118 -0.0677967884
vn -0.298905145 -0.952627929 -0.0561760065
vn -0.246549281 -0.967720113 -0.0522612097
vn -0.155351498 -0.985614516 0.066557785
vn -0.149230674 -0.984535757 0.0917581009
vn -0.132494419 -0.989777878 0.052772926
vn -0.096090736 -0.995058286 0.0250115512
vn -0.0981631428 -0.995087717 -0.0128231764
vn -0.180063517 -0.981313231 -0.0678341595
vn -0.222071057 -0.970542511 -0.0934434554
vn -0.343626379 -0.937512275 -0.0546959468
vn -0.390345648 -0.920667941 0.000903540425
vn -0.472777892 -0.880912786 -0.0217653118
vn -0.324863818 -0.945646178 0.0147243215
vn -0.282321104 -0.959147825 -0.0181725992
vn -0.0793510407 -0.187465106 -0.9790609
vn -0.158619854 -0.986675885 0.0362000005
vn -0.165441788 -0.983953655 -0.0668148117
vn -0.214920009 -0.971346356 -0.101467465
vn -0.198516147 -0.978436618 -0.0570361581
vn -0.0617380502 -0.998055562 -0.00857366194
vn -0.126037317 -0.991809357 -0.0207073304
vn -0.108956514 -0.993992117 -0.0103994866
vn -0.106543993 -0.991600908 0.0733213235
vn -0.44766438 -0.226636825 -0.86500425
vn 0.0714633416 -0.0696822597 -0.995006218
vn -0.649572978 -0.0411369739 -0.759185547
vn -0.0542600063 -0.992679557 0.10790342
vn -0.223181677 -0.841243524 -0.492442151
vn -0.137384226 -0.921145331 -0.36416597
vn -0.598054643 -0.789808945 -0.13613403
vn -0.0762869921 -0.997046242 -0.00889305394
vn -0.113134159 -0.993347494 -0.021480663
vn -0.0907946063 -0.995625908 -0.0220315745
vn -0.295751226 -0.952949041 -0.0664780966
vn -0.303808319 -0.947491018 -0.099806195
vn -0.532408307 -0.586091649 -0.610768347
vn -0.676046804 -0.614940203 -0.405967075
vn -0.241098323 -0.932769843 -0.267977645
vn -0.146251126 -0.956442113 -0.252644202
vn -0.162663719 -0.908571318 -0.384757943
vn -0.911233835 -0.411531778 -0.0171608375
vn -0.995667427 -0.0902961971 0.0222029434
vn -0.992567581 -0.118771531 -0.0265126602
vn -0.0491327933 -0.998373881 0.0289060828
vn -0.0576081285 -0.996434229 -0.0616451968
vn -0.69457345 -0.71302837 -0.095698835
vn -0.339993066 -0.940205463 0.0204548723
vn -0.326961573 -0.732987359 0.596511241
vn -0.342714076 -0.929914522 0.133439287
vn -0.243886126 -0.95312048 0.17911144
vn -0.28104475 -0.955072144 0.0940800047
vn -0.287336807 -0.953701515 -0.0888311913
vn -0.103141358 -0.979799897 0.171330156
vn -0.0632655781 -0.987016129 0.14763681
vn -0.235730574 -0.952202326 0.194272558
vn -0.164394441 -0.948775724 -0.269813071
vn -0.522521859 -0.83335987 0.180228282
vn -0.892505043 -0.435887202 0.115918483
vn -0.824031899 -0.519509212 0.226012406
vn -0.89105341 -0.452681206 0.0332196479
vn -0.836181374 -0.547566626 0.0311688982
vn -0.297200002 -0.954788294 -0.00717436264
vn -0.267299019 -0.963376127 0.0213932685
vn -0.173850039 -0.984735465 0.00849870012
vn 0.420188515 -0.150085416 -0.894939093
vn 0.676240035 -0.445462787 -0.586738716
vn -0.440130872 -0.884096802 -0.157027575
vn -0.780912781 -0.534997602 0.322417113
vn -0.865272359 -0.464225692 0.189204261
vn -0.858553222 -0.512078508 0.0257287303
vn -0.236747655 -0.964802549 -0.114484014
vn -0.44687522 -0.893480444 -0.0446680424
vn -0.675590128 -0.737086026 -0.0167978792
vn -0.767138419 -0.641302612 -0.0151527677
vn -0.839845245 -0.52762429 -0.127563994
vn -0.126495279 -0.981493588 -0.143768148
vn -0.783049635 -0.572485481 -0.24309184
vn -0.852042969 -0.49370267 -0.174012793
vn -0.823398001 -0.553403991 -0.125537862
vn -0.651287875 -0.755716782 -0.0686749529
vn -0.732472333 -0.62026721 0.280629418
vn -0.822757482 -0.537503456 0.184824675
vn -0.736015678 -0.581202814 0.347108355
vn -0.348145537 -0.935001455 -0.0675793155
vn -0.328292113 -0.94144111 -0.0768955442
vn -0.14857474 -0.984569357 0.0924593268
vn -0.062500438 -0.996391601 0.0574236224
vn -0.0787010776 -0.987989141 0.132979688
vn -0.0408444365 -0.99898895 -0.0187832435
vn -0.964085047 -0.265280551 -0.0128938878
vn -0.992149256 -0.0979307695 -0.077778009
vn -0.301686647 -0.951684463 -0.0572874392
vn -0.418769556 -0.80147445 0.426931804
vn -0.160446283 -0.985958475 -0.0462912011
vn -0.105118429 -0.994449808 -0.00443785197
vn -0.137362168 -0.990519052 0.00190864382
vn -0.415585437 -0.904313828 -0.0974948441
vn -0.408972964 -0.879127977 -0.24469392
vn -0.585584975 -0.808912771 -0.052443938
vn -0.22462756 -0.974444674 -0.000191234155
vn -0.192368022 -0.978205273 -0.078160018
vn -0.0995533946 -0.99404126 -0.0443970179
vn -0.0261073546 -0.995576699 -0.0902521003
vn -0.0285294386 -0.999505219 -0.0132433938
vn -0.109734504 -0.990930128 -0.0775617228
vn -0.178491024 -0.975125722 -0.131418341
vn -0.223010886 -0.97147878 -0.080592337
vn -0.805271438 -0.545566669 -0.232152797
vn -0.419882017 -0.69829268 -0.579729614
vn -0.577820182 -0.709267568 -0.403811037
vn -0.117987772 -0.992557408 0.0301442639
vn -0.99943556 -8.55120044e-05 -0.033593957
vn -0.993970752 -0.0894727442 -0.0633780121
vn -0.256539282 -0.965367323 -0.047471354
vn -0.179901869 -0.98364187 0.00916460149
vn -0.197228299 -0.97606651 0.0916251388
vn -0.127038899 -0.991786417 0.0148600623
vn -0.152715496 -0.988244725 -0.00709508977
vn -0.103647661 -0.99458542 -0.00755020687
vn -0.00312701736 -0.999446837 0.0331095301
vn -0.352534322 -0.23747315 0.905166313
vn -0.432430233 -0.320618552 0.842738297
vn -0.0664909533 -0.997733727 -0.010313213
vn -0.112692988 -0.993556159 -0.012101587
vn -0.0810674039 -0.996684978 -0.00686513845
vn -0.498515964 -0.865467011 0.0494842086
vn -0.533050661 -0.845598305 0.0286443639
vn -0.428997236 -0.902875485 0.0278788458
vn 0.117996656 -0.957745855 -0.262296906
vn 0.109077234 0.74188801 0.661592274
vn 0.0065618897 0.815810542 0.578282026
vn 0.0177795905 0.611425229 0.791102443
vn -0.0330154634 -0.999422058 0.00809497377
vn -0.0868108191 -0.995873733 0.0264459759
vn -0.337625146 -0.939991604 0.0492447421
vn -0.268335568 -0.961202287 0.0639232797
vn -0.769319969 -0.63788607 0.0353291244
vn -0.765176372 -0.637613196 0.0891881781
vn -0.115476402 -0.920284646 0.373819972
vn -0.229218041 -0.887177399 0.400468916
vn -0.226488208 -0.840359993 0.492441035
vn -0.106055679 -0.993895396 -0.0303995886
vn 0.0170579828 -0.999814403 0.00895459786
vn -0.0782101551 -0.9969324 0.002993424
vn -0.0205699672 -0.999785631 -0.00235956373
vn 0.0283152419 -0.999203674 -0.0281116365
vn 0.116895395 -0.993110125 -0.0082307901
vn 0.0625296356 -0.995176385 0.0755910576
vn -0.0462634234 -0.998216749 0.0377229028
vn -0.0562248508 -0.998000688 0.0288685491
vn -0.105183241 -0.993956335 0.031421163
vn 0.162790745 -0.985531022 -0.0471993444
vn -0.128360953 -0.991041544 0.0368798611
vn -0.0529817023 -0.998470976 0.0157686162
vn 0.200296221 -0.97468166 0.0993835234
vn 0.265538585 -0.955513944 0.128383656
vn 0.23077064 -0.966855933 0.10924521
vn -0.596314348 0.383773263 0.705072536
vn -0.711028771 0.447786468 0.542148841
vn -0.427644767 0.22673593 0.875049011
vn -0.0463928702 0.0529650368 0.997518123
vn -0.0164070579 0.0277003525 0.999481615
vn -0.0878158038 0.0927207957 0.991812098
vn -0.139979976 -0.989787226 -0.0269602214
vn -0.138715924 -0.99018411 -0.0171266192
vn -0.152781592 -0.988087206 -0.018478598
vn 0.959859622 -0.0882958627 -0.266220484
vn 0.862553055 -0.316936005 -0.394403088
vn 0.847264703 0.100139235 -0.521646103
vn -0.0573116336 -0.998337967 -0.00605639573
vn -0.0781951374 -0.996868994 -0.0117358154
vn -0.117137961 -0.993010533 0.0144491673
vn -0.0987784948 -0.994956314 0.0174568608
vn 0.123897502 -0.991638792 0.0360820724
vn 0.194160916 -0.979967427 0.0443326169
vn 0.0717704791 -0.994549446 0.0756333068
vn -0.130915445 -0.991096204 -0.0242788018
vn -0.119216974 -0.992786314 -0.0127533397
vn -0.0948203597 -0.995017833 -0.0307995209
vn -0.0933948195 -0.995286354 -0.0261243424
vn -0.0175403061 -0.99964216 0.0201962938
vn -0.0851430223 -0.996334478 -0.00826284144
vn -0.115741794 -0.993225329 -0.0103577545
vn -0.0675518501 -0.997710666 -0.00318979819
vn -0.391685972 -0.891117282 0.229111522
vn -0.414342778 -0.909136926 0.0423097141
vn -0.452984326 -0.874739037 0.172153471
vn 0.250461088 -0.966772745 0.0511830368
vn 0.821388138 -0.535196158 -0.197196853
vn 0.433878554 -0.875239251 -0.213788805
vn 0.727653118 -0.685306319 -0.0296004821
vn -0.0346640319 -0.0638352015 0.997358247
vn -0.0104294712 -0.0555218552 0.998403
vn -0.00824174063 -0.0058345108 0.999949015
vn -0.63592843 -0.734083653 0.238151678
vn -0.574651715 -0.773887137 0.266221912
vn -0.53110951 -0.682016092 0.502769071
vn 0.399484194 -0.453248222 -0.796855337
vn -0.660644991 -0.736971573 -0.1429024
vn -0.958015451 -0.26995118 -0.0966061863
vn -0.0808877886 -0.99671079 0.00497666384
vn -0.13155842 0.617204529 -0.77572608
vn -0.0935737558 0.994461023 -0.0478667625
vn -0.197226983 0.628578927 -0.752323102
vn -0.102555526 -0.974310107 -0.200504811
vn -0.112819844 -0.993032385 0.0340347485
vn -0.0682930003 -0.986898653 -0.146174943
vn -0.0375824056 -0.408897765 0.911805999
vn -0.0577509793 -0.234426507 0.97041694
vn -0.0437682841 -0.204226845 0.977944647
vn -0.0353562747 -0.998593255 -0.0395151336
vn 0.311516325 -0.907195666 0.282760682
vn 0.370484371 -0.928728188 0.0143277089
vn 0.262058994 -0.949679665 0.171562282
vn 0.1425179 -0.989767788 -0.00695513904
vn -0.344112762 -0.928504418 0.139520438
vn -0.270704104 -0.960815865 -0.059600016
vn 0.34178758 -0.707728793 0.618305107
vn 0.35760483 -0.740969519 0.568403868
vn 0.17065885 -0.937574941 0.30303265
vn 0.170936102 -0.89577839 0.410319296
vn -0.118705205 -0.990854791 -0.064154941
vn -0.117499177 -0.990663262 -0.0691393199
vn -0.0813592803 -0.995044327 -0.0571616475
vn -0.315071362 -0.81591292 0.484784636
vn -0.44235864 -0.892704549 -0.0860082657
vn -0.371542707 -0.924936774 -0.0802993164
vn 0.813660144 -0.568476287 0.121621876
vn 0.363867338 -0.930506062 0.0419407793
vn 0.677432259 -0.730773636 -0.0839965936
vn 0.0214012739 -0.982050222 -0.187401565
vn -0.335254056 -0.941410605 -0.0367530892
vn -0.208920209 -0.977907316 -0.00704460735
vn -0.168163809 -0.985298824 0.0301191038
vn -0.788182578 0.00983368432 0.61536292
vn -0.846526617 -0.52597085 0.0821422599
vn -0.803258798 -0.593309734 0.0525248888
vn -0.820615171 -0.570707845 0.0297202983
vn -0.624778119 -0.533237715 0.570359396
vn -0.84029572 -0.428688124 0.331857794
vn -0.846654813 -0.31603672 0.428131311
vn -0.298266173 -0.941462886 -0.15711437
vn -0.28707835 -0.942972228 -0.168491537
vn -0.388754355 -0.912489305 -0.127410045
vn -0.540905919 -0.835951806 0.0927651028
vn -0.470551806 -0.831417071 0.295510832
vn 0.381281372 -0.520435084 -0.764049631
vn -0.1565578 0.142855567 -0.977282939
vn -0.0583978132 0.150868963 -0.986827367
vn -0.103776337 -0.971728817 0.21206975
vn -0.0472749579 -0.975928769 0.212904006
vn -0.361040848 -0.906332405 0.219570212
vn -0.406477523 -0.881734325 0.239417216
vn -0.017022235 -0.960325058 -0.278363119
vn -0.043992719 -0.967627303 -0.248519702
vn -0.0679867834 -0.962157316 -0.263877048
vn -0.302926 -0.688554638 0.65888417
vn -0.256889974 -0.599797988 0.757792792
vn -0.0842814754 -0.967726998 -0.237489136
vn -0.0187735015 -0.959070777 -0.28254345
vn 0.0248848538 -0.971168271 -0.237092669
vn -0.070560645 -0.982962982 -0.169720276
vn -0.0843114551 -0.991617402 -0.0979107023
vn -0.0839424423 -0.989571521 -0.11705499
vn -0.422803728 -0.905228465 0.0424079392
vn -0.331880558 -0.943242744 0.0121827905
vn -0.478278923 -0.878107266 0.0133004549
vn -0.0503545588 -0.203300092 0.977820787
vn -0.0440123067 -0.0136379208 0.998937898
vn -0.0435825833 -0.0256074969 0.99872159
vn -0.709151804 -0.704404246 0.0303047272
vn -0.935329583 -0.303164421 0.182345565
vn -0.855708823 -0.40967305 0.316117702
vn -0.830187728 -0.33908685 0.44250248
vn 0.438766053 -0.716185971 0.542735668
vn 0.0244130085 -0.466320626 -0.884278847
vn -0.0580266359 -0.721130326 -0.690365093
vn 0.0289021261 -0.442308316 -0.896397245
vn 0.0129361954 -0.874184347 0.485421859
vn 0.0298171932 -0.951722961 0.305506694
vn 0.0188931312 -0.913290976 0.40686932
vn -0.80458809 -0.593756712 0.00953792968
vn -0.760316058 -0.649531608 0.00530863222
vn -0.700809783 -0.712615696 -0.0323189985
vn -0.261734751 -0.965105871 0.00809805504
vn -0.140869242 -0.990016641 0.00478623954
vn -0.21802528 -0.97502525 -0.0423171233
vn -0.0551159872 -0.83132324 0.553049634
vn 0.00471969188 -0.94751212 0.319685012
vn -0.687778081 -0.725540277 0.0235078056
vn -0.850045156 -0.526079049 0.0257695067
vn -0.775810567 -0.630880375 0.010388291
vn -0.44900388 -0.891826613 -0.0551435153
vn -0.506130564 -0.861648253 -0.0373381849
vn -0.447316279 -0.890307713 -0.085207533
vn -0.796399034 -0.589350384 0.13570079
vn -0.358639413 -0.933336586 -0.0161427706
vn -0.0421344306 0.565244693 0.823846543
vn -0.142393993 0.444838937 0.884218452
vn -0.683143627 -0.730164486 0.013213924
vn -0.60081981 -0.799113603 0.0208088055
vn -0.568982578 -0.822018895 -0.0233186913
vn -0.330245523 -0.857738269 0.393983448
vn -0.373556517 -0.791210784 0.484191102
vn -0.156119753 -0.97784296 -0.139462424
vn -0.257845765 -0.96280368 -0.0807752174
vn -0.153380295 -0.98282907 -0.102574385
vn -0.201113584 -0.978692947 0.0413937482
vn -0.268356648 -0.963164532 0.0172856287
vn -0.320541679 -0.946997241 0.0211957091
vn -0.750641164 -0.656546418 0.0740583804
vn -0.00127210751 0.663401189 0.748262818
vn -0.753895767 -0.656838093 0.0143140768
vn -0.826824558 -0.308416727 0.470361853
vn -0.859750411 0.00123331671 0.510712943
vn -0.252577271 -0.628199643 0.73591435
vn -0.864276669 -0.501203953 -0.0426665877
vn -0.831285867 -0.5553793 0.022751712
vn -0.860401456 -0.508963124 0.0258045271
vn -0.874113607 -0.46859264 0.127852803
vn -0.912182705 -0.407283897 0.0451944691
vn -0.900504268 -0.433097751 -0.038966673
vn -0.868620821 -0.0558576542 0.49231879
vn -0.888990618 0.0409874424 0.456087393
vn -0.58603297 -0.673294439 0.450821424
vn -0.457501102 -0.726013573 0.513417018
vn -0.38565954 -0.922501323 0.0160632665
vn -0.45493958 -0.890293268 0.0201959271
vn -0.137727878 -0.476972505 0.868060056
vn -0.194205263 -0.766331127 0.612389516
vn -0.15972598 -0.633283849 0.757257669
vn -0.387416983 -0.921240992 0.0349730665
vn -0.263096115 -0.964004734 0.0384097181
vn -0.583306865 -0.811352259 0.0382179652
vn -0.68203764 -0.731115815 0.0171558251
vn -0.55472174 -0.831203527 0.0372087041
vn -0.102323678 -0.984220352 -0.144361223
vn -0.109218925 -0.975264539 -0.192172593
vn -0.199006165 -0.965052274 -0.170501189
vn -0.0624152565 -0.978298653 -0.197575506
vn -0.0420275024 -0.955636887 0.291533582
vn 0.0173856384 -0.998229484 0.0568826498
vn -0.0297101799 -0.99947019 0.013290748
vn -0.60292147 -0.793714341 0.0806427061
vn 0.0297799961 -0.436201613 0.89935605
vn -0.0265330081 -0.602136274 0.797952321
vn 0.0533742261 -0.331126207 0.942075701
vn 0.00313534645 -0.0125429088 0.999916419
vn 0.0122005805 -0.110019538 0.99385454
vn 0.023141412 -0.0812648709 0.996423853
vn -0.670573671 -0.741548156 -0.0209113462
vn -0.569190248 -0.821976008 -0.0194397442
vn -0.590454802 -0.804808461 -0.0603859997
vn -0.108819788 -0.993118543 -0.0432875672
vn -0.0764942619 -0.41853107 0.904975343
vn -0.176263445 -0.967754042 -0.179953642
vn -0.284291052 -0.952402468 -0.11003698
vn -0.19002758 -0.961708125 -0.197501903
vn 0.165824742 -0.983184376 -0.0764894657
vn 0.175922002 -0.983428387 -0.0438184603
vn -0.864633304 -0.294891722 0.406753145
vn -0.927417124 -0.327455621 0.180749257
vn -0.911548479 -0.282544538 0.298743962
vn 0.369566761 -0.929191211 -0.00490946829
vn 0.23635473 -0.970883433 -0.0390102759
vn 0.235987143 -0.970439824 -0.050562984
vn -0.0952614355 -0.0306558012 0.994980141
vn -0.216781894 -0.0483710234 0.975020951
vn -0.10877401 -0.0319073069 0.993554296
vn -0.248707237 -0.216532591 0.9440648
vn -0.18069596 -0.0800696941 0.980274357
vn -0.206812361 -0.138870175 0.968474946
vn -0.107514675 0.379509225 0.918919661
vn -0.219805822 0.310133375 0.924933884
vn -0.491445821 -0.870433747 0.0287419018
vn -0.514805188 -0.856328219 0.0409585048
vn -0.046119183 -0.110315044 0.992826073
vn -0.16414532 -0.218341414 0.961968472
vn -0.0718003703 -0.0685874616 0.995058022
vn -0.590419737 -0.807055637 -0.00810756464
vn -0.54853614 -0.835757651 -0.0248445541
vn -0.505895389 -0.860689343 -0.0573036646
vn -0.144342814 -0.111414332 0.983235475
vn -0.303967747 -0.200126923 0.931425157
vn -0.126428846 -0.99003216 -0.0620650356
vn -0.812552614 0.201206268 0.547059674
vn -0.378810096 0.184428761 0.906911761
vn -0.391463285 0.306487204 0.867653209
vn -0.317023981 -0.948409303 0.00394827525
vn -0.750415192 -0.408790134 0.51939163
vn -0.680079534 -0.522500983 0.514280615
vn 0.079890228 0.528332379 0.845270637
vn -0.0623385215 0.484573076 0.8725267
vn -0.596836303 -0.80217222 0.0174973637
vn -0.756709628 -0.653158407 0.027832251
vn -0.624765578 -0.779958216 0.0365123785
vn -0.754247836 -0.536514327 0.378500435
vn -0.889896329 -0.37723949 0.256466161
vn -0.208746404 -0.591712598 0.778653415
vn -0.709681885 -0.391732753 0.585574139
vn -0.35619649 -0.501425627 0.788477267
vn -0.379527122 -0.916815665 -0.124129769
vn 0.0175562615 0.0960613035 0.99522058
vn -0.0439572318 0.257944839 0.965159169
vn -0.119844034 0.109064965 0.986783786
vn -0.714690382 -0.698851843 0.0287012067
vn -0.370839747 -0.923205095 -0.100847585
vn -0.348849175 -0.936845504 0.0249951023
vn -0.978908619 0.158193226 0.129278069
vn -0.39416157 -0.915799766 0.0771196786
vn -0.179857881 -0.983001901 0.0368565432
vn -0.378890181 -0.91515412 0.137605117
vn -0.27532803 -0.938349021 0.209034905
vn -0.700782338 -0.692242711 0.1723489
vn -0.579363595 -0.753961939 0.309643696
vn -0.604385341 -0.73280915 0.312584563
vn -0.679833427 -0.732721151 0.0307607902
vn -0.54824244 -0.779141008 0.303923538
vn -0.163361337 -0.97549648 0.147376018
vn -0.0128379845 -0.984574227 0.174495784
vn -0.409946405 -0.490312341 0.769114915
vn -0.541436479 -0.588269034 0.600654712
vn -0.191695116 -0.6705242 0.716693993
vn -0.905455198 -0.251670116 -0.341779224
vn -0.974810288 -0.222440806 0.0162785244
vn -0.204996705 -0.974711646 0.0889581847
vn -0.00248926396 -0.717413497 0.69664315
vn -0.018769368 -0.584184797 0.81140362
vn -0.0232444913 -0.708869297 0.704956746
vn -0.387622316 -0.846370481 0.365247792
vn -0.466056057 -0.883848631 0.0400418552
vn -0.387784502 -0.921215185 0.0313968558
vn -0.212412349 -0.97710242 0.0123229568
vn -0.120755717 -0.991749016 0.0430342391
vn -0.125820914 -0.99204075 -0.00492419642
vn -0.159293606 -0.986751095 -0.0307867358
vn -0.234277731 -0.961162554 0.14587834
vn -0.53388041 -0.824181741 0.18893429
vn -0.256444289 -0.905405901 0.338343732
vn -0.197386646 -0.936782056 0.288925408
vn -0.487930733 -0.742980623 0.458152152
vn -0.775627768 -0.190365924 0.601799286
vn -0.986553867 -0.134470203 0.0928936589
vn 0.0112320746 0.0295505229 0.999500179
vn -0.0313951 0.0676290996 0.997216452
vn -0.034378132 -0.15338334 0.987568577
vn -0.738548894 -0.477934473 0.475525153
vn -0.73265243 -0.536193153 0.419186498
vn -0.784792236 -0.391620469 0.480348367
vn 0.0339828016 -0.987432452 0.154344818
vn 0.047896501 -0.98394071 0.171949422
vn 0.0340786061 -0.966010578 0.25624639
vn -0.750047634 -0.34380892 0.564999092
vn -0.304050579 -0.284310681 0.909241817
vn -0.517043085 -0.142062781 0.844088037
vn -0.63754914 0.541345537 -0.548157006
vn -0.0997497908 0.916134439 -0.388262371
vn -0.0981078068 0.916130274 -0.388690339
vn -0.116420613 -0.0462819768 0.992121071
vn -0.0574074594 -0.949572239 0.308248191
vn -0.100220947 -0.969675698 0.22290088
vn -0.636701864 -0.680391785 0.362874297
vn -0.791668136 -0.476199358 0.382747613
vn -0.183539903 -0.0626898804 0.981011255
vn -0.385577365 0.415865311 0.823641997
vn -0.651017745 0.197855909 0.732822581
vn -0.84082913 0.178859392 0.510896948
vn -0.0224933698 -0.324836267 0.945502749
vn -0.0222202938 -0.511100751 0.859233543
vn -0.0245225627 -0.43363517 0.900754786
vn -0.0261749197 -0.586879791 0.809250879
vn -0.00667980591 -0.766632127 0.642051837
vn -0.0184872018 -0.653317956 0.756857894
vn -0.51828801 -0.516812035 -0.681383049
vn -0.851355468 -0.123815608 -0.509768146
vn -0.636637689 -0.622747274 -0.454838746
vn -0.946958333 -0.25550697 -0.19490024
vn -0.0121203462 -0.774224213 0.632795358
vn -0.206085862 -0.625101854 0.752845462
vn -0.290327129 -0.947229414 -0.135891855
vn -0.896484223 0.264591581 0.355397429
vn -0.938032317 0.16399374 0.305289086
vn -0.990787646 0.0877936165 0.103112182
vn 0.00286477489 0.514858017 0.857270678
vn 0.0143609201 0.48922426 0.872039785
vn -0.0166314486 0.464739504 0.885291245
vn 0.0427668851 0.436303917 0.898782446
vn 0.0636829499 0.470394459 0.880155404
vn 0.0600690861 0.892418679 0.447191913
vn -0.00713141656 0.147003065 0.989110328
vn -0.106078263 -0.952397374 0.285808756
vn -0.720248278 -0.640507497 0.266444299
vn -0.790954612 -0.594878307 0.143215228
vn -0.03953817 -0.281211889 0.958830854
vn -0.263231336 0.316704668 0.91126693
vn -0.535506838 0.00407391396 0.844521065
vn 0.00685404231 -0.999484347 0.0313697773
vn 0.0026253719 -0.999602306 0.0280773465
vn 0.0616681351 -0.551930373 -0.831606821
vn 0.00516405014 -0.457283714 -0.889305874
vn 0.00822758281 -0.595133392 -0.803584814
vn -0.851683479 -0.230415225 0.470684689
vn -0.638785392 -0.0656825036 0.766576174
vn -0.0522733641 -0.0716185334 0.996061384
vn -0.0213834262 -0.0682471744 0.997439257
vn 0.0231743344 0.326801305 0.9448089
vn -0.0077834735 0.252821094 0.967481737
vn -0.155181867 -0.616256899 0.77210493
vn -0.0305402968 0.0834420613 0.996044533
vn 0.0015916253 0.241700398 0.97034962
vn -0.044487109 -0.319187028 0.946646998
vn -0.0451073972 -0.448669843 0.89255851
vn 0.00343818209 0.346220323 0.938146932
vn -0.0577439206 0.235167704 0.970238007
vn 0.0359666359 -0.976728951 0.2114402
vn -0.617018746 0.508679999 0.600443607
vn -0.573812923 0.54145195 0.61446604
vn -0.693087261 0.664798725 0.27869823
vn -0.5066717 0.617691082 0.601449512
vn -0.377435481 0.783069532 0.494312215
vn -0.876549051 -0.479540432 0.0412642083
vn -0.153272579 0.244472725 0.957465719
vn 0.00372608553 -0.328418052 0.944525119
vn 0.0381009652 -0.144331686 0.988795571
vn 0.0822881133 0.0216957314 0.996372401
vn -0.164922883 -0.957361104 0.237192241
vn -0.0162328777 -0.999812569 0.0105508214
vn 0.0593773901 0.970380171 0.234172263
vn 0.00438042142 0.980731318 0.1953123
vn 0.0509748271 0.95032985 0.307041924
vn 0.0288859217 -0.169104225 0.985174789
vn -0.991939027 0.0782372614 0.0996789737
vn -0.986850033 0.0952972613 0.130558204
vn -0.988252875 0.0662942703 0.137700129
vn -0.966403253 0.0688121635 0.247648216
vn -0.937014721 0.0886337622 0.337857172
vn -0.0275449667 -0.397833404 0.917044087
vn -0.913982504 0.177177972 0.365025956
vn -0.701747415 0.434879895 0.564296059
vn -0.692649437 0.393541564 0.604451648
vn -0.166300932 -0.581807366 0.796143321
vn -0.142260381 -0.441526891 0.885898408
vn 0.00969468074 0.295046796 0.955433619
vn 0.0282413241 0.194079397 0.980579224
vn -0.0693594545 -0.987810185 0.139356755
vn -0.10986139 -0.979589375 0.168330421
vn -0.163607632 0.570564399 -0.804791159
vn -0.181081084 0.685997679 -0.704710455
vn -0.850149734 -0.182567886 0.493876905
vn -0.797116306 -0.270801992 0.539696096
vn -0.938473189 -0.332865816 0.092024025
vn -0.0159954804 -0.193646733 0.98094092
vn -0.327154257 0.93094549 0.162205385
vn -0.434767321 0.89759537 0.072800602
vn -0.857145303 -0.149794564 0.492811848
vn -0.91893926 -0.102362472 0.380883921
vn -0.465739052 -0.292980779 0.83501461
vn -0.414150423 -0.231431621 0.880294742
vn -0.653264514 -0.398898751 0.643525649
vn -0.84824275 -0.471868018 0.240467897
vn -0.98444205 0.0135597552 0.175185569
vn -0.975634976 -0.0675701047 0.208735897
vn -0.687204378 -0.608062636 0.397504683
vn -0.601466617 -0.68208488 0.415930433
vn -0.0600008639 -0.121494335 0.990776979
vn -0.338740477 -0.0987439939 0.935683981
vn -0.216991272 -0.0773985888 0.973100327
vn -0.511249696 0.820190267 -0.25673269
vn -0.916600232 -0.19429216 0.349420335
vn -0.851330788 -0.513942331 -0.105352601
vn -0.355105142 -0.252856291 0.899980019
vn -0.701192471 -0.266704728 0.661209276
vn -0.878361054 -0.475381805 -0.0499399562
vn -0.887648862 -0.458834921 -0.0393702142
vn -0.739786893 -0.133178401 0.659529277
vn -0.92659647 0.0126156707 0.375845482
vn -0.465061022 -0.0753322431 0.882067627
vn -0.0866024508 0.407371637 0.909147054
vn -0.0260877869 0.396818839 0.91752615
vn -0.125090225 0.363270286 0.923248144
vn -0.679322133 -0.394723714 0.618639336
vn -0.524028853 -0.330465009 0.784975566
vn -0.79724705 -0.480129104 0.365886847
vn -0.847936571 -0.529855601 -0.0160191325
vn -0.880056211 -0.471348374 0.0577215316
vn -0.877211095 -0.465309808 0.118268663
vn -0.898004062 -0.437096082 0.0503559357
vn -0.909701662 -0.401957865 0.104272536
vn -0.255088488 0.874886716 -0.41170754
vn -0.226976396 0.655934706 -0.719882891
vn -0.273250317 0.710830682 -0.648115735
vn -0.575279573 -0.817935211 -0.00595007917
vn -0.658321388 0.161545183 0.735198003
vn -0.322357029 -0.082016673 0.943058435
vn -0.125516605 -0.0604696944 0.990246938
vn 0.0351944227 0.809982577 0.58539694
vn -0.0591665613 0.658465766 0.750281382
vn -0.0813056745 -0.996620039 0.0117424461
vn -0.791258101 0.595444331 0.139128238
vn -0.755108062 0.654499577 -0.0379752266
vn -0.776202923 0.582908039 0.240264939
vn -0.912428177 -0.406312041 0.0488400178
vn -0.921470672 -0.358108025 0.150500639
vn -0.279054301 -0.382547881 0.880787043
vn -0.163437676 -0.285756237 0.94426241
vn 0.00792268468 0.148865558 0.988825706
vn -0.0467613226 0.307719475 0.950327367
vn -0.16892767 0.150059293 0.974138415
vn -0.225570432 0.0456311331 0.973157634
vn -0.0645753009 -0.00562036881 0.99789701
vn -0.088868282 0.0304207209 0.99557873
vn -0.234409849 0.0569406205 0.97046885
vn -0.888078667 0.459282474 0.0193879063
vn -0.857539996 0.438881569 0.268343294
vn -0.929718086 -0.173954848 0.324598201
vn -0.96802853 -0.241350365 0.0683430062
vn -0.47332372 0.234022123 -0.84923395
vn -0.618666576 0.267595672 -0.738677348
vn -0.97734227 -0.120211691 0.174216065
vn -0.636431208 -0.604977216 0.47849544
vn -0.61830418 -0.613332923 0.491449556
vn -0.836413517 -0.343098645 0.427429231
vn -0.237792377 -0.106040669 0.965510312
vn 0.00817483588 0.994569542 0.103752586
vn -0.141020891 0.988593737 -0.0528727753
vn -0.749730505 -0.0827562579 0.656548225
vn -0.819685655 -0.121607767 0.559756177
vn -0.679764077 -0.0952629038 0.727217835
vn -0.989075511 -0.147307309 -0.00549464742
vn -0.969869523 -0.047496084 0.238950267
vn -0.812832038 -0.370383265 0.449577929
vn -0.372356379 0.912616145 -0.16876759
vn -0.551700347 0.833674063 -0.0247847656
vn -0.993778084 -0.110110149 0.0167592965
vn -0.975541562 -0.21550894 0.0432961557
vn -0.362933615 -0.92851638 0.0783359568
vn -0.519596227 0.227110013 0.82367518
vn -0.246025256 -0.969263411 0.000116281562
vn -0.790647339 0.36858695 0.488897172
vn -0.993130593 0.0586874964 0.101229459
vn -0.990295895 -0.0839400613 0.110761484
vn -0.234996119 -0.00452941846 0.971985755
vn -0.43628238 -0.019040893 0.89960832
vn -0.402006592 0.196394312 0.894326548
vn -0.771202863 0.558408506 0.305656808
vn -0.790037277 0.613046772 -0.00384144147
vn -0.3055415 0.154128652 0.9396216
vn -0.201295529 0.0939666723 0.975013012
vn -0.0554770268 -0.00152727033 0.998458796
vn -0.835243919 0.298889726 0.461554469
vn -0.288479083 0.181181141 0.94018786
vn -0.465019647 0.439181574 0.768684768
vn -0.177541865 0.278006865 0.944029167
vn -0.142773511 0.551633947 0.821775951
vn -0.371371192 0.738129505 0.563247966
vn -0.506075312 0.859558635 -0.071040344
vn -0.232598491 0.970090813 -0.0694388681
vn -0.2550804 0.847911874 -0.464735886
vn -0.334926025 0.63914424 -0.692328822
vn -0.595624146 0.79887297 -0.0838680777
vn 0.00174222281 0.427633893 0.903950341
vn -0.0349986419 0.454671439 0.889971335
vn -0.00435053519 0.0194580845 0.999801208
vn -0.734108706 0.257097955 0.62847836
vn -0.743516143 0.554675426 0.373522312
vn -0.220526794 0.0720527778 0.972715956
vn -0.326641022 0.656180297 0.680244853
vn -0.745038441 0.411810253 0.524719007
vn -0.698055213 0.473311832 0.537303294
vn -0.15355417 -0.979085072 0.133467368
vn -0.356681866 -0.927554861 0.111445169
vn 0.455619969 0.855821619 -0.244907739
vn 0.483488785 0.873510935 0.0567207378
vn 0.0905834962 0.220878397 0.971085663
vn 0.0743883059 0.230439517 0.97023915
vn 0.0305534767 0.119511175 0.992362617
vn 0.8482535 0.45363675 0.273275865
vn 0.767315506 0.633216575 -0.101309838
vn 0.829195832 0.49403234 0.261469536
vn 0.00292555621 0.0195403164 0.99980479
vn -0.00862949871 0.0753077554 0.997122998
vn -0.0228116381 0.0912572618 0.995566041
vn 0.138713667 -0.990285573 0.00964383131
vn 0.137063655 -0.988359836 0.0660180973
vn 0.174023499 -0.98453319 0.0202538809
vn -0.03863068 0.213001173 0.976287955
vn 0.443129505 0.683864571 0.579625301
vn 0.270479462 0.558253646 0.784342863
vn 0.328873219 0.500549366 0.800807554
vn -0.291709642 0.74168219 -0.603997528
vn -0.850824592 0.260991747 0.456049143
vn -0.542733762 0.572038368 0.614989568
vn -0.782507694 0.607421965 -0.136822018
vn -0.465975379 0.614211232 0.636876368
vn -0.371318463 0.918250577 -0.137617137
vn 0.16373656 0.599449915 0.783485889
vn 0.0940890475 0.324161645 0.941311043
vn 0.0284843125 0.386069172 0.922029955
vn -0.316287852 0.869542764 0.379285351
vn 0.112150654 0.709589451 0.695632836
vn 0.0088218077 0.803044142 -0.595854246
vn 0.12444107 0.904950848 -0.406913237
vn -0.0623390125 0.85764507 -0.510449587
vn 0.0134182376 0.214992869 0.976523434
vn -0.0216233937 0.397662632 0.917276872
vn -0.796131293 -0.605039909 -0.0100833174
vn 0.629856287 0.767628875 -0.118435502
vn 0.814152388 0.580044008 -0.026548769
vn 0.728396993 0.676733522 -0.107096033
vn -0.952093266 0.0693642871 0.297837218
vn -0.950788727 0.233261403 0.203936054
vn -0.96885936 -0.0614075169 0.239876338
vn -0.399095407 0.0646597076 0.914626688
vn -0.569728065 0.0742988046 0.818467849
vn 0.116882448 0.339561259 0.93329344
vn -0.888337002 -0.459191233 0.00088470921
vn 0.00673728293 0.0327053399 0.999442329
vn -0.0751668022 -0.989465373 -0.123726419
vn -0.047532244 -0.611772727 0.789604215
vn -0.0274025285 -0.813981042 0.580244746
vn -0.0234125253 0.868669257 -0.49483894
vn 0.123512041 0.986708938 -0.105594732
vn -0.555627866 0.659740736 0.505984027
vn -0.541416088 0.783482228 0.304998719
vn -0.369531607 0.734179118 0.569585301
vn 0.114888011 0.932817401 -0.341544202
vn 0.429545428 0.898292748 -0.092524935
vn -0.0362732286 0.997860831 -0.0543876428
vn 0.201847219 0.392976226 0.897121723
vn 0.743429109 0.576274221 0.339442457
vn 0.550161591 0.561938675 0.617695029
vn 0.523608489 0.579768241 0.624261914
vn -0.26117823 0.237303761 0.935667066
vn -0.666065669 0.0794203415 0.741652839
vn 0.00948649741 0.348621501 0.937215587
vn 0.405457524 0.541192698 0.736691699
vn 0.983354791 0.103762814 0.149153056
vn 0.913057969 0.179625622 0.366141749
vn 0.851608439 0.372170222 0.369123818
vn 0.782183356 0.576594673 -0.236067323
vn 0.622195978 0.775520891 -0.106955661
vn 0.671416006 0.735115669 0.0938376261
vn -0.288733984 0.930872198 -0.223851819
vn -0.34790329 0.930611524 -0.113690334
vn -0.48120759 0.818854362 0.312916585
vn -0.544600894 0.838462398 -0.019765444
vn -0.0761494 -0.996581902 -0.032027814
vn 0.866920545 0.4974987 -0.0307215212
vn 0.899172132 0.437500088 -0.00911867073
vn 0.870527818 0.492118699 -0.000710628678
vn 0.29538104 -0.954634561 -0.037721291
vn 0.388011543 -0.920427379 0.0475445365
vn -0.492888679 0.298138742 0.817419134
vn 0.00815433479 0.387477646 0.921843035
vn 0.00301860778 0.459752895 0.888041758
vn -0.916675963 0.394461793 0.0640708454
vn -0.760310855 0.645713304 0.070581384
vn -0.512682734 0.839538714 0.179808681
vn -0.719192299 0.597556638 0.354525742
vn -0.957160007 0.161199498 0.2405399
vn -0.499178509 -0.55900688 -0.662066556
vn -0.785942559 -0.49644391 -0.368561716
vn -0.881380059 -0.430272783 0.19502442
vn -0.699556399 -0.680070231 0.219374852
vn -0.990574862 0.0373004343 0.13179575
vn -0.666748468 0.140458537 0.73192751
vn -0.431915522 0.837154983 0.335589803
vn -0.0266610123 0.994117111 0.104977903
vn -0.741899745 0.641100696 0.196404342
vn -0.0761351766 -0.28102645 0.956675269
vn 0.0560270979 0.524373382 0.849643173
vn -0.445277734 0.294675648 0.845514046
vn -0.48221021 -0.0889618191 -0.871526883
vn -0.00273037068 0.492387747 0.870371674
vn -0.0566870964 0.452541567 0.889939719
vn -0.0681400191 -0.461621378 -0.884456128
vn 0.10032293 0.985470506 0.137051783
vn 0.0191810991 0.978244632 -0.206566033
vn -0.514372774 0.088870403 0.852949413
vn -0.50996549 0.560422714 0.652580708
vn -0.371815457 0.678275207 0.633794927
vn -0.0635967651 -0.174164903 0.982660693
vn -0.121138941 -0.202852087 0.971687392
vn -0.838339121 -0.285860678 0.464188745
vn -0.921997955 -0.249615056 0.295993404
vn -0.977931471 0.0851249044 0.190797768
vn -0.0379299619 -0.693964716 0.719009242
vn -0.0152236897 -0.824903867 0.565068005
vn -0.0018497371 -0.473314734 0.880891447
vn -0.32365522 0.11288669 0.939416784
vn -0.0339361587 -0.575518311 0.817084458
vn -0.171938825 0.826621571 0.535848691
vn -0.782462364 0.503705286 0.366106042
vn 0.018796924 -0.994736381 0.100728383
vn -0.0217903777 -0.99582968 0.088591348
vn 0.0183652778 -0.999425942 -0.0284693175
vn 0.038212672 0.453076005 0.890652528
vn 0.0195427782 0.981756529 0.189135397
vn -0.0222238596 -0.999115174 -0.0357067132
vn 0.078774603 -0.331324618 -0.940222612
vn 0.0348311478 -0.386342965 -0.921697296
vn -0.0300362998 -0.415086643 -0.909285929
vn -0.76187173 -0.233835635 -0.604046656
vn -0.658538496 -0.429711311 -0.617798703
vn -0.529556658 -0.509445513 -0.678258811
vn -0.121047156 -0.761535463 0.636719188
vn -0.151805655 -0.901813357 0.404583381
vn -0.0279385904 -0.937566481 0.346682173
vn -0.0860263205 -0.969583585 0.229144373
vn -0.934273348 -0.0349841001 0.354837179
vn -0.757959167 -0.652274803 0.00595676761
vn -0.365102818 -0.928396696 0.0691339805
vn 0.0788648311 -0.35398221 -0.931921098
vn 0.108082317 -0.56703502 -0.816571796
vn -0.972555252 -0.0911569234 -0.214071708
vn -0.759091366 0.517253832 -0.395257855
vn -0.361928473 0.849303141 -0.384307111
vn -0.237114076 0.758742428 -0.60670161
vn 0.00742049627 0.908738837 0.417299248
vn 0.0434806435 0.953056694 0.299653753
vn -0.9958625 -0.0728425238 0.0543309057
vn -0.901564867 0.374166155 -0.21721068
vn -0.94658524 -0.122051301 -0.2984625
vn -0.725209655 -0.118775572 -0.678205957
vn -0.37639862 -0.179147626 -0.908972061
vn 0.998439465 0.0372738469 -0.0415847899
vn 0.993611179 0.0807269274 -0.0788668994
vn 0.992435859 0.0891448394 -0.0844053469
vn -0.933942119 -0.123225233 -0.335511044
vn -0.903301497 -0.423216642 0.0702430037
vn -0.995326627 -0.0635591867 0.072698942
vn -0.841964825 -0.537665408 0.0448457578
vn -0.739095087 -0.418415377 -0.527889217
vn -0.673602216 -0.61994734 -0.402399491
vn -0.508351841 -0.00652161197 -0.861124773
vn -0.425715364 0.887104302 0.178360272
vn -0.661198417 0.335009794 -0.671256353
vn -0.52954343 0.847926336 0.0245903164
vn -0.989472182 -0.0380383503 0.13963483
vn -0.415764057 -0.304794251 -0.856878471
vn 0.0979083634 -0.330424446 -0.938740453
vn 0.0587775902 -0.697310195 -0.714355434
vn -0.984718679 0.0342430662 -0.170752852
vn -0.0564276715 -0.55836325 -0.827675298
vn -0.0228704692 -0.972141537 -0.233276174
vn -0.708613974 -0.705592732 0.00226561646
vn -0.792153435 -0.155027828 -0.590304419
vn 0.0443328736 -0.977446538 -0.206477267
vn 0.0313146785 -0.960652032 -0.275983813
vn 0.0570703239 -0.998320926 -0.00991502344
vn 0.00373967806 -0.802537349 -0.596590159
vn 0.0204047073 -0.999773708 0.00601499015
vn -0.0138228867 -0.982371581 -0.186426944
vn 0.0369943458 -0.993246876 -0.10996391
vn 0.944516659 0.327285848 0.0277894633
vn 0.940444829 0.331273827 -0.0762966209
vn 0.958610879 0.284511515 0.0108803042
vn -0.0854718769 -0.91329634 -0.39822651
vn -0.129543994 -0.965548415 -0.225686977
vn 0.0184687587 -0.928392758 -0.371141203
vn -0.384979303 -0.168070206 -0.907492888
vn -0.293709734 -0.764344559 -0.574031347
vn -0.480271822 -0.833771139 -0.272331902
vn -0.71326087 -0.655552876 -0.248010803
vn 0.591779108 -0.248165651 -0.766949344
vn -0.9205321 -0.390089931 -0.0212249614
vn -0.69995044 -0.703312675 0.124179964
vn -0.892762605 -0.405618932 -0.196082159
vn -0.11564571 -0.77323673 -0.623482983
vn -0.635449779 -0.771818438 -0.0223579552
vn -0.639373177 -0.759636532 0.118971764
vn -0.282537691 -0.943212654 0.174706446
vn -0.0919157701 -0.424636872 -0.90068586
vn -0.45609503 -0.889384599 -0.0311826689
vn -0.852526484 -0.517367242 0.0743621634
vn -0.505315781 -0.848304468 -0.158226076
vn -0.0267154063 -0.752095221 -0.658512768
vn -0.0158714187 -0.0789141303 0.996755064
vn -0.150474885 0.0744267154 -0.985808284
vn -0.120843941 0.0589623434 -0.990918858
vn -0.033601958 -0.978620013 0.202913227
vn -0.515501255 -0.825241778 -0.230725951
vn -0.374642712 -0.849886793 -0.370587746
vn -0.00841751492 -0.842903373 0.537999116
vn -0.200495557 0.1185356 0.97249722
vn -0.391241977 -0.700005813 0.59742914
vn -0.491003367 -0.818646652 0.29788144
vn 0.00729983258 -0.926415739 0.376431389
vn -0.911296908 -0.223500217 0.345811506
vn -0.0475476762 -0.933240009 -0.356093112
vn -0.695754118 0.181823222 0.694885978
vn -0.00587748438 -0.988856198 0.148757775
vn -0.869448119 -0.486121716 -0.0880093524
vn -0.618450729 -0.784798554 -0.0401238748
vn -0.757873029 -0.0574977084 -0.649863436
vn -0.795912743 -0.402865477 0.451909629
vn -0.288492485 -0.878238658 -0.381403915
vn -0.0210155044 -0.998886015 0.0422501809
vn 0.228838753 -0.0141410479 -0.973361626
vn -0.792472541 -0.609788988 0.0120275348
vn -0.108240237 0.32132402 -0.940762948
vn 0.204399093 -0.157338584 -0.966160225
vn -0.179539511 0.209707405 -0.961139099
vn 0.764133887 0.392061855 -0.512237157
vn -0.686323456 -0.469760888 0.555234024
vn 0.818475513 0.574427166 0.0114570836
vn 0.640781053 0.761430989 -0.0980942947
vn -0.707512921 -0.703515101 -0.067022154
vn -0.229839876 -0.971428222 0.0591679119
vn -0.135118004 0.172473127 -0.975702898
vn -0.193519658 -0.842305194 -0.503062722
vn 0.407583317 -0.173902313 -0.89645626
vn 0.342411325 -0.280433806 -0.896722568
vn -0.191877757 -0.978660783 -0.0735254952
vn 0.574089519 0.0645497357 -0.816244177
vn 0.5694312 0.025775603 -0.821634789
vn 0.567399933 0.0420534545 -0.822367815
vn -0.863801352 -0.445721568 -0.234903189
vn -0.789936763 -0.607634581 0.082341526
vn -0.982198273 -0.185991687 -0.0263371403
vn 0.871842024 0.238152043 -0.427989591
vn 0.419626684 0.0421358141 -0.906718269
vn 0.293233253 0.185240216 -0.937923409
vn 0.022534143 -0.99602045 -0.0862292023
vn 0.799060317 0.124292876 -0.588263453
vn 0.713267333 -0.384102638 -0.586272014
vn -0.110665054 -0.955131565 0.274730667
vn -0.125395421 -0.940762821 0.315025878
vn -0.393210008 -0.919432814 -0.00540290925
vn -0.443942314 -0.892880941 0.0753581246
vn 0.648161253 0.509660897 -0.565802757
vn 0.0297329581 -0.184280417 -0.98242388
vn -0.695965514 -0.715052419 -0.0658182384
vn 0.608358436 0.0627097285 -0.791181081
vn 0.593231887 0.0622762031 -0.802619214
vn 0.0795548231 -0.11225408 -0.990489804
vn -0.148686418 -0.982497081 0.112213347
vn -0.387608955 -0.645889643 -0.657712603
vn -0.196361606 -0.980077286 -0.0298434669
vn -0.202710586 -0.974575187 0.0954548221
vn -0.96034269 -0.252100471 -0.119110326
vn -0.899554883 -0.423700287 -0.106203014
vn -0.19041877 -0.980383071 -0.0508893468
vn -0.61021914 -0.375005968 -0.697856093
vn 0.18320616 -0.981980357 0.046368961
vn 0.195004415 -0.979578473 0.0489825794
vn 0.185091366 -0.981751819 0.043641176
vn 0.79437968 0.596678996 0.113732578
vn -0.331060303 0.888093775 0.31888638
vn 0.784485053 -0.52347068 -0.332508118
vn 0.811820217 -0.50095785 -0.299981947
vn -0.756636337 0.645690905 -0.102882008
vn -0.583080364 0.736534424 0.342832803
vn -0.669390969 0.741040664 0.0526731902
vn -0.662879785 0.291045891 -0.689842504
vn 0.0509541009 -0.6231668 -0.780427331
vn 0.0893553692 -0.614560403 -0.783792785
vn 0.0424074338 -0.612030458 -0.789696352
vn -0.62465156 0.279724687 -0.729084719
vn 0.727722384 -0.121995511 -0.67493498
vn 0.509279008 -0.224745689 -0.830737183
vn 0.664389196 -0.399269327 -0.631799811
vn 0.0909534267 -0.113538274 -0.98936168
vn 0.459325191 -0.382662795 -0.801616838
vn 0.985767536 0.168020693 0.00560467847
vn 0.565112215 -0.306960018 -0.765783084
vn 0.461550976 -0.231737423 -0.856310962
vn -0.670110014 0.0482766445 -0.740690174
vn -0.470545742 0.29238039 -0.832526524
vn 0.511180122 -0.114144416 -0.851860279
vn 0.543015532 -0.233686554 -0.806551131
vn -0.474196889 0.704173739 0.528466324
vn -0.247656507 0.767528392 0.591241424
vn -0.321541444 0.679366419 0.659600158
vn -0.355463508 0.902135338 0.244535327
vn -0.0319392932 0.0391846161 -0.998721406
vn -0.578502331 0.741401943 -0.340085594
vn -0.679939679 0.56835696 -0.463305945
vn 0.0116400293 -0.0380886166 -0.999206569
vn 0.197161821 -0.399034499 -0.895487959
vn 0.205444693 -0.464797083 -0.861252663
vn -0.282554545 0.765170613 0.578512629
vn 0.198718391 -0.46967052 -0.860186378
vn 0.316094882 -0.522515966 -0.791871891
vn 0.310600481 -0.525421543 -0.79212344
vn 0.596097314 -0.406681132 -0.692299392
vn -0.186135765 0.470738124 -0.862414689
vn 0.198846688 -0.340819659 -0.91885905
vn -0.751581226 0.377013762 -0.541282075
vn -0.663224974 0.715889037 0.218255633
vn -0.92269985 -0.0126346653 -0.385312019
vn -0.746532427 -0.653694462 -0.123987442
vn -0.758576157 -0.593326454 -0.269306392
vn -0.172807648 0.859692742 0.480693152
vn -0.095805144 0.623125515 0.776231903
vn -0.0772545218 0.8764646 0.475227887
vn 0.271156429 -0.538329223 -0.797919695
vn 0.258257941 -0.34760007 -0.901375076
vn 0.27123878 -0.436906279 -0.857637702
vn 0.343612187 -0.280087392 -0.896371417
vn 0.980085378 -0.139652113 0.141173433
vn 0.970268807 -0.169497568 0.17276868
vn 0.950142924 -0.261470436 0.169887127
vn -0.186478549 0.898234237 0.397996238
vn -0.176083734 0.667636873 0.723364033
vn 0.0543454473 0.264604737 -0.962824442
vn -0.034217473 0.915975261 -0.399773043
vn 0.158511613 0.0914521309 -0.983112698
vn 0.531397597 0.545407445 -0.648187714
vn 0.288949929 0.420774834 -0.859916553
vn 0.978070579 0.13309638 -0.160197676
vn 0.997361018 0.0398832405 -0.0606656926
vn 0.995749983 0.0791027025 -0.0471670913
vn 0.998219422 0.0595863334 -0.00273032311
vn 0.998749854 0.0289480504 -0.0407521687
vn -0.221153003 -0.947279732 -0.231845763
vn -0.553291912 -0.820051493 -0.146231354
vn -0.458130759 -0.880912007 -0.118786544
vn 0.488983744 -0.0666716801 -0.869741217
vn 0.430164828 -0.134973421 -0.892603157
vn 0.515896804 -0.0783136552 -0.853063573
vn 0.149442014 -0.492437528 -0.85742193
vn 0.200262738 -0.595997166 -0.777613151
vn 0.406764968 0.0366675419 -0.912796665
vn 0.612180313 0.0340032804 -0.789986735
vn 0.582830635 -0.0109687791 -0.812519623
vn 0.787160099 -0.146471888 -0.599103467
vn -0.517983773 -0.539591565 -0.663727168
vn 0.460294041 -0.382067233 -0.801345135
vn -0.37990728 -0.866478564 -0.32386009
vn -0.0612300169 0.609881525 -0.790123668
vn 0.0577109673 0.373351426 -0.925893167
vn 0.0654855625 -0.205547105 -0.976453803
vn -0.344869175 -0.329615084 -0.878873796
vn -0.353328553 -0.676697051 -0.645941201
vn -0.378463436 -0.680987495 -0.626914237
vn 0.989824241 -0.0751867051 -0.120809481
vn 0.97821297 -0.0859752019 -0.188964678
vn 0.903012624 -0.217927264 -0.370237639
vn 0.132892631 0.196389962 -0.971478529
vn 0.245061708 0.0344844015 -0.968894001
vn -0.122636991 0.72028577 0.682750743
vn 0.479660457 -0.364386186 -0.798215857
vn 0.494064166 -0.232861647 -0.837661061
vn 0.0150015454 -0.175063201 -0.984442903
vn -0.823036307 0.449690082 0.346972718
vn -0.967128543 0.197431047 0.160260298
vn -0.141722788 -0.383132867 -0.912756188
vn 0.0555979103 -0.459344166 -0.886516672
vn 0.0141446206 -0.574370363 -0.818473345
vn 0.0858686789 -0.758899581 -0.645521491
vn 0.935043371 0.353521639 -0.0267646415
vn 0.888642469 0.449715794 0.0898346631
vn 0.906848921 0.420926623 0.0211142874
vn 0.275281462 -0.576892759 -0.769035019
vn 0.11008363 -0.520435762 -0.846775184
vn 0.863990401 0.503455661 0.00727912773
vn 0.91433305 0.403434276 -0.0351547959
vn 0.482898399 0.0282675231 -0.87522002
vn 0.045200081 -0.319932614 -0.946361493
vn 0.612732692 -0.634802224 -0.47072793
vn 0.32642282 -0.801450469 -0.501124025
vn 0.61834493 0.367853943 -0.694501997
vn 0.652018141 0.318076747 -0.688258328
vn 0.694530357 0.345377878 -0.631143172
vn 0.786900141 0.566491768 -0.244694187
vn 0.388666623 0.203253565 -0.898680279
vn 0.553655736 0.345437953 -0.75771891
vn 0.21720917 -0.80350099 -0.554261973
vn 0.137757827 -0.454789537 -0.879880252
vn 0.625272802 -0.48724064 -0.609615027
vn 0.332756692 -0.739373496 -0.585320268
vn 0.00684034438 0.784488026 0.620106239
vn 0.00652583498 0.889229676 0.457414469
vn -0.0896327041 0.711810753 0.696628617
vn 0.0403680877 0.995280183 -0.0882483719
vn 0.671578934 0.544076694 -0.502953563
vn 0.459093983 0.761478876 -0.457583475
vn 0.910354661 0.32614634 -0.254721331
vn -0.114348231 0.914705087 0.387606871
vn 0.158060013 0.944381381 0.288376211
vn 0.218718686 0.170105642 -0.960846609
vn 0.791441231 0.0332569181 -0.610339869
vn 0.124126064 -0.556862145 -0.821277828
vn 0.097683222 -0.475171812 -0.874453965
vn 0.481893187 -0.0981024071 -0.870720893
vn -0.906915848 0.403397558 0.121548568
vn -0.105180531 0.624001478 0.774312089
vn -0.0993055503 0.657852577 0.746571092
vn -0.310482528 -0.702876295 -0.639973057
vn 0.458740338 -0.748564491 -0.47875725
vn 0.996398137 0.0137667514 -0.08367335
vn 0.983178288 0.0387953478 -0.17848074
vn 0.998804698 -0.015164607 -0.0464672998
vn 0.988515242 0.138716029 -0.0599623247
vn 0.913943249 0.392534893 -0.103073248
vn 0.856014317 0.515408751 -0.0399162591
vn 0.773715219 0.253246152 -0.580716064
vn 0.730279635 0.245150223 -0.637646472
vn 0.864094428 0.171885378 -0.473071069
vn 0.663218131 0.515218035 -0.542855494
vn -0.108454197 0.241483769 -0.964325296
vn -0.143542083 0.235578278 -0.961196414
vn -0.121340079 0.247489075 -0.961262578
vn 0.885744543 0.460846671 -0.0554702641
vn 0.998153656 -0.0458612024 0.0398249753
vn 0.993608921 -0.112089412 0.0133144639
vn -0.959720708 -0.0170269312 -0.280439381
vn -0.871978563 -0.482094913 -0.0850757343
vn -0.170357928 0.51892988 -0.837669359
vn 0.429018858 0.353215618 -0.83137329
vn 0.250815009 -0.955221132 0.156985414
vn 0.183585435 -0.957076069 0.224280597
vn 0.171534295 -0.975131732 0.140335639
vn 0.0962815272 -0.980442745 0.171644667
vn -0.936411471 0.0144611005 -0.35060581
vn 0.905967602 0.418005565 0.0670376863
vn 0.963299876 0.26397673 -0.0486788997
vn 0.985508768 0.164998422 -0.0393444789
vn 0.95857944 0.283961026 -0.0221718827
vn 0.994575035 0.0540646865 -0.0888679271
vn 0.995303874 0.0633858941 -0.0731602761
vn 0.988085118 0.127489872 -0.0862214165
vn 0.718284386 0.662506543 0.212491462
vn 0.021019112 0.110537082 -0.993649712
vn 0.481484802 0.581771921 -0.655525603
vn -0.367422465 -0.919178477 -0.141815583
vn 0.092809979 -0.913629422 -0.395812566
vn -0.0672623661 -0.955591096 -0.286917117
vn 0.0915488778 0.90365106 0.418370128
vn -0.13060203 0.796015014 0.591018787
vn -0.239280518 0.850509925 0.468377733
vn 0.157286405 -0.575019605 -0.802878223
vn 0.0677666128 -0.674631671 -0.735037275
vn 0.110410382 -0.916706855 -0.384002722
vn -0.149937815 -0.937715103 -0.313383212
vn 0.0254702863 -0.887904627 -0.459321932
vn -0.342964137 -0.909950578 -0.233164206
vn -0.229108968 -0.85408425 -0.466957359
vn -0.373703776 -0.827255811 -0.419515566
vn 0.996379069 0.0535637439 -0.0660278477
vn 0.998491924 0.0548202779 -0.00293522641
vn 0.998353592 0.055622562 -0.014008432
vn 0.909801588 0.409391324 -0.068262836
vn 0.986576131 0.162161375 -0.019267239
vn 0.995066974 0.087973726 -0.0458512929
vn 0.882651029 0.426441221 -0.197674092
vn 0.0909490959 -0.610747437 -0.786584916
vn 0.266414999 -0.525821937 -0.807795976
vn 0.0937041457 -0.507805751 -0.856360235
vn 0.359003141 0.836529303 -0.413926891
vn 0.144767453 0.960562818 0.237405682
vn -0.128844567 0.67385799 0.727540025
vn -0.466512538 0.881235445 -0.0760929838
vn 0.401106338 -0.738690573 -0.541710202
vn 0.481022783 -0.642529344 -0.596467203
vn 0.386035722 -0.710599423 -0.588238796
vn -0.135024822 0.919318813 0.369623076
vn -0.239419576 0.927092152 0.288406673
vn -0.194030484 0.943011087 0.27033731
vn 0.357767053 0.916303013 0.179976453
vn 0.0524688254 0.923042352 0.38110345
vn -0.125737408 0.922919614 0.363881149
vn -0.136908524 0.783713587 0.605845748
vn -0.330880785 -0.282220794 -0.900482831
vn 0.289275124 -0.153799168 -0.944809885
vn -0.0497834903 -0.823575872 -0.565017157
vn -0.20934868 -0.191876222 -0.958830874
vn -0.581461436 -0.449980509 -0.677805385
vn -0.471696278 -0.322689738 -0.820593659
vn 0.98800335 -0.122804263 -0.093640235
vn -0.0107035698 -0.265256537 0.964118459
vn -0.0112691343 -0.18637893 0.982413305
vn -0.0290403143 -0.366118046 0.930115174
vn 0.719921985 0.358185418 -0.594487629
vn -0.570512133 -0.465484109 -0.676639084
vn -0.35491979 -0.472162117 -0.806904504
vn -0.30870381 -0.315496961 -0.897309102
vn -0.408635311 -0.551092088 -0.727540166
vn -0.413227592 -0.62849504 -0.658966571
vn -0.0529459932 -0.851027778 -0.52244468
vn 0.0163493427 -0.840767695 -0.54114913
vn 0.999523366 0.0212280386 0.0224145252
vn 0.0398780305 -0.00924184599 -0.999161814
vn 0.590901702 0.063803215 -0.804216593
vn 0.145814223 0.182001423 -0.972426704
vn 0.148944159 -0.273394758 -0.950300449
vn 0.504492282 -0.157867735 -0.848861187
vn -0.89850609 -0.342182838 -0.274950382
vn 0.617719298 -0.163928031 -0.769123182
vn 0.961926786 -0.13957456 -0.234980425
vn 0.987167583 -0.0726079102 -0.142226069
vn 0.992377202 -0.0932740866 0.080544612
vn 0.998306478 0.0202570781 -0.0545327981
vn 0.994835159 -0.0569952202 -0.0839913794
vn 0.991304684 0.0698515072 -0.111515872
vn 0.928335316 0.316435607 -0.195094969
vn 0.883314816 0.357979695 -0.302663963
vn 0.995046545 0.0993798741 -0.00245223652
vn 0.696489112 -0.114793102 -0.708325815
vn 0.901756704 -0.255936397 -0.348326581
vn 0.630663289 -0.0954317168 -0.770166608
vn 0.913045472 -0.260847934 -0.31353839
vn 0.998477445 -0.0500868472 0.0231106148
vn 0.992910688 -0.104465052 -0.0567046659
vn -0.165999111 -0.260038171 -0.951222605
vn 0.957191313 -0.235131525 -0.168813377
vn -0.537633665 0.0565339602 -0.841281138
vn -0.671840947 0.106697225 -0.732970289
vn -0.736354799 0.0496338561 -0.674772621
vn -0.637847953 -0.0463225613 -0.768767982
vn 0.209298995 0.163341676 -0.964112767
vn 0.977277063 0.19563728 -0.0815818418
vn 0.885562785 0.268428185 -0.379110622
vn 0.924857861 0.377910204 -0.0426827289
vn 0.929999003 0.367060109 0.0192023369
vn -0.205449923 0.080919227 -0.975316568
vn -0.800249489 -0.224417791 -0.556091188
vn -0.384258645 0.53888669 -0.749630862
vn 0.748296313 0.293702525 -0.594803711
vn -0.308127861 0.140496093 -0.940913423
vn -0.179199563 0.373511837 -0.910151869
vn -0.395165121 0.362414419 -0.844097338
vn 0.877696245 0.477295745 -0.0428727631
vn 0.931299305 0.361423249 -0.0453303427
vn 0.934402579 0.353531305 -0.0436742145
vn 0.765108416 -0.355163364 -0.53709226
vn 0.828193103 0.291157893 -0.478877088
vn 0.716660943 -0.169350917 -0.67654812
vn -0.525656728 0.627164701 -0.574760334
vn 0.955789287 0.288701796 -0.0558400565
vn 0.984804869 -0.162468831 0.0613453327
vn 0.972465932 -0.218195051 0.0818592166
vn 0.976875237 -0.211685054 -0.0300700852
vn 0.97315974 -0.196049775 -0.120518077
vn 0.989832384 -0.116671157 -0.0813615002
vn 0.989816989 -0.0909184317 -0.109527014
vn 0.962683373 -0.0887926924 -0.255649333
vn 0.994475378 0.103818415 -0.0155067453
vn 0.990043349 0.138252718 -0.0264641707
vn 0.812509284 -0.343688461 -0.470857628
vn 0.738799027 -0.38472119 -0.553322332
vn 0.799023354 -0.268627546 -0.537959963
vn 0.993806721 0.0141549664 -0.110217235
vn 0.0248303776 0.645594846 -0.763276324
vn -0.345947577 0.658012551 -0.668834626
vn -0.0244053473 0.817448484 -0.575484453
vn 0.953160767 0.299948338 -0.0389300352
vn 0.992714113 0.0115205436 -0.119941517
vn 0.994593931 0.0324326486 -0.0986460101
vn 0.99923015 -0.000325962106 -0.0392300919
vn 0.998861092 -0.0137165104 0.0456987586
vn 0.996174129 0.0200826874 -0.0850516949
vn 0.995032132 -0.0291655986 -0.0951862577
vn 0.995968374 0.0343926257 -0.0828501403
vn 0.886178472 -0.136223313 -0.442866713
vn 0.906559766 -0.0526595671 -0.418779608
vn 0.970249279 -0.0240838658 -0.240907251
vn 0.828349846 0.256938987 -0.497814111
vn 0.859577707 0.141474209 -0.491030767
vn 0.0129734672 -0.967590345 -0.25219162
vn -0.0257411306 -0.933836155 -0.356773641
vn 0.0241786567 -0.885614158 -0.463791931
vn 0.331708265 -0.205879759 -0.920642793
vn 0.794499291 -0.48218308 -0.369148146
vn 0.63772138 -0.184027643 -0.74796074
vn 0.22562415 -0.78676678 -0.57453614
vn 0.170197551 -0.837702299 -0.518929332
vn 0.998549697 -0.0234825172 -0.048446615
vn 0.994858438 -0.0685801147 -0.0745215178
vn 0.859124992 0.142204262 -0.491611835
vn 0.591272167 0.25638174 -0.76463431
vn 0.992168592 0.0229519402 -0.122779042
vn 0.996637007 0.0122822201 -0.0810174299
vn 0.835083494 0.181964272 -0.519157549
vn 0.871220894 0.0761585285 -0.484947453
vn 0.981629955 0.123494383 -0.145436474
vn 0.980657146 0.188098354 -0.0541347495
vn -0.146136487 -0.188525348 -0.971134553
vn -0.0993727811 -0.143302366 -0.984677349
vn 0.965724477 -0.258256556 0.0260726889
vn 0.960054822 -0.278267656 -0.0293572793
vn 0.995345896 -0.0634701494 0.072512665
vn 0.00320645834 0.348536498 0.937289725
vn 0.000555769359 0.503087047 0.864235567
vn -0.0102424741 0.463334175 0.886124446
vn 0.975821613 0.0194847973 -0.217698235
vn 0.513622362 -0.269930006 -0.81445065
vn 0.105459165 -0.878879303 -0.465241374
vn 0.996258212 -0.018661718 -0.0843878845
vn 0.965996414 -0.107230729 -0.235271118
vn -0.777731692 0.0927941683 -0.621709464
vn 0.983431586 -0.14483073 -0.109024653
vn 0.988674302 -0.127119684 0.0797728742
vn 0.84621751 -0.166849548 -0.506040665
vn 0.86979325 -0.0316027098 -0.492403261
vn 0.908997348 0.0208543693 -0.416279853
vn 0.931616587 0.362369838 0.0279040441
vn 0.832212238 0.227463135 -0.505651375
vn 0.766910812 0.312743163 -0.560392292
vn 0.97663571 0.213358422 0.0257074765
vn 0.994680574 0.0440280873 -0.0931240253
vn 0.870776338 0.0779179957 -0.485466121
vn 0.883935186 0.155862055 -0.440869148
vn 0.92685206 0.0636066493 -0.369999261
vn 0.964470436 0.0709783338 -0.254477612
vn 0.911522139 0.251596541 -0.32530996
vn 0.870068072 0.317286518 -0.377241057
vn 0.926920621 0.161814835 -0.33857661
vn 0.959061608 -0.242165782 -0.146821547
vn 0.968808415 -0.227505397 -0.0982422944
vn 0.666559508 -0.0704257609 -0.742117669
vn 0.651304814 0.446167481 -0.613788741
vn 0.316798356 0.763927611 -0.562186275
vn 0.547240644 0.50354522 -0.668558067
vn 0.821545443 -0.440865847 0.361525088
vn 0.922699951 -0.364902084 0.124383555
vn 0.874693359 -0.35240709 0.332747307
vn 0.953680273 0.109680687 -0.280114411
vn 0.844188064 0.533322037 -0.0539825745
vn 0.860494992 0.503436436 0.0781032878
vn 0.970492055 0.0809829592 -0.227127567
vn -0.428541126 0.686258092 -0.587709397
vn -0.57292431 0.705339523 -0.417437292
vn -0.566455584 0.807738848 -0.163358576
vn -0.869013146 0.438439362 0.229318726
vn 0.151271838 0.471849012 -0.8686054
vn -0.861144064 -0.49050161 -0.133562989
vn -0.688298734 -0.723793497 -0.0486603296
vn 0.629032978 0.687009289 -0.363779809
vn 0.877059547 0.149409796 -0.456555871
vn 0.964318228 0.0745484593 -0.254033231
vn 0.990270295 0.083841149 -0.11106487
vn 0.933095824 0.133436631 -0.333956358
vn 0.9987366 0.0228969374 -0.0447317994
vn 0.0316810496 0.365293699 0.930353064
vn 0.115799614 -0.785793627 -0.607551499
vn 0.597544591 0.665590372 -0.447135234
vn 0.55305308 0.808649105 -0.200546541
vn 0.924337463 0.379004224 0.0442272785
vn 0.998623443 0.0449809389 -0.0269802564
vn 0.998104477 0.0508731794 -0.0346319624
vn 0.55757235 0.829029385 0.0427007289
vn 0.87160669 0.484688419 -0.0733410801
vn 0.36657575 0.927473128 -0.0735922287
vn 0.343107846 0.829973639 -0.439796275
vn 0.52113749 0.83107355 -0.194248477
vn 0.983981364 0.170416254 -0.0523352274
vn 0.792169457 0.583502395 -0.17886449
vn 0.966122504 0.245010627 -0.0810993225
vn 0.656227658 0.0673315049 -0.751552879
vn 0.151378975 0.462970948 -0.873351193
vn 0.992913783 0.11354177 0.035078283
vn 0.965830577 0.252366358 0.059012869
vn 0.997397818 0.0719888336 -0.0038988206
vn 0.165381108 0.980077848 0.109984096
vn 0.529991581 0.810672836 0.248834235
vn 0.859478405 0.510820909 0.0189438904
vn 0.857187581 0.51473016 -0.0168021673
vn 0.885960543 0.438984354 -0.149554846
vn 0.591755316 0.805820544 -0.0218836949
vn 0.126317223 0.988872889 0.0785771549
vn 0.536635523 0.831994697 0.140737839
vn 0.570878236 0.779924867 0.256544813
vn 0.999425827 0.0335953124 0.00440130843
vn 0.0552871849 -0.65824214 -0.750773343
vn -0.0464024646 0.998763998 0.0178125932
vn -0.00501000353 0.947947286 0.318387882
vn 0.0109627232 0.886979098 0.461679433
vn 0.754061645 0.251481497 0.606752085
vn 0.988761201 0.0647555354 0.134751656
vn 0.78790137 0.283838022 0.546486422
vn 0.998089114 0.0616869925 0.00358268932
vn 0.867007136 0.494028011 0.0650764922
vn 0.998946616 0.0430972263 0.015757158
vn 0.282926297 -0.796495077 -0.534367198
vn 0.402983365 -0.709307704 -0.578348501
vn 0.912305261 0.234645533 0.335619702
vn 0.979364686 0.11574849 0.165671662
vn 0.998916578 0.0121737139 -0.0449162557
vn 0.104003246 0.946127927 -0.306635403
vn -0.802732073 0.238102198 0.546743598
vn 0.997789011 -0.0477758917 0.0462012258
vn 0.78927362 0.597813542 0.14023595
vn 0.991440638 0.105364646 0.0770957314
vn 0.99559117 0.0922598588 0.0169216216
vn 0.972973955 0.193907466 0.125385714
vn 0.989413075 0.092054695 0.112194919
vn 0.582850555 0.445451482 0.679601507
vn 0.726017893 0.356114723 0.588285919
vn 0.86579721 0.293013808 0.405632961
vn -0.0339338415 -0.620399996 0.783551108
vn 0.0116851933 -0.51838351 0.855068414
vn -0.0232018053 -0.645397022 0.763494833
vn 0.608923126 0.750263055 0.257522765
vn 0.286840632 0.925391082 0.247737354
vn -0.0110060953 0.121814462 0.992491865
vn -0.0176358666 0.0418099556 0.998969921
vn -0.022938524 0.229181859 0.973113303
vn 0.709015448 0.695151789 0.11857945
vn 0.767136576 0.568908911 0.296385094
vn 0.951802021 0.301700475 0.0552244204
vn 0.821493173 0.246625181 -0.514125458
vn 0.185505087 0.908283841 -0.374977768
vn 0.447535868 0.886664157 -0.116354287
vn 0.631602505 0.723276072 -0.279195272
vn 0.614476725 0.774649466 -0.149454204
vn 0.998129403 0.061133138 -0.000658546909
vn 0.660375544 0.594158753 0.459216198
vn 0.82376421 0.485620283 0.29254994
vn 0.278222805 0.905914178 0.319235921
vn 0.0480056335 0.95039158 0.30732931
vn -0.0836680411 0.987157503 0.13608719
vn -0.120642694 0.970609184 -0.20823821
vn 0.853316273 0.0309261909 0.520475656
vn 0.897654627 -0.0591853717 0.436707297
vn 0.974756136 0.125083412 0.184944896
vn 0.975452013 0.103091394 0.194590685
vn 0.977028528 0.143386773 0.157656235
vn 0.98565779 0.102962606 0.133706482
vn 0.843511979 0.519808286 0.135229019
vn 0.531742438 0.452409981 0.715943565
vn 0.180910204 0.591832766 0.785496961
vn 0.0344360355 -0.697714038 0.715548238
vn -0.00980830144 -0.759120632 0.650876074
vn -0.044047025 -0.672016728 0.739224849
vn 0.876625135 0.406914565 0.256805196
vn 0.927200205 0.14899636 0.343656609
vn 0.944549469 0.200014262 0.260423878
vn 0.00376583 -0.0628419864 0.998016384
vn 0.325141082 0.917855135 -0.227651549
vn 0.980658694 0.134696347 0.142004997
vn 0.420682204 0.905591023 0.0541422443
vn 0.678167629 0.302782701 0.669635201
vn 0.578775236 0.700235176 0.417959237
vn 0.675915346 0.46387114 0.572679676
vn 0.506142917 0.460350883 0.729312287
vn 0.460098186 -0.0525933568 0.886308974
vn 0.302207479 0.00611511884 0.953222558
vn 0.284845552 -0.0849860225 0.954798611
vn 0.993261917 0.114719428 -0.0164382772
vn 0.830702753 0.55603938 0.0274434708
vn -0.0695238426 0.996927067 0.0360951411
vn 0.825390135 0.559423642 0.0760020597
vn 0.997952927 0.0622180491 -0.0147942181
vn 0.69822 0.667989241 0.257447481
vn -0.189734804 0.979412748 0.068930209
vn 0.158265993 0.984278871 0.0784026701
vn 0.143011805 0.445852819 -0.883607881
vn 0.418653026 0.846179853 -0.329710933
vn 0.455265834 0.889780929 0.031983108
vn 0.996179915 -0.0766475597 -0.0418417054
vn 0.996884137 -0.0787834322 -0.00389722068
vn 0.987470338 -0.155921829 0.0243046269
vn 0.451082627 0.522946786 0.723222734
vn 0.942060177 0.166222952 0.291363267
vn 0.00221074361 0.938731371 -0.344642605
vn 0.82302751 0.172181666 0.541275522
vn 0.982388127 0.0534979809 0.17902942
vn 0.997607024 0.00637675771 0.0688444848
vn 0.994624543 0.0956055167 0.0397693736
vn 0.921185573 0.38898652 0.0103261064
vn 0.950988542 0.309093234 0.00906449135
vn 0.98995383 -0.0570558363 0.129367873
vn 0.997810356 -0.0479898055 0.0455134315
vn 0.990845138 -0.116386101 0.0684119033
vn 0.958097385 -0.155500893 0.240559498
vn 0.879366056 -0.126173109 0.459124914
vn 0.859064089 -0.266002735 0.437323034
vn 0.998212606 0.0547101267 0.0240498669
vn 0.99228629 0.0737459921 0.0996466124
vn 0.0802894738 -0.996333775 -0.0295399717
vn 0.165644506 -0.985972054 -0.0205184317
vn -0.0224933636 -0.999503832 -0.0220485349
vn 0.826753698 -0.562362764 0.0150480789
vn 0.787784496 -0.615948148 0.00186178522
vn 0.80307953 -0.594330199 0.042835532
vn 0.614300878 0.768990255 0.17688533
vn 0.0622466047 0.997910739 -0.0173065639
vn 0.998120466 0.0550892849 -0.0268459623
vn 0.987145252 0.159780639 0.00379450904
vn 0.492283831 0.75429973 0.43438295
vn 0.886620732 0.429881231 0.170604235
vn 0.841565024 0.486491438 0.234721942
vn 0.314192432 0.934221266 0.168860124
vn 0.443283292 0.413678633 0.795216896
vn 0.626994511 0.713019591 0.313816741
vn 0.441500534 0.873502775 0.205110169
vn 0.509255499 0.859416383 0.0454127328
vn 0.589749818 0.793468709 -0.15034148
vn 0.78624476 0.617639826 -0.018445104
vn 0.619640993 0.42109705 0.662361166
vn 0.499854283 0.809982682 0.306714445
vn 0.242681926 0.88632763 0.394371418
vn -0.256968497 0.597453285 -0.759616195
vn 0.902210764 0.431291818 -0.00176198308
vn 0.828864816 -0.0774765289 0.554058214
vn 0.924074448 -0.0139936555 0.38195627
vn 0.92086383 -0.160810509 0.355175712
vn 0.900951256 0.41583562 0.123966008
vn 0.897067403 0.385799427 0.215473611
vn 0.8058006 0.5433979 0.235380787
vn 0.68174528 0.574626046 0.452800486
vn 0.514396925 0.592917561 0.61955191
vn 0.821639978 0.566238652 -0.0654334414
vn 0.167996048 0.446651473 0.878794509
vn 0.0724975645 0.126536267 0.989309191
vn 0.119046092 0.253052178 0.960100319
vn -0.0923797917 0.972786469 -0.212491081
vn 0.893809354 0.349397778 0.281115688
vn 0.93625039 0.29265981 0.194384778
vn 0.997969741 -0.00563314801 0.063440234
vn 0.362016856 0.860230221 0.359092973
vn 0.210226146 0.637602343 0.741126319
vn 0.263238312 0.558226503 0.786821938
vn 0.943072744 0.0942609229 0.318949334
vn 0.291284117 0.380651045 0.877643632
vn 0.450318453 0.360929506 0.816665894
vn 0.17298673 0.427035124 0.887533996
vn 0.125204691 0.331659479 0.935053889
vn 0.991629533 -0.125607323 0.029894314
vn 0.053282377 0.0818354937 0.995220549
vn 0.0279206009 0.03975435 0.998819319
vn 0.0299563864 0.0380432339 0.998826976
vn 0.768775085 0.446910949 0.457444502
vn 0.829996761 0.411095577 0.376969233
vn 0.0590225429 0.130017997 0.989753333
vn 0.00697883497 0.027350194 0.999601552
vn 0.457879726 0.446074962 0.769001485
vn 0.099905795 0.137696817 0.985422964
vn 0.0102201562 0.0644487915 0.99786868
vn 0.115412683 0.157196775 0.980800228
vn 0.0672756175 0.0850309833 0.994104483
vn 0.945057435 0.326599044 -0.0141247959
vn 0.968986426 0.244611143 0.0350812631
vn 0.978531702 0.206052269 0.0042626116
vn 0.100339252 0.206332437 0.973323667
vn 0.124182538 0.108017427 0.986362475
vn 0.2526651 0.208732243 0.944770447
vn 0.294705835 0.236763573 0.925792353
vn 0.897855545 0.430708188 0.0913557781
vn 0.690771122 0.347880579 0.633888286
vn 0.609479116 0.365605399 0.703468478
vn 0.473797631 0.270088278 0.838193371
vn 0.0150290357 0.966628006 0.25574289
vn -0.0254594637 0.987210137 0.157378399
vn 0.898486804 0.437862643 0.0315874868
vn 0.688520056 0.414764983 0.594903472
vn 0.731293701 0.52896899 0.430582548
vn 0.993845166 0.0865344541 0.0691633882
vn 0.990605447 0.125107156 0.0552181877
vn 0.324095787 0.884957272 -0.334383834
vn 0.984486849 0.136320984 0.110463721
vn 0.482850045 0.666299482 0.56824364
vn 0.947464265 0.319848874 0.00285745329
vn 0.358999681 0.188404046 0.91412425
vn 0.47401742 0.158167413 0.866193139
vn 0.158538483 -0.0121083318 0.987278551
vn 0.994664278 0.102949768 -0.00665724378
vn 0.990853622 0.134620762 0.00929249768
vn 0.896438398 0.224079825 0.382343342
vn 0.992286931 0.0777074051 -0.0965826376
vn 0.39476923 -0.829819135 -0.394407731
vn 0.818266769 -0.544057719 -0.185582038
vn 0.778589092 -0.126964536 0.614555963
vn 0.660226246 -0.054775326 0.749066731
vn 0.789937667 -0.00250833891 0.61318202
vn 0.374068777 0.912098648 0.167775467
vn 0.51579523 0.848297159 0.119779845
vn 0.215780986 -0.859468972 0.463413047
vn 0.0701272216 -0.226183133 0.971557185
vn 0.729890715 -0.678091952 -0.0863182977
vn 0.752522274 -0.644192466 -0.136844051
vn 0.70206097 -0.692364588 -0.166558313
vn 0.873542851 0.486217024 0.0227133003
vn 0.909031036 0.416727939 0.000633173539
vn 0.997636566 -0.058552056 -0.0359574686
vn 0.998874958 -0.0468950496 -0.00704784634
vn 0.983148718 -0.0545305611 0.174485003
vn 0.870337 0.086749659 0.484755612
vn 0.997879671 0.0469729348 0.0450522565
vn 0.99653713 0.0729484418 0.0399032981
vn 0.989437432 0.141580696 0.0311203394
vn 0.991942873 0.123695803 0.027362127
vn 0.0209481083 -0.218401724 0.975634083
vn 0.00789588451 -0.388398374 0.921457736
vn 0.103856634 -0.307895607 0.945734685
vn 0.675063584 -0.512198626 0.53098185
vn 0.51934409 -0.596650018 0.611792834
vn 0.604631256 -0.49501483 0.624004297
vn 0.927273968 0.0541035071 0.370453505
vn 0.501216135 0.229913112 0.834219603
vn 0.218861785 -0.207526524 0.953431833
vn 0.338742096 -0.399545046 0.851831878
vn 0.567494886 -0.0288618723 0.822870918
vn 0.854945728 -0.51817518 0.0237125757
vn 0.875437156 -0.470805659 0.109324369
vn 0.881953102 -0.471147908 0.0133556972
vn 0.999624399 -0.0165434426 0.0218489209
vn 0.266067502 -0.305329012 0.914320665
vn 0.235969888 -0.234062473 0.943150556
vn 0.135429175 -0.165389958 0.976885408
vn 0.59298967 -0.0843653817 0.800778205
vn 0.343532023 0.00896084603 0.939098212
vn 0.818850424 0.0878714243 0.567241215
vn 0.117218383 -0.466889309 0.876512535
vn 0.661949907 0.0194631306 0.749295341
vn 0.996502998 0.0802376516 -0.0233172717
vn 0.800228081 -0.598917975 0.0305332229
vn 0.780186763 -0.625341351 -0.0160252764
vn 0.77004114 -0.637170387 0.0324120308
vn 0.0759174984 0.0641912026 0.995045739
vn 0.983063843 0.182850196 0.0122998467
vn 0.629575704 0.092581867 0.771403287
vn 0.974442439 -0.0801388614 0.20985637
vn 0.762212435 -0.646758688 -0.0271183279
vn 0.718132843 -0.681954318 -0.13864894
vn 0.778231022 -0.619478906 -0.102967768
vn 0.954072783 0.269942564 0.129908184
vn 0.320348236 -0.179474292 0.930142992
vn 0.475924233 -0.255324441 0.841608908
vn 0.79935634 -0.59970304 0.0372250595
vn 0.999965413 -0.00683296473 -0.00474169836
vn 0.77040465 -0.630472422 -0.0947691937
vn 0.216345132 0.20952147 0.953569891
vn 0.279661111 0.273474579 0.920326745
vn 0.421398728 0.286744603 0.860349141
vn 0.99763551 -0.0686971154 0.00202366918
vn 0.923372573 0.376631992 0.0743736147
vn 0.901584092 0.430953856 0.0377478248
vn 0.989466012 -0.108415542 0.0959326919
vn 0.861497321 -0.0140489919 0.507567721
vn 0.929265231 -0.00379383424 0.369393742
vn 0.981251275 -0.0249401786 0.191112329
vn 0.460488329 0.0206144747 0.887426359
vn 0.799897893 -0.1033366 0.591172485
vn 0.965620853 -0.124986848 0.227935642
vn 0.897811813 0.24491249 0.36599429
vn 0.764329059 0.344329632 0.545195555
vn 0.795716588 0.296561858 0.528096749
vn 0.0280126876 -0.378418643 0.925210581
vn 0.241506459 -0.969662486 -0.0378060098
vn 0.242252646 -0.969903122 -0.0245273326
vn 0.231008637 -0.972203542 -0.0381481605
vn 0.998572432 0.0492339378 0.0207151413
vn 0.997300042 0.0712245825 0.0178797282
vn 0.998520496 0.0517326792 -0.016749581
vn 0.849543171 0.233940586 0.472808844
vn 0.882178196 0.216425452 0.418236361
vn 0.80120699 0.401385171 0.44379872
vn 0.795843833 0.320391386 0.513791741
vn -0.0283813795 0.60579016 0.795118092
vn 0.998862596 0.0266841118 0.0395154741
vn 0.997544844 -0.05982396 -0.036405748
vn 0.995185104 -0.0976670142 0.00823188441
vn 0.840754341 -0.0783528603 0.535717245
vn 0.876985091 -0.0655985512 0.476018887
vn -0.00570014543 0.0984969622 0.995121026
vn 0.0126449458 0.241350142 0.970355715
vn 0.00107147389 0.0479353087 0.998849868
vn -0.0328296722 -0.0865126112 0.995709687
vn 0.0554348443 -0.96666273 0.249980287
vn 0.0148498541 -0.914220324 0.404945282
vn 0.371031971 -0.107225781 0.922408753
vn 0.541434342 0.557344662 0.629456735
vn 0.459876988 0.771137894 0.440294792
vn -0.098802525 0.995099224 -0.00394917938
vn 0.0967922888 -0.037758071 0.994588146
vn 0.0898514236 -0.27890463 0.956106129
vn 0.204929968 -0.976219575 0.0707039531
vn 0.93758101 0.347539996 0.0125618871
vn 0.920864055 0.314317921 0.230680813
vn 0.83557343 0.240629145 0.493877169
vn 0.571457997 0.632267516 0.523138171
vn 0.981153243 -0.0720976644 0.179276993
vn 0.877699499 -0.13440951 0.459975731
vn 0.98422466 0.102906019 0.143917234
vn 0.919628973 0.113888376 0.37591487
vn 0.829967329 0.390911423 0.397922721
vn 0.417864788 0.672857183 0.610452479
vn 0.962346431 0.271460221 -0.0140959565
vn -0.000100414968 -0.506434135 0.862278642
vn 0.0645622077 0.566418323 0.821585056
vn 0.00711668922 0.507489513 0.861628543
vn 0.030532303 0.410681963 0.911267307
vn 0.0400335708 0.568793244 0.821505666
vn 0.289594718 -0.502091699 0.814885775
vn 0.0882410937 -0.590310566 0.802338423
vn 0.873352623 0.481959072 0.0705028216
vn 0.434911749 0.265572753 0.860420179
vn 0.965377456 -0.124882219 0.229021393
vn 0.889901004 -0.235655248 0.390567288
vn 0.971643796 -0.108629233 0.210019103
vn 0.00911111082 0.00705066891 0.999933636
vn -0.0170883796 -0.14252427 0.989643784
vn -0.00894072619 -0.081514538 0.99663205
vn 0.965008526 0.115642389 0.235340991
vn -0.0232387284 -0.421897681 0.906345579
vn -0.015938806 0.376929485 0.926104809
vn -0.00401129736 0.11827923 0.992972272
vn -0.0161336781 0.0129596622 0.999785853
vn -0.012945286 0.185140409 0.98262681
vn 0.866027688 0.197125142 0.459497249
vn 0.998394872 0.051551508 -0.0234546836
vn 0.276014904 0.408476694 0.870035955
vn 0.07644099 0.270340838 0.959725276
vn 0.958172429 0.206758846 0.197879701
vn 0.854348385 -0.230359376 0.465857699
vn 0.946602926 -0.0638561701 0.3160147
vn 0.586825346 -0.193265591 0.786310641
vn 0.988109268 -0.151736663 0.0248205379
vn 0.760047569 -0.649864922 0.00180981422
vn 0.80830741 -0.588326097 0.0226171168
vn -0.036951242 -0.462633506 0.885779231
vn -0.0514327132 -0.568735392 0.820910915
vn 0.00737641157 -0.512646195 0.858568266
vn 0.883834766 0.0148159299 0.467564536
vn 0.989795982 -0.142487203 -0.00114502341
vn 0.803388904 -0.239818076 0.5450262
vn 0.558060917 0.751598561 0.351664069
vn 0.551597601 -0.579307466 0.60011911
vn 0.583145219 -0.509818845 0.632476402
vn 0.771496063 -0.416603388 0.480869465
vn 0.586934088 -0.809007075 -0.0318736342
vn 0.455000612 -0.89047247 -0.00576396685
vn 0.588245787 -0.808176736 -0.028587708
vn 0.00142409587 -0.847131202 0.531381876
vn -0.0207355005 -0.86451361 0.502181497
vn -0.0178114238 -0.757724979 0.652330904
vn -0.0411867496 -0.833340579 0.551223305
vn 0.647683247 -0.414394405 0.639361939
vn 0.464359634 -0.630648986 0.621813466
vn -0.0421141617 -0.754655682 0.65476805
vn 0.543939527 -0.82203706 -0.168478078
vn 0.540316906 -0.841179778 -0.02177666
vn 0.629721016 -0.768960668 -0.110231271
vn 0.00122844652 -0.60991953 0.792462401
vn 0.709231254 -0.162436076 0.686006961
vn -0.0228879902 -0.850810353 0.524974174
vn 0.0587356718 -0.617339852 0.784500878
vn -0.0410609061 -0.923193079 0.382136808
vn 0.936664979 0.242994089 -0.252215362
vn -0.00633469817 -0.513950387 0.857796521
vn 0.0031045536 -0.605530817 0.795815803
vn -0.00818387974 0.266036894 0.963928107
vn 0.545589227 -0.506639727 0.667569159
vn 0.230892905 -0.66286593 0.712248009
vn 0.0388503714 -0.491579097 0.869965884
vn 0.848602177 -0.358226152 0.389292139
vn 0.132992603 -0.975739271 0.173913317
vn 0.206208729 -0.92009056 0.333033514
vn 0.882082198 -0.465123774 0.0747721264
vn 0.990506892 -0.122150243 0.0630508932
vn 0.92729074 -0.359036976 0.10594496
vn -0.122775281 -0.490008048 -0.863028588
vn -0.134504102 -0.384077228 -0.913451328
vn 0.811430101 -0.584314336 0.0125677314
vn 0.860444487 -0.509514519 0.00549907156
vn 0.842356546 -0.538788434 0.0119362095
vn 0.189623228 -0.980930885 0.0426336707
vn 0.462401788 -0.865015879 0.19476169
vn 0.0844530113 -0.996378699 0.00985779532
vn 0.0819712491 -0.993902978 -0.0737399804
vn 0.0297154147 -0.999246084 -0.0249851628
vn 0.366756918 -0.334125414 0.86824511
vn 0.914658096 -0.401278586 -0.0487448836
vn 0.962895321 -0.268025373 -0.031543632
vn 0.939279751 -0.3420134 -0.0279353416
vn 0.366721775 -0.691259625 0.622635744
vn 0.0599882789 -0.960305566 0.272423614
vn 0.134470556 -0.931700525 0.337419326
vn 0.0687155951 -0.916234966 0.394704515
vn 0.796162308 -0.523456739 0.303510496
vn 0.686779863 -0.620356577 0.378802241
vn 0.957320212 -0.058884245 0.282967589
vn 0.826103836 -0.541427842 0.156231701
vn 0.763711827 -0.625833232 0.158357226
vn 0.71273187 -0.688641987 0.133362273
vn 0.401171422 -0.721689492 0.564115031
vn 0.804618093 -0.447964615 0.389765864
vn 0.65597577 -0.434659534 0.617063108
vn 0.852277198 -0.522954012 0.0119448404
vn 0.772236143 -0.315459084 0.551486088
vn 0.986852305 -0.126034179 0.101182573
vn 0.975700651 -0.161104354 0.148504637
vn 0.8434062 -0.537260313 0.00416387871
vn 0.820788789 -0.562269256 -0.100792107
vn 0.81584616 -0.576271611 -0.0480215826
vn 0.864337153 -0.499784278 -0.0560085788
vn 0.257211453 0.116748517 0.959276838
vn 0.0910021319 0.0492835961 0.994630454
vn 0.716869308 -0.69713231 0.0102439345
vn -0.166626183 -0.400811561 0.900880573
vn -0.270122275 -0.469978267 0.840329926
vn 0.0832559531 -0.544322365 -0.834734455
vn -0.0387380487 -0.593249945 -0.804085733
vn 0.446211367 -0.200197004 0.872248001
vn 0.97061044 -0.239356611 0.0249757029
vn 0.975073366 -0.221634045 -0.0105014538
vn 0.000974655047 0.271855276 0.962337653
vn 0.0669806284 -0.990515401 -0.119970145
vn 0.938722337 -0.28185756 0.198385206
vn 0.959282445 -0.282057505 0.0148578307
vn 0.240020459 -0.153250951 0.958594975
vn 0.231680813 -0.135616768 0.963292319
vn 0.889020694 -0.457688566 -0.0127821179
vn 0.859649857 -0.51051987 -0.0192765521
vn 0.931056303 -0.364824147 -0.00612389365
vn 0.909635278 -0.414968457 0.0191008194
vn 0.848864915 -0.182378479 0.496151637
vn 0.565907964 -0.155039016 0.80975989
vn 0.497753174 -0.189069075 0.846460077
vn 0.679462339 -0.219541585 0.700094581
vn 0.624422436 -0.243058422 0.742306692
vn 0.173018904 0.23470872 0.956543922
vn 0.177478145 -0.98401385 0.0147733317
vn 0.186513207 -0.982350422 -0.0141588356
vn 0.435802724 -0.100863118 0.894372751
vn 0.336411147 -0.125081622 0.933371377
vn 0.923922812 -0.382558942 0.00391054231
vn 0.975044612 -0.205377783 0.0843087839
vn -0.13036121 -0.849099192 0.511895026
vn 0.000156201635 0.00724385725 0.999973751
vn 0.902058537 -0.431324438 0.0157995271
vn 0.921797427 -0.387132745 -0.0204387321
vn 0.783637444 -0.261405294 0.563542037
vn 0.761936184 -0.304429827 0.571643011
vn 0.88392024 -0.328279829 0.333042584
vn 0.877330741 -0.471931602 0.0870134122
vn 0.827332564 -0.518350711 0.216410186
vn 0.863147153 -0.387855197 0.323334717
vn 0.782513672 -0.410441597 0.468198727
vn 0.989153711 0.0146202272 0.146154662
vn 0.888408721 -0.458438062 -0.0237589348
vn 0.995630147 0.0870571356 0.033788537
vn 0.962460683 -0.269093495 0.0354700404
vn 0.794518685 -0.255712362 0.550773317
vn 0.77797645 -0.360285065 0.514730332
vn 0.724338293 -0.428277405 0.540289275
vn 0.941750744 -0.323828118 0.0907793234
vn 0.61612237 -0.464596327 0.636037325
vn 0.676938991 -0.735828688 -0.0175995768
vn 0.656193632 -0.754577635 0.00474440561
vn 0.721492166 -0.692362595 0.00911540582
vn 0.749246965 -0.553838958 0.363168548
vn 0.693903497 -0.548362955 0.466686197
vn 0.1186396 -0.52094806 0.845303356
vn 0.111439909 -0.372482297 0.921324094
vn 0.00997624723 -0.0017767148 0.999948658
vn 0.529037043 -0.438513911 0.726515903
vn 0.0337435556 -0.0322678667 0.998909484
vn 0.0933772193 -0.0509083103 0.994328436
vn 0.163780116 -0.265254103 0.950166477
vn 0.800801518 -0.593468691 -0.0806959763
vn 0.751610171 -0.622512932 0.218082095
vn 0.625233213 -0.60047302 0.498513371
vn 0.659290192 -0.70930646 0.249440952
vn 0.288236872 -0.957540074 -0.0060424924
vn 0.235328524 -0.971089555 -0.0400694729
vn 0.595023942 -0.253460403 0.762695439
vn 0.662502727 -0.748690607 -0.023505556
vn 0.350329145 -0.446155262 0.823538082
vn 0.251544943 -0.28296029 0.925558543
vn 0.975960425 -0.213860629 0.0420104679
vn 0.693150715 -0.720161072 0.0301681583
vn -0.0796972788 -0.945613832 0.315377273
vn 0.660018223 -0.549663239 0.512099862
vn 0.905200292 -0.311587001 0.289008601
vn 0.532362999 -0.502572202 0.681183396
vn 0.258546218 -0.758683468 0.597957564
vn 0.37618619 -0.890868188 0.25463272
vn 0.464170304 -0.568037381 0.679617144
vn 0.455246317 -0.62917496 0.629991794
vn 0.080919979 -0.800269105 0.594155969
vn -0.00144157295 -0.839747288 0.54297552
vn 0.539073376 -0.710225049 0.452747474
vn 0.588966416 -0.800418914 0.111571156
vn 0.0780157148 -0.976855544 0.199165242
vn 0.0118077688 -0.0468884687 0.99883034
vn 0.0985235418 -0.184444603 0.977892274
vn 0.0384151684 -0.0697554454 0.996824183
vn 0.373808712 -0.922539207 -0.0958564488
vn 0.320361932 -0.942168859 -0.0984178509
vn 0.377703206 -0.909370062 -0.174316892
vn 0.150999281 -0.982583102 -0.108303572
vn 0.173500777 -0.978503533 -0.111482358
vn 0.202769387 -0.960328976 -0.191449296
vn 0.22647387 -0.965366996 -0.129522774
vn 0.259273367 -0.94405089 -0.203826493
vn 0.127911699 -0.0767078993 0.988814692
vn 0.260490187 -0.135886499 0.955865954
vn 0.127923238 -0.984616475 -0.119021182
vn 0.0700114821 -0.981937226 -0.17577735
vn 0.155757636 -0.972450534 -0.173434478
vn 0.0119075747 -0.20144435 0.97942758
vn 0.124749452 -0.110127557 0.986057552
vn -0.0133008043 -0.059365634 0.99814769
vn -0.00880242635 -0.00314691521 0.999956306
vn 0.208415137 -0.820130476 0.532868777
vn 0.378864563 -0.444055711 0.811958231
vn 0.348830348 -0.80295602 0.483300133
vn -0.973548878 -0.060540228 0.220312195
vn -0.907989937 0.0116906715 0.418828846
vn 0.978413998 0.195495684 0.0669886969
vn 0.211250897 -0.977383954 -0.0096781215
vn 0.231751365 -0.972773746 -0.00159484037
vn 0.214327669 -0.976622457 -0.0164992793
vn 0.291016326 -0.937768412 -0.189472697
vn 0.00947796494 -0.989498006 -0.144235449
vn -0.0359918805 -0.983600832 -0.176731402
vn -0.395701258 -0.564852872 0.724128267
vn 0.306677332 -0.939083807 -0.155147084
vn 0.155959006 -0.953285678 -0.258695197
vn 0.308346966 -0.946396553 -0.0962066145
vn 0.200389041 -0.94764162 -0.24863546
vn 0.287477684 -0.948158983 0.135466321
vn 0.329469352 -0.928988754 0.16861151
vn 0.1868015 -0.981895455 0.0314088369
vn 0.165223894 -0.985527527 0.0379019569
vn -0.0186290906 -0.519585553 -0.854215318
vn 0.0476833203 -0.429284142 -0.901909877
vn -0.0704700321 -0.309665082 -0.948230727
vn 0.996481757 -0.0549052745 0.0633207566
vn 0.984271468 -0.145054603 0.10084066
vn 0.979745937 -0.151622741 0.13079925
vn -0.494549862 -0.869131313 0.00558527384
vn 0.445483922 -0.889451079 -0.102082583
vn 0.222412859 -0.97430651 -0.0354872508
vn 0.879074347 -0.400953826 0.257806753
vn 0.605241555 -0.795743371 -0.0217979073
vn 0.2452705 -0.969369303 -0.0128661293
vn 0.309492413 -0.950898823 0.00242356379
vn 0.282012118 -0.958050767 -0.0510675361
vn 0.212935585 -0.973980536 -0.0775909329
vn 0.275297304 -0.961017612 0.0256231221
vn 0.208822239 -0.977860902 -0.0134658365
vn 0.117801148 -0.854356771 0.506159458
vn 0.222053216 -0.790104843 0.571337646
vn 0.204647543 -0.976919168 -0.0612235456
vn 0.221312833 -0.974170141 -0.0448683112
vn -0.147046341 -0.989001149 -0.0159405674
vn 0.228611301 -0.972635384 0.0414401232
vn 0.213359547 -0.976855021 0.0152306421
vn 0.205941935 -0.977942076 0.0348886175
vn 0.24456179 -0.969496002 0.0163411726
vn 0.126519092 -0.959794794 0.25057309
vn 0.190880266 -0.913537588 0.359184911
vn 0.030351777 -0.95869531 0.282811018
vn 0.932317375 -0.166931285 0.320808756
vn 0.247348451 -0.858620498 0.448987286
vn 0.207514124 -0.759325202 -0.616735864
vn 0.0950968385 -0.247330277 -0.964253248
vn 0.090570203 0.0474020962 -0.994761318
vn 0.606964815 -0.790999853 0.0768956808
vn 0.600063457 -0.796144661 0.0779584855
vn 0.527716347 -0.845460682 0.0819249177
vn 0.201163666 -0.979415384 -0.0166938452
vn 0.211402558 -0.97264732 0.0962608414
vn 0.267148123 -0.93388938 0.237660487
vn 0.102927885 -0.882514626 0.458883193
vn 0.973521007 -0.18298443 0.137016599
vn 0.233917107 -0.967275646 0.0982884107
vn 0.996934095 -0.0478053193 0.0619440151
vn 0.330845577 -0.91780045 0.219507489
vn 0.228016947 -0.929328967 0.290440946
vn 0.190371495 -0.978856884 0.074819075
vn 0.171561799 -0.983162943 0.0629060902
vn 0.29525079 -0.893669031 0.337909209
vn 0.580330199 -0.797340195 0.165727106
vn 0.00639831476 -0.728977437 -0.684507821
vn 0.115012924 -0.625538661 -0.771669237
vn 0.0537938318 -0.837078482 -0.544431666
vn 0.660582378 -0.743367771 0.105048938
vn 0.956274817 -0.28321518 0.0729906603
vn 0.989910814 -0.113578856 0.0847137743
vn 0.285853438 -0.945560951 0.155570884
vn 0.604669092 -0.783157245 0.145051781
vn 0.317294003 -0.948005718 0.0246916036
vn 0.101969677 -0.994618239 0.0183505828
vn 0.132992329 -0.991112797 -0.00290938685
vn 0.614941328 -0.779444317 0.119639958
vn 0.485233787 -0.729259101 0.48242029
vn 0.235696885 -0.815353703 0.528815012
vn 0.583548367 -0.696765809 0.41711954
vn 0.751227211 -0.655762042 0.075058792
vn 0.801065418 -0.598350899 -0.0164437756
vn 0.380299536 -0.914555622 0.137696318
vn 0.161378363 -0.886647658 0.433373919
vn 0.317656851 -0.85247046 0.415196629
vn 0.963515591 -0.189372162 0.189145159
vn 0.629376146 -0.711469715 0.312564412
vn 0.732623262 -0.526740347 0.431054246
vn 0.491214541 -0.654226977 0.57506116
vn 0.025532524 -0.824062172 0.565923693
vn 0.848868721 -0.480188655 -0.220999436
vn 0.246042924 -0.968955834 -0.0242378138
vn 0.218400929 -0.975104971 -0.0383579092
vn 0.177105012 -0.942130617 0.284646651
vn 0.462329024 -0.874572867 -0.146199093
vn 0.212721403 -0.97673391 -0.0272116484
vn 0.240735109 -0.970415349 -0.0184569335
vn 0.233046805 -0.972330981 0.0161756216
vn 0.998674669 -0.0409406412 -0.0311892495
vn 0.984732574 -0.157078295 0.0750211122
vn 0.166193871 -0.918549795 -0.358672373
vn 0.00691710536 -0.922990388 0.384760832
vn 0.0298523078 -0.984992451 0.169996207
vn 0.97055146 -0.134323273 -0.199967801
vn 0.992402364 -0.0727609634 -0.0992138632
vn 0.967379921 -0.127059684 -0.21916187
vn -0.191940838 -0.975119431 0.110909018
vn -0.193147012 -0.972011129 0.133748256
vn 0.231006863 -0.96853183 -0.0926386682
vn -0.0467374522 -0.619959219 -0.783240817
vn 0.998200823 -0.036987132 -0.0471918254
vn 0.975143776 -0.13227202 -0.17776031
vn 0.802173107 -0.575543224 0.15896007
vn 0.409929473 -0.889935246 0.1999327
vn 0.135326548 -0.347059865 -0.928028111
vn 0.999572672 0.00658492352 -0.0284800389
vn 0.106275555 -0.993735663 0.0345678947
vn 0.0307691213 -0.998620868 0.042539666
vn 0.892497933 -0.443222595 0.0836729947
vn 0.831739256 -0.540459972 -0.126936319
vn 0.780041154 -0.590323369 -0.207494865
vn 0.781206413 -0.600610659 -0.170245052
vn 0.763852793 -0.601050566 -0.235089617
vn -0.337939455 0.0979764075 -0.936054244
vn -0.319644385 0.261278997 -0.910802258
vn -0.288223481 0.152228724 -0.945385446
vn 0.697334884 -0.497472021 -0.515989968
vn 0.923224377 -0.234737321 -0.304228761
vn 0.658914407 -0.533467977 -0.530324166
vn 0.468155592 -0.756726767 -0.456283839
vn 0.378404806 -0.888476279 -0.259653046
vn 0.00894968716 -0.998513917 0.0537574182
vn 0.00619910542 -0.981684986 -0.190410503
vn 0.0386110857 -0.996857146 -0.0691737946
vn 0.491051323 -0.668959385 -0.557998153
vn 0.229915226 -0.810597594 -0.538581962
vn 0.464400564 -0.751637389 -0.46837309
vn 0.211649124 -0.977342912 -0.00234103898
vn 0.0215926429 -0.958494873 -0.284290936
vn -0.0129490052 -0.93107279 -0.364603597
vn 0.114239746 -0.993439611 0.00519796081
vn 0.99324212 -0.017383072 0.114751554
vn 0.960973082 -0.275961726 0.0193871449
vn -0.0136001553 -0.950406447 -0.310713084
vn 0.0516610117 -0.950152687 0.307475222
vn 0.0239926126 -0.688432133 -0.724903823
vn -0.00321399721 -0.998280105 0.0585363321
vn 0.14538332 -0.982075105 0.119967406
vn -0.0208176636 -0.834049525 -0.551296667
vn -0.00718814621 -0.767353334 -0.64118421
vn 0.00596248497 -0.534545494 -0.845118668
vn 0.449822009 -0.834914405 0.317140499
vn 0.166840348 -0.955964586 0.241445662
vn 0.0622889886 -0.0746131091 -0.995265274
vn -0.0128053434 -0.890680192 -0.454450018
vn -0.0440140983 -0.95818579 -0.282741492
vn 0.845673107 -0.475928218 0.241514653
vn 0.540453581 -0.693522033 -0.476379172
vn -0.0381477233 -0.795797522 -0.604360038
vn 0.120340968 -0.968391465 -0.218485747
vn 0.152456428 -0.906293376 -0.394194563
vn 0.0048803231 -0.809463626 -0.587149743
vn -0.0313943965 -0.991873033 -0.123297517
vn -0.0711701173 -0.997175904 0.0239798211
vn -0.0770542127 -0.987080923 -0.140477401
vn 0.488741331 -0.825778009 -0.281465082
vn 0.991020384 0.00542472442 -0.13360079
vn 0.919728189 -0.166007309 -0.355726906
vn 0.0966307132 -0.947362633 -0.305231954
vn 0.994370375 0.044696457 -0.096071764
vn 0.955992782 -0.0979307204 -0.276563509
vn -0.0153518667 -0.862478964 -0.505860017
vn -0.0199207645 -0.888765865 -0.45792838
vn -0.155917515 -0.160122112 -0.974705411
vn 0.614037023 -0.687004515 0.388565736
vn 0.655400844 -0.7404088 0.149146045
vn 0.813123725 -0.565539588 0.137821557
vn 0.533106702 -0.470376865 -0.703237406
vn -0.060870005 -0.653585777 -0.754400739
vn -0.0691098852 -0.529258404 -0.845641393
vn 0.814734366 -0.407034063 -0.412954217
vn 0.534277429 -0.65352071 -0.536151388
vn 0.839356802 -0.400604684 -0.367418082
vn -0.0108342165 -0.438206134 -0.898809214
vn 0.712622605 -0.264656493 -0.649712216
vn -0.0409806393 -0.758717347 -0.65012966
vn 0.0843318659 -0.978306574 -0.189220461
vn 0.190548896 -0.944427017 -0.267859532
vn 0.235334719 -0.962208902 -0.137009483
vn 0.243913692 -0.969461879 0.0254907219
vn 0.600235279 -0.796420975 -0.0736969455
vn 0.214289493 -0.962122257 -0.168525296
vn 0.194226399 -0.936614728 -0.291597253
vn 0.104296778 -0.990546269 0.0891081967
vn 0.157161037 -0.81289247 -0.56080856
vn 0.338141648 -0.697890557 -0.63135489
vn 0.299233192 -0.951168928 -0.0757440946
vn 0.256416673 -0.964613715 -0.0614074071
vn 0.279606383 -0.95989161 -0.0206970398
vn 0.0568660914 -0.935525138 -0.348653071
vn 0.608573814 -0.746413641 -0.269266763
vn 0.990985363 -0.0202202914 -0.132435458
vn 0.968383965 0.0341754277 -0.247112395
vn 0.437198808 -0.0592810207 -0.897409028
vn 0.827399794 -0.121261701 -0.548365919
vn 0.986646495 -0.138654748 0.0854608356
vn 0.975264539 -0.186702237 0.118327318
vn 0.95319956 -0.27201426 -0.131980457
vn 0.87827929 -0.381464084 -0.288289162
vn 0.588038819 -0.543606935 -0.59891723
vn 0.719116988 -0.390196163 -0.574993663
vn 0.640327413 -0.492456814 -0.589463392
vn 0.644687036 -0.115664213 -0.755645694
vn 0.986779726 -0.0284967525 -0.15954218
vn 0.995627154 -0.0417534867 -0.0835656434
vn 0.998961144 0.0364232655 -0.027385733
vn -0.314011817 0.0201694272 -0.949204811
vn 0.535568354 -0.843080968 -0.0487956921
vn 0.17538734 -0.984330319 -0.0182511192
vn 0.189723714 -0.981703954 0.0161944273
vn 0.999131786 0.0383747995 -0.0162187817
vn 0.170327923 -0.984997994 0.0277011018
vn 0.043949022 -0.993184589 -0.107948396
vn 0.0286443509 -0.985706262 0.166020077
vn 0.120594354 -0.956101213 0.267072035
vn 0.978632048 -0.0975679073 -0.180996733
vn 0.749367193 -0.566783289 -0.342352906
vn -0.0204626503 -0.707301579 -0.706615706
vn 0.950005539 -0.310308627 0.0346126105
vn 0.96081694 -0.249363847 0.121030902
vn 0.943724447 -0.305556016 0.12656891
vn 0.503135175 -0.778303055 -0.375631934
vn 0.670561219 -0.477773414 -0.567521116
vn 0.351366988 -0.933714467 0.0686915875
vn 0.283029104 -0.957034475 0.063083598
vn 0.200586544 -0.974057799 0.10476852
vn 0.329429973 -0.94394176 -0.0212095661
vn 0.35681583 -0.930765748 -0.0797344702
vn 0.423551892 -0.905186107 -0.035240685
vn 0.503427296 -0.863684703 -0.024691921
vn 0.676027139 -0.729586598 -0.103395856
vn 0.527403225 -0.849472039 0.015591452
vn 0.828166952 -0.560456177 0.0053266165
vn 0.811917337 -0.560885418 0.161857303
vn 0.79745709 -0.603326947 0.00766711391
vn 0.302252159 -0.942604952 -0.141913838
vn 0.232236861 -0.938840527 -0.254252838
vn 0.392575918 -0.905524912 -0.160962055
vn 0.211120982 -0.956151473 -0.202983475
vn 0.118565523 -0.963075423 -0.241718735
vn 0.527186105 -0.849358186 -0.0257969454
vn 0.495003305 -0.857946008 -0.137478637
vn 0.340202489 -0.888310454 -0.308491173
vn 0.506210684 -0.832726539 -0.22431508
vn 0.319816273 -0.857161368 -0.403722605
vn 0.00258796032 -0.997322955 0.0730768473
vn -0.0914233513 -0.99108902 0.0968727319
vn 0.000227516292 -0.995836429 0.0911578539
vn 0.02020352 -0.98815 0.152155826
vn 0.0538755504 -0.995749483 0.0747020279
vn 0.347858464 -0.937329584 0.0201925837
vn 0.0609719138 -0.997429149 -0.0376499368
vn -0.0436079215 -0.998863277 0.019248465
vn -0.0930145944 -0.995485867 0.0188725787
vn 0.118976494 -0.991488502 -0.0528691151
vn 0.177522741 -0.981762309 -0.0680326744
vn 0.258491939 -0.962918907 0.0772599298
vn 0.201176465 -0.978401655 0.0475208451
vn 0.197402394 -0.979266651 0.0454876014
vn -0.105710542 -0.992784212 -0.0566108569
vn 0.0661885439 -0.997260371 0.0330277097
vn 0.670058445 -0.475205497 -0.570264338
vn 0.00969600563 -0.996914944 0.0778882603
vn 0.141778641 -0.984768463 0.100647358
vn 0.148687114 -0.986522656 0.0683022065
vn 0.0731041714 -0.996824368 0.0315746644
vn 0.175464914 -0.983491911 0.0442235693
vn -0.00954079149 0.392157544 0.919848593
vn -0.0303643589 0.343268089 0.938746518
vn 0.0748512232 -0.997180602 0.00530489785
vn -0.0726452566 -0.994269307 0.0784296657
vn 0.201686325 -0.979046339 -0.0281227931
vn 0.985090483 0.0192030185 -0.17096194
vn 0.211657759 -0.972991469 -0.0921335664
vn 0.140364143 -0.983311287 -0.115744635
vn 0.224470269 -0.962665847 -0.151286367
vn 0.124217074 -0.97276006 -0.195724255
vn 0.246762756 -0.969015597 0.0108126809
vn 0.0305957554 -0.996420458 0.0788046353
vn -0.162597977 -0.972673126 -0.165737405
vn 0.260273471 -0.96044247 -0.0990352571
vn 0.222358562 -0.973003984 -0.0618054717
vn -0.137834781 -0.989856745 -0.0344267019
vn 0.290940134 -0.956641114 0.0138425654
vn 0.306536042 -0.951554993 0.0240572295
vn 0.285575005 -0.958002446 0.026042833
vn 0.2630017 -0.964793937 0.00166262699
vn 0.201370733 -0.978292516 -0.0489242306
vn 0.309598206 -0.950396919 0.0299106457
vn 0.298197362 -0.953199511 0.0498901349
vn 0.299595283 -0.953804727 0.0223429832
vn -0.21740032 -0.975699194 -0.0273529528
vn 0.315772812 -0.94835736 0.0300973198
vn 0.298946663 -0.953954969 0.0245114237
vn 0.278055672 -0.960029725 -0.0320619665
vn 0.31728917 -0.948302363 0.00708603784
vn 0.156606495 -0.987346646 -0.0249200133
vn 0.927232198 -0.0337048785 -0.372967066
vn 0.267982332 -0.963402715 -0.00637804835
vn 0.307078604 -0.950876441 0.0392010886
vn 0.732007335 -0.624651663 -0.271984488
vn 0.753809672 -0.606975332 -0.251698083
vn 0.230729676 -0.971529967 0.0537897684
vn 0.168757176 -0.985550918 -0.0145053116
vn 0.0283460827 -0.998093001 -0.0548348603
vn 0.86378237 -0.503384976 -0.0219905165
vn 0.17594418 -0.982052407 0.0679464111
vn 0.145447383 -0.987196726 0.0654803991
vn 0.212074665 -0.974099401 0.0784518597
vn 0.813298706 -0.577033059 -0.0746864416
vn 0.789406965 -0.594839763 -0.151665089
vn 0.841065712 -0.525308458 0.129071652
vn 0.238638663 -0.967667421 -0.0816783406
vn 0.145697881 -0.984805628 0.0944986948
vn 0.0282379996 -0.989620263 0.140905467
vn 0.908813965 0.416747425 -0.0194617886
vn 0.838321842 -0.366157706 -0.403912148
vn 0.217944566 -0.974403507 0.05511779
vn 0.351371219 -0.935768352 0.0295948862
vn 0.185183215 -0.97797966 0.0962442854
vn 0.85701037 -0.461396451 0.22944834
vn -0.243224944 -0.928098272 0.281913506
vn -0.235963514 -0.911416552 0.337106938
vn -0.475563599 -0.869376304 0.134253884
vn 0.0435878468 -0.948627621 -0.313377944
vn 0.28848839 -0.956679013 0.0392392003
vn -0.170371521 0.232437574 -0.95757314
vn 0.24272093 -0.0696654103 -0.967591485
vn 0.600772485 -0.797939133 -0.0486370307
vn -0.00182337628 -0.994894357 0.100905367
vn -0.167504989 -0.980084688 0.106658723
vn -0.0592444413 -0.178084531 -0.982230114
vn 0.244588847 -0.843404083 -0.478378353
vn -0.505448937 -0.858254821 0.0889945706
vn -0.166870255 -0.678534327 -0.715363883
vn 0.205211674 -0.975432116 0.0801271251
vn 0.0747198775 -0.991781099 0.103861404
vn 0.761821709 -0.535628436 -0.364321097
vn 0.686297168 -0.540396475 -0.486793434
vn 0.730486119 -0.558074562 -0.393627759
vn 0.822262136 -0.566162104 -0.0578398848
vn 0.865256178 -0.481522199 0.139528196
vn 0.18949451 -0.979842009 0.0632571603
vn -0.319134511 -0.941236847 0.110572877
vn 0.938783628 -0.32997091 -0.0990176686
vn 0.804382654 -0.514044192 0.297870971
vn 0.786720405 -0.569632313 0.237886596
vn 0.818451123 -0.509157699 0.266263397
vn 0.899806166 -0.380299995 0.213824173
vn 0.888250583 -0.410974635 0.205209042
vn -0.225525821 0.205281676 -0.952364183
vn -0.218293201 0.258493864 -0.941025505
vn -0.212803786 0.221844841 -0.95157733
vn 0.876166069 -0.477195549 -0.0679516553
vn 0.860506407 -0.509438858 -0.000879220236
vn 0.910759889 -0.407519519 0.066665337
vn 0.0340394322 -0.085551247 -0.995752128
vn 0.725910237 -0.661748846 -0.187464111
vn 0.724306313 -0.667302481 -0.173458246
vn 0.764448485 -0.604995899 -0.222707151
vn 0.782669635 -0.546485898 -0.297962089
vn -0.0211740729 -0.171519865 -0.984953093
vn 0.96675246 -0.234051212 0.103003449
vn -0.213356033 0.28466233 -0.93458363
vn -0.124074706 0.283966511 -0.950772574
vn 0.120926657 0.296526311 -0.947337791
vn -0.208741762 0.213775273 -0.954320182
vn 0.169081436 -0.102532905 -0.980254289
vn -0.0986168064 0.136103593 -0.98577408
vn 0.983973223 -0.178274643 -0.00385321015
vn 0.477617717 -0.180154509 -0.859898639
vn 0.0286247634 0.048689412 -0.998403708
vn 0.774192958 -0.392487884 -0.496566738
vn -0.248003521 0.271331289 -0.929985798
vn 0.748190494 -0.491843947 -0.445309461
vn 0.956873161 -0.260183877 -0.129221141
vn 0.431606211 -0.901573672 -0.0296815125
vn 0.746885388 -0.620421287 -0.239248081
vn 0.544862737 -0.834829413 -0.0786412705
vn 0.613263071 -0.785307644 -0.0848546387
vn 0.748782379 -0.618434591 -0.238460908
vn 0.636616775 -0.743663062 -0.20416741
vn 0.671206852 -0.681739632 -0.291054008
vn 0.653050139 -0.746153046 0.129542068
vn 0.421453451 -0.618880712 -0.66284512
vn 0.988782501 0.12706981 -0.0785011436
vn 0.898726512 -0.409667683 0.156406669
vn 0.864629133 -0.478836595 -0.152092007
vn 0.906717387 -0.408066876 0.106512933
vn 0.908677969 -0.379790977 0.173387319
vn 0.976100042 0.0252915663 -0.215844955
vn -0.278301434 -0.0486701397 -0.959259886
vn 0.842727135 -0.498455333 -0.203355004
vn 0.813500113 -0.523584247 -0.253134554
vn 0.795013419 -0.567127829 -0.215220096
vn 0.974541646 0.211944752 -0.07313004
vn 0.968636663 -0.210281892 0.13238029
vn 0.999070893 0.0182186239 -0.0390567939
vn 0.989887369 0.0138830589 -0.141174566
vn 0.621934607 -0.766039729 -0.162420682
vn 0.951386257 -0.188552794 -0.243540621
vn 0.884480129 -0.278589887 -0.37427607
vn 0.925927522 -0.297612284 -0.232562148
vn 0.548577638 -0.697779308 -0.460615471
vn 0.973813963 -0.223375854 -0.0423035792
vn -0.284448836 0.864451551 -0.414502564
vn 0.925983845 -0.356240259 -0.12508716
vn 0.972800508 -0.21122974 0.0950850637
vn 0.912816257 -0.406069168 -0.0432933235
vn 0.795565586 -0.515458487 -0.318399037
vn 0.772118385 -0.581226402 -0.256922302
vn 0.872630256 -0.465441847 -0.147919988
vn 0.908412321 -0.377123641 -0.180457238
vn -0.129790337 -0.212706534 -0.968457742
vn 0.71767748 -0.681745718 0.141992289
vn 0.935120373 -0.312536265 0.166946013
vn 0.943754753 -0.288695497 0.161188945
vn 0.898645618 -0.423888546 -0.11293606
vn 0.975971071 0.207149813 -0.0675975144
vn 0.830143281 -0.542248786 -0.129724271
vn 0.997544571 0.0302688062 -0.0631555852
vn 0.677469835 -0.634024806 -0.37289029
vn 0.605536161 -0.589187839 -0.534961352
vn 0.796264298 -0.588522311 -0.140016631
vn 0.984680142 -0.118054149 -0.128328627
vn 0.444618672 -0.45202329 -0.773297602
vn 0.743143607 -0.600352307 -0.295490587
vn 0.554581051 -0.827317302 -0.0893640859
vn 0.784688235 -0.590072914 0.189942967
vn -0.238679615 0.262559593 -0.934930212
vn 0.888783613 0.194077526 -0.415207904
vn -0.843264644 -0.52769852 -0.102171486
vn 0.701301778 0.497577515 -0.510482549
vn -0.990144922 0.127488776 0.0579624489
vn -0.32455446 -0.612412156 -0.720843779
vn -0.420586561 -0.876686837 -0.233510459
vn -0.267044771 -0.63305553 -0.726586393
vn -0.793679006 -0.607412274 -0.0335255851
vn -0.433428303 -0.900346476 0.0389374972
vn -0.846188113 -0.526114756 -0.0846696026
vn -0.866403648 -0.488537347 -0.10332463
vn 0.00987451547 -0.908233264 -0.418347742
vn 0.0580432823 -0.854645829 -0.515956862
vn -0.755543667 -0.652483654 -0.0584709105
vn -0.691686675 -0.719656237 -0.0605346592
vn 0.888807767 0.206914282 -0.408909811
vn -0.396888799 -0.900681514 0.17678261
vn -0.180657579 -0.975549623 0.125162984
vn 0.430037872 -0.80196179 -0.414638054
vn -0.0128583266 -0.996387208 0.0839475758
vn -0.0810868587 -0.996517127 -0.0194560035
vn -0.314950038 -0.258012728 -0.913365155
vn 0.791552096 -0.579094231 0.195179791
vn -0.249338504 -0.955993449 -0.154618357
vn -0.174141357 -0.956797747 -0.232836549
vn 0.0171220686 -0.998316788 -0.0554114126
vn -0.343367434 -0.922171786 0.178039327
vn -0.485810836 -0.846407909 0.218131802
vn -0.19480224 -0.94068811 -0.27777323
vn 0.384936714 -0.374366003 -0.843607623
vn -0.0620080227 0.134381416 -0.988987685
vn -0.137232754 -0.966670916 0.216135399
vn -0.249695801 -0.968163342 0.0176564252
vn -0.331097106 -0.939575385 0.0870218506
vn 0.0511079678 -0.991237661 0.121802605
vn -0.0413724592 -0.992656302 0.113674033
vn 0.0153754609 -0.159365311 -0.987099941
vn -0.0779562867 -0.992684028 0.0922021589
vn 0.0985040523 -0.992188215 0.0765473577
vn -0.221870562 -0.966927654 0.125794938
vn -0.132677494 -0.987471804 0.0854173245
vn 0.466410109 -0.88420201 -0.0254640026
vn 0.559718154 -0.8272603 -0.0485384804
vn 0.212559633 -0.97574089 0.0524224864
vn 0.256410791 -0.964513627 0.0629838755
vn 0.30535765 -0.947466582 0.0952038974
vn 0.0270668326 -0.996184763 0.0829656875
vn 0.0473473546 -0.998865815 0.00503111462
vn -0.30519643 -0.951888283 0.0276375821
vn -0.105897793 -0.993837754 -0.0327441021
vn -0.125671869 -0.99094284 -0.0473166839
vn -0.28145504 -0.958629089 0.0425832014
vn 0.768753729 -0.600972491 -0.218745899
vn -0.328557375 -0.943242891 -0.0484035179
vn -0.0592578587 -0.993794131 0.0941367644
vn -0.278998267 -0.949840029 -0.141293619
vn -0.269618222 -0.955582094 -0.119033084
vn 0.58382191 -0.80748357 -0.0843934944
vn -0.335301963 -0.941375424 0.0372143108
vn 0.45216839 -0.891644521 0.0226670394
vn 0.280092913 -0.431861446 -0.857346867
vn -0.339697393 -0.934997106 -0.101912186
vn 0.169047882 -0.984786846 0.0402204018
vn -0.280729981 -0.957908267 -0.0600202475
vn 0.0410880705 -0.561833994 -0.826228984
vn -0.824773371 -0.130340828 -0.550236453
vn -0.649959818 -0.7561359 -0.0762281863
vn -0.0162984059 -0.782644722 -0.622255254
vn -0.200603793 -0.839897321 -0.504312016
vn -0.77700688 -0.623778789 -0.0846187366
vn -0.738936399 -0.650230205 -0.176560693
vn -0.667024569 -0.725466675 -0.169635867
vn -0.52039858 -0.783820999 -0.338836185
vn -0.335213947 -0.87748035 -0.343015808
vn -0.727806281 -0.656110471 0.199542142
vn 0.00197311066 -0.822642617 -0.568555391
vn -0.249397198 -0.856243776 -0.452379967
vn -0.340421656 -0.785951077 -0.516133704
vn -0.514173526 -0.670607752 -0.534706301
vn -0.345881101 -0.701856264 -0.622707033
vn -0.777457992 -0.617801087 -0.117817183
vn -0.716965762 -0.691379708 -0.0891862972
vn -0.313722271 -0.943892162 -0.103179082
vn -0.203536789 -0.979043345 -0.00684871242
vn -0.564292143 -0.825552442 0.00612716143
vn -0.31395907 -0.947147743 0.0658851614
vn -0.221828116 -0.974314015 0.0387877126
vn 0.122747874 -0.713783926 0.689525537
vn -0.132322859 -0.990728272 -0.0307920822
vn -0.0888357067 -0.995464383 0.034042322
vn -0.0603046623 -0.998130577 0.00993476607
vn -0.892543808 -0.0102622387 0.450843917
vn -0.983988475 0.0113933872 0.177867567
vn -0.991962523 0.0236478122 0.124302589
vn -0.343828067 0.744919074 0.571732309
vn 0.198262556 -0.979591588 -0.0330496641
vn 0.207408181 -0.977469999 -0.0391694688
vn 0.332584809 -0.943036977 0.00828277147
vn -0.105078477 -0.968172787 -0.227156264
vn -0.0341167756 -0.924783275 0.378961659
vn 0.229109628 -0.97153377 0.0602570504
vn -0.264013843 0.197075574 -0.944170487
vn -0.10760857 -0.988302684 -0.108065721
vn -0.821884744 -0.529974416 0.208884144
vn -0.153745306 -0.120817578 0.980696433
vn -0.593596463 -0.627673305 0.503656094
vn -0.483470194 -0.87311043 -0.0627275799
vn -0.597140746 -0.0429206189 0.80098736
vn -0.331350278 -0.646819695 0.686899756
vn 0.000109989053 -0.292329834 0.95631755
vn -0.412218873 0.0463163377 0.909906807
vn -0.824248257 -0.470234341 0.315427449
vn -0.514315876 -0.723103847 0.461085683
vn -0.709365402 -0.237964733 0.663455735
vn 0.0545795785 -0.99405131 0.0942500013
vn 0.0491801881 -0.997860784 0.0430716292
vn -0.599649171 -0.643081763 0.476305278
vn -0.434743366 -0.599841424 0.671705643
vn -0.822546617 -0.434632123 0.366758751
vn -0.321468797 -0.898248238 0.299679689
vn -0.338729143 -0.781678813 0.523680055
vn -0.998259697 0.0447136292 0.0384482509
vn -0.916898998 0.103901695 0.38535784
vn -0.811266629 0.23082468 0.53718379
vn -0.882628809 0.116461984 0.455415186
vn -0.869698824 0.230961434 0.436211843
vn -0.0257986416 -0.457778767 0.888691752
vn -0.946129727 0.135785762 0.293940073
vn -0.980862223 0.0960053216 0.16938795
vn -0.984970804 0.0504119688 0.165200331
vn -0.960850148 -0.139818926 0.239202133
vn -0.0732111251 0.0657036545 0.995149818
vn -0.268767814 0.94163781 -0.202687191
vn -0.178563496 0.65087308 -0.737888414
vn -0.0835024885 0.0421803827 0.995614458
vn -0.0425183682 0.05455205 0.997605264
vn -0.164353262 0.0728612542 0.983706889
vn -0.979522517 -0.201206478 -0.00718280153
vn -0.442188563 0.741207578 0.505055047
vn -0.607702755 -0.00712833738 0.794132576
vn -0.565530936 0.364088322 0.740009766
vn 0.934538818 0.355770648 -0.00802772846
vn -0.307580073 0.846455052 -0.434635876
vn 0.125856716 0.987509251 -0.0947922277
vn 0.138324473 0.966637221 -0.21558948
vn 0.374809806 0.795904459 -0.47545105
vn -0.688619961 0.698143511 -0.195954552
vn 0.0823937832 -0.482288764 -0.872128897
vn 0.948300433 0.249689373 -0.195911985
vn -0.998572727 0.0237016625 0.0478616864
vn -0.0772716751 -0.401935582 0.912401708
vn -0.991227172 -0.126077034 0.0396645315
vn -0.211649909 0.786208673 0.580586116
vn -0.208312078 0.862030296 0.462071258
vn -0.741681115 -0.601602646 0.296619925
vn -0.423859621 0.356769762 -0.832501266
vn -0.868136239 -0.480697393 0.123569761
vn -0.688438582 0.715020931 -0.121644511
vn 0.0468456156 -0.752595318 -0.656814872
vn -0.676438229 -0.634343504 -0.374218707
vn -0.831141179 -0.551407513 -0.0717920204
vn 0.103422313 -0.62618557 -0.772784224
vn 0.0483098858 -0.992679926 0.110692005
vn -0.0545480437 -0.997193035 -0.0512890069
vn 0.00745719221 -0.996671034 0.0811864592
vn -0.422109886 -0.63720095 0.644824157
vn 0.0119890077 -0.974729922 0.223064661
vn 0.0150755088 -0.900449044 0.434700182
vn -0.853321339 -0.331146001 0.40272201
vn 0.546209369 0.00555245873 -0.837630286
vn -0.941797073 -0.335806786 0.0158769191
vn 0.593045323 0.0845980587 -0.800712441
vn 0.647859087 -0.0565447466 -0.75965867
vn 0.25909063 -0.666048524 -0.699465087
vn -0.736873665 0.495696422 -0.459676254
vn -0.720461235 0.533090729 -0.443564972
vn 0.19504294 -0.504937725 -0.840830628
vn -0.759163155 0.363744485 -0.539778893
vn -0.944401499 -0.0458323037 -0.325584412
vn 0.106090306 0.0182554091 -0.994188909
vn 0.626986162 -0.0389833936 -0.778054399
vn -0.235774528 0.267710741 -0.934206257
vn -0.226487955 0.279259287 -0.933122423
vn 0.521931389 -0.110296278 -0.845826434
vn 0.542618885 0.0423017043 -0.838913173
vn 0.409456813 -0.0246091793 -0.911997537
vn 0.377904285 -0.446594906 -0.811012541
vn 0.218637821 -0.529426351 -0.819698262
vn 0.97321672 0.22824266 -0.0274682419
vn -0.251104113 0.60238584 -0.757679367
vn 0.0111012904 -0.635533586 -0.771993409
vn 0.582235336 -0.146015018 -0.799800993
vn -0.22010275 0.968221412 -0.118752165
vn 0.00264635028 -0.6356741 -0.771953001
vn -0.488020844 0.709574492 0.508271282
vn -0.0873463154 0.969000598 -0.231102709
vn -0.255852462 0.661955574 0.70452419
vn -0.300012641 0.607127555 0.735791103
vn -0.198247434 0.980150818 0.00152596915
vn 0.35604394 -0.623173084 -0.696339012
vn 0.284650915 -0.76721255 -0.57476844
vn 0.457517815 -0.555337851 -0.694461892
vn 0.478510331 -0.793520917 -0.375968639
vn 0.383036454 -0.490096388 -0.782999748
vn 0.943532947 -0.200591185 -0.263645128
vn 0.738342981 -0.252997664 -0.625173435
vn 0.490535342 0.578459473 -0.651735926
vn 0.9167511 0.382943396 0.11367399
vn 0.209991338 -0.509409513 -0.834509189
vn -0.717445733 -0.616969392 -0.323450753
vn -0.472035018 -0.789764832 -0.391732628
vn 0.940278778 0.156813247 -0.302134781
vn 0.0900860929 0.989416736 -0.113749805
vn 0.580659964 -0.0164059925 -0.813980866
vn 0.364947052 0.703810735 -0.609478546
vn 0.794329751 -0.537322763 0.283415764
vn 0.759370738 -0.601877618 0.247182959
vn 0.774924538 -0.563329524 0.286621368
vn 0.922336326 0.374762061 -0.0940696565
vn 0.839096278 0.526385017 0.137245217
vn 0.752727635 0.615314892 0.234069843
vn 0.116375525 -0.962486884 -0.245103518
vn -0.348701044 -0.925875868 -0.145469788
vn -0.586593504 -0.807762639 -0.0585455378
vn -0.601003469 -0.795816725 -0.0739633013
vn 0.953583508 0.299729927 0.0289907658
vn -0.46806518 -0.8735419 -0.133564726
vn -0.236040028 -0.952816707 -0.190854466
vn 0.537743869 0.82450301 0.176142892
vn -0.558638783 -0.827703753 -0.0531902982
vn -0.645128484 -0.751336512 -0.138934105
vn -0.72812163 -0.685320829 0.013200513
vn -0.714818511 -0.697332561 -0.0525527889
vn -0.779824289 -0.625769566 0.016927134
vn 0.695253658 0.681262416 0.229137233
vn 0.463743269 0.874206722 0.143891586
vn 0.867488995 0.497361514 -0.0097143261
vn 0.708826828 0.702301944 0.0658521667
vn 0.712079743 0.701906199 0.0164355693
vn 0.0282338048 0.120217018 -0.992346069
vn -0.0398299225 -0.177765656 -0.983266469
vn -0.605758772 -0.639433037 -0.4734783
vn 0.797996566 0.553544272 -0.238306987
vn 0.790002707 0.60574995 0.0946716475
vn -0.664999949 -0.74667456 -0.015879819
vn 0.978348541 -0.170283237 0.117633971
vn 0.929763476 0.368094845 -0.00678703209
vn 0.440130169 -0.201821796 -0.874959083
vn -0.313485673 -0.346406603 -0.88415451
vn 0.852217617 -0.487769789 0.189224118
vn 0.631071718 -0.221175425 -0.743525332
vn 0.75489363 -0.20464504 -0.623101929
vn 0.749490233 -0.36267178 -0.553835328
vn -0.672316872 -0.739745535 -0.0276869535
vn -0.73819173 -0.674246757 -0.0215471757
vn -0.761716955 -0.626776467 0.164129643
vn -0.00154643772 0.0620623448 -0.998071077
vn -0.24609509 0.232751291 -0.940884713
vn 0.0736448604 0.153177827 -0.985450652
vn -0.884741414 -0.460971164 0.0688347071
vn 0.921143345 -0.00707053436 -0.389159279
vn 0.949696787 0.205423843 -0.236383286
vn 0.804238159 0.366484663 -0.46785679
vn 0.363157137 0.521249374 0.772279732
vn -0.167271973 0.841310743 -0.514019767
vn 0.942953766 -0.198300845 -0.267422832
vn 0.415731702 0.152085564 -0.896681177
vn 0.8352433 0.342648365 -0.430070607
vn 0.983909972 0.0698465898 -0.16444641
vn 0.961531389 0.246766081 -0.12068094
vn 0.661360125 0.329554259 -0.673792829
vn 0.991150867 0.050895267 -0.122595396
vn 0.0781122442 0.902506003 -0.423534404
vn -0.485442534 0.855079817 -0.182164905
vn -0.236388765 0.919166559 -0.315044742
vn -0.269403433 0.962243979 -0.0388370348
vn 0.966777737 -0.156409298 0.202180459
vn 0.859266508 0.485579739 0.160852063
vn -0.0203811236 -0.278267885 0.960287245
vn 0.930905225 -0.0158932265 0.364914876
vn -0.0154629704 0.516183739 0.856338277
vn 0.0301960074 0.403288349 0.914574605
vn -0.0265027584 0.451388338 0.891933951
vn 0.374735478 0.788032957 0.488443835
vn -0.00507425364 0.744977275 0.667070545
vn 0.00839607674 0.689620114 0.724122644
vn 0.948358776 0.316578231 0.0198458121
vn 0.972952045 0.229802845 0.0235578281
vn 0.0409760726 0.0635837186 0.997134932
vn 0.16565959 0.948438988 0.270222846
vn 0.0514677216 0.0505066801 0.997396686
vn 0.598608662 0.494610295 0.630101837
vn 0.468212296 0.333548171 0.818243768
vn 0.178858719 0.140275899 0.973823511
vn 0.266324112 0.213593404 0.93991985
vn 0.227400184 0.0152177086 0.973682483
vn 0.252305981 0.102844125 0.96216671
vn 0.577492094 0.142805676 0.803809319
vn 0.999715424 -0.00654636589 -0.0229394008
vn 0.99961736 0.0246196383 0.0126097696
vn 0.998888703 0.0367949558 -0.0294531786
vn 0.34700288 0.0879830661 0.933728002
vn 0.408396576 0.0481159459 0.911535568
vn 0.129881232 -0.0639719026 0.989463724
vn 0.0485799895 -0.0327143667 0.998283404
vn 0.992361916 0.121011262 0.023960434
vn 0.828763757 -0.169577516 0.533286134
vn 0.643090618 -0.223433425 0.732469768
vn 0.703935416 -0.393713364 0.591155409
vn 0.0365006696 0.188783716 0.981340109
vn -0.00274860549 -0.308970567 0.951067628
vn 0.0266576195 0.223182018 0.974412212
vn 0.989448778 0.141513228 0.0310663972
vn -0.0186366626 -0.724803224 0.688703826
vn 0.921020655 -0.335513619 -0.197867543
vn -0.045965232 -0.967413731 0.248993717
vn -0.0674509829 -0.995374769 0.0684063887
vn 0.0994834767 -0.995033809 -0.00327983462
vn 0.792106117 -0.599796233 0.113191778
vn 0.682972518 -0.726723122 0.0736345306
vn 0.61091135 -0.790465581 0.04417564
vn 0.144995887 -0.695168827 0.70407137
vn 0.0519543507 -0.892314786 0.448413948
vn 0.70668095 -0.358396619 0.610044177
vn 0.842143507 -0.266699798 0.468684896
vn 0.819076182 -0.573300633 0.02099028
vn 0.859689039 -0.31638042 0.401046364
vn 0.0830681111 -0.932480063 -0.351540354
vn 0.860638958 -0.447484892 0.243018221
vn 0.934831526 -0.302177143 0.186491267
vn 0.759621302 -0.353442132 0.545943345
vn 0.790398318 -0.605609044 -0.0922398256
vn 0.828899304 -0.558247498 -0.0358563227
vn 0.873558494 -0.483248234 -0.0580232832
vn 0.79663179 -0.598677296 0.0834463109
vn 0.914334169 -0.390447266 0.107442823
vn 0.150463564 -0.140347691 0.978602698
vn 0.035945188 -0.0292736623 0.99892492
vn 0.223173924 -0.662887872 0.714683895
vn 0.618793812 -0.776708289 -0.11755191
vn 0.036745073 -0.999294931 0.00770973092
vn 0.903879802 -0.214934283 0.369871
vn 0.954799884 -0.245832667 0.167103208
vn 0.966779011 -0.162073849 0.197662365
vn 0.103118846 -0.149053646 0.983437601
vn 0.401996852 -0.395993716 0.825583132
vn 0.483129623 -0.854205831 -0.192141005
vn 0.519969595 -0.801036975 0.296599705
vn 0.634154397 -0.752609239 -0.177278124
vn 0.696746787 -0.717265116 -0.00864105743
vn 0.675041791 -0.719639707 -0.162595423
vn 0.0594433991 -0.2008691 0.97781291
vn 0.243411393 -0.9692656 0.0357083991
vn 0.304800289 -0.951422727 0.0434922778
vn 0.207677339 -0.976618924 0.0555481734
vn 0.0562899644 -0.988328024 -0.141559729
vn 0.0290285079 -0.994782427 -0.097802189
vn 0.0492602716 -0.997052505 -0.0588194472
vn 0.2044985 -0.887984021 -0.411903802
vn 0.665695283 -0.746188327 -0.00726433765
vn 0.511067368 -0.859286917 0.0208839444
vn 0.434028995 -0.899588518 0.0485729315
vn 0.444568559 -0.8952707 0.0291405326
vn 0.610371014 -0.781279195 -0.130575815
vn 0.432038275 -0.840792212 -0.326207579
vn -0.0516797155 -0.974098371 0.220139887
vn 0.860707806 -0.413103535 -0.297535782
vn 0.883061177 -0.21906869 -0.414984178
vn 0.21283273 -0.78334496 -0.584014472
vn 0.276236648 -0.957066762 -0.0878437699
vn -0.215998031 0.265824226 -0.939511752
vn 0.212467118 -0.97685466 -0.0247527177
vn 0.221575532 -0.975018919 -0.0155688899
vn 0.0528736159 -0.971896625 -0.229393396
vn 0.0820027006 -0.992458315 -0.0911155818
vn 0.233396187 -0.972152209 0.0211258622
vn 0.367849699 -0.929865585 0.00604917243
vn -0.0769566983 0.244185477 -0.966670119
vn 0.237110267 -0.971481434 -0.00159498558
vn 0.279153932 -0.959871313 0.0268354944
vn 0.336562737 -0.938321096 0.0792404263
vn -0.25878786 0.265841797 -0.92863178
vn 0.853237294 -0.491539702 0.174283796
vn 0.771975396 -0.634960046 0.0296602192
vn 0.402124027 -0.501058949 -0.76631338
vn 0.66222318 -0.572966316 -0.482876859
vn 0.631586483 -0.770515695 -0.0860469521
vn 0.0821486313 0.0733058744 -0.993920445
vn 0.842189996 -0.421516052 -0.336214557
vn 0.83237625 -0.253051326 -0.493066734
vn 0.823792301 -0.302927578 -0.479167118
vn 0.502728971 -0.638445639 -0.582795632
vn 0.844045146 -0.485194594 0.228416284
vn 0.783171554 -0.567794595 0.253479023
vn 0.771559849 -0.614788429 0.163494914
vn -0.159522613 0.852145074 0.498398745
vn 0.896625159 0.210824248 -0.389379585
f 1//1 2//2 3//3
f 4//4 5//5 6//6
f 9//9 8//8 7//7
f 10//10 11//11 12//12
f 13//13 14//14 15//15
f 18//18 17//17 16//16
f 19//19 20//20 21//21
f 22//22 23//23 24//24
f 25//25 26//26 27//27
f 11//11 10//10 28//28
f 29//29 30//30 22//22
f 31//31 32//32 33//33
f 36//36 35//35 34//34
f 37//37 38//38 39//39
f 42//42 41//41 40//40
f 43//43 44//44 45//45
f 46//46 47//47 48//48
f 51//51 50//50 49//49
f 52//52 53//53 54//54
f 57//57 56//56 55//55
f 60//60 59//59 58//58
f 61//61 62//62 63//63
f 64//64 65//65 66//66
f 69//69 68//68 67//67
f 72//72 71//71 70//70
f 73//73 74//74 75//75
f 78//78 77//77 76//76
f 79//79 80//80 81//81
f 82//82 83//83 84//84
f 85//85 86//86 87//87
f 90//90 89//89 88//88
f 92//92 91//91 69//69
f 95//95 94//94 93//93
f 64//64 66//66 96//96
f 97//97 98//98 99//99
f 100//100 101//101 102//102
f 104//104 101//101 103//103
f 107//107 106//106 105//105
f 110//110 109//109 108//108
f 111//111 112//112 113//113
f 103//103 101//101 100//100
f 100//100 114//114 103//103
f 117//117 116//116 115//115
f 120//120 119//119 118//118
f 121//121 122//122 123//123
f 126//126 125//125 124//124
f 127//127 128//128 49//49
f 129//129 130//130 131//131
f 132//132 133//133 134//134
f 135//135 136//136 137//137
f 121//121 139//139 138//138
f 140//140 141//141 142//142
f 127//127 49//49 143//143
f 144//144 145//145 146//146
f 72//72 148//148 147//147
f 104//104 103//103 149//149
f 150//150 151//151 152//152
f 114//114 149//149 103//103
f 155//155 154//154 153//153
f 156//156 157//157 158//158
f 159//159 160//160 161//161
f 162//162 152//152 151//151
f 165//165 164//164 163//163
f 168//168 167//167 166//166
f 121//121 169//169 122//122
f 170//170 171//171 172//172
f 173//173 174//174 175//175
f 176//176 75//75 74//74
f 179//179 178//178 177//177
f 134//134 133//133 180//180
f 54//54 181//181 182//182
f 183//183 184//184 185//185
f 67//67 186//186 187//187
f 164//164 165//165 188//188
f 189//189 190//190 191//191
f 194//194 193//193 192//192
f 195//195 196//196 197//197
f 200//200 199//199 198//198
f 29//29 201//201 202//202
f 203//203 204//204 205//205
f 208//208 207//207 206//206
f 209//209 210//210 211//211
f 212//212 213//213 214//214
f 215//215 216//216 217//217
f 220//220 219//219 218//218
f 221//221 222//222 223//223
f 224//224 225//225 226//226
f 227//227 27//27 26//26
f 228//228 52//52 54//54
f 230//230 31//31 229//229
f 233//233 232//232 231//231
f 234//234 235//235 236//236
f 237//237 189//189 191//191
f 239//239 238//238 208//208
f 240//240 241//241 242//242
f 243//243 154//154 155//155
f 245//245 244//244 147//147
f 248//248 247//247 246//246
f 185//185 184//184 249//249
f 174//174 173//173 250//250
f 95//95 251//251 94//94
f 252//252 42//42 253//253
f 254//254 62//62 61//61
f 255//255 256//256 257//257
f 258//258 259//259 260//260
f 263//263 262//262 261//261
f 266//266 265//265 264//264
f 268//268 206//206 267//267
f 271//271 270//270 269//269
f 170//170 272//272 273//273
f 274//274 275//275 276//276
f 277//277 257//257 43//43
f 202//202 215//215 217//217
f 278//278 279//279 280//280
f 283//283 282//282 281//281
f 284//284 285//285 286//286
f 289//289 288//288 287//287
f 290//290 291//291 292//292
f 295//295 294//294 293//293
f 296//296 297//297 298//298
f 301//301 300//300 299//299
f 302//302 303//303 304//304
f 307//307 306//306 305//305
f 25//25 93//93 26//26
f 308//308 309//309 310//310
f 311//311 112//112 111//111
f 314//314 313//313 312//312
f 298//298 316//316 315//315
f 317//317 318//318 319//319
f 320//320 321//321 322//322
f 323//323 324//324 325//325
f 328//328 327//327 326//326
f 331//331 330//330 329//329
f 334//334 333//333 332//332
f 335//335 336//336 337//337
f 338//338 294//294 295//295
f 340//340 321//321 339//339
f 343//343 342//342 341//341
f 37//37 344//344 22//22
f 347//347 346//346 345//345
f 350//350 349//349 348//348
f 353//353 352//352 351//351
f 356//356 355//355 354//354
f 358//358 357//357 343//343
f 325//325 309//309 359//359
f 362//362 361//361 360//360
f 363//363 364//364 365//365
f 368//368 367//367 366//366
f 369//369 370//370 371//371
f 374//374 373//373 372//372
f 377//377 376//376 375//375
f 380//380 379//379 378//378
f 382//382 381//381 369//369
f 383//383 384//384 385//385
f 386//386 387//387 388//388
f 389//389 390//390 391//391
f 392//392 327//327 393//393
f 128//128 394//394 232//232
f 232//232 394//394 231//231
f 397//397 396//396 395//395
f 398//398 399//399 400//400
f 401//401 402//402 403//403
f 404//404 405//405 406//406
f 408//408 353//353 407//407
f 409//409 111//111 410//410
f 411//411 350//350 348//348
f 414//414 413//413 412//412
f 415//415 416//416 417//417
f 420//420 419//419 418//418
f 423//423 422//422 421//421
f 424//424 425//425 426//426
f 429//429 428//428 427//427
f 430//430 431//431 432//432
f 435//435 434//434 433//433
f 436//436 437//437 438//438
f 150//150 440//440 439//439
f 441//441 18//18 16//16
f 424//424 426//426 442//442
f 443//443 444//444 445//445
f 446//446 445//445 444//444
f 375//375 448//448 447//447
f 451//451 450//450 449//449
f 454//454 453//453 452//452
f 455//455 456//456 457//457
f 458//458 459//459 460//460
f 461//461 462//462 463//463
f 461//461 463//463 464//464
f 465//465 355//355 356//356
f 466//466 467//467 468//468
f 471//471 470//470 469//469
f 474//474 473//473 472//472
f 475//475 476//476 477//477
f 480//480 479//479 478//478
f 481//481 480//480 478//478
f 85//85 482//482 86//86
f 483//483 482//482 85//85
f 484//484 485//485 486//486
f 487//487 142//142 141//141
f 490//490 489//489 488//488
f 493//493 492//492 491//491
f 161//161 160//160 494//494
f 497//497 496//496 495//495
f 474//474 472//472 498//498
f 501//501 500//500 499//499
f 395//395 396//396 502//502
f 505//505 504//504 503//503
f 504//504 505//505 506//506
f 508//508 16//16 507//507
f 509//509 476//476 510//510
f 511//511 512//512 513//513
f 514//514 515//515 516//516
f 517//517 518//518 519//519
f 479//479 520//520 521//521
f 466//466 475//475 522//522
f 525//525 524//524 523//523
f 528//528 527//527 526//526
f 529//529 60//60 406//406
f 530//530 356//356 354//354
f 531//531 532//532 533//533
f 536//536 535//535 534//534
f 537//537 538//538 539//539
f 542//542 541//541 540//540
f 543//543 544//544 545//545
f 546//546 547//547 548//548
f 549//549 550//550 551//551
f 554//554 553//553 552//552
f 301//301 299//299 555//555
f 556//556 557//557 558//558
f 558//558 559//559 556//556
f 561//561 560//560 335//335
f 564//564 563//563 562//562
f 565//565 566//566 567//567
f 570//570 569//569 568//568
f 572//572 571//571 39//39
f 39//39 571//571 573//573
f 574//574 575//575 576//576
f 579//579 578//578 577//577
f 580//580 581//581 36//36
f 582//582 281//281 282//282
f 583//583 584//584 585//585
f 55//55 56//56 37//37
f 386//386 586//586 387//387
f 588//588 587//587 44//44
f 589//589 28//28 37//37
f 592//592 591//591 590//590
f 545//545 544//544 593//593
f 593//593 594//594 545//545
f 595//595 596//596 597//597
f 600//600 599//599 598//598
f 601//601 314//314 303//303
f 602//602 603//603 604//604
f 44//44 587//587 45//45
f 605//605 291//291 290//290
f 606//606 607//607 608//608
f 609//609 575//575 63//63
f 612//612 611//611 610//610
f 613//613 614//614 615//615
f 616//616 617//617 618//618
f 619//619 587//587 562//562
f 622//622 621//621 620//620
f 56//56 623//623 37//37
f 624//624 569//569 570//570
f 326//326 626//626 625//625
f 549//549 627//627 628//628
f 629//629 628//628 627//627
f 631//631 45//45 630//630
f 632//632 633//633 634//634
f 263//263 635//635 262//262
f 239//239 208//208 206//206
f 206//206 636//636 637//637
f 638//638 639//639 27//27
f 128//128 232//232 49//49
f 49//49 232//232 51//51
f 208//208 238//238 251//251
f 636//636 640//640 637//637
f 297//297 296//296 284//284
f 641//641 251//251 95//95
f 344//344 623//623 642//642
f 588//588 44//44 57//57
f 564//564 588//588 57//57
f 50//50 643//643 644//644
f 562//562 588//588 564//564
f 647//647 646//646 645//645
f 648//648 647//647 645//645
f 576//576 649//649 574//574
f 650//650 277//277 631//631
f 653//653 652//652 651//651
f 643//643 654//654 644//644
f 657//657 656//656 655//655
f 95//95 658//658 641//641
f 650//650 631//631 659//659
f 267//267 650//650 659//659
f 662//662 661//661 660//660
f 663//663 651//651 664//664
f 652//652 13//13 665//665
f 45//45 631//631 277//277
f 667//667 666//666 65//65
f 640//640 669//669 668//668
f 23//23 65//65 666//666
f 630//630 587//587 619//619
f 670//670 12//12 11//11
f 670//670 671//671 672//672
f 277//277 43//43 45//45
f 647//647 64//64 646//646
f 23//23 344//344 642//642
f 127//127 143//143 673//673
f 674//674 307//307 305//305
f 667//667 65//65 64//64
f 310//310 675//675 308//308
f 571//571 577//577 578//578
f 28//28 38//38 37//37
f 678//678 677//677 676//676
f 1//1 219//219 220//220
f 251//251 238//238 94//94
f 62//62 254//254 238//238
f 638//638 27//27 227//227
f 92//92 679//679 91//91
f 680//680 681//681 649//649
f 39//39 682//682 572//572
f 254//254 26//26 93//93
f 685//685 684//684 683//683
f 688//688 687//687 686//686
f 638//638 227//227 237//237
f 689//689 620//620 690//690
f 573//573 691//691 598//598
f 573//573 692//692 39//39
f 680//680 301//301 555//555
f 693//693 694//694 695//695
f 22//22 344//344 23//23
f 696//696 697//697 698//698
f 699//699 190//190 189//189
f 702//702 701//701 700//700
f 239//239 206//206 268//268
f 703//703 239//239 268//268
f 704//704 705//705 706//706
f 20//20 19//19 82//82
f 238//238 707//707 62//62
f 63//63 575//575 574//574
f 710//710 709//709 708//708
f 695//695 190//190 699//699
f 712//712 711//711 298//298
f 715//715 714//714 713//713
f 716//716 717//717 718//718
f 719//719 720//720 721//721
f 704//704 706//706 717//717
f 574//574 695//695 722//722
f 723//723 82//82 19//19
f 721//721 579//579 719//719
f 682//682 577//577 572//572
f 38//38 577//577 682//682
f 579//579 21//21 578//578
f 724//724 725//725 77//77
f 578//578 21//21 20//20
f 20//20 571//571 578//578
f 316//316 298//298 726//726
f 727//727 586//586 386//386
f 730//730 729//729 728//728
f 704//704 731//731 685//685
f 705//705 704//704 685//685
f 717//717 714//714 704//704
f 732//732 733//733 734//734
f 714//714 717//717 716//716
f 737//737 736//736 735//735
f 600//600 717//717 705//705
f 555//555 681//681 680//680
f 738//738 681//681 555//555
f 320//320 322//322 739//739
f 714//714 715//715 704//704
f 697//697 741//741 740//740
f 239//239 707//707 238//238
f 742//742 648//648 645//645
f 745//745 744//744 743//743
f 746//746 747//747 281//281
f 737//737 735//735 748//748
f 737//737 748//748 749//749
f 260//260 724//724 258//258
f 752//752 751//751 750//750
f 755//755 754//754 753//753
f 674//674 756//756 307//307
f 758//758 757//757 144//144
f 274//274 759//759 260//260
f 760//760 485//485 484//484
f 761//761 762//762 763//763
f 765//765 90//90 764//764
f 768//768 767//767 766//766
f 768//768 769//769 767//767
f 770//770 771//771 736//736
f 42//42 40//40 772//772
f 773//773 275//275 260//260
f 776//776 775//775 774//774
f 777//777 775//775 776//776
f 721//721 21//21 579//579
f 748//748 779//779 778//778
f 780//780 781//781 782//782
f 748//748 778//778 749//749
f 783//783 784//784 785//785
f 785//785 786//786 783//783
f 786//786 787//787 78//78
f 789//789 788//788 696//696
f 782//782 781//781 790//790
f 793//793 792//792 791//791
f 794//794 620//620 689//689
f 24//24 795//795 22//22
f 690//690 620//620 796//796
f 798//798 773//773 797//797
f 275//275 773//773 798//798
f 275//275 274//274 260//260
f 799//799 782//782 689//689
f 802//802 801//801 800//800
f 67//67 803//803 186//186
f 806//806 805//805 804//804
f 583//583 664//664 646//646
f 237//237 191//191 807//807
f 808//808 809//809 224//224
f 232//232 233//233 51//51
f 730//730 728//728 810//810
f 813//813 812//812 811//811
f 815//815 814//814 276//276
f 816//816 224//224 817//817
f 233//233 171//171 51//51
f 818//818 819//819 820//820
f 730//730 792//792 729//729
f 823//823 822//822 821//821
f 14//14 273//273 15//15
f 825//825 824//824 290//290
f 57//57 44//44 826//826
f 394//394 827//827 791//791
f 226//226 817//817 224//224
f 75//75 176//176 828//828
f 829//829 830//830 831//831
f 621//621 796//796 620//620
f 793//793 794//794 729//729
f 815//815 798//798 832//832
f 833//833 834//834 835//835
f 40//40 836//836 809//809
f 837//837 838//838 839//839
f 840//840 841//841 248//248
f 842//842 133//133 132//132
f 844//844 843//843 634//634
f 672//672 846//846 845//845
f 225//225 836//836 847//847
f 850//850 849//849 848//848
f 851//851 852//852 853//853
f 854//854 852//852 837//837
f 855//855 847//847 853//853
f 225//225 847//847 855//855
f 127//127 673//673 25//25
f 263//263 825//825 856//856
f 857//857 858//858 859//859
f 233//233 231//231 860//860
f 861//861 862//862 863//863
f 864//864 814//814 865//865
f 763//763 762//762 818//818
f 868//868 867//867 866//866
f 259//259 773//773 260//260
f 40//40 819//819 772//772
f 869//869 499//499 500//500
f 870//870 871//871 855//855
f 872//872 134//134 180//180
f 873//873 828//828 176//176
f 252//252 253//253 874//874
f 874//874 875//875 252//252
f 876//876 796//796 777//777
f 729//729 877//877 728//728
f 864//864 877//877 790//790
f 877//877 878//878 728//728
f 763//763 864//864 865//865
f 865//865 761//761 763//763
f 864//864 763//763 877//877
f 860//860 231//231 879//879
f 879//879 231//231 792//792
f 180//180 880//880 874//874
f 780//780 782//782 799//799
f 276//276 780//780 881//881
f 881//881 274//274 276//276
f 793//793 729//729 792//792
f 796//796 876//876 690//690
f 882//882 773//773 259//259
f 884//884 883//883 252//252
f 252//252 883//883 42//42
f 41//41 885//885 851//851
f 772//772 886//886 253//253
f 772//772 253//253 42//42
f 874//874 253//253 887//887
f 882//882 797//797 773//773
f 890//890 889//889 888//888
f 844//844 891//891 843//843
f 893//893 892//892 822//822
f 781//781 814//814 864//864
f 780//780 814//814 781//781
f 894//894 832//832 798//798
f 798//798 797//797 894//894
f 895//895 837//837 852//852
f 758//758 144//144 896//896
f 899//899 898//898 897//897
f 900//900 757//757 758//758
f 900//900 758//758 891//891
f 72//72 147//147 901//901
f 72//72 901//901 902//902
f 905//905 904//904 903//903
f 906//906 907//907 908//908
f 909//909 365//365 9//9
f 912//912 911//911 910//910
f 914//914 913//913 97//97
f 913//913 914//914 144//144
f 144//144 914//914 145//145
f 632//632 915//915 916//916
f 917//917 918//918 52//52
f 921//921 920//920 919//919
f 924//924 923//923 922//922
f 927//927 926//926 925//925
f 771//771 770//770 928//928
f 927//927 925//925 294//294
f 931//931 930//930 929//929
f 932//932 500//500 501//501
f 914//914 933//933 145//145
f 99//99 933//933 914//914
f 891//891 934//934 900//900
f 935//935 936//936 937//937
f 940//940 939//939 938//938
f 941//941 942//942 943//943
f 946//946 945//945 944//944
f 869//869 491//491 492//492
f 257//257 826//826 43//43
f 949//949 948//948 947//947
f 950//950 98//98 951//951
f 952//952 953//953 904//904
f 904//904 905//905 952//952
f 954//954 955//955 956//956
f 99//99 914//914 97//97
f 951//951 813//813 950//950
f 957//957 813//813 951//951
f 925//925 904//904 953//953
f 959//959 957//957 958//958
f 925//925 926//926 960//960
f 959//959 960//960 926//926
f 786//786 68//68 800//800
f 91//91 68//68 69//69
f 68//68 91//91 800//800
f 929//929 186//186 931//931
f 293//293 961//961 295//295
f 962//962 963//963 964//964
f 967//967 966//966 965//965
f 737//737 749//749 968//968
f 971//971 970//970 969//969
f 974//974 973//973 972//972
f 975//975 976//976 977//977
f 957//957 951//951 958//958
f 960//960 904//904 925//925
f 913//913 144//144 757//757
f 903//903 958//958 951//951
f 661//661 978//978 660//660
f 979//979 33//33 32//32
f 979//979 32//32 980//980
f 981//981 897//897 99//99
f 99//99 897//897 933//933
f 982//982 983//983 984//984
f 987//987 986//986 985//985
f 990//990 989//989 988//988
f 151//151 150//150 439//439
f 463//463 991//991 464//464
f 994//994 993//993 992//992
f 995//995 464//464 923//923
f 923//923 464//464 991//991
f 996//996 997//997 101//101
f 923//923 493//493 995//995
f 415//415 998//998 999//999
f 85//85 1000//1000 1001//1001
f 1004//1004 1003//1003 1002//1002
f 149//149 1005//1005 104//104
f 155//155 153//153 944//944
f 151//151 1007//1007 1006//1006
f 1010//1010 1009//1009 1008//1008
f 8//8 1011//1011 7//7
f 247//247 248//248 841//841
f 1012//1012 439//439 440//440
f 997//997 102//102 101//101
f 493//493 923//923 492//492
f 1013//1013 1014//1014 898//898
f 183//183 1015//1015 195//195
f 1016//1016 1017//1017 1018//1018
f 1019//1019 1020//1020 1021//1021
f 1022//1022 1023//1023 1024//1024
f 81//81 80//80 450//450
f 1025//1025 967//967 1026//1026
f 960//960 959//959 958//958
f 183//183 195//195 184//184
f 144//144 146//146 896//896
f 1029//1029 1028//1028 1027//1027
f 1030//1030 1031//1031 868//868
f 131//131 1033//1033 1032//1032
f 1032//1032 129//129 131//131
f 1036//1036 1035//1035 1034//1034
f 1038//1038 1037//1037 451//451
f 1005//1005 996//996 104//104
f 243//243 155//155 1003//1003
f 1039//1039 1035//1035 1036//1036
f 1034//1034 7//7 1040//1040
f 1040//1040 7//7 1011//1011
f 9//9 7//7 1041//1041
f 492//492 923//923 924//924
f 90//90 765//765 89//89
f 1003//1003 155//155 1002//1002
f 1044//1044 1043//1043 1042//1042
f 8//8 364//364 1011//1011
f 1045//1045 1046//1046 1047//1047
f 1048//1048 80//80 79//79
f 974//974 1050//1050 1049//1049
f 246//246 247//247 1051//1051
f 1052//1052 1053//1053 1054//1054
f 1055//1055 469//469 999//999
f 1058//1058 1057//1057 1056//1056
f 1051//1051 88//88 89//89
f 1061//1061 1060//1060 1059//1059
f 1063//1063 841//841 1062//1062
f 1062//1062 1064//1064 1063//1063
f 1065//1065 1066//1066 1067//1067
f 976//976 1025//1025 1026//1026
f 1061//1061 1068//1068 1069//1069
f 1070//1070 1051//1051 247//247
f 1062//1062 1071//1071 1072//1072
f 1073//1073 1074//1074 1075//1075
f 918//918 1017//1017 1076//1076
f 1077//1077 996//996 966//966
f 1079//1079 174//174 1078//1078
f 1080//1080 1081//1081 1082//1082
f 1080//1080 1082//1082 1064//1064
f 965//965 1083//1083 1084//1084
f 965//965 1084//1084 967//967
f 1085//1085 1086//1086 1087//1087
f 1090//1090 1089//1089 1088//1088
f 996//996 965//965 966//966
f 765//765 1091//1091 168//168
f 765//765 168//168 89//89
f 1092//1092 250//250 911//911
f 1072//1072 1093//1093 1080//1080
f 156//156 158//158 1094//1094
f 1080//1080 1064//1064 1072//1072
f 487//487 1095//1095 142//142
f 1096//1096 451//451 1037//1037
f 1097//1097 1098//1098 1099//1099
f 1100//1100 1101//1101 1102//1102
f 1103//1103 1095//1095 1104//1104
f 977//977 1105//1105 975//975
f 1026//1026 1106//1106 976//976
f 1107//1107 1089//1089 1090//1090
f 1108//1108 1107//1107 1090//1090
f 451//451 1096//1096 1109//1109
f 1110//1110 486//486 1111//1111
f 996//996 101//101 104//104
f 1113//1113 1045//1045 1112//1112
f 451//451 81//81 450//450
f 1081//1081 1115//1115 1114//1114
f 1109//1109 81//81 451//451
f 1045//1045 1047//1047 1116//1116
f 1085//1085 1117//1117 1118//1118
f 1085//1085 1118//1118 1119//1119
f 1120//1120 1118//1118 1117//1117
f 1123//1123 1122//1122 1121//1121
f 1122//1122 1123//1123 1011//1011
f 975//975 1124//1124 976//976
f 986//986 1123//1123 1121//1121
f 1025//1025 976//976 1124//1124
f 482//482 1125//1125 1126//1126
f 483//483 1125//1125 482//482
f 1127//1127 1125//1125 483//483
f 1128//1128 1129//1129 1130//1130
f 365//365 8//8 9//9
f 364//364 1122//1122 1011//1011
f 1133//1133 1132//1132 1131//1131
f 975//975 764//764 1124//1124
f 1134//1134 154//154 243//243
f 921//921 74//74 73//73
f 79//79 1109//1109 1111//1111
f 988//988 989//989 1135//1135
f 985//985 1036//1036 1034//1034
f 1023//1023 1136//1136 1137//1137
f 1138//1138 1136//1136 1023//1023
f 1048//1048 989//989 972//972
f 79//79 81//81 1109//1109
f 972//972 989//989 990//990
f 1048//1048 972//972 973//973
f 1140//1140 1139//1139 461//461
f 1143//1143 1142//1142 1141//1141
f 1144//1144 1145//1145 1146//1146
f 1149//1149 1148//1148 1147//1147
f 147//147 1150//1150 901//901
f 1012//1012 1067//1067 1086//1086
f 973//973 450//450 80//80
f 973//973 80//80 1048//1048
f 1049//1049 1152//1152 1151//1151
f 236//236 1154//1154 1153//1153
f 1155//1155 440//440 150//150
f 182//182 1156//1156 1116//1116
f 1087//1087 1086//1086 1067//1067
f 1159//1159 1158//1158 1157//1157
f 1162//1162 1161//1161 1160//1160
f 1164//1164 1152//1152 1163//1163
f 1165//1165 1087//1087 1067//1067
f 1165//1165 1067//1067 1066//1066
f 1160//1160 1132//1132 162//162
f 1168//1168 1167//1167 1166//1166
f 181//181 130//130 182//182
f 131//131 130//130 181//181
f 1169//1169 1067//1067 1012//1012
f 1088//1088 1089//1089 145//145
f 1170//1170 158//158 1171//1171
f 1172//1172 234//234 1173//1173
f 1116//1116 54//54 182//182
f 1174//1174 228//228 54//54
f 1116//1116 1174//1174 54//54
f 1116//1116 1047//1047 1174//1174
f 1037//1037 1084//1084 1083//1083
f 1093//1093 1072//1072 1018//1018
f 1093//1093 1018//1018 1175//1175
f 1176//1176 907//907 906//906
f 906//906 1114//1114 1176//1176
f 152//152 162//162 1132//1132
f 152//152 1132//1132 1133//1133
f 157//157 1178//1178 1177//1177
f 1108//1108 130//130 129//129
f 1072//1072 1064//1064 1062//1062
f 1088//1088 1113//1113 1090//1090
f 1181//1181 1180//1180 1179//1179
f 151//151 1006//1006 162//162
f 1022//1022 1024//1024 1182//1182
f 1185//1185 1184//1184 1183//1183
f 907//907 1174//1174 1047//1047
f 1176//1176 228//228 1174//1174
f 1007//1007 1012//1012 1086//1086
f 439//439 1012//1012 1007//1007
f 1175//1175 917//917 1186//1186
f 962//962 812//812 963//963
f 1077//1077 1187//1187 1137//1137
f 908//908 1046//1046 1188//1188
f 897//897 1014//1014 933//933
f 898//898 1014//1014 897//897
f 1089//1089 1107//1107 146//146
f 145//145 1089//1089 146//146
f 125//125 1189//1189 124//124
f 634//634 633//633 842//842
f 54//54 53//53 181//181
f 129//129 1190//1190 1107//1107
f 129//129 1107//1107 1108//1108
f 866//866 1191//1191 916//916
f 811//811 812//812 962//962
f 1193//1193 829//829 1192//1192
f 829//829 1193//1193 830//830
f 679//679 92//92 934//934
f 903//903 98//98 913//913
f 242//242 867//867 868//868
f 1196//1196 1195//1195 1194//1194
f 99//99 98//98 950//950
f 97//97 913//913 98//98
f 813//813 811//811 950//950
f 981//981 950//950 811//811
f 950//950 981//981 99//99
f 908//908 1188//1188 906//906
f 1186//1186 1176//1176 1197//1197
f 1186//1186 228//228 1176//1176
f 1114//1114 1197//1197 1176//1176
f 1198//1198 181//181 53//53
f 918//918 1194//1194 52//52
f 1194//1194 1195//1195 53//53
f 1194//1194 53//53 52//52
f 902//902 1152//1152 1164//1164
f 830//830 1199//1199 831//831
f 916//916 633//633 632//632
f 242//242 868//868 1031//1031
f 242//242 1031//1031 1200//1200
f 1203//1203 1202//1202 1201//1201
f 118//118 1204//1204 226//226
f 1205//1205 839//839 838//838
f 837//837 839//839 854//854
f 831//831 1206//1206 916//916
f 916//916 915//915 831//831
f 922//922 945//945 924//924
f 1207//1207 1208//1208 1209//1209
f 873//873 176//176 1210//1210
f 873//873 1210//1210 1198//1198
f 1211//1211 1212//1212 1155//1155
f 1211//1211 1155//1155 1114//1114
f 980//980 1205//1205 838//838
f 247//247 841//841 1063//1063
f 41//41 836//836 40//40
f 1215//1215 1214//1214 1213//1213
f 1213//1213 1216//1216 1215//1215
f 837//837 1217//1217 1218//1218
f 1219//1219 74//74 919//919
f 919//919 1220//1220 1219//1219
f 89//89 246//246 1051//1051
f 240//240 1217//1217 895//895
f 906//906 1211//1211 1114//1114
f 1018//1018 1017//1017 1175//1175
f 1115//1115 1197//1197 1114//1114
f 1195//1195 1221//1221 873//873
f 1221//1221 1195//1195 1196//1196
f 52//52 1186//1186 917//917
f 1223//1223 1222//1222 184//184
f 1224//1224 1225//1225 1226//1226
f 918//918 917//917 1017//1017
f 133//133 633//633 880//880
f 1186//1186 52//52 228//228
f 1227//1227 1171//1171 1228//1228
f 51//51 171//171 170//170
f 1015//1015 196//196 195//195
f 1229//1229 1201//1201 1202//1202
f 1232//1232 1231//1231 1230//1230
f 1019//1019 1021//1021 1233//1233
f 1222//1222 1234//1234 1235//1235
f 1238//1238 1237//1237 1236//1236
f 1163//1163 1152//1152 1049//1049
f 1163//1163 1049//1049 1239//1239
f 1240//1240 1241//1241 1031//1031
f 1243//1243 849//849 1242//1242
f 791//791 622//622 793//793
f 1244//1244 1148//1148 1149//1149
f 119//119 1204//1204 118//118
f 1247//1247 1246//1246 1245//1245
f 1248//1248 1249//1249 1250//1250
f 1253//1253 1252//1252 1251//1251
f 1256//1256 1255//1255 1254//1254
f 1255//1255 1256//1256 1257//1257
f 110//110 249//249 109//109
f 1259//1259 1068//1068 1258//1258
f 1050//1050 1147//1147 1049//1049
f 1085//1085 1119//1119 1260//1260
f 1085//1085 1260//1260 1086//1086
f 1263//1263 1262//1262 1261//1261
f 912//912 1265//1265 1264//1264
f 1266//1266 1267//1267 1268//1268
f 235//235 1269//1269 236//236
f 47//47 1270//1270 48//48
f 1177//1177 1171//1171 157//157
f 919//919 1271//1271 1220//1220
f 70//70 1273//1273 1272//1272
f 1266//1266 1172//1172 1173//1173
f 1268//1268 1172//1172 1266//1266
f 1248//1248 1250//1250 1274//1274
f 1275//1275 1246//1246 1276//1276
f 1278//1278 900//900 1277//1277
f 1281//1281 1280//1280 1279//1279
f 1283//1283 1282//1282 1054//1054
f 1284//1284 1285//1285 47//47
f 1287//1287 1286//1286 1270//1270
f 1179//1179 1288//1288 1249//1249
f 1290//1290 1287//1287 1289//1289
f 1289//1289 1225//1225 1290//1290
f 1292//1292 1291//1291 1274//1274
f 46//46 1284//1284 47//47
f 1293//1293 1286//1286 1267//1267
f 48//48 1294//1294 46//46
f 1295//1295 1231//1231 1060//1060
f 236//236 1297//1297 1296//1296
f 1298//1298 1299//1299 1300//1300
f 1301//1301 1071//1071 1062//1062
f 1184//1184 1185//1185 1302//1302
f 868//868 1199//1199 1030//1030
f 1304//1304 1226//1226 1303//1303
f 1226//1226 1304//1304 1224//1224
f 1253//1253 1251//1251 1249//1249
f 1249//1249 1251//1251 1250//1250
f 1304//1304 1305//1305 1224//1224
f 1199//1199 1306//1306 1030//1030
f 830//830 1306//1306 1199//1199
f 913//913 1307//1307 903//903
f 903//903 1307//1307 905//905
f 1310//1310 1309//1309 1308//1308
f 1311//1311 1305//1305 1304//1304
f 1314//1314 1313//1313 1312//1312
f 1210//1210 1219//1219 1033//1033
f 1315//1315 1104//1104 1316//1316
f 1311//1311 1303//1303 1317//1317
f 1269//1269 235//235 910//910
f 1320//1320 1319//1319 1318//1318
f 169//169 121//121 138//138
f 1304//1304 1303//1303 1311//1311
f 1201//1201 1322//1322 1321//1321
f 1321//1321 1203//1203 1201//1201
f 1183//1183 1323//1323 1324//1324
f 261//261 1326//1326 1325//1325
f 1183//1183 1305//1305 1311//1311
f 1185//1185 1183//1183 115//115
f 1311//1311 115//115 1183//1183
f 1327//1327 1328//1328 347//347
f 1329//1329 1094//1094 1330//1330
f 110//110 185//185 249//249
f 1331//1331 1101//1101 1053//1053
f 1226//1226 1291//1291 1303//1303
f 1332//1332 1285//1285 1284//1284
f 1171//1171 158//158 157//157
f 166//166 167//167 1098//1098
f 1333//1333 1334//1334 1300//1300
f 1258//1258 1253//1253 1288//1288
f 1288//1288 1259//1259 1258//1258
f 1336//1336 1329//1329 1335//1335
f 1103//1103 1336//1336 1335//1335
f 1270//1270 1285//1285 1289//1289
f 1339//1339 1338//1338 1337//1337
f 1228//1228 863//863 1340//1340
f 1341//1341 1312//1312 1342//1342
f 1019//1019 1344//1344 1343//1343
f 1289//1289 1285//1285 1345//1345
f 1346//1346 1347//1347 1148//1148
f 1348//1348 199//199 200//200
f 1183//1183 1324//1324 1305//1305
f 1349//1349 156//156 1094//1094
f 1350//1350 666//666 667//667
f 1352//1352 1351//1351 1201//1201
f 1101//1101 1100//1100 1053//1053
f 1354//1354 1353//1353 192//192
f 1356//1356 117//117 1355//1355
f 1102//1102 1097//1097 1099//1099
f 1346//1346 1357//1357 1283//1283
f 1358//1358 1359//1359 1360//1360
f 71//71 1362//1362 1361//1361
f 1363//1363 71//71 1361//1361
f 1301//1301 1062//1062 841//841
f 1070//1070 1131//1131 1132//1132
f 1063//1063 1131//1131 1070//1070
f 1097//1097 1353//1353 1364//1364
f 1071//1071 1365//1365 1018//1018
f 1016//1016 1365//1365 1366//1366
f 1018//1018 1365//1365 1016//1016
f 192//192 1102//1102 194//194
f 1272//1272 1273//1273 167//167
f 1071//1071 1367//1367 1365//1365
f 1071//1071 1301//1301 1367//1367
f 1365//1365 1367//1367 1368//1368
f 1371//1371 1370//1370 1369//1369
f 142//142 1095//1095 1103//1103
f 142//142 1103//1103 1335//1335
f 1214//1214 1066//1066 1213//1213
f 1331//1331 1053//1053 1052//1052
f 1065//1065 1067//1067 1169//1169
f 1372//1372 90//90 88//88
f 6//6 1373//1373 164//164
f 1375//1375 1374//1374 1244//1244
f 1160//1160 1161//1161 88//88
f 1155//1155 150//150 1082//1082
f 983//983 1377//1377 1376//1376
f 1378//1378 154//154 1134//1134
f 153//153 154//154 1378//1378
f 1379//1379 1380//1380 1381//1381
f 1383//1383 1368//1368 1382//1382
f 193//193 1383//1383 1382//1382
f 1147//1147 1347//1347 1239//1239
f 1024//1024 1023//1023 1187//1187
f 1170//1170 1094//1094 158//158
f 1330//1330 1094//1094 1170//1170
f 1346//1346 1148//1148 1357//1357
f 1158//1158 1384//1384 1385//1385
f 415//415 470//470 416//416
f 1388//1388 1387//1387 1386//1386
f 1389//1389 1390//1390 1391//1391
f 1391//1391 1392//1392 1389//1389
f 1394//1394 1381//1381 1393//1393
f 1052//1052 1282//1282 1395//1395
f 1395//1395 1396//1396 1052//1052
f 1331//1331 194//194 1101//1101
f 212//212 1397//1397 1398//1398
f 1395//1395 1399//1399 1396//1396
f 1400//1400 1171//1171 1401//1401
f 140//140 142//142 1335//1335
f 1141//1141 140//140 1335//1335
f 1402//1402 1170//1170 1227//1227
f 1315//1315 1314//1314 1312//1312
f 1239//1239 1347//1347 1403//1403
f 1339//1339 1337//1337 1054//1054
f 1227//1227 1170//1170 1171//1171
f 1404//1404 1309//1309 1405//1405
f 1283//1283 1357//1357 1406//1406
f 109//109 46//46 108//108
f 384//384 1399//1399 1407//1407
f 1407//1407 1395//1395 1406//1406
f 1408//1408 1407//1407 1357//1357
f 1357//1357 1407//1407 1406//1406
f 197//197 125//125 1409//1409
f 1409//1409 195//195 197//197
f 383//383 385//385 1410//1410
f 1181//1181 1411//1411 1180//1180
f 124//124 1413//1413 1412//1412
f 139//139 1414//1414 383//383
f 140//140 1415//1415 141//141
f 1415//1415 140//140 1142//1142
f 1142//1142 140//140 1141//1141
f 1401//1401 1171//1171 1177//1177
f 1076//1076 1017//1017 1016//1016
f 1416//1416 831//831 915//915
f 861//861 1076//1076 862//862
f 4//4 6//6 1417//1417
f 1418//1418 1188//1188 1046//1046
f 1262//1262 1419//1419 1261//1261
f 139//139 121//121 1420//1420
f 139//139 1421//1421 1415//1415
f 1420//1420 1421//1421 139//139
f 1423//1423 1374//1374 1422//1422
f 139//139 1415//1415 1414//1414
f 1422//1422 1375//1375 1390//1390
f 1422//1422 1374//1374 1375//1375
f 1417//1417 6//6 1424//1424
f 1426//1426 1380//1380 1425//1425
f 1245//1245 1246//1246 1275//1275
f 188//188 1428//1428 1427//1427
f 1427//1427 1424//1424 188//188
f 1388//1388 1429//1429 1387//1387
f 123//123 122//122 1430//1430
f 1431//1431 943//943 1388//1388
f 1432//1432 1433//1433 1434//1434
f 910//910 235//235 1172//1172
f 1433//1433 1436//1436 1435//1435
f 1377//1377 1438//1438 1437//1437
f 1438//1438 1439//1439 1437//1437
f 198//198 1432//1432 1440//1440
f 1440//1440 200//200 198//198
f 1359//1359 1442//1442 1441//1441
f 941//941 1443//1443 942//942
f 1437//1437 1439//1439 1440//1440
f 1446//1446 1445//1445 1444//1444
f 1300//1300 1299//1299 1447//1447
f 6//6 188//188 1424//1424
f 1449//1449 1419//1419 1448//1448
f 1451//1451 1450//1450 1069//1069
f 198//198 1433//1433 1432//1432
f 1377//1377 1434//1434 1433//1433
f 1453//1453 178//178 1452//1452
f 1388//1388 1386//1386 1433//1433
f 1454//1454 1455//1455 1456//1456
f 1459//1459 1458//1458 1457//1457
f 1460//1460 1461//1461 1462//1462
f 1463//1463 1464//1464 1465//1465
f 1462//1462 1433//1433 1386//1386
f 1461//1461 1466//1466 1462//1462
f 1467//1467 1468//1468 1469//1469
f 1438//1438 1470//1470 1439//1439
f 5//5 1430//1430 1373//1373
f 197//197 1471//1471 1472//1472
f 1348//1348 1426//1426 1473//1473
f 1474//1474 1475//1475 175//175
f 1462//1462 1466//1466 1433//1433
f 951//951 98//98 903//903
f 1478//1478 1477//1477 1476//1476
f 1479//1479 204//204 203//203
f 1480//1480 1376//1376 1478//1478
f 1481//1481 1482//1482 1483//1483
f 1444//1444 1473//1473 1426//1426
f 345//345 1369//1369 1370//1370
f 1327//1327 984//984 1328//1328
f 1484//1484 1485//1485 1466//1466
f 869//869 924//924 945//945
f 492//492 924//924 869//869
f 1357//1357 1148//1148 1244//1244
f 1086//1086 1260//1260 1007//1007
f 89//89 1486//1486 246//246
f 168//168 1486//1486 89//89
f 1013//1013 1418//1418 1046//1046
f 908//908 1047//1047 1046//1046
f 907//907 1047//1047 908//908
f 1489//1489 1488//1488 1487//1487
f 1427//1427 940//940 1424//1424
f 136//136 138//138 1410//1410
f 1439//1439 200//200 1440//1440
f 1420//1420 1491//1491 1490//1490
f 1490//1490 1492//1492 1420//1420
f 163//163 1494//1494 1493//1493
f 1495//1495 1455//1455 1454//1454
f 1496//1496 1354//1354 193//193
f 1461//1461 1460//1460 1497//1497
f 697//697 696//696 1498//1498
f 1499//1499 1207//1207 1500//1500
f 1501//1501 1502//1502 1481//1481
f 1222//1222 1223//1223 1411//1411
f 1181//1181 1222//1222 1411//1411
f 1446//1446 1444//1444 1388//1388
f 1503//1503 1504//1504 1505//1505
f 1506//1506 1507//1507 1508//1508
f 1466//1466 1461//1461 1484//1484
f 1501//1501 1328//1328 984//984
f 1509//1509 1469//1469 1468//1468
f 1510//1510 1511//1511 1512//1512
f 236//236 1296//1296 1472//1472
f 1513//1513 1276//1276 1514//1514
f 984//984 983//983 1501//1501
f 1515//1515 1324//1324 1323//1323
f 1512//1512 1511//1511 1516//1516
f 1519//1519 1518//1518 1517//1517
f 1522//1522 1521//1521 1520//1520
f 1369//1369 1508//1508 1523//1523
f 1369//1369 1523//1523 1470//1470
f 1524//1524 1525//1525 1526//1526
f 234//234 1172//1172 235//235
f 1216//1216 1527//1527 1215//1215
f 1011//1011 987//987 1040//1040
f 153//153 963//963 944//944
f 1528//1528 1529//1529 1530//1530
f 962//962 1527//1527 899//899
f 964//964 1527//1527 962//962
f 1531//1531 1532//1532 1144//1144
f 903//903 904//904 958//958
f 1392//1392 165//165 163//163
f 163//163 1493//1493 1392//1392
f 911//911 912//912 1092//1092
f 1323//1323 1441//1441 1515//1515
f 1388//1388 1444//1444 1533//1533
f 1515//1515 1535//1535 1534//1534
f 1534//1534 1290//1290 1515//1515
f 123//123 1393//1393 1536//1536
f 123//123 1536//1536 1420//1420
f 1537//1537 1538//1538 1539//1539
f 5//5 4//4 1540//1540
f 1542//1542 889//889 1541//1541
f 899//899 1527//1527 1216//1216
f 1216//1216 898//898 899//899
f 1211//1211 1188//1188 1212//1212
f 1368//1368 1543//1543 1340//1340
f 1194//1194 918//918 1544//1544
f 1261//1261 1545//1545 1263//1263
f 1294//1294 1293//1293 1153//1153
f 136//136 1494//1494 1546//1546
f 109//109 1284//1284 46//46
f 1547//1547 1548//1548 1549//1549
f 1324//1324 1515//1515 1290//1290
f 1311//1311 1317//1317 1550//1550
f 1311//1311 1550//1550 115//115
f 1550//1550 1351//1351 115//115
f 1332//1332 1274//1274 1285//1285
f 1345//1345 1285//1285 1274//1274
f 1551//1551 1172//1172 1268//1268
f 1552//1552 1154//1154 236//236
f 1553//1553 1397//1397 212//212
f 1472//1472 1296//1296 197//197
f 197//197 1189//1189 125//125
f 1442//1442 1078//1078 1554//1554
f 194//194 1415//1415 193//193
f 1153//1153 1555//1555 236//236
f 1541//1541 889//889 1556//1556
f 156//156 1178//1178 157//157
f 1444//1444 1425//1425 1533//1533
f 910//910 911//911 1310//1310
f 1286//1286 48//48 1270//1270
f 1471//1471 197//197 196//196
f 45//45 587//587 630//630
f 1558//1558 1557//1557 1404//1404
f 1442//1442 1554//1554 1441//1441
f 1154//1154 1015//1015 1559//1559
f 183//183 185//185 1559//1559
f 47//47 1285//1285 1270//1270
f 1560//1560 1561//1561 1299//1299
f 1562//1562 1284//1284 109//109
f 1562//1562 109//109 1563//1563
f 1293//1293 1555//1555 1153//1153
f 1267//1267 1555//1555 1293//1293
f 1566//1566 1565//1565 1564//1564
f 1015//1015 1552//1552 196//196
f 1535//1535 1554//1554 1264//1264
f 1015//1015 1154//1154 1552//1552
f 1555//1555 1267//1267 1266//1266
f 1180//1180 1288//1288 1179//1179
f 1568//1568 1209//1209 1567//1567
f 1222//1222 1181//1181 1234//1234
f 1351//1351 1322//1322 1201//1201
f 1189//1189 1549//1549 124//124
f 183//183 1559//1559 1015//1015
f 1317//1317 1569//1569 1499//1499
f 1569//1569 1208//1208 1499//1499
f 1570//1570 1167//1167 1185//1185
f 1020//1020 1019//1019 1343//1343
f 1020//1020 1177//1177 1178//1178
f 1177//1177 1020//1020 1343//1343
f 1208//1208 1571//1571 1209//1209
f 1297//1297 1572//1572 1573//1573
f 1576//1576 1575//1575 1574//1574
f 185//185 110//110 1559//1559
f 1559//1559 110//110 108//108
f 1286//1286 1577//1577 1267//1267
f 1449//1449 1448//1448 1539//1539
f 1405//1405 1309//1309 1578//1578
f 1092//1092 912//912 1264//1264
f 1551//1551 1265//1265 912//912
f 1079//1079 1078//1078 1442//1442
f 1551//1551 912//912 910//910
f 1551//1551 910//910 1172//1172
f 1358//1358 1442//1442 1359//1359
f 1269//1269 1310//1310 1557//1557
f 824//824 1575//1575 1579//1579
f 1582//1582 1581//1581 1580//1580
f 1557//1557 1310//1310 1308//1308
f 911//911 173//173 1310//1310
f 250//250 1092//1092 1078//1078
f 1513//1513 1275//1275 1276//1276
f 236//236 1266//1266 1173//1173
f 1308//1308 1404//1404 1557//1557
f 174//174 1474//1474 175//175
f 1474//1474 174//174 1079//1079
f 1583//1583 1584//1584 1585//1585
f 1309//1309 1310//1310 1578//1578
f 1586//1586 1499//1499 1500//1500
f 1587//1587 1588//1588 1589//1589
f 1303//1303 1569//1569 1317//1317
f 1590//1590 1341//1341 1342//1342
f 1534//1534 1535//1535 1265//1265
f 1544//1544 861//861 1344//1344
f 1221//1221 828//828 873//873
f 1270//1270 1289//1289 1287//1287
f 1268//1268 1267//1267 1577//1577
f 883//883 884//884 241//241
f 241//241 885//885 883//883
f 1450//1450 1591//1591 1592//1592
f 109//109 1235//1235 1563//1563
f 173//173 1405//1405 1578//1578
f 173//173 1578//1578 1310//1310
f 1535//1535 1264//1264 1265//1265
f 1515//1515 1441//1441 1535//1535
f 1593//1593 1594//1594 221//221
f 126//126 124//124 1412//1412
f 212//212 1595//1595 213//213
f 1547//1547 1573//1573 1572//1572
f 1412//1412 1238//1238 1596//1596
f 1236//1236 1596//1596 1238//1238
f 1598//1598 1597//1597 1237//1237
f 1557//1557 1599//1599 1269//1269
f 1600//1600 1599//1599 1557//1557
f 1599//1599 236//236 1269//1269
f 1409//1409 125//125 1601//1601
f 1602//1602 1595//1595 125//125
f 1603//1603 1604//1604 1605//1605
f 1608//1608 1607//1607 1606//1606
f 1079//1079 1442//1442 1358//1358
f 854//854 839//839 1205//1205
f 1603//1603 1605//1605 1609//1609
f 1612//1612 1611//1611 1610//1610
f 1613//1613 1614//1614 1584//1584
f 213//213 1615//1615 214//214
f 1618//1618 1617//1617 1616//1616
f 1601//1601 1611//1611 1619//1619
f 123//123 1420//1420 121//121
f 221//221 223//223 1593//1593
f 214//214 1553//1553 212//212
f 211//211 1620//1620 209//209
f 1058//1058 1621//1621 1622//1622
f 1604//1604 1603//1603 1623//1623
f 210//210 209//209 1624//1624
f 1624//1624 209//209 1280//1280
f 290//290 1579//1579 1625//1625
f 1451//1451 1591//1591 1450//1450
f 668//668 1626//1626 640//640
f 213//213 1595//1595 1627//1627
f 1628//1628 1629//1629 1576//1576
f 1628//1628 1576//1576 1630//1630
f 1622//1622 1631//1631 1058//1058
f 1632//1632 1633//1633 1634//1634
f 1240//1240 1271//1271 919//919
f 1635//1635 1636//1636 1637//1637
f 851//851 853//853 847//847
f 226//226 1204//1204 817//817
f 1633//1633 1639//1639 1638//1638
f 1640//1640 1633//1633 1638//1638
f 1641//1641 222//222 1620//1620
f 1280//1280 222//222 221//221
f 1638//1638 1643//1643 1642//1642
f 209//209 222//222 1280//1280
f 1620//1620 222//222 209//209
f 1644//1644 642//642 623//623
f 2//2 1//1 1645//1645
f 1611//1611 1591//1591 1646//1646
f 1647//1647 1091//1091 765//765
f 967//967 1084//1084 1026//1026
f 888//888 120//120 1648//1648
f 211//211 1254//1254 1255//1255
f 1638//1638 1642//1642 1649//1649
f 1272//1272 1091//1091 1647//1647
f 1583//1583 120//120 1542//1542
f 1650//1650 1651//1651 1652//1652
f 893//893 32//32 31//31
f 250//250 1078//1078 174//174
f 1653//1653 1541//1541 1556//1556
f 1612//1612 1610//1610 1643//1643
f 1654//1654 1655//1655 1612//1612
f 1654//1654 1612//1612 1656//1656
f 1234//1234 1563//1563 1235//1235
f 1450//1450 1295//1295 1069//1069
f 1074//1074 1372//1372 1161//1161
f 88//88 1161//1161 1372//1372
f 1638//1638 1657//1657 1640//1640
f 1649//1649 1657//1657 1638//1638
f 1655//1655 1592//1592 1591//1591
f 1114//1114 1155//1155 1081//1081
f 1082//1082 1081//1081 1155//1155
f 449//449 450//450 1658//1658
f 210//210 1649//1649 1642//1642
f 852//852 885//885 895//895
f 1654//1654 1656//1656 1639//1639
f 1153//1153 108//108 1294//1294
f 1325//1325 1575//1575 824//824
f 1641//1641 1398//1398 1659//1659
f 210//210 1657//1657 1649//1649
f 1281//1281 1657//1657 1624//1624
f 1617//1617 1598//1598 1237//1237
f 1558//1558 1617//1617 1237//1237
f 1398//1398 1660//1660 1659//1659
f 210//210 1642//1642 1254//1254
f 1222//1222 1235//1235 184//184
f 1235//1235 109//109 249//249
f 184//184 1235//1235 249//249
f 1325//1325 1589//1589 1661//1661
f 1567//1567 1209//1209 1571//1571
f 1662//1662 878//878 1663//1663
f 1207//1207 1209//1209 1664//1664
f 1500//1500 1587//1587 1586//1586
f 1587//1587 1500//1500 1588//1588
f 1250//1250 1292//1292 1274//1274
f 941//941 943//943 1665//1665
f 1662//1662 728//728 878//878
f 850//850 1651//1651 1650//1650
f 1667//1667 1666//1666 1587//1587
f 1587//1587 1666//1666 1586//1586
f 1567//1567 1571//1571 1251//1251
f 1251//1251 1571//1571 1292//1292
f 1664//1664 1668//1668 1588//1588
f 1250//1250 1251//1251 1292//1292
f 1185//1185 1167//1167 1302//1302
f 1669//1669 1229//1229 1020//1020
f 1021//1021 1020//1020 1229//1229
f 1178//1178 1669//1669 1020//1020
f 1205//1205 823//823 821//821
f 821//821 854//854 1205//1205
f 1499//1499 1321//1321 1322//1322
f 1288//1288 1253//1253 1249//1249
f 1325//1325 1326//1326 1589//1589
f 856//856 292//292 1670//1670
f 1671//1671 1167//1167 1570//1570
f 261//261 262//262 1652//1652
f 261//261 1652//1652 1326//1326
f 1574//1574 1672//1672 1230//1230
f 1650//1650 979//979 1673//1673
f 1673//1673 979//979 980//980
f 1325//1325 1661//1661 1672//1672
f 27//27 639//639 127//127
f 127//127 25//25 27//27
f 636//636 207//207 641//641
f 1674//1674 636//636 641//641
f 1675//1675 1609//1609 1605//1605
f 1676//1676 1021//1021 1229//1229
f 878//878 1677//1677 1663//1663
f 242//242 241//241 1678//1678
f 241//241 240//240 895//895
f 1205//1205 980//980 823//823
f 1679//1679 29//29 22//22
f 646//646 1680//1680 583//583
f 1681//1681 1682//1682 1683//1683
f 41//41 851//851 836//836
f 635//635 263//263 856//856
f 642//642 65//65 23//23
f 22//22 1684//1684 37//37
f 584//584 640//640 585//585
f 240//240 242//242 1200//1200
f 1581//1581 1621//1621 1058//1058
f 1058//1058 1580//1580 1581//1581
f 1366//1366 862//862 1016//1016
f 1202//1202 1685//1685 1676//1676
f 1687//1687 1686//1686 407//407
f 1343//1343 1401//1401 1177//1177
f 233//233 1688//1688 171//171
f 638//638 1689//1689 827//827
f 258//258 78//78 787//787
f 1683//1683 1690//1690 38//38
f 860//860 1688//1688 233//233
f 808//808 1691//1691 820//820
f 1693//1693 1692//1692 266//266
f 1631//1631 1057//1057 1058//1058
f 1580//1580 1058//1058 1056//1056
f 789//789 1694//1694 788//788
f 1697//1697 1696//1696 1695//1695
f 203//203 1526//1526 1479//1479
f 636//636 206//206 207//207
f 1698//1698 1699//1699 1700//1700
f 643//643 51//51 170//170
f 1701//1701 1702//1702 1703//1703
f 37//37 623//623 344//344
f 1704//1704 709//709 775//775
f 1705//1705 30//30 671//671
f 219//219 1706//1706 215//215
f 202//202 219//219 215//215
f 38//38 28//28 1681//1681
f 576//576 1707//1707 1708//1708
f 658//658 1674//1674 641//641
f 1679//1679 218//218 29//29
f 1710//1710 674//674 1709//1709
f 38//38 1681//1681 1683//1683
f 1711//1711 28//28 589//589
f 1712//1712 805//805 218//218
f 1713//1713 14//14 654//654
f 1714//1714 1715//1715 687//687
f 666//666 24//24 23//23
f 1675//1675 1605//1605 1716//1716
f 777//777 1717//1717 807//807
f 1712//1712 1718//1718 804//804
f 894//894 134//134 872//872
f 1719//1719 894//894 797//797
f 134//134 894//894 1719//1719
f 1720//1720 1717//1717 796//796
f 224//224 816//816 808//808
f 858//858 1721//1721 1722//1722
f 394//394 791//791 231//231
f 231//231 791//791 792//792
f 827//827 394//394 128//128
f 827//827 128//128 639//639
f 881//881 780//780 799//799
f 881//881 799//799 1723//1723
f 777//777 796//796 1717//1717
f 1585//1585 1724//1724 1583//1583
f 1725//1725 1726//1726 1727//1727
f 283//283 1728//1728 282//282
f 952//952 931//931 953//953
f 930//930 931//931 952//952
f 805//805 220//220 218//218
f 1524//1524 1729//1729 1525//1525
f 1549//1549 1413//1413 124//124
f 1275//1275 1358//1358 1245//1245
f 1730//1730 1731//1731 947//947
f 1734//1734 1733//1733 1732//1732
f 888//888 1542//1542 120//120
f 889//889 1542//1542 888//888
f 1681//1681 28//28 10//10
f 1675//1675 805//805 806//806
f 1681//1681 12//12 845//845
f 1623//1623 1735//1735 1604//1604
f 1738//1738 1737//1737 1736//1736
f 1513//1513 1514//1514 1474//1474
f 804//804 1718//1718 1698//1698
f 22//22 795//795 1679//1679
f 1735//1735 1623//1623 1739//1739
f 1740//1740 1741//1741 1742//1742
f 1743//1743 1690//1690 1683//1683
f 978//978 1744//1744 660//660
f 570//570 1745//1745 624//624
f 660//660 1744//1744 1746//1746
f 1747//1747 1746//1746 1744//1744
f 278//278 1748//1748 279//279
f 280//280 1732//1732 1749//1749
f 270//270 1751//1751 1750//1750
f 1752//1752 1753//1753 1754//1754
f 1754//1754 1755//1755 1752//1752
f 1758//1758 1757//1757 1756//1756
f 271//271 1751//1751 270//270
f 1761//1761 1760//1760 1759//1759
f 1755//1755 1754//1754 1762//1762
f 751//751 752//752 1763//1763
f 1764//1764 751//751 1763//1763
f 1764//1764 978//978 1765//1765
f 1766//1766 1767//1767 1768//1768
f 1287//1287 1290//1290 1534//1534
f 1309//1309 1404//1404 1308//1308
f 1412//1412 1596//1596 126//126
f 1597//1597 1769//1769 1602//1602
f 1549//1549 1548//1548 1413//1413
f 1757//1757 1758//1758 1770//1770
f 1773//1773 1772//1772 1771//1771
f 1774//1774 1775//1775 1776//1776
f 1761//1761 1777//1777 1760//1760
f 1765//1765 1760//1760 1777//1777
f 1778//1778 1779//1779 1780//1780
f 1783//1783 1782//1782 1781//1781
f 1784//1784 1762//1762 1785//1785
f 1788//1788 1787//1787 1786//1786
f 1790//1790 1789//1789 712//712
f 661//661 662//662 1756//1756
f 1791//1791 1608//1608 1792//1792
f 1318//1318 1545//1545 1261//1261
f 1320//1320 1318//1318 1261//1261
f 1795//1795 1794//1794 1793//1793
f 1798//1798 1797//1797 1796//1796
f 1692//1692 1800//1800 1799//1799
f 1692//1692 1799//1799 1801//1801
f 1802//1802 750//750 1803//1803
f 1806//1806 1805//1805 1804//1804
f 1805//1805 1806//1806 687//687
f 949//949 1807//1807 1740//1740
f 1718//1718 1808//1808 1699//1699
f 750//750 1802//1802 1736//1736
f 1780//1780 1779//1779 1809//1809
f 1797//1797 1773//1773 1810//1810
f 1810//1810 1796//1796 1797//1797
f 1811//1811 1812//1812 1813//1813
f 1788//1788 1813//1813 1812//1812
f 1816//1816 1815//1815 1814//1814
f 1740//1740 1805//1805 688//688
f 1817//1817 1818//1818 1819//1819
f 1605//1605 1820//1820 1821//1821
f 1822//1822 677//677 678//678
f 1823//1823 1824//1824 1825//1825
f 1360//1360 1168//1168 1245//1245
f 1604//1604 1820//1820 1605//1605
f 1318//1318 1826//1826 1827//1827
f 1696//1696 686//686 1715//1715
f 1695//1695 1696//1696 1715//1715
f 1828//1828 297//297 284//284
f 1803//1803 750//750 751//751
f 1830//1830 1736//1736 1829//1829
f 285//285 1831//1831 286//286
f 1832//1832 1833//1833 1834//1834
f 1765//1765 1777//1777 1835//1835
f 1780//1780 1741//1741 1800//1800
f 1836//1836 1737//1737 1738//1738
f 1838//1838 1834//1834 1837//1837
f 1750//1750 269//269 270//270
f 1750//1750 1839//1839 269//269
f 1821//1821 269//269 1839//1839
f 744//744 1830//1830 1840//1840
f 1820//1820 1739//1739 1821//1821
f 1730//1730 1841//1841 1842//1842
f 1843//1843 1844//1844 1845//1845
f 947//947 1846//1846 949//949
f 1847//1847 1804//1804 1805//1805
f 1848//1848 1847//1847 1805//1805
f 1841//1841 1849//1849 1842//1842
f 1842//1842 1849//1849 285//285
f 1779//1779 1763//1763 1850//1850
f 315//315 1851//1851 1852//1852
f 1853//1853 1854//1854 1855//1855
f 1853//1853 1856//1856 1854//1854
f 1857//1857 1858//1858 1859//1859
f 204//204 1860//1860 1861//1861
f 1862//1862 1863//1863 315//315
f 1850//1850 1865//1865 1864//1864
f 265//265 266//266 1866//1866
f 661//661 1765//1765 978//978
f 1867//1867 1475//1475 1474//1474
f 1514//1514 1867//1867 1474//1474
f 1868//1868 1775//1775 1869//1869
f 1871//1871 1810//1810 1870//1870
f 1874//1874 1873//1873 1872//1872
f 537//537 1876//1876 1875//1875
f 1877//1877 321//321 320//320
f 339//339 321//321 1877//1877
f 1798//1798 1772//1772 1797//1797
f 1842//1842 1731//1731 1730//1730
f 1767//1767 297//297 1828//1828
f 1880//1880 1879//1879 1878//1878
f 1881//1881 604//604 1520//1520
f 1884//1884 1883//1883 1882//1882
f 315//315 1842//1842 285//285
f 1885//1885 281//281 747//747
f 1887//1887 1886//1886 608//608
f 1888//1888 1889//1889 319//319
f 526//526 1891//1891 1890//1890
f 1894//1894 1893//1893 1892//1892
f 1895//1895 1893//1893 1894//1894
f 279//279 1896//1896 1617//1617
f 1833//1833 1832//1832 1897//1897
f 1898//1898 1899//1899 1900//1900
f 1903//1903 1902//1902 1901//1901
f 282//282 1728//1728 1904//1904
f 1905//1905 1906//1906 1703//1703
f 1907//1907 1908//1908 1909//1909
f 1910//1910 1911//1911 1912//1912
f 1697//1697 1801//1801 1696//1696
f 1913//1913 1831//1831 1864//1864
f 1831//1831 1913//1913 1914//1914
f 1917//1917 1916//1916 1915//1915
f 1918//1918 1919//1919 1920//1920
f 325//325 1921//1921 309//309
f 1815//1815 743//743 1814//1814
f 1923//1923 1922//1922 310//310
f 1520//1520 1924//1924 1522//1522
f 1925//1925 1926//1926 1927//1927
f 1739//1739 269//269 1821//1821
f 1928//1928 1929//1929 1930//1930
f 1910//1910 1931//1931 1932//1932
f 1933//1933 1822//1822 678//678
f 1755//1755 1934//1934 1752//1752
f 1935//1935 1936//1936 1937//1937
f 1938//1938 1939//1939 1940//1940
f 1896//1896 279//279 1739//1739
f 1896//1896 1739//1739 1623//1623
f 1941//1941 1942//1942 1943//1943
f 1944//1944 1911//1911 1853//1853
f 302//302 1945//1945 1946//1946
f 745//745 743//743 1947//1947
f 1734//1734 1616//1616 1733//1733
f 1756//1756 662//662 271//271
f 660//660 271//271 662//662
f 1948//1948 1949//1949 1950//1950
f 1951//1951 625//625 626//626
f 1954//1954 1953//1953 1952//1952
f 1906//1906 1955//1955 1703//1703
f 1956//1956 1950//1950 1949//1949
f 1957//1957 1958//1958 1959//1959
f 1957//1957 1959//1959 1960//1960
f 1932//1932 1856//1856 1911//1911
f 1912//1912 1911//1911 1944//1944
f 1961//1961 1962//1962 1947//1947
f 608//608 1886//1886 1963//1963
f 1966//1966 1965//1965 1964//1964
f 303//303 1967//1967 1968//1968
f 1949//1949 1945//1945 1969//1969
f 1972//1972 1971//1971 1970//1970
f 1973//1973 1886//1886 1887//1887
f 625//625 1975//1975 1974//1974
f 1974//1974 1976//1976 625//625
f 1977//1977 1636//1636 1978//1978
f 1637//1637 1636//1636 1977//1977
f 1979//1979 1899//1899 1793//1793
f 1980//1980 1981//1981 1982//1982
f 624//624 1794//1794 1963//1963
f 1963//1963 569//569 624//624
f 1983//1983 1819//1819 1818//1818
f 1984//1984 1985//1985 1972//1972
f 1986//1986 1968//1968 1967//1967
f 333//333 1981//1981 1987//1987
f 1702//1702 1701//1701 1968//1968
f 1988//1988 1989//1989 1990//1990
f 1945//1945 1992//1992 1991//1991
f 1637//1637 1977//1977 1993//1993
f 1857//1857 1859//1859 1994//1994
f 1885//1885 747//747 1995//1995
f 1877//1877 746//746 339//339
f 1941//1941 1521//1521 1522//1522
f 1941//1941 1522//1522 340//340
f 603//603 1636//1636 1924//1924
f 320//320 739//739 1996//1996
f 604//604 603//603 1924//1924
f 1924//1924 1520//1520 604//604
f 1635//1635 1996//1996 1924//1924
f 1870//1870 1998//1998 1997//1997
f 1997//1997 1998//1998 1999//1999
f 1635//1635 1924//1924 1636//1636
f 522//522 467//467 466//466
f 602//602 1845//1845 2000//2000
f 2003//2003 2002//2002 2001//2001
f 2004//2004 2005//2005 2006//2006
f 2007//2007 617//617 616//616
f 2008//2008 1891//1891 526//526
f 2009//2009 406//406 60//60
f 1999//1999 1998//1998 2010//2010
f 317//317 319//319 1889//1889
f 2011//2011 2005//2005 1995//1995
f 2014//2014 2013//2013 2012//2012
f 2015//2015 2016//2016 2017//2017
f 1972//1972 1970//1970 2018//2018
f 1902//1902 2020//2020 2019//2019
f 2023//2023 2022//2022 2021//2021
f 2014//2014 2012//2012 1887//1887
f 2014//2014 1887//1887 2016//2016
f 1885//1885 1995//1995 2005//2005
f 2024//2024 606//606 1901//1901
f 2025//2025 2026//2026 2027//2027
f 1901//1901 1795//1795 1793//1793
f 606//606 1795//1795 1901//1901
f 1998//1998 1771//1771 2010//2010
f 2011//2011 1995//1995 2028//2028
f 326//326 327//327 597//597
f 1976//1976 328//328 326//326
f 326//326 625//625 1976//1976
f 2030//2030 525//525 2029//2029
f 1984//1984 2031//2031 2032//2032
f 2034//2034 2033//2033 1974//1974
f 525//525 523//523 2035//2035
f 2036//2036 2037//2037 2038//2038
f 392//392 2039//2039 2040//2040
f 524//524 525//525 2030//2030
f 2043//2043 2042//2042 2041//2041
f 2046//2046 2045//2045 2044//2044
f 734//734 2047//2047 2048//2048
f 2050//2050 2049//2049 1817//1817
f 2030//2030 545//545 2051//2051
f 2051//2051 545//545 2052//2052
f 2053//2053 544//544 543//543
f 393//393 328//328 1976//1976
f 2054//2054 1874//1874 525//525
f 1874//1874 2054//2054 1873//1873
f 2006//2006 1898//1898 1900//1900
f 2057//2057 2056//2056 2055//2055
f 327//327 328//328 393//393
f 304//304 2058//2058 570//570
f 304//304 570//570 568//568
f 1922//1922 675//675 310//310
f 2060//2060 1988//1988 2059//2059
f 314//314 2058//2058 304//304
f 2063//2063 2062//2062 2061//2061
f 545//545 2030//2030 2029//2029
f 2066//2066 2065//2065 2064//2064
f 602//602 1978//1978 603//603
f 2037//2037 2067//2067 2038//2038
f 1980//1980 1987//1987 1981//1981
f 1970//1970 2068//2068 2060//2060
f 612//612 610//610 2069//2069
f 2038//2038 2070//2070 2071//2071
f 1991//1991 1990//1990 2072//2072
f 2073//2073 1975//1975 1951//1951
f 1985//1985 1984//1984 2074//2074
f 2075//2075 2076//2076 2037//2037
f 2037//2037 2036//2036 2075//2075
f 2076//2076 2077//2077 2037//2037
f 2067//2067 2037//2037 2077//2077
f 57//57 55//55 564//564
f 608//608 1795//1795 606//606
f 1795//1795 608//608 1963//1963
f 1794//1794 1795//1795 1963//1963
f 1862//1862 315//315 316//316
f 1951//1951 1975//1975 625//625
f 596//596 626//626 597//597
f 1988//1988 1990//1990 1991//1991
f 2078//2078 1996//1996 1635//1635
f 2016//2016 2015//2015 2014//2014
f 2080//2080 2079//2079 2039//2039
f 2081//2081 2019//2019 2020//2020
f 324//324 2082//2082 325//325
f 2083//2083 392//392 2040//2040
f 2008//2008 2055//2055 1891//1891
f 2077//2077 2076//2076 2083//2083
f 1965//1965 2055//2055 2056//2056
f 2085//2085 2040//2040 2084//2084
f 2086//2086 2085//2085 2084//2084
f 2088//2088 2087//2087 1977//1977
f 1977//1977 2087//2087 1993//1993
f 326//326 597//597 626//626
f 327//327 2083//2083 2076//2076
f 2076//2076 597//597 327//327
f 2083//2083 327//327 392//392
f 2087//2087 392//392 393//393
f 2087//2087 393//393 1993//1993
f 2018//2018 2089//2089 2031//2031
f 1951//1951 626//626 2090//2090
f 2090//2090 2091//2091 1951//1951
f 2039//2039 392//392 2087//2087
f 1921//1921 325//325 2082//2082
f 2092//2092 2089//2089 2018//2018
f 2095//2095 2094//2094 2093//2093
f 1965//1965 1891//1891 2055//2055
f 2039//2039 2084//2084 2040//2040
f 2094//2094 1857//1857 2093//2093
f 2098//2098 2097//2097 2096//2096
f 2084//2084 2099//2099 2086//2086
f 349//349 1528//1528 2100//2100
f 2101//2101 1834//1834 1833//1833
f 2053//2053 2102//2102 544//544
f 544//544 2102//2102 593//593
f 675//675 553//553 554//554
f 1860//1860 1538//1538 1508//1508
f 2105//2105 2104//2104 2103//2103
f 1539//1539 1448//1448 2106//2106
f 2106//2106 1537//1537 1539//1539
f 2107//2107 1958//1958 1814//1814
f 2109//2109 2108//2108 1772//1772
f 2110//2110 539//539 2027//2027
f 2112//2112 1873//1873 2111//2111
f 1994//1994 2093//2093 1857//1857
f 2027//2027 539//539 2025//2025
f 2113//2113 2031//2031 2089//2089
f 1880//1880 1878//1878 2114//2114
f 1792//1792 1606//1606 2115//2115
f 2064//2064 2065//2065 2116//2116
f 2111//2111 1879//1879 1880//1880
f 1961//1961 2117//2117 1962//1962
f 1859//1859 1858//1858 2118//2118
f 1881//1881 1520//1520 2119//2119
f 1878//1878 1879//1879 1844//1844
f 2000//2000 1879//1879 2111//2111
f 281//281 2004//2004 283//283
f 2004//2004 281//281 1885//1885
f 1923//1923 1926//1926 1925//1925
f 554//554 552//552 2120//2120
f 1606//1606 1792//1792 1608//1608
f 1791//1791 1859//1859 1608//1608
f 1859//1859 1791//1791 1994//1994
f 2122//2122 2121//2121 310//310
f 1606//1606 2121//2121 2122//2122
f 2123//2123 2124//2124 2125//2125
f 2126//2126 2127//2127 1927//1927
f 2078//2078 320//320 1996//1996
f 2128//2128 2129//2129 2130//2130
f 2052//2052 2132//2132 2131//2131
f 2135//2135 2134//2134 2133//2133
f 2136//2136 2137//2137 2123//2123
f 2138//2138 2139//2139 1530//1530
f 982//982 345//345 1370//1370
f 554//554 2120//2120 2140//2140
f 343//343 2140//2140 2141//2141
f 2144//2144 2143//2143 2142//2142
f 2133//2133 2145//2145 2135//2135
f 1881//1881 1843//1843 1845//1845
f 541//541 542//542 2146//2146
f 342//342 357//357 359//359
f 2149//2149 2148//2148 2147//2147
f 2152//2152 2151//2151 2150//2150
f 2133//2133 2134//2134 2120//2120
f 2142//2142 2143//2143 427//427
f 675//675 2153//2153 553//553
f 2154//2154 411//411 367//367
f 552//552 553//553 2155//2155
f 1915//1915 2156//2156 2157//2157
f 341//341 342//342 359//359
f 309//309 341//341 359//359
f 18//18 2158//2158 2159//2159
f 113//113 410//410 111//111
f 2153//2153 675//675 1922//1922
f 2053//2053 2160//2160 2082//2082
f 2129//2129 2127//2127 2161//2161
f 410//410 113//113 395//395
f 1247//1247 1245//1245 2162//2162
f 675//675 554//554 308//308
f 324//324 323//323 2102//2102
f 2102//2102 2053//2053 324//324
f 438//438 437//437 2163//2163
f 2133//2133 2155//2155 2145//2145
f 2164//2164 2120//2120 2134//2134
f 2167//2167 2166//2166 2165//2165
f 1518//1518 2168//2168 1517//1517
f 2169//2169 2170//2170 2171//2171
f 554//554 2140//2140 308//308
f 2172//2172 2173//2173 2174//2174
f 2144//2144 2176//2176 2175//2175
f 2179//2179 2178//2178 2177//2177
f 2182//2182 2181//2181 2180//2180
f 2114//2114 1878//1878 2183//2183
f 2184//2184 2185//2185 2186//2186
f 1965//1965 2056//2056 58//58
f 1489//1489 2100//2100 1488//1488
f 2176//2176 2144//2144 2142//2142
f 2124//2124 2187//2187 2125//2125
f 2188//2188 2130//2130 2124//2124
f 2189//2189 2190//2190 453//453
f 2192//2192 423//423 2191//2191
f 1380//1380 1426//1426 1348//1348
f 2194//2194 112//112 2193//2193
f 531//531 445//445 446//446
f 2187//2187 2130//2130 2129//2129
f 436//436 2195//2195 437//437
f 437//437 2195//2195 2196//2196
f 369//369 381//381 370//370
f 2198//2198 2197//2197 2159//2159
f 396//396 2180//2180 2181//2181
f 2200//2200 2158//2158 2199//2199
f 112//112 311//311 2149//2149
f 502//502 410//410 395//395
f 2175//2175 2201//2201 2144//2144
f 2202//2202 403//403 2203//2203
f 2206//2206 2205//2205 2204//2204
f 2207//2207 1519//1519 1517//1517
f 2202//2202 2158//2158 18//18
f 444//444 443//443 2208//2208
f 2209//2209 1518//1518 494//494
f 2171//2171 494//494 2169//2169
f 160//160 2169//2169 494//494
f 1455//1455 1484//1484 1456//1456
f 376//376 377//377 2210//2210
f 2209//2209 2168//2168 1518//1518
f 2211//2211 1482//1482 1502//1502
f 2171//2171 2212//2212 2209//2209
f 2213//2213 287//287 288//288
f 2214//2214 494//494 1518//1518
f 2217//2217 2216//2216 2215//2215
f 2218//2218 2219//2219 2220//2220
f 2175//2175 2176//2176 2191//2191
f 2175//2175 2191//2191 423//423
f 1954//1954 1952//1952 442//442
f 2166//2166 2182//2182 2221//2221
f 2222//2222 1458//1458 366//366
f 358//358 397//397 2223//2223
f 287//287 2224//2224 2225//2225
f 2226//2226 2137//2137 2136//2136
f 2148//2148 2192//2192 2227//2227
f 2136//2136 2228//2228 288//288
f 2226//2226 2136//2136 288//288
f 2231//2231 2230//2230 2229//2229
f 288//288 2228//2228 2213//2213
f 2232//2232 2233//2233 2234//2234
f 2169//2169 2235//2235 2170//2170
f 2171//2171 2236//2236 2212//2212
f 1508//1508 346//346 2237//2237
f 2237//2237 346//346 1483//1483
f 346//346 1369//1369 345//345
f 436//436 2238//2238 2195//2195
f 2236//2236 2171//2171 2170//2170
f 2239//2239 389//389 2240//2240
f 2224//2224 2241//2241 2225//2225
f 453//453 454//454 2189//2189
f 1529//1529 2242//2242 1530//1530
f 2242//2242 1529//1529 2243//2243
f 2209//2209 494//494 2171//2171
f 2168//2168 2209//2209 2165//2165
f 2244//2244 2245//2245 2246//2246
f 2249//2249 2248//2248 2247//2247
f 2165//2165 2166//2166 2168//2168
f 2250//2250 2168//2168 2166//2166
f 2236//2236 2251//2251 2212//2212
f 2250//2250 1517//1517 2168//2168
f 2254//2254 2253//2253 2252//2252
f 2255//2255 2256//2256 2257//2257
f 351//351 2258//2258 1507//1507
f 1861//1861 2259//2259 204//204
f 2261//2261 2135//2135 2260//2260
f 1519//1519 2262//2262 329//329
f 2264//2264 2263//2263 2154//2154
f 2224//2224 2213//2213 2265//2265
f 161//161 2266//2266 159//159
f 1510//1510 1512//1512 2267//2267
f 2268//2268 1467//1467 2269//2269
f 351//351 1507//1507 407//407
f 407//407 353//353 351//351
f 2270//2270 1687//1687 1507//1507
f 2271//2271 1687//1687 2270//2270
f 160//160 159//159 1516//1516
f 2170//2170 2235//2235 2272//2272
f 408//408 407//407 1686//1686
f 2265//2265 2274//2274 2273//2273
f 2273//2273 2224//2224 2265//2265
f 2273//2273 2262//2262 2207//2207
f 2275//2275 1371//1371 1470//1470
f 1438//1438 2275//2275 1470//1470
f 161//161 330//330 331//331
f 331//331 2266//2266 161//161
f 2276//2276 1530//1530 2242//2242
f 2279//2279 2278//2278 2277//2277
f 2190//2190 2280//2280 2281//2281
f 2189//2189 2282//2282 2190//2190
f 2283//2283 2282//2282 2189//2189
f 2235//2235 1511//1511 2284//2284
f 2283//2283 1511//1511 1510//1510
f 408//408 2282//2282 353//353
f 2222//2222 2285//2285 1458//1458
f 1861//1861 2228//2228 2259//2259
f 370//370 381//381 360//360
f 353//353 1510//1510 352//352
f 1476//1476 1495//1495 2286//2286
f 2288//2288 1454//1454 2287//2287
f 1476//1476 1376//1376 1480//1480
f 2185//2185 2289//2289 2142//2142
f 2290//2290 2291//2291 382//382
f 2292//2292 16//16 17//17
f 983//983 1376//1376 1502//1502
f 1477//1477 1478//1478 1484//1484
f 1461//1461 1456//1456 1484//1484
f 2210//2210 377//377 2177//2177
f 1860//1860 1479//1479 1538//1538
f 1860//1860 204//204 1479//1479
f 2293//2293 2294//2294 2295//2295
f 390//390 2239//2239 2296//2296
f 2298//2298 2217//2217 2297//2297
f 2299//2299 2288//2288 1509//1509
f 2300//2300 2288//2288 2299//2299
f 2269//2269 1452//1452 2211//2211
f 488//488 489//489 2301//2301
f 2304//2304 2303//2303 2302//2302
f 465//465 356//356 2245//2245
f 2306//2306 2264//2264 2305//2305
f 2307//2307 2288//2288 2287//2287
f 2304//2304 2308//2308 2303//2303
f 2309//2309 2216//2216 2298//2298
f 2298//2298 2216//2216 2217//2217
f 2222//2222 411//411 2285//2285
f 2312//2312 2311//2311 2310//2310
f 2312//2312 2313//2313 2311//2311
f 2316//2316 2315//2315 2314//2314
f 1452//1452 2269//2269 1453//1453
f 366//366 367//367 2222//2222
f 2297//2297 1469//1469 1509//1509
f 2307//2307 2302//2302 2317//2317
f 2297//2297 2288//2288 2317//2317
f 2307//2307 2317//2317 2288//2288
f 2317//2317 2302//2302 2318//2318
f 2318//2318 2319//2319 2320//2320
f 2321//2321 2201//2201 2175//2175
f 2322//2322 533//533 532//532
f 532//532 2306//2306 2322//2322
f 2100//2100 348//348 349//349
f 2306//2306 2263//2263 2264//2264
f 2322//2322 2323//2323 2324//2324
f 1459//1459 1457//1457 2216//2216
f 178//178 2215//2215 177//177
f 1453//1453 2215//2215 178//178
f 2325//2325 2227//2227 2192//2192
f 2326//2326 2227//2227 2325//2325
f 2327//2327 382//382 369//369
f 2329//2329 2328//2328 368//368
f 369//369 349//349 350//350
f 371//371 349//349 369//369
f 1489//1489 2285//2285 2100//2100
f 2284//2284 1511//1511 2283//2283
f 2283//2283 2189//2189 2284//2284
f 2165//2165 2330//2330 2167//2167
f 2331//2331 2226//2226 289//289
f 2213//2213 2228//2228 2265//2265
f 2213//2213 2224//2224 287//287
f 2129//2129 2332//2332 2187//2187
f 1457//1457 179//179 177//177
f 1458//1458 179//179 1457//1457
f 372//372 2333//2333 374//374
f 2334//2334 1467//1467 1469//1469
f 1469//1469 2297//2297 2334//2334
f 2242//2242 2335//2335 2276//2276
f 368//368 2264//2264 367//367
f 2336//2336 2337//2337 533//533
f 531//531 533//533 2337//2337
f 2216//2216 1457//1457 177//177
f 2220//2220 2219//2219 2338//2338
f 361//361 2340//2340 2339//2339
f 2216//2216 2329//2329 1459//1459
f 348//348 2100//2100 2285//2285
f 2263//2263 2306//2306 2290//2290
f 2296//2296 2341//2341 390//390
f 2342//2342 615//615 614//614
f 2343//2343 541//541 2344//2344
f 2345//2345 2277//2277 2346//2346
f 2347//2347 2346//2346 2277//2277
f 2180//2180 396//396 2348//2348
f 2349//2349 2180//2180 2348//2348
f 2276//2276 2335//2335 2314//2314
f 479//479 480//480 2350//2350
f 2351//2351 1125//1125 1127//1127
f 2352//2352 2353//2353 2354//2354
f 2356//2356 2355//2355 2276//2276
f 2357//2357 2358//2358 513//513
f 2357//2357 513//513 2359//2359
f 2360//2360 2341//2341 2296//2296
f 389//389 2361//2361 2240//2240
f 2364//2364 2363//2363 2362//2362
f 376//376 2210//2210 2365//2365
f 2365//2365 2366//2366 2367//2367
f 2368//2368 2369//2369 2370//2370
f 2347//2347 2277//2277 2278//2278
f 2278//2278 2371//2371 2347//2347
f 2371//2371 2278//2278 373//373
f 373//373 374//374 2371//2371
f 375//375 447//447 2372//2372
f 2373//2373 2367//2367 2374//2374
f 458//458 460//460 2281//2281
f 2034//2034 2024//2024 2033//2033
f 2375//2375 2346//2346 2347//2347
f 2376//2376 2377//2377 2378//2378
f 2379//2379 355//355 465//465
f 2380//2380 2381//2381 2382//2382
f 2243//2243 370//370 360//360
f 2383//2383 2346//2346 2218//2218
f 2375//2375 2384//2384 2218//2218
f 2208//2208 443//443 2385//2385
f 2367//2367 2366//2366 2386//2386
f 2376//2376 2255//2255 2257//2257
f 2347//2347 2387//2387 2375//2375
f 1546//1546 163//163 1373//1373
f 381//381 362//362 360//360
f 2340//2340 2388//2388 2339//2339
f 2389//2389 2390//2390 2391//2391
f 2311//2311 2392//2392 2310//2310
f 2243//2243 360//360 2393//2393
f 2387//2387 2385//2385 2394//2394
f 2278//2278 2279//2279 2395//2395
f 178//178 179//179 1458//1458
f 178//178 1458//1458 1452//1452
f 2396//2396 2397//2397 2398//2398
f 1389//1389 1392//1392 1493//1493
f 390//390 389//389 2239//2239
f 2399//2399 362//362 381//381
f 2401//2401 2400//2400 496//496
f 2389//2389 2391//2391 2402//2402
f 2394//2394 2385//2385 443//443
f 2403//2403 372//372 373//373
f 2278//2278 2395//2395 373//373
f 2322//2322 2306//2306 2305//2305
f 2385//2385 2347//2347 2371//2371
f 2347//2347 2385//2385 2387//2387
f 2404//2404 2352//2352 2390//2390
f 2407//2407 2406//2406 2405//2405
f 355//355 2379//2379 2408//2408
f 2410//2410 2409//2409 2280//2280
f 2395//2395 2279//2279 2411//2411
f 2409//2409 2281//2281 2280//2280
f 2413//2413 2412//2412 2360//2360
f 458//458 2281//2281 2409//2409
f 2413//2413 2239//2239 2414//2414
f 1530//1530 2139//2139 1528//1528
f 2375//2375 2387//2387 2415//2415
f 2394//2394 2415//2415 2387//2387
f 2384//2384 2375//2375 2415//2415
f 465//465 2245//2245 2240//2240
f 507//507 2417//2417 2416//2416
f 16//16 2417//2417 507//507
f 2418//2418 2419//2419 2420//2420
f 2421//2421 1953//1953 1954//1954
f 2240//2240 2414//2414 2239//2239
f 2424//2424 2423//2423 2422//2422
f 2159//2159 2200//2200 2198//2198
f 2425//2425 2426//2426 2427//2427
f 2429//2429 2198//2198 2428//2428
f 453//453 2430//2430 2419//2419
f 2419//2419 2430//2430 2431//2431
f 453//453 2190//2190 2430//2430
f 2316//2316 2363//2363 2364//2364
f 111//111 2432//2432 311//311
f 465//465 2240//2240 2433//2433
f 448//448 375//375 376//376
f 2163//2163 2434//2434 2435//2435
f 2356//2356 2276//2276 2314//2314
f 2431//2431 2420//2420 2419//2419
f 2340//2340 361//361 362//362
f 2346//2346 2375//2375 2218//2218
f 2434//2434 2357//2357 2435//2435
f 2413//2413 2360//2360 2296//2296
f 2296//2296 2239//2239 2413//2413
f 2437//2437 2248//2248 2436//2436
f 2440//2440 2439//2439 2438//2438
f 2441//2441 2440//2440 2438//2438
f 522//522 475//475 2442//2442
f 522//522 2442//2442 2443//2443
f 2444//2444 507//507 2416//2416
f 2235//2235 2169//2169 160//160
f 2445//2445 2446//2446 2267//2267
f 2235//2235 1516//1516 1511//1511
f 2223//2223 113//113 2447//2447
f 2448//2448 2444//2444 2449//2449
f 935//935 937//937 2450//2450
f 452//452 453//453 2419//2419
f 408//408 2410//2410 2280//2280
f 2410//2410 2451//2451 2409//2409
f 2454//2454 2453//2453 2452//2452
f 2456//2456 2455//2455 2196//2196
f 2457//2457 2292//2292 17//17
f 2241//2241 2250//2250 2225//2225
f 2458//2458 2372//2372 447//447
f 409//409 2065//2065 111//111
f 2459//2459 2181//2181 2167//2167
f 2459//2459 2460//2460 2181//2181
f 2202//2202 2460//2460 2459//2459
f 2198//2198 2251//2251 2236//2236
f 429//429 2144//2144 2201//2201
f 429//429 2201//2201 2461//2461
f 426//426 2462//2462 442//442
f 1686//1686 2410//2410 408//408
f 2464//2464 2463//2463 412//412
f 2465//2465 2466//2466 403//403
f 2124//2124 2130//2130 2187//2187
f 2386//2386 2468//2468 2467//2467
f 2134//2134 2469//2469 2164//2164
f 112//112 2149//2149 2193//2193
f 2470//2470 401//401 403//403
f 403//403 2202//2202 2470//2470
f 441//441 401//401 2470//2470
f 511//511 2471//2471 2472//2472
f 511//511 2472//2472 2473//2473
f 412//412 2463//2463 421//421
f 2464//2464 412//412 413//413
f 535//535 442//442 1952//1952
f 1952//1952 534//534 535//535
f 2151//2151 2453//2453 2150//2150
f 401//401 2438//2438 402//402
f 2434//2434 2358//2358 2357//2357
f 1952//1952 1953//1953 2474//2474
f 2474//2474 534//534 1952//1952
f 2475//2475 2178//2178 2476//2476
f 2292//2292 2477//2477 438//438
f 536//536 2449//2449 2478//2478
f 2066//2066 2064//2064 2479//2479
f 2440//2440 534//534 2474//2474
f 2481//2481 2476//2476 2480//2480
f 2482//2482 2481//2481 2480//2480
f 2480//2480 2178//2178 2179//2179
f 2178//2178 2480//2480 2476//2476
f 2238//2238 436//436 2483//2483
f 2238//2238 2360//2360 2195//2195
f 2372//2372 2458//2458 2152//2152
f 2469//2469 2349//2349 2164//2164
f 2198//2198 2200//2200 2251//2251
f 2203//2203 2460//2460 2202//2202
f 2262//2262 2273//2273 2274//2274
f 2484//2484 2260//2260 2225//2225
f 2250//2250 2484//2484 2225//2225
f 2485//2485 2486//2486 2372//2372
f 2486//2486 377//377 375//375
f 444//444 2208//2208 2487//2487
f 2116//2116 2065//2065 409//409
f 373//373 2411//2411 2403//2403
f 2456//2456 2488//2488 2471//2471
f 2413//2413 2414//2414 2489//2489
f 448//448 2373//2373 2490//2490
f 376//376 2373//2373 448//448
f 2301//2301 2491//2491 355//355
f 2395//2395 2411//2411 373//373
f 2492//2492 2493//2493 431//431
f 432//432 431//431 2493//2493
f 2494//2494 2495//2495 2496//2496
f 448//448 2490//2490 2497//2497
f 448//448 2497//2497 447//447
f 375//375 2372//2372 2486//2486
f 488//488 2301//2301 2498//2498
f 2449//2449 2441//2441 2448//2448
f 422//422 423//423 2192//2192
f 2490//2490 2499//2499 2497//2497
f 421//421 2500//2500 423//423
f 2503//2503 2502//2502 2501//2501
f 2504//2504 2505//2505 2506//2506
f 2507//2507 2508//2508 2509//2509
f 2510//2510 2509//2509 2508//2508
f 2374//2374 2386//2386 2467//2467
f 2374//2374 2467//2467 2499//2499
f 2512//2512 481//481 2511//2511
f 2500//2500 421//421 2454//2454
f 2513//2513 2205//2205 2206//2206
f 2516//2516 2515//2515 2514//2514
f 2206//2206 2517//2517 2495//2495
f 2208//2208 2385//2385 2371//2371
f 374//374 2208//2208 2371//2371
f 2383//2383 2518//2518 2345//2345
f 607//607 2016//2016 608//608
f 608//608 2016//2016 1887//1887
f 629//629 2519//2519 2510//2510
f 468//468 2520//2520 466//466
f 477//477 476//476 509//509
f 2521//2521 2508//2508 2507//2507
f 538//538 2522//2522 527//527
f 2524//2524 2523//2523 2520//2520
f 2116//2116 409//409 2465//2465
f 2439//2439 2116//2116 2465//2465
f 2179//2179 2479//2479 2525//2525
f 2471//2471 511//511 2358//2358
f 2455//2455 2471//2471 2358//2358
f 2471//2471 2455//2455 2456//2456
f 2434//2434 2455//2455 2358//2358
f 2434//2434 2163//2163 2455//2455
f 2522//2522 538//538 537//537
f 2191//2191 2176//2176 2325//2325
f 2527//2527 473//473 2526//2526
f 536//536 2478//2478 535//535
f 2460//2460 396//396 2181//2181
f 2449//2449 2528//2528 2478//2478
f 2529//2529 2503//2503 2501//2501
f 511//511 513//513 2358//2358
f 2530//2530 520//520 2531//2531
f 2534//2534 2533//2533 2532//2532
f 2348//2348 396//396 397//397
f 2536//2536 405//405 2535//2535
f 2052//2052 545//545 594//594
f 1876//1876 2110//2110 2186//2186
f 2186//2186 2110//2110 2027//2027
f 2539//2539 2538//2538 2537//2537
f 2540//2540 1465//1465 1464//1464
f 337//337 561//561 335//335
f 2541//2541 399//399 398//398
f 2544//2544 2543//2543 2542//2542
f 18//18 441//441 2470//2470
f 2202//2202 18//18 2470//2470
f 2159//2159 17//17 18//18
f 495//495 2381//2381 2545//2545
f 498//498 472//472 2528//2528
f 2528//2528 2449//2449 498//498
f 2546//2546 2547//2547 2548//2548
f 2549//2549 336//336 335//335
f 2552//2552 2551//2551 2550//2550
f 2159//2159 2158//2158 2200//2200
f 2377//2377 2553//2553 2096//2096
f 2369//2369 337//337 336//336
f 2554//2554 337//337 2369//2369
f 503//503 337//337 2554//2554
f 512//512 2555//2555 513//513
f 2557//2557 2554//2554 2556//2556
f 2557//2557 503//503 2554//2554
f 2558//2558 503//503 2557//2557
f 2526//2526 2560//2560 2559//2559
f 2501//2501 2369//2369 336//336
f 2501//2501 2502//2502 2369//2369
f 2561//2561 2502//2502 2503//2503
f 401//401 508//508 2448//2448
f 401//401 2448//2448 2438//2438
f 2444//2444 508//508 507//507
f 2199//2199 2158//2158 2459//2459
f 2459//2459 2158//2158 2202//2202
f 2376//2376 2378//2378 2562//2562
f 2562//2562 2255//2255 2376//2376
f 433//433 2560//2560 2526//2526
f 2526//2526 2563//2563 433//433
f 499//499 945//945 946//946
f 945//945 499//499 869//869
f 958//958 904//904 960//960
f 2565//2565 2564//2564 434//434
f 2520//2520 472//472 473//473
f 2566//2566 2493//2493 2562//2562
f 2488//2488 2472//2472 2471//2471
f 355//355 2408//2408 2301//2301
f 2567//2567 2568//2568 2569//2569
f 2336//2336 2570//2570 2337//2337
f 496//496 497//497 518//518
f 496//496 518//518 2401//2401
f 1129//1129 2351//2351 1130//1130
f 2338//2338 2219//2219 2571//2571
f 2572//2572 2256//2256 2492//2492
f 2574//2574 1038//1038 2573//2573
f 2576//2576 2575//2575 2146//2146
f 2577//2577 2400//2400 2401//2401
f 2256//2256 2572//2572 2257//2257
f 2578//2578 2498//2498 2234//2234
f 2547//2547 354//354 2579//2579
f 2512//2512 2511//2511 2467//2467
f 469//469 470//470 415//415
f 2580//2580 2177//2177 377//377
f 2580//2580 377//377 2486//2486
f 2498//2498 2301//2301 2408//2408
f 2581//2581 462//462 461//461
f 2392//2392 2311//2311 380//380
f 2582//2582 2097//2097 2098//2098
f 2417//2417 2357//2357 2359//2359
f 2583//2583 2548//2548 2579//2579
f 2538//2538 2568//2568 2537//2537
f 496//496 2585//2585 2584//2584
f 2585//2585 496//496 2400//2400
f 2546//2546 2587//2587 2586//2586
f 2546//2546 2586//2586 2588//2588
f 2589//2589 2588//2588 2586//2586
f 2377//2377 2556//2556 2553//2553
f 2590//2590 2279//2279 2345//2345
f 2518//2518 2590//2590 2345//2345
f 2547//2547 2579//2579 2548//2548
f 2378//2378 2586//2586 2562//2562
f 489//489 2491//2491 2301//2301
f 2591//2591 2592//2592 2593//2593
f 2593//2593 2592//2592 2594//2594
f 2568//2568 2538//2538 2569//2569
f 2317//2317 2595//2595 2297//2297
f 565//565 2597//2597 2596//2596
f 2378//2378 2589//2589 2586//2586
f 2376//2376 2257//2257 2556//2556
f 2218//2218 2384//2384 2219//2219
f 489//489 2583//2583 2491//2491
f 2220//2220 2599//2599 2598//2598
f 2232//2232 2234//2234 2498//2498
f 2232//2232 2498//2498 2408//2408
f 488//488 2600//2600 490//490
f 2496//2496 2386//2386 2366//2366
f 2582//2582 2247//2247 2601//2601
f 2602//2602 484//484 486//486
f 488//488 2498//2498 2578//2578
f 1460//1460 974//974 2603//2603
f 2604//2604 2583//2583 490//490
f 490//490 2583//2583 489//489
f 2600//2600 2569//2569 2538//2538
f 2600//2600 488//488 2578//2578
f 2605//2605 2600//2600 2578//2578
f 2606//2606 2593//2593 2594//2594
f 2606//2606 2607//2607 2608//2608
f 2611//2611 2610//2610 2609//2609
f 2610//2610 2611//2611 2612//2612
f 2499//2499 481//481 2613//2613
f 2499//2499 2613//2613 2497//2497
f 480//480 481//481 2512//2512
f 2240//2240 2244//2244 2414//2414
f 2245//2245 2244//2244 2240//2240
f 354//354 2547//2547 530//530
f 2604//2604 2614//2614 2548//2548
f 2614//2614 2604//2604 2539//2539
f 389//389 391//391 2615//2615
f 2588//2588 2616//2616 2547//2547
f 2546//2546 2588//2588 2547//2547
f 2547//2547 2616//2616 530//530
f 2617//2617 2249//2249 2618//2618
f 2556//2556 2377//2377 2376//2376
f 2593//2593 2518//2518 2591//2591
f 2345//2345 2346//2346 2383//2383
f 2489//2489 2414//2414 2244//2244
f 2499//2499 2490//2490 2374//2374
f 2583//2583 2604//2604 2548//2548
f 2569//2569 2600//2600 2605//2605
f 2594//2594 2607//2607 2606//2606
f 2377//2377 2097//2097 2589//2589
f 2097//2097 2582//2582 2616//2616
f 2616//2616 2582//2582 2601//2601
f 2096//2096 2368//2368 2619//2619
f 2620//2620 2605//2605 2578//2578
f 2538//2538 490//490 2600//2600
f 994//994 992//992 1001//1001
f 1001//1001 107//107 994//994
f 2621//2621 518//518 497//497
f 2622//2622 431//431 2623//2623
f 2390//2390 2352//2352 2624//2624
f 2626//2626 2625//2625 2621//2621
f 2493//2493 2492//2492 2256//2256
f 2493//2493 2256//2256 2255//2255
f 2255//2255 2562//2562 2493//2493
f 2628//2628 2627//2627 417//417
f 1460//1460 2603//2603 2308//2308
f 2308//2308 2603//2603 2629//2629
f 497//497 2630//2630 2621//2621
f 517//517 519//519 2612//2612
f 2632//2632 2629//2629 2631//2631
f 470//470 471//471 2633//2633
f 415//415 999//999 469//469
f 2534//2534 2063//2063 2533//2533
f 2634//2634 2568//2568 2567//2567
f 1128//1128 974//974 972//972
f 2635//2635 2636//2636 2637//2637
f 1531//1531 2639//2639 2638//2638
f 1146//1146 2639//2639 1531//1531
f 2607//2607 2640//2640 517//517
f 2577//2577 2401//2401 2640//2640
f 2577//2577 2640//2640 2594//2594
f 2398//2398 2397//2397 2353//2353
f 2397//2397 2354//2354 2353//2353
f 430//430 2641//2641 2504//2504
f 2623//2623 430//430 2504//2504
f 2380//2380 2643//2643 2642//2642
f 2645//2645 2532//2532 2644//2644
f 114//114 986//986 2646//2646
f 2647//2647 2648//2648 2529//2529
f 2390//2390 2624//2624 2391//2391
f 2391//2391 430//430 432//432
f 430//430 2624//2624 2641//2641
f 2391//2391 2624//2624 430//430
f 2636//2636 2626//2626 2649//2649
f 2626//2626 2636//2636 2635//2635
f 335//335 2650//2650 2549//2549
f 560//560 2650//2650 335//335
f 1055//1055 999//999 456//456
f 456//456 999//999 2651//2651
f 457//457 456//456 2651//2651
f 2652//2652 2636//2636 2649//2649
f 2653//2653 2642//2642 469//469
f 2655//2655 2654//2654 2205//2205
f 2652//2652 2656//2656 2636//2636
f 2657//2657 2637//2637 2656//2656
f 2636//2636 2656//2656 2637//2637
f 363//363 1000//1000 2658//2658
f 2659//2659 2660//2660 2661//2661
f 2662//2662 2663//2663 2664//2664
f 2666//2666 2665//2665 515//515
f 2667//2667 2668//2668 2669//2669
f 1011//1011 1123//1123 987//987
f 976//976 1106//1106 977//977
f 2400//2400 2671//2671 2670//2670
f 2673//2673 2581//2581 2672//2672
f 2672//2672 2674//2674 2673//2673
f 2675//2675 1127//1127 2628//2628
f 2676//2676 2632//2632 2631//2631
f 2677//2677 2659//2659 2678//2678
f 992//992 2679//2679 1001//1001
f 1150//1150 147//147 244//244
f 2649//2649 2680//2680 2652//2652
f 2640//2640 2607//2607 2594//2594
f 2401//2401 517//517 2640//2640
f 999//999 998//998 2651//2651
f 2632//2632 2670//2670 2629//2629
f 2651//2651 998//998 2681//2681
f 464//464 1140//1140 461//461
f 995//995 1140//1140 464//464
f 2683//2683 2682//2682 1492//1492
f 2682//2682 2683//2683 487//487
f 2380//2380 2545//2545 2381//2381
f 2400//2400 2670//2670 2585//2585
f 2577//2577 2599//2599 2671//2671
f 2598//2598 2599//2599 2592//2592
f 2383//2383 2218//2218 2598//2598
f 1385//1385 2574//2574 2573//2573
f 1127//1127 2675//2675 1130//1130
f 1130//1130 2351//2351 1127//1127
f 2684//2684 2340//2340 362//362
f 2684//2684 362//362 2399//2399
f 1140//1140 995//995 2685//2685
f 2686//2686 2685//2685 2687//2687
f 2687//2687 2685//2685 493//493
f 493//493 491//491 2687//2687
f 87//87 1000//1000 85//85
f 1000//1000 107//107 1001//1001
f 107//107 1000//1000 363//363
f 105//105 106//106 2688//2688
f 992//992 993//993 2651//2651
f 2670//2670 2632//2632 2585//2585
f 462//462 2581//2581 2689//2689
f 2689//2689 2690//2690 462//462
f 2689//2689 2581//2581 2673//2673
f 245//245 977//977 2691//2691
f 1127//1127 2627//2627 2628//2628
f 2681//2681 992//992 2651//2651
f 2663//2663 2692//2692 2664//2664
f 2693//2693 106//106 365//365
f 2668//2668 2666//2666 515//515
f 514//514 2694//2694 515//515
f 106//106 2695//2695 2688//2688
f 2695//2695 106//106 2693//2693
f 2697//2697 2696//2696 936//936
f 2596//2596 2698//2698 2699//2699
f 2702//2702 2701//2701 2700//2700
f 2663//2663 2669//2669 2692//2692
f 1042//1042 1043//1043 2690//2690
f 2705//2705 2704//2704 2703//2703
f 470//470 2633//2633 416//416
f 2642//2642 2652//2652 2680//2680
f 2381//2381 2584//2584 2676//2676
f 2706//2706 1074//1074 1073//1073
f 2707//2707 2694//2694 514//514
f 495//495 2584//2584 2381//2381
f 457//457 2662//2662 455//455
f 2662//2662 457//457 2663//2663
f 2651//2651 2663//2663 457//457
f 993//993 2663//2663 2651//2651
f 1140//1140 2685//2685 2708//2708
f 2685//2685 995//995 493//493
f 432//432 2402//2402 2391//2391
f 1781//1781 2648//2648 2709//2709
f 2505//2505 2710//2710 2506//2506
f 2711//2711 2686//2686 2712//2712
f 2685//2685 2686//2686 2711//2711
f 401//401 441//441 508//508
f 16//16 508//508 441//441
f 2417//2417 16//16 2435//2435
f 1043//1043 1044//1044 1003//1003
f 516//516 2714//2714 2713//2713
f 510//510 2559//2559 2560//2560
f 2716//2716 2715//2715 2686//2686
f 2715//2715 2716//2716 1145//1145
f 560//560 2717//2717 2718//2718
f 2719//2719 2720//2720 1146//1146
f 2721//2721 946//946 963//963
f 963//963 946//946 944//944
f 2722//2722 2723//2723 2724//2724
f 2722//2722 2725//2725 2723//2723
f 2726//2726 2727//2727 2728//2728
f 2555//2555 512//512 2729//2729
f 400//400 2730//2730 560//560
f 2561//2561 2369//2369 2502//2502
f 2731//2731 2732//2732 2733//2733
f 2243//2243 1529//1529 370//370
f 2283//2283 1510//1510 2282//2282
f 2734//2734 2735//2735 2736//2736
f 927//927 2723//2723 2737//2737
f 1894//1894 1892//1892 2738//2738
f 2435//2435 16//16 2292//2292
f 2697//2697 1892//1892 2739//2739
f 2717//2717 2552//2552 2740//2740
f 1781//1781 2709//2709 2741//2741
f 400//400 560//560 504//504
f 1783//1783 510//510 2560//2560
f 2742//2742 936//936 935//935
f 2704//2704 2743//2743 2703//2703
f 2744//2744 2739//2739 2745//2745
f 2697//2697 2739//2739 2744//2744
f 2369//2369 2561//2561 2370//2370
f 2444//2444 2448//2448 508//508
f 2707//2707 514//514 2505//2505
f 466//466 476//476 475//475
f 2747//2747 2746//2746 935//935
f 935//935 2746//2746 2742//2742
f 2730//2730 399//399 2748//2748
f 2369//2369 2368//2368 2554//2554
f 510//510 1783//1783 509//509
f 398//398 2749//2749 2541//2541
f 2752//2752 2751//2751 2750//2750
f 2734//2734 2753//2753 2735//2735
f 509//509 1783//1783 2754//2754
f 2754//2754 1783//1783 2755//2755
f 510//510 476//476 2559//2559
f 1782//1782 1783//1783 2560//2560
f 2758//2758 2757//2757 2756//2756
f 2730//2730 2717//2717 560//560
f 591//591 2759//2759 2731//2731
f 2759//2759 591//591 2760//2760
f 2749//2749 506//506 2761//2761
f 2492//2492 2622//2622 2572//2572
f 2710//2710 2572//2572 2622//2622
f 2492//2492 431//431 2622//2622
f 2762//2762 2763//2763 2764//2764
f 2572//2572 2765//2765 2257//2257
f 2257//2257 2765//2765 2557//2557
f 2556//2556 2257//2257 2557//2557
f 2557//2557 2765//2765 2558//2558
f 2568//2568 2766//2766 2537//2537
f 2537//2537 2766//2766 2389//2389
f 2390//2390 2389//2389 2766//2766
f 505//505 503//503 2558//2558
f 2767//2767 2744//2744 2541//2541
f 506//506 505//505 2761//2761
f 2623//2623 431//431 430//430
f 2763//2763 2762//2762 2718//2718
f 2768//2768 2717//2717 2730//2730
f 2763//2763 2769//2769 2764//2764
f 2565//2565 2770//2770 2529//2529
f 2504//2504 2707//2707 2505//2505
f 2764//2764 2769//2769 2771//2771
f 2772//2772 2773//2773 2762//2762
f 2173//2173 2172//2172 2494//2494
f 2517//2517 2496//2496 2495//2495
f 2564//2564 2648//2648 1781//1781
f 2495//2495 2494//2494 2172//2172
f 2206//2206 2204//2204 2517//2517
f 2468//2468 2517//2517 2204//2204
f 2172//2172 2206//2206 2495//2495
f 2520//2520 468//468 2524//2524
f 2507//2507 2774//2774 2443//2443
f 399//399 2541//2541 2748//2748
f 2748//2748 2541//2541 2744//2744
f 2770//2770 2565//2565 434//434
f 2775//2775 613//613 615//615
f 2763//2763 2718//2718 2717//2717
f 2776//2776 2777//2777 2253//2253
f 2739//2739 2778//2778 2745//2745
f 2662//2662 2664//2664 2779//2779
f 2542//2542 2543//2543 2780//2780
f 1893//1893 2778//2778 2739//2739
f 2719//2719 2777//2777 2720//2720
f 2781//2781 2725//2725 2782//2782
f 2703//2703 2755//2755 2705//2705
f 2662//2662 2779//2779 455//455
f 2783//2783 2613//2613 2784//2784
f 2062//2062 613//613 2775//2775
f 2507//2507 2443//2443 2521//2521
f 612//612 2785//2785 611//611
f 107//107 363//363 106//106
f 365//365 106//106 363//363
f 2787//2787 2786//2786 627//627
f 2788//2788 2789//2789 2790//2790
f 2792//2792 784//784 2791//2791
f 2793//2793 1009//1009 1010//1010
f 2794//2794 2702//2702 2700//2700
f 2795//2795 2796//2796 614//614
f 509//509 2797//2797 2798//2798
f 509//509 2798//2798 477//477
f 618//618 2799//2799 616//616
f 2049//2049 2050//2050 2800//2800
f 2802//2802 2542//2542 2801//2801
f 2704//2704 2803//2803 2644//2644
f 2804//2804 2805//2805 2806//2806
f 2807//2807 2806//2806 2805//2805
f 2810//2810 2809//2809 2808//2808
f 2811//2811 2812//2812 2813//2813
f 1983//1983 2812//2812 2811//2811
f 2775//2775 2814//2814 2815//2815
f 2816//2816 551//551 2817//2817
f 2816//2816 2817//2817 2818//2818
f 2798//2798 2797//2797 1008//1008
f 2803//2803 2645//2645 2644//2644
f 2821//2821 2820//2820 2819//2819
f 2704//2704 2644//2644 2743//2743
f 565//565 567//567 2822//2822
f 2797//2797 509//509 2754//2754
f 2824//2824 2823//2823 2817//2817
f 2825//2825 1009//1009 2793//2793
f 2827//2827 2826//2826 2534//2534
f 2828//2828 2817//2817 551//551
f 2828//2828 551//551 550//550
f 2787//2787 2530//2530 2829//2829
f 1010//1010 2061//2061 2062//2062
f 2061//2061 1010//1010 1008//1008
f 2830//2830 2794//2794 2700//2700
f 2795//2795 2826//2826 2827//2827
f 2786//2786 629//629 627//627
f 2831//2831 2832//2832 2825//2825
f 2830//2830 2834//2834 2833//2833
f 2835//2835 2834//2834 2830//2830
f 2533//2533 2644//2644 2532//2532
f 2756//2756 2836//2836 2726//2726
f 2837//2837 2832//2832 2442//2442
f 2442//2442 475//475 2837//2837
f 618//618 2838//2838 2799//2799
f 2833//2833 2839//2839 2042//2042
f 2775//2775 1010//1010 2062//2062
f 2828//2828 550//550 2840//2840
f 2815//2815 2793//2793 1010//1010
f 1781//1781 2741//2741 1783//1783
f 2075//2075 595//595 597//597
f 2076//2076 2075//2075 597//597
f 2841//2841 2704//2704 2705//2705
f 468//468 425//425 424//424
f 2774//2774 425//425 468//468
f 529//529 406//406 405//405
f 2081//2081 1993//1993 2019//2019
f 2559//2559 2527//2527 2526//2526
f 2520//2520 2527//2527 466//466
f 551//551 2816//2816 549//549
f 549//549 2816//2816 627//627
f 541//541 2842//2842 2344//2344
f 540//540 2843//2843 542//542
f 2845//2845 2844//2844 2815//2815
f 971//971 2827//2827 2534//2534
f 2794//2794 2846//2846 2750//2750
f 2849//2849 2848//2848 2847//2847
f 2700//2700 2701//2701 2830//2830
f 734//734 2850//2850 732//732
f 2851//2851 2852//2852 2812//2812
f 2853//2853 2785//2785 612//612
f 2008//2008 2057//2057 2055//2055
f 2854//2854 2783//2783 2855//2855
f 2857//2857 2824//2824 2856//2856
f 2835//2835 2701//2701 2858//2858
f 2861//2861 2860//2860 2859//2859
f 2847//2847 2848//2848 2831//2831
f 2146//2146 2575//2575 2862//2862
f 2576//2576 2863//2863 2535//2535
f 2863//2863 2864//2864 2535//2535
f 2865//2865 2866//2866 2867//2867
f 2838//2838 2702//2702 2868//2868
f 404//404 2869//2869 2862//2862
f 2857//2857 2856//2856 2870//2870
f 2857//2857 2870//2870 2843//2843
f 2871//2871 2872//2872 2873//2873
f 238//238 254//254 94//94
f 2874//2874 2873//2873 2875//2875
f 558//558 2877//2877 2876//2876
f 2817//2817 2828//2828 2824//2824
f 2824//2824 2828//2828 2856//2856
f 2801//2801 2758//2758 2878//2878
f 2880//2880 2820//2820 2879//2879
f 2881//2881 2882//2882 2883//2883
f 2872//2872 2884//2884 2343//2343
f 2343//2343 2885//2885 2872//2872
f 2886//2886 2800//2800 2887//2887
f 2813//2813 1936//1936 2811//2811
f 2888//2888 2838//2838 618//618
f 2856//2856 2839//2839 2834//2834
f 2889//2889 2887//2887 2131//2131
f 2743//2743 2890//2890 2891//2891
f 2830//2830 2701//2701 2835//2835
f 2868//2868 2751//2751 2799//2799
f 2783//2783 2892//2892 2893//2893
f 2896//2896 2895//2895 2894//2894
f 2889//2889 2131//2131 2888//2888
f 2897//2897 2889//2889 2888//2888
f 2069//2069 610//610 2879//2879
f 2820//2820 2069//2069 2879//2879
f 2899//2899 1817//1817 2898//2898
f 2873//2873 2872//2872 2885//2885
f 2029//2029 543//543 545//545
f 2886//2886 2887//2887 2889//2889
f 2008//2008 526//526 527//527
f 2887//2887 2900//2900 2030//2030
f 2003//2003 2001//2001 2901//2901
f 607//607 606//606 2024//2024
f 2790//2790 2789//2789 2899//2899
f 2868//2868 2799//2799 2838//2838
f 2858//2858 2003//2003 2901//2901
f 2902//2902 970//970 971//971
f 2751//2751 2868//2868 2750//2750
f 1008//1008 1009//1009 2798//2798
f 969//969 2795//2795 2827//2827
f 596//596 2090//2090 626//626
f 479//479 2531//2531 520//520
f 2350//2350 2531//2531 479//479
f 2597//2597 2903//2903 2904//2904
f 2904//2904 2596//2596 2597//2597
f 2225//2225 2905//2905 287//287
f 287//287 2905//2905 289//289
f 2906//2906 566//566 565//565
f 1519//1519 2207//2207 2262//2262
f 2155//2155 2331//2331 2145//2145
f 2847//2847 2831//2831 2907//2907
f 2907//2907 2831//2831 2825//2825
f 2754//2754 2755//2755 2703//2703
f 2836//2836 2727//2727 2726//2726
f 2726//2726 2728//2728 2908//2908
f 2552//2552 2550//2550 2728//2728
f 2909//2909 2778//2778 1893//1893
f 1895//1895 2909//2909 1893//1893
f 2867//2867 2910//2910 2865//2865
f 2911//2911 2796//2796 969//969
f 2856//2856 2834//2834 2912//2912
f 2912//2912 2870//2870 2856//2856
f 2915//2915 2914//2914 2913//2913
f 2916//2916 733//733 732//732
f 2852//2852 2917//2917 2812//2812
f 2918//2918 2919//2919 591//591
f 2920//2920 2919//2919 2918//2918
f 2923//2923 2922//2922 2921//2921
f 2867//2867 2775//2775 615//615
f 2875//2875 2873//2873 2885//2885
f 2926//2926 2925//2925 2924//2924
f 2929//2929 2928//2928 2927//2927
f 2932//2932 2931//2931 2930//2930
f 2930//2930 2931//2931 2933//2933
f 2851//2851 2910//2910 2342//2342
f 2934//2934 2931//2931 2853//2853
f 2853//2853 2931//2931 2785//2785
f 2865//2865 2910//2910 2788//2788
f 2912//2912 2834//2834 2835//2835
f 1937//1937 1936//1936 2813//2813
f 2936//2936 2923//2923 2935//2935
f 2932//2932 2936//2936 2937//2937
f 2881//2881 2922//2922 2930//2930
f 2937//2937 2938//2938 2939//2939
f 2937//2937 2939//2939 611//611
f 2942//2942 2941//2941 2940//2940
f 2943//2943 1895//1895 2944//2944
f 1464//1464 2944//2944 1895//1895
f 1046//1046 1113//1113 1013//1013
f 1113//1113 1046//1046 1045//1045
f 2048//2048 2939//2939 734//734
f 611//611 2939//2939 2048//2048
f 2923//2923 2921//2921 2945//2945
f 959//959 2946//2946 2254//2254
f 2947//2947 961//961 2948//2948
f 2948//2948 961//961 953//953
f 953//953 961//961 293//293
f 2903//2903 2950//2950 2949//2949
f 1463//1463 2903//2903 2949//2949
f 736//736 968//968 2951//2951
f 638//638 237//237 1720//1720
f 1725//1725 2952//2952 2953//2953
f 2596//2596 2906//2906 565//565
f 2739//2739 1892//1892 1893//1893
f 778//778 968//968 749//749
f 1464//1464 2738//2738 2540//2540
f 289//289 2905//2905 2145//2145
f 289//289 2145//2145 2331//2331
f 784//784 783//783 2791//2791
f 956//956 2942//2942 954//954
f 768//768 2955//2955 2954//2954
f 2956//2956 2917//2917 2852//2852
f 2596//2596 2699//2699 2906//2906
f 338//338 2952//2952 2724//2724
f 2957//2957 2958//2958 2959//2959
f 2959//2959 2960//2960 2957//2957
f 2880//2880 2819//2819 2820//2820
f 542//542 2863//2863 2576//2576
f 2576//2576 2146//2146 542//542
f 2961//2961 2699//2699 2698//2698
f 2883//2883 2882//2882 2422//2422
f 2580//2580 2962//2962 2963//2963
f 2145//2145 2905//2905 2135//2135
f 1894//1894 2738//2738 1464//1464
f 1464//1464 1895//1895 1894//1894
f 2964//2964 2944//2944 1464//1464
f 2941//2941 2965//2965 2940//2940
f 2940//2940 2965//2965 928//928
f 1145//1145 2719//2719 1146//1146
f 2908//2908 2728//2728 2943//2943
f 403//403 2466//2466 2203//2203
f 2966//2966 2597//2597 565//565
f 2822//2822 2966//2966 565//565
f 2930//2930 2922//2922 2932//2932
f 2852//2852 2851//2851 2967//2967
f 2970//2970 2969//2969 2968//2968
f 2971//2971 2969//2969 2970//2970
f 567//567 2972//2972 2822//2822
f 2973//2973 2801//2801 2878//2878
f 2917//2917 2880//2880 1937//1937
f 2917//2917 1937//1937 2813//2813
f 2917//2917 2956//2956 2880//2880
f 598//598 2974//2974 600//600
f 2121//2121 1607//1607 1926//1926
f 2882//2882 2881//2881 2975//2975
f 2976//2976 2882//2882 2975//2975
f 957//957 2977//2977 813//813
f 2956//2956 2819//2819 2880//2880
f 2931//2931 2932//2932 2937//2937
f 2938//2938 2850//2850 2939//2939
f 2968//2968 2976//2976 2975//2975
f 2970//2970 2968//2968 2975//2975
f 1720//1720 237//237 1717//1717
f 807//807 1717//1717 237//237
f 2980//2980 2979//2979 2978//2978
f 2981//2981 2980//2980 2978//2978
f 2966//2966 2976//2976 2982//2982
f 2976//2976 2966//2966 2424//2424
f 2985//2985 2984//2984 2983//2983
f 708//708 2986//2986 1709//1709
f 2989//2989 2988//2988 2987//2987
f 2990//2990 2989//2989 2987//2987
f 1704//1704 775//775 2991//2991
f 2991//2991 775//775 191//191
f 2879//2879 610//610 2048//2048
f 2898//2898 2992//2992 617//617
f 2048//2048 610//610 611//611
f 931//931 2948//2948 953//953
f 925//925 953//953 293//293
f 293//293 294//294 925//925
f 2978//2978 2979//2979 2985//2985
f 2985//2985 2993//2993 2978//2978
f 2994//2994 2979//2979 2980//2980
f 2993//2993 2423//2423 2981//2981
f 2993//2993 2981//2981 2978//2978
f 2996//2996 2995//2995 2807//2807
f 737//737 968//968 736//736
f 2998//2998 2955//2955 2997//2997
f 2979//2979 2987//2987 2985//2985
f 2985//2985 2987//2987 2988//2988
f 1704//1704 2999//2999 708//708
f 2987//2987 2979//2979 2994//2994
f 2883//2883 2993//2993 2985//2985
f 3000//3000 2861//2861 419//419
f 36//36 34//34 3001//3001
f 755//755 3002//3002 3003//3003
f 3001//3001 580//580 36//36
f 3004//3004 3005//3005 2804//2804
f 2859//2859 3006//3006 2861//2861
f 2998//2998 2989//2989 548//548
f 3007//3007 778//778 546//546
f 3008//3008 3009//3009 2760//2760
f 1707//1707 576//576 575//575
f 1877//1877 320//320 3010//3010
f 2819//2819 3011//3011 2821//2821
f 3014//3014 3013//3013 3012//3012
f 2971//2971 2970//2970 2933//2933
f 770//770 736//736 2951//2951
f 2930//2930 2933//2933 2970//2970
f 419//419 3015//3015 418//418
f 581//581 580//580 3012//3012
f 3012//3012 580//580 3001//3001
f 571//571 572//572 577//577
f 3017//3017 3016//3016 300//300
f 1682//1682 3//3 1743//1743
f 3018//3018 738//738 555//555
f 19//19 21//21 721//721
f 3019//3019 2844//2844 2845//2845
f 2042//2042 2839//2839 2840//2840
f 2801//2801 2542//2542 3020//3020
f 2907//2907 2844//2844 3019//3019
f 388//388 387//387 1883//1883
f 1883//1883 3021//3021 388//388
f 777//777 807//807 775//775
f 2911//2911 3011//3011 2796//2796
f 2823//2823 2824//2824 2857//2857
f 2839//2839 2828//2828 2840//2840
f 3023//3023 3022//3022 1027//1027
f 718//718 2759//2759 3024//3024
f 3025//3025 3018//3018 299//299
f 3027//3027 3026//3026 387//387
f 20//20 82//82 84//84
f 20//20 84//84 571//571
f 619//619 3028//3028 630//630
f 2872//2872 2871//2871 2884//2884
f 2823//2823 2857//2857 2884//2884
f 84//84 3029//3029 571//571
f 315//315 1863//1863 1851//1851
f 2926//2926 592//592 2860//2860
f 2930//2930 2975//2975 2881//2881
f 793//793 622//622 620//620
f 3031//3031 2920//2920 3030//3030
f 2733//2733 721//721 720//720
f 3032//3032 3033//3033 3034//3034
f 2861//2861 3000//3000 2804//2804
f 2861//2861 2804//2804 3035//3035
f 590//590 3023//3023 1027//1027
f 2928//2928 3036//3036 2927//2927
f 128//128 127//127 639//639
f 2017//2017 2073//2073 2015//2015
f 2997//2997 2955//2955 3037//3037
f 219//219 202//202 201//201
f 2047//2047 734//734 733//733
f 2975//2975 2930//2930 2970//2970
f 738//738 1710//1710 3038//3038
f 3039//3039 2014//2014 2015//2015
f 746//746 582//582 339//339
f 2976//2976 2968//2968 2982//2982
f 3040//3040 3015//3015 3041//3041
f 3044//3044 3043//3043 3042//3042
f 3046//3046 1029//1029 3045//3045
f 3047//3047 3046//3046 3045//3045
f 3048//3048 3049//3049 3050//3050
f 1837//1837 1728//1728 283//283
f 2101//2101 1728//1728 1837//1837
f 563//563 564//564 37//37
f 2060//2060 3051//3051 1988//1988
f 3053//3053 700//700 3052//3052
f 3054//3054 3053//3053 3052//3052
f 306//306 307//307 3014//3014
f 3055//3055 3032//3032 3034//3034
f 201//201 218//218 219//219
f 805//805 1675//1675 1716//1716
f 59//59 60//60 3056//3056
f 3057//3057 333//333 334//334
f 712//712 3058//3058 3059//3059
f 3059//3059 3060//3060 712//712
f 3061//3061 3062//3062 3063//3063
f 2576//2576 405//405 2575//2575
f 2074//2074 3064//3064 1985//1985
f 3066//3066 1982//1982 3065//3065
f 3067//3067 1819//1819 1983//1983
f 3068//3068 3058//3058 712//712
f 1896//1896 1623//1623 1721//1721
f 418//418 3015//3015 3040//3040
f 836//836 225//225 224//224
f 3032//3032 3069//3069 3033//3033
f 2015//2015 3070//3070 3039//3039
f 36//36 3071//3071 35//35
f 569//569 1963//1963 2032//2032
f 2807//2807 3072//3072 2806//2806
f 2925//2925 2806//2806 3072//3072
f 3071//3071 36//36 2924//2924
f 3074//3074 3073//3073 701//701
f 3054//3054 2807//2807 3075//3075
f 3054//3054 3052//3052 3072//3072
f 3054//3054 3072//3072 2807//2807
f 3053//3053 3077//3077 3076//3076
f 1818//1818 1817//1817 2899//2899
f 3075//3075 3053//3053 3054//3054
f 2049//2049 2898//2898 1817//1817
f 2861//2861 3006//3006 419//419
f 3035//3035 2806//2806 2925//2925
f 3078//3078 2860//2860 590//590
f 592//592 590//590 2860//2860
f 3033//3033 3069//3069 2896//2896
f 2750//2750 2846//2846 2043//2043
f 2038//2038 2071//2071 2036//2036
f 616//616 2751//2751 3079//3079
f 1988//1988 3051//3051 2808//2808
f 3080//3080 1793//1793 1899//1899
f 1963//1963 1886//1886 2032//2032
f 3081//3081 3082//3082 3083//3083
f 3081//3081 3083//3083 3057//3057
f 3050//3050 3036//3036 3084//3084
f 1699//1699 1808//1808 1350//1350
f 3085//3085 1846//1846 947//947
f 1974//1974 2019//2019 1976//1976
f 2059//2059 1988//1988 3086//3086
f 2060//2060 2068//2068 3051//3051
f 3087//3087 3088//3088 3089//3089
f 1743//1743 1825//1825 1690//1690
f 3006//3006 3015//3015 419//419
f 1682//1682 1743//1743 1683//1683
f 3080//3080 1903//1903 1901//1901
f 3090//3090 1903//1903 3080//3080
f 269//269 1748//1748 1749//1749
f 563//563 37//37 39//39
f 3091//3091 2013//2013 2914//2914
f 2914//2914 2013//2013 2913//2913
f 2014//2014 3039//3039 2913//2913
f 2001//2001 1966//1966 1964//1964
f 1819//1819 3067//3067 2895//2895
f 2886//2886 2898//2898 2049//2049
f 2122//2122 309//309 1921//1921
f 309//309 2122//2122 310//310
f 3093//3093 3092//3092 2067//2067
f 1520//1520 1521//1521 2119//2119
f 2800//2800 2886//2886 2049//2049
f 732//732 3094//3094 3076//3076
f 2916//2916 732//732 3076//3076
f 1817//1817 1819//1819 3095//3095
f 702//702 3053//3053 3076//3076
f 2867//2867 615//615 2910//2910
f 3096//3096 3097//3097 596//596
f 596//596 3097//3097 2090//2090
f 2910//2910 615//615 2342//2342
f 2867//2867 2866//2866 2814//2814
f 2814//2814 2775//2775 2867//2867
f 2043//2043 2846//2846 2042//2042
f 2833//2833 2846//2846 2830//2830
f 3098//3098 1935//1935 2916//2916
f 3057//3057 3083//3083 3099//3099
f 2794//2794 2830//2830 2846//2846
f 2289//2289 2027//2027 3100//3100
f 2051//2051 2887//2887 2030//2030
f 2090//2090 3101//3101 2091//2091
f 3051//3051 1980//1980 3066//3066
f 333//333 3102//3102 332//332
f 296//296 315//315 285//285
f 296//296 285//285 284//284
f 3099//3099 1981//1981 3057//3057
f 333//333 1987//1987 3102//3102
f 3039//3039 3103//3103 2913//2913
f 3055//3055 3088//3088 3104//3104
f 3089//3089 3088//3088 3105//3105
f 3105//3105 3088//3088 3055//3055
f 3101//3101 3107//3107 3106//3106
f 1965//1965 1966//1966 1891//1891
f 3056//3056 2901//2901 1964//1964
f 59//59 3056//3056 1964//1964
f 2073//2073 2017//2017 1975//1975
f 2916//2916 3076//3076 3077//3077
f 2894//2894 2895//2895 3067//3067
f 3108//3108 2901//2901 3056//3056
f 2858//2858 2901//2901 3108//3108
f 3103//3103 3048//3048 3050//3050
f 3041//3041 3078//3078 3109//3109
f 1817//1817 3095//3095 2050//2050
f 3043//3043 3110//3110 3111//3111
f 2775//2775 2815//2815 1010//1010
f 2916//2916 3077//3077 3098//3098
f 2917//2917 2813//2813 2812//2812
f 3094//3094 702//702 3076//3076
f 3048//3048 3112//3112 3106//3106
f 3080//3080 1899//1899 3113//3113
f 3106//3106 3114//3114 3048//3048
f 2073//2073 1951//1951 2091//2091
f 3092//3092 2900//2900 3115//3115
f 3032//3032 3055//3055 3104//3104
f 766//766 305//305 306//306
f 3117//3117 3116//3116 3034//3034
f 617//617 2007//2007 2790//2790
f 2896//2896 2894//2894 3117//3117
f 3114//3114 3049//3049 3048//3048
f 3118//3118 3114//3114 3089//3089
f 1937//1937 733//733 1935//1935
f 2042//2042 2846//2846 2833//2833
f 3079//3079 2007//2007 616//616
f 2789//2789 2812//2812 3119//3119
f 1983//1983 2811//2811 3067//3067
f 2842//2842 2146//2146 2862//2862
f 2009//2009 2869//2869 406//406
f 3119//3119 1818//1818 2899//2899
f 2886//2886 2992//2992 2898//2898
f 1935//1935 733//733 2916//2916
f 3117//3117 3033//3033 2896//2896
f 3034//3034 3033//3033 3117//3117
f 3075//3075 2807//2807 2995//2995
f 3063//3063 3062//3062 3120//3120
f 2995//2995 3116//3116 3077//3077
f 3116//3116 3121//3121 3034//3034
f 3111//3111 3110//3110 334//334
f 700//700 701//701 3122//3122
f 2928//2928 2929//2929 3123//3123
f 420//420 3123//3123 2929//2929
f 3068//3068 3061//3061 3124//3124
f 3125//3125 302//302 304//304
f 3057//3057 3110//3110 3081//3081
f 3081//3081 3110//3110 3044//3044
f 3009//3009 3008//3008 3031//3031
f 653//653 3126//3126 652//652
f 268//268 659//659 683//683
f 703//703 268//268 683//683
f 43//43 826//826 44//44
f 268//268 267//267 659//659
f 206//206 637//637 267//267
f 254//254 93//93 94//94
f 257//257 96//96 826//826
f 636//636 1674//1674 669//669
f 1896//1896 1721//1721 1617//1617
f 251//251 207//207 208//208
f 684//684 707//707 703//703
f 684//684 703//703 683//683
f 588//588 562//562 587//587
f 1579//1579 1575//1575 1576//1576
f 1713//1713 654//654 643//643
f 64//64 647//647 667//667
f 51//51 643//643 50//50
f 658//658 95//95 143//143
f 658//658 143//143 644//644
f 673//673 93//93 25//25
f 673//673 143//143 95//95
f 95//95 93//93 673//673
f 226//226 855//855 871//871
f 644//644 143//143 50//50
f 584//584 637//637 640//640
f 650//650 637//637 584//584
f 1641//1641 223//223 222//222
f 56//56 57//57 826//826
f 650//650 267//267 637//637
f 650//650 584//584 255//255
f 650//650 255//255 277//277
f 1711//1711 3127//3127 28//28
f 216//216 1706//1706 846//846
f 277//277 255//255 257//257
f 826//826 1644//1644 56//56
f 1644//1644 623//623 56//56
f 1255//1255 3128//3128 212//212
f 1398//1398 1255//1255 212//212
f 636//636 669//669 640//640
f 1700//1700 1721//1721 1675//1675
f 826//826 96//96 1644//1644
f 256//256 584//584 583//583
f 171//171 1688//1688 172//172
f 584//584 256//256 255//255
f 257//257 256//256 96//96
f 96//96 256//256 1680//1680
f 3129//3129 1581//1581 1582//1582
f 870//870 821//821 822//822
f 883//883 41//41 42//42
f 885//885 41//41 883//883
f 1604//1604 1735//1735 1820//1820
f 646//646 64//64 1680//1680
f 619//619 3131//3131 3130//3130
f 563//563 3131//3131 562//562
f 562//562 3131//3131 619//619
f 3132//3132 583//583 585//585
f 3028//3028 619//619 3133//3133
f 809//809 836//836 224//224
f 3135//3135 1722//1722 3134//3134
f 291//291 3136//3136 292//292
f 808//808 820//820 809//809
f 15//15 665//665 13//13
f 3133//3133 619//619 3130//3130
f 3137//3137 1629//1629 1628//1628
f 1700//1700 806//806 804//804
f 3132//3132 663//663 664//664
f 664//664 651//651 645//645
f 646//646 664//664 645//645
f 664//664 583//583 3132//3132
f 12//12 1681//1681 10//10
f 1626//1626 3132//3132 585//585
f 1684//1684 1711//1711 37//37
f 1711//1711 589//589 37//37
f 256//256 583//583 1680//1680
f 3138//3138 1626//1626 668//668
f 668//668 3139//3139 3138//3138
f 3127//3127 11//11 28//28
f 64//64 96//96 1680//1680
f 1684//1684 3127//3127 1711//1711
f 3140//3140 11//11 3127//3127
f 315//315 296//296 298//298
f 658//658 654//654 1674//1674
f 836//836 851//851 847//847
f 96//96 66//66 1644//1644
f 66//66 65//65 642//642
f 66//66 642//642 1644//1644
f 3130//3130 3131//3131 692//692
f 3130//3130 692//692 599//599
f 3131//3131 39//39 692//692
f 683//683 659//659 3141//3141
f 3142//3142 2974//2974 718//718
f 3142//3142 718//718 717//717
f 590//590 1027//1027 3143//3143
f 718//718 83//83 2759//2759
f 571//571 691//691 573//573
f 3028//3028 3141//3141 659//659
f 3028//3028 659//659 630//630
f 630//630 659//659 631//631
f 2925//2925 2860//2860 3035//3035
f 2926//2926 2860//2860 2925//2925
f 3144//3144 3038//3038 2986//2986
f 254//254 3145//3145 26//26
f 699//699 3145//3145 695//695
f 227//227 699//699 189//189
f 237//237 227//227 189//189
f 3145//3145 699//699 26//26
f 26//26 699//699 227//227
f 1397//1397 3146//3146 1660//1660
f 651//651 742//742 645//645
f 38//38 682//682 39//39
f 1863//1863 726//726 3085//3085
f 609//609 63//63 62//62
f 3//3 1682//1682 846//846
f 1681//1681 845//845 1682//1682
f 695//695 694//694 190//190
f 1706//1706 1//1 3//3
f 738//738 3038//3038 681//681
f 3038//3038 3144//3144 681//681
f 694//694 2999//2999 2991//2991
f 1707//1707 713//713 1708//1708
f 1710//1710 2986//2986 3038//3038
f 715//715 713//713 1707//1707
f 3017//3017 716//716 3016//3016
f 691//691 2974//2974 598//598
f 1823//1823 1825//1825 1743//1743
f 1743//1743 3//3 1823//1823
f 2860//2860 3078//3078 3147//3147
f 3148//3148 547//547 3149//3149
f 3148//3148 3149//3149 710//710
f 2991//2991 2999//2999 1704//1704
f 741//741 697//697 3149//3149
f 854//854 821//821 852//852
f 853//853 852//852 821//821
f 782//782 790//790 794//794
f 689//689 782//782 794//794
f 280//280 1734//1734 1732//1732
f 61//61 722//722 3145//3145
f 254//254 61//61 3145//3145
f 722//722 695//695 3145//3145
f 740//740 698//698 697//697
f 574//574 722//722 61//61
f 61//61 63//63 574//574
f 2998//2998 3150//3150 2955//2955
f 649//649 301//301 680//680
f 300//300 835//835 3151//3151
f 300//300 3151//3151 299//299
f 555//555 299//299 3018//3018
f 649//649 576//576 1708//1708
f 649//649 1708//1708 301//301
f 386//386 388//388 3047//3047
f 3047//3047 388//388 3021//3021
f 738//738 3152//3152 674//674
f 738//738 674//674 1710//1710
f 694//694 693//693 3144//3144
f 3144//3144 693//693 649//649
f 649//649 693//693 574//574
f 649//649 681//681 3144//3144
f 715//715 731//731 704//704
f 1617//1617 1721//1721 858//858
f 731//731 715//715 1707//1707
f 1707//1707 575//575 731//731
f 575//575 609//609 731//731
f 693//693 695//695 574//574
f 716//716 3017//3017 713//713
f 714//714 716//716 713//713
f 3006//3006 2859//2859 2860//2860
f 3021//3021 1884//1884 3059//3059
f 298//298 711//711 726//726
f 1708//1708 3017//3017 301//301
f 301//301 3017//3017 300//300
f 713//713 3017//3017 1708//1708
f 740//740 741//741 3153//3153
f 2669//2669 2695//2695 2667//2667
f 3029//3029 83//83 2974//2974
f 3154//3154 3022//3022 3023//3023
f 727//727 3154//3154 3023//3023
f 2732//2732 723//723 19//19
f 2732//2732 19//19 721//721
f 3026//3026 3155//3155 1883//1883
f 3029//3029 691//691 571//571
f 2759//2759 723//723 2731//2731
f 691//691 3029//3029 2974//2974
f 600//600 2974//2974 3142//3142
f 3142//3142 717//717 600//600
f 83//83 3029//3029 84//84
f 3131//3131 563//563 39//39
f 708//708 2999//2999 2986//2986
f 55//55 37//37 564//564
f 3024//3024 3156//3156 718//718
f 2991//2991 190//190 694//694
f 706//706 705//705 717//717
f 692//692 573//573 599//599
f 3157//3157 1689//1689 621//621
f 599//599 600//600 3158//3158
f 598//598 599//599 573//573
f 3158//3158 3130//3130 599//599
f 600//600 705//705 3158//3158
f 685//685 3158//3158 705//705
f 3158//3158 685//685 3141//3141
f 3158//3158 3133//3133 3130//3130
f 3141//3141 3133//3133 3158//3158
f 3028//3028 3133//3133 3141//3141
f 3152//3152 756//756 674//674
f 1709//1709 2986//2986 1710//1710
f 731//731 609//609 684//684
f 685//685 731//731 684//684
f 707//707 684//684 609//609
f 3141//3141 685//685 683//683
f 2974//2974 83//83 718//718
f 723//723 2759//2759 83//83
f 2999//2999 694//694 3144//3144
f 2999//2999 3144//3144 2986//2986
f 3153//3153 778//778 779//779
f 546//546 778//778 3153//3153
f 716//716 718//718 3156//3156
f 833//833 3016//3016 3156//3156
f 835//835 300//300 3016//3016
f 833//833 3031//3031 834//834
f 3009//3009 3031//3031 833//833
f 3156//3156 3016//3016 716//716
f 835//835 3016//3016 833//833
f 769//769 547//547 3148//3148
f 3159//3159 3025//3025 3002//3002
f 834//834 3160//3160 835//835
f 3143//3143 1027//1027 3161//3161
f 3024//3024 3009//3009 3156//3156
f 3162//3162 2941//2941 2942//2942
f 2957//2957 3162//3162 2942//2942
f 3018//3018 3152//3152 738//738
f 833//833 3156//3156 3009//3009
f 3160//3160 834//834 3031//3031
f 3160//3160 3031//3031 3163//3163
f 3024//3024 2759//2759 2760//2760
f 3024//3024 2760//2760 3009//3009
f 299//299 3151//3151 3164//3164
f 3164//3164 835//835 3160//3160
f 835//835 3164//3164 3151//3151
f 3025//3025 299//299 3164//3164
f 3152//3152 3018//3018 756//756
f 756//756 3018//3018 3025//3025
f 3025//3025 3159//3159 756//756
f 2994//2994 2951//2951 2987//2987
f 2951//2951 968//968 2987//2987
f 968//968 2990//2990 2987//2987
f 784//784 3165//3165 785//785
f 785//785 3165//3165 803//803
f 709//709 710//710 1498//1498
f 547//547 741//741 3149//3149
f 774//774 709//709 1498//1498
f 774//774 775//775 709//709
f 3166//3166 3071//3071 3073//3073
f 3073//3073 3167//3167 3166//3166
f 3007//3007 546//546 548//548
f 3001//3001 766//766 306//306
f 3001//3001 306//306 3012//3012
f 547//547 3150//3150 548//548
f 3150//3150 547//547 2954//2954
f 2954//2954 547//547 769//769
f 3150//3150 2998//2998 548//548
f 2990//2990 3007//3007 2989//2989
f 968//968 3007//3007 2990//2990
f 771//771 735//735 736//736
f 3168//3168 770//770 3169//3169
f 3168//3168 3169//3169 2980//2980
f 937//937 2696//2696 3170//3170
f 936//936 2696//2696 937//937
f 3007//3007 548//548 2989//2989
f 3164//3164 3171//3171 3025//3025
f 3160//3160 3171//3171 3164//3164
f 3002//3002 3025//3025 3171//3171
f 3172//3172 3001//3001 3037//3037
f 788//788 1694//1694 881//881
f 1723//1723 788//788 881//881
f 3001//3001 3172//3172 766//766
f 770//770 2951//2951 3169//3169
f 708//708 1709//1709 3173//3173
f 274//274 881//881 1694//1694
f 3153//3153 741//741 547//547
f 546//546 3153//3153 547//547
f 2252//2252 3174//3174 2254//2254
f 2252//2252 932//932 501//501
f 788//788 3175//3175 696//696
f 725//725 3176//3176 77//77
f 787//787 882//882 259//259
f 258//258 787//787 259//259
f 786//786 785//785 68//68
f 3105//3105 3177//3177 3089//3089
f 3178//3178 3176//3176 725//725
f 784//784 771//771 3179//3179
f 3180//3180 3178//3178 725//725
f 191//191 775//775 807//807
f 790//790 729//729 794//794
f 877//877 729//729 790//790
f 1723//1723 799//799 689//689
f 689//689 690//690 1723//1723
f 884//884 1678//1678 241//241
f 260//260 759//759 724//724
f 928//928 2965//2965 3179//3179
f 3179//3179 771//771 928//928
f 258//258 724//724 77//77
f 76//76 77//77 3176//3176
f 91//91 802//802 800//800
f 3181//3181 762//762 761//761
f 2935//2935 3167//3167 3182//3182
f 876//876 3175//3175 690//690
f 634//634 843//843 632//632
f 632//632 843//843 3183//3183
f 632//632 3183//3183 915//915
f 926//926 2946//2946 959//959
f 814//814 780//780 276//276
f 3149//3149 697//697 1498//1498
f 1498//1498 710//710 3149//3149
f 622//622 791//791 3157//3157
f 621//621 622//622 3157//3157
f 876//876 777//777 776//776
f 36//36 3184//3184 2924//2924
f 1779//1779 1778//1778 1763//1763
f 1763//1763 1778//1778 3185//3185
f 190//190 2991//2991 191//191
f 690//690 788//788 1723//1723
f 779//779 3186//3186 3153//3153
f 740//740 3153//3153 3186//3186
f 3180//3180 696//696 698//698
f 789//789 696//696 3180//3180
f 787//787 786//786 800//800
f 698//698 740//740 3180//3180
f 3186//3186 3180//3180 740//740
f 3180//3180 3186//3186 3178//3178
f 779//779 748//748 3186//3186
f 3176//3176 3186//3186 748//748
f 3178//3178 3186//3186 3176//3176
f 783//783 786//786 78//78
f 2791//2791 76//76 2792//2792
f 78//78 76//76 2791//2791
f 2791//2791 783//783 78//78
f 735//735 771//771 2792//2792
f 735//735 2792//2792 748//748
f 803//803 67//67 68//68
f 34//34 2997//2997 3037//3037
f 803//803 3165//3165 2941//2941
f 2941//2941 3162//3162 803//803
f 3165//3165 784//784 2965//2965
f 2965//2965 784//784 3179//3179
f 2954//2954 2955//2955 3150//3150
f 2941//2941 3165//3165 2965//2965
f 3176//3176 748//748 2792//2792
f 3176//3176 2792//2792 76//76
f 690//690 3175//3175 788//788
f 2792//2792 771//771 784//784
f 1726//1726 2953//2953 3187//3187
f 955//955 2958//2958 956//956
f 1725//1725 2953//2953 1726//1726
f 1498//1498 3175//3175 776//776
f 774//774 1498//1498 776//776
f 696//696 3175//3175 1498//1498
f 776//776 3175//3175 876//876
f 709//709 1704//1704 708//708
f 769//769 3148//3148 3188//3188
f 3188//3188 710//710 708//708
f 3148//3148 710//710 3188//3188
f 3173//3173 3188//3188 708//708
f 3012//3012 306//306 3014//3014
f 3173//3173 305//305 766//766
f 3188//3188 3173//3173 767//767
f 3188//3188 767//767 769//769
f 305//305 3173//3173 674//674
f 1709//1709 674//674 3173//3173
f 3173//3173 766//766 767//767
f 1720//1720 1689//1689 638//638
f 759//759 725//725 724//724
f 789//789 3180//3180 725//725
f 1694//1694 789//789 759//759
f 759//759 789//789 725//725
f 864//864 790//790 781//781
f 621//621 1720//1720 796//796
f 1689//1689 1720//1720 621//621
f 1780//1780 1800//1800 1692//1692
f 22//22 30//30 1705//1705
f 132//132 801//801 802//802
f 882//882 800//800 801//801
f 787//787 800//800 882//882
f 801//801 132//132 1719//1719
f 1719//1719 132//132 134//134
f 801//801 1719//1719 882//882
f 882//882 1719//1719 797//797
f 762//762 886//886 772//772
f 820//820 819//819 40//40
f 40//40 809//809 820//820
f 772//772 819//819 762//762
f 878//878 818//818 1677//1677
f 763//763 818//818 878//878
f 763//763 878//878 877//877
f 1677//1677 818//818 820//820
f 1738//1738 3189//3189 1836//1836
f 119//119 3190//3190 1204//1204
f 1204//1204 3190//3190 816//816
f 879//879 792//792 730//730
f 810//810 3191//3191 730//730
f 852//852 851//851 885//885
f 3//3 2//2 1823//1823
f 3191//3191 860//860 879//879
f 3134//3134 273//273 272//272
f 118//118 230//230 229//229
f 3192//3192 3193//3193 1670//1670
f 172//172 1688//1688 3194//3194
f 652//652 3126//3126 13//13
f 1693//1693 264//264 1778//1778
f 266//266 264//264 1693//1693
f 1614//1614 3195//3195 3196//3196
f 1614//1614 3196//3196 3197//3197
f 817//817 1204//1204 816//816
f 816//816 3190//3190 1724//1724
f 3085//3085 947//947 1731//1731
f 849//849 850//850 838//838
f 241//241 895//895 885//885
f 180//180 874//874 887//887
f 180//180 887//887 872//872
f 821//821 870//870 853//853
f 855//855 853//853 870//870
f 3198//3198 1670//1670 3193//3193
f 3199//3199 838//838 1218//1218
f 849//849 838//838 3199//3199
f 837//837 1218//1218 838//838
f 822//822 823//823 893//893
f 871//871 118//118 226//226
f 118//118 871//871 230//230
f 230//230 893//893 31//31
f 870//870 892//892 871//871
f 822//822 892//892 870//870
f 3200//3200 1625//1625 1629//1629
f 804//804 1698//1698 1700//1700
f 1648//1648 120//120 229//229
f 1057//1057 605//605 3200//3200
f 820//820 3201//3201 1677//1677
f 728//728 1662//1662 810//810
f 3201//3201 1663//1663 1677//1677
f 3197//3197 1662//1662 1663//1663
f 3197//3197 1663//1663 3202//3202
f 810//810 1662//1662 3197//3197
f 810//810 3197//3197 3196//3196
f 1584//1584 1614//1614 3203//3203
f 3203//3203 1585//1585 1584//1584
f 671//671 30//30 217//217
f 1724//1724 1585//1585 3204//3204
f 3194//3194 3205//3205 859//859
f 3206//3206 3205//3205 3194//3194
f 1688//1688 3206//3206 3194//3194
f 3202//3202 3204//3204 1585//1585
f 3202//3202 1585//1585 3203//3203
f 3202//3202 3203//3203 3197//3197
f 3203//3203 1614//1614 3197//3197
f 3206//3206 3195//3195 3205//3205
f 3195//3195 3206//3206 3196//3196
f 1691//1691 3204//3204 3202//3202
f 3202//3202 3201//3201 1691//1691
f 3202//3202 1663//1663 3201//3201
f 820//820 1691//1691 3201//3201
f 810//810 3196//3196 3191//3191
f 3191//3191 879//879 730//730
f 860//860 3191//3191 3206//3206
f 860//860 3206//3206 1688//1688
f 3206//3206 3191//3191 3196//3196
f 1724//1724 3204//3204 816//816
f 816//816 3204//3204 808//808
f 762//762 3181//3181 886//886
f 798//798 815//815 276//276
f 276//276 275//275 798//798
f 865//865 815//815 3207//3207
f 815//815 3181//3181 3207//3207
f 242//242 1678//1678 867//867
f 865//865 814//814 815//815
f 133//133 880//880 180//180
f 1032//1032 1193//1193 1192//1192
f 1192//1192 129//129 1032//1032
f 856//856 825//825 292//292
f 831//831 1199//1199 1206//1206
f 639//639 638//638 827//827
f 3157//3157 827//827 1689//1689
f 827//827 3157//3157 791//791
f 793//793 620//620 794//794
f 872//872 832//832 894//894
f 887//887 3181//3181 872//872
f 886//886 3181//3181 887//887
f 815//815 832//832 872//872
f 815//815 872//872 3181//3181
f 253//253 886//886 887//887
f 634//634 3208//3208 844//844
f 802//802 679//679 3208//3208
f 679//679 844//844 3208//3208
f 934//934 844//844 679//679
f 891//891 844//844 934//934
f 1372//1372 3209//3209 90//90
f 3183//3183 1416//1416 915//915
f 634//634 842//842 3208//3208
f 3210//3210 3183//3183 3211//3211
f 758//758 896//896 3211//3211
f 758//758 3211//3211 891//891
f 843//843 3211//3211 3183//3183
f 891//891 3211//3211 843//843
f 842//842 132//132 3208//3208
f 132//132 802//802 3208//3208
f 462//462 2690//2690 1043//1043
f 1001//1001 2679//2679 3212//3212
f 3212//3212 85//85 1001//1001
f 3174//3174 3213//3213 2254//2254
f 1188//1188 1211//1211 906//906
f 1183//1183 1184//1184 1323//1323
f 900//900 1278//1278 757//757
f 931//931 186//186 3214//3214
f 931//931 3214//3214 2948//2948
f 1190//1190 129//129 1192//1192
f 757//757 1307//1307 913//913
f 2957//2957 2960//2960 2947//2947
f 811//811 899//899 981//981
f 962//962 899//899 811//811
f 897//897 981//981 899//899
f 1214//1214 1378//1378 1066//1066
f 3215//3215 1378//1378 1214//1214
f 3215//3215 1214//1214 1215//1215
f 1527//1527 3215//3215 1215//1215
f 964//964 3215//3215 1527//1527
f 1378//1378 3215//3215 964//964
f 1277//1277 92//92 187//187
f 900//900 92//92 1277//1277
f 934//934 92//92 900//900
f 187//187 92//92 69//69
f 69//69 67//67 187//187
f 802//802 91//91 679//679
f 1449//1449 1539//1539 1503//1503
f 1449//1449 1503//1503 1320//1320
f 3216//3216 3217//3217 3218//3218
f 929//929 930//930 1278//1278
f 1277//1277 929//929 1278//1278
f 1278//1278 930//930 1307//1307
f 1307//1307 757//757 1278//1278
f 3187//3187 338//338 295//295
f 338//338 3187//3187 2953//2953
f 926//926 2737//2737 2946//2946
f 927//927 2737//2737 926//926
f 2948//2948 3214//3214 2947//2947
f 2947//2947 3214//3214 2957//2957
f 2957//2957 3214//3214 3162//3162
f 3162//3162 3214//3214 186//186
f 803//803 3162//3162 186//186
f 2947//2947 2960//2960 961//961
f 803//803 68//68 785//785
f 1300//1300 1334//1334 1298//1298
f 295//295 961//961 2960//2960
f 295//295 2960//2960 3187//3187
f 1538//1538 1526//1526 1525//1525
f 1479//1479 1526//1526 1538//1538
f 3219//3219 1300//1300 1447//1447
f 2980//2980 3169//3169 2994//2994
f 2994//2994 3169//3169 2951//2951
f 2253//2253 2946//2946 2737//2737
f 2254//2254 2946//2946 2253//2253
f 959//959 3213//3213 957//957
f 3213//3213 959//959 2254//2254
f 922//922 155//155 944//944
f 944//944 945//945 922//922
f 2677//2677 974//974 1130//1130
f 2675//2675 2677//2677 1130//1130
f 1042//1042 2690//2690 1035//1035
f 2658//2658 1000//1000 87//87
f 1002//1002 155//155 922//922
f 3213//3213 2977//2977 957//957
f 3221//3221 3220//3220 932//932
f 2687//2687 3221//3221 2716//2716
f 491//491 869//869 500//500
f 3222//3222 2505//2505 2715//2715
f 2689//2689 1041//1041 2690//2690
f 1725//1725 2699//2699 2747//2747
f 2252//2252 501//501 3174//3174
f 946//946 2721//2721 499//499
f 3213//3213 3174//3174 2977//2977
f 3174//3174 501//501 499//499
f 499//499 2721//2721 3174//3174
f 2721//2721 812//812 3174//3174
f 3174//3174 812//812 2977//2977
f 2977//2977 812//812 813//813
f 812//812 2721//2721 963//963
f 1044//1044 1120//1120 1117//1117
f 922//922 923//923 991//991
f 1034//1034 1041//1041 7//7
f 463//463 1043//1043 1004//1004
f 462//462 1043//1043 463//463
f 991//991 463//463 1004//1004
f 1039//1039 3223//3223 1120//1120
f 1044//1044 1042//1042 1120//1120
f 1034//1034 1040//1040 985//985
f 3223//3223 1118//1118 1120//1120
f 3224//3224 86//86 760//760
f 1034//1034 1035//1035 2690//2690
f 1041//1041 1034//1034 2690//2690
f 236//236 1572//1572 1297//1297
f 261//261 1325//1325 263//263
f 1666//1666 1685//1685 1202//1202
f 2958//2958 3225//3225 2959//2959
f 3225//3225 2958//2958 955//955
f 1043//1043 1003//1003 1004//1004
f 922//922 1004//1004 1002//1002
f 991//991 1004//1004 922//922
f 86//86 3224//3224 87//87
f 1126//1126 485//485 760//760
f 1126//1126 760//760 86//86
f 86//86 482//482 1126//1126
f 909//909 2673//2673 2674//2674
f 139//139 383//383 1410//1410
f 1443//1443 1390//1390 1050//1050
f 1443//1443 1050//1050 974//974
f 1130//1130 974//974 1128//1128
f 2673//2673 909//909 9//9
f 9//9 1041//1041 2673//2673
f 3224//3224 2658//2658 87//87
f 985//985 1040//1040 987//987
f 1122//1122 363//363 2658//2658
f 364//364 363//363 1122//1122
f 365//365 364//364 8//8
f 386//386 3226//3226 727//727
f 1139//1139 2665//2665 461//461
f 994//994 107//107 105//105
f 909//909 2693//2693 365//365
f 2695//2695 2693//2693 909//909
f 2674//2674 2695//2695 909//909
f 2674//2674 2667//2667 2695//2695
f 988//988 485//485 1126//1126
f 1135//1135 486//486 485//485
f 1135//1135 485//485 988//988
f 484//484 1121//1121 760//760
f 100//100 102//102 985//985
f 1121//1121 3224//3224 760//760
f 114//114 2646//2646 2602//2602
f 114//114 2602//2602 149//149
f 986//986 100//100 985//985
f 2646//2646 1121//1121 484//484
f 986//986 1121//1121 2646//2646
f 1122//1122 3224//3224 1121//1121
f 2658//2658 3224//3224 1122//1122
f 987//987 1123//1123 986//986
f 114//114 100//100 986//986
f 2646//2646 484//484 2602//2602
f 486//486 1110//1110 2602//2602
f 2602//2602 1110//1110 149//149
f 1083//1083 996//996 1005//1005
f 1083//1083 1005//1005 1037//1037
f 996//996 1083//1083 965//965
f 997//997 1077//1077 1137//1137
f 1077//1077 966//966 1073//1073
f 2706//2706 967//967 1025//1025
f 1272//1272 167//167 1091//1091
f 1187//1187 1023//1023 1137//1137
f 1138//1138 3223//3223 1136//1136
f 90//90 3209//3209 1124//1124
f 997//997 1136//1136 102//102
f 997//997 1137//1137 1136//1136
f 102//102 1039//1039 1036//1036
f 1136//1136 1039//1039 102//102
f 1039//1039 1136//1136 3223//3223
f 985//985 102//102 1036//1036
f 966//966 967//967 2706//2706
f 1075//1075 1024//1024 1073//1073
f 1073//1073 1024//1024 1187//1187
f 1035//1035 1120//1120 1042//1042
f 1120//1120 1035//1035 1039//1039
f 1164//1164 1403//1403 1338//1338
f 487//487 2683//2683 1095//1095
f 2215//2215 2216//2216 177//177
f 243//243 1003//1003 1044//1044
f 243//243 3227//3227 1134//1134
f 1117//1117 243//243 1044//1044
f 1117//1117 1085//1085 3227//3227
f 1117//1117 3227//3227 243//243
f 1085//1085 1087//1087 3227//3227
f 1052//1052 1396//1396 194//194
f 3228//3228 1273//1273 70//70
f 1395//1395 1407//1407 1399//1399
f 1007//1007 151//151 439//439
f 1496//1496 840//840 248//248
f 88//88 1051//1051 1160//1160
f 1273//1273 1098//1098 167//167
f 1213//1213 1065//1065 1188//1188
f 1213//1213 1066//1066 1065//1065
f 1024//1024 1075//1075 1182//1182
f 1066//1066 1378//1378 1134//1134
f 1165//1165 3227//3227 1087//1087
f 1134//1134 3227//3227 1165//1165
f 1165//1165 1066//1066 1134//1134
f 79//79 1111//1111 486//486
f 79//79 486//486 1135//1135
f 1111//1111 1096//1096 1005//1005
f 1096//1096 1111//1111 1109//1109
f 1110//1110 1111//1111 1005//1005
f 1005//1005 149//149 1110//1110
f 1138//1138 1118//1118 3223//3223
f 1119//1119 1118//1118 1138//1138
f 1022//1022 1119//1119 1138//1138
f 1022//1022 1138//1138 1023//1023
f 1119//1119 1022//1022 1260//1260
f 1104//1104 1095//1095 2683//2683
f 1536//1536 1393//1393 1380//1380
f 1375//1375 1050//1050 1390//1390
f 1339//1339 1054//1054 1053//1053
f 1260//1260 1022//1022 1182//1182
f 1158//1158 1385//1385 1157//1157
f 1147//1147 1148//1148 1347//1347
f 3229//3229 1150//1150 244//244
f 1260//1260 1182//1182 1007//1007
f 1007//1007 1182//1182 1006//1006
f 248//248 1364//1364 1496//1496
f 1133//1133 1064//1064 1082//1082
f 1647//1647 975//975 1272//1272
f 764//764 975//975 1647//1647
f 765//765 764//764 1647//1647
f 1063//1063 1070//1070 247//247
f 1272//1272 975//975 1105//1105
f 1384//1384 2691//2691 2574//2574
f 245//245 2691//2691 1384//1384
f 1384//1384 244//244 245//245
f 1005//1005 1096//1096 1037//1037
f 1105//1105 977//977 245//245
f 245//245 3230//3230 1105//1105
f 3230//3230 147//147 148//148
f 3230//3230 245//245 147//147
f 1105//1105 3230//3230 1272//1272
f 148//148 72//72 3230//3230
f 3230//3230 72//72 1272//1272
f 72//72 70//70 1272//1272
f 1142//1142 1383//1383 1415//1415
f 1099//1099 1100//1100 1102//1102
f 1049//1049 1147//1147 1239//1239
f 1074//1074 1161//1161 3231//3231
f 1364//1364 1353//1353 1354//1354
f 1354//1354 1496//1496 1364//1364
f 1158//1158 3229//3229 244//244
f 1159//1159 3229//3229 1158//1158
f 90//90 1124//1124 764//764
f 246//246 1364//1364 248//248
f 71//71 1363//1363 3228//3228
f 3228//3228 70//70 71//71
f 449//449 1658//1658 1157//1157
f 1157//1157 1385//1385 449//449
f 384//384 1408//1408 3232//3232
f 973//973 1658//1658 450//450
f 384//384 3232//3232 385//385
f 1282//1282 1052//1052 1054//1054
f 902//902 71//71 72//72
f 449//449 2573//2573 451//451
f 1364//1364 1486//1486 166//166
f 1151//1151 1152//1152 901//901
f 902//902 901//901 1152//1152
f 1384//1384 1158//1158 244//244
f 234//234 236//236 1173//1173
f 2574//2574 1385//1385 1384//1384
f 1124//1124 3209//3209 1025//1025
f 1084//1084 1037//1037 1038//1038
f 1038//1038 3233//3233 1084//1084
f 108//108 46//46 1294//1294
f 2574//2574 2691//2691 3233//3233
f 3233//3233 1038//1038 2574//2574
f 1082//1082 152//152 1133//1133
f 150//150 152//152 1082//1082
f 451//451 2573//2573 1038//1038
f 449//449 1385//1385 2573//2573
f 1135//1135 989//989 1048//1048
f 79//79 1135//1135 1048//1048
f 1403//1403 1163//1163 1239//1239
f 990//990 988//988 3234//3234
f 3234//3234 988//988 1125//1125
f 1125//1125 988//988 1126//1126
f 2351//2351 1129//1129 3234//3234
f 2351//2351 3234//3234 1125//1125
f 1175//1175 1115//1115 1093//1093
f 1063//1063 1064//1064 1131//1131
f 1093//1093 1115//1115 1080//1080
f 1075//1075 3231//3231 1006//1006
f 1006//1006 1182//1182 1075//1075
f 1162//1162 1006//1006 3231//3231
f 162//162 1006//1006 1162//1162
f 3233//3233 2691//2691 1106//1106
f 1025//1025 3209//3209 2706//2706
f 977//977 1106//1106 2691//2691
f 1073//1073 966//966 2706//2706
f 1084//1084 3233//3233 1106//1106
f 1026//1026 1084//1084 1106//1106
f 2706//2706 3209//3209 1074//1074
f 1074//1074 3209//3209 1372//1372
f 1160//1160 162//162 1162//1162
f 1129//1129 990//990 3234//3234
f 1128//1128 972//972 1129//1129
f 1129//1129 972//972 990//990
f 1041//1041 2689//2689 2673//2673
f 1074//1074 3231//3231 1075//1075
f 1493//1493 3235//3235 1389//1389
f 1050//1050 1149//1149 1147//1147
f 1081//1081 1080//1080 1115//1115
f 1115//1115 1175//1175 1197//1197
f 1175//1175 1186//1186 1197//1197
f 1113//1113 1112//1112 1090//1090
f 1090//1090 1112//1112 1108//1108
f 130//130 1156//1156 182//182
f 1116//1116 1156//1156 1045//1045
f 440//440 1169//1169 1012//1012
f 1169//1169 1212//1212 1065//1065
f 1065//1065 1212//1212 1188//1188
f 1535//1535 1441//1441 1554//1554
f 1212//1212 1169//1169 440//440
f 1155//1155 1212//1212 440//440
f 1014//1014 1088//1088 933//933
f 933//933 1088//1088 145//145
f 1088//1088 1014//1014 1113//1113
f 1113//1113 1014//1014 1013//1013
f 842//842 633//633 133//133
f 1418//1418 1213//1213 1188//1188
f 1213//1213 1418//1418 1216//1216
f 1216//1216 1418//1418 1013//1013
f 898//898 1216//1216 1013//1013
f 1368//1368 1366//1366 1365//1365
f 153//153 1378//1378 964//964
f 831//831 1416//1416 829//829
f 3210//3210 1416//1416 3183//3183
f 1340//1340 1543//1543 3236//3236
f 963//963 153//153 964//964
f 146//146 1107//1107 1190//1190
f 1416//1416 3210//3210 146//146
f 1190//1190 1416//1416 146//146
f 829//829 1416//1416 1190//1190
f 1192//1192 829//829 1190//1190
f 866//866 1206//1206 1199//1199
f 1199//1199 868//868 866//866
f 1500//1500 1207//1207 1664//1664
f 1664//1664 1588//1588 1500//1500
f 916//916 1206//1206 866//866
f 1210//1210 176//176 74//74
f 1219//1219 1210//1210 74//74
f 1175//1175 1017//1017 917//917
f 1072//1072 1071//1071 1018//1018
f 863//863 862//862 1340//1340
f 1196//1196 1194//1194 1544//1544
f 873//873 1198//1198 1195//1195
f 53//53 1195//1195 1198//1198
f 181//181 1033//1033 131//131
f 1210//1210 1033//1033 181//181
f 181//181 1198//1198 1210//1210
f 1330//1330 1170//1170 1402//1402
f 1383//1383 1543//1543 1368//1368
f 3236//3236 1543//1543 1383//1383
f 1076//1076 1016//1016 862//862
f 1340//1340 862//862 1366//1366
f 1368//1368 1340//1340 1366//1366
f 1143//1143 1402//1402 1383//1383
f 1033//1033 1219//1219 1032//1032
f 1032//1032 1219//1219 1220//1220
f 1322//1322 1351//1351 1550//1550
f 1032//1032 1220//1220 1193//1193
f 1399//1399 384//384 383//383
f 1414//1414 1399//1399 383//383
f 156//156 1669//1669 1178//1178
f 1344//1344 1401//1401 1343//1343
f 1352//1352 1669//1669 1355//1355
f 1221//1221 1344//1344 1019//1019
f 921//921 73//73 3237//3237
f 3236//3236 1402//1402 1227//1227
f 1054//1054 3238//3238 1283//1283
f 1337//1337 3238//3238 1054//1054
f 1208//1208 1207//1207 1499//1499
f 1574//1574 3239//3239 1576//1576
f 3240//3240 1630//1630 3239//3239
f 1217//1217 240//240 1241//1241
f 1200//1200 1241//1241 240//240
f 1077//1077 1073//1073 1187//1187
f 996//996 1077//1077 997//997
f 1061//1061 1069//1069 1295//1295
f 1061//1061 1295//1295 1060//1060
f 1232//1232 1060//1060 1231//1231
f 1233//1233 3241//3241 3242//3242
f 1233//1233 3242//3242 1019//1019
f 1233//1233 3243//3243 3241//3241
f 3237//3237 73//73 1243//1243
f 1652//1652 1651//1651 1667//1667
f 828//828 3242//3242 75//75
f 75//75 3242//3242 3241//3241
f 1019//1019 3242//3242 828//828
f 1019//1019 828//828 1221//1221
f 75//75 3241//3241 73//73
f 1243//1243 73//73 3243//3243
f 3241//3241 3243//3243 73//73
f 921//921 3237//3237 920//920
f 3199//3199 1218//1218 3244//3244
f 3210//3210 3211//3211 896//896
f 896//896 146//146 3210//3210
f 1240//1240 919//919 920//920
f 1108//1108 1156//1156 130//130
f 1112//1112 1045//1045 1156//1156
f 1108//1108 1112//1112 1156//1156
f 1176//1176 1174//1174 907//907
f 1064//1064 1133//1133 1131//1131
f 1132//1132 1160//1160 1070//1070
f 1160//1160 1051//1051 1070//1070
f 1068//1068 3245//3245 1069//1069
f 3244//3244 1241//1241 1240//1240
f 1031//1031 1241//1241 1200//1200
f 1217//1217 1241//1241 1218//1218
f 1218//1218 1241//1241 3244//3244
f 1031//1031 1030//1030 1271//1271
f 1217//1217 837//837 895//895
f 1242//1242 849//849 3199//3199
f 1314//1314 3246//3246 1313//1313
f 1262//1262 3247//3247 3248//3248
f 3250//3250 3247//3247 3249//3249
f 3249//3249 1490//1490 3250//3250
f 1248//1248 1274//1274 1332//1332
f 1225//1225 1224//1224 1324//1324
f 1305//1305 1324//1324 1224//1224
f 1345//1345 1291//1291 1226//1226
f 1226//1226 1225//1225 1345//1345
f 1345//1345 1225//1225 1289//1289
f 1291//1291 1345//1345 1274//1274
f 1303//1303 1291//1291 3251//3251
f 1303//1303 3251//3251 1569//1569
f 1208//1208 1569//1569 3251//3251
f 1208//1208 3251//3251 1571//1571
f 1291//1291 1292//1292 3251//3251
f 1292//1292 1571//1571 3251//3251
f 1499//1499 1322//1322 1317//1317
f 1620//1620 1255//1255 1641//1641
f 1317//1317 1322//1322 1550//1550
f 115//115 116//116 1185//1185
f 1595//1595 1601//1601 125//125
f 1352//1352 1355//1355 1351//1351
f 1351//1351 1355//1355 117//117
f 117//117 1570//1570 116//116
f 117//117 1671//1671 1570//1570
f 1356//1356 1671//1671 117//117
f 1441//1441 1323//1323 1359//1359
f 1671//1671 1166//1166 1167//1167
f 848//848 1651//1651 850//850
f 2683//2683 1492//1492 1490//1490
f 1166//1166 3252//3252 1313//1313
f 1313//1313 3253//3253 1166//1166
f 1233//1233 1021//1021 3243//3243
f 1344//1344 1400//1400 1401//1401
f 1203//1203 1586//1586 1666//1666
f 1220//1220 1271//1271 1306//1306
f 3229//3229 1151//1151 1150//1150
f 192//192 1353//1353 1097//1097
f 1097//1097 1102//1102 192//192
f 1342//1342 1336//1336 1590//1590
f 1103//1103 1590//1590 1336//1336
f 1315//1315 1312//1312 1341//1341
f 1341//1341 1590//1590 1315//1315
f 1590//1590 1104//1104 1315//1315
f 1104//1104 1590//1590 1103//1103
f 3249//3249 2683//2683 1490//1490
f 1400//1400 1344//1344 863//863
f 1430//1430 136//136 1546//1546
f 863//863 1344//1344 861//861
f 1651//1651 848//848 1667//1667
f 1667//1667 848//848 1666//1666
f 290//290 292//292 825//825
f 1202//1202 1676//1676 1229//1229
f 1196//1196 1544//1544 1344//1344
f 1196//1196 1344//1344 1221//1221
f 1229//1229 1669//1669 1352//1352
f 1229//1229 1352//1352 1201//1201
f 1316//1316 1104//1104 3249//3249
f 1228//1228 1171//1171 1400//1400
f 1499//1499 1203//1203 1321//1321
f 1586//1586 1203//1203 1499//1499
f 1166//1166 1671//1671 3252//3252
f 1671//1671 1356//1356 3252//3252
f 824//824 263//263 1325//1325
f 1650//1650 262//262 979//979
f 863//863 1228//1228 1400//1400
f 1330//1330 1141//1141 1335//1335
f 1329//1329 1330//1330 1335//1335
f 1141//1141 1330//1330 1402//1402
f 1141//1141 1402//1402 1143//1143
f 1227//1227 1228//1228 3236//3236
f 585//585 640//640 1626//1626
f 3254//3254 3246//3246 1314//1314
f 3247//3247 3254//3254 1314//1314
f 1324//1324 1290//1290 1225//1225
f 1316//1316 3247//3247 1314//1314
f 1315//1315 1316//1316 1314//1314
f 115//115 1351//1351 117//117
f 1669//1669 1356//1356 1355//1355
f 3255//3255 1342//1342 1356//1356
f 1356//1356 1342//1342 1312//1312
f 1669//1669 3255//3255 1356//1356
f 1312//1312 3252//3252 1356//1356
f 1336//1336 3255//3255 1349//1349
f 1349//1349 1329//1329 1336//1336
f 3255//3255 1336//1336 1342//1342
f 1349//1349 1094//1094 1329//1329
f 3255//3255 1669//1669 156//156
f 1349//1349 3255//3255 156//156
f 167//167 168//168 1091//1091
f 1301//1301 1382//1382 1367//1367
f 1301//1301 840//840 1382//1382
f 1301//1301 841//841 840//840
f 1382//1382 1368//1368 1367//1367
f 141//141 1415//1415 1421//1421
f 1496//1496 193//193 840//840
f 902//902 1164//1164 1362//1362
f 1406//1406 1282//1282 1283//1283
f 1395//1395 1282//1282 1406//1406
f 1100//1100 1099//1099 3228//3228
f 3228//3228 1363//1363 1100//1100
f 193//193 1382//1382 840//840
f 1338//1338 1346//1346 1337//1337
f 1346//1346 1338//1338 1347//1347
f 1338//1338 1403//1403 1347//1347
f 1098//1098 3228//3228 1099//1099
f 1273//1273 3228//3228 1098//1098
f 1102//1102 1101//1101 194//194
f 1283//1283 3238//3238 1337//1337
f 1283//1283 1337//1337 1346//1346
f 3256//3256 1443//1443 941//941
f 983//983 3258//3258 3257//3257
f 1377//1377 983//983 3257//3257
f 164//164 188//188 6//6
f 1392//1392 1391//1391 3259//3259
f 1104//1104 2683//2683 3249//3249
f 1391//1391 1443//1443 3259//3259
f 1391//1391 1390//1390 1443//1443
f 1244//1244 1149//1149 1050//1050
f 1244//1244 1050//1050 1375//1375
f 71//71 902//902 1362//1362
f 1377//1377 3257//3257 1438//1438
f 136//136 169//169 138//138
f 1417//1417 938//938 4//4
f 4//4 938//938 1381//1381
f 1163//1163 1403//1403 1164//1164
f 1354//1354 192//192 193//193
f 1159//1159 1157//1157 1049//1049
f 3256//3256 3261//3261 3260//3260
f 1389//1389 3235//3235 1422//1422
f 135//135 1493//1493 1494//1494
f 1157//1157 1658//1658 1049//1049
f 1658//1658 973//973 1049//1049
f 974//974 1049//1049 973//973
f 1161//1161 1162//1162 3231//3231
f 246//246 1486//1486 1364//1364
f 1364//1364 166//166 1097//1097
f 1097//1097 166//166 1098//1098
f 1151//1151 901//901 1150//1150
f 3229//3229 1049//1049 1151//1151
f 1159//1159 1049//1049 3229//3229
f 1486//1486 168//168 166//166
f 1053//1053 1100//1100 1363//1363
f 1053//1053 1363//1363 1361//1361
f 1053//1053 1361//1361 1339//1339
f 1339//1339 1361//1361 1338//1338
f 1362//1362 1338//1338 1361//1361
f 1164//1164 1338//1338 1362//1362
f 138//138 139//139 1410//1410
f 1407//1407 1408//1408 384//384
f 1374//1374 3232//3232 1357//1357
f 1374//1374 1357//1357 1244//1244
f 3232//3232 1408//1408 1357//1357
f 136//136 135//135 1494//1494
f 194//194 1331//1331 1052//1052
f 1399//1399 3262//3262 1396//1396
f 1414//1414 3262//3262 1399//1399
f 1415//1415 3262//3262 1414//1414
f 194//194 3262//3262 1415//1415
f 1396//1396 3262//3262 194//194
f 1383//1383 1402//1402 3236//3236
f 1504//1504 1525//1525 3263//3263
f 1544//1544 1076//1076 861//861
f 1340//1340 3236//3236 1228//1228
f 1415//1415 1383//1383 193//193
f 1142//1142 1143//1143 1383//1383
f 3232//3232 3264//3264 385//385
f 1423//1423 3264//3264 3232//3232
f 1374//1374 1423//1423 3232//3232
f 2682//2682 1421//1421 1420//1420
f 1420//1420 1492//1492 2682//2682
f 2682//2682 487//487 1421//1421
f 1421//1421 487//487 141//141
f 2518//2518 2383//2383 2591//2591
f 135//135 137//137 3264//3264
f 385//385 3264//3264 137//137
f 1386//1386 1429//1429 942//942
f 1387//1387 1429//1429 1386//1386
f 385//385 137//137 1410//1410
f 1410//1410 137//137 136//136
f 1428//1428 1665//1665 1427//1427
f 3256//3256 1428//1428 3261//3261
f 3261//3261 1428//1428 188//188
f 983//983 982//982 3258//3258
f 3235//3235 1493//1493 135//135
f 3235//3235 135//135 3264//3264
f 3264//3264 1423//1423 3235//3235
f 1422//1422 3235//3235 1423//1423
f 974//974 942//942 1443//1443
f 2220//2220 2598//2598 2218//2218
f 1430//1430 1546//1546 1373//1373
f 1422//1422 1390//1390 1389//1389
f 163//163 164//164 1373//1373
f 165//165 3261//3261 188//188
f 163//163 1546//1546 1494//1494
f 5//5 1373//1373 6//6
f 3260//3260 1443//1443 3256//3256
f 3259//3259 1443//1443 3260//3260
f 3260//3260 3261//3261 3259//3259
f 3261//3261 1392//1392 3259//3259
f 1392//1392 3261//3261 165//165
f 1381//1381 1380//1380 1393//1393
f 1433//1433 1446//1446 1388//1388
f 1424//1424 940//940 938//938
f 1424//1424 938//938 1417//1417
f 1445//1445 1435//1435 1436//1436
f 1445//1445 1436//1436 1473//1473
f 1425//1425 1379//1379 939//939
f 199//199 1436//1436 1433//1433
f 1433//1433 198//198 199//199
f 1394//1394 1540//1540 4//4
f 3258//3258 1370//1370 2275//2275
f 2275//2275 1370//1370 1371//1371
f 1540//1540 1393//1393 123//123
f 1393//1393 1540//1540 1394//1394
f 1437//1437 1440//1440 1434//1434
f 1432//1432 1434//1434 1440//1440
f 1434//1434 1377//1377 1437//1437
f 1425//1425 1444//1444 1426//1426
f 3248//3248 3247//3247 3250//3250
f 1503//1503 1561//1561 1560//1560
f 1379//1379 1381//1381 939//939
f 1381//1381 938//938 939//939
f 942//942 1388//1388 943//943
f 1533//1533 1431//1431 1388//1388
f 1533//1533 1425//1425 3265//3265
f 939//939 3265//3265 1425//1425
f 1665//1665 1431//1431 940//940
f 940//940 1427//1427 1665//1665
f 1444//1444 1445//1445 1473//1473
f 1445//1445 1446//1446 1435//1435
f 3265//3265 939//939 940//940
f 1431//1431 3265//3265 940//940
f 1431//1431 1533//1533 3265//3265
f 1431//1431 1665//1665 943//943
f 1433//1433 1466//1466 1377//1377
f 1433//1433 1435//1435 1446//1446
f 1376//1376 1485//1485 1478//1478
f 1478//1478 1485//1485 1484//1484
f 942//942 1429//1429 1388//1388
f 1328//1328 346//346 347//347
f 347//347 345//345 1327//1327
f 1466//1466 1485//1485 1377//1377
f 1327//1327 345//345 982//982
f 1376//1376 1377//1377 1485//1485
f 1501//1501 1481//1481 1328//1328
f 1328//1328 1481//1481 1483//1483
f 2317//2317 2318//2318 2595//2595
f 2320//2320 2595//2595 2318//2318
f 942//942 974//974 1460//1460
f 1369//1369 1470//1470 1371//1371
f 1381//1381 1394//1394 4//4
f 3266//3266 2028//2028 1995//1995
f 159//159 1512//1512 1516//1516
f 1505//1505 1561//1561 1503//1503
f 123//123 5//5 1540//1540
f 1436//1436 1348//1348 1473//1473
f 199//199 1348//1348 1436//1436
f 123//123 1430//1430 5//5
f 1430//1430 122//122 169//169
f 1430//1430 169//169 136//136
f 1665//1665 3256//3256 941//941
f 1665//1665 1428//1428 3256//3256
f 1508//1508 1538//1538 1523//1523
f 1481//1481 1502//1502 1482//1482
f 1483//1483 1482//1482 2237//2237
f 1506//1506 1508//1508 2237//2237
f 1503//1503 1560//1560 1320//1320
f 1369//1369 346//346 1508//1508
f 2162//2162 1245//1245 1168//1168
f 1425//1425 1380//1380 1379//1379
f 1810//1810 1998//1998 1870//1870
f 1348//1348 3267//3267 1523//1523
f 1523//1523 3267//3267 1470//1470
f 1348//1348 1470//1470 3267//3267
f 200//200 1470//1470 1348//1348
f 2031//2031 1972//1972 2018//2018
f 205//205 1524//1524 1526//1526
f 1526//1526 203//203 205//205
f 983//983 1502//1502 1501//1501
f 3219//3219 1729//1729 1333//1333
f 1557//1557 3268//3268 1600//1600
f 1483//1483 346//346 1328//1328
f 1729//1729 3219//3219 1525//1525
f 1525//1525 3219//3219 3263//3263
f 204//204 2259//2259 205//205
f 3257//3257 2275//2275 1438//1438
f 3257//3257 3258//3258 2275//2275
f 200//200 1439//1439 1470//1470
f 982//982 1370//1370 3258//3258
f 984//984 1327//1327 982//982
f 3270//3270 3269//3269 2094//2094
f 929//929 187//187 186//186
f 1277//1277 187//187 929//929
f 1323//1323 1184//1184 1359//1359
f 1360//1360 1359//1359 1184//1184
f 1334//1334 3271//3271 1298//1298
f 1930//1930 1865//1865 3272//3272
f 3272//3272 3189//3189 1930//1930
f 1166//1166 3253//3253 2162//2162
f 1166//1166 2162//2162 1168//1168
f 1926//1926 3273//3273 1927//1927
f 930//930 905//905 1307//1307
f 905//905 930//930 952//952
f 1641//1641 1659//1659 223//223
f 1821//1821 1716//1716 1605//1605
f 1558//1558 3268//3268 1557//1557
f 1615//1615 213//213 1627//1627
f 1447//1447 1561//1561 1505//1505
f 1505//1505 3263//3263 3219//3219
f 3216//3216 1247//1247 3217//3217
f 3263//3263 1505//1505 1504//1504
f 1333//1333 1729//1729 1524//1524
f 1537//1537 1380//1380 1538//1538
f 1538//1538 1380//1380 1348//1348
f 1348//1348 1523//1523 1538//1538
f 1293//1293 48//48 1286//1286
f 1536//1536 1380//1380 1537//1537
f 911//911 250//250 173//173
f 3219//3219 1333//1333 1300//1300
f 1313//1313 3252//3252 1312//1312
f 1276//1276 3216//3216 1514//1514
f 1503//1503 1538//1538 1504//1504
f 1412//1412 3268//3268 1238//1238
f 3219//3219 1447//1447 1505//1505
f 1261//1261 1419//1419 1449//1449
f 1261//1261 1449//1449 1320//1320
f 2106//2106 1536//1536 1537//1537
f 3246//3246 3253//3253 1313//1313
f 918//918 1076//1076 1544//1544
f 3271//3271 1867//1867 1298//1298
f 1299//1299 1826//1826 1319//1319
f 1298//1298 1826//1826 1299//1299
f 1299//1299 1319//1319 1560//1560
f 1534//1534 1577//1577 1286//1286
f 1867//1867 1826//1826 1298//1298
f 1560//1560 1319//1319 1320//1320
f 1827//1827 1826//1826 1867//1867
f 1867//1867 1514//1514 3216//3216
f 1867//1867 3218//3218 1827//1827
f 3216//3216 3218//3218 1867//1867
f 1513//1513 1358//1358 1275//1275
f 1561//1561 1447//1447 1299//1299
f 3218//3218 1545//1545 1318//1318
f 3218//3218 1318//1318 1827//1827
f 3217//3217 1545//1545 3218//3218
f 1318//1318 1319//1319 1826//1826
f 1293//1293 1294//1294 48//48
f 1420//1420 1536//1536 1491//1491
f 2106//2106 1491//1491 1536//1536
f 2106//2106 3250//3250 1491//1491
f 3250//3250 1490//1490 1491//1491
f 3249//3249 3247//3247 1316//1316
f 1263//1263 3274//3274 3246//3246
f 3254//3254 1263//1263 3246//3246
f 3253//3253 3246//3246 3274//3274
f 1552//1552 1471//1471 196//196
f 1472//1472 1471//1471 1552//1552
f 1262//1262 3254//3254 3247//3247
f 1287//1287 1534//1534 1286//1286
f 1262//1262 3248//3248 1419//1419
f 1448//1448 3248//3248 3250//3250
f 3250//3250 2106//2106 1448//1448
f 1419//1419 3248//3248 1448//1448
f 3254//3254 1262//1262 1263//1263
f 1545//1545 3274//3274 1263//1263
f 3217//3217 3274//3274 1545//1545
f 1539//1539 1538//1538 1503//1503
f 633//633 916//916 1191//1191
f 1191//1191 880//880 633//633
f 3274//3274 3217//3217 3253//3253
f 1525//1525 1504//1504 1538//1538
f 2162//2162 3217//3217 1247//1247
f 3217//3217 2162//2162 3253//3253
f 1358//1358 1360//1360 1245//1245
f 1168//1168 1360//1360 1302//1302
f 1167//1167 1168//1168 1302//1302
f 1659//1659 1660//1660 223//223
f 1268//1268 1577//1577 1551//1551
f 1302//1302 1360//1360 1184//1184
f 1265//1265 1577//1577 1534//1534
f 1551//1551 1577//1577 1265//1265
f 1358//1358 1513//1513 1079//1079
f 1078//1078 1092//1092 1264//1264
f 1264//1264 1554//1554 1078//1078
f 108//108 1154//1154 1559//1559
f 1153//1153 1154//1154 108//108
f 1266//1266 236//236 1555//1555
f 236//236 1472//1472 1552//1552
f 1595//1595 1611//1611 1601//1601
f 212//212 1611//1611 1595//1595
f 1474//1474 1079//1079 1513//1513
f 1180//1180 1223//1223 1619//1619
f 1547//1547 1549//1549 1189//1189
f 1547//1547 1189//1189 1573//1573
f 125//125 126//126 1596//1596
f 125//125 1596//1596 1236//1236
f 1573//1573 1189//1189 197//197
f 1573//1573 197//197 1297//1297
f 197//197 1296//1296 1297//1297
f 1411//1411 1223//1223 1180//1180
f 1180//1180 1566//1566 1564//1564
f 1237//1237 1238//1238 3268//3268
f 1619//1619 1566//1566 1180//1180
f 1180//1180 1259//1259 1288//1288
f 1256//1256 1642//1642 1643//1643
f 1068//1068 1061//1061 1258//1258
f 1179//1179 3275//3275 1181//1181
f 3275//3275 1179//1179 1249//1249
f 3275//3275 1234//1234 1181//1181
f 3275//3275 1563//1563 1234//1234
f 1563//1563 3275//3275 1248//1248
f 1562//1562 1563//1563 1248//1248
f 184//184 3276//3276 1223//1223
f 1619//1619 1223//1223 3276//3276
f 3276//3276 184//184 195//195
f 1258//1258 1252//1252 1253//1253
f 3275//3275 1249//1249 1248//1248
f 1332//1332 1284//1284 1562//1562
f 1332//1332 1562//1562 1248//1248
f 1310//1310 1269//1269 910//910
f 1600//1600 236//236 1599//1599
f 236//236 1600//1600 1572//1572
f 1600//1600 1547//1547 1572//1572
f 175//175 1475//1475 1405//1405
f 175//175 1405//1405 173//173
f 1333//1333 1475//1475 1334//1334
f 1333//1333 1524//1524 1475//1475
f 1334//1334 1475//1475 3271//3271
f 3271//3271 1475//1475 1867//1867
f 2119//2119 1521//1521 1941//1941
f 2119//2119 1941//1941 3269//3269
f 1753//1753 1938//1938 3277//3277
f 1558//1558 1404//1404 1405//1405
f 3276//3276 195//195 1409//1409
f 1801//1801 1799//1799 1696//1696
f 266//266 1801//1801 1866//1866
f 280//280 279//279 1734//1734
f 1615//1615 1617//1617 214//214
f 1938//1938 3278//3278 3277//3277
f 1914//1914 286//286 1831//1831
f 712//712 1789//1789 1846//1846
f 660//660 1751//1751 271//271
f 1237//1237 1597//1597 1602//1602
f 3245//3245 3279//3279 1451//1451
f 1398//1398 1397//1397 1660//1660
f 1256//1256 1610//1610 1257//1257
f 1627//1627 1595//1595 1602//1602
f 3276//3276 1409//1409 1601//1601
f 1672//1672 1575//1575 1325//1325
f 210//210 1254//1254 211//211
f 1570//1570 1185//1185 116//116
f 1600//1600 1548//1548 1547//1547
f 1412//1412 1548//1548 3268//3268
f 1600//1600 3268//3268 1548//1548
f 1413//1413 1548//1548 1412//1412
f 1236//1236 1237//1237 1602//1602
f 1236//1236 1602//1602 125//125
f 3268//3268 1558//1558 1237//1237
f 1769//1769 1627//1627 1602//1602
f 3146//3146 1397//1397 1553//1553
f 3134//3134 1722//1722 15//15
f 273//273 3134//3134 15//15
f 1582//1582 1580//1580 1056//1056
f 1597//1597 3280//3280 1769//1769
f 1598//1598 3280//3280 1597//1597
f 1598//1598 1617//1617 3280//3280
f 1615//1615 3280//3280 1617//1617
f 3280//3280 1627//1627 1769//1769
f 1615//1615 1627//1627 3280//3280
f 1553//1553 214//214 1617//1617
f 742//742 3281//3281 648//648
f 1617//1617 1618//1618 3282//3282
f 3282//3282 1618//1618 1734//1734
f 1256//1256 1643//1643 1610//1610
f 1617//1617 3146//3146 1553//1553
f 1256//1256 1254//1254 1642//1642
f 1655//1655 1654//1654 1592//1592
f 859//859 3205//3205 857//857
f 218//218 201//201 29//29
f 1593//1593 1582//1582 1056//1056
f 3128//3128 1611//1611 212//212
f 1619//1619 3276//3276 1601//1601
f 1281//1281 1624//1624 1280//1280
f 120//120 118//118 229//229
f 3283//3283 1281//1281 1279//1279
f 1621//1621 1653//1653 1556//1556
f 1622//1622 1621//1621 1556//1556
f 3284//3284 31//31 3198//3198
f 1621//1621 1581//1581 1653//1653
f 3192//3192 889//889 3193//3193
f 3193//3193 889//889 890//890
f 889//889 3192//3192 1556//1556
f 1741//1741 1740//1740 688//688
f 3194//3194 859//859 3285//3285
f 251//251 641//641 207//207
f 1640//1640 1634//1634 1633//1633
f 3283//3283 3286//3286 3137//3137
f 1653//1653 1581//1581 3129//3129
f 1715//1715 686//686 687//687
f 1722//1722 3135//3135 858//858
f 3146//3146 1582//1582 1660//1660
f 1660//1660 1582//1582 223//223
f 223//223 1582//1582 1593//1593
f 1646//1646 3279//3279 1565//1565
f 1582//1582 1617//1617 3129//3129
f 1617//1617 1582//1582 3146//3146
f 1628//1628 1634//1634 1640//1640
f 1629//1629 1625//1625 1576//1576
f 1542//1542 1541//1541 3129//3129
f 3129//3129 1617//1617 1542//1542
f 3129//3129 1541//1541 1653//1653
f 652//652 1722//1722 651//651
f 3281//3281 742//742 1699//1699
f 1700//1700 1675//1675 806//806
f 1706//1706 219//219 1//1
f 846//846 1706//1706 3//3
f 3283//3283 3137//3137 1640//1640
f 1640//1640 3137//3137 1628//1628
f 3286//3286 3283//3283 1279//1279
f 1281//1281 3283//3283 1657//1657
f 1594//1594 1593//1593 1056//1056
f 221//221 1594//1594 3286//3286
f 3286//3286 1279//1279 221//221
f 3200//3200 1594//1594 1056//1056
f 1279//1279 1280//1280 221//221
f 1638//1638 1639//1639 1643//1643
f 1620//1620 211//211 1255//1255
f 1565//1565 1611//1611 1646//1646
f 1655//1655 1611//1611 1612//1612
f 1656//1656 1643//1643 1639//1639
f 1257//1257 3128//3128 1255//1255
f 1641//1641 1255//1255 1398//1398
f 1611//1611 1566//1566 1619//1619
f 3287//3287 1632//1632 3240//3240
f 1624//1624 1657//1657 210//210
f 1056//1056 1057//1057 3200//3200
f 1625//1625 1579//1579 1576//1576
f 3136//3136 1622//1622 3192//3192
f 3192//3192 1622//1622 1556//1556
f 1640//1640 1657//1657 3283//3283
f 3286//3286 1594//1594 3137//3137
f 1594//1594 3200//3200 3137//3137
f 3137//3137 3200//3200 1629//1629
f 1584//1584 1583//1583 1613//1613
f 663//663 653//653 651//651
f 3198//3198 856//856 1670//1670
f 892//892 230//230 871//871
f 290//290 1625//1625 605//605
f 3200//3200 605//605 1625//1625
f 3198//3198 31//31 33//33
f 1667//1667 1587//1587 1652//1652
f 1589//1589 1652//1652 1587//1587
f 893//893 230//230 892//892
f 824//824 1579//1579 290//290
f 890//890 1648//1648 3284//3284
f 888//888 1648//1648 890//890
f 856//856 3198//3198 33//33
f 1326//1326 1652//1652 1589//1589
f 3192//3192 1670//1670 3136//3136
f 3287//3287 3239//3239 1231//1231
f 1678//1678 884//884 867//867
f 292//292 3136//3136 1670//1670
f 3193//3193 3284//3284 3198//3198
f 890//890 3284//3284 3193//3193
f 1801//1801 266//266 1692//1692
f 1246//1246 1247//1247 3216//3216
f 3216//3216 1276//1276 1246//1246
f 818//818 762//762 819//819
f 3181//3181 761//761 3207//3207
f 824//824 825//825 263//263
f 264//264 265//265 978//978
f 653//653 663//663 3126//3126
f 605//605 1631//1631 291//291
f 1622//1622 291//291 1631//1631
f 120//120 1583//1583 3190//3190
f 3190//3190 1583//1583 1724//1724
f 1622//1622 3136//3136 291//291
f 119//119 120//120 3190//3190
f 855//855 226//226 225//225
f 979//979 635//635 33//33
f 3140//3140 670//670 11//11
f 1631//1631 605//605 1057//1057
f 808//808 3204//3204 1691//1691
f 875//875 867//867 884//884
f 867//867 875//875 1191//1191
f 875//875 880//880 1191//1191
f 880//880 875//875 874//874
f 229//229 31//31 3284//3284
f 3284//3284 1648//1648 229//229
f 252//252 875//875 884//884
f 647//647 1350//1350 667//667
f 1592//1592 1654//1654 3288//3288
f 3288//3288 1654//1654 1639//1639
f 3288//3288 1639//1639 1633//1633
f 1612//1612 1643//1643 1656//1656
f 1610//1610 3128//3128 1257//1257
f 1611//1611 3128//3128 1610//1610
f 1574//1574 1575//1575 1672//1672
f 1628//1628 1630//1630 1634//1634
f 1630//1630 3240//3240 1634//1634
f 1634//1634 3240//3240 1632//1632
f 1632//1632 3289//3289 3288//3288
f 3288//3288 1633//1633 1632//1632
f 3288//3288 3289//3289 1592//1592
f 3279//3279 3245//3245 1565//1565
f 3240//3240 3239//3239 3287//3287
f 1655//1655 1591//1591 1611//1611
f 1059//1059 1258//1258 1061//1061
f 1059//1059 1252//1252 1258//1258
f 1231//1231 1295//1295 3287//3287
f 3287//3287 1295//1295 3289//3289
f 1632//1632 3287//3287 3289//3289
f 1180//1180 3290//3290 1259//1259
f 1069//1069 3245//3245 1451//1451
f 1672//1672 3291//3291 1230//1230
f 1564//1564 3290//3290 1180//1180
f 1588//1588 3291//3291 1661//1661
f 1588//1588 1661//1661 1589//1589
f 3289//3289 1450//1450 1592//1592
f 3289//3289 1295//1295 1450//1450
f 3245//3245 3290//3290 1565//1565
f 1565//1565 3290//3290 1564//1564
f 3290//3290 1068//1068 1259//1259
f 1068//1068 3290//3290 3245//3245
f 1611//1611 1565//1565 1566//1566
f 1451//1451 3279//3279 1646//1646
f 1591//1591 1451//1451 1646//1646
f 1252//1252 1568//1568 1567//1567
f 1252//1252 1567//1567 1251//1251
f 1060//1060 1232//1232 3292//3292
f 3292//3292 1059//1059 1060//1060
f 1568//1568 1252//1252 3292//3292
f 1059//1059 3292//3292 1252//1252
f 1668//1668 1664//1664 1568//1568
f 1568//1568 1664//1664 1209//1209
f 1650//1650 1652//1652 262//262
f 1203//1203 1666//1666 1202//1202
f 671//671 670//670 3140//3140
f 1661//1661 3291//3291 1672//1672
f 1668//1668 3292//3292 1232//1232
f 1568//1568 3292//3292 1668//1668
f 1232//1232 3291//3291 1668//1668
f 1668//1668 3291//3291 1588//1588
f 1230//1230 3291//3291 1232//1232
f 3239//3239 1630//1630 1576//1576
f 1243//1243 848//848 849//849
f 979//979 262//262 635//635
f 33//33 635//635 856//856
f 1808//1808 24//24 666//666
f 921//921 919//919 74//74
f 3243//3243 1021//1021 3293//3293
f 1676//1676 3293//3293 1021//1021
f 1685//1685 3293//3293 1676//1676
f 848//848 3293//3293 1685//1685
f 1685//1685 1666//1666 848//848
f 3293//3293 1243//1243 3243//3243
f 1242//1242 3237//3237 1243//1243
f 3293//3293 848//848 1243//1243
f 3237//3237 1242//1242 920//920
f 1306//1306 830//830 1193//1193
f 1220//1220 1306//1306 1193//1193
f 1306//1306 1271//1271 1030//1030
f 1240//1240 1031//1031 1271//1271
f 3239//3239 1574//1574 1230//1230
f 3244//3244 920//920 1242//1242
f 3244//3244 1242//1242 3199//3199
f 850//850 1673//1673 838//838
f 838//838 1673//1673 980//980
f 1240//1240 920//920 3244//3244
f 893//893 980//980 32//32
f 823//823 980//980 893//893
f 1231//1231 3239//3239 1230//1230
f 866//866 867//867 1191//1191
f 1650//1650 1673//1673 850//850
f 1808//1808 1712//1712 795//795
f 24//24 1808//1808 795//795
f 804//804 805//805 1712//1712
f 3281//3281 1699//1699 1350//1350
f 1350//1350 648//648 3281//3281
f 1350//1350 647//647 648//648
f 671//671 3140//3140 1705//1705
f 3127//3127 1684//1684 3140//3140
f 22//22 1705//1705 1684//1684
f 1684//1684 1705//1705 3140//3140
f 670//670 672//672 12//12
f 845//845 12//12 672//672
f 846//846 1682//1682 845//845
f 671//671 217//217 216//216
f 216//216 672//672 671//671
f 216//216 846//846 672//672
f 654//654 14//14 3139//3139
f 3205//3205 3195//3195 857//857
f 1614//1614 857//857 3195//3195
f 1542//1542 857//857 1613//1613
f 1613//1613 1583//1583 1542//1542
f 3139//3139 14//14 13//13
f 654//654 658//658 644//644
f 13//13 3126//3126 3138//3138
f 49//49 50//50 143//143
f 3139//3139 13//13 3138//3138
f 1609//1609 1721//1721 1603//1603
f 3194//3194 3285//3285 172//172
f 3285//3285 272//272 172//172
f 859//859 858//858 3285//3285
f 3285//3285 858//858 3135//3135
f 272//272 3285//3285 3134//3134
f 3285//3285 3135//3135 3134//3134
f 1542//1542 858//858 857//857
f 1747//1747 1866//1866 3294//3294
f 1542//1542 1617//1617 858//858
f 272//272 170//170 172//172
f 947//947 948//948 1730//1730
f 1699//1699 742//742 1700//1700
f 1674//1674 668//668 669//669
f 668//668 1674//1674 3139//3139
f 1721//1721 1609//1609 1675//1675
f 3139//3139 1674//1674 654//654
f 1626//1626 3138//3138 3132//3132
f 3132//3132 3138//3138 663//663
f 3126//3126 663//663 3138//3138
f 652//652 665//665 1722//1722
f 665//665 15//15 1722//1722
f 215//215 1706//1706 216//216
f 170//170 273//273 1713//1713
f 273//273 14//14 1713//1713
f 170//170 1713//1713 643//643
f 609//609 62//62 707//707
f 707//707 239//239 703//703
f 1722//1722 1721//1721 651//651
f 651//651 1721//1721 3295//3295
f 3295//3295 742//742 651//651
f 1721//1721 742//742 3295//3295
f 742//742 1721//1721 1700//1700
f 29//29 202//202 30//30
f 217//217 30//30 202//202
f 1805//1805 687//687 688//688
f 2011//2011 3090//3090 3113//3113
f 1800//1800 688//688 686//686
f 1799//1799 686//686 1696//1696
f 1800//1800 686//686 1799//1799
f 1695//1695 1715//1715 3296//3296
f 1839//1839 1695//1695 3296//3296
f 1697//1697 1695//1695 1839//1839
f 3297//3297 1750//1750 1751//1751
f 1697//1697 1750//1750 3297//3297
f 949//949 1740//1740 948//948
f 1767//1767 1766//1766 3521//3521
f 1790//1790 1848//1848 1789//1789
f 949//949 1848//1848 1805//1805
f 949//949 1805//1805 1807//1807
f 949//949 1846//1846 1789//1789
f 1789//1789 1848//1848 949//949
f 1742//1742 948//948 1740//1740
f 3123//3123 420//420 418//418
f 1745//1745 1900//1900 1899//1899
f 286//286 1828//1828 284//284
f 746//746 281//281 582//582
f 1979//1979 1793//1793 1794//1794
f 577//577 38//38 1690//1690
f 577//577 1690//1690 3060//3060
f 2072//2072 1989//1989 1767//1767
f 1928//1928 745//745 3298//3298
f 1808//1808 1718//1718 1712//1712
f 3299//3299 1767//1767 3300//3300
f 2010//2010 3300//3300 1767//1767
f 3050//3050 2913//2913 3103//3103
f 3048//3048 3103//3103 3112//3112
f 1712//1712 1679//1679 795//795
f 747//747 1877//1877 3010//3010
f 1988//1988 1767//1767 1989//1989
f 3010//3010 1995//1995 747//747
f 624//624 1745//1745 1979//1979
f 1899//1899 1979//1979 1745//1745
f 2078//2078 3010//3010 320//320
f 3301//3301 1864//1864 1865//1865
f 1712//1712 218//218 1679//1679
f 766//766 3172//3172 768//768
f 1698//1698 1718//1718 1699//1699
f 1847//1847 1848//1848 3060//3060
f 1888//1888 319//319 3302//3302
f 3266//3266 1995//1995 3010//3010
f 739//739 322//322 1522//1522
f 3303//3303 1888//1888 3299//3299
f 604//604 1845//1845 602//602
f 1845//1845 604//604 1881//1881
f 1693//1693 1778//1778 1780//1780
f 1780//1780 1692//1692 1693//1693
f 316//316 1863//1863 1862//1862
f 1863//1863 316//316 726//726
f 1741//1741 1809//1809 1742//1742
f 1847//1847 3304//3304 1804//1804
f 1694//1694 759//759 274//274
f 1824//1824 1823//1823 2//2
f 3060//3060 1690//1690 3304//3304
f 1884//1884 3021//3021 1883//1883
f 1846//1846 711//711 712//712
f 1739//1739 1820//1820 1735//1735
f 726//726 711//711 1846//1846
f 1846//1846 3085//3085 726//726
f 1848//1848 1790//1790 3060//3060
f 1824//1824 2//2 1645//1645
f 3305//3305 1824//1824 1645//1645
f 1806//1806 3305//3305 1714//1714
f 1806//1806 1714//1714 687//687
f 3305//3305 1806//1806 1824//1824
f 1749//1749 278//278 280//280
f 1824//1824 1806//1806 1804//1804
f 1690//1690 1825//1825 3304//3304
f 1748//1748 269//269 1739//1739
f 1836//1836 1763//1763 752//752
f 3085//3085 1731//1731 1851//1851
f 3085//3085 1851//1851 1863//1863
f 1763//1763 3185//3185 1764//1764
f 1613//1613 857//857 1614//1614
f 1824//1824 1804//1804 3304//3304
f 1825//1825 1824//1824 3304//3304
f 3207//3207 761//761 865//865
f 1730//1730 948//948 1841//1841
f 1741//1741 688//688 1800//1800
f 1741//1741 1780//1780 1809//1809
f 1851//1851 1731//1731 1852//1852
f 1852//1852 1731//1731 1842//1842
f 1855//1855 1869//1869 676//676
f 1771//1771 1998//1998 1773//1773
f 1868//1868 1869//1869 1855//1855
f 78//78 258//258 77//77
f 1623//1623 1603//1603 1721//1721
f 666//666 1350//1350 1808//1808
f 279//279 1748//1748 1739//1739
f 1756//1756 1749//1749 1758//1758
f 1756//1756 271//271 1749//1749
f 269//269 1749//1749 271//271
f 3124//3124 3306//3306 3307//3307
f 3124//3124 3307//3307 3058//3058
f 2929//2929 3005//3005 3004//3004
f 220//220 3308//3308 1645//1645
f 1645//1645 3308//3308 3305//3305
f 3309//3309 3305//3305 3308//3308
f 3309//3309 3308//3308 3310//3310
f 3310//3310 3308//3308 220//220
f 220//220 1821//1821 3310//3310
f 1821//1821 1839//1839 3310//3310
f 1840//1840 1830//1830 1829//1829
f 1839//1839 1750//1750 1697//1697
f 3309//3309 1839//1839 3296//3296
f 3309//3309 3296//3296 3305//3305
f 1714//1714 3305//3305 3296//3296
f 1714//1714 3296//3296 1715//1715
f 3312//3312 1913//1913 3311//3311
f 1913//1913 3312//3312 1914//1914
f 752//752 1737//1737 1836//1836
f 1847//1847 3060//3060 3304//3304
f 1802//1802 1829//1829 1736//1736
f 1807//1807 1805//1805 1740//1740
f 1835//1835 1803//1803 751//751
f 1905//1905 2230//2230 1906//1906
f 3282//3282 1734//1734 279//279
f 1865//1865 1850//1850 3272//3272
f 2805//2805 2804//2804 3005//3005
f 1029//1029 3046//3046 1028//1028
f 3313//3313 2020//2020 1903//1903
f 3090//3090 3313//3313 1903//1903
f 1905//1905 1703//1703 1948//1948
f 1950//1950 1905//1905 1948//1948
f 1949//1949 1948//1948 1986//1986
f 1991//1991 3086//3086 1988//1988
f 1986//1986 1702//1702 1968//1968
f 2040//2040 2085//2085 2083//2083
f 661//661 1756//1756 1760//1760
f 1786//1786 1787//1787 1856//1856
f 3310//3310 1839//1839 3309//3309
f 220//220 1716//1716 1821//1821
f 220//220 805//805 1716//1716
f 1749//1749 1732//1732 1758//1758
f 3147//3147 3015//3015 3006//3006
f 1749//1749 1748//1748 278//278
f 1788//1788 1786//1786 1840//1840
f 1840//1840 1786//1786 744//744
f 1747//1747 265//265 1866//1866
f 661//661 1760//1760 1765//1765
f 1732//1732 1733//1733 1758//1758
f 1758//1758 1733//1733 1770//1770
f 1813//1813 1788//1788 1802//1802
f 750//750 1737//1737 752//752
f 265//265 1747//1747 1744//1744
f 1761//1761 1759//1759 1813//1813
f 1788//1788 1840//1840 1829//1829
f 1802//1802 1788//1788 1829//1829
f 1813//1813 1759//1759 1811//1811
f 1760//1760 1756//1756 1759//1759
f 1759//1759 3314//3314 1811//1811
f 1759//1759 1756//1756 3314//3314
f 1756//1756 1757//1757 3314//3314
f 1934//1934 3314//3314 1757//1757
f 1755//1755 3314//3314 1934//1934
f 1850//1850 1763//1763 1836//1836
f 1761//1761 1813//1813 1802//1802
f 1736//1736 3315//3315 1738//1738
f 3316//3316 1746//1746 1747//1747
f 2123//2123 2125//2125 2136//2136
f 1830//1830 3315//3315 1736//1736
f 745//745 1830//1830 744//744
f 1764//1764 1765//1765 1835//1835
f 1764//1764 1835//1835 751//751
f 3294//3294 1697//1697 3297//3297
f 3317//3317 1762//1762 1784//1784
f 3317//3317 1755//1755 1762//1762
f 1755//1755 3317//3317 3314//3314
f 3318//3318 3315//3315 1830//1830
f 745//745 1928//1928 3315//3315
f 1802//1802 1803//1803 1761//1761
f 1855//1855 1854//1854 1868//1868
f 1784//1784 1774//1774 1787//1787
f 1774//1774 1776//1776 1787//1787
f 1784//1784 1787//1787 3317//3317
f 1787//1787 1788//1788 1811//1811
f 1811//1811 1788//1788 1812//1812
f 3317//3317 1787//1787 1811//1811
f 3317//3317 1811//1811 3314//3314
f 745//745 3318//3318 1830//1830
f 1854//1854 1856//1856 1787//1787
f 1869//1869 678//678 676//676
f 678//678 1869//1869 1775//1775
f 3319//3319 1752//1752 1757//1757
f 1524//1524 3320//3320 1475//1475
f 1868//1868 1854//1854 1776//1776
f 1776//1776 1854//1854 1787//1787
f 1775//1775 1868//1868 1776//1776
f 1835//1835 1777//1777 1761//1761
f 1752//1752 1934//1934 1757//1757
f 1803//1803 1835//1835 1761//1761
f 1774//1774 1784//1784 1933//1933
f 1785//1785 1933//1933 1784//1784
f 1785//1785 1822//1822 1933//1933
f 3321//3321 1762//1762 1754//1754
f 1841//1841 948//948 1742//1742
f 1753//1753 3321//3321 1754//1754
f 3322//3322 3321//3321 1753//1753
f 1775//1775 1933//1933 678//678
f 1774//1774 1933//1933 1775//1775
f 3315//3315 3189//3189 1738//1738
f 2185//2185 2142//2142 427//427
f 1928//1928 3189//3189 3315//3315
f 3297//3297 1746//1746 3316//3316
f 3316//3316 3294//3294 3297//3297
f 660//660 1746//1746 1751//1751
f 1734//1734 1618//1618 1616//1616
f 1938//1938 1753//1753 1939//1939
f 3282//3282 279//279 1617//1617
f 3294//3294 3316//3316 1747//1747
f 3297//3297 1751//1751 1746//1746
f 1753//1753 1752//1752 3319//3319
f 1733//1733 3319//3319 1770//1770
f 1770//1770 3319//3319 1757//1757
f 1785//1785 1762//1762 3321//3321
f 3322//3322 3278//3278 3321//3321
f 3321//3321 3278//3278 1822//1822
f 3321//3321 1822//1822 1785//1785
f 1822//1822 3278//3278 677//677
f 1940//1940 3278//3278 1938//1938
f 1939//1939 1733//1733 1616//1616
f 1939//1939 1753//1753 1733//1733
f 1733//1733 1753//1753 3319//3319
f 1753//1753 3277//3277 3322//3322
f 1836//1836 3189//3189 3272//3272
f 1944//1944 1855//1855 3520//3520
f 1853//1853 1855//1855 1944//1944
f 1940//1940 1943//1943 3278//3278
f 676//676 677//677 3278//3278
f 1941//1941 1943//1943 3323//3323
f 1940//1940 1939//1939 3323//3323
f 1616//1616 3323//3323 1939//1939
f 1831//1831 3324//3324 1864//1864
f 1778//1778 264//264 3185//3185
f 1764//1764 3185//3185 264//264
f 978//978 265//265 1744//1744
f 1902//1902 2033//2033 2024//2024
f 1962//1962 745//745 1947//1947
f 1773//1773 1998//1998 1810//1810
f 1910//1910 1912//1912 1943//1943
f 340//340 322//322 321//321
f 3059//3059 3058//3058 3046//3046
f 1522//1522 322//322 340//340
f 1838//1838 2004//2004 2006//2006
f 3326//3326 3298//3298 3325//3325
f 3327//3327 1810//1810 1871//1871
f 1929//1929 3326//3326 3328//3328
f 1979//1979 1794//1794 624//624
f 3113//3113 1899//1899 1898//1898
f 3329//3329 3330//3330 2068//2068
f 1768//1768 1767//1767 1828//1828
f 1837//1837 2004//2004 1838//1838
f 1837//1837 283//283 2004//2004
f 3118//3118 3089//3089 3177//3177
f 1984//1984 1972//1972 2031//2031
f 1866//1866 1697//1697 3294//3294
f 1928//1928 1930//1930 3189//3189
f 264//264 978//978 1764//1764
f 1866//1866 1801//1801 1697//1697
f 2013//2013 2014//2014 2913//2913
f 3322//3322 3277//3277 3278//3278
f 1616//1616 1617//1617 3323//3323
f 1617//1617 1558//1558 1405//1405
f 1405//1405 3323//3323 1617//1617
f 1475//1475 3323//3323 1405//1405
f 3324//3324 1779//1779 1864//1864
f 1864//1864 1779//1779 1850//1850
f 3270//3270 3331//3331 1881//1881
f 2119//2119 3269//3269 3270//3270
f 3270//3270 1881//1881 2119//2119
f 1842//1842 315//315 1852//1852
f 1779//1779 3324//3324 1809//1809
f 3324//3324 1742//1742 1809//1809
f 1742//1742 3324//3324 1841//1841
f 1841//1841 3324//3324 1849//1849
f 3324//3324 1831//1831 1849//1849
f 1849//1849 1831//1831 285//285
f 1606//1606 1607//1607 2121//2121
f 2124//2124 2123//2123 3332//3332
f 2137//2137 3332//3332 2123//2123
f 1836//1836 3272//3272 1850//1850
f 3298//3298 3326//3326 1929//1929
f 1929//1929 1928//1928 3298//3298
f 1909//1909 1908//1908 2156//2156
f 2156//2156 1908//1908 1766//1766
f 1736//1736 1737//1737 750//750
f 1913//1913 1864//1864 3301//3301
f 3333//3333 3311//3311 3301//3301
f 1913//1913 3301//3301 3311//3311
f 3333//3333 3301//3301 1865//1865
f 1865//1865 1930//1930 3333//3333
f 3333//3333 1929//1929 3328//3328
f 1969//1969 3334//3334 1949//1949
f 1920//1920 3335//3335 1918//1918
f 1920//1920 1919//1919 1815//1815
f 3318//3318 745//745 3315//3315
f 2121//2121 1923//1923 310//310
f 1923//1923 2121//2121 1926//1926
f 2128//2128 2130//2130 2153//2153
f 2153//2153 2130//2130 2188//2188
f 553//553 2153//2153 2188//2188
f 1994//1994 3336//3336 2183//2183
f 2117//2117 745//745 1962//1962
f 1796//1796 1810//1810 3327//3327
f 1922//1922 2128//2128 2153//2153
f 2161//2161 3320//3320 3337//3337
f 2133//2133 2120//2120 552//552
f 2267//2267 1512//1512 2445//2445
f 1475//1475 3320//3320 3323//3323
f 205//205 3320//3320 1524//1524
f 2136//2136 3337//3337 3320//3320
f 2136//2136 3320//3320 2228//2228
f 3320//3320 2259//2259 2228//2228
f 2259//2259 3320//3320 205//205
f 1870//1870 3338//3338 1871//1871
f 3124//3124 3063//3063 3306//3306
f 3521//3521 3338//3338 3339//3339
f 1871//1871 3338//3338 3521//3521
f 3040//3040 3341//3341 3340//3340
f 3342//3342 3040//3040 3340//3340
f 1871//1871 3521//3521 3327//3327
f 1997//1997 3339//3339 3338//3338
f 1997//1997 3338//3338 1870//1870
f 1999//1999 3339//3339 1997//1997
f 3302//3302 1767//1767 3299//3299
f 3302//3302 3299//3299 1888//1888
f 3339//3339 1999//1999 2010//2010
f 2024//2024 2034//2034 607//607
f 2034//2034 1974//1974 1975//1975
f 3167//3167 3073//3073 3074//3074
f 3167//3167 3074//3074 3182//3182
f 3026//3026 2731//2731 3155//3155
f 1965//1965 59//59 1964//1964
f 341//341 309//309 308//308
f 2140//2140 341//341 308//308
f 3187//3187 2960//2960 2959//2959
f 3225//3225 1726//1726 2959//2959
f 2959//2959 1726//1726 3187//3187
f 3122//3122 3071//3071 2924//2924
f 1940//1940 3323//3323 1943//1943
f 1834//1834 2101//2101 1837//1837
f 302//302 1992//1992 1945//1945
f 3343//3343 1832//1832 1701//1701
f 3344//3344 2101//2101 1833//1833
f 1728//1728 2101//2101 3344//3344
f 3344//3344 3345//3345 1728//1728
f 1728//1728 3345//3345 1904//1904
f 3346//3346 1796//1796 3327//3327
f 1772//1772 2108//2108 3303//3303
f 3339//3339 1767//1767 3521//3521
f 1838//1838 2006//2006 1900//1900
f 3347//3347 1907//1907 3348//3348
f 1772//1772 3349//3349 2109//2109
f 1798//1798 3349//3349 1772//1772
f 1943//1943 1942//1942 1910//1910
f 3350//3350 3313//3313 2028//2028
f 3298//3298 2117//2117 3325//3325
f 3333//3333 1930//1930 1929//1929
f 2157//2157 3326//3326 3325//3325
f 3328//3328 3326//3326 3311//3311
f 3311//3311 3333//3333 3328//3328
f 1798//1798 3346//3346 3347//3347
f 1798//1798 3347//3347 3349//3349
f 3325//3325 1917//1917 1915//1915
f 2157//2157 3325//3325 1915//1915
f 3348//3348 3349//3349 3347//3347
f 1771//1771 1772//1772 3303//3303
f 3352//3352 3351//3351 1907//1907
f 1816//1816 1960//1960 3335//3335
f 1911//1911 1856//1856 1853//1853
f 1942//1942 3353//3353 2231//2231
f 1941//1941 2231//2231 3353//3353
f 1941//1941 3353//3353 1942//1942
f 2032//2032 1886//1886 1973//1973
f 1973//1973 1984//1984 2032//2032
f 1855//1855 676//676 3520//3520
f 1943//1943 3520//3520 3278//3278
f 3326//3326 2157//2157 1766//1766
f 3346//3346 1798//1798 1796//1796
f 1932//1932 1911//1911 1910//1910
f 2160//2160 2053//2053 1874//1874
f 1872//1872 2160//2160 1874//1874
f 3326//3326 1766//1766 3311//3311
f 1907//1907 1909//1909 3352//3352
f 3352//3352 1909//1909 1915//1915
f 3520//3520 676//676 3278//3278
f 1912//1912 3520//3520 1943//1943
f 2156//2156 1915//1915 1909//1909
f 3521//3521 1766//1766 3327//3327
f 712//712 3060//3060 1790//1790
f 2082//2082 2160//2160 2115//2115
f 745//745 2117//2117 3298//3298
f 1908//1908 3346//3346 1766//1766
f 3347//3347 3346//3346 1908//1908
f 1916//1916 1918//1918 3352//3352
f 1916//1916 3352//3352 1915//1915
f 1918//1918 3351//3351 3352//3352
f 3354//3354 3348//3348 1907//1907
f 3354//3354 1907//1907 3351//3351
f 3335//3335 3355//3355 3351//3351
f 3355//3355 3354//3354 3351//3351
f 3356//3356 3357//3357 3358//3358
f 3356//3356 3358//3358 317//317
f 1907//1907 3347//3347 1908//1908
f 1912//1912 1944//1944 3520//3520
f 1459//1459 366//366 1458//1458
f 3345//3345 3359//3359 1904//1904
f 657//657 3359//3359 3345//3345
f 655//655 1906//1906 2230//2230
f 1960//1960 1816//1816 1814//1814
f 3346//3346 3327//3327 1766//1766
f 2194//2194 2447//2447 112//112
f 1910//1910 2231//2231 1931//1931
f 1942//1942 2231//2231 1910//1910
f 1925//1925 2128//2128 1922//1922
f 1922//1922 1923//1923 1925//1925
f 2193//2193 2149//2149 2147//2147
f 2231//2231 3360//3360 2230//2230
f 1815//1815 1919//1919 743//743
f 1947//1947 1919//1919 1961//1961
f 2117//2117 1917//1917 3325//3325
f 1919//1919 1947//1947 743//743
f 1961//1961 1917//1917 2117//2117
f 3361//3361 3362//3362 3363//3363
f 3363//3363 582//582 3361//3361
f 3363//3363 339//339 582//582
f 2332//2332 2161//2161 3337//3337
f 2161//2161 2332//2332 2129//2129
f 655//655 3362//3362 3359//3359
f 3359//3359 657//657 655//655
f 1898//1898 2005//2005 2011//2011
f 2129//2129 2128//2128 1925//1925
f 1925//1925 1927//1927 2129//2129
f 1905//1905 2107//2107 2230//2230
f 2230//2230 2107//2107 2229//2229
f 2231//2231 2229//2229 1931//1931
f 1931//1931 2229//2229 1786//1786
f 1786//1786 1856//1856 1931//1931
f 1856//1856 1932//1932 1931//1931
f 3364//3364 1905//1905 1958//1958
f 3364//3364 1958//1958 2107//2107
f 2107//2107 1905//1905 3364//3364
f 1786//1786 3365//3365 744//744
f 2229//2229 3365//3365 1786//1786
f 2107//2107 1814//1814 2229//2229
f 743//743 3365//3365 2229//2229
f 2229//2229 1814//1814 743//743
f 744//744 3365//3365 743//743
f 1960//1960 1814//1814 1957//1957
f 1958//1958 1957//1957 1814//1814
f 1905//1905 1959//1959 1958//1958
f 1815//1815 1816//1816 1920//1920
f 1920//1920 1816//1816 3335//3335
f 1956//1956 1959//1959 1905//1905
f 1956//1956 1905//1905 1950//1950
f 3366//3366 1959//1959 1956//1956
f 3367//3367 1906//1906 656//656
f 1955//1955 1906//1906 3367//3367
f 3351//3351 1918//1918 3335//3335
f 1916//1916 1919//1919 1918//1918
f 3335//3335 3366//3366 3355//3355
f 3335//3335 1960//1960 1959//1959
f 3335//3335 1959//1959 3366//3366
f 1904//1904 3368//3368 282//282
f 1897//1897 1832//1832 3343//3343
f 1772//1772 1773//1773 1797//1797
f 3368//3368 3361//3361 582//582
f 1956//1956 1949//1949 3334//3334
f 1956//1956 3334//3334 3366//3366
f 3368//3368 582//582 282//282
f 1955//1955 3343//3343 1701//1701
f 1701//1701 1703//1703 1955//1955
f 3357//3357 3369//3369 3355//3355
f 3368//3368 3359//3359 3362//3362
f 3361//3361 3368//3368 3362//3362
f 3370//3370 2012//2012 2013//2013
f 3091//3091 3370//3370 2013//2013
f 3345//3345 3344//3344 656//656
f 656//656 1833//1833 1897//1897
f 656//656 3344//3344 1833//1833
f 3343//3343 656//656 1897//1897
f 3345//3345 656//656 657//657
f 3343//3343 3367//3367 656//656
f 1955//1955 3367//3367 3343//3343
f 655//655 656//656 1906//1906
f 1919//1919 1917//1917 1961//1961
f 1917//1917 1919//1919 1916//1916
f 3355//3355 3366//3366 3334//3334
f 3355//3355 3369//3369 3354//3354
f 3359//3359 3368//3368 1904//1904
f 1969//1969 1945//1945 1991//1991
f 1945//1945 1967//1967 1946//1946
f 314//314 304//304 303//303
f 1745//1745 2058//2058 312//312
f 3371//3371 313//313 1834//1834
f 1834//1834 1838//1838 3371//3371
f 312//312 2058//2058 314//314
f 1745//1745 570//570 2058//2058
f 1834//1834 313//313 1832//1832
f 1832//1832 313//313 601//601
f 601//601 313//313 314//314
f 3371//3371 312//312 313//313
f 1838//1838 1900//1900 3371//3371
f 312//312 1900//1900 1745//1745
f 1900//1900 312//312 3371//3371
f 1946//1946 1967//1967 303//303
f 601//601 303//303 1701//1701
f 303//303 1968//1968 1701//1701
f 1832//1832 601//601 1701//1701
f 2092//2092 2018//2018 3372//3372
f 2092//2092 3372//3372 3086//3086
f 2059//2059 1970//1970 2060//2060
f 3373//3373 1967//1967 1945//1945
f 1986//1986 1967//1967 3373//3373
f 3086//3086 3372//3372 2059//2059
f 2059//2059 3372//3372 1970//1970
f 1970//1970 3372//3372 2018//2018
f 3373//3373 1945//1945 1949//1949
f 3373//3373 1949//1949 1986//1986
f 1703//1703 1702//1702 1986//1986
f 1986//1986 1948//1948 1703//1703
f 1946//1946 303//303 302//302
f 2083//2083 2085//2085 2077//2077
f 1903//1903 2020//2020 1902//1902
f 3340//3340 3374//3374 3042//3042
f 3342//3342 3340//3340 3042//3042
f 3125//3125 1992//1992 302//302
f 2020//2020 3313//3313 2081//2081
f 1991//1991 1992//1992 3086//3086
f 1981//1981 3082//3082 3375//3375
f 3329//3329 2068//2068 1971//1971
f 1971//1971 3376//3376 1970//1970
f 3376//3376 1971//1971 2068//2068
f 1970//1970 3376//3376 2068//2068
f 1989//1989 2072//2072 1990//1990
f 3370//3370 2074//2074 1973//1973
f 2012//2012 3370//3370 1973//1973
f 1767//1767 3339//3339 2010//2010
f 2108//2108 1889//1889 1888//1888
f 2024//2024 1901//1901 1902//1902
f 2005//2005 2004//2004 1885//1885
f 2072//2072 1969//1969 1991//1991
f 2113//2113 569//569 2031//2031
f 1984//1984 1973//1973 2074//2074
f 2895//2895 3377//3377 1819//1819
f 3377//3377 2895//2895 2896//2896
f 2012//2012 1973//1973 1887//1887
f 1888//1888 3303//3303 2108//2108
f 568//568 569//569 2113//2113
f 2031//2031 569//569 2032//2032
f 2109//2109 3349//3349 3348//3348
f 2156//2156 1766//1766 2157//2157
f 1766//1766 1768//1768 3311//3311
f 3312//3312 3311//3311 1768//1768
f 3357//3357 3356//3356 3369//3369
f 3369//3369 3356//3356 3378//3378
f 3356//3356 3379//3379 3378//3378
f 3379//3379 2109//2109 3378//3378
f 3379//3379 1889//1889 2109//2109
f 317//317 1889//1889 3379//3379
f 3356//3356 317//317 3379//3379
f 3380//3380 317//317 3358//3358
f 3358//3358 1969//1969 3380//3380
f 1969//1969 3358//3358 3334//3334
f 286//286 1914//1914 1828//1828
f 3383//3383 3382//3382 3381//3381
f 1768//1768 1828//1828 1914//1914
f 3312//3312 1768//1768 1914//1914
f 3384//3384 1969//1969 318//318
f 3384//3384 3380//3380 1969//1969
f 318//318 3380//3380 3384//3384
f 318//318 317//317 3380//3380
f 3358//3358 3357//3357 3334//3334
f 3355//3355 3334//3334 3357//3357
f 3378//3378 3348//3348 3369//3369
f 3369//3369 3348//3348 3354//3354
f 3103//3103 3039//3039 3112//3112
f 3348//3348 3378//3378 2109//2109
f 1969//1969 2072//2072 319//319
f 1969//1969 319//319 318//318
f 2072//2072 3302//3302 319//319
f 1767//1767 3302//3302 2072//2072
f 1901//1901 1793//1793 3080//3080
f 2109//2109 1889//1889 2108//2108
f 2005//2005 1898//1898 2006//2006
f 3113//3113 3090//3090 3080//3080
f 603//603 1978//1978 1636//1636
f 2010//2010 1771//1771 3300//3300
f 298//298 297//297 712//712
f 2011//2011 3113//3113 1898//1898
f 3015//3015 3147//3147 3041//3041
f 3041//3041 3147//3147 3078//3078
f 2011//2011 2028//2028 3090//3090
f 3090//3090 2028//2028 3313//3313
f 3303//3303 3300//3300 1771//1771
f 3300//3300 3303//3303 3299//3299
f 746//746 1877//1877 747//747
f 3266//3266 3010//3010 2078//2078
f 3350//3350 3266//3266 2078//2078
f 2028//2028 3266//3266 3350//3350
f 1635//1635 1637//1637 3350//3350
f 1635//1635 3350//3350 2078//2078
f 2887//2887 2800//2800 2900//2900
f 543//543 2029//2029 525//525
f 2789//2789 3119//3119 2899//2899
f 607//607 2034//2034 2017//2017
f 607//607 2017//2017 2016//2016
f 2017//2017 2034//2034 1975//1975
f 3070//3070 2015//2015 2073//2073
f 3092//3092 3115//3115 2067//2067
f 2800//2800 2050//2050 2070//2070
f 3115//3115 2800//2800 2070//2070
f 2900//2900 2800//2800 3115//3115
f 2070//2070 2050//2050 2071//2071
f 3093//3093 523//523 3092//3092
f 2901//2901 2001//2001 1964//1964
f 3385//3385 2009//2009 58//58
f 58//58 2009//2009 60//60
f 3385//3385 2056//2056 2057//2057
f 2051//2051 2131//2131 2887//2887
f 2035//2035 523//523 3093//3093
f 3093//3093 2086//2086 2035//2035
f 523//523 524//524 3092//3092
f 58//58 2056//2056 3385//3385
f 2900//2900 524//524 2030//2030
f 2992//2992 2886//2886 2889//2889
f 2992//2992 2889//2889 2897//2897
f 2897//2897 617//617 2992//2992
f 617//617 2897//2897 618//618
f 1874//1874 543//543 525//525
f 2053//2053 543//543 1874//1874
f 2035//2035 2054//2054 525//525
f 2081//2081 3350//3350 1637//1637
f 3313//3313 3350//3350 2081//2081
f 3386//3386 2057//2057 2008//2008
f 2099//2099 2054//2054 2035//2035
f 2099//2099 2035//2035 2086//2086
f 1966//1966 2001//2001 2002//2002
f 1891//1891 1966//1966 2002//2002
f 2088//2088 2039//2039 2087//2087
f 2003//2003 1890//1890 2002//2002
f 2099//2099 1873//1873 2054//2054
f 1891//1891 2002//2002 1890//1890
f 3115//3115 2038//2038 2067//2067
f 2070//2070 2038//2038 3115//3115
f 1902//1902 1974//1974 2033//2033
f 3387//3387 359//359 357//357
f 1890//1890 528//528 526//526
f 359//359 3387//3387 323//323
f 323//323 325//325 359//359
f 323//323 3387//3387 593//593
f 593//593 2102//2102 323//323
f 1881//1881 3331//3331 1843//1843
f 2114//2114 2183//2183 3336//3336
f 324//324 2053//2053 2082//2082
f 539//539 538//538 2025//2025
f 527//527 2025//2025 538//538
f 1976//1976 2019//2019 1993//1993
f 1976//1976 1993//1993 393//393
f 596//596 595//595 3096//3096
f 3387//3387 594//594 593//593
f 466//466 2559//2559 476//476
f 2008//2008 527//527 3386//3386
f 1009//1009 2825//2825 2832//2832
f 2131//2131 2132//2132 2888//2888
f 58//58 59//59 1965//1965
f 2783//2783 2854//2854 2057//2057
f 2835//2835 2858//2858 2864//2864
f 2912//2912 2835//2835 2864//2864
f 2535//2535 405//405 2576//2576
f 528//528 2025//2025 527//527
f 2025//2025 528//528 2026//2026
f 2150//2150 2453//2453 3388//3388
f 357//357 358//358 2132//2132
f 2186//2186 2185//2185 428//428
f 427//427 428//428 2185//2185
f 527//527 2522//2522 3386//3386
f 594//594 2132//2132 2052//2052
f 2003//2003 2132//2132 2103//2103
f 2858//2858 2132//2132 2003//2003
f 2103//2103 2132//2132 3389//3389
f 594//594 357//357 2132//2132
f 3387//3387 357//357 594//594
f 3337//3337 2136//2136 2125//2125
f 2888//2888 2132//2132 2838//2838
f 529//529 405//405 2536//2536
f 2009//2009 2855//2855 2869//2869
f 2869//2869 2855//2855 3390//3390
f 2855//2855 2009//2009 3385//3385
f 3108//3108 3056//3056 60//60
f 3108//3108 60//60 529//529
f 1902//1902 2019//2019 1974//1974
f 2085//2085 2067//2067 2077//2077
f 2067//2067 2085//2085 3093//3093
f 1637//1637 1993//1993 2081//2081
f 3093//3093 2085//2085 2086//2086
f 3125//3125 2089//2089 1992//1992
f 1992//1992 2089//2089 3391//3391
f 1992//1992 3391//3391 3086//3086
f 2113//2113 2089//2089 3125//3125
f 3125//3125 568//568 2113//2113
f 3125//3125 304//304 568//568
f 3391//3391 2089//2089 2092//2092
f 3391//3391 2092//2092 3086//3086
f 1977//1977 1978//1978 3392//3392
f 3392//3392 1978//1978 602//602
f 2000//2000 2080//2080 602//602
f 602//602 2080//2080 3392//3392
f 3392//3392 2080//2080 2039//2039
f 3392//3392 2039//2039 2088//2088
f 3392//3392 2088//2088 1977//1977
f 2039//2039 2079//2079 2084//2084
f 2000//2000 2079//2079 2080//2080
f 2084//2084 2079//2079 2099//2099
f 2099//2099 2079//2079 2111//2111
f 1873//1873 2099//2099 2111//2111
f 2111//2111 2079//2079 2000//2000
f 2082//2082 2115//2115 1921//1921
f 1921//1921 2115//2115 1606//1606
f 1791//1791 1792//1792 3393//3393
f 1859//1859 1607//1607 1608//1608
f 1606//1606 2122//2122 1921//1921
f 2026//2026 3100//3100 2027//2027
f 2155//2155 2133//2133 552//552
f 1875//1875 1876//1876 428//428
f 342//342 343//343 357//357
f 3394//3394 1875//1875 428//428
f 2461//2461 3394//3394 428//428
f 422//422 412//412 421//421
f 428//428 1876//1876 2186//2186
f 1926//1926 1607//1607 3273//3273
f 539//539 2110//2110 537//537
f 2522//2522 537//537 1875//1875
f 1880//1880 2114//2114 2112//2112
f 528//528 1890//1890 2003//2003
f 2003//2003 2103//2103 528//528
f 528//528 2103//2103 2026//2026
f 2483//2483 2420//2420 2238//2238
f 2114//2114 3336//3336 3393//3393
f 2111//2111 1880//1880 2112//2112
f 739//739 1924//1924 1996//1996
f 2183//2183 2093//2093 1994//1994
f 1924//1924 739//739 1522//1522
f 1941//1941 3360//3360 2231//2231
f 3395//3395 2095//2095 2093//2093
f 2000//2000 1845//1845 1879//1879
f 1844//1844 1879//1879 1845//1845
f 2112//2112 2114//2114 3396//3396
f 2112//2112 3396//3396 1872//1872
f 1872//1872 1873//1873 2112//2112
f 1994//1994 1791//1791 3336//3336
f 2094//2094 1858//1858 1857//1857
f 2183//2183 3395//3395 2093//2093
f 3395//3395 1844//1844 1843//1843
f 1844//1844 3395//3395 1878//1878
f 1878//1878 3395//3395 2183//2183
f 3331//3331 2094//2094 2095//2095
f 3270//3270 2094//2094 3331//3331
f 1843//1843 3331//3331 2095//2095
f 1843//1843 2095//2095 3395//3395
f 2161//2161 3397//3397 3320//3320
f 3269//3269 1941//1941 3323//3323
f 3320//3320 3397//3397 3269//3269
f 3269//3269 3323//3323 3320//3320
f 2118//2118 2126//2126 1927//1927
f 3397//3397 1858//1858 2094//2094
f 1927//1927 3273//3273 2118//2118
f 3360//3360 3363//3363 2230//2230
f 2118//2118 3397//3397 2126//2126
f 1858//1858 3397//3397 2118//2118
f 3363//3363 340//340 339//339
f 2094//2094 3269//3269 3397//3397
f 3360//3360 1941//1941 340//340
f 3360//3360 340//340 3363//3363
f 3362//3362 2230//2230 3363//3363
f 2161//2161 2127//2127 2126//2126
f 1859//1859 2118//2118 3273//3273
f 3397//3397 2161//2161 2126//2126
f 2289//2289 2184//2184 2027//2027
f 2167//2167 2182//2182 2166//2166
f 358//358 2141//2141 397//397
f 2184//2184 2186//2186 2027//2027
f 2155//2155 2188//2188 2331//2331
f 3398//3398 3100//3100 2104//2104
f 2105//2105 3398//3398 2104//2104
f 3362//3362 655//655 2230//2230
f 3399//3399 2227//2227 2105//2105
f 3400//3400 2326//2326 2142//2142
f 2453//2453 2151//2151 2452//2452
f 2129//2129 1927//1927 2127//2127
f 3332//3332 2226//2226 2331//2331
f 2184//2184 2289//2289 2185//2185
f 3100//3100 2026//2026 2104//2104
f 2104//2104 2026//2026 2103//2103
f 2115//2115 2160//2160 1792//1792
f 2160//2160 1872//1872 3396//3396
f 1792//1792 2160//2160 3396//3396
f 1792//1792 3396//3396 3393//3393
f 3393//3393 3396//3396 2114//2114
f 3393//3393 3336//3336 1791//1791
f 1607//1607 1859//1859 3273//3273
f 429//429 2461//2461 428//428
f 2141//2141 358//358 343//343
f 537//537 2110//2110 1876//1876
f 2461//2461 1875//1875 3394//3394
f 2140//2140 343//343 341//341
f 1875//1875 3386//3386 2522//2522
f 2057//2057 3386//3386 1875//1875
f 2057//2057 1875//1875 2783//2783
f 2187//2187 3337//3337 2125//2125
f 2332//2332 3337//3337 2187//2187
f 2526//2526 473//473 474//474
f 2770//2770 512//512 3401//3401
f 2341//2341 459//459 390//390
f 2520//2520 2523//2523 2528//2528
f 2528//2528 472//472 2520//2520
f 3400//3400 2142//2142 2289//2289
f 2583//2583 2579//2579 2491//2491
f 354//354 2491//2491 2579//2579
f 2180//2180 2349//2349 2469//2469
f 3402//3402 2321//2321 2175//2175
f 2500//2500 3402//3402 2175//2175
f 2494//2494 2366//2366 3403//3403
f 397//397 2141//2141 2349//2349
f 112//112 2447//2447 113//113
f 2065//2065 2432//2432 111//111
f 2065//2065 2066//2066 2432//2432
f 1507//1507 2258//2258 2446//2446
f 2258//2258 2267//2267 2446//2446
f 2908//2908 2973//2973 2878//2878
f 2742//2742 1892//1892 936//936
f 936//936 1892//1892 2697//2697
f 3400//3400 2289//2289 3100//3100
f 2214//2214 1519//1519 329//329
f 1518//1518 1519//1519 2214//2214
f 2164//2164 2141//2141 2120//2120
f 2120//2120 2141//2141 2140//2140
f 2227//2227 3399//3399 2147//2147
f 2147//2147 2148//2148 2227//2227
f 3399//3399 2194//2194 2147//2147
f 2147//2147 2194//2194 2193//2193
f 2194//2194 3399//3399 3389//3389
f 2105//2105 2227//2227 3400//3400
f 3398//3398 3400//3400 3100//3100
f 2105//2105 3400//3400 3398//3398
f 2174//2174 2173//2173 426//426
f 2479//2479 2064//2064 2525//2525
f 2508//2508 628//628 2510//2510
f 2510//2510 628//628 629//629
f 2105//2105 2103//2103 3399//3399
f 3389//3389 3399//3399 2103//2103
f 2212//2212 2330//2330 2165//2165
f 2555//2555 3404//3404 513//513
f 2164//2164 2349//2349 2141//2141
f 2432//2432 2066//2066 3405//3405
f 2212//2212 2251//2251 2330//2330
f 2224//2224 2207//2207 2241//2241
f 427//427 2143//2143 429//429
f 2463//2463 2464//2464 3406//3406
f 2325//2325 2192//2192 2191//2191
f 2175//2175 423//423 2500//2500
f 3332//3332 2331//2331 2188//2188
f 3407//3407 2963//2963 2962//2962
f 2479//2479 2963//2963 3407//3407
f 2326//2326 2325//2325 2176//2176
f 553//553 2188//2188 2155//2155
f 422//422 2192//2192 2148//2148
f 2349//2349 2348//2348 397//397
f 2142//2142 2326//2326 2176//2176
f 2227//2227 2326//2326 3400//3400
f 2223//2223 2447//2447 358//358
f 2166//2166 2484//2484 2250//2250
f 3332//3332 2188//2188 2124//2124
f 3332//3332 2137//2137 2226//2226
f 3406//3406 2485//2485 2463//2463
f 1468//1468 1467//1467 3408//3408
f 2292//2292 2457//2457 2477//2477
f 2194//2194 358//358 2447//2447
f 2143//2143 2144//2144 429//429
f 2201//2201 2321//2321 2461//2461
f 2207//2207 2224//2224 2273//2273
f 414//414 2148//2148 2149//2149
f 422//422 2148//2148 414//414
f 2212//2212 2165//2165 2209//2209
f 2905//2905 2225//2225 2260//2260
f 2905//2905 2260//2260 2135//2135
f 358//358 2194//2194 3389//3389
f 289//289 2226//2226 288//288
f 2284//2284 2189//2189 454//454
f 2464//2464 413//413 3407//3407
f 3407//3407 413//413 3405//3405
f 2152//2152 2150//2150 2485//2485
f 2454//2454 2452//2452 2500//2500
f 2454//2454 3388//3388 2453//2453
f 2829//2829 2786//2786 2787//2787
f 2236//2236 2428//2428 2198//2198
f 2457//2457 2418//2418 2477//2477
f 1517//1517 2250//2250 2241//2241
f 1517//1517 2241//2241 2207//2207
f 502//502 2460//2460 2203//2203
f 311//311 3409//3409 2149//2149
f 2432//2432 3409//3409 311//311
f 3410//3410 3409//3409 2432//2432
f 2432//2432 3405//3405 3410//3410
f 113//113 2223//2223 395//395
f 397//397 395//395 2223//2223
f 2181//2181 2182//2182 2167//2167
f 2460//2460 502//502 396//396
f 2261//2261 2134//2134 2135//2135
f 3411//3411 2469//2469 2261//2261
f 2261//2261 2469//2469 2134//2134
f 2267//2267 2258//2258 352//352
f 1510//1510 2267//2267 352//352
f 3411//3411 2180//2180 2469//2469
f 2180//2180 3411//3411 2182//2182
f 3411//3411 2221//2221 2182//2182
f 2261//2261 2221//2221 3411//3411
f 2260//2260 2221//2221 2261//2261
f 2166//2166 2221//2221 2484//2484
f 2484//2484 2221//2221 2260//2260
f 160//160 1516//1516 2235//2235
f 2330//2330 2251//2251 2199//2199
f 2199//2199 2251//2251 2200//2200
f 2167//2167 2330//2330 2199//2199
f 2199//2199 2459//2459 2167//2167
f 2217//2217 2334//2334 2297//2297
f 3412//3412 2363//2363 2316//2316
f 2315//2315 2316//2316 391//391
f 2428//2428 2170//2170 2272//2272
f 2236//2236 2170//2170 2428//2428
f 3409//3409 3410//3410 2149//2149
f 414//414 2149//2149 3410//3410
f 422//422 414//414 412//412
f 413//413 3410//3410 3405//3405
f 1507//1507 1687//1687 407//407
f 161//161 494//494 2214//2214
f 159//159 2266//2266 1512//1512
f 2445//2445 1512//1512 2266//2266
f 329//329 330//330 2214//2214
f 2214//2214 330//330 161//161
f 2272//2272 454//454 452//452
f 452//452 2428//2428 2272//2272
f 2274//2274 331//331 2262//2262
f 2262//2262 331//331 329//329
f 2284//2284 454//454 2235//2235
f 2235//2235 454//454 2272//2272
f 2280//2280 2190//2190 408//408
f 2190//2190 2282//2282 408//408
f 2334//2334 2217//2217 2215//2215
f 1686//1686 1687//1687 2271//2271
f 352//352 2258//2258 351//351
f 2446//2446 2445//2445 2266//2266
f 1861//1861 2446//2446 2274//2274
f 1495//1495 1476//1476 1477//1477
f 1477//1477 1455//1455 1495//1495
f 1497//1497 3413//3413 1456//1456
f 1456//1456 1461//1461 1497//1497
f 1477//1477 1484//1484 1455//1455
f 1508//1508 2446//2446 1861//1861
f 1861//1861 1860//1860 1508//1508
f 331//331 2446//2446 2266//2266
f 2139//2139 2138//2138 1488//1488
f 2138//2138 2271//2271 1488//1488
f 1487//1487 1488//1488 2271//2271
f 2270//2270 1507//1507 1487//1487
f 2271//2271 2270//2270 1487//1487
f 366//366 2329//2329 368//368
f 2100//2100 2139//2139 1488//1488
f 1528//1528 2139//2139 2100//2100
f 370//370 1529//1529 371//371
f 371//371 1529//1529 1528//1528
f 1528//1528 349//349 371//371
f 2138//2138 1530//1530 2355//2355
f 2276//2276 2355//2355 1530//1530
f 2409//2409 2451//2451 458//458
f 1686//1686 2271//2271 2355//2355
f 2138//2138 2355//2355 2271//2271
f 3410//3410 413//413 414//414
f 2486//2486 2485//2485 3406//3406
f 2437//2437 2412//2412 2413//2413
f 2413//2413 2489//2489 2437//2437
f 2580//2580 2963//2963 2179//2179
f 2580//2580 2179//2179 2177//2177
f 2393//2393 3412//3412 2243//2243
f 2316//2316 2314//2314 2335//2335
f 3412//3412 2335//2335 2242//2242
f 2242//2242 2243//2243 3412//3412
f 1467//1467 2334//2334 2269//2269
f 1468//1468 2295//2295 2299//2299
f 2320//2320 2297//2297 2595//2595
f 3408//3408 2211//2211 2293//2293
f 2268//2268 2211//2211 3408//3408
f 1480//1480 1478//1478 1476//1476
f 1453//1453 2269//2269 2334//2334
f 1467//1467 2268//2268 3408//3408
f 2211//2211 2268//2268 2269//2269
f 2299//2299 1509//1509 1468//1468
f 1507//1507 1452//1452 1487//1487
f 1506//1506 1482//1482 1507//1507
f 2297//2297 1509//1509 2288//2288
f 1489//1489 1452//1452 1458//1458
f 1452//1452 1489//1489 1487//1487
f 1495//1495 1454//1454 2300//2300
f 2295//2295 1468//1468 3408//3408
f 2286//2286 2295//2295 2294//2294
f 2211//2211 1452//1452 1482//1482
f 1507//1507 1482//1482 1452//1452
f 1508//1508 1507//1507 2446//2446
f 2446//2446 331//331 2274//2274
f 1459//1459 2329//2329 366//366
f 2293//2293 2295//2295 3408//3408
f 2334//2334 2215//2215 1453//1453
f 2286//2286 1495//1495 2300//2300
f 2286//2286 2300//2300 2299//2299
f 2286//2286 2299//2299 2295//2295
f 2300//2300 1454//1454 2288//2288
f 1456//1456 2287//2287 1454//1454
f 1482//1482 1506//1506 2237//2237
f 2228//2228 1861//1861 2274//2274
f 2274//2274 2265//2265 2228//2228
f 1502//1502 3414//3414 2211//2211
f 2211//2211 3414//3414 2293//2293
f 2294//2294 2293//2293 3414//3414
f 1476//1476 3414//3414 1376//1376
f 3414//3414 1476//1476 2294//2294
f 1476//1476 2286//2286 2294//2294
f 3414//3414 1502//1502 1376//1376
f 1456//1456 3413//3413 2287//2287
f 2304//2304 2287//2287 3413//3413
f 2307//2307 2287//2287 2304//2304
f 2307//2307 2304//2304 2302//2302
f 1386//1386 1460//1460 1462//1462
f 2304//2304 3413//3413 1497//1497
f 2304//2304 1497//1497 1460//1460
f 2311//2311 2313//2313 2308//2308
f 2313//2313 2319//2319 2318//2318
f 2318//2318 2302//2302 3415//3415
f 2303//2303 3415//3415 2302//2302
f 2308//2308 2313//2313 3415//3415
f 3415//3415 2313//2313 2318//2318
f 2303//2303 2308//2308 3415//3415
f 1460//1460 2308//2308 2304//2304
f 380//380 2308//2308 2629//2629
f 2311//2311 2308//2308 380//380
f 2585//2585 2632//2632 2584//2584
f 2584//2584 2632//2632 2676//2676
f 2246//2246 2245//2245 356//356
f 2684//2684 2333//2333 2340//2340
f 2340//2340 2333//2333 372//372
f 2388//2388 2340//2340 372//372
f 2329//2329 2309//2309 3416//3416
f 2216//2216 2309//2309 2329//2329
f 3417//3417 3416//3416 2309//2309
f 2309//2309 2406//2406 3417//3417
f 2406//2406 2309//2309 2319//2319
f 2298//2298 2319//2319 2309//2309
f 2298//2298 2297//2297 2320//2320
f 2320//2320 2319//2319 2298//2298
f 2323//2323 2407//2407 2324//2324
f 2405//2405 2406//2406 2312//2312
f 2406//2406 2319//2319 2312//2312
f 2313//2313 2312//2312 2319//2319
f 2329//2329 3416//3416 2328//2328
f 2328//2328 3416//3416 3417//3417
f 2310//2310 3418//3418 3419//3419
f 2384//2384 2571//2571 2219//2219
f 3420//3420 2571//2571 2384//2384
f 2570//2570 3421//3421 2337//2337
f 350//350 2327//2327 369//369
f 411//411 2154//2154 350//350
f 2264//2264 2154//2154 367//367
f 1458//1458 2285//2285 1489//1489
f 348//348 2285//2285 411//411
f 2222//2222 367//367 411//411
f 382//382 2327//2327 2263//2263
f 2290//2290 382//382 2263//2263
f 2263//2263 2327//2327 2154//2154
f 2154//2154 2327//2327 350//350
f 380//380 2571//2571 3420//3420
f 444//444 2399//2399 2291//2291
f 2487//2487 2399//2399 444//444
f 444//444 2291//2291 446//446
f 2290//2290 446//446 2291//2291
f 2291//2291 2399//2399 381//381
f 382//382 2291//2291 381//381
f 2323//2323 2328//2328 2407//2407
f 3417//3417 2407//2407 2328//2328
f 2322//2322 2305//2305 2323//2323
f 2323//2323 2305//2305 2328//2328
f 2328//2328 2305//2305 368//368
f 2264//2264 368//368 2305//2305
f 532//532 2290//2290 2306//2306
f 532//532 531//531 446//446
f 446//446 2290//2290 532//532
f 2570//2570 2336//2336 3418//3418
f 2322//2322 2324//2324 533//533
f 533//533 2324//2324 2336//2336
f 3417//3417 2406//2406 2407//2407
f 3419//3419 2324//2324 2407//2407
f 2405//2405 3419//3419 2407//2407
f 2405//2405 2310//2310 3419//3419
f 2312//2312 2310//2310 2405//2405
f 2570//2570 3418//3418 2392//2392
f 3419//3419 3418//3418 2336//2336
f 2336//2336 2324//2324 3419//3419
f 2392//2392 3418//3418 2310//2310
f 445//445 2337//2337 3422//3422
f 531//531 2337//2337 445//445
f 2487//2487 2208//2208 2333//2333
f 374//374 2333//2333 2208//2208
f 2487//2487 2333//2333 2684//2684
f 2684//2684 2399//2399 2487//2487
f 2335//2335 3412//3412 2316//2316
f 2408//2408 3423//3423 2232//2232
f 2379//2379 3423//3423 2408//2408
f 465//465 2433//2433 2379//2379
f 3424//3424 2427//2427 3423//3423
f 2425//2425 2427//2427 3424//3424
f 2379//2379 2433//2433 3424//3424
f 3424//3424 3423//3423 2379//2379
f 3424//3424 2433//2433 2425//2425
f 3425//3425 2427//2427 2388//2388
f 2427//2427 3425//3425 3423//3423
f 372//372 3425//3425 2388//2388
f 3423//3423 3425//3425 2403//2403
f 2403//2403 2232//2232 3423//3423
f 2403//2403 3425//3425 372//372
f 2430//2430 460//460 2431//2431
f 2431//2431 460//460 2341//2341
f 2281//2281 460//460 2430//2430
f 2190//2190 2281//2281 2430//2430
f 360//360 361//361 2393//2393
f 2615//2615 391//391 2364//2364
f 2316//2316 2364//2364 391//391
f 2393//2393 361//361 2339//2339
f 2433//2433 2362//2362 2425//2425
f 2362//2362 2615//2615 2364//2364
f 2433//2433 2361//2361 2362//2362
f 2362//2362 2361//2361 2615//2615
f 2615//2615 2361//2361 389//389
f 2433//2433 2240//2240 2361//2361
f 2368//2368 2096//2096 2553//2553
f 2244//2244 2247//2247 2489//2489
f 2248//2248 2489//2489 2247//2247
f 2403//2403 2233//2233 2232//2232
f 2277//2277 2345//2345 2279//2279
f 2403//2403 2411//2411 2233//2233
f 2234//2234 2233//2233 2411//2411
f 2776//2776 2737//2737 2781//2781
f 2253//2253 2737//2737 2776//2776
f 2882//2882 2976//2976 2422//2422
f 932//932 2252//2252 2777//2777
f 459//459 2341//2341 460//460
f 2427//2427 2426//2426 2339//2339
f 2339//2339 2388//2388 2427//2427
f 379//379 380//380 3420//3420
f 3426//3426 3427//3427 3422//3422
f 2394//2394 3422//3422 3427//3427
f 2394//2394 443//443 3422//3422
f 445//445 3422//3422 443//443
f 2384//2384 2415//2415 3420//3420
f 3427//3427 2415//2415 2394//2394
f 3420//3420 2415//2415 3427//3427
f 3426//3426 379//379 3427//3427
f 3427//3427 379//379 3420//3420
f 2392//2392 3421//3421 2570//2570
f 3421//3421 2392//2392 378//378
f 2337//2337 3426//3426 3422//3422
f 2337//2337 3421//3421 3426//3426
f 3426//3426 3421//3421 378//378
f 3426//3426 378//378 379//379
f 2671//2671 2599//2599 3428//3428
f 2601//2601 2247//2247 2246//2246
f 2246//2246 2247//2247 2244//2244
f 3429//3429 2629//2629 3428//3428
f 3429//3429 2571//2571 2629//2629
f 2629//2629 2571//2571 380//380
f 1386//1386 942//942 1460//1460
f 2592//2592 2599//2599 2577//2577
f 2577//2577 2594//2594 2592//2592
f 3429//3429 3428//3428 2220//2220
f 2338//2338 3429//3429 2220//2220
f 3429//3429 2338//2338 2571//2571
f 378//378 2392//2392 380//380
f 2418//2418 2457//2457 2197//2197
f 458//458 2315//2315 459//459
f 2355//2355 2410//2410 1686//1686
f 2356//2356 2410//2410 2355//2355
f 2314//2314 2315//2315 2451//2451
f 2356//2356 2314//2314 2451//2451
f 2451//2451 2410//2410 2356//2356
f 2451//2451 2315//2315 458//458
f 3430//3430 2362//2362 2363//2363
f 3430//3430 2426//2426 2362//2362
f 2362//2362 2426//2426 2425//2425
f 2339//2339 2426//2426 3430//3430
f 3430//3430 2393//2393 2339//2339
f 3412//3412 3430//3430 2363//2363
f 3412//3412 2393//2393 3430//3430
f 3431//3431 2617//2617 2456//2456
f 2249//2249 2617//2617 3431//3431
f 2488//2488 2456//2456 2617//2617
f 2196//2196 2195//2195 2436//2436
f 2436//2436 2456//2456 2196//2196
f 3431//3431 2456//2456 2436//2436
f 3431//3431 2436//2436 2248//2248
f 3431//3431 2248//2248 2249//2249
f 2554//2554 2368//2368 2553//2553
f 530//530 2246//2246 356//356
f 438//438 2163//2163 2292//2292
f 2292//2292 2163//2163 2435//2435
f 2159//2159 2197//2197 17//17
f 17//17 2197//2197 2457//2457
f 402//402 2465//2465 403//403
f 2449//2449 536//536 2441//2441
f 402//402 2438//2438 2439//2439
f 2431//2431 2238//2238 2420//2420
f 2420//2420 2483//2483 2418//2418
f 438//438 2477//2477 436//436
f 2412//2412 2437//2437 2436//2436
f 2195//2195 2412//2412 2436//2436
f 2616//2616 2588//2588 2097//2097
f 2360//2360 2412//2412 2195//2195
f 2477//2477 2418//2418 2483//2483
f 2477//2477 2483//2483 436//436
f 2197//2197 2429//2429 2418//2418
f 2198//2198 2429//2429 2197//2197
f 2613//2613 2458//2458 447//447
f 2613//2613 447//447 2497//2497
f 2419//2419 2418//2418 2429//2429
f 2419//2419 2429//2429 452//452
f 452//452 2429//2429 2428//2428
f 2315//2315 391//391 390//390
f 2341//2341 2238//2238 2431//2431
f 2360//2360 2238//2238 2341//2341
f 2315//2315 390//390 459//459
f 2589//2589 2097//2097 2588//2588
f 2357//2357 2417//2417 2435//2435
f 410//410 2466//2466 409//409
f 2505//2505 2736//2736 2735//2735
f 2554//2554 2553//2553 2556//2556
f 2359//2359 2416//2416 2417//2417
f 513//513 3404//3404 2359//2359
f 2359//2359 3404//3404 2416//2416
f 2416//2416 3432//3432 2444//2444
f 2368//2368 2370//2370 3433//3433
f 3433//3433 2619//2619 2368//2368
f 2203//2203 2466//2466 502//502
f 502//502 2466//2466 410//410
f 2465//2465 409//409 2466//2466
f 2439//2439 2465//2465 402//402
f 2448//2448 2441//2441 2438//2438
f 2440//2440 3434//3434 2439//2439
f 2179//2179 2963//2963 2479//2479
f 426//426 2173//2173 2462//2462
f 2482//2482 2480//2480 2525//2525
f 2525//2525 2480//2480 2179//2179
f 2173//2173 2494//2494 3435//3435
f 1954//1954 2462//2462 2421//2421
f 2462//2462 2173//2173 2421//2421
f 2421//2421 2173//2173 3435//3435
f 3434//3434 2440//2440 2474//2474
f 2455//2455 2163//2163 437//437
f 2476//2476 3435//3435 2475//2475
f 1953//1953 3435//3435 2476//2476
f 3435//3435 1953//1953 2421//2421
f 534//534 2440//2440 2441//2441
f 536//536 534//534 2441//2441
f 2455//2455 437//437 2196//2196
f 2476//2476 2481//2481 1953//1953
f 1953//1953 2481//2481 2474//2474
f 2482//2482 2474//2474 2481//2481
f 2482//2482 3436//3436 2474//2474
f 2474//2474 3436//3436 3434//3434
f 2064//2064 3436//3436 2482//2482
f 2064//2064 2482//2482 2525//2525
f 2485//2485 3388//3388 2463//2463
f 3436//3436 2064//2064 2116//2116
f 2116//2116 2439//2439 3434//3434
f 3436//3436 2116//2116 3434//3434
f 3405//3405 2479//2479 3407//3407
f 2066//2066 2479//2479 3405//3405
f 355//355 2491//2491 354//354
f 2490//2490 2373//2373 2374//2374
f 2150//2150 3388//3388 2485//2485
f 2458//2458 2613//2613 2151//2151
f 2152//2152 2458//2458 2151//2151
f 2494//2494 3403//3403 3435//3435
f 3406//3406 2464//2464 2962//2962
f 3407//3407 2962//2962 2464//2464
f 2151//2151 2613//2613 2783//2783
f 1875//1875 2151//2151 2783//2783
f 2475//2475 2210//2210 2178//2178
f 2178//2178 2210//2210 2177//2177
f 2500//2500 2452//2452 3402//3402
f 2321//2321 3402//3402 3437//3437
f 3437//3437 3402//3402 2452//2452
f 2580//2580 3406//3406 2962//2962
f 2486//2486 3406//3406 2580//2580
f 3388//3388 421//421 2463//2463
f 2454//2454 421//421 3388//3388
f 2151//2151 3437//3437 2452//2452
f 1875//1875 3437//3437 2151//2151
f 2461//2461 3437//3437 1875//1875
f 2174//2174 3438//3438 2172//2172
f 2834//2834 2839//2839 2833//2833
f 2655//2655 2205//2205 2513//2513
f 2513//2513 2206//2206 2172//2172
f 2494//2494 2496//2496 2366//2366
f 2344//2344 3439//3439 2783//2783
f 2842//2842 3439//3439 2344//2344
f 3390//3390 2783//2783 3439//3439
f 2533//2533 2890//2890 2644//2644
f 2321//2321 3437//3437 2461//2461
f 2152//2152 2485//2485 2372//2372
f 2210//2210 3403//3403 2365//2365
f 376//376 2367//2367 2373//2373
f 2365//2365 2367//2367 376//376
f 3438//3438 2513//2513 2172//2172
f 628//628 3440//3440 549//549
f 2443//2443 2774//2774 467//467
f 2443//2443 467//467 522//522
f 549//549 3440//3440 3441//3441
f 2508//2508 2521//2521 628//628
f 2818//2818 3442//3442 2787//2787
f 2787//2787 2816//2816 2818//2818
f 3435//3435 3403//3403 2475//2475
f 2475//2475 3403//3403 2210//2210
f 2344//2344 2783//2783 2893//2893
f 2343//2343 2344//2344 2893//2893
f 2499//2499 2511//2511 481//481
f 468//468 467//467 2774//2774
f 2524//2524 468//468 424//424
f 2496//2496 2517//2517 2468//2468
f 2468//2468 2386//2386 2496//2496
f 2513//2513 2519//2519 2655//2655
f 2365//2365 3403//3403 2366//2366
f 2786//2786 2655//2655 2519//2519
f 2519//2519 629//629 2786//2786
f 432//432 2493//2493 2402//2402
f 3443//3443 2635//2635 2396//2396
f 515//515 2714//2714 516//516
f 3444//3444 3445//3445 2735//2735
f 2783//2783 2784//2784 2892//2892
f 2041//2041 2042//2042 2847//2847
f 2849//2849 2847//2847 2042//2042
f 2531//2531 2829//2829 2530//2530
f 478//478 2784//2784 481//481
f 521//521 2784//2784 479//479
f 479//479 2784//2784 478//478
f 3441//3441 2849//2849 550//550
f 2787//2787 627//627 2816//2816
f 2908//2908 2878//2878 2726//2726
f 3446//3446 2654//2654 480//480
f 2654//2654 3446//3446 2204//2204
f 2512//2512 2467//2467 3446//3446
f 3446//3446 2467//2467 2468//2468
f 2468//2468 2204//2204 3446//3446
f 2205//2205 2654//2654 2204//2204
f 2829//2829 2531//2531 3447//3447
f 2350//2350 3447//3447 2531//2531
f 2654//2654 3447//3447 2350//2350
f 2786//2786 2829//2829 3447//3447
f 2655//2655 3447//3447 2654//2654
f 2786//2786 3447//3447 2655//2655
f 475//475 477//477 2837//2837
f 2801//2801 2973//2973 2802//2802
f 1782//1782 2564//2564 1781//1781
f 466//466 2527//2527 2559//2559
f 3432//3432 2416//2416 3404//3404
f 2509//2509 2174//2174 426//426
f 2174//2174 2509//2509 3438//3438
f 2512//2512 3446//3446 480//480
f 2520//2520 473//473 2527//2527
f 1783//1783 2741//2741 2755//2755
f 2528//2528 2523//2523 2478//2478
f 498//498 2449//2449 3432//3432
f 2449//2449 2444//2444 3432//3432
f 2526//2526 474//474 2563//2563
f 426//426 425//425 2509//2509
f 2774//2774 2507//2507 425//425
f 2509//2509 425//425 2507//2507
f 2566//2566 2586//2586 2587//2587
f 2562//2562 2586//2586 2566//2566
f 3448//3448 2563//2563 474//474
f 3432//3432 3448//3448 498//498
f 498//498 3448//3448 474//474
f 2564//2564 433//433 434//434
f 433//433 2564//2564 1782//1782
f 3433//3433 2561//2561 3449//3449
f 2529//2529 2770//2770 2503//2503
f 2770//2770 434//434 512//512
f 512//512 2473//2473 3401//3401
f 435//435 512//512 434//434
f 2523//2523 535//535 2478//2478
f 442//442 2524//2524 424//424
f 2524//2524 442//442 2523//2523
f 2523//2523 442//442 535//535
f 2493//2493 2566//2566 3450//3450
f 3450//3450 2402//2402 2493//2493
f 2473//2473 3449//3449 3401//3401
f 2462//2462 1954//1954 442//442
f 3449//3449 3451//3451 3401//3401
f 2561//2561 3451//3451 3449//3449
f 3401//3401 3451//3451 2770//2770
f 3451//3451 2503//2503 2770//2770
f 2503//2503 3451//3451 2561//2561
f 2797//2797 2754//2754 2891//2891
f 2703//2703 2891//2891 2754//2754
f 2797//2797 2891//2891 1008//1008
f 3452//3452 612//612 2069//2069
f 2560//2560 433//433 1782//1782
f 433//433 2563//2563 435//435
f 2529//2529 2648//2648 2565//2565
f 2564//2564 2565//2565 2648//2648
f 435//435 2729//2729 512//512
f 2501//2501 336//336 2549//2549
f 2549//2549 2647//2647 2501//2501
f 2501//2501 2647//2647 2529//2529
f 2740//2740 2769//2769 2763//2763
f 2740//2740 2763//2763 2717//2717
f 2740//2740 2727//2727 2769//2769
f 2552//2552 2727//2727 2740//2740
f 3432//3432 2729//2729 3448//3448
f 2729//2729 3432//3432 2555//2555
f 2555//2555 3432//3432 3404//3404
f 2473//2473 512//512 511//511
f 337//337 503//503 561//561
f 503//503 504//504 561//561
f 3453//3453 3454//3454 2741//2741
f 2741//2741 2709//2709 3453//3453
f 3448//3448 2729//2729 435//435
f 435//435 2563//2563 3448//3448
f 2370//2370 2561//2561 3433//3433
f 3433//3433 3455//3455 2619//2619
f 3455//3455 2617//2617 2618//2618
f 2619//2619 3455//3455 2618//2618
f 2617//2617 3455//3455 2488//2488
f 3455//3455 2472//2472 2488//2488
f 3433//3433 2472//2472 3455//3455
f 2472//2472 3433//3433 3449//3449
f 2473//2473 2472//2472 3449//3449
f 2539//2539 2604//2604 2538//2538
f 2538//2538 2604//2604 490//490
f 2566//2566 2587//2587 3450//3450
f 519//519 518//518 2621//2621
f 2625//2625 519//519 2621//2621
f 2625//2625 2610//2610 2612//2612
f 3456//3456 2353//2353 2404//2404
f 2625//2625 2612//2612 519//519
f 3458//3458 3457//3457 2567//2567
f 3457//3457 3458//3458 2609//2609
f 517//517 2401//2401 518//518
f 3457//3457 2610//2610 3459//3459
f 2609//2609 2610//2610 3457//3457
f 2634//2634 3456//3456 2404//2404
f 3456//3456 2634//2634 2567//2567
f 2735//2735 2753//2753 3444//3444
f 2607//2607 517//517 2612//2612
f 2607//2607 2612//2612 2611//2611
f 2608//2608 2611//2611 3460//3460
f 2607//2607 2611//2611 2608//2608
f 2400//2400 2577//2577 2671//2671
f 496//496 2584//2584 495//495
f 2676//2676 2631//2631 2382//2382
f 3461//3461 2382//2382 2631//2631
f 2382//2382 3461//3461 2380//2380
f 3456//3456 2567//2567 3457//3457
f 3462//3462 3461//3461 2631//2631
f 2670//2670 2671//2671 3428//3428
f 3428//3428 2629//2629 2670//2670
f 2766//2766 2634//2634 2390//2390
f 2568//2568 2634//2634 2766//2766
f 2643//2643 2633//2633 471//471
f 2558//2558 3444//3444 2753//2753
f 2558//2558 2753//2753 505//505
f 2643//2643 471//471 2642//2642
f 2765//2765 3444//3444 2558//2558
f 2773//2773 2650//2650 2718//2718
f 3461//3461 2643//2643 2380//2380
f 2659//2659 2661//2661 2603//2603
f 3212//3212 2679//2679 3463//3463
f 2404//2404 2390//2390 2634//2634
f 500//500 932//932 3220//3220
f 2629//2629 2603//2603 2631//2631
f 2631//2631 2603//2603 3462//3462
f 3464//3464 2707//2707 2504//2504
f 2677//2677 2678//2678 974//974
f 2964//2964 3465//3465 2944//2944
f 2621//2621 2630//2630 2626//2626
f 2545//2545 2630//2630 497//497
f 495//495 2545//2545 497//497
f 2246//2246 530//530 2601//2601
f 2616//2616 2601//2601 530//530
f 2598//2598 2592//2592 2591//2591
f 2598//2598 2591//2591 2383//2383
f 2220//2220 3428//3428 2599//2599
f 3467//3467 3466//3466 2608//2608
f 2606//2606 3466//3466 2590//2590
f 2593//2593 2606//2606 2590//2590
f 2608//2608 3466//3466 2606//2606
f 2590//2590 2518//2518 2593//2593
f 3466//3466 3468//3468 2590//2590
f 2590//2590 3468//3468 2279//2279
f 3467//3467 3468//3468 3466//3466
f 2234//2234 2411//2411 3468//3468
f 2411//2411 2279//2279 3468//3468
f 2578//2578 2234//2234 3468//3468
f 2578//2578 3468//3468 3467//3467
f 2582//2582 2249//2249 2247//2247
f 2489//2489 2248//2248 2437//2437
f 2582//2582 2098//2098 2249//2249
f 2249//2249 2098//2098 2618//2618
f 2096//2096 2618//2618 2098//2098
f 2619//2619 2618//2618 2096//2096
f 2589//2589 2378//2378 2377//2377
f 2096//2096 2097//2097 2377//2377
f 2587//2587 2546//2546 2614//2614
f 2614//2614 2546//2546 2548//2548
f 2467//2467 2511//2511 2499//2499
f 2614//2614 2539//2539 2587//2587
f 2587//2587 2539//2539 3450//3450
f 3450//3450 2539//2539 2537//2537
f 2537//2537 2389//2389 3450//3450
f 2389//2389 2402//2402 3450//3450
f 2569//2569 3458//3458 2567//2567
f 2381//2381 2676//2676 2382//2382
f 3458//3458 2569//2569 2605//2605
f 3458//3458 3460//3460 2609//2609
f 2609//2609 3460//3460 2611//2611
f 2643//2643 3469//3469 2633//2633
f 2633//2633 3469//3469 2661//2661
f 3469//3469 3462//3462 2661//2661
f 2661//2661 3462//3462 2603//2603
f 3461//3461 3469//3469 2643//2643
f 3462//3462 3469//3469 3461//3461
f 3460//3460 3458//3458 2605//2605
f 2620//2620 3460//3460 2605//2605
f 2578//2578 3467//3467 2620//2620
f 2386//2386 2374//2374 2367//2367
f 2608//2608 3460//3460 2620//2620
f 2608//2608 2620//2620 3467//3467
f 3470//3470 2680//2680 2649//2649
f 2680//2680 3470//3470 2380//2380
f 2380//2380 2642//2642 2680//2680
f 2380//2380 3470//3470 2545//2545
f 2549//2549 2650//2650 2773//2773
f 2626//2626 2635//2635 3443//3443
f 3443//3443 2625//2625 2626//2626
f 3459//3459 3443//3443 3456//3456
f 3459//3459 3456//3456 3457//3457
f 3459//3459 2625//2625 3443//3443
f 2610//2610 2625//2625 3459//3459
f 2649//2649 2626//2626 2630//2630
f 2649//2649 2630//2630 3470//3470
f 3470//3470 2630//2630 2545//2545
f 3456//3456 2398//2398 2353//2353
f 2396//2396 2398//2398 3443//3443
f 2773//2773 2648//2648 2647//2647
f 2549//2549 2773//2773 2647//2647
f 3443//3443 2398//2398 3456//3456
f 3471//3471 2707//2707 3464//3464
f 2622//2622 2506//2506 2710//2710
f 2622//2622 2623//2623 2506//2506
f 2653//2653 469//469 1055//1055
f 3472//3472 2653//2653 1055//1055
f 2653//2653 2656//2656 2652//2652
f 2656//2656 2653//2653 3472//3472
f 469//469 2642//2642 471//471
f 2514//2514 3473//3473 2516//2516
f 2514//2514 2779//2779 3471//3471
f 3471//3471 2779//2779 2664//2664
f 2657//2657 2515//2515 2516//2516
f 455//455 2779//2779 2515//2515
f 2515//2515 2779//2779 2514//2514
f 3464//3464 2514//2514 3471//3471
f 2514//2514 3464//3464 3473//3473
f 2404//2404 2353//2353 2352//2352
f 3474//3474 2516//2516 2397//2397
f 3473//3473 2354//2354 3475//3475
f 3473//3473 3475//3475 2516//2516
f 2397//2397 3475//3475 2354//2354
f 2516//2516 3475//3475 2397//2397
f 2354//2354 3464//3464 2352//2352
f 3473//3473 3464//3464 2354//2354
f 2624//2624 2352//2352 3464//3464
f 2624//2624 3464//3464 2641//2641
f 2657//2657 3474//3474 2637//2637
f 2637//2637 3474//3474 2635//2635
f 2516//2516 3474//3474 2657//2657
f 2396//2396 2635//2635 3474//3474
f 3474//3474 2397//2397 2396//2396
f 2642//2642 2653//2653 2652//2652
f 3472//3472 2657//2657 2656//2656
f 456//456 3472//3472 1055//1055
f 3472//3472 456//456 455//455
f 455//455 2515//2515 3472//3472
f 2515//2515 2657//2657 3472//3472
f 2659//2659 2677//2677 3476//3476
f 417//417 998//998 415//415
f 3476//3476 2628//2628 416//416
f 2628//2628 417//417 416//416
f 998//998 3463//3463 2681//2681
f 3463//3463 998//998 417//417
f 2681//2681 2679//2679 992//992
f 3463//3463 2679//2679 2681//2681
f 3476//3476 2675//2675 2628//2628
f 3476//3476 2677//2677 2675//2675
f 2661//2661 2660//2660 2633//2633
f 2692//2692 2707//2707 2664//2664
f 2707//2707 2692//2692 2694//2694
f 2660//2660 3476//3476 416//416
f 2660//2660 416//416 2633//2633
f 2660//2660 2659//2659 3476//3476
f 2603//2603 2678//2678 2659//2659
f 417//417 2627//2627 3463//3463
f 105//105 2688//2688 993//993
f 994//994 105//105 993//993
f 2665//2665 2674//2674 2672//2672
f 338//338 2953//2953 2952//2952
f 2627//2627 3212//3212 3463//3463
f 2581//2581 2665//2665 2672//2672
f 483//483 3212//3212 2627//2627
f 1127//1127 483//483 2627//2627
f 85//85 3212//3212 483//483
f 461//461 2665//2665 2581//2581
f 2043//2043 2041//2041 3019//3019
f 2727//2727 2836//2836 2771//2771
f 2707//2707 3471//3471 2664//2664
f 2694//2694 2668//2668 515//515
f 2665//2665 1139//1139 515//515
f 515//515 1139//1139 2714//2714
f 2674//2674 2665//2665 2666//2666
f 2666//2666 2667//2667 2674//2674
f 2667//2667 2666//2666 2668//2668
f 2714//2714 2708//2708 2713//2713
f 2714//2714 1140//1140 2708//2708
f 1139//1139 1140//1140 2714//2714
f 2711//2711 2708//2708 2685//2685
f 2713//2713 2708//2708 2711//2711
f 2623//2623 2504//2504 2506//2506
f 2505//2505 514//514 516//516
f 2505//2505 516//516 2713//2713
f 2504//2504 2641//2641 3464//3464
f 2710//2710 2505//2505 3445//3445
f 3445//3445 2505//2505 2735//2735
f 2639//2639 2781//2781 2782//2782
f 2720//2720 2781//2781 2639//2639
f 2720//2720 2777//2777 2776//2776
f 2715//2715 2505//2505 2712//2712
f 2712//2712 2505//2505 2713//2713
f 2713//2713 2711//2711 2712//2712
f 2836//2836 2757//2757 2841//2841
f 2756//2756 2757//2757 2836//2836
f 2695//2695 2669//2669 2688//2688
f 2669//2669 2668//2668 2692//2692
f 2694//2694 2692//2692 2668//2668
f 2450//2450 2782//2782 2722//2722
f 2952//2952 2450//2450 2722//2722
f 2669//2669 2663//2663 2688//2688
f 2688//2688 2663//2663 993//993
f 1532//1532 1531//1531 2638//2638
f 2678//2678 2603//2603 974//974
f 491//491 3220//3220 2687//2687
f 2687//2687 3220//3220 3221//3221
f 500//500 3220//3220 491//491
f 1146//1146 1531//1531 1144//1144
f 2720//2720 2776//2776 2781//2781
f 3222//3222 1145//1145 1144//1144
f 2715//2715 1145//1145 3222//3222
f 778//778 3007//3007 968//968
f 2964//2964 1464//1464 1463//1463
f 2686//2686 2715//2715 2712//2712
f 2541//2541 2749//2749 2736//2736
f 1144//1144 2505//2505 3222//3222
f 3170//3170 1532//1532 2638//2638
f 2720//2720 2639//2639 1146//1146
f 2422//2422 2976//2976 2424//2424
f 1144//1144 2736//2736 2505//2505
f 2696//2696 2697//2697 3170//3170
f 2893//2893 2885//2885 2343//2343
f 2767//2767 3170//3170 2697//2697
f 2687//2687 2716//2716 2686//2686
f 399//399 2730//2730 400//400
f 937//937 3477//3477 2450//2450
f 2450//2450 3477//3477 2782//2782
f 2638//2638 3477//3477 3170//3170
f 3170//3170 3477//3477 937//937
f 3477//3477 2639//2639 2782//2782
f 2639//2639 3477//3477 2638//2638
f 2723//2723 2725//2725 2737//2737
f 1532//1532 2767//2767 2541//2541
f 1532//1532 3170//3170 2767//2767
f 1532//1532 2541//2541 2736//2736
f 2741//2741 3454//3454 2755//2755
f 2758//2758 2756//2756 2878//2878
f 2878//2878 2756//2756 2726//2726
f 2849//2849 2840//2840 550//550
f 504//504 506//506 398//398
f 504//504 398//398 400//400
f 1144//1144 1532//1532 2736//2736
f 505//505 2753//2753 2761//2761
f 2734//2734 2761//2761 2753//2753
f 2736//2736 2761//2761 2734//2734
f 2749//2749 2761//2761 2736//2736
f 2777//2777 3221//3221 932//932
f 3221//3221 2777//2777 2719//2719
f 2253//2253 2777//2777 2252//2252
f 2722//2722 2782//2782 2725//2725
f 2282//2282 1510//1510 353//353
f 2719//2719 1145//1145 3221//3221
f 3221//3221 1145//1145 2716//2716
f 2737//2737 2725//2725 2781//2781
f 2950//2950 2903//2903 2982//2982
f 2723//2723 294//294 2724//2724
f 927//927 294//294 2723//2723
f 338//338 2724//2724 294//294
f 2906//2906 1727//1727 566//566
f 2906//2906 2699//2699 1727//1727
f 1727//1727 2699//2699 1725//1725
f 935//935 2450//2450 2747//2747
f 2952//2952 2747//2747 2450//2450
f 1725//1725 2747//2747 2952//2952
f 2724//2724 2952//2952 2722//2722
f 2742//2742 2738//2738 1892//1892
f 2597//2597 2982//2982 2903//2903
f 2966//2966 2982//2982 2597//2597
f 2544//2544 2542//2542 2802//2802
f 2883//2883 2422//2422 2993//2993
f 2983//2983 2984//2984 3478//3478
f 2698//2698 2596//2596 2904//2904
f 2961//2961 2746//2746 2747//2747
f 2699//2699 2961//2961 2747//2747
f 3479//3479 2540//2540 2738//2738
f 3479//3479 2698//2698 2540//2540
f 2746//2746 2961//2961 3479//3479
f 3479//3479 2961//2961 2698//2698
f 2742//2742 2746//2746 3479//3479
f 2738//2738 2742//2742 3479//3479
f 2728//2728 2727//2727 2552//2552
f 2728//2728 2550//2550 2943//2943
f 2802//2802 2973//2973 2943//2943
f 2943//2943 2973//2973 2908//2908
f 1895//1895 2943//2943 2550//2550
f 1895//1895 2550//2550 2909//2909
f 2876//2876 2877//2877 970//970
f 2748//2748 2768//2768 2730//2730
f 2749//2749 398//398 506//506
f 2697//2697 2744//2744 2767//2767
f 2748//2748 2744//2744 2745//2745
f 2768//2768 2551//2551 2552//2552
f 2552//2552 2717//2717 2768//2768
f 2551//2551 2768//2768 2748//2748
f 2551//2551 2748//2748 2745//2745
f 2778//2778 2551//2551 2745//2745
f 2551//2551 2909//2909 2550//2550
f 2909//2909 2551//2551 2778//2778
f 3453//3453 2771//2771 3454//3454
f 3454//3454 2705//2705 2755//2755
f 2803//2803 2704//2704 2841//2841
f 2784//2784 2613//2613 481//481
f 2836//2836 2841//2841 2771//2771
f 2771//2771 2841//2841 3454//3454
f 2841//2841 2705//2705 3454//3454
f 2771//2771 2769//2769 2727//2727
f 2648//2648 2773//2773 2772//2772
f 2863//2863 542//542 2843//2843
f 2764//2764 2771//2771 3453//3453
f 2510//2510 2519//2519 2513//2513
f 2509//2509 2510//2510 3438//3438
f 561//561 504//504 560//560
f 2718//2718 2650//2650 560//560
f 2513//2513 3438//3438 2510//2510
f 2772//2772 2709//2709 2648//2648
f 2762//2762 2709//2709 2772//2772
f 2764//2764 2709//2709 2762//2762
f 3453//3453 2709//2709 2764//2764
f 2796//2796 2795//2795 969//969
f 2765//2765 2572//2572 3444//3444
f 3444//3444 2572//2572 3445//3445
f 2718//2718 2762//2762 2773//2773
f 2710//2710 3445//3445 2572//2572
f 2654//2654 2350//2350 480//480
f 3480//3480 3481//3481 3482//3482
f 3483//3483 2877//2877 3452//3452
f 2063//2063 613//613 2062//2062
f 2826//2826 613//613 2063//2063
f 3441//3441 550//550 549//549
f 2757//2757 2645//2645 2803//2803
f 2757//2757 2803//2803 2841//2841
f 2532//2532 3484//3484 2534//2534
f 2063//2063 2534//2534 2826//2826
f 2902//2902 971//971 2534//2534
f 3481//3481 2543//2543 2544//2544
f 559//559 2543//2543 3481//3481
f 3481//3481 556//556 559//559
f 2061//2061 2890//2890 2533//2533
f 2533//2533 2063//2063 2061//2061
f 2645//2645 3485//3485 2532//2532
f 3481//3481 2544//2544 3482//3482
f 2743//2743 2891//2891 2703//2703
f 2442//2442 2832//2832 2831//2831
f 1008//1008 2891//2891 2890//2890
f 2061//2061 1008//1008 2890//2890
f 3020//3020 3485//3485 2645//2645
f 2645//2645 2758//2758 3020//3020
f 2645//2645 2757//2757 2758//2758
f 3487//3487 754//754 3486//3486
f 3023//3023 586//586 727//727
f 2933//2933 2934//2934 2971//2971
f 2821//2821 3011//3011 2911//2911
f 2871//2871 2823//2823 2884//2884
f 2343//2343 2884//2884 540//540
f 3030//3030 2920//2920 2918//2918
f 2069//2069 2820//2820 3483//3483
f 3488//3488 701//701 3094//3094
f 3094//3094 701//701 702//702
f 2845//2845 2752//2752 3019//3019
f 3483//3483 3489//3489 2877//2877
f 614//614 613//613 2795//2795
f 3489//3489 969//969 970//970
f 3489//3489 2911//2911 969//969
f 2821//2821 2911//2911 3489//3489
f 2815//2815 2844//2844 2793//2793
f 2043//2043 3019//3019 2752//2752
f 2750//2750 2043//2043 2752//2752
f 2880//2880 2047//2047 1937//1937
f 2048//2048 2047//2047 2879//2879
f 2877//2877 3489//3489 970//970
f 2826//2826 2795//2795 613//613
f 3489//3489 3483//3483 2821//2821
f 2820//2820 2821//2821 3483//3483
f 2342//2342 2967//2967 2851//2851
f 2879//2879 2047//2047 2880//2880
f 2819//2819 2956//2956 3011//3011
f 3011//3011 2956//2956 2852//2852
f 614//614 2796//2796 2967//2967
f 614//614 2967//2967 2342//2342
f 3011//3011 2967//2967 2796//2796
f 2852//2852 2967//2967 3011//3011
f 3490//3490 2442//2442 2831//2831
f 2442//2442 3490//3490 2443//2443
f 2007//2007 2865//2865 2788//2788
f 2858//2858 2701//2701 2702//2702
f 2864//2864 2863//2863 2870//2870
f 540//540 2884//2884 2857//2857
f 2818//2818 2817//2817 2823//2823
f 2843//2843 540//540 2857//2857
f 969//969 2827//2827 971//971
f 2823//2823 2871//2871 2818//2818
f 2758//2758 2801//2801 3020//3020
f 2849//2849 2042//2042 2840//2840
f 2041//2041 2907//2907 3019//3019
f 2793//2793 2844//2844 2907//2907
f 2825//2825 2793//2793 2907//2907
f 541//541 2343//2343 540//540
f 2864//2864 2870//2870 2912//2912
f 3439//3439 2842//2842 2862//2862
f 3390//3390 3439//3439 2862//2862
f 2575//2575 405//405 404//404
f 2868//2868 2702//2702 2794//2794
f 2750//2750 2868//2868 2794//2794
f 3441//3441 2848//2848 2849//2849
f 2787//2787 3442//3442 2530//2530
f 1009//1009 2832//2832 2798//2798
f 2798//2798 2832//2832 2837//2837
f 2798//2798 2837//2837 477//477
f 3440//3440 628//628 2521//2521
f 2443//2443 3490//3490 2521//2521
f 2848//2848 3490//3490 2831//2831
f 3441//3441 3490//3490 2848//2848
f 3441//3441 3440//3440 3490//3490
f 2521//2521 3490//3490 3440//3440
f 3442//3442 2873//2873 2874//2874
f 2818//2818 2871//2871 3442//3442
f 2873//2873 3442//3442 2871//2871
f 2875//2875 520//520 2874//2874
f 521//521 520//520 2875//2875
f 2874//2874 520//520 2530//2530
f 2874//2874 2530//2530 3442//3442
f 2863//2863 2843//2843 2870//2870
f 2885//2885 2892//2892 2875//2875
f 2885//2885 2893//2893 2892//2892
f 2875//2875 2892//2892 521//521
f 521//521 2892//2892 2784//2784
f 2907//2907 2041//2041 2847//2847
f 541//541 2146//2146 2842//2842
f 2856//2856 2828//2828 2839//2839
f 3390//3390 2855//2855 2783//2783
f 2575//2575 404//404 2862//2862
f 2854//2854 2855//2855 3385//3385
f 3385//3385 2057//2057 2854//2854
f 2535//2535 2864//2864 2858//2858
f 2858//2858 2536//2536 2535//2535
f 529//529 2536//2536 3108//3108
f 2047//2047 733//733 1937//1937
f 2858//2858 3108//3108 2536//2536
f 3491//3491 3097//3097 3096//3096
f 406//406 2869//2869 404//404
f 2862//2862 2869//2869 3390//3390
f 2788//2788 2790//2790 2007//2007
f 2858//2858 2838//2838 2132//2132
f 3389//3389 2132//2132 358//358
f 2036//2036 3492//3492 2023//2023
f 2071//2071 3492//3492 2036//2036
f 2898//2898 2790//2790 2899//2899
f 2838//2838 2858//2858 2702//2702
f 617//617 2790//2790 2898//2898
f 616//616 2799//2799 2751//2751
f 2851//2851 2789//2789 2788//2788
f 2812//2812 2789//2789 2851//2851
f 1983//1983 1818//1818 3119//3119
f 1983//1983 3119//3119 2812//2812
f 2890//2890 2743//2743 2644//2644
f 2910//2910 2851//2851 2788//2788
f 2751//2751 3493//3493 3079//3079
f 3493//3493 2752//2752 2845//2845
f 2752//2752 3493//3493 2751//2751
f 2814//2814 2866//2866 3493//3493
f 3493//3493 2845//2845 2814//2814
f 2845//2845 2815//2815 2814//2814
f 2888//2888 618//618 2897//2897
f 2865//2865 2007//2007 3079//3079
f 3493//3493 2866//2866 3079//3079
f 3079//3079 2866//2866 2865//2865
f 3484//3484 2532//2532 3485//3485
f 3465//3465 2964//2964 3482//3482
f 2964//2964 1463//1463 2949//2949
f 3482//3482 2964//2964 2949//2949
f 2542//2542 2780//2780 3020//3020
f 2069//2069 3483//3483 3452//3452
f 2902//2902 2534//2534 3484//3484
f 3484//3484 3485//3485 3494//3494
f 3484//3484 3494//3494 2902//2902
f 2780//2780 3494//3494 3485//3485
f 2780//2780 3485//3485 3020//3020
f 2543//2543 3494//3494 2780//2780
f 2996//2996 3121//3121 2995//2995
f 701//701 3488//3488 3074//3074
f 2876//2876 2902//2902 3494//3494
f 970//970 2902//2902 2876//2876
f 1028//1028 3495//3495 3161//3161
f 1027//1027 1028//1028 3161//3161
f 3496//3496 591//591 2919//2919
f 2424//2424 2966//2966 3497//3497
f 557//557 3498//3498 2853//2853
f 612//612 557//557 2853//2853
f 3452//3452 557//557 612//612
f 2971//2971 3498//3498 3480//3480
f 556//556 3498//3498 557//557
f 3480//3480 3498//3498 556//556
f 2543//2543 559//559 3494//3494
f 3494//3494 559//559 2876//2876
f 558//558 2876//2876 559//559
f 558//558 557//557 3452//3452
f 558//558 3452//3452 2877//2877
f 2939//2939 2850//2850 734//734
f 2931//2931 2934//2934 2933//2933
f 3498//3498 2934//2934 2853//2853
f 2921//2921 2922//2922 2881//2881
f 2881//2881 2883//2883 2921//2921
f 2971//2971 2934//2934 3498//3498
f 2937//2937 2936//2936 2938//2938
f 2937//2937 611//611 2785//2785
f 2931//2931 2937//2937 2785//2785
f 2932//2932 2922//2922 2923//2923
f 2936//2936 2932//2932 2923//2923
f 2051//2051 2052//2052 2131//2131
f 732//732 2850//2850 3094//3094
f 2850//2850 3488//3488 3094//3094
f 2938//2938 3488//3488 2850//2850
f 3074//3074 3488//3488 3182//3182
f 3182//3182 3488//3488 2938//2938
f 2938//2938 2936//2936 3182//3182
f 3182//3182 2936//2936 2935//2935
f 3497//3497 2966//2966 2822//2822
f 2423//2423 3497//3497 2981//2981
f 3497//3497 2423//2423 2424//2424
f 3073//3073 3071//3071 3122//3122
f 3482//3482 3499//3499 3480//3480
f 3499//3499 3482//3482 2949//2949
f 2544//2544 3465//3465 3482//3482
f 2802//2802 3465//3465 2544//2544
f 2883//2883 2985//2985 2983//2983
f 2945//2945 2983//2983 3478//3478
f 2982//2982 2968//2968 2950//2950
f 3480//3480 556//556 3481//3481
f 3499//3499 2969//2969 3480//3480
f 3480//3480 2969//2969 2971//2971
f 2949//2949 2969//2969 3499//3499
f 2968//2968 2969//2969 2950//2950
f 2950//2950 2969//2969 2949//2949
f 2944//2944 3465//3465 2802//2802
f 2802//2802 2943//2943 2944//2944
f 2422//2422 2423//2423 2993//2993
f 2903//2903 1465//1465 2904//2904
f 1463//1463 1465//1465 2903//2903
f 2904//2904 1465//1465 2540//2540
f 2904//2904 2540//2540 2698//2698
f 2988//2988 2984//2984 2985//2985
f 3497//3497 2972//2972 2981//2981
f 2980//2980 2981//2981 2972//2972
f 2942//2942 2940//2940 954//954
f 1726//1726 566//566 1727//1727
f 3497//3497 2822//2822 2972//2972
f 956//956 2958//2958 2957//2957
f 956//956 2957//2957 2942//2942
f 566//566 1726//1726 3225//3225
f 955//955 3500//3500 3225//3225
f 567//567 3225//3225 3500//3500
f 566//566 3225//3225 567//567
f 2972//2972 567//567 3500//3500
f 2972//2972 3500//3500 3168//3168
f 2980//2980 2972//2972 3168//3168
f 3168//3168 3500//3500 954//954
f 955//955 954//954 3500//3500
f 3168//3168 928//928 770//770
f 3168//3168 954//954 928//928
f 954//954 2940//2940 928//928
f 2935//2935 2923//2923 3166//3166
f 2935//2935 3166//3166 3167//3167
f 3501//3501 3166//3166 2923//2923
f 3501//3501 2923//2923 2945//2945
f 577//577 3502//3502 579//579
f 3501//3501 2945//2945 3478//3478
f 3501//3501 3478//3478 35//35
f 2983//2983 2945//2945 2921//2921
f 2921//2921 2883//2883 2983//2983
f 3501//3501 3071//3071 3166//3166
f 2954//2954 769//769 768//768
f 2733//2733 2732//2732 721//721
f 2997//2997 3503//3503 2998//2998
f 2989//2989 2998//2998 3503//3503
f 2988//2988 2989//2989 3504//3504
f 3503//3503 3504//3504 2989//2989
f 2988//2988 3478//3478 2984//2984
f 35//35 3478//3478 3504//3504
f 2988//2988 3504//3504 3478//3478
f 2997//2997 3504//3504 3503//3503
f 35//35 3504//3504 2997//2997
f 2997//2997 34//34 35//35
f 3037//3037 2955//2955 3172//3172
f 3172//3172 2955//2955 768//768
f 753//753 3002//3002 755//755
f 3163//3163 3031//3031 3030//3030
f 591//591 592//592 2918//2918
f 3030//3030 3003//3003 3163//3163
f 3047//3047 3045//3045 386//386
f 3163//3163 3003//3003 3171//3171
f 3160//3160 3163//3163 3171//3171
f 3171//3171 3003//3003 3002//3002
f 3002//3002 753//753 3159//3159
f 756//756 3159//3159 307//307
f 3014//3014 3159//3159 753//753
f 307//307 3159//3159 3014//3014
f 3505//3505 592//592 755//755
f 2760//2760 591//591 3496//3496
f 2760//2760 3496//3496 3008//3008
f 3486//3486 754//754 755//755
f 3486//3486 755//755 592//592
f 3013//3013 3014//3014 754//754
f 753//753 754//754 3014//3014
f 2918//2918 3505//3505 3030//3030
f 3003//3003 3030//3030 3505//3505
f 3003//3003 3505//3505 755//755
f 3487//3487 3184//3184 3013//3013
f 3184//3184 581//581 3013//3013
f 3013//3013 581//581 3012//3012
f 387//387 3026//3026 1883//1883
f 3487//3487 3013//3013 754//754
f 3001//3001 34//34 3037//3037
f 3486//3486 2926//2926 3487//3487
f 3068//3068 2809//2809 3506//3506
f 701//701 3073//3073 3122//3122
f 3184//3184 3487//3487 2926//2926
f 2924//2924 3184//3184 2926//2926
f 581//581 3184//3184 36//36
f 420//420 3000//3000 419//419
f 3045//3045 3226//3226 386//386
f 3226//3226 3045//3045 3022//3022
f 3505//3505 2918//2918 592//592
f 3060//3060 3059//3059 3502//3502
f 3122//3122 2925//2925 700//700
f 2919//2919 2920//2920 3008//3008
f 3008//3008 3496//3496 2919//2919
f 2924//2924 2925//2925 3122//3122
f 3081//3081 3374//3374 3082//3082
f 3340//3340 3507//3507 3374//3374
f 3082//3082 3374//3374 3507//3507
f 3042//3042 3374//3374 3044//3044
f 3044//3044 3374//3374 3081//3081
f 2733//2733 3155//3155 2731//2731
f 3046//3046 3307//3307 1028//1028
f 1028//1028 3307//3307 3495//3495
f 1027//1027 3022//3022 1029//1029
f 3045//3045 1029//1029 3022//3022
f 3118//3118 2929//2929 2927//2927
f 3023//3023 3027//3027 586//586
f 3508//3508 2045//2045 3082//3082
f 586//586 3027//3027 387//387
f 3058//3058 3307//3307 3046//3046
f 3008//3008 2920//2920 3031//3031
f 3161//3161 3509//3509 3143//3143
f 3495//3495 3307//3307 3306//3306
f 727//727 3226//3226 3154//3154
f 720//720 3155//3155 2733//2733
f 1645//1645 1//1 220//220
f 3023//3023 591//591 3027//3027
f 590//590 591//591 3023//3023
f 3226//3226 3022//3022 3154//3154
f 35//35 3071//3071 3501//3501
f 1882//1882 1883//1883 3155//3155
f 723//723 2732//2732 2731//2731
f 3021//3021 3059//3059 3047//3047
f 3047//3047 3059//3059 3046//3046
f 2045//2045 2046//2046 3082//3082
f 3027//3027 591//591 2731//2731
f 3027//3027 2731//2731 3026//3026
f 723//723 83//83 82//82
f 2804//2804 2806//2806 3035//3035
f 720//720 3502//3502 3155//3155
f 719//719 3502//3502 720//720
f 3052//3052 2925//2925 3072//3072
f 700//700 2925//2925 3052//3052
f 3486//3486 592//592 2926//2926
f 2860//2860 2861//2861 3035//3035
f 3147//3147 3006//3006 2860//2860
f 3059//3059 1884//1884 3502//3502
f 577//577 3060//3060 3502//3502
f 3502//3502 719//719 579//579
f 3502//3502 1884//1884 1882//1882
f 3502//3502 1882//1882 3155//3155
f 700//700 3053//3053 702//702
f 3040//3040 3342//3342 418//418
f 2808//2808 3066//3066 2810//2810
f 3051//3051 3066//3066 2808//2808
f 3041//3041 3341//3341 3040//3040
f 3109//3109 3341//3341 3041//3041
f 3053//3053 3075//3075 3077//3077
f 3077//3077 3075//3075 2995//2995
f 3062//3062 3510//3510 3120//3120
f 2044//2044 3510//3510 3062//3062
f 3306//3306 3063//3063 3495//3495
f 3061//3061 3068//3068 3506//3506
f 3383//3383 3061//3061 3382//3382
f 3382//3382 3061//3061 3506//3506
f 2045//2045 3510//3510 2044//2044
f 3124//3124 3061//3061 3063//3063
f 3062//3062 3061//3061 2044//2044
f 3063//3063 3161//3161 3495//3495
f 3509//3509 3161//3161 3063//3063
f 3120//3120 3509//3509 3063//3063
f 590//590 3511//3511 3078//3078
f 3512//3512 3061//3061 3383//3383
f 3061//3061 3512//3512 2044//2044
f 2809//2809 3382//3382 3506//3506
f 3068//3068 3124//3124 3058//3058
f 2809//2809 3068//3068 712//712
f 297//297 2809//2809 712//712
f 1767//1767 2809//2809 297//297
f 3123//3123 418//418 3342//3342
f 3004//3004 2804//2804 3000//3000
f 3118//3118 3005//3005 2929//2929
f 2929//2929 3004//3004 420//420
f 420//420 3004//3004 3000//3000
f 3513//3513 3082//3082 1981//1981
f 3513//3513 1981//1981 3099//3099
f 1988//1988 2809//2809 1767//1767
f 1988//1988 2808//2808 2809//2809
f 3382//3382 2809//2809 2810//2810
f 1980//1980 1982//1982 3066//3066
f 3036//3036 3049//3049 2927//2927
f 3049//3049 3036//3036 3050//3050
f 3111//3111 334//334 332//332
f 3043//3043 3044//3044 3110//3110
f 334//334 3110//3110 3057//3057
f 3513//3513 3099//3099 3083//3083
f 3513//3513 3083//3083 3082//3082
f 3057//3057 1981//1981 333//333
f 3111//3111 2914//2914 2915//2915
f 332//332 2914//2914 3111//3111
f 3084//3084 2915//2915 3050//3050
f 3050//3050 2915//2915 2913//2913
f 3111//3111 2915//2915 3084//3084
f 3043//3043 3111//3111 3084//3084
f 3177//3177 2805//2805 3005//3005
f 3102//3102 1987//1987 3064//3064
f 2927//2927 3114//3114 3118//3118
f 3087//3087 3114//3114 3106//3106
f 3087//3087 3089//3089 3114//3114
f 3049//3049 3114//3114 2927//2927
f 2900//2900 3092//3092 524//524
f 2091//2091 3070//3070 2073//2073
f 2090//2090 3107//3107 3101//3101
f 2068//2068 3330//3330 3051//3051
f 332//332 3091//3091 2914//2914
f 3091//3091 3102//3102 3370//3370
f 3370//3370 3102//3102 2074//2074
f 2074//2074 3102//3102 3064//3064
f 332//332 3102//3102 3091//3091
f 3101//3101 3070//3070 2091//2091
f 3101//3101 3039//3039 3070//3070
f 3039//3039 3101//3101 3112//3112
f 3101//3101 3106//3106 3112//3112
f 2075//2075 2036//2036 2023//2023
f 2075//2075 3514//3514 595//595
f 2023//2023 3514//3514 2075//2075
f 3095//3095 2071//2071 2050//2050
f 3515//3515 3095//3095 1819//1819
f 3377//3377 3515//3515 1819//1819
f 3095//3095 3515//3515 3492//3492
f 2071//2071 3095//3095 3492//3492
f 3492//3492 3515//3515 2023//2023
f 2023//2023 2021//2021 3514//3514
f 3107//3107 2090//2090 3097//3097
f 2022//2022 2023//2023 3515//3515
f 3069//3069 2022//2022 2896//2896
f 3096//3096 595//595 3514//3514
f 3514//3514 2021//2021 3096//3096
f 2894//2894 3516//3516 3117//3117
f 3051//3051 3330//3330 1980//1980
f 3329//3329 1987//1987 3330//3330
f 2021//2021 2022//2022 3069//3069
f 2022//2022 3377//3377 2896//2896
f 3377//3377 2022//2022 3515//3515
f 3121//3121 3116//3116 2995//2995
f 3106//3106 3107//3107 3087//3087
f 3088//3088 3087//3087 3491//3491
f 3107//3107 3491//3491 3087//3087
f 3491//3491 3107//3107 3097//3097
f 3491//3491 3104//3104 3088//3088
f 3491//3491 3069//3069 3104//3104
f 3069//3069 3032//3032 3104//3104
f 2021//2021 3069//3069 3491//3491
f 3491//3491 3096//3096 2021//2021
f 3077//3077 3116//3116 3098//3098
f 1987//1987 1980//1980 3330//3330
f 1987//1987 3329//3329 3064//3064
f 1981//1981 3065//3065 1982//1982
f 3064//3064 3329//3329 1985//1985
f 1985//1985 3329//3329 1971//1971
f 1971//1971 1972//1972 1985//1985
f 2810//2810 3381//3381 3382//3382
f 3065//3065 3381//3381 3066//3066
f 3066//3066 3381//3381 2810//2810
f 3375//3375 3383//3383 3381//3381
f 3375//3375 3381//3381 3065//3065
f 3065//3065 1981//1981 3375//3375
f 3084//3084 3036//3036 3517//3517
f 3517//3517 3043//3043 3084//3084
f 3034//3034 3121//3121 3055//3055
f 3121//3121 2996//2996 3105//3105
f 3105//3105 3055//3055 3121//3121
f 3118//3118 3177//3177 3005//3005
f 3067//3067 2811//2811 2894//2894
f 1936//1936 3516//3516 2811//2811
f 2811//2811 3516//3516 2894//2894
f 3116//3116 3117//3117 3098//3098
f 3516//3516 3098//3098 3117//3117
f 3098//3098 3516//3516 1935//1935
f 1935//1935 3516//3516 1936//1936
f 2996//2996 2807//2807 2805//2805
f 2996//2996 3177//3177 3105//3105
f 2805//2805 3177//3177 2996//2996
f 3518//3518 2928//2928 3123//3123
f 3518//3518 3517//3517 2928//2928
f 2928//2928 3517//3517 3036//3036
f 3518//3518 3123//3123 3342//3342
f 3517//3517 3518//3518 3042//3042
f 3043//3043 3517//3517 3042//3042
f 3042//3042 3518//3518 3342//3342
f 3512//3512 3383//3383 2046//2046
f 2046//2046 3383//3383 3375//3375
f 3511//3511 3143//3143 3509//3509
f 590//590 3143//3143 3511//3511
f 3511//3511 3509//3509 3120//3120
f 3512//3512 2046//2046 2044//2044
f 3510//3510 2045//2045 3508//3508
f 3510//3510 3508//3508 3511//3511
f 3120//3120 3510//3510 3511//3511
f 3109//3109 3508//3508 3341//3341
f 3519//3519 3341//3341 3508//3508
f 3519//3519 3508//3508 3507//3507
f 3507//3507 3341//3341 3519//3519
f 3507//3507 3340//3340 3341//3341
f 3507//3507 3508//3508 3082//3082
f 3511//3511 3508//3508 3109//3109
f 3109//3109 3078//3078 3511//3511
f 3375//3375 3082//3082 2046//2046
