sample_id,method,status,failure_stage,failure_reason,common_initial_mesh,common_initial_mesh_sha256,observed_common_initial_mesh_sha256,initial_vertex_count,initial_face_count,image_directory,camera_and_gt_container,view_count,native_initial_chamfer,native_final_chamfer,native_initial_p2s,native_final_p2s,native_initial_normal_consistency,native_final_normal_consistency,initial_chamfer,final_chamfer,chamfer_improvement_percent,initial_p2s,final_p2s,initial_p2s_p95,final_p2s_p95,initial_fscore,final_fscore,initial_normal_consistency,final_normal_consistency,unified_metric_audit,metric_protocol,introduced_flipped_faces,introduced_flipped_faces_comparable,output_connectivity_preserved,final_vertex_count,final_face_count,runtime_seconds,peak_gpu_memory_mb,final_mesh,coordinate_transform_to_gt,source_identity_audit,adapter_identity_audit
038b62bb-b277-4d92-8afe-3ff115add02c__v00,initial,completed,,,/networkhome/WMGDS/zhou_c/multiview-laplacian-refinement/runs/learned_laplacian/sofa50_synthetic_current_28view_hf_resolution_1920_20k_seed7/analysis/reconstruction/HF_1920/038b62bb-b277-4d92-8afe-3ff115add02c__v00/coarse.obj,c83ca94fd6b893ef132cf94de5bffc16d9c1958a14565d1695eb4419bd2b9965,c83ca94fd6b893ef132cf94de5bffc16d9c1958a14565d1695eb4419bd2b9965,5716,11242,/networkhome/WMGDS/zhou_c/sofa_mesh/sofa50_synthetic_current_28view_native1920_v1/observations/038b62bb-b277-4d92-8afe-3ff115add02c/images,/networkhome/WMGDS/zhou_c/sofa_mesh/sofa50_synthetic_current_28view_native1920_v1/prepared/test/038b62bb-b277-4d92-8afe-3ff115add02c/variant_00.pt,28,0.005100097719898712,0.005108962713512908,0.005128856937199044,0.005099184373121719,0.961946138643022,0.9489820309123342,0.014217171299285767,0.014217171299285767,0.0,0.014217171299285767,0.014217171299285767,0.04489409905458893,0.04489409905458893,0.5534092270820851,0.5534092270820851,0.9619461386423523,0.9619461386423523,True,mlr.learned_laplacian.evaluation.evaluate_mesh_geometry;surface_samples=3000;seed=7;fscore_threshold=0.01,0.0,True,True,5716,11242,0.0,0.0,/networkhome/WMGDS/zhou_c/multiview-laplacian-refinement/runs/learned_laplacian/sofa50_synthetic_current_28view_hf_resolution_1920_20k_seed7/analysis/reconstruction/HF_1920/038b62bb-b277-4d92-8afe-3ff115add02c__v00/coarse.obj,identity,True,True
038b62bb-b277-4d92-8afe-3ff115add02c__v01,initial,completed,,,/networkhome/WMGDS/zhou_c/multiview-laplacian-refinement/runs/learned_laplacian/sofa50_synthetic_current_28view_hf_resolution_1920_20k_seed7/analysis/reconstruction/HF_1920/038b62bb-b277-4d92-8afe-3ff115add02c__v01/coarse.obj,a51297356ccce5d097958e2557ee0a9a530476d7ce3a13ac80569e13cf0481ee,a51297356ccce5d097958e2557ee0a9a530476d7ce3a13ac80569e13cf0481ee,5716,11242,/networkhome/WMGDS/zhou_c/sofa_mesh/sofa50_synthetic_current_28view_native1920_v1/observations/038b62bb-b277-4d92-8afe-3ff115add02c/images,/networkhome/WMGDS/zhou_c/sofa_mesh/sofa50_synthetic_current_28view_native1920_v1/prepared/test/038b62bb-b277-4d92-8afe-3ff115add02c/variant_01.pt,28,0.005029439544007971,0.004851983618909919,0.00500974022402091,0.0048494515447924415,0.9664659427475064,0.9587221097495056,0.014714130265988376,0.014714130265988376,0.0,0.014714130265988374,0.014714130265988374,0.049966645030552946,0.049966645030552946,0.5821829360575104,0.5821829360575104,0.966465942746036,0.966465942746036,True,mlr.learned_laplacian.evaluation.evaluate_mesh_geometry;surface_samples=3000;seed=7;fscore_threshold=0.01,0.0,True,True,5716,11242,0.0,0.0,/networkhome/WMGDS/zhou_c/multiview-laplacian-refinement/runs/learned_laplacian/sofa50_synthetic_current_28view_hf_resolution_1920_20k_seed7/analysis/reconstruction/HF_1920/038b62bb-b277-4d92-8afe-3ff115add02c__v01/coarse.obj,identity,True,True
038b62bb-b277-4d92-8afe-3ff115add02c__v02,initial,completed,,,/networkhome/WMGDS/zhou_c/multiview-laplacian-refinement/runs/learned_laplacian/sofa50_synthetic_current_28view_hf_resolution_1920_20k_seed7/analysis/reconstruction/HF_1920/038b62bb-b277-4d92-8afe-3ff115add02c__v02/coarse.obj,7bb0be86f675911cf3dea544c55c7990d374b772e5f2ca694c0c648bc7857508,7bb0be86f675911cf3dea544c55c7990d374b772e5f2ca694c0c648bc7857508,5716,11242,/networkhome/WMGDS/zhou_c/sofa_mesh/sofa50_synthetic_current_28view_native1920_v1/observations/038b62bb-b277-4d92-8afe-3ff115add02c/images,/networkhome/WMGDS/zhou_c/sofa_mesh/sofa50_synthetic_current_28view_native1920_v1/prepared/test/038b62bb-b277-4d92-8afe-3ff115add02c/variant_02.pt,28,0.00510468688048922,0.0052957616130868915,0.0051726698606290806,0.005315076372030164,0.9643665732451878,0.947509396859568,0.015285249109453116,0.015285249109453116,0.0,0.015285249109453116,0.015285249109453116,0.05175735729162068,0.05175735729162068,0.5744192678227361,0.5744192678227361,0.9643665732428267,0.9643665732428267,True,mlr.learned_laplacian.evaluation.evaluate_mesh_geometry;surface_samples=3000;seed=7;fscore_threshold=0.01,0.0,True,True,5716,11242,0.0,0.0,/networkhome/WMGDS/zhou_c/multiview-laplacian-refinement/runs/learned_laplacian/sofa50_synthetic_current_28view_hf_resolution_1920_20k_seed7/analysis/reconstruction/HF_1920/038b62bb-b277-4d92-8afe-3ff115add02c__v02/coarse.obj,identity,True,True
038b62bb-b277-4d92-8afe-3ff115add02c__v03,initial,completed,,,/networkhome/WMGDS/zhou_c/multiview-laplacian-refinement/runs/learned_laplacian/sofa50_synthetic_current_28view_hf_resolution_1920_20k_seed7/analysis/reconstruction/HF_1920/038b62bb-b277-4d92-8afe-3ff115add02c__v03/coarse.obj,a5ed95b385321feac8b2a31e8776f5a2bd98ba1530e3a301612ad8c165780bcb,a5ed95b385321feac8b2a31e8776f5a2bd98ba1530e3a301612ad8c165780bcb,5716,11242,/networkhome/WMGDS/zhou_c/sofa_mesh/sofa50_synthetic_current_28view_native1920_v1/observations/038b62bb-b277-4d92-8afe-3ff115add02c/images,/networkhome/WMGDS/zhou_c/sofa_mesh/sofa50_synthetic_current_28view_native1920_v1/prepared/test/038b62bb-b277-4d92-8afe-3ff115add02c/variant_03.pt,28,0.00497832087025859,0.004887391753201684,0.004973462627335207,0.004906177646804054,0.9634694415534496,0.9529944768268102,0.01529695698206726,0.01529695698206726,0.0,0.01529695698206726,0.01529695698206726,0.058213375441495255,0.058213375441495255,0.5747437446074202,0.5747437446074202,0.9634694415515109,0.9634694415515109,True,mlr.learned_laplacian.evaluation.evaluate_mesh_geometry;surface_samples=3000;seed=7;fscore_threshold=0.01,0.0,True,True,5716,11242,0.0,0.0,/networkhome/WMGDS/zhou_c/multiview-laplacian-refinement/runs/learned_laplacian/sofa50_synthetic_current_28view_hf_resolution_1920_20k_seed7/analysis/reconstruction/HF_1920/038b62bb-b277-4d92-8afe-3ff115add02c__v03/coarse.obj,identity,True,True
038b62bb-b277-4d92-8afe-3ff115add02c__v04,initial,completed,,,/networkhome/WMGDS/zhou_c/multiview-laplacian-refinement/runs/learned_laplacian/sofa50_synthetic_current_28view_hf_resolution_1920_20k_seed7/analysis/reconstruction/HF_1920/038b62bb-b277-4d92-8afe-3ff115add02c__v04/coarse.obj,d07b90c205e88abc5bfa73dab37639512db9c125f25c0b415d2dc4da3f737de7,d07b90c205e88abc5bfa73dab37639512db9c125f25c0b415d2dc4da3f737de7,5716,11242,/networkhome/WMGDS/zhou_c/sofa_mesh/sofa50_synthetic_current_28view_native1920_v1/observations/038b62bb-b277-4d92-8afe-3ff115add02c/images,/networkhome/WMGDS/zhou_c/sofa_mesh/sofa50_synthetic_current_28view_native1920_v1/prepared/test/038b62bb-b277-4d92-8afe-3ff115add02c/variant_04.pt,28,0.00496961106069263,0.0050831878835934565,0.004973616782508933,0.005088119698095977,0.9663354495367593,0.9515682282120955,0.01270888488604226,0.01270888488604226,0.0,0.01270888488604226,0.01270888488604226,0.04295684075345024,0.04295684075345024,0.5690585835033517,0.5690585835033517,0.9663354495381954,0.9663354495381954,True,mlr.learned_laplacian.evaluation.evaluate_mesh_geometry;surface_samples=3000;seed=7;fscore_threshold=0.01,0.0,True,True,5716,11242,0.0,0.0,/networkhome/WMGDS/zhou_c/multiview-laplacian-refinement/runs/learned_laplacian/sofa50_synthetic_current_28view_hf_resolution_1920_20k_seed7/analysis/reconstruction/HF_1920/038b62bb-b277-4d92-8afe-3ff115add02c__v04/coarse.obj,identity,True,True
43bd0910-1dd1-4b1e-9ba2-e9801e6b5761__v00,initial,completed,,,/networkhome/WMGDS/zhou_c/multiview-laplacian-refinement/runs/learned_laplacian/sofa50_synthetic_current_28view_hf_resolution_1920_20k_seed7/analysis/reconstruction/HF_1920/43bd0910-1dd1-4b1e-9ba2-e9801e6b5761__v00/coarse.obj,39d28e17873a23ea6efc8e09136cf2ce8d76cf3c6927daea18914e1630c59a0c,39d28e17873a23ea6efc8e09136cf2ce8d76cf3c6927daea18914e1630c59a0c,7578,14906,/networkhome/WMGDS/zhou_c/sofa_mesh/sofa50_synthetic_current_28view_native1920_v1/observations/43bd0910-1dd1-4b1e-9ba2-e9801e6b5761/images,/networkhome/WMGDS/zhou_c/sofa_mesh/sofa50_synthetic_current_28view_native1920_v1/prepared/test/43bd0910-1dd1-4b1e-9ba2-e9801e6b5761/variant_00.pt,28,0.00461908786949849,0.00420257939737508,0.004526798332254931,0.0041261506863846074,0.9520624613617027,0.9505733130915919,0.016939040394259537,0.016939040394259537,0.0,0.016939040394259537,0.016939040394259537,0.0668175933260449,0.0668175933260449,0.5732197034911525,0.5732197034911525,0.9520624613653842,0.9520624613653842,True,mlr.learned_laplacian.evaluation.evaluate_mesh_geometry;surface_samples=3000;seed=7;fscore_threshold=0.01,0.0,True,True,7578,14906,0.0,0.0,/networkhome/WMGDS/zhou_c/multiview-laplacian-refinement/runs/learned_laplacian/sofa50_synthetic_current_28view_hf_resolution_1920_20k_seed7/analysis/reconstruction/HF_1920/43bd0910-1dd1-4b1e-9ba2-e9801e6b5761__v00/coarse.obj,identity,True,True
43bd0910-1dd1-4b1e-9ba2-e9801e6b5761__v01,initial,completed,,,/networkhome/WMGDS/zhou_c/multiview-laplacian-refinement/runs/learned_laplacian/sofa50_synthetic_current_28view_hf_resolution_1920_20k_seed7/analysis/reconstruction/HF_1920/43bd0910-1dd1-4b1e-9ba2-e9801e6b5761__v01/coarse.obj,75af42defda4c14c79453d0943859cab374da0452410ae5aa076b37e97b5ecf7,75af42defda4c14c79453d0943859cab374da0452410ae5aa076b37e97b5ecf7,7578,14906,/networkhome/WMGDS/zhou_c/sofa_mesh/sofa50_synthetic_current_28view_native1920_v1/observations/43bd0910-1dd1-4b1e-9ba2-e9801e6b5761/images,/networkhome/WMGDS/zhou_c/sofa_mesh/sofa50_synthetic_current_28view_native1920_v1/prepared/test/43bd0910-1dd1-4b1e-9ba2-e9801e6b5761/variant_01.pt,28,0.004641821011068517,0.004241653373496245,0.004626151654584973,0.0041888150167488656,0.9534191058752854,0.9448967119527709,0.013656328163961565,0.013656328163961565,0.0,0.013656328163961564,0.013656328163961564,0.050764295260723104,0.050764295260723104,0.5795530173234342,0.5795530173234342,0.9534191058710644,0.9534191058710644,True,mlr.learned_laplacian.evaluation.evaluate_mesh_geometry;surface_samples=3000;seed=7;fscore_threshold=0.01,0.0,True,True,7578,14906,0.0,0.0,/networkhome/WMGDS/zhou_c/multiview-laplacian-refinement/runs/learned_laplacian/sofa50_synthetic_current_28view_hf_resolution_1920_20k_seed7/analysis/reconstruction/HF_1920/43bd0910-1dd1-4b1e-9ba2-e9801e6b5761__v01/coarse.obj,identity,True,True
43bd0910-1dd1-4b1e-9ba2-e9801e6b5761__v02,initial,completed,,,/networkhome/WMGDS/zhou_c/multiview-laplacian-refinement/runs/learned_laplacian/sofa50_synthetic_current_28view_hf_resolution_1920_20k_seed7/analysis/reconstruction/HF_1920/43bd0910-1dd1-4b1e-9ba2-e9801e6b5761__v02/coarse.obj,ddb376e4e6997e4ca1001d05897a960ee18d554c39e3bf36e2af0cfd6987b85b,ddb376e4e6997e4ca1001d05897a960ee18d554c39e3bf36e2af0cfd6987b85b,7578,14906,/networkhome/WMGDS/zhou_c/sofa_mesh/sofa50_synthetic_current_28view_native1920_v1/observations/43bd0910-1dd1-4b1e-9ba2-e9801e6b5761/images,/networkhome/WMGDS/zhou_c/sofa_mesh/sofa50_synthetic_current_28view_native1920_v1/prepared/test/43bd0910-1dd1-4b1e-9ba2-e9801e6b5761/variant_02.pt,28,0.004518408535502061,0.0041473647187776465,0.004512578698370946,0.004102033006078585,0.9525705827355262,0.9491894566386111,0.011227749106389148,0.011227749106389148,0.0,0.01122774910638915,0.01122774910638915,0.03645197805719852,0.03645197805719852,0.6045451407811081,0.6045451407811081,0.9525705827350113,0.9525705827350113,True,mlr.learned_laplacian.evaluation.evaluate_mesh_geometry;surface_samples=3000;seed=7;fscore_threshold=0.01,0.0,True,True,7578,14906,0.0,0.0,/networkhome/WMGDS/zhou_c/multiview-laplacian-refinement/runs/learned_laplacian/sofa50_synthetic_current_28view_hf_resolution_1920_20k_seed7/analysis/reconstruction/HF_1920/43bd0910-1dd1-4b1e-9ba2-e9801e6b5761__v02/coarse.obj,identity,True,True
43bd0910-1dd1-4b1e-9ba2-e9801e6b5761__v03,initial,completed,,,/networkhome/WMGDS/zhou_c/multiview-laplacian-refinement/runs/learned_laplacian/sofa50_synthetic_current_28view_hf_resolution_1920_20k_seed7/analysis/reconstruction/HF_1920/43bd0910-1dd1-4b1e-9ba2-e9801e6b5761__v03/coarse.obj,501c46ea3bf9e50a40c0993ccef691d94dd67a0ad1c19e82f195b3624c990244,501c46ea3bf9e50a40c0993ccef691d94dd67a0ad1c19e82f195b3624c990244,7578,14906,/networkhome/WMGDS/zhou_c/sofa_mesh/sofa50_synthetic_current_28view_native1920_v1/observations/43bd0910-1dd1-4b1e-9ba2-e9801e6b5761/images,/networkhome/WMGDS/zhou_c/sofa_mesh/sofa50_synthetic_current_28view_native1920_v1/prepared/test/43bd0910-1dd1-4b1e-9ba2-e9801e6b5761/variant_03.pt,28,0.00473354796860229,0.004431813791444786,0.00473640808368966,0.004397250763159891,0.9548993710153699,0.950334800587532,0.013289825397621186,0.013289825397621186,0.0,0.013289825397621186,0.013289825397621186,0.045544668808888196,0.045544668808888196,0.5775755141080823,0.5775755141080823,0.954899371019584,0.954899371019584,True,mlr.learned_laplacian.evaluation.evaluate_mesh_geometry;surface_samples=3000;seed=7;fscore_threshold=0.01,0.0,True,True,7578,14906,0.0,0.0,/networkhome/WMGDS/zhou_c/multiview-laplacian-refinement/runs/learned_laplacian/sofa50_synthetic_current_28view_hf_resolution_1920_20k_seed7/analysis/reconstruction/HF_1920/43bd0910-1dd1-4b1e-9ba2-e9801e6b5761__v03/coarse.obj,identity,True,True
43bd0910-1dd1-4b1e-9ba2-e9801e6b5761__v04,initial,completed,,,/networkhome/WMGDS/zhou_c/multiview-laplacian-refinement/runs/learned_laplacian/sofa50_synthetic_current_28view_hf_resolution_1920_20k_seed7/analysis/reconstruction/HF_1920/43bd0910-1dd1-4b1e-9ba2-e9801e6b5761__v04/coarse.obj,6be108651110082e1ecb9bb78b1e2cdd4a865dafba5df54e2c6ea4ea69c6799d,6be108651110082e1ecb9bb78b1e2cdd4a865dafba5df54e2c6ea4ea69c6799d,7578,14906,/networkhome/WMGDS/zhou_c/sofa_mesh/sofa50_synthetic_current_28view_native1920_v1/observations/43bd0910-1dd1-4b1e-9ba2-e9801e6b5761/images,/networkhome/WMGDS/zhou_c/sofa_mesh/sofa50_synthetic_current_28view_native1920_v1/prepared/test/43bd0910-1dd1-4b1e-9ba2-e9801e6b5761/variant_04.pt,28,0.004498661887034864,0.0042040803224926504,0.004591577483676845,0.004253786274971175,0.9532478462324572,0.9547536529120586,0.012265354767415367,0.012265354767415367,0.0,0.012265354767415365,0.012265354767415365,0.041101887677205205,0.041101887677205205,0.6014144144144143,0.6014144144144143,0.9532478462338317,0.9532478462338317,True,mlr.learned_laplacian.evaluation.evaluate_mesh_geometry;surface_samples=3000;seed=7;fscore_threshold=0.01,0.0,True,True,7578,14906,0.0,0.0,/networkhome/WMGDS/zhou_c/multiview-laplacian-refinement/runs/learned_laplacian/sofa50_synthetic_current_28view_hf_resolution_1920_20k_seed7/analysis/reconstruction/HF_1920/43bd0910-1dd1-4b1e-9ba2-e9801e6b5761__v04/coarse.obj,identity,True,True
5ac05fe8-b550-4786-8e8c-c5a43c30d112__v00,initial,completed,,,/networkhome/WMGDS/zhou_c/multiview-laplacian-refinement/runs/learned_laplacian/sofa50_synthetic_current_28view_hf_resolution_1920_20k_seed7/analysis/reconstruction/HF_1920/5ac05fe8-b550-4786-8e8c-c5a43c30d112__v00/coarse.obj,91e870cd7d1431045dbf0d352bfdf55af80d5f5b3ee44e8cb3410398db77d1ad,91e870cd7d1431045dbf0d352bfdf55af80d5f5b3ee44e8cb3410398db77d1ad,8476,16827,/networkhome/WMGDS/zhou_c/sofa_mesh/sofa50_synthetic_current_28view_native1920_v1/observations/5ac05fe8-b550-4786-8e8c-c5a43c30d112/images,/networkhome/WMGDS/zhou_c/sofa_mesh/sofa50_synthetic_current_28view_native1920_v1/prepared/test/5ac05fe8-b550-4786-8e8c-c5a43c30d112/variant_00.pt,28,0.0037423562067070357,0.0035930429975887636,0.0038378417069803447,0.003642386147755765,0.9467210444143045,0.9427932456074745,0.019441266436227064,0.019441266436227064,0.0,0.019441266436227064,0.019441266436227064,0.09398422023679731,0.09398422023679731,0.5942028985507246,0.5942028985507246,0.9467210444131625,0.9467210444131625,True,mlr.learned_laplacian.evaluation.evaluate_mesh_geometry;surface_samples=3000;seed=7;fscore_threshold=0.01,0.0,True,True,8476,16827,0.0,0.0,/networkhome/WMGDS/zhou_c/multiview-laplacian-refinement/runs/learned_laplacian/sofa50_synthetic_current_28view_hf_resolution_1920_20k_seed7/analysis/reconstruction/HF_1920/5ac05fe8-b550-4786-8e8c-c5a43c30d112__v00/coarse.obj,identity,True,True
5ac05fe8-b550-4786-8e8c-c5a43c30d112__v01,initial,completed,,,/networkhome/WMGDS/zhou_c/multiview-laplacian-refinement/runs/learned_laplacian/sofa50_synthetic_current_28view_hf_resolution_1920_20k_seed7/analysis/reconstruction/HF_1920/5ac05fe8-b550-4786-8e8c-c5a43c30d112__v01/coarse.obj,7ec770f0c688b79de833ff24bb1c79cd8a6f2187be9801af2e222209ffbf13b6,7ec770f0c688b79de833ff24bb1c79cd8a6f2187be9801af2e222209ffbf13b6,8476,16827,/networkhome/WMGDS/zhou_c/sofa_mesh/sofa50_synthetic_current_28view_native1920_v1/observations/5ac05fe8-b550-4786-8e8c-c5a43c30d112/images,/networkhome/WMGDS/zhou_c/sofa_mesh/sofa50_synthetic_current_28view_native1920_v1/prepared/test/5ac05fe8-b550-4786-8e8c-c5a43c30d112/variant_01.pt,28,0.0036282342348830645,0.0035485594718187422,0.003740360166666276,0.0035865109214288115,0.9484531302805489,0.9375051280278874,0.01731224296712774,0.01731224296712774,0.0,0.01731224296712774,0.01731224296712774,0.0942358420394563,0.0942358420394563,0.619721038961039,0.619721038961039,0.9484531302826849,0.9484531302826849,True,mlr.learned_laplacian.evaluation.evaluate_mesh_geometry;surface_samples=3000;seed=7;fscore_threshold=0.01,0.0,True,True,8476,16827,0.0,0.0,/networkhome/WMGDS/zhou_c/multiview-laplacian-refinement/runs/learned_laplacian/sofa50_synthetic_current_28view_hf_resolution_1920_20k_seed7/analysis/reconstruction/HF_1920/5ac05fe8-b550-4786-8e8c-c5a43c30d112__v01/coarse.obj,identity,True,True
5ac05fe8-b550-4786-8e8c-c5a43c30d112__v02,initial,completed,,,/networkhome/WMGDS/zhou_c/multiview-laplacian-refinement/runs/learned_laplacian/sofa50_synthetic_current_28view_hf_resolution_1920_20k_seed7/analysis/reconstruction/HF_1920/5ac05fe8-b550-4786-8e8c-c5a43c30d112__v02/coarse.obj,984d89d1d836b8f11817d32fac1c6572c23f6dd42748ee61c2949350ddae6a7f,984d89d1d836b8f11817d32fac1c6572c23f6dd42748ee61c2949350ddae6a7f,8476,16827,/networkhome/WMGDS/zhou_c/sofa_mesh/sofa50_synthetic_current_28view_native1920_v1/observations/5ac05fe8-b550-4786-8e8c-c5a43c30d112/images,/networkhome/WMGDS/zhou_c/sofa_mesh/sofa50_synthetic_current_28view_native1920_v1/prepared/test/5ac05fe8-b550-4786-8e8c-c5a43c30d112/variant_02.pt,28,0.003605071440313178,0.0035558708473652683,0.0037889092941431595,0.0036201610701762886,0.9512763182702422,0.9455940677253765,0.018649313857545254,0.018649313857545254,0.0,0.018649313857545254,0.018649313857545254,0.09157973561383143,0.09157973561383143,0.586781857451404,0.586781857451404,0.9512763182756613,0.9512763182756613,True,mlr.learned_laplacian.evaluation.evaluate_mesh_geometry;surface_samples=3000;seed=7;fscore_threshold=0.01,0.0,True,True,8476,16827,0.0,0.0,/networkhome/WMGDS/zhou_c/multiview-laplacian-refinement/runs/learned_laplacian/sofa50_synthetic_current_28view_hf_resolution_1920_20k_seed7/analysis/reconstruction/HF_1920/5ac05fe8-b550-4786-8e8c-c5a43c30d112__v02/coarse.obj,identity,True,True
5ac05fe8-b550-4786-8e8c-c5a43c30d112__v03,initial,completed,,,/networkhome/WMGDS/zhou_c/multiview-laplacian-refinement/runs/learned_laplacian/sofa50_synthetic_current_28view_hf_resolution_1920_20k_seed7/analysis/reconstruction/HF_1920/5ac05fe8-b550-4786-8e8c-c5a43c30d112__v03/coarse.obj,1be93cba71a23c2635d76cc55dac27626d6d0fae48e5e650b5bc9d54d02c3dca,1be93cba71a23c2635d76cc55dac27626d6d0fae48e5e650b5bc9d54d02c3dca,8476,16827,/networkhome/WMGDS/zhou_c/sofa_mesh/sofa50_synthetic_current_28view_native1920_v1/observations/5ac05fe8-b550-4786-8e8c-c5a43c30d112/images,/networkhome/WMGDS/zhou_c/sofa_mesh/sofa50_synthetic_current_28view_native1920_v1/prepared/test/5ac05fe8-b550-4786-8e8c-c5a43c30d112/variant_03.pt,28,0.003655578000460462,0.0034866566223785804,0.0037272240530353573,0.003482206579734243,0.9491666944457978,0.9436720973907006,0.02250201601849302,0.02250201601849302,0.0,0.02250201601849302,0.02250201601849302,0.14941087588409013,0.14941087588409013,0.6285245564412445,0.6285245564412445,0.9491666944461895,0.9491666944461895,True,mlr.learned_laplacian.evaluation.evaluate_mesh_geometry;surface_samples=3000;seed=7;fscore_threshold=0.01,0.0,True,True,8476,16827,0.0,0.0,/networkhome/WMGDS/zhou_c/multiview-laplacian-refinement/runs/learned_laplacian/sofa50_synthetic_current_28view_hf_resolution_1920_20k_seed7/analysis/reconstruction/HF_1920/5ac05fe8-b550-4786-8e8c-c5a43c30d112__v03/coarse.obj,identity,True,True
5ac05fe8-b550-4786-8e8c-c5a43c30d112__v04,initial,completed,,,/networkhome/WMGDS/zhou_c/multiview-laplacian-refinement/runs/learned_laplacian/sofa50_synthetic_current_28view_hf_resolution_1920_20k_seed7/analysis/reconstruction/HF_1920/5ac05fe8-b550-4786-8e8c-c5a43c30d112__v04/coarse.obj,fd0aa2df8ab5b675fc59e28fd412e09b2d6b106b7a567a3015cc643b65d0c3e5,fd0aa2df8ab5b675fc59e28fd412e09b2d6b106b7a567a3015cc643b65d0c3e5,8476,16827,/networkhome/WMGDS/zhou_c/sofa_mesh/sofa50_synthetic_current_28view_native1920_v1/observations/5ac05fe8-b550-4786-8e8c-c5a43c30d112/images,/networkhome/WMGDS/zhou_c/sofa_mesh/sofa50_synthetic_current_28view_native1920_v1/prepared/test/5ac05fe8-b550-4786-8e8c-c5a43c30d112/variant_04.pt,28,0.003617297893565857,0.0035944927938981117,0.0038397977192227042,0.0036389343462608966,0.951429528042389,0.942617668584716,0.033302729391033424,0.033302729391033424,0.0,0.033302729391033424,0.033302729391033424,0.1795147190533186,0.1795147190533186,0.5170326409495549,0.5170326409495549,0.9514295280450744,0.9514295280450744,True,mlr.learned_laplacian.evaluation.evaluate_mesh_geometry;surface_samples=3000;seed=7;fscore_threshold=0.01,0.0,True,True,8476,16827,0.0,0.0,/networkhome/WMGDS/zhou_c/multiview-laplacian-refinement/runs/learned_laplacian/sofa50_synthetic_current_28view_hf_resolution_1920_20k_seed7/analysis/reconstruction/HF_1920/5ac05fe8-b550-4786-8e8c-c5a43c30d112__v04/coarse.obj,identity,True,True
5c226f2b-aad3-4371-a3f9-ea2ee9a63327__v00,initial,completed,,,/networkhome/WMGDS/zhou_c/multiview-laplacian-refinement/runs/learned_laplacian/sofa50_synthetic_current_28view_hf_resolution_1920_20k_seed7/analysis/reconstruction/HF_1920/5c226f2b-aad3-4371-a3f9-ea2ee9a63327__v00/coarse.obj,f34320666579ad7ca6c21a5efd6387f73531547ab70ae024ef530fabbd0b09ab,f34320666579ad7ca6c21a5efd6387f73531547ab70ae024ef530fabbd0b09ab,7127,14202,/networkhome/WMGDS/zhou_c/sofa_mesh/sofa50_synthetic_current_28view_native1920_v1/observations/5c226f2b-aad3-4371-a3f9-ea2ee9a63327/images,/networkhome/WMGDS/zhou_c/sofa_mesh/sofa50_synthetic_current_28view_native1920_v1/prepared/test/5c226f2b-aad3-4371-a3f9-ea2ee9a63327/variant_00.pt,28,0.003048894807726924,0.003061536410887117,0.0030836671504288265,0.0030487376701275456,0.9571477711989247,0.9410682672119137,0.01752636765655481,0.01752636765655481,0.0,0.017526367656554815,0.017526367656554815,0.06046075818431651,0.06046075818431651,0.4903454545454546,0.4903454545454546,0.9571477712016618,0.9571477712016618,True,mlr.learned_laplacian.evaluation.evaluate_mesh_geometry;surface_samples=3000;seed=7;fscore_threshold=0.01,0.0,True,True,7127,14202,0.0,0.0,/networkhome/WMGDS/zhou_c/multiview-laplacian-refinement/runs/learned_laplacian/sofa50_synthetic_current_28view_hf_resolution_1920_20k_seed7/analysis/reconstruction/HF_1920/5c226f2b-aad3-4371-a3f9-ea2ee9a63327__v00/coarse.obj,identity,True,True
5c226f2b-aad3-4371-a3f9-ea2ee9a63327__v01,initial,completed,,,/networkhome/WMGDS/zhou_c/multiview-laplacian-refinement/runs/learned_laplacian/sofa50_synthetic_current_28view_hf_resolution_1920_20k_seed7/analysis/reconstruction/HF_1920/5c226f2b-aad3-4371-a3f9-ea2ee9a63327__v01/coarse.obj,1bcfa4b23bbc1648fbb598cda2fd70348c4237186cd3442480288b89ba502960,1bcfa4b23bbc1648fbb598cda2fd70348c4237186cd3442480288b89ba502960,7127,14202,/networkhome/WMGDS/zhou_c/sofa_mesh/sofa50_synthetic_current_28view_native1920_v1/observations/5c226f2b-aad3-4371-a3f9-ea2ee9a63327/images,/networkhome/WMGDS/zhou_c/sofa_mesh/sofa50_synthetic_current_28view_native1920_v1/prepared/test/5c226f2b-aad3-4371-a3f9-ea2ee9a63327/variant_01.pt,28,0.002940024924039937,0.0027710821508560727,0.0029483716392166535,0.002783377526134313,0.9583394614515461,0.9451677306143481,0.017876438908281257,0.017876438908281257,0.0,0.017876438908281257,0.017876438908281257,0.0755834162679469,0.0755834162679469,0.56672,0.56672,0.9583394614502388,0.9583394614502388,True,mlr.learned_laplacian.evaluation.evaluate_mesh_geometry;surface_samples=3000;seed=7;fscore_threshold=0.01,0.0,True,True,7127,14202,0.0,0.0,/networkhome/WMGDS/zhou_c/multiview-laplacian-refinement/runs/learned_laplacian/sofa50_synthetic_current_28view_hf_resolution_1920_20k_seed7/analysis/reconstruction/HF_1920/5c226f2b-aad3-4371-a3f9-ea2ee9a63327__v01/coarse.obj,identity,True,True
5c226f2b-aad3-4371-a3f9-ea2ee9a63327__v02,initial,completed,,,/networkhome/WMGDS/zhou_c/multiview-laplacian-refinement/runs/learned_laplacian/sofa50_synthetic_current_28view_hf_resolution_1920_20k_seed7/analysis/reconstruction/HF_1920/5c226f2b-aad3-4371-a3f9-ea2ee9a63327__v02/coarse.obj,106b5b39dc1b090ddbee4e292e39b18c3dfffeb54a0f482f9cfe5b98dde5c59f,106b5b39dc1b090ddbee4e292e39b18c3dfffeb54a0f482f9cfe5b98dde5c59f,7127,14202,/networkhome/WMGDS/zhou_c/sofa_mesh/sofa50_synthetic_current_28view_native1920_v1/observations/5c226f2b-aad3-4371-a3f9-ea2ee9a63327/images,/networkhome/WMGDS/zhou_c/sofa_mesh/sofa50_synthetic_current_28view_native1920_v1/prepared/test/5c226f2b-aad3-4371-a3f9-ea2ee9a63327/variant_02.pt,28,0.0031696695724291804,0.0029644297451114653,0.00312188705006234,0.002909659199845613,0.9605423980109767,0.9473759316470866,0.023598123441814434,0.023598123441814434,0.0,0.023598123441814438,0.023598123441814438,0.09543606082074084,0.09543606082074084,0.48413580246913585,0.48413580246913585,0.9605423980131693,0.9605423980131693,True,mlr.learned_laplacian.evaluation.evaluate_mesh_geometry;surface_samples=3000;seed=7;fscore_threshold=0.01,0.0,True,True,7127,14202,0.0,0.0,/networkhome/WMGDS/zhou_c/multiview-laplacian-refinement/runs/learned_laplacian/sofa50_synthetic_current_28view_hf_resolution_1920_20k_seed7/analysis/reconstruction/HF_1920/5c226f2b-aad3-4371-a3f9-ea2ee9a63327__v02/coarse.obj,identity,True,True
5c226f2b-aad3-4371-a3f9-ea2ee9a63327__v03,initial,completed,,,/networkhome/WMGDS/zhou_c/multiview-laplacian-refinement/runs/learned_laplacian/sofa50_synthetic_current_28view_hf_resolution_1920_20k_seed7/analysis/reconstruction/HF_1920/5c226f2b-aad3-4371-a3f9-ea2ee9a63327__v03/coarse.obj,4e56bb135890a8513d3af6f0d0d516dd3cf94cbda6580bca0ac4c4b8e9091048,4e56bb135890a8513d3af6f0d0d516dd3cf94cbda6580bca0ac4c4b8e9091048,7127,14202,/networkhome/WMGDS/zhou_c/sofa_mesh/sofa50_synthetic_current_28view_native1920_v1/observations/5c226f2b-aad3-4371-a3f9-ea2ee9a63327/images,/networkhome/WMGDS/zhou_c/sofa_mesh/sofa50_synthetic_current_28view_native1920_v1/prepared/test/5c226f2b-aad3-4371-a3f9-ea2ee9a63327/variant_03.pt,28,0.00301170694541983,0.0027321264288862964,0.0030388816583405438,0.0027750419831535375,0.9588782287126307,0.9452353844213152,0.015618549459082122,0.015618549459082122,0.0,0.015618549459082122,0.015618549459082122,0.04945760006611714,0.04945760006611714,0.51731072,0.51731072,0.9588782287152943,0.9588782287152943,True,mlr.learned_laplacian.evaluation.evaluate_mesh_geometry;surface_samples=3000;seed=7;fscore_threshold=0.01,0.0,True,True,7127,14202,0.0,0.0,/networkhome/WMGDS/zhou_c/multiview-laplacian-refinement/runs/learned_laplacian/sofa50_synthetic_current_28view_hf_resolution_1920_20k_seed7/analysis/reconstruction/HF_1920/5c226f2b-aad3-4371-a3f9-ea2ee9a63327__v03/coarse.obj,identity,True,True
5c226f2b-aad3-4371-a3f9-ea2ee9a63327__v04,initial,completed,,,/networkhome/WMGDS/zhou_c/multiview-laplacian-refinement/runs/learned_laplacian/sofa50_synthetic_current_28view_hf_resolution_1920_20k_seed7/analysis/reconstruction/HF_1920/5c226f2b-aad3-4371-a3f9-ea2ee9a63327__v04/coarse.obj,24c9d1a412bef4dc806b4a3684cbde35897d2aa1ed4ad7804fddab46efa2f618,24c9d1a412bef4dc806b4a3684cbde35897d2aa1ed4ad7804fddab46efa2f618,7127,14202,/networkhome/WMGDS/zhou_c/sofa_mesh/sofa50_synthetic_current_28view_native1920_v1/observations/5c226f2b-aad3-4371-a3f9-ea2ee9a63327/images,/networkhome/WMGDS/zhou_c/sofa_mesh/sofa50_synthetic_current_28view_native1920_v1/prepared/test/5c226f2b-aad3-4371-a3f9-ea2ee9a63327/variant_04.pt,28,0.003119461870387424,0.002901112848745423,0.0031032258556466055,0.0029388974796216187,0.9594334666007086,0.9407127366649284,0.025719078744067696,0.025719078744067696,0.0,0.025719078744067696,0.025719078744067696,0.09834117394217783,0.09834117394217783,0.47247042545831897,0.47247042545831897,0.9594334666025812,0.9594334666025812,True,mlr.learned_laplacian.evaluation.evaluate_mesh_geometry;surface_samples=3000;seed=7;fscore_threshold=0.01,0.0,True,True,7127,14202,0.0,0.0,/networkhome/WMGDS/zhou_c/multiview-laplacian-refinement/runs/learned_laplacian/sofa50_synthetic_current_28view_hf_resolution_1920_20k_seed7/analysis/reconstruction/HF_1920/5c226f2b-aad3-4371-a3f9-ea2ee9a63327__v04/coarse.obj,identity,True,True
653efc24-a5c5-4f94-86d9-1256dcf4bc28__v00,initial,completed,,,/networkhome/WMGDS/zhou_c/multiview-laplacian-refinement/runs/learned_laplacian/sofa50_synthetic_current_28view_hf_resolution_1920_20k_seed7/analysis/reconstruction/HF_1920/653efc24-a5c5-4f94-86d9-1256dcf4bc28__v00/coarse.obj,33705d9fe49248c3c074b4f766977c133ab2eea0ed7838d7a54d81ce71a468b2,33705d9fe49248c3c074b4f766977c133ab2eea0ed7838d7a54d81ce71a468b2,6403,12668,/networkhome/WMGDS/zhou_c/sofa_mesh/sofa50_synthetic_current_28view_native1920_v1/observations/653efc24-a5c5-4f94-86d9-1256dcf4bc28/images,/networkhome/WMGDS/zhou_c/sofa_mesh/sofa50_synthetic_current_28view_native1920_v1/prepared/test/653efc24-a5c5-4f94-86d9-1256dcf4bc28/variant_00.pt,28,0.0031372897557102406,0.0031693106555899086,0.0030407402624737572,0.0031102342645416108,0.9505317300375156,0.9326380448905124,0.010558242982028976,0.010558242982028976,0.0,0.010558242982028976,0.010558242982028976,0.04633620728589689,0.04633620728589689,0.7007381232822928,0.7007381232822928,0.9505317300382999,0.9505317300382999,True,mlr.learned_laplacian.evaluation.evaluate_mesh_geometry;surface_samples=3000;seed=7;fscore_threshold=0.01,0.0,True,True,6403,12668,0.0,0.0,/networkhome/WMGDS/zhou_c/multiview-laplacian-refinement/runs/learned_laplacian/sofa50_synthetic_current_28view_hf_resolution_1920_20k_seed7/analysis/reconstruction/HF_1920/653efc24-a5c5-4f94-86d9-1256dcf4bc28__v00/coarse.obj,identity,True,True
653efc24-a5c5-4f94-86d9-1256dcf4bc28__v01,initial,completed,,,/networkhome/WMGDS/zhou_c/multiview-laplacian-refinement/runs/learned_laplacian/sofa50_synthetic_current_28view_hf_resolution_1920_20k_seed7/analysis/reconstruction/HF_1920/653efc24-a5c5-4f94-86d9-1256dcf4bc28__v01/coarse.obj,9f26437b664d7e1e30a294c9feebf28cd0dc7a1792c84746b665d858cabaca7b,9f26437b664d7e1e30a294c9feebf28cd0dc7a1792c84746b665d858cabaca7b,6403,12668,/networkhome/WMGDS/zhou_c/sofa_mesh/sofa50_synthetic_current_28view_native1920_v1/observations/653efc24-a5c5-4f94-86d9-1256dcf4bc28/images,/networkhome/WMGDS/zhou_c/sofa_mesh/sofa50_synthetic_current_28view_native1920_v1/prepared/test/653efc24-a5c5-4f94-86d9-1256dcf4bc28/variant_01.pt,28,0.0033688111307652443,0.0032301190332900682,0.003339009072632443,0.0032569973085716537,0.9489964064047116,0.9362897112887211,0.02002435848304745,0.02002435848304745,0.0,0.020024358483047445,0.020024358483047445,0.09134461063426728,0.09134461063426728,0.5983692446856625,0.5983692446856625,0.9489964064065758,0.9489964064065758,True,mlr.learned_laplacian.evaluation.evaluate_mesh_geometry;surface_samples=3000;seed=7;fscore_threshold=0.01,0.0,True,True,6403,12668,0.0,0.0,/networkhome/WMGDS/zhou_c/multiview-laplacian-refinement/runs/learned_laplacian/sofa50_synthetic_current_28view_hf_resolution_1920_20k_seed7/analysis/reconstruction/HF_1920/653efc24-a5c5-4f94-86d9-1256dcf4bc28__v01/coarse.obj,identity,True,True
653efc24-a5c5-4f94-86d9-1256dcf4bc28__v02,initial,completed,,,/networkhome/WMGDS/zhou_c/multiview-laplacian-refinement/runs/learned_laplacian/sofa50_synthetic_current_28view_hf_resolution_1920_20k_seed7/analysis/reconstruction/HF_1920/653efc24-a5c5-4f94-86d9-1256dcf4bc28__v02/coarse.obj,40dd9de17048b75aa506a163b140c34010532d722203015b904c493f1ebc67a5,40dd9de17048b75aa506a163b140c34010532d722203015b904c493f1ebc67a5,6403,12668,/networkhome/WMGDS/zhou_c/sofa_mesh/sofa50_synthetic_current_28view_native1920_v1/observations/653efc24-a5c5-4f94-86d9-1256dcf4bc28/images,/networkhome/WMGDS/zhou_c/sofa_mesh/sofa50_synthetic_current_28view_native1920_v1/prepared/test/653efc24-a5c5-4f94-86d9-1256dcf4bc28/variant_02.pt,28,0.0031748155832099466,0.0031960236935060114,0.003138882085469953,0.003149236537259871,0.9503531037498716,0.9352256909180326,0.01722846689767879,0.01722846689767879,0.0,0.01722846689767879,0.01722846689767879,0.07470288046301696,0.07470288046301696,0.602770821892733,0.602770821892733,0.9503531037518456,0.9503531037518456,True,mlr.learned_laplacian.evaluation.evaluate_mesh_geometry;surface_samples=3000;seed=7;fscore_threshold=0.01,0.0,True,True,6403,12668,0.0,0.0,/networkhome/WMGDS/zhou_c/multiview-laplacian-refinement/runs/learned_laplacian/sofa50_synthetic_current_28view_hf_resolution_1920_20k_seed7/analysis/reconstruction/HF_1920/653efc24-a5c5-4f94-86d9-1256dcf4bc28__v02/coarse.obj,identity,True,True
653efc24-a5c5-4f94-86d9-1256dcf4bc28__v03,initial,completed,,,/networkhome/WMGDS/zhou_c/multiview-laplacian-refinement/runs/learned_laplacian/sofa50_synthetic_current_28view_hf_resolution_1920_20k_seed7/analysis/reconstruction/HF_1920/653efc24-a5c5-4f94-86d9-1256dcf4bc28__v03/coarse.obj,2140a34c27222b7a67cdb91a2c488a649e7b63c9921c8eabb8aa732d7e590ee5,2140a34c27222b7a67cdb91a2c488a649e7b63c9921c8eabb8aa732d7e590ee5,6403,12668,/networkhome/WMGDS/zhou_c/sofa_mesh/sofa50_synthetic_current_28view_native1920_v1/observations/653efc24-a5c5-4f94-86d9-1256dcf4bc28/images,/networkhome/WMGDS/zhou_c/sofa_mesh/sofa50_synthetic_current_28view_native1920_v1/prepared/test/653efc24-a5c5-4f94-86d9-1256dcf4bc28/variant_03.pt,28,0.003317243672646062,0.0031349517283670945,0.0032654339570766123,0.0031101174503605803,0.9495244060203445,0.940047815103544,0.01174769887812543,0.01174769887812543,0.0,0.01174769887812543,0.01174769887812543,0.04737462113885901,0.04737462113885901,0.6550035175879397,0.6550035175879397,0.9495244060207958,0.9495244060207958,True,mlr.learned_laplacian.evaluation.evaluate_mesh_geometry;surface_samples=3000;seed=7;fscore_threshold=0.01,0.0,True,True,6403,12668,0.0,0.0,/networkhome/WMGDS/zhou_c/multiview-laplacian-refinement/runs/learned_laplacian/sofa50_synthetic_current_28view_hf_resolution_1920_20k_seed7/analysis/reconstruction/HF_1920/653efc24-a5c5-4f94-86d9-1256dcf4bc28__v03/coarse.obj,identity,True,True
653efc24-a5c5-4f94-86d9-1256dcf4bc28__v04,initial,completed,,,/networkhome/WMGDS/zhou_c/multiview-laplacian-refinement/runs/learned_laplacian/sofa50_synthetic_current_28view_hf_resolution_1920_20k_seed7/analysis/reconstruction/HF_1920/653efc24-a5c5-4f94-86d9-1256dcf4bc28__v04/coarse.obj,f82e90dc5db7d490177892317dddbf2439c4fc703db18d50bbccc911a64a0c9c,f82e90dc5db7d490177892317dddbf2439c4fc703db18d50bbccc911a64a0c9c,6403,12668,/networkhome/WMGDS/zhou_c/sofa_mesh/sofa50_synthetic_current_28view_native1920_v1/observations/653efc24-a5c5-4f94-86d9-1256dcf4bc28/images,/networkhome/WMGDS/zhou_c/sofa_mesh/sofa50_synthetic_current_28view_native1920_v1/prepared/test/653efc24-a5c5-4f94-86d9-1256dcf4bc28/variant_04.pt,28,0.003100563322896835,0.0032338779205057268,0.0030986346839010632,0.003245354507844668,0.9501971309651494,0.9273926444376437,0.016056126408581783,0.016056126408581783,0.0,0.016056126408581783,0.016056126408581783,0.07575567035345727,0.07575567035345727,0.6070121588759795,0.6070121588759795,0.9501971309658952,0.9501971309658952,True,mlr.learned_laplacian.evaluation.evaluate_mesh_geometry;surface_samples=3000;seed=7;fscore_threshold=0.01,0.0,True,True,6403,12668,0.0,0.0,/networkhome/WMGDS/zhou_c/multiview-laplacian-refinement/runs/learned_laplacian/sofa50_synthetic_current_28view_hf_resolution_1920_20k_seed7/analysis/reconstruction/HF_1920/653efc24-a5c5-4f94-86d9-1256dcf4bc28__v04/coarse.obj,identity,True,True
038b62bb-b277-4d92-8afe-3ff115add02c__v00,ours,completed,,,/networkhome/WMGDS/zhou_c/multiview-laplacian-refinement/runs/learned_laplacian/sofa50_synthetic_current_28view_hf_resolution_1920_20k_seed7/analysis/reconstruction/HF_1920/038b62bb-b277-4d92-8afe-3ff115add02c__v00/coarse.obj,c83ca94fd6b893ef132cf94de5bffc16d9c1958a14565d1695eb4419bd2b9965,c83ca94fd6b893ef132cf94de5bffc16d9c1958a14565d1695eb4419bd2b9965,5716,11242,/networkhome/WMGDS/zhou_c/sofa_mesh/sofa50_synthetic_current_28view_native1920_v1/observations/038b62bb-b277-4d92-8afe-3ff115add02c/images,/networkhome/WMGDS/zhou_c/sofa_mesh/sofa50_synthetic_current_28view_native1920_v1/prepared/test/038b62bb-b277-4d92-8afe-3ff115add02c/variant_00.pt,28,0.005100097719898712,0.005108962713512908,0.005128856937199044,0.005099184373121719,0.961946138643022,0.9489820309123342,0.014217171299285767,0.010913090216903489,23.24007366042123,0.014217171299285767,0.010913090216903489,0.04489409905458893,0.03390526639281543,0.5534092270820851,0.6118955453149002,0.9619461386423523,0.9489820309065029,True,mlr.learned_laplacian.evaluation.evaluate_mesh_geometry;surface_samples=3000;seed=7;fscore_threshold=0.01,200.0,True,True,5716,11242,9.137495671864599,12036.14453125,/networkhome/WMGDS/zhou_c/multiview-laplacian-refinement/runs/benchmarks/sofa50_same_initial_20260820/full/ours/samples/038b62bb-b277-4d92-8afe-3ff115add02c__v00/refined.obj,identity,True,True
038b62bb-b277-4d92-8afe-3ff115add02c__v01,ours,completed,,,/networkhome/WMGDS/zhou_c/multiview-laplacian-refinement/runs/learned_laplacian/sofa50_synthetic_current_28view_hf_resolution_1920_20k_seed7/analysis/reconstruction/HF_1920/038b62bb-b277-4d92-8afe-3ff115add02c__v01/coarse.obj,a51297356ccce5d097958e2557ee0a9a530476d7ce3a13ac80569e13cf0481ee,a51297356ccce5d097958e2557ee0a9a530476d7ce3a13ac80569e13cf0481ee,5716,11242,/networkhome/WMGDS/zhou_c/sofa_mesh/sofa50_synthetic_current_28view_native1920_v1/observations/038b62bb-b277-4d92-8afe-3ff115add02c/images,/networkhome/WMGDS/zhou_c/sofa_mesh/sofa50_synthetic_current_28view_native1920_v1/prepared/test/038b62bb-b277-4d92-8afe-3ff115add02c/variant_01.pt,28,0.005029439544007971,0.004851983618909919,0.00500974022402091,0.0048494515447924415,0.9664659427475064,0.9587221097495056,0.014714130265988376,0.01035432862929165,29.630032885969356,0.014714130265988374,0.01035432862929165,0.049966645030552946,0.02836550142069676,0.5821829360575104,0.623407091442282,0.966465942746036,0.958722109755796,True,mlr.learned_laplacian.evaluation.evaluate_mesh_geometry;surface_samples=3000;seed=7;fscore_threshold=0.01,166.0,True,True,5716,11242,9.134051176253706,12036.14453125,/networkhome/WMGDS/zhou_c/multiview-laplacian-refinement/runs/benchmarks/sofa50_same_initial_20260820/full/ours/samples/038b62bb-b277-4d92-8afe-3ff115add02c__v01/refined.obj,identity,True,True
038b62bb-b277-4d92-8afe-3ff115add02c__v02,ours,completed,,,/networkhome/WMGDS/zhou_c/multiview-laplacian-refinement/runs/learned_laplacian/sofa50_synthetic_current_28view_hf_resolution_1920_20k_seed7/analysis/reconstruction/HF_1920/038b62bb-b277-4d92-8afe-3ff115add02c__v02/coarse.obj,7bb0be86f675911cf3dea544c55c7990d374b772e5f2ca694c0c648bc7857508,7bb0be86f675911cf3dea544c55c7990d374b772e5f2ca694c0c648bc7857508,5716,11242,/networkhome/WMGDS/zhou_c/sofa_mesh/sofa50_synthetic_current_28view_native1920_v1/observations/038b62bb-b277-4d92-8afe-3ff115add02c/images,/networkhome/WMGDS/zhou_c/sofa_mesh/sofa50_synthetic_current_28view_native1920_v1/prepared/test/038b62bb-b277-4d92-8afe-3ff115add02c/variant_02.pt,28,0.00510468688048922,0.0052957616130868915,0.0051726698606290806,0.005315076372030164,0.9643665732451878,0.947509396859568,0.015285249109453116,0.012086492959049136,20.92707896023571,0.015285249109453116,0.012086492959049134,0.05175735729162068,0.044974791985899445,0.5744192678227361,0.6075720930232558,0.9643665732428267,0.9475093968524377,True,mlr.learned_laplacian.evaluation.evaluate_mesh_geometry;surface_samples=3000;seed=7;fscore_threshold=0.01,191.0,True,True,5716,11242,6.429893274325877,12036.14453125,/networkhome/WMGDS/zhou_c/multiview-laplacian-refinement/runs/benchmarks/sofa50_same_initial_20260820/full/ours/samples/038b62bb-b277-4d92-8afe-3ff115add02c__v02/refined.obj,identity,True,True
038b62bb-b277-4d92-8afe-3ff115add02c__v03,ours,completed,,,/networkhome/WMGDS/zhou_c/multiview-laplacian-refinement/runs/learned_laplacian/sofa50_synthetic_current_28view_hf_resolution_1920_20k_seed7/analysis/reconstruction/HF_1920/038b62bb-b277-4d92-8afe-3ff115add02c__v03/coarse.obj,a5ed95b385321feac8b2a31e8776f5a2bd98ba1530e3a301612ad8c165780bcb,a5ed95b385321feac8b2a31e8776f5a2bd98ba1530e3a301612ad8c165780bcb,5716,11242,/networkhome/WMGDS/zhou_c/sofa_mesh/sofa50_synthetic_current_28view_native1920_v1/observations/038b62bb-b277-4d92-8afe-3ff115add02c/images,/networkhome/WMGDS/zhou_c/sofa_mesh/sofa50_synthetic_current_28view_native1920_v1/prepared/test/038b62bb-b277-4d92-8afe-3ff115add02c/variant_03.pt,28,0.00497832087025859,0.004887391753201684,0.004973462627335207,0.004906177646804054,0.9634694415534496,0.9529944768268102,0.01529695698206726,0.010641518050496762,30.433758407166238,0.01529695698206726,0.010641518050496762,0.058213375441495255,0.033268192859204244,0.5747437446074202,0.6170547638254011,0.9634694415515109,0.9529944768232689,True,mlr.learned_laplacian.evaluation.evaluate_mesh_geometry;surface_samples=3000;seed=7;fscore_threshold=0.01,169.0,True,True,5716,11242,6.353489078115672,12036.14453125,/networkhome/WMGDS/zhou_c/multiview-laplacian-refinement/runs/benchmarks/sofa50_same_initial_20260820/full/ours/samples/038b62bb-b277-4d92-8afe-3ff115add02c__v03/refined.obj,identity,True,True
038b62bb-b277-4d92-8afe-3ff115add02c__v04,ours,completed,,,/networkhome/WMGDS/zhou_c/multiview-laplacian-refinement/runs/learned_laplacian/sofa50_synthetic_current_28view_hf_resolution_1920_20k_seed7/analysis/reconstruction/HF_1920/038b62bb-b277-4d92-8afe-3ff115add02c__v04/coarse.obj,d07b90c205e88abc5bfa73dab37639512db9c125f25c0b415d2dc4da3f737de7,d07b90c205e88abc5bfa73dab37639512db9c125f25c0b415d2dc4da3f737de7,5716,11242,/networkhome/WMGDS/zhou_c/sofa_mesh/sofa50_synthetic_current_28view_native1920_v1/observations/038b62bb-b277-4d92-8afe-3ff115add02c/images,/networkhome/WMGDS/zhou_c/sofa_mesh/sofa50_synthetic_current_28view_native1920_v1/prepared/test/038b62bb-b277-4d92-8afe-3ff115add02c/variant_04.pt,28,0.00496961106069263,0.0050831878835934565,0.004973616782508933,0.005088119698095977,0.9663354495367593,0.9515682282120955,0.01270888488604226,0.011893469469076531,6.416105144372442,0.01270888488604226,0.011893469469076531,0.04295684075345024,0.03501751167804178,0.5690585835033517,0.5640254378240876,0.9663354495381954,0.9515682282155268,True,mlr.learned_laplacian.evaluation.evaluate_mesh_geometry;surface_samples=3000;seed=7;fscore_threshold=0.01,233.0,True,True,5716,11242,6.412571056745946,12036.14453125,/networkhome/WMGDS/zhou_c/multiview-laplacian-refinement/runs/benchmarks/sofa50_same_initial_20260820/full/ours/samples/038b62bb-b277-4d92-8afe-3ff115add02c__v04/refined.obj,identity,True,True
43bd0910-1dd1-4b1e-9ba2-e9801e6b5761__v00,ours,completed,,,/networkhome/WMGDS/zhou_c/multiview-laplacian-refinement/runs/learned_laplacian/sofa50_synthetic_current_28view_hf_resolution_1920_20k_seed7/analysis/reconstruction/HF_1920/43bd0910-1dd1-4b1e-9ba2-e9801e6b5761__v00/coarse.obj,39d28e17873a23ea6efc8e09136cf2ce8d76cf3c6927daea18914e1630c59a0c,39d28e17873a23ea6efc8e09136cf2ce8d76cf3c6927daea18914e1630c59a0c,7578,14906,/networkhome/WMGDS/zhou_c/sofa_mesh/sofa50_synthetic_current_28view_native1920_v1/observations/43bd0910-1dd1-4b1e-9ba2-e9801e6b5761/images,/networkhome/WMGDS/zhou_c/sofa_mesh/sofa50_synthetic_current_28view_native1920_v1/prepared/test/43bd0910-1dd1-4b1e-9ba2-e9801e6b5761/variant_00.pt,28,0.00461908786949849,0.00420257939737508,0.004526798332254931,0.0041261506863846074,0.9520624613617027,0.9505733130915919,0.016939040394259537,0.009931299957779121,41.37035081901845,0.016939040394259537,0.00993129995777912,0.0668175933260449,0.031755853328227536,0.5732197034911525,0.6664610793334992,0.9520624613653842,0.9505733130932476,True,mlr.learned_laplacian.evaluation.evaluate_mesh_geometry;surface_samples=3000;seed=7;fscore_threshold=0.01,161.0,True,True,7578,14906,7.2641198518686,12047.56982421875,/networkhome/WMGDS/zhou_c/multiview-laplacian-refinement/runs/benchmarks/sofa50_same_initial_20260820/full/ours/samples/43bd0910-1dd1-4b1e-9ba2-e9801e6b5761__v00/refined.obj,identity,True,True
43bd0910-1dd1-4b1e-9ba2-e9801e6b5761__v01,ours,completed,,,/networkhome/WMGDS/zhou_c/multiview-laplacian-refinement/runs/learned_laplacian/sofa50_synthetic_current_28view_hf_resolution_1920_20k_seed7/analysis/reconstruction/HF_1920/43bd0910-1dd1-4b1e-9ba2-e9801e6b5761__v01/coarse.obj,75af42defda4c14c79453d0943859cab374da0452410ae5aa076b37e97b5ecf7,75af42defda4c14c79453d0943859cab374da0452410ae5aa076b37e97b5ecf7,7578,14906,/networkhome/WMGDS/zhou_c/sofa_mesh/sofa50_synthetic_current_28view_native1920_v1/observations/43bd0910-1dd1-4b1e-9ba2-e9801e6b5761/images,/networkhome/WMGDS/zhou_c/sofa_mesh/sofa50_synthetic_current_28view_native1920_v1/prepared/test/43bd0910-1dd1-4b1e-9ba2-e9801e6b5761/variant_01.pt,28,0.004641821011068517,0.004241653373496245,0.004626151654584973,0.0041888150167488656,0.9534191058752854,0.9448967119527709,0.013656328163961565,0.010141297613747715,25.739206820540957,0.013656328163961564,0.010141297613747715,0.050764295260723104,0.03246264738077956,0.5795530173234342,0.6809759752422836,0.9534191058710644,0.9448967119538523,True,mlr.learned_laplacian.evaluation.evaluate_mesh_geometry;surface_samples=3000;seed=7;fscore_threshold=0.01,221.0,True,True,7578,14906,7.269066145177931,12047.56982421875,/networkhome/WMGDS/zhou_c/multiview-laplacian-refinement/runs/benchmarks/sofa50_same_initial_20260820/full/ours/samples/43bd0910-1dd1-4b1e-9ba2-e9801e6b5761__v01/refined.obj,identity,True,True
43bd0910-1dd1-4b1e-9ba2-e9801e6b5761__v02,ours,completed,,,/networkhome/WMGDS/zhou_c/multiview-laplacian-refinement/runs/learned_laplacian/sofa50_synthetic_current_28view_hf_resolution_1920_20k_seed7/analysis/reconstruction/HF_1920/43bd0910-1dd1-4b1e-9ba2-e9801e6b5761__v02/coarse.obj,ddb376e4e6997e4ca1001d05897a960ee18d554c39e3bf36e2af0cfd6987b85b,ddb376e4e6997e4ca1001d05897a960ee18d554c39e3bf36e2af0cfd6987b85b,7578,14906,/networkhome/WMGDS/zhou_c/sofa_mesh/sofa50_synthetic_current_28view_native1920_v1/observations/43bd0910-1dd1-4b1e-9ba2-e9801e6b5761/images,/networkhome/WMGDS/zhou_c/sofa_mesh/sofa50_synthetic_current_28view_native1920_v1/prepared/test/43bd0910-1dd1-4b1e-9ba2-e9801e6b5761/variant_02.pt,28,0.004518408535502061,0.0041473647187776465,0.004512578698370946,0.004102033006078585,0.9525705827355262,0.9491894566386111,0.011227749106389148,0.0080980446831383,27.87472710331486,0.01122774910638915,0.008098044683138298,0.03645197805719852,0.023985894334909014,0.6045451407811081,0.7166501962595244,0.9525705827350113,0.9491894566361224,True,mlr.learned_laplacian.evaluation.evaluate_mesh_geometry;surface_samples=3000;seed=7;fscore_threshold=0.01,168.0,True,True,7578,14906,7.199307064060122,12047.56982421875,/networkhome/WMGDS/zhou_c/multiview-laplacian-refinement/runs/benchmarks/sofa50_same_initial_20260820/full/ours/samples/43bd0910-1dd1-4b1e-9ba2-e9801e6b5761__v02/refined.obj,identity,True,True
43bd0910-1dd1-4b1e-9ba2-e9801e6b5761__v03,ours,completed,,,/networkhome/WMGDS/zhou_c/multiview-laplacian-refinement/runs/learned_laplacian/sofa50_synthetic_current_28view_hf_resolution_1920_20k_seed7/analysis/reconstruction/HF_1920/43bd0910-1dd1-4b1e-9ba2-e9801e6b5761__v03/coarse.obj,501c46ea3bf9e50a40c0993ccef691d94dd67a0ad1c19e82f195b3624c990244,501c46ea3bf9e50a40c0993ccef691d94dd67a0ad1c19e82f195b3624c990244,7578,14906,/networkhome/WMGDS/zhou_c/sofa_mesh/sofa50_synthetic_current_28view_native1920_v1/observations/43bd0910-1dd1-4b1e-9ba2-e9801e6b5761/images,/networkhome/WMGDS/zhou_c/sofa_mesh/sofa50_synthetic_current_28view_native1920_v1/prepared/test/43bd0910-1dd1-4b1e-9ba2-e9801e6b5761/variant_03.pt,28,0.00473354796860229,0.004431813791444786,0.00473640808368966,0.004397250763159891,0.9548993710153699,0.950334800587532,0.013289825397621186,0.009267355459495601,30.267289582642576,0.013289825397621186,0.009267355459495603,0.045544668808888196,0.029240127455569195,0.5775755141080823,0.6646784822765852,0.954899371019584,0.9503348005909033,True,mlr.learned_laplacian.evaluation.evaluate_mesh_geometry;surface_samples=3000;seed=7;fscore_threshold=0.01,165.0,True,True,7578,14906,7.0594357079826295,12047.56982421875,/networkhome/WMGDS/zhou_c/multiview-laplacian-refinement/runs/benchmarks/sofa50_same_initial_20260820/full/ours/samples/43bd0910-1dd1-4b1e-9ba2-e9801e6b5761__v03/refined.obj,identity,True,True
43bd0910-1dd1-4b1e-9ba2-e9801e6b5761__v04,ours,completed,,,/networkhome/WMGDS/zhou_c/multiview-laplacian-refinement/runs/learned_laplacian/sofa50_synthetic_current_28view_hf_resolution_1920_20k_seed7/analysis/reconstruction/HF_1920/43bd0910-1dd1-4b1e-9ba2-e9801e6b5761__v04/coarse.obj,6be108651110082e1ecb9bb78b1e2cdd4a865dafba5df54e2c6ea4ea69c6799d,6be108651110082e1ecb9bb78b1e2cdd4a865dafba5df54e2c6ea4ea69c6799d,7578,14906,/networkhome/WMGDS/zhou_c/sofa_mesh/sofa50_synthetic_current_28view_native1920_v1/observations/43bd0910-1dd1-4b1e-9ba2-e9801e6b5761/images,/networkhome/WMGDS/zhou_c/sofa_mesh/sofa50_synthetic_current_28view_native1920_v1/prepared/test/43bd0910-1dd1-4b1e-9ba2-e9801e6b5761/variant_04.pt,28,0.004498661887034864,0.0042040803224926504,0.004591577483676845,0.004253786274971175,0.9532478462324572,0.9547536529120586,0.012265354767415367,0.00914429843002431,25.44611547382698,0.012265354767415365,0.00914429843002431,0.041101887677205205,0.03099791859579022,0.6014144144144143,0.7023504374556633,0.9532478462338317,0.9547536529146831,True,mlr.learned_laplacian.evaluation.evaluate_mesh_geometry;surface_samples=3000;seed=7;fscore_threshold=0.01,149.0,True,True,7578,14906,7.0464538829401135,12047.56982421875,/networkhome/WMGDS/zhou_c/multiview-laplacian-refinement/runs/benchmarks/sofa50_same_initial_20260820/full/ours/samples/43bd0910-1dd1-4b1e-9ba2-e9801e6b5761__v04/refined.obj,identity,True,True
5ac05fe8-b550-4786-8e8c-c5a43c30d112__v00,ours,completed,,,/networkhome/WMGDS/zhou_c/multiview-laplacian-refinement/runs/learned_laplacian/sofa50_synthetic_current_28view_hf_resolution_1920_20k_seed7/analysis/reconstruction/HF_1920/5ac05fe8-b550-4786-8e8c-c5a43c30d112__v00/coarse.obj,91e870cd7d1431045dbf0d352bfdf55af80d5f5b3ee44e8cb3410398db77d1ad,91e870cd7d1431045dbf0d352bfdf55af80d5f5b3ee44e8cb3410398db77d1ad,8476,16827,/networkhome/WMGDS/zhou_c/sofa_mesh/sofa50_synthetic_current_28view_native1920_v1/observations/5ac05fe8-b550-4786-8e8c-c5a43c30d112/images,/networkhome/WMGDS/zhou_c/sofa_mesh/sofa50_synthetic_current_28view_native1920_v1/prepared/test/5ac05fe8-b550-4786-8e8c-c5a43c30d112/variant_00.pt,28,0.0037423562067070357,0.0035930429975887636,0.0038378417069803447,0.003642386147755765,0.9467210444143045,0.9427932456074745,0.019441266436227064,0.010530399253571016,45.8348081997963,0.019441266436227064,0.010530399253571016,0.09398422023679731,0.03579562550905956,0.5942028985507246,0.6637326716294459,0.9467210444131625,0.9427932456101482,True,mlr.learned_laplacian.evaluation.evaluate_mesh_geometry;surface_samples=3000;seed=7;fscore_threshold=0.01,193.0,True,True,8476,16827,7.5280632032081485,12053.0830078125,/networkhome/WMGDS/zhou_c/multiview-laplacian-refinement/runs/benchmarks/sofa50_same_initial_20260820/full/ours/samples/5ac05fe8-b550-4786-8e8c-c5a43c30d112__v00/refined.obj,identity,True,True
5ac05fe8-b550-4786-8e8c-c5a43c30d112__v01,ours,completed,,,/networkhome/WMGDS/zhou_c/multiview-laplacian-refinement/runs/learned_laplacian/sofa50_synthetic_current_28view_hf_resolution_1920_20k_seed7/analysis/reconstruction/HF_1920/5ac05fe8-b550-4786-8e8c-c5a43c30d112__v01/coarse.obj,7ec770f0c688b79de833ff24bb1c79cd8a6f2187be9801af2e222209ffbf13b6,7ec770f0c688b79de833ff24bb1c79cd8a6f2187be9801af2e222209ffbf13b6,8476,16827,/networkhome/WMGDS/zhou_c/sofa_mesh/sofa50_synthetic_current_28view_native1920_v1/observations/5ac05fe8-b550-4786-8e8c-c5a43c30d112/images,/networkhome/WMGDS/zhou_c/sofa_mesh/sofa50_synthetic_current_28view_native1920_v1/prepared/test/5ac05fe8-b550-4786-8e8c-c5a43c30d112/variant_01.pt,28,0.0036282342348830645,0.0035485594718187422,0.003740360166666276,0.0035865109214288115,0.9484531302805489,0.9375051280278874,0.01731224296712774,0.009645942490598663,44.2825374567914,0.01731224296712774,0.009645942490598662,0.0942358420394563,0.035859411837456084,0.619721038961039,0.718730627306273,0.9484531302826849,0.93750512802967,True,mlr.learned_laplacian.evaluation.evaluate_mesh_geometry;surface_samples=3000;seed=7;fscore_threshold=0.01,253.0,True,True,8476,16827,8.051205873955041,12053.0830078125,/networkhome/WMGDS/zhou_c/multiview-laplacian-refinement/runs/benchmarks/sofa50_same_initial_20260820/full/ours/samples/5ac05fe8-b550-4786-8e8c-c5a43c30d112__v01/refined.obj,identity,True,True
5ac05fe8-b550-4786-8e8c-c5a43c30d112__v02,ours,completed,,,/networkhome/WMGDS/zhou_c/multiview-laplacian-refinement/runs/learned_laplacian/sofa50_synthetic_current_28view_hf_resolution_1920_20k_seed7/analysis/reconstruction/HF_1920/5ac05fe8-b550-4786-8e8c-c5a43c30d112__v02/coarse.obj,984d89d1d836b8f11817d32fac1c6572c23f6dd42748ee61c2949350ddae6a7f,984d89d1d836b8f11817d32fac1c6572c23f6dd42748ee61c2949350ddae6a7f,8476,16827,/networkhome/WMGDS/zhou_c/sofa_mesh/sofa50_synthetic_current_28view_native1920_v1/observations/5ac05fe8-b550-4786-8e8c-c5a43c30d112/images,/networkhome/WMGDS/zhou_c/sofa_mesh/sofa50_synthetic_current_28view_native1920_v1/prepared/test/5ac05fe8-b550-4786-8e8c-c5a43c30d112/variant_02.pt,28,0.003605071440313178,0.0035558708473652683,0.0037889092941431595,0.0036201610701762886,0.9512763182702422,0.9455940677253765,0.018649313857545254,0.012088706361428178,35.178814331888915,0.018649313857545254,0.012088706361428178,0.09157973561383143,0.05006655484445964,0.586781857451404,0.6784957805907174,0.9512763182756613,0.9455940677251277,True,mlr.learned_laplacian.evaluation.evaluate_mesh_geometry;surface_samples=3000;seed=7;fscore_threshold=0.01,175.0,True,True,8476,16827,7.714652054011822,12053.0830078125,/networkhome/WMGDS/zhou_c/multiview-laplacian-refinement/runs/benchmarks/sofa50_same_initial_20260820/full/ours/samples/5ac05fe8-b550-4786-8e8c-c5a43c30d112__v02/refined.obj,identity,True,True
5ac05fe8-b550-4786-8e8c-c5a43c30d112__v03,ours,completed,,,/networkhome/WMGDS/zhou_c/multiview-laplacian-refinement/runs/learned_laplacian/sofa50_synthetic_current_28view_hf_resolution_1920_20k_seed7/analysis/reconstruction/HF_1920/5ac05fe8-b550-4786-8e8c-c5a43c30d112__v03/coarse.obj,1be93cba71a23c2635d76cc55dac27626d6d0fae48e5e650b5bc9d54d02c3dca,1be93cba71a23c2635d76cc55dac27626d6d0fae48e5e650b5bc9d54d02c3dca,8476,16827,/networkhome/WMGDS/zhou_c/sofa_mesh/sofa50_synthetic_current_28view_native1920_v1/observations/5ac05fe8-b550-4786-8e8c-c5a43c30d112/images,/networkhome/WMGDS/zhou_c/sofa_mesh/sofa50_synthetic_current_28view_native1920_v1/prepared/test/5ac05fe8-b550-4786-8e8c-c5a43c30d112/variant_03.pt,28,0.003655578000460462,0.0034866566223785804,0.0037272240530353573,0.003482206579734243,0.9491666944457978,0.9436720973907006,0.02250201601849302,0.009062982216119977,59.72368783014077,0.02250201601849302,0.009062982216119977,0.14941087588409013,0.030508720018639343,0.6285245564412445,0.7099714753331775,0.9491666944461895,0.9436720973905669,True,mlr.learned_laplacian.evaluation.evaluate_mesh_geometry;surface_samples=3000;seed=7;fscore_threshold=0.01,201.0,True,True,8476,16827,6.963980633299798,12053.0830078125,/networkhome/WMGDS/zhou_c/multiview-laplacian-refinement/runs/benchmarks/sofa50_same_initial_20260820/full/ours/samples/5ac05fe8-b550-4786-8e8c-c5a43c30d112__v03/refined.obj,identity,True,True
5ac05fe8-b550-4786-8e8c-c5a43c30d112__v04,ours,completed,,,/networkhome/WMGDS/zhou_c/multiview-laplacian-refinement/runs/learned_laplacian/sofa50_synthetic_current_28view_hf_resolution_1920_20k_seed7/analysis/reconstruction/HF_1920/5ac05fe8-b550-4786-8e8c-c5a43c30d112__v04/coarse.obj,fd0aa2df8ab5b675fc59e28fd412e09b2d6b106b7a567a3015cc643b65d0c3e5,fd0aa2df8ab5b675fc59e28fd412e09b2d6b106b7a567a3015cc643b65d0c3e5,8476,16827,/networkhome/WMGDS/zhou_c/sofa_mesh/sofa50_synthetic_current_28view_native1920_v1/observations/5ac05fe8-b550-4786-8e8c-c5a43c30d112/images,/networkhome/WMGDS/zhou_c/sofa_mesh/sofa50_synthetic_current_28view_native1920_v1/prepared/test/5ac05fe8-b550-4786-8e8c-c5a43c30d112/variant_04.pt,28,0.003617297893565857,0.0035944927938981117,0.0038397977192227042,0.0036389343462608966,0.951429528042389,0.942617668584716,0.033302729391033424,0.013083248663611897,60.714184984686305,0.033302729391033424,0.013083248663611897,0.1795147190533186,0.0505733437576409,0.5170326409495549,0.6694269958847736,0.9514295280450744,0.9426176685827461,True,mlr.learned_laplacian.evaluation.evaluate_mesh_geometry;surface_samples=3000;seed=7;fscore_threshold=0.01,187.0,True,True,8476,16827,7.994556860998273,12053.0830078125,/networkhome/WMGDS/zhou_c/multiview-laplacian-refinement/runs/benchmarks/sofa50_same_initial_20260820/full/ours/samples/5ac05fe8-b550-4786-8e8c-c5a43c30d112__v04/refined.obj,identity,True,True
5c226f2b-aad3-4371-a3f9-ea2ee9a63327__v00,ours,completed,,,/networkhome/WMGDS/zhou_c/multiview-laplacian-refinement/runs/learned_laplacian/sofa50_synthetic_current_28view_hf_resolution_1920_20k_seed7/analysis/reconstruction/HF_1920/5c226f2b-aad3-4371-a3f9-ea2ee9a63327__v00/coarse.obj,f34320666579ad7ca6c21a5efd6387f73531547ab70ae024ef530fabbd0b09ab,f34320666579ad7ca6c21a5efd6387f73531547ab70ae024ef530fabbd0b09ab,7127,14202,/networkhome/WMGDS/zhou_c/sofa_mesh/sofa50_synthetic_current_28view_native1920_v1/observations/5c226f2b-aad3-4371-a3f9-ea2ee9a63327/images,/networkhome/WMGDS/zhou_c/sofa_mesh/sofa50_synthetic_current_28view_native1920_v1/prepared/test/5c226f2b-aad3-4371-a3f9-ea2ee9a63327/variant_00.pt,28,0.003048894807726924,0.003061536410887117,0.0030836671504288265,0.0030487376701275456,0.9571477711989247,0.9410682672119137,0.01752636765655481,0.012290456994995442,29.874476926205265,0.017526367656554815,0.012290456994995442,0.06046075818431651,0.04272688363424288,0.4903454545454546,0.6160812612612613,0.9571477712016618,0.9410682672136671,True,mlr.learned_laplacian.evaluation.evaluate_mesh_geometry;surface_samples=3000;seed=7;fscore_threshold=0.01,264.0,True,True,7127,14202,7.702648350968957,12044.8076171875,/networkhome/WMGDS/zhou_c/multiview-laplacian-refinement/runs/benchmarks/sofa50_same_initial_20260820/full/ours/samples/5c226f2b-aad3-4371-a3f9-ea2ee9a63327__v00/refined.obj,identity,True,True
5c226f2b-aad3-4371-a3f9-ea2ee9a63327__v01,ours,completed,,,/networkhome/WMGDS/zhou_c/multiview-laplacian-refinement/runs/learned_laplacian/sofa50_synthetic_current_28view_hf_resolution_1920_20k_seed7/analysis/reconstruction/HF_1920/5c226f2b-aad3-4371-a3f9-ea2ee9a63327__v01/coarse.obj,1bcfa4b23bbc1648fbb598cda2fd70348c4237186cd3442480288b89ba502960,1bcfa4b23bbc1648fbb598cda2fd70348c4237186cd3442480288b89ba502960,7127,14202,/networkhome/WMGDS/zhou_c/sofa_mesh/sofa50_synthetic_current_28view_native1920_v1/observations/5c226f2b-aad3-4371-a3f9-ea2ee9a63327/images,/networkhome/WMGDS/zhou_c/sofa_mesh/sofa50_synthetic_current_28view_native1920_v1/prepared/test/5c226f2b-aad3-4371-a3f9-ea2ee9a63327/variant_01.pt,28,0.002940024924039937,0.0027710821508560727,0.0029483716392166535,0.002783377526134313,0.9583394614515461,0.9451677306143481,0.017876438908281257,0.010665985697883528,40.33495288067406,0.017876438908281257,0.010665985697883528,0.0755834162679469,0.03795656477351862,0.56672,0.6519524658348187,0.9583394614502388,0.9451677306130003,True,mlr.learned_laplacian.evaluation.evaluate_mesh_geometry;surface_samples=3000;seed=7;fscore_threshold=0.01,252.0,True,True,7127,14202,7.108367427252233,12044.8076171875,/networkhome/WMGDS/zhou_c/multiview-laplacian-refinement/runs/benchmarks/sofa50_same_initial_20260820/full/ours/samples/5c226f2b-aad3-4371-a3f9-ea2ee9a63327__v01/refined.obj,identity,True,True
5c226f2b-aad3-4371-a3f9-ea2ee9a63327__v02,ours,completed,,,/networkhome/WMGDS/zhou_c/multiview-laplacian-refinement/runs/learned_laplacian/sofa50_synthetic_current_28view_hf_resolution_1920_20k_seed7/analysis/reconstruction/HF_1920/5c226f2b-aad3-4371-a3f9-ea2ee9a63327__v02/coarse.obj,106b5b39dc1b090ddbee4e292e39b18c3dfffeb54a0f482f9cfe5b98dde5c59f,106b5b39dc1b090ddbee4e292e39b18c3dfffeb54a0f482f9cfe5b98dde5c59f,7127,14202,/networkhome/WMGDS/zhou_c/sofa_mesh/sofa50_synthetic_current_28view_native1920_v1/observations/5c226f2b-aad3-4371-a3f9-ea2ee9a63327/images,/networkhome/WMGDS/zhou_c/sofa_mesh/sofa50_synthetic_current_28view_native1920_v1/prepared/test/5c226f2b-aad3-4371-a3f9-ea2ee9a63327/variant_02.pt,28,0.0031696695724291804,0.0029644297451114653,0.00312188705006234,0.002909659199845613,0.9605423980109767,0.9473759316470866,0.023598123441814434,0.015051697884877683,36.21654737932681,0.023598123441814438,0.015051697884877683,0.09543606082074084,0.06013266243673304,0.48413580246913585,0.6161857540644929,0.9605423980131693,0.947375931644721,True,mlr.learned_laplacian.evaluation.evaluate_mesh_geometry;surface_samples=3000;seed=7;fscore_threshold=0.01,279.0,True,True,7127,14202,6.7296690181829035,12044.8076171875,/networkhome/WMGDS/zhou_c/multiview-laplacian-refinement/runs/benchmarks/sofa50_same_initial_20260820/full/ours/samples/5c226f2b-aad3-4371-a3f9-ea2ee9a63327__v02/refined.obj,identity,True,True
5c226f2b-aad3-4371-a3f9-ea2ee9a63327__v03,ours,completed,,,/networkhome/WMGDS/zhou_c/multiview-laplacian-refinement/runs/learned_laplacian/sofa50_synthetic_current_28view_hf_resolution_1920_20k_seed7/analysis/reconstruction/HF_1920/5c226f2b-aad3-4371-a3f9-ea2ee9a63327__v03/coarse.obj,4e56bb135890a8513d3af6f0d0d516dd3cf94cbda6580bca0ac4c4b8e9091048,4e56bb135890a8513d3af6f0d0d516dd3cf94cbda6580bca0ac4c4b8e9091048,7127,14202,/networkhome/WMGDS/zhou_c/sofa_mesh/sofa50_synthetic_current_28view_native1920_v1/observations/5c226f2b-aad3-4371-a3f9-ea2ee9a63327/images,/networkhome/WMGDS/zhou_c/sofa_mesh/sofa50_synthetic_current_28view_native1920_v1/prepared/test/5c226f2b-aad3-4371-a3f9-ea2ee9a63327/variant_03.pt,28,0.00301170694541983,0.0027321264288862964,0.0030388816583405438,0.0027750419831535375,0.9588782287126307,0.9452353844213152,0.015618549459082122,0.012837091039063827,17.80868593018341,0.015618549459082122,0.012837091039063827,0.04945760006611714,0.03977288325471568,0.51731072,0.5531700270839602,0.9588782287152943,0.9452353844209296,True,mlr.learned_laplacian.evaluation.evaluate_mesh_geometry;surface_samples=3000;seed=7;fscore_threshold=0.01,267.0,True,True,7127,14202,6.593677114229649,12044.8076171875,/networkhome/WMGDS/zhou_c/multiview-laplacian-refinement/runs/benchmarks/sofa50_same_initial_20260820/full/ours/samples/5c226f2b-aad3-4371-a3f9-ea2ee9a63327__v03/refined.obj,identity,True,True
5c226f2b-aad3-4371-a3f9-ea2ee9a63327__v04,ours,completed,,,/networkhome/WMGDS/zhou_c/multiview-laplacian-refinement/runs/learned_laplacian/sofa50_synthetic_current_28view_hf_resolution_1920_20k_seed7/analysis/reconstruction/HF_1920/5c226f2b-aad3-4371-a3f9-ea2ee9a63327__v04/coarse.obj,24c9d1a412bef4dc806b4a3684cbde35897d2aa1ed4ad7804fddab46efa2f618,24c9d1a412bef4dc806b4a3684cbde35897d2aa1ed4ad7804fddab46efa2f618,7127,14202,/networkhome/WMGDS/zhou_c/sofa_mesh/sofa50_synthetic_current_28view_native1920_v1/observations/5c226f2b-aad3-4371-a3f9-ea2ee9a63327/images,/networkhome/WMGDS/zhou_c/sofa_mesh/sofa50_synthetic_current_28view_native1920_v1/prepared/test/5c226f2b-aad3-4371-a3f9-ea2ee9a63327/variant_04.pt,28,0.003119461870387424,0.002901112848745423,0.0031032258556466055,0.0029388974796216187,0.9594334666007086,0.9407127366649284,0.025719078744067696,0.018594201683441728,27.702691575876823,0.025719078744067696,0.018594201683441728,0.09834117394217783,0.07632973414804942,0.47247042545831897,0.5467407182599898,0.9594334666025812,0.9407127366659691,True,mlr.learned_laplacian.evaluation.evaluate_mesh_geometry;surface_samples=3000;seed=7;fscore_threshold=0.01,306.0,True,True,7127,14202,7.07529334211722,12044.8076171875,/networkhome/WMGDS/zhou_c/multiview-laplacian-refinement/runs/benchmarks/sofa50_same_initial_20260820/full/ours/samples/5c226f2b-aad3-4371-a3f9-ea2ee9a63327__v04/refined.obj,identity,True,True
653efc24-a5c5-4f94-86d9-1256dcf4bc28__v00,ours,completed,,,/networkhome/WMGDS/zhou_c/multiview-laplacian-refinement/runs/learned_laplacian/sofa50_synthetic_current_28view_hf_resolution_1920_20k_seed7/analysis/reconstruction/HF_1920/653efc24-a5c5-4f94-86d9-1256dcf4bc28__v00/coarse.obj,33705d9fe49248c3c074b4f766977c133ab2eea0ed7838d7a54d81ce71a468b2,33705d9fe49248c3c074b4f766977c133ab2eea0ed7838d7a54d81ce71a468b2,6403,12668,/networkhome/WMGDS/zhou_c/sofa_mesh/sofa50_synthetic_current_28view_native1920_v1/observations/653efc24-a5c5-4f94-86d9-1256dcf4bc28/images,/networkhome/WMGDS/zhou_c/sofa_mesh/sofa50_synthetic_current_28view_native1920_v1/prepared/test/653efc24-a5c5-4f94-86d9-1256dcf4bc28/variant_00.pt,28,0.0031372897557102406,0.0031693106555899086,0.0030407402624737572,0.0031102342645416108,0.9505317300375156,0.9326380448905124,0.010558242982028976,0.009804574463339112,7.138200171872081,0.010558242982028976,0.009804574463339112,0.04633620728589689,0.03839136375107801,0.7007381232822928,0.7106602803738317,0.9505317300382999,0.9326380448900209,True,mlr.learned_laplacian.evaluation.evaluate_mesh_geometry;surface_samples=3000;seed=7;fscore_threshold=0.01,310.0,True,True,6403,12668,6.102132520172745,12040.3671875,/networkhome/WMGDS/zhou_c/multiview-laplacian-refinement/runs/benchmarks/sofa50_same_initial_20260820/full/ours/samples/653efc24-a5c5-4f94-86d9-1256dcf4bc28__v00/refined.obj,identity,True,True
653efc24-a5c5-4f94-86d9-1256dcf4bc28__v01,ours,completed,,,/networkhome/WMGDS/zhou_c/multiview-laplacian-refinement/runs/learned_laplacian/sofa50_synthetic_current_28view_hf_resolution_1920_20k_seed7/analysis/reconstruction/HF_1920/653efc24-a5c5-4f94-86d9-1256dcf4bc28__v01/coarse.obj,9f26437b664d7e1e30a294c9feebf28cd0dc7a1792c84746b665d858cabaca7b,9f26437b664d7e1e30a294c9feebf28cd0dc7a1792c84746b665d858cabaca7b,6403,12668,/networkhome/WMGDS/zhou_c/sofa_mesh/sofa50_synthetic_current_28view_native1920_v1/observations/653efc24-a5c5-4f94-86d9-1256dcf4bc28/images,/networkhome/WMGDS/zhou_c/sofa_mesh/sofa50_synthetic_current_28view_native1920_v1/prepared/test/653efc24-a5c5-4f94-86d9-1256dcf4bc28/variant_01.pt,28,0.0033688111307652443,0.0032301190332900682,0.003339009072632443,0.0032569973085716537,0.9489964064047116,0.9362897112887211,0.02002435848304745,0.013226796109817616,33.94646764331864,0.020024358483047445,0.013226796109817616,0.09134461063426728,0.051901264477640464,0.5983692446856625,0.6368999999999999,0.9489964064065758,0.9362897112882651,True,mlr.learned_laplacian.evaluation.evaluate_mesh_geometry;surface_samples=3000;seed=7;fscore_threshold=0.01,303.0,True,True,6403,12668,6.479892469011247,12040.3671875,/networkhome/WMGDS/zhou_c/multiview-laplacian-refinement/runs/benchmarks/sofa50_same_initial_20260820/full/ours/samples/653efc24-a5c5-4f94-86d9-1256dcf4bc28__v01/refined.obj,identity,True,True
653efc24-a5c5-4f94-86d9-1256dcf4bc28__v02,ours,completed,,,/networkhome/WMGDS/zhou_c/multiview-laplacian-refinement/runs/learned_laplacian/sofa50_synthetic_current_28view_hf_resolution_1920_20k_seed7/analysis/reconstruction/HF_1920/653efc24-a5c5-4f94-86d9-1256dcf4bc28__v02/coarse.obj,40dd9de17048b75aa506a163b140c34010532d722203015b904c493f1ebc67a5,40dd9de17048b75aa506a163b140c34010532d722203015b904c493f1ebc67a5,6403,12668,/networkhome/WMGDS/zhou_c/sofa_mesh/sofa50_synthetic_current_28view_native1920_v1/observations/653efc24-a5c5-4f94-86d9-1256dcf4bc28/images,/networkhome/WMGDS/zhou_c/sofa_mesh/sofa50_synthetic_current_28view_native1920_v1/prepared/test/653efc24-a5c5-4f94-86d9-1256dcf4bc28/variant_02.pt,28,0.0031748155832099466,0.0031960236935060114,0.003138882085469953,0.003149236537259871,0.9503531037498716,0.9352256909180326,0.01722846689767879,0.014848460071649881,13.814385459623049,0.01722846689767879,0.01484846007164988,0.07470288046301696,0.06980814320999186,0.602770821892733,0.6279547062986554,0.9503531037518456,0.9352256909192593,True,mlr.learned_laplacian.evaluation.evaluate_mesh_geometry;surface_samples=3000;seed=7;fscore_threshold=0.01,325.0,True,True,6403,12668,6.557598624844104,12040.3671875,/networkhome/WMGDS/zhou_c/multiview-laplacian-refinement/runs/benchmarks/sofa50_same_initial_20260820/full/ours/samples/653efc24-a5c5-4f94-86d9-1256dcf4bc28__v02/refined.obj,identity,True,True
653efc24-a5c5-4f94-86d9-1256dcf4bc28__v03,ours,completed,,,/networkhome/WMGDS/zhou_c/multiview-laplacian-refinement/runs/learned_laplacian/sofa50_synthetic_current_28view_hf_resolution_1920_20k_seed7/analysis/reconstruction/HF_1920/653efc24-a5c5-4f94-86d9-1256dcf4bc28__v03/coarse.obj,2140a34c27222b7a67cdb91a2c488a649e7b63c9921c8eabb8aa732d7e590ee5,2140a34c27222b7a67cdb91a2c488a649e7b63c9921c8eabb8aa732d7e590ee5,6403,12668,/networkhome/WMGDS/zhou_c/sofa_mesh/sofa50_synthetic_current_28view_native1920_v1/observations/653efc24-a5c5-4f94-86d9-1256dcf4bc28/images,/networkhome/WMGDS/zhou_c/sofa_mesh/sofa50_synthetic_current_28view_native1920_v1/prepared/test/653efc24-a5c5-4f94-86d9-1256dcf4bc28/variant_03.pt,28,0.003317243672646062,0.0031349517283670945,0.0032654339570766123,0.0031101174503605803,0.9495244060203445,0.940047815103544,0.01174769887812543,0.009213444863874667,21.572344001510114,0.01174769887812543,0.009213444863874667,0.04737462113885901,0.031786280191203074,0.6550035175879397,0.6875135135135135,0.9495244060207958,0.940047815094102,True,mlr.learned_laplacian.evaluation.evaluate_mesh_geometry;surface_samples=3000;seed=7;fscore_threshold=0.01,250.0,True,True,6403,12668,6.996105122379959,12040.3671875,/networkhome/WMGDS/zhou_c/multiview-laplacian-refinement/runs/benchmarks/sofa50_same_initial_20260820/full/ours/samples/653efc24-a5c5-4f94-86d9-1256dcf4bc28__v03/refined.obj,identity,True,True
653efc24-a5c5-4f94-86d9-1256dcf4bc28__v04,ours,completed,,,/networkhome/WMGDS/zhou_c/multiview-laplacian-refinement/runs/learned_laplacian/sofa50_synthetic_current_28view_hf_resolution_1920_20k_seed7/analysis/reconstruction/HF_1920/653efc24-a5c5-4f94-86d9-1256dcf4bc28__v04/coarse.obj,f82e90dc5db7d490177892317dddbf2439c4fc703db18d50bbccc911a64a0c9c,f82e90dc5db7d490177892317dddbf2439c4fc703db18d50bbccc911a64a0c9c,6403,12668,/networkhome/WMGDS/zhou_c/sofa_mesh/sofa50_synthetic_current_28view_native1920_v1/observations/653efc24-a5c5-4f94-86d9-1256dcf4bc28/images,/networkhome/WMGDS/zhou_c/sofa_mesh/sofa50_synthetic_current_28view_native1920_v1/prepared/test/653efc24-a5c5-4f94-86d9-1256dcf4bc28/variant_04.pt,28,0.003100563322896835,0.0032338779205057268,0.0030986346839010632,0.003245354507844668,0.9501971309651494,0.9273926444376437,0.016056126408581783,0.010279826221102382,35.97567707483947,0.016056126408581783,0.010279826221102382,0.07575567035345727,0.03429904236777259,0.6070121588759795,0.6373305555555555,0.9501971309658952,0.9273926444357977,True,mlr.learned_laplacian.evaluation.evaluate_mesh_geometry;surface_samples=3000;seed=7;fscore_threshold=0.01,378.0,True,True,6403,12668,7.256259773857892,12040.3671875,/networkhome/WMGDS/zhou_c/multiview-laplacian-refinement/runs/benchmarks/sofa50_same_initial_20260820/full/ours/samples/653efc24-a5c5-4f94-86d9-1256dcf4bc28__v04/refined.obj,identity,True,True
038b62bb-b277-4d92-8afe-3ff115add02c__v00,exmesh,completed,,,/networkhome/WMGDS/zhou_c/multiview-laplacian-refinement/runs/learned_laplacian/sofa50_synthetic_current_28view_hf_resolution_1920_20k_seed7/analysis/reconstruction/HF_1920/038b62bb-b277-4d92-8afe-3ff115add02c__v00/coarse.obj,c83ca94fd6b893ef132cf94de5bffc16d9c1958a14565d1695eb4419bd2b9965,c83ca94fd6b893ef132cf94de5bffc16d9c1958a14565d1695eb4419bd2b9965,5716,11242,/networkhome/WMGDS/zhou_c/sofa_mesh/sofa50_synthetic_current_28view_native1920_v1/observations/038b62bb-b277-4d92-8afe-3ff115add02c/images,/networkhome/WMGDS/zhou_c/sofa_mesh/sofa50_synthetic_current_28view_native1920_v1/prepared/test/038b62bb-b277-4d92-8afe-3ff115add02c/variant_00.pt,28,0.01421717128949418,0.014658445452609286,0.01421717128949418,0.014658445452609286,0.961946138643022,0.8923026228190959,0.014217171299285767,0.014658446024554352,-3.1038152103488645,0.014217171299285767,0.014658446024554352,0.04489409905458893,0.04183821764837556,0.5534092270820851,0.48100716479017397,0.9619461386423523,0.8923026969269605,True,mlr.learned_laplacian.evaluation.evaluate_mesh_geometry;surface_samples=3000;seed=7;fscore_threshold=0.01,,False,False,53668,107288,759.9407665207982,4712.0,/networkhome/WMGDS/zhou_c/multiview-laplacian-refinement/runs/benchmarks/sofa50_same_initial_20260820/full/exmesh/samples/038b62bb-b277-4d92-8afe-3ff115add02c__v00/refined.obj,identity,True,True
038b62bb-b277-4d92-8afe-3ff115add02c__v01,exmesh,completed,,,/networkhome/WMGDS/zhou_c/multiview-laplacian-refinement/runs/learned_laplacian/sofa50_synthetic_current_28view_hf_resolution_1920_20k_seed7/analysis/reconstruction/HF_1920/038b62bb-b277-4d92-8afe-3ff115add02c__v01/coarse.obj,a51297356ccce5d097958e2557ee0a9a530476d7ce3a13ac80569e13cf0481ee,a51297356ccce5d097958e2557ee0a9a530476d7ce3a13ac80569e13cf0481ee,5716,11242,/networkhome/WMGDS/zhou_c/sofa_mesh/sofa50_synthetic_current_28view_native1920_v1/observations/038b62bb-b277-4d92-8afe-3ff115add02c/images,/networkhome/WMGDS/zhou_c/sofa_mesh/sofa50_synthetic_current_28view_native1920_v1/prepared/test/038b62bb-b277-4d92-8afe-3ff115add02c/variant_01.pt,28,0.01471413001811923,0.016477059294741817,0.01471413001811923,0.016477059294741817,0.9664659427475064,0.8996398654751822,0.014714130265988376,0.016477058934927902,-11.981195198567223,0.014714130265988374,0.016477058934927902,0.049966645030552946,0.04033730072524438,0.5821829360575104,0.4236846044650923,0.966465942746036,0.8996381537976443,True,mlr.learned_laplacian.evaluation.evaluate_mesh_geometry;surface_samples=3000;seed=7;fscore_threshold=0.01,,False,False,57802,115560,762.0313029768877,4728.0,/networkhome/WMGDS/zhou_c/multiview-laplacian-refinement/runs/benchmarks/sofa50_same_initial_20260820/full/exmesh/samples/038b62bb-b277-4d92-8afe-3ff115add02c__v01/refined.obj,identity,True,True
038b62bb-b277-4d92-8afe-3ff115add02c__v02,exmesh,completed,,,/networkhome/WMGDS/zhou_c/multiview-laplacian-refinement/runs/learned_laplacian/sofa50_synthetic_current_28view_hf_resolution_1920_20k_seed7/analysis/reconstruction/HF_1920/038b62bb-b277-4d92-8afe-3ff115add02c__v02/coarse.obj,7bb0be86f675911cf3dea544c55c7990d374b772e5f2ca694c0c648bc7857508,7bb0be86f675911cf3dea544c55c7990d374b772e5f2ca694c0c648bc7857508,5716,11242,/networkhome/WMGDS/zhou_c/sofa_mesh/sofa50_synthetic_current_28view_native1920_v1/observations/038b62bb-b277-4d92-8afe-3ff115add02c/images,/networkhome/WMGDS/zhou_c/sofa_mesh/sofa50_synthetic_current_28view_native1920_v1/prepared/test/038b62bb-b277-4d92-8afe-3ff115add02c/variant_02.pt,28,0.01528524912274174,0.01746763742734106,0.015285249122741741,0.01746763742734106,0.9643665732451878,0.8967683468339642,0.015285249109453116,0.017467636998900454,-14.277738451103467,0.015285249109453116,0.017467636998900454,0.05175735729162068,0.05797085333940486,0.5744192678227361,0.4220182613168724,0.9643665732428267,0.896768639884217,True,mlr.learned_laplacian.evaluation.evaluate_mesh_geometry;surface_samples=3000;seed=7;fscore_threshold=0.01,,False,False,54309,108574,755.1601597247645,4716.0,/networkhome/WMGDS/zhou_c/multiview-laplacian-refinement/runs/benchmarks/sofa50_same_initial_20260820/full/exmesh/samples/038b62bb-b277-4d92-8afe-3ff115add02c__v02/refined.obj,identity,True,True
038b62bb-b277-4d92-8afe-3ff115add02c__v03,exmesh,completed,,,/networkhome/WMGDS/zhou_c/multiview-laplacian-refinement/runs/learned_laplacian/sofa50_synthetic_current_28view_hf_resolution_1920_20k_seed7/analysis/reconstruction/HF_1920/038b62bb-b277-4d92-8afe-3ff115add02c__v03/coarse.obj,a5ed95b385321feac8b2a31e8776f5a2bd98ba1530e3a301612ad8c165780bcb,a5ed95b385321feac8b2a31e8776f5a2bd98ba1530e3a301612ad8c165780bcb,5716,11242,/networkhome/WMGDS/zhou_c/sofa_mesh/sofa50_synthetic_current_28view_native1920_v1/observations/038b62bb-b277-4d92-8afe-3ff115add02c/images,/networkhome/WMGDS/zhou_c/sofa_mesh/sofa50_synthetic_current_28view_native1920_v1/prepared/test/038b62bb-b277-4d92-8afe-3ff115add02c/variant_03.pt,28,0.015296956957042836,0.01738366406680099,0.015296956957042838,0.01738366406680099,0.9634694415534496,0.8981945560830378,0.01529695698206726,0.017383663866492132,-13.641320210752603,0.01529695698206726,0.017383663866492132,0.058213375441495255,0.052881484324060236,0.5747437446074202,0.4108541001064963,0.9634694415515109,0.8981935457401005,True,mlr.learned_laplacian.evaluation.evaluate_mesh_geometry;surface_samples=3000;seed=7;fscore_threshold=0.01,,False,False,61173,122302,768.67516638292,4720.0,/networkhome/WMGDS/zhou_c/multiview-laplacian-refinement/runs/benchmarks/sofa50_same_initial_20260820/full/exmesh/samples/038b62bb-b277-4d92-8afe-3ff115add02c__v03/refined.obj,identity,True,True
038b62bb-b277-4d92-8afe-3ff115add02c__v04,exmesh,completed,,,/networkhome/WMGDS/zhou_c/multiview-laplacian-refinement/runs/learned_laplacian/sofa50_synthetic_current_28view_hf_resolution_1920_20k_seed7/analysis/reconstruction/HF_1920/038b62bb-b277-4d92-8afe-3ff115add02c__v04/coarse.obj,d07b90c205e88abc5bfa73dab37639512db9c125f25c0b415d2dc4da3f737de7,d07b90c205e88abc5bfa73dab37639512db9c125f25c0b415d2dc4da3f737de7,5716,11242,/networkhome/WMGDS/zhou_c/sofa_mesh/sofa50_synthetic_current_28view_native1920_v1/observations/038b62bb-b277-4d92-8afe-3ff115add02c/images,/networkhome/WMGDS/zhou_c/sofa_mesh/sofa50_synthetic_current_28view_native1920_v1/prepared/test/038b62bb-b277-4d92-8afe-3ff115add02c/variant_04.pt,28,0.012708884873107387,0.014778215836392723,0.012708884873107387,0.014778215836392723,0.9663354495367593,0.9044485045931379,0.01270888488604226,0.01477821607542507,-16.282555141053212,0.01270888488604226,0.01477821607542507,0.04295684075345024,0.04394261590736079,0.5690585835033517,0.48444444444444446,0.9663354495381954,0.904449044862406,True,mlr.learned_laplacian.evaluation.evaluate_mesh_geometry;surface_samples=3000;seed=7;fscore_threshold=0.01,,False,False,57028,114012,745.5469094142318,4728.0,/networkhome/WMGDS/zhou_c/multiview-laplacian-refinement/runs/benchmarks/sofa50_same_initial_20260820/full/exmesh/samples/038b62bb-b277-4d92-8afe-3ff115add02c__v04/refined.obj,identity,True,True
43bd0910-1dd1-4b1e-9ba2-e9801e6b5761__v00,exmesh,completed,,,/networkhome/WMGDS/zhou_c/multiview-laplacian-refinement/runs/learned_laplacian/sofa50_synthetic_current_28view_hf_resolution_1920_20k_seed7/analysis/reconstruction/HF_1920/43bd0910-1dd1-4b1e-9ba2-e9801e6b5761__v00/coarse.obj,39d28e17873a23ea6efc8e09136cf2ce8d76cf3c6927daea18914e1630c59a0c,39d28e17873a23ea6efc8e09136cf2ce8d76cf3c6927daea18914e1630c59a0c,7578,14906,/networkhome/WMGDS/zhou_c/sofa_mesh/sofa50_synthetic_current_28view_native1920_v1/observations/43bd0910-1dd1-4b1e-9ba2-e9801e6b5761/images,/networkhome/WMGDS/zhou_c/sofa_mesh/sofa50_synthetic_current_28view_native1920_v1/prepared/test/43bd0910-1dd1-4b1e-9ba2-e9801e6b5761/variant_00.pt,28,0.016939040762361576,0.014748202144765299,0.016939040762361576,0.0147482021447653,0.9520624613617027,0.8653397431197433,0.016939040394259537,0.014748201695275218,12.93366476489879,0.016939040394259537,0.014748201695275218,0.0668175933260449,0.0444663822045101,0.5732197034911525,0.4833186206896552,0.9520624613653842,0.8653330178964617,True,mlr.learned_laplacian.evaluation.evaluate_mesh_geometry;surface_samples=3000;seed=7;fscore_threshold=0.01,,False,False,56737,113256,775.5232677250169,4776.0,/networkhome/WMGDS/zhou_c/multiview-laplacian-refinement/runs/benchmarks/sofa50_same_initial_20260820/full/exmesh/samples/43bd0910-1dd1-4b1e-9ba2-e9801e6b5761__v00/refined.obj,identity,True,True
43bd0910-1dd1-4b1e-9ba2-e9801e6b5761__v01,exmesh,completed,,,/networkhome/WMGDS/zhou_c/multiview-laplacian-refinement/runs/learned_laplacian/sofa50_synthetic_current_28view_hf_resolution_1920_20k_seed7/analysis/reconstruction/HF_1920/43bd0910-1dd1-4b1e-9ba2-e9801e6b5761__v01/coarse.obj,75af42defda4c14c79453d0943859cab374da0452410ae5aa076b37e97b5ecf7,75af42defda4c14c79453d0943859cab374da0452410ae5aa076b37e97b5ecf7,7578,14906,/networkhome/WMGDS/zhou_c/sofa_mesh/sofa50_synthetic_current_28view_native1920_v1/observations/43bd0910-1dd1-4b1e-9ba2-e9801e6b5761/images,/networkhome/WMGDS/zhou_c/sofa_mesh/sofa50_synthetic_current_28view_native1920_v1/prepared/test/43bd0910-1dd1-4b1e-9ba2-e9801e6b5761/variant_01.pt,28,0.013656328366451587,0.01517114037039118,0.013656328366451587,0.015171140370391181,0.9534191058752854,0.8639225959359045,0.013656328163961565,0.015171141181525384,-11.092388813278095,0.013656328163961564,0.015171141181525386,0.050764295260723104,0.048449962002726846,0.5795530173234342,0.5021064277021795,0.9534191058710644,0.8639240264909493,True,mlr.learned_laplacian.evaluation.evaluate_mesh_geometry;surface_samples=3000;seed=7;fscore_threshold=0.01,,False,False,54246,108272,778.5626909406856,4742.0,/networkhome/WMGDS/zhou_c/multiview-laplacian-refinement/runs/benchmarks/sofa50_same_initial_20260820/full/exmesh/samples/43bd0910-1dd1-4b1e-9ba2-e9801e6b5761__v01/refined.obj,identity,True,True
43bd0910-1dd1-4b1e-9ba2-e9801e6b5761__v02,exmesh,completed,,,/networkhome/WMGDS/zhou_c/multiview-laplacian-refinement/runs/learned_laplacian/sofa50_synthetic_current_28view_hf_resolution_1920_20k_seed7/analysis/reconstruction/HF_1920/43bd0910-1dd1-4b1e-9ba2-e9801e6b5761__v02/coarse.obj,ddb376e4e6997e4ca1001d05897a960ee18d554c39e3bf36e2af0cfd6987b85b,ddb376e4e6997e4ca1001d05897a960ee18d554c39e3bf36e2af0cfd6987b85b,7578,14906,/networkhome/WMGDS/zhou_c/sofa_mesh/sofa50_synthetic_current_28view_native1920_v1/observations/43bd0910-1dd1-4b1e-9ba2-e9801e6b5761/images,/networkhome/WMGDS/zhou_c/sofa_mesh/sofa50_synthetic_current_28view_native1920_v1/prepared/test/43bd0910-1dd1-4b1e-9ba2-e9801e6b5761/variant_02.pt,28,0.011227748715396283,0.013387698967788644,0.011227748715396283,0.013387698967788643,0.9525705827355262,0.8738972666917366,0.011227749106389148,0.013387699042943152,-19.237604225809473,0.01122774910638915,0.013387699042943152,0.03645197805719852,0.040597538629165895,0.6045451407811081,0.5158095853527194,0.9525705827350113,0.8738983766362503,True,mlr.learned_laplacian.evaluation.evaluate_mesh_geometry;surface_samples=3000;seed=7;fscore_threshold=0.01,,False,False,53982,107740,781.5762498099357,4744.0,/networkhome/WMGDS/zhou_c/multiview-laplacian-refinement/runs/benchmarks/sofa50_same_initial_20260820/full/exmesh/samples/43bd0910-1dd1-4b1e-9ba2-e9801e6b5761__v02/refined.obj,identity,True,True
43bd0910-1dd1-4b1e-9ba2-e9801e6b5761__v03,exmesh,completed,,,/networkhome/WMGDS/zhou_c/multiview-laplacian-refinement/runs/learned_laplacian/sofa50_synthetic_current_28view_hf_resolution_1920_20k_seed7/analysis/reconstruction/HF_1920/43bd0910-1dd1-4b1e-9ba2-e9801e6b5761__v03/coarse.obj,501c46ea3bf9e50a40c0993ccef691d94dd67a0ad1c19e82f195b3624c990244,501c46ea3bf9e50a40c0993ccef691d94dd67a0ad1c19e82f195b3624c990244,7578,14906,/networkhome/WMGDS/zhou_c/sofa_mesh/sofa50_synthetic_current_28view_native1920_v1/observations/43bd0910-1dd1-4b1e-9ba2-e9801e6b5761/images,/networkhome/WMGDS/zhou_c/sofa_mesh/sofa50_synthetic_current_28view_native1920_v1/prepared/test/43bd0910-1dd1-4b1e-9ba2-e9801e6b5761/variant_03.pt,28,0.013289825305731515,0.013769390428738735,0.013289825305731516,0.013769390428738737,0.9548993710153699,0.8700289894017698,0.013289825397621186,0.013769389935074768,-3.6085089390220384,0.013289825397621186,0.01376938993507477,0.045544668808888196,0.04277690748365996,0.5775755141080823,0.5181730934018852,0.954899371019584,0.8700459760447067,True,mlr.learned_laplacian.evaluation.evaluate_mesh_geometry;surface_samples=3000;seed=7;fscore_threshold=0.01,,False,False,56810,113400,781.7417166833766,4720.0,/networkhome/WMGDS/zhou_c/multiview-laplacian-refinement/runs/benchmarks/sofa50_same_initial_20260820/full/exmesh/samples/43bd0910-1dd1-4b1e-9ba2-e9801e6b5761__v03/refined.obj,identity,True,True
43bd0910-1dd1-4b1e-9ba2-e9801e6b5761__v04,exmesh,completed,,,/networkhome/WMGDS/zhou_c/multiview-laplacian-refinement/runs/learned_laplacian/sofa50_synthetic_current_28view_hf_resolution_1920_20k_seed7/analysis/reconstruction/HF_1920/43bd0910-1dd1-4b1e-9ba2-e9801e6b5761__v04/coarse.obj,6be108651110082e1ecb9bb78b1e2cdd4a865dafba5df54e2c6ea4ea69c6799d,6be108651110082e1ecb9bb78b1e2cdd4a865dafba5df54e2c6ea4ea69c6799d,7578,14906,/networkhome/WMGDS/zhou_c/sofa_mesh/sofa50_synthetic_current_28view_native1920_v1/observations/43bd0910-1dd1-4b1e-9ba2-e9801e6b5761/images,/networkhome/WMGDS/zhou_c/sofa_mesh/sofa50_synthetic_current_28view_native1920_v1/prepared/test/43bd0910-1dd1-4b1e-9ba2-e9801e6b5761/variant_04.pt,28,0.01226535472900847,0.014762513801655884,0.012265354729008469,0.014762513801655885,0.9532478462324572,0.8676904996742614,0.012265354767415367,0.014762513665576623,-20.3594510351654,0.012265354767415365,0.014762513665576625,0.041101887677205205,0.04566456160788293,0.6014144144144143,0.47776212068364143,0.9532478462338317,0.8676892860706199,True,mlr.learned_laplacian.evaluation.evaluate_mesh_geometry;surface_samples=3000;seed=7;fscore_threshold=0.01,,False,False,54697,109173,764.6502352380194,4730.0,/networkhome/WMGDS/zhou_c/multiview-laplacian-refinement/runs/benchmarks/sofa50_same_initial_20260820/full/exmesh/samples/43bd0910-1dd1-4b1e-9ba2-e9801e6b5761__v04/refined.obj,identity,True,True
5ac05fe8-b550-4786-8e8c-c5a43c30d112__v00,exmesh,completed,,,/networkhome/WMGDS/zhou_c/multiview-laplacian-refinement/runs/learned_laplacian/sofa50_synthetic_current_28view_hf_resolution_1920_20k_seed7/analysis/reconstruction/HF_1920/5ac05fe8-b550-4786-8e8c-c5a43c30d112__v00/coarse.obj,91e870cd7d1431045dbf0d352bfdf55af80d5f5b3ee44e8cb3410398db77d1ad,91e870cd7d1431045dbf0d352bfdf55af80d5f5b3ee44e8cb3410398db77d1ad,8476,16827,/networkhome/WMGDS/zhou_c/sofa_mesh/sofa50_synthetic_current_28view_native1920_v1/observations/5ac05fe8-b550-4786-8e8c-c5a43c30d112/images,/networkhome/WMGDS/zhou_c/sofa_mesh/sofa50_synthetic_current_28view_native1920_v1/prepared/test/5ac05fe8-b550-4786-8e8c-c5a43c30d112/variant_00.pt,28,0.01944126634895519,0.010711049542323037,0.019441266348955186,0.01071104954232304,0.9467210444143045,0.8654783849420591,0.019441266436227064,0.010711049152269175,44.90559970769141,0.019441266436227064,0.010711049152269177,0.09398422023679731,0.03333437846710403,0.5942028985507246,0.6377928162415408,0.9467210444131625,0.8654818766115369,True,mlr.learned_laplacian.evaluation.evaluate_mesh_geometry;surface_samples=3000;seed=7;fscore_threshold=0.01,,False,False,72540,145024,797.1986152008176,4736.0,/networkhome/WMGDS/zhou_c/multiview-laplacian-refinement/runs/benchmarks/sofa50_same_initial_20260820/full/exmesh/samples/5ac05fe8-b550-4786-8e8c-c5a43c30d112__v00/refined.obj,identity,True,True
5ac05fe8-b550-4786-8e8c-c5a43c30d112__v01,exmesh,completed,,,/networkhome/WMGDS/zhou_c/multiview-laplacian-refinement/runs/learned_laplacian/sofa50_synthetic_current_28view_hf_resolution_1920_20k_seed7/analysis/reconstruction/HF_1920/5ac05fe8-b550-4786-8e8c-c5a43c30d112__v01/coarse.obj,7ec770f0c688b79de833ff24bb1c79cd8a6f2187be9801af2e222209ffbf13b6,7ec770f0c688b79de833ff24bb1c79cd8a6f2187be9801af2e222209ffbf13b6,8476,16827,/networkhome/WMGDS/zhou_c/sofa_mesh/sofa50_synthetic_current_28view_native1920_v1/observations/5ac05fe8-b550-4786-8e8c-c5a43c30d112/images,/networkhome/WMGDS/zhou_c/sofa_mesh/sofa50_synthetic_current_28view_native1920_v1/prepared/test/5ac05fe8-b550-4786-8e8c-c5a43c30d112/variant_01.pt,28,0.01731224291265093,0.011074226522810622,0.01731224291265093,0.01107422652281062,0.9484531302805489,0.876155571127886,0.01731224296712774,0.011074227097811893,36.03239557786077,0.01731224296712774,0.011074227097811895,0.0942358420394563,0.03296345140351648,0.619721038961039,0.6233180607352158,0.9484531302826849,0.876151659225283,True,mlr.learned_laplacian.evaluation.evaluate_mesh_geometry;surface_samples=3000;seed=7;fscore_threshold=0.01,,False,False,73093,146130,791.013680848293,4722.0,/networkhome/WMGDS/zhou_c/multiview-laplacian-refinement/runs/benchmarks/sofa50_same_initial_20260820/full/exmesh/samples/5ac05fe8-b550-4786-8e8c-c5a43c30d112__v01/refined.obj,identity,True,True
5ac05fe8-b550-4786-8e8c-c5a43c30d112__v02,exmesh,completed,,,/networkhome/WMGDS/zhou_c/multiview-laplacian-refinement/runs/learned_laplacian/sofa50_synthetic_current_28view_hf_resolution_1920_20k_seed7/analysis/reconstruction/HF_1920/5ac05fe8-b550-4786-8e8c-c5a43c30d112__v02/coarse.obj,984d89d1d836b8f11817d32fac1c6572c23f6dd42748ee61c2949350ddae6a7f,984d89d1d836b8f11817d32fac1c6572c23f6dd42748ee61c2949350ddae6a7f,8476,16827,/networkhome/WMGDS/zhou_c/sofa_mesh/sofa50_synthetic_current_28view_native1920_v1/observations/5ac05fe8-b550-4786-8e8c-c5a43c30d112/images,/networkhome/WMGDS/zhou_c/sofa_mesh/sofa50_synthetic_current_28view_native1920_v1/prepared/test/5ac05fe8-b550-4786-8e8c-c5a43c30d112/variant_02.pt,28,0.018649313796630117,0.00992679905872108,0.018649313796630117,0.00992679905872108,0.9512763182702422,0.8791263957450101,0.018649313857545254,0.009926799119316269,46.771236758932965,0.018649313857545254,0.009926799119316269,0.09157973561383143,0.028548046060656782,0.586781857451404,0.6747456377488327,0.9512763182756613,0.879134517652151,True,mlr.learned_laplacian.evaluation.evaluate_mesh_geometry;surface_samples=3000;seed=7;fscore_threshold=0.01,,False,False,70657,141258,780.8021639259532,4722.0,/networkhome/WMGDS/zhou_c/multiview-laplacian-refinement/runs/benchmarks/sofa50_same_initial_20260820/full/exmesh/samples/5ac05fe8-b550-4786-8e8c-c5a43c30d112__v02/refined.obj,identity,True,True
5ac05fe8-b550-4786-8e8c-c5a43c30d112__v03,exmesh,completed,,,/networkhome/WMGDS/zhou_c/multiview-laplacian-refinement/runs/learned_laplacian/sofa50_synthetic_current_28view_hf_resolution_1920_20k_seed7/analysis/reconstruction/HF_1920/5ac05fe8-b550-4786-8e8c-c5a43c30d112__v03/coarse.obj,1be93cba71a23c2635d76cc55dac27626d6d0fae48e5e650b5bc9d54d02c3dca,1be93cba71a23c2635d76cc55dac27626d6d0fae48e5e650b5bc9d54d02c3dca,8476,16827,/networkhome/WMGDS/zhou_c/sofa_mesh/sofa50_synthetic_current_28view_native1920_v1/observations/5ac05fe8-b550-4786-8e8c-c5a43c30d112/images,/networkhome/WMGDS/zhou_c/sofa_mesh/sofa50_synthetic_current_28view_native1920_v1/prepared/test/5ac05fe8-b550-4786-8e8c-c5a43c30d112/variant_03.pt,28,0.022502016519861646,0.011006364019571217,0.022502016519861646,0.011006364019571217,0.9491666944457978,0.8720400638359027,0.02250201601849302,0.011006363619831386,51.08721098240294,0.02250201601849302,0.011006363619831386,0.14941087588409013,0.03065704854846215,0.6285245564412445,0.613460643765215,0.9491666944461895,0.8720349573723227,True,mlr.learned_laplacian.evaluation.evaluate_mesh_geometry;surface_samples=3000;seed=7;fscore_threshold=0.01,,False,False,72366,144676,796.7219183458947,4700.0,/networkhome/WMGDS/zhou_c/multiview-laplacian-refinement/runs/benchmarks/sofa50_same_initial_20260820/full/exmesh/samples/5ac05fe8-b550-4786-8e8c-c5a43c30d112__v03/refined.obj,identity,True,True
5ac05fe8-b550-4786-8e8c-c5a43c30d112__v04,exmesh,completed,,,/networkhome/WMGDS/zhou_c/multiview-laplacian-refinement/runs/learned_laplacian/sofa50_synthetic_current_28view_hf_resolution_1920_20k_seed7/analysis/reconstruction/HF_1920/5ac05fe8-b550-4786-8e8c-c5a43c30d112__v04/coarse.obj,fd0aa2df8ab5b675fc59e28fd412e09b2d6b106b7a567a3015cc643b65d0c3e5,fd0aa2df8ab5b675fc59e28fd412e09b2d6b106b7a567a3015cc643b65d0c3e5,8476,16827,/networkhome/WMGDS/zhou_c/sofa_mesh/sofa50_synthetic_current_28view_native1920_v1/observations/5ac05fe8-b550-4786-8e8c-c5a43c30d112/images,/networkhome/WMGDS/zhou_c/sofa_mesh/sofa50_synthetic_current_28view_native1920_v1/prepared/test/5ac05fe8-b550-4786-8e8c-c5a43c30d112/variant_04.pt,28,0.03330272899642754,0.010397561581039577,0.03330272899642754,0.010397561581039577,0.951429528042389,0.8756919573600191,0.033302729391033424,0.010397561827689441,68.77864962476941,0.033302729391033424,0.010397561827689441,0.1795147190533186,0.0348919541673678,0.5170326409495549,0.6659014622798272,0.9514295280450744,0.8757023521654533,True,mlr.learned_laplacian.evaluation.evaluate_mesh_geometry;surface_samples=3000;seed=7;fscore_threshold=0.01,,False,False,72675,145291,794.3667935030535,4700.0,/networkhome/WMGDS/zhou_c/multiview-laplacian-refinement/runs/benchmarks/sofa50_same_initial_20260820/full/exmesh/samples/5ac05fe8-b550-4786-8e8c-c5a43c30d112__v04/refined.obj,identity,True,True
5c226f2b-aad3-4371-a3f9-ea2ee9a63327__v00,exmesh,completed,,,/networkhome/WMGDS/zhou_c/multiview-laplacian-refinement/runs/learned_laplacian/sofa50_synthetic_current_28view_hf_resolution_1920_20k_seed7/analysis/reconstruction/HF_1920/5c226f2b-aad3-4371-a3f9-ea2ee9a63327__v00/coarse.obj,f34320666579ad7ca6c21a5efd6387f73531547ab70ae024ef530fabbd0b09ab,f34320666579ad7ca6c21a5efd6387f73531547ab70ae024ef530fabbd0b09ab,7127,14202,/networkhome/WMGDS/zhou_c/sofa_mesh/sofa50_synthetic_current_28view_native1920_v1/observations/5c226f2b-aad3-4371-a3f9-ea2ee9a63327/images,/networkhome/WMGDS/zhou_c/sofa_mesh/sofa50_synthetic_current_28view_native1920_v1/prepared/test/5c226f2b-aad3-4371-a3f9-ea2ee9a63327/variant_00.pt,28,0.01752636755951382,0.019557176155725206,0.01752636755951382,0.019557176155725206,0.9571477711989247,0.8111811996941112,0.01752636765655481,0.019557175876535257,-11.587159757092788,0.017526367656554815,0.01955717587653526,0.06046075818431651,0.08086966746904145,0.4903454545454546,0.5615875370919882,0.9571477712016618,0.8111959272986273,True,mlr.learned_laplacian.evaluation.evaluate_mesh_geometry;surface_samples=3000;seed=7;fscore_threshold=0.01,,False,False,27438,54848,744.8428160217591,4712.0,/networkhome/WMGDS/zhou_c/multiview-laplacian-refinement/runs/benchmarks/sofa50_same_initial_20260820/full/exmesh/samples/5c226f2b-aad3-4371-a3f9-ea2ee9a63327__v00/refined.obj,identity,True,True
5c226f2b-aad3-4371-a3f9-ea2ee9a63327__v01,exmesh,completed,,,/networkhome/WMGDS/zhou_c/multiview-laplacian-refinement/runs/learned_laplacian/sofa50_synthetic_current_28view_hf_resolution_1920_20k_seed7/analysis/reconstruction/HF_1920/5c226f2b-aad3-4371-a3f9-ea2ee9a63327__v01/coarse.obj,1bcfa4b23bbc1648fbb598cda2fd70348c4237186cd3442480288b89ba502960,1bcfa4b23bbc1648fbb598cda2fd70348c4237186cd3442480288b89ba502960,7127,14202,/networkhome/WMGDS/zhou_c/sofa_mesh/sofa50_synthetic_current_28view_native1920_v1/observations/5c226f2b-aad3-4371-a3f9-ea2ee9a63327/images,/networkhome/WMGDS/zhou_c/sofa_mesh/sofa50_synthetic_current_28view_native1920_v1/prepared/test/5c226f2b-aad3-4371-a3f9-ea2ee9a63327/variant_01.pt,28,0.01787643739161388,0.017729174541201972,0.017876437391613882,0.017729174541201972,0.9583394614515461,0.814375307719562,0.017876438908281257,0.01772917568600687,0.823783881286157,0.017876438908281257,0.017729175686006873,0.0755834162679469,0.07820814574457981,0.56672,0.5602829964328181,0.9583394614502388,0.814376692175613,True,mlr.learned_laplacian.evaluation.evaluate_mesh_geometry;surface_samples=3000;seed=7;fscore_threshold=0.01,,False,False,28769,57510,739.6052974448539,4712.0,/networkhome/WMGDS/zhou_c/multiview-laplacian-refinement/runs/benchmarks/sofa50_same_initial_20260820/full/exmesh/samples/5c226f2b-aad3-4371-a3f9-ea2ee9a63327__v01/refined.obj,identity,True,True
5c226f2b-aad3-4371-a3f9-ea2ee9a63327__v02,exmesh,completed,,,/networkhome/WMGDS/zhou_c/multiview-laplacian-refinement/runs/learned_laplacian/sofa50_synthetic_current_28view_hf_resolution_1920_20k_seed7/analysis/reconstruction/HF_1920/5c226f2b-aad3-4371-a3f9-ea2ee9a63327__v02/coarse.obj,106b5b39dc1b090ddbee4e292e39b18c3dfffeb54a0f482f9cfe5b98dde5c59f,106b5b39dc1b090ddbee4e292e39b18c3dfffeb54a0f482f9cfe5b98dde5c59f,7127,14202,/networkhome/WMGDS/zhou_c/sofa_mesh/sofa50_synthetic_current_28view_native1920_v1/observations/5c226f2b-aad3-4371-a3f9-ea2ee9a63327/images,/networkhome/WMGDS/zhou_c/sofa_mesh/sofa50_synthetic_current_28view_native1920_v1/prepared/test/5c226f2b-aad3-4371-a3f9-ea2ee9a63327/variant_02.pt,28,0.023598124627656286,0.021723975536841023,0.023598124627656286,0.02172397553684102,0.9605423980109767,0.8063652589094972,0.023598123441814434,0.021723976437612418,7.941932369423676,0.023598123441814438,0.021723976437612418,0.09543606082074084,0.0895517899382954,0.48413580246913585,0.49546496243973537,0.9605423980131693,0.8063910735588653,True,mlr.learned_laplacian.evaluation.evaluate_mesh_geometry;surface_samples=3000;seed=7;fscore_threshold=0.01,,False,False,27861,55694,753.984442982357,4772.0,/networkhome/WMGDS/zhou_c/multiview-laplacian-refinement/runs/benchmarks/sofa50_same_initial_20260820/full/exmesh/samples/5c226f2b-aad3-4371-a3f9-ea2ee9a63327__v02/refined.obj,identity,True,True
5c226f2b-aad3-4371-a3f9-ea2ee9a63327__v03,exmesh,completed,,,/networkhome/WMGDS/zhou_c/multiview-laplacian-refinement/runs/learned_laplacian/sofa50_synthetic_current_28view_hf_resolution_1920_20k_seed7/analysis/reconstruction/HF_1920/5c226f2b-aad3-4371-a3f9-ea2ee9a63327__v03/coarse.obj,4e56bb135890a8513d3af6f0d0d516dd3cf94cbda6580bca0ac4c4b8e9091048,4e56bb135890a8513d3af6f0d0d516dd3cf94cbda6580bca0ac4c4b8e9091048,7127,14202,/networkhome/WMGDS/zhou_c/sofa_mesh/sofa50_synthetic_current_28view_native1920_v1/observations/5c226f2b-aad3-4371-a3f9-ea2ee9a63327/images,/networkhome/WMGDS/zhou_c/sofa_mesh/sofa50_synthetic_current_28view_native1920_v1/prepared/test/5c226f2b-aad3-4371-a3f9-ea2ee9a63327/variant_03.pt,28,0.01561855218746028,0.02123367336443218,0.01561855218746028,0.021233673364432184,0.9588782287126307,0.8195757712730081,0.015618549459082122,0.02123367338558413,-35.951635209227675,0.015618549459082122,0.021233673385584132,0.04945760006611714,0.08828085978820101,0.51731072,0.48854060193072124,0.9588782287152943,0.8195760302974087,True,mlr.learned_laplacian.evaluation.evaluate_mesh_geometry;surface_samples=3000;seed=7;fscore_threshold=0.01,,False,False,31188,62348,746.9404960651882,4740.0,/networkhome/WMGDS/zhou_c/multiview-laplacian-refinement/runs/benchmarks/sofa50_same_initial_20260820/full/exmesh/samples/5c226f2b-aad3-4371-a3f9-ea2ee9a63327__v03/refined.obj,identity,True,True
5c226f2b-aad3-4371-a3f9-ea2ee9a63327__v04,exmesh,completed,,,/networkhome/WMGDS/zhou_c/multiview-laplacian-refinement/runs/learned_laplacian/sofa50_synthetic_current_28view_hf_resolution_1920_20k_seed7/analysis/reconstruction/HF_1920/5c226f2b-aad3-4371-a3f9-ea2ee9a63327__v04/coarse.obj,24c9d1a412bef4dc806b4a3684cbde35897d2aa1ed4ad7804fddab46efa2f618,24c9d1a412bef4dc806b4a3684cbde35897d2aa1ed4ad7804fddab46efa2f618,7127,14202,/networkhome/WMGDS/zhou_c/sofa_mesh/sofa50_synthetic_current_28view_native1920_v1/observations/5c226f2b-aad3-4371-a3f9-ea2ee9a63327/images,/networkhome/WMGDS/zhou_c/sofa_mesh/sofa50_synthetic_current_28view_native1920_v1/prepared/test/5c226f2b-aad3-4371-a3f9-ea2ee9a63327/variant_04.pt,28,0.025719079106967066,0.026764041719716296,0.025719079106967066,0.026764041719716292,0.9594334666007086,0.7884692393991182,0.025719078744067696,0.02676404106566754,-4.062985039232296,0.025719078744067696,0.02676404106566754,0.09834117394217783,0.08486540739863509,0.47247042545831897,0.3828759757155248,0.9594334666025812,0.7884697767015345,True,mlr.learned_laplacian.evaluation.evaluate_mesh_geometry;surface_samples=3000;seed=7;fscore_threshold=0.01,,False,False,30810,61592,722.3210374200717,4716.0,/networkhome/WMGDS/zhou_c/multiview-laplacian-refinement/runs/benchmarks/sofa50_same_initial_20260820/full/exmesh/samples/5c226f2b-aad3-4371-a3f9-ea2ee9a63327__v04/refined.obj,identity,True,True
653efc24-a5c5-4f94-86d9-1256dcf4bc28__v00,exmesh,completed,,,/networkhome/WMGDS/zhou_c/multiview-laplacian-refinement/runs/learned_laplacian/sofa50_synthetic_current_28view_hf_resolution_1920_20k_seed7/analysis/reconstruction/HF_1920/653efc24-a5c5-4f94-86d9-1256dcf4bc28__v00/coarse.obj,33705d9fe49248c3c074b4f766977c133ab2eea0ed7838d7a54d81ce71a468b2,33705d9fe49248c3c074b4f766977c133ab2eea0ed7838d7a54d81ce71a468b2,6403,12668,/networkhome/WMGDS/zhou_c/sofa_mesh/sofa50_synthetic_current_28view_native1920_v1/observations/653efc24-a5c5-4f94-86d9-1256dcf4bc28/images,/networkhome/WMGDS/zhou_c/sofa_mesh/sofa50_synthetic_current_28view_native1920_v1/prepared/test/653efc24-a5c5-4f94-86d9-1256dcf4bc28/variant_00.pt,28,0.010558243001663262,0.04113176339686045,0.01055824300166326,0.041131763396860456,0.9505317300375156,0.7757642987184021,0.010558242982028976,0.04113176337319894,-289.57015332199387,0.010558242982028976,0.04113176337319894,0.04633620728589689,0.14247790582632322,0.7007381232822928,0.2512695652173913,0.9505317300382999,0.7757627939538565,True,mlr.learned_laplacian.evaluation.evaluate_mesh_geometry;surface_samples=3000;seed=7;fscore_threshold=0.01,,False,False,32757,65359,723.9138579866849,4758.0,/networkhome/WMGDS/zhou_c/multiview-laplacian-refinement/runs/benchmarks/sofa50_same_initial_20260820/full/exmesh/samples/653efc24-a5c5-4f94-86d9-1256dcf4bc28__v00/refined.obj,identity,True,True
653efc24-a5c5-4f94-86d9-1256dcf4bc28__v01,exmesh,completed,,,/networkhome/WMGDS/zhou_c/multiview-laplacian-refinement/runs/learned_laplacian/sofa50_synthetic_current_28view_hf_resolution_1920_20k_seed7/analysis/reconstruction/HF_1920/653efc24-a5c5-4f94-86d9-1256dcf4bc28__v01/coarse.obj,9f26437b664d7e1e30a294c9feebf28cd0dc7a1792c84746b665d858cabaca7b,9f26437b664d7e1e30a294c9feebf28cd0dc7a1792c84746b665d858cabaca7b,6403,12668,/networkhome/WMGDS/zhou_c/sofa_mesh/sofa50_synthetic_current_28view_native1920_v1/observations/653efc24-a5c5-4f94-86d9-1256dcf4bc28/images,/networkhome/WMGDS/zhou_c/sofa_mesh/sofa50_synthetic_current_28view_native1920_v1/prepared/test/653efc24-a5c5-4f94-86d9-1256dcf4bc28/variant_01.pt,28,0.020024358491174895,0.036282132822092424,0.020024358491174895,0.036282132822092424,0.9489964064047116,0.7805073425961595,0.02002435848304745,0.036282132764806393,-81.18998816128227,0.020024358483047445,0.036282132764806393,0.09134461063426728,0.14825391610128205,0.5983692446856625,0.3774895833333333,0.9489964064065758,0.7804698050813739,True,mlr.learned_laplacian.evaluation.evaluate_mesh_geometry;surface_samples=3000;seed=7;fscore_threshold=0.01,,False,False,35451,70759,752.6946343448944,4714.0,/networkhome/WMGDS/zhou_c/multiview-laplacian-refinement/runs/benchmarks/sofa50_same_initial_20260820/full/exmesh/samples/653efc24-a5c5-4f94-86d9-1256dcf4bc28__v01/refined.obj,identity,True,True
653efc24-a5c5-4f94-86d9-1256dcf4bc28__v02,exmesh,completed,,,/networkhome/WMGDS/zhou_c/multiview-laplacian-refinement/runs/learned_laplacian/sofa50_synthetic_current_28view_hf_resolution_1920_20k_seed7/analysis/reconstruction/HF_1920/653efc24-a5c5-4f94-86d9-1256dcf4bc28__v02/coarse.obj,40dd9de17048b75aa506a163b140c34010532d722203015b904c493f1ebc67a5,40dd9de17048b75aa506a163b140c34010532d722203015b904c493f1ebc67a5,6403,12668,/networkhome/WMGDS/zhou_c/sofa_mesh/sofa50_synthetic_current_28view_native1920_v1/observations/653efc24-a5c5-4f94-86d9-1256dcf4bc28/images,/networkhome/WMGDS/zhou_c/sofa_mesh/sofa50_synthetic_current_28view_native1920_v1/prepared/test/653efc24-a5c5-4f94-86d9-1256dcf4bc28/variant_02.pt,28,0.017228466166231082,0.03654515372118204,0.017228466166231082,0.03654515372118204,0.9503531037498716,0.7660176814769861,0.01722846689767879,0.03654515374413733,-112.12075317659925,0.01722846689767879,0.03654515374413733,0.07470288046301696,0.137774547687939,0.602770821892733,0.30551031200423057,0.9503531037518456,0.7659970349385494,True,mlr.learned_laplacian.evaluation.evaluate_mesh_geometry;surface_samples=3000;seed=7;fscore_threshold=0.01,,False,False,32441,64699,753.3702088338323,4698.0,/networkhome/WMGDS/zhou_c/multiview-laplacian-refinement/runs/benchmarks/sofa50_same_initial_20260820/full/exmesh/samples/653efc24-a5c5-4f94-86d9-1256dcf4bc28__v02/refined.obj,identity,True,True
653efc24-a5c5-4f94-86d9-1256dcf4bc28__v03,exmesh,completed,,,/networkhome/WMGDS/zhou_c/multiview-laplacian-refinement/runs/learned_laplacian/sofa50_synthetic_current_28view_hf_resolution_1920_20k_seed7/analysis/reconstruction/HF_1920/653efc24-a5c5-4f94-86d9-1256dcf4bc28__v03/coarse.obj,2140a34c27222b7a67cdb91a2c488a649e7b63c9921c8eabb8aa732d7e590ee5,2140a34c27222b7a67cdb91a2c488a649e7b63c9921c8eabb8aa732d7e590ee5,6403,12668,/networkhome/WMGDS/zhou_c/sofa_mesh/sofa50_synthetic_current_28view_native1920_v1/observations/653efc24-a5c5-4f94-86d9-1256dcf4bc28/images,/networkhome/WMGDS/zhou_c/sofa_mesh/sofa50_synthetic_current_28view_native1920_v1/prepared/test/653efc24-a5c5-4f94-86d9-1256dcf4bc28/variant_03.pt,28,0.011747699164359112,0.038440526792753706,0.01174769916435911,0.03844052679275371,0.9495244060203445,0.7865089520073469,0.01174769887812543,0.038440527104630945,-227.21750449535585,0.01174769887812543,0.038440527104630945,0.04737462113885901,0.15486022229305488,0.6550035175879397,0.3392430913348946,0.9495244060207958,0.7864974989679392,True,mlr.learned_laplacian.evaluation.evaluate_mesh_geometry;surface_samples=3000;seed=7;fscore_threshold=0.01,,False,False,31666,63167,745.6262707160786,4728.0,/networkhome/WMGDS/zhou_c/multiview-laplacian-refinement/runs/benchmarks/sofa50_same_initial_20260820/full/exmesh/samples/653efc24-a5c5-4f94-86d9-1256dcf4bc28__v03/refined.obj,identity,True,True
653efc24-a5c5-4f94-86d9-1256dcf4bc28__v04,exmesh,completed,,,/networkhome/WMGDS/zhou_c/multiview-laplacian-refinement/runs/learned_laplacian/sofa50_synthetic_current_28view_hf_resolution_1920_20k_seed7/analysis/reconstruction/HF_1920/653efc24-a5c5-4f94-86d9-1256dcf4bc28__v04/coarse.obj,f82e90dc5db7d490177892317dddbf2439c4fc703db18d50bbccc911a64a0c9c,f82e90dc5db7d490177892317dddbf2439c4fc703db18d50bbccc911a64a0c9c,6403,12668,/networkhome/WMGDS/zhou_c/sofa_mesh/sofa50_synthetic_current_28view_native1920_v1/observations/653efc24-a5c5-4f94-86d9-1256dcf4bc28/images,/networkhome/WMGDS/zhou_c/sofa_mesh/sofa50_synthetic_current_28view_native1920_v1/prepared/test/653efc24-a5c5-4f94-86d9-1256dcf4bc28/variant_04.pt,28,0.01605612573111956,0.0391377929104464,0.016056125731119565,0.039137792910446396,0.9501971309651494,0.7839359860326445,0.016056126408581783,0.03913779272049447,-143.7561322360781,0.016056126408581783,0.03913779272049447,0.07575567035345727,0.11625584826270514,0.6070121588759795,0.26617033948779034,0.9501971309658952,0.7839318348608462,True,mlr.learned_laplacian.evaluation.evaluate_mesh_geometry;surface_samples=3000;seed=7;fscore_threshold=0.01,,False,False,33082,66007,743.1994283231907,4718.0,/networkhome/WMGDS/zhou_c/multiview-laplacian-refinement/runs/benchmarks/sofa50_same_initial_20260820/full/exmesh/samples/653efc24-a5c5-4f94-86d9-1256dcf4bc28__v04/refined.obj,identity,True,True
038b62bb-b277-4d92-8afe-3ff115add02c__v00,nds,completed,,,/networkhome/WMGDS/zhou_c/multiview-laplacian-refinement/runs/learned_laplacian/sofa50_synthetic_current_28view_hf_resolution_1920_20k_seed7/analysis/reconstruction/HF_1920/038b62bb-b277-4d92-8afe-3ff115add02c__v00/coarse.obj,c83ca94fd6b893ef132cf94de5bffc16d9c1958a14565d1695eb4419bd2b9965,c83ca94fd6b893ef132cf94de5bffc16d9c1958a14565d1695eb4419bd2b9965,5716,11242,/networkhome/WMGDS/zhou_c/sofa_mesh/sofa50_synthetic_current_28view_native1920_v1/observations/038b62bb-b277-4d92-8afe-3ff115add02c/images,/networkhome/WMGDS/zhou_c/sofa_mesh/sofa50_synthetic_current_28view_native1920_v1/prepared/test/038b62bb-b277-4d92-8afe-3ff115add02c/variant_00.pt,28,0.01421717128949418,0.014200585835496271,0.01421717128949418,0.014200585835496273,0.961946138643022,0.8930986520960604,0.014217171299285767,0.014200585835496271,0.11665797253444585,0.014217171299285767,0.014200585835496273,0.04489409905458893,0.04761321481800502,0.5534092270820851,0.5873365430000944,0.9619461386423523,0.8930986520982707,True,mlr.learned_laplacian.evaluation.evaluate_mesh_geometry;surface_samples=3000;seed=7;fscore_threshold=0.01,440.0,True,True,5716,11242,250.3985905861482,17677.0,/networkhome/WMGDS/zhou_c/multiview-laplacian-refinement/runs/benchmarks/sofa50_same_initial_20260820/full/nds/samples/038b62bb-b277-4d92-8afe-3ff115add02c__v00/refined.obj,identity,True,True
038b62bb-b277-4d92-8afe-3ff115add02c__v01,nds,completed,,,/networkhome/WMGDS/zhou_c/multiview-laplacian-refinement/runs/learned_laplacian/sofa50_synthetic_current_28view_hf_resolution_1920_20k_seed7/analysis/reconstruction/HF_1920/038b62bb-b277-4d92-8afe-3ff115add02c__v01/coarse.obj,a51297356ccce5d097958e2557ee0a9a530476d7ce3a13ac80569e13cf0481ee,a51297356ccce5d097958e2557ee0a9a530476d7ce3a13ac80569e13cf0481ee,5716,11242,/networkhome/WMGDS/zhou_c/sofa_mesh/sofa50_synthetic_current_28view_native1920_v1/observations/038b62bb-b277-4d92-8afe-3ff115add02c/images,/networkhome/WMGDS/zhou_c/sofa_mesh/sofa50_synthetic_current_28view_native1920_v1/prepared/test/038b62bb-b277-4d92-8afe-3ff115add02c/variant_01.pt,28,0.01471413001811923,0.011637307060653523,0.01471413001811923,0.011637307060653523,0.9664659427475064,0.9043552343560277,0.014714130265988376,0.011637307060653523,20.91066987796697,0.014714130265988374,0.011637307060653523,0.049966645030552946,0.04227940099042204,0.5821829360575104,0.6638273958855996,0.966465942746036,0.9043552343601645,True,mlr.learned_laplacian.evaluation.evaluate_mesh_geometry;surface_samples=3000;seed=7;fscore_threshold=0.01,325.0,True,True,5716,11242,230.98057337477803,21415.0,/networkhome/WMGDS/zhou_c/multiview-laplacian-refinement/runs/benchmarks/sofa50_same_initial_20260820/full/nds/samples/038b62bb-b277-4d92-8afe-3ff115add02c__v01/refined.obj,identity,True,True
038b62bb-b277-4d92-8afe-3ff115add02c__v02,nds,completed,,,/networkhome/WMGDS/zhou_c/multiview-laplacian-refinement/runs/learned_laplacian/sofa50_synthetic_current_28view_hf_resolution_1920_20k_seed7/analysis/reconstruction/HF_1920/038b62bb-b277-4d92-8afe-3ff115add02c__v02/coarse.obj,7bb0be86f675911cf3dea544c55c7990d374b772e5f2ca694c0c648bc7857508,7bb0be86f675911cf3dea544c55c7990d374b772e5f2ca694c0c648bc7857508,5716,11242,/networkhome/WMGDS/zhou_c/sofa_mesh/sofa50_synthetic_current_28view_native1920_v1/observations/038b62bb-b277-4d92-8afe-3ff115add02c/images,/networkhome/WMGDS/zhou_c/sofa_mesh/sofa50_synthetic_current_28view_native1920_v1/prepared/test/038b62bb-b277-4d92-8afe-3ff115add02c/variant_02.pt,28,0.01528524912274174,0.01625782703274093,0.015285249122741741,0.01625782703274093,0.9643665732451878,0.8859434121068382,0.015285249109453116,0.01625782703274093,-6.362852946153994,0.015285249109453116,0.01625782703274093,0.05175735729162068,0.05951999642401316,0.5744192678227361,0.5412899262899262,0.9643665732428267,0.8859434121117737,True,mlr.learned_laplacian.evaluation.evaluate_mesh_geometry;surface_samples=3000;seed=7;fscore_threshold=0.01,434.0,True,True,5716,11242,224.69933953415602,17203.0,/networkhome/WMGDS/zhou_c/multiview-laplacian-refinement/runs/benchmarks/sofa50_same_initial_20260820/full/nds/samples/038b62bb-b277-4d92-8afe-3ff115add02c__v02/refined.obj,identity,True,True
038b62bb-b277-4d92-8afe-3ff115add02c__v03,nds,completed,,,/networkhome/WMGDS/zhou_c/multiview-laplacian-refinement/runs/learned_laplacian/sofa50_synthetic_current_28view_hf_resolution_1920_20k_seed7/analysis/reconstruction/HF_1920/038b62bb-b277-4d92-8afe-3ff115add02c__v03/coarse.obj,a5ed95b385321feac8b2a31e8776f5a2bd98ba1530e3a301612ad8c165780bcb,a5ed95b385321feac8b2a31e8776f5a2bd98ba1530e3a301612ad8c165780bcb,5716,11242,/networkhome/WMGDS/zhou_c/sofa_mesh/sofa50_synthetic_current_28view_native1920_v1/observations/038b62bb-b277-4d92-8afe-3ff115add02c/images,/networkhome/WMGDS/zhou_c/sofa_mesh/sofa50_synthetic_current_28view_native1920_v1/prepared/test/038b62bb-b277-4d92-8afe-3ff115add02c/variant_03.pt,28,0.015296956957042836,0.011813984373613712,0.015296956957042838,0.011813984373613714,0.9634694415534496,0.9003204069960064,0.01529695698206726,0.011813984373613712,22.76905539145245,0.01529695698206726,0.011813984373613714,0.058213375441495255,0.042509252886986836,0.5747437446074202,0.6364913657770801,0.9634694415515109,0.900320406999263,True,mlr.learned_laplacian.evaluation.evaluate_mesh_geometry;surface_samples=3000;seed=7;fscore_threshold=0.01,380.0,True,True,5716,11242,227.62212429288775,17391.0,/networkhome/WMGDS/zhou_c/multiview-laplacian-refinement/runs/benchmarks/sofa50_same_initial_20260820/full/nds/samples/038b62bb-b277-4d92-8afe-3ff115add02c__v03/refined.obj,identity,True,True
038b62bb-b277-4d92-8afe-3ff115add02c__v04,nds,completed,,,/networkhome/WMGDS/zhou_c/multiview-laplacian-refinement/runs/learned_laplacian/sofa50_synthetic_current_28view_hf_resolution_1920_20k_seed7/analysis/reconstruction/HF_1920/038b62bb-b277-4d92-8afe-3ff115add02c__v04/coarse.obj,d07b90c205e88abc5bfa73dab37639512db9c125f25c0b415d2dc4da3f737de7,d07b90c205e88abc5bfa73dab37639512db9c125f25c0b415d2dc4da3f737de7,5716,11242,/networkhome/WMGDS/zhou_c/sofa_mesh/sofa50_synthetic_current_28view_native1920_v1/observations/038b62bb-b277-4d92-8afe-3ff115add02c/images,/networkhome/WMGDS/zhou_c/sofa_mesh/sofa50_synthetic_current_28view_native1920_v1/prepared/test/038b62bb-b277-4d92-8afe-3ff115add02c/variant_04.pt,28,0.012708884873107387,0.011847296063261598,0.012708884873107387,0.011847296063261598,0.9663354495367593,0.9011022764285667,0.01270888488604226,0.011847296063261598,6.7794210940325454,0.01270888488604226,0.011847296063261598,0.04295684075345024,0.040687984697307646,0.5690585835033517,0.6323110291534948,0.9663354495381954,0.901102276425178,True,mlr.learned_laplacian.evaluation.evaluate_mesh_geometry;surface_samples=3000;seed=7;fscore_threshold=0.01,393.0,True,True,5716,11242,225.0767447631806,17801.0,/networkhome/WMGDS/zhou_c/multiview-laplacian-refinement/runs/benchmarks/sofa50_same_initial_20260820/full/nds/samples/038b62bb-b277-4d92-8afe-3ff115add02c__v04/refined.obj,identity,True,True
43bd0910-1dd1-4b1e-9ba2-e9801e6b5761__v00,nds,completed,,,/networkhome/WMGDS/zhou_c/multiview-laplacian-refinement/runs/learned_laplacian/sofa50_synthetic_current_28view_hf_resolution_1920_20k_seed7/analysis/reconstruction/HF_1920/43bd0910-1dd1-4b1e-9ba2-e9801e6b5761__v00/coarse.obj,39d28e17873a23ea6efc8e09136cf2ce8d76cf3c6927daea18914e1630c59a0c,39d28e17873a23ea6efc8e09136cf2ce8d76cf3c6927daea18914e1630c59a0c,7578,14906,/networkhome/WMGDS/zhou_c/sofa_mesh/sofa50_synthetic_current_28view_native1920_v1/observations/43bd0910-1dd1-4b1e-9ba2-e9801e6b5761/images,/networkhome/WMGDS/zhou_c/sofa_mesh/sofa50_synthetic_current_28view_native1920_v1/prepared/test/43bd0910-1dd1-4b1e-9ba2-e9801e6b5761/variant_00.pt,28,0.016939040762361576,0.008359877744560875,0.016939040762361576,0.008359877744560873,0.9520624613617027,0.8931834871394562,0.016939040394259537,0.008359877744560875,50.64727664623818,0.016939040394259537,0.008359877744560873,0.0668175933260449,0.029152265226293966,0.5732197034911525,0.7376168547780287,0.9520624613653842,0.8931834871431293,True,mlr.learned_laplacian.evaluation.evaluate_mesh_geometry;surface_samples=3000;seed=7;fscore_threshold=0.01,961.0,True,True,7578,14906,243.53033379511908,17593.0,/networkhome/WMGDS/zhou_c/multiview-laplacian-refinement/runs/benchmarks/sofa50_same_initial_20260820/full/nds/samples/43bd0910-1dd1-4b1e-9ba2-e9801e6b5761__v00/refined.obj,identity,True,True
43bd0910-1dd1-4b1e-9ba2-e9801e6b5761__v01,nds,completed,,,/networkhome/WMGDS/zhou_c/multiview-laplacian-refinement/runs/learned_laplacian/sofa50_synthetic_current_28view_hf_resolution_1920_20k_seed7/analysis/reconstruction/HF_1920/43bd0910-1dd1-4b1e-9ba2-e9801e6b5761__v01/coarse.obj,75af42defda4c14c79453d0943859cab374da0452410ae5aa076b37e97b5ecf7,75af42defda4c14c79453d0943859cab374da0452410ae5aa076b37e97b5ecf7,7578,14906,/networkhome/WMGDS/zhou_c/sofa_mesh/sofa50_synthetic_current_28view_native1920_v1/observations/43bd0910-1dd1-4b1e-9ba2-e9801e6b5761/images,/networkhome/WMGDS/zhou_c/sofa_mesh/sofa50_synthetic_current_28view_native1920_v1/prepared/test/43bd0910-1dd1-4b1e-9ba2-e9801e6b5761/variant_01.pt,28,0.013656328366451587,0.008335291681906838,0.013656328366451587,0.008335291681906838,0.9534191058752854,0.9017013818932624,0.013656328163961565,0.008335291681906838,38.96388852236799,0.013656328163961564,0.008335291681906838,0.050764295260723104,0.030036169234271083,0.5795530173234342,0.7225664899746485,0.9534191058710644,0.9017013818934948,True,mlr.learned_laplacian.evaluation.evaluate_mesh_geometry;surface_samples=3000;seed=7;fscore_threshold=0.01,912.0,True,True,7578,14906,246.14556851796806,16127.0,/networkhome/WMGDS/zhou_c/multiview-laplacian-refinement/runs/benchmarks/sofa50_same_initial_20260820/full/nds/samples/43bd0910-1dd1-4b1e-9ba2-e9801e6b5761__v01/refined.obj,identity,True,True
43bd0910-1dd1-4b1e-9ba2-e9801e6b5761__v02,nds,completed,,,/networkhome/WMGDS/zhou_c/multiview-laplacian-refinement/runs/learned_laplacian/sofa50_synthetic_current_28view_hf_resolution_1920_20k_seed7/analysis/reconstruction/HF_1920/43bd0910-1dd1-4b1e-9ba2-e9801e6b5761__v02/coarse.obj,ddb376e4e6997e4ca1001d05897a960ee18d554c39e3bf36e2af0cfd6987b85b,ddb376e4e6997e4ca1001d05897a960ee18d554c39e3bf36e2af0cfd6987b85b,7578,14906,/networkhome/WMGDS/zhou_c/sofa_mesh/sofa50_synthetic_current_28view_native1920_v1/observations/43bd0910-1dd1-4b1e-9ba2-e9801e6b5761/images,/networkhome/WMGDS/zhou_c/sofa_mesh/sofa50_synthetic_current_28view_native1920_v1/prepared/test/43bd0910-1dd1-4b1e-9ba2-e9801e6b5761/variant_02.pt,28,0.011227748715396283,0.007148183676934768,0.011227748715396283,0.007148183676934766,0.9525705827355262,0.8936513272042972,0.011227749106389148,0.007148183676934768,36.33466860363761,0.01122774910638915,0.007148183676934766,0.03645197805719852,0.026227361143829266,0.6045451407811081,0.781086335536133,0.9525705827350113,0.8936513272056761,True,mlr.learned_laplacian.evaluation.evaluate_mesh_geometry;surface_samples=3000;seed=7;fscore_threshold=0.01,992.0,True,True,7578,14906,245.3097869460471,17465.0,/networkhome/WMGDS/zhou_c/multiview-laplacian-refinement/runs/benchmarks/sofa50_same_initial_20260820/full/nds/samples/43bd0910-1dd1-4b1e-9ba2-e9801e6b5761__v02/refined.obj,identity,True,True
43bd0910-1dd1-4b1e-9ba2-e9801e6b5761__v03,nds,completed,,,/networkhome/WMGDS/zhou_c/multiview-laplacian-refinement/runs/learned_laplacian/sofa50_synthetic_current_28view_hf_resolution_1920_20k_seed7/analysis/reconstruction/HF_1920/43bd0910-1dd1-4b1e-9ba2-e9801e6b5761__v03/coarse.obj,501c46ea3bf9e50a40c0993ccef691d94dd67a0ad1c19e82f195b3624c990244,501c46ea3bf9e50a40c0993ccef691d94dd67a0ad1c19e82f195b3624c990244,7578,14906,/networkhome/WMGDS/zhou_c/sofa_mesh/sofa50_synthetic_current_28view_native1920_v1/observations/43bd0910-1dd1-4b1e-9ba2-e9801e6b5761/images,/networkhome/WMGDS/zhou_c/sofa_mesh/sofa50_synthetic_current_28view_native1920_v1/prepared/test/43bd0910-1dd1-4b1e-9ba2-e9801e6b5761/variant_03.pt,28,0.013289825305731515,0.008186604124904217,0.013289825305731516,0.008186604124904217,0.9548993710153699,0.8945325049805285,0.013289825397621186,0.008186604124904217,38.39946064024604,0.013289825397621186,0.008186604124904217,0.045544668808888196,0.029931545750221524,0.5775755141080823,0.7390319963947724,0.954899371019584,0.8945325049804642,True,mlr.learned_laplacian.evaluation.evaluate_mesh_geometry;surface_samples=3000;seed=7;fscore_threshold=0.01,929.0,True,True,7578,14906,245.21666223788634,17077.0,/networkhome/WMGDS/zhou_c/multiview-laplacian-refinement/runs/benchmarks/sofa50_same_initial_20260820/full/nds/samples/43bd0910-1dd1-4b1e-9ba2-e9801e6b5761__v03/refined.obj,identity,True,True
43bd0910-1dd1-4b1e-9ba2-e9801e6b5761__v04,nds,completed,,,/networkhome/WMGDS/zhou_c/multiview-laplacian-refinement/runs/learned_laplacian/sofa50_synthetic_current_28view_hf_resolution_1920_20k_seed7/analysis/reconstruction/HF_1920/43bd0910-1dd1-4b1e-9ba2-e9801e6b5761__v04/coarse.obj,6be108651110082e1ecb9bb78b1e2cdd4a865dafba5df54e2c6ea4ea69c6799d,6be108651110082e1ecb9bb78b1e2cdd4a865dafba5df54e2c6ea4ea69c6799d,7578,14906,/networkhome/WMGDS/zhou_c/sofa_mesh/sofa50_synthetic_current_28view_native1920_v1/observations/43bd0910-1dd1-4b1e-9ba2-e9801e6b5761/images,/networkhome/WMGDS/zhou_c/sofa_mesh/sofa50_synthetic_current_28view_native1920_v1/prepared/test/43bd0910-1dd1-4b1e-9ba2-e9801e6b5761/variant_04.pt,28,0.01226535472900847,0.0077159373438614055,0.012265354729008469,0.0077159373438614055,0.9532478462324572,0.8873684488225743,0.012265354767415367,0.0077159373438614055,37.09160892467722,0.012265354767415365,0.0077159373438614055,0.041101887677205205,0.028220134804357293,0.6014144144144143,0.7543055984698006,0.9532478462338317,0.8873684488224911,True,mlr.learned_laplacian.evaluation.evaluate_mesh_geometry;surface_samples=3000;seed=7;fscore_threshold=0.01,973.0,True,True,7578,14906,246.0763783189468,15871.0,/networkhome/WMGDS/zhou_c/multiview-laplacian-refinement/runs/benchmarks/sofa50_same_initial_20260820/full/nds/samples/43bd0910-1dd1-4b1e-9ba2-e9801e6b5761__v04/refined.obj,identity,True,True
5ac05fe8-b550-4786-8e8c-c5a43c30d112__v00,nds,completed,,,/networkhome/WMGDS/zhou_c/multiview-laplacian-refinement/runs/learned_laplacian/sofa50_synthetic_current_28view_hf_resolution_1920_20k_seed7/analysis/reconstruction/HF_1920/5ac05fe8-b550-4786-8e8c-c5a43c30d112__v00/coarse.obj,91e870cd7d1431045dbf0d352bfdf55af80d5f5b3ee44e8cb3410398db77d1ad,91e870cd7d1431045dbf0d352bfdf55af80d5f5b3ee44e8cb3410398db77d1ad,8476,16827,/networkhome/WMGDS/zhou_c/sofa_mesh/sofa50_synthetic_current_28view_native1920_v1/observations/5ac05fe8-b550-4786-8e8c-c5a43c30d112/images,/networkhome/WMGDS/zhou_c/sofa_mesh/sofa50_synthetic_current_28view_native1920_v1/prepared/test/5ac05fe8-b550-4786-8e8c-c5a43c30d112/variant_00.pt,28,0.01944126634895519,0.00913147729519574,0.019441266348955186,0.00913147729519574,0.9467210444143045,0.873165781725671,0.019441266436227064,0.00913147729519574,53.03044004283564,0.019441266436227064,0.00913147729519574,0.09398422023679731,0.03143793624447692,0.5942028985507246,0.6899708956423861,0.9467210444131625,0.8731657817233025,True,mlr.learned_laplacian.evaluation.evaluate_mesh_geometry;surface_samples=3000;seed=7;fscore_threshold=0.01,1288.0,True,True,8476,16827,207.27650268469006,15649.0,/networkhome/WMGDS/zhou_c/multiview-laplacian-refinement/runs/benchmarks/sofa50_same_initial_20260820/full/nds/samples/5ac05fe8-b550-4786-8e8c-c5a43c30d112__v00/refined.obj,identity,True,True
5ac05fe8-b550-4786-8e8c-c5a43c30d112__v01,nds,completed,,,/networkhome/WMGDS/zhou_c/multiview-laplacian-refinement/runs/learned_laplacian/sofa50_synthetic_current_28view_hf_resolution_1920_20k_seed7/analysis/reconstruction/HF_1920/5ac05fe8-b550-4786-8e8c-c5a43c30d112__v01/coarse.obj,7ec770f0c688b79de833ff24bb1c79cd8a6f2187be9801af2e222209ffbf13b6,7ec770f0c688b79de833ff24bb1c79cd8a6f2187be9801af2e222209ffbf13b6,8476,16827,/networkhome/WMGDS/zhou_c/sofa_mesh/sofa50_synthetic_current_28view_native1920_v1/observations/5ac05fe8-b550-4786-8e8c-c5a43c30d112/images,/networkhome/WMGDS/zhou_c/sofa_mesh/sofa50_synthetic_current_28view_native1920_v1/prepared/test/5ac05fe8-b550-4786-8e8c-c5a43c30d112/variant_01.pt,28,0.01731224291265093,0.007518996939602014,0.01731224291265093,0.007518996939602014,0.9484531302805489,0.8728283006310841,0.01731224296712774,0.007518996939602014,56.56832593050487,0.01731224296712774,0.007518996939602014,0.0942358420394563,0.024278998535158747,0.619721038961039,0.7504493300762455,0.9484531302826849,0.8728283006248254,True,mlr.learned_laplacian.evaluation.evaluate_mesh_geometry;surface_samples=3000;seed=7;fscore_threshold=0.01,1330.0,True,True,8476,16827,209.0374936820008,16705.0,/networkhome/WMGDS/zhou_c/multiview-laplacian-refinement/runs/benchmarks/sofa50_same_initial_20260820/full/nds/samples/5ac05fe8-b550-4786-8e8c-c5a43c30d112__v01/refined.obj,identity,True,True
5ac05fe8-b550-4786-8e8c-c5a43c30d112__v02,nds,completed,,,/networkhome/WMGDS/zhou_c/multiview-laplacian-refinement/runs/learned_laplacian/sofa50_synthetic_current_28view_hf_resolution_1920_20k_seed7/analysis/reconstruction/HF_1920/5ac05fe8-b550-4786-8e8c-c5a43c30d112__v02/coarse.obj,984d89d1d836b8f11817d32fac1c6572c23f6dd42748ee61c2949350ddae6a7f,984d89d1d836b8f11817d32fac1c6572c23f6dd42748ee61c2949350ddae6a7f,8476,16827,/networkhome/WMGDS/zhou_c/sofa_mesh/sofa50_synthetic_current_28view_native1920_v1/observations/5ac05fe8-b550-4786-8e8c-c5a43c30d112/images,/networkhome/WMGDS/zhou_c/sofa_mesh/sofa50_synthetic_current_28view_native1920_v1/prepared/test/5ac05fe8-b550-4786-8e8c-c5a43c30d112/variant_02.pt,28,0.018649313796630117,0.0089151618550782,0.018649313796630117,0.0089151618550782,0.9512763182702422,0.8762950171625565,0.018649313857545254,0.0089151618550782,52.195764824499165,0.018649313857545254,0.0089151618550782,0.09157973561383143,0.03175727883779378,0.586781857451404,0.7366158830620856,0.9512763182756613,0.8762950171658256,True,mlr.learned_laplacian.evaluation.evaluate_mesh_geometry;surface_samples=3000;seed=7;fscore_threshold=0.01,1242.0,True,True,8476,16827,207.1302392249927,17103.0,/networkhome/WMGDS/zhou_c/multiview-laplacian-refinement/runs/benchmarks/sofa50_same_initial_20260820/full/nds/samples/5ac05fe8-b550-4786-8e8c-c5a43c30d112__v02/refined.obj,identity,True,True
5ac05fe8-b550-4786-8e8c-c5a43c30d112__v03,nds,completed,,,/networkhome/WMGDS/zhou_c/multiview-laplacian-refinement/runs/learned_laplacian/sofa50_synthetic_current_28view_hf_resolution_1920_20k_seed7/analysis/reconstruction/HF_1920/5ac05fe8-b550-4786-8e8c-c5a43c30d112__v03/coarse.obj,1be93cba71a23c2635d76cc55dac27626d6d0fae48e5e650b5bc9d54d02c3dca,1be93cba71a23c2635d76cc55dac27626d6d0fae48e5e650b5bc9d54d02c3dca,8476,16827,/networkhome/WMGDS/zhou_c/sofa_mesh/sofa50_synthetic_current_28view_native1920_v1/observations/5ac05fe8-b550-4786-8e8c-c5a43c30d112/images,/networkhome/WMGDS/zhou_c/sofa_mesh/sofa50_synthetic_current_28view_native1920_v1/prepared/test/5ac05fe8-b550-4786-8e8c-c5a43c30d112/variant_03.pt,28,0.022502016519861646,0.008408939831214395,0.022502016519861646,0.008408939831214395,0.9491666944457978,0.866511282007687,0.02250201601849302,0.008408939831214395,62.630282440899485,0.02250201601849302,0.008408939831214395,0.14941087588409013,0.03164751920955982,0.6285245564412445,0.7418168201902193,0.9491666944461895,0.8665112820046116,True,mlr.learned_laplacian.evaluation.evaluate_mesh_geometry;surface_samples=3000;seed=7;fscore_threshold=0.01,1334.0,True,True,8476,16827,204.78450166992843,17011.0,/networkhome/WMGDS/zhou_c/multiview-laplacian-refinement/runs/benchmarks/sofa50_same_initial_20260820/full/nds/samples/5ac05fe8-b550-4786-8e8c-c5a43c30d112__v03/refined.obj,identity,True,True
5ac05fe8-b550-4786-8e8c-c5a43c30d112__v04,nds,completed,,,/networkhome/WMGDS/zhou_c/multiview-laplacian-refinement/runs/learned_laplacian/sofa50_synthetic_current_28view_hf_resolution_1920_20k_seed7/analysis/reconstruction/HF_1920/5ac05fe8-b550-4786-8e8c-c5a43c30d112__v04/coarse.obj,fd0aa2df8ab5b675fc59e28fd412e09b2d6b106b7a567a3015cc643b65d0c3e5,fd0aa2df8ab5b675fc59e28fd412e09b2d6b106b7a567a3015cc643b65d0c3e5,8476,16827,/networkhome/WMGDS/zhou_c/sofa_mesh/sofa50_synthetic_current_28view_native1920_v1/observations/5ac05fe8-b550-4786-8e8c-c5a43c30d112/images,/networkhome/WMGDS/zhou_c/sofa_mesh/sofa50_synthetic_current_28view_native1920_v1/prepared/test/5ac05fe8-b550-4786-8e8c-c5a43c30d112/variant_04.pt,28,0.03330272899642754,0.009434751407879782,0.03330272899642754,0.009434751407879782,0.951429528042389,0.8576102162766172,0.033302729391033424,0.009434751407879782,71.66973524272146,0.033302729391033424,0.009434751407879782,0.1795147190533186,0.030894293636322692,0.5170326409495549,0.6830619210141394,0.9514295280450744,0.8576102162754099,True,mlr.learned_laplacian.evaluation.evaluate_mesh_geometry;surface_samples=3000;seed=7;fscore_threshold=0.01,1483.0,True,True,8476,16827,203.94912085030228,16801.0,/networkhome/WMGDS/zhou_c/multiview-laplacian-refinement/runs/benchmarks/sofa50_same_initial_20260820/full/nds/samples/5ac05fe8-b550-4786-8e8c-c5a43c30d112__v04/refined.obj,identity,True,True
5c226f2b-aad3-4371-a3f9-ea2ee9a63327__v00,nds,completed,,,/networkhome/WMGDS/zhou_c/multiview-laplacian-refinement/runs/learned_laplacian/sofa50_synthetic_current_28view_hf_resolution_1920_20k_seed7/analysis/reconstruction/HF_1920/5c226f2b-aad3-4371-a3f9-ea2ee9a63327__v00/coarse.obj,f34320666579ad7ca6c21a5efd6387f73531547ab70ae024ef530fabbd0b09ab,f34320666579ad7ca6c21a5efd6387f73531547ab70ae024ef530fabbd0b09ab,7127,14202,/networkhome/WMGDS/zhou_c/sofa_mesh/sofa50_synthetic_current_28view_native1920_v1/observations/5c226f2b-aad3-4371-a3f9-ea2ee9a63327/images,/networkhome/WMGDS/zhou_c/sofa_mesh/sofa50_synthetic_current_28view_native1920_v1/prepared/test/5c226f2b-aad3-4371-a3f9-ea2ee9a63327/variant_00.pt,28,0.01752636755951382,0.011834545785942958,0.01752636755951382,0.01183454578594296,0.9571477711989247,0.8574714492778346,0.01752636765655481,0.011834545785942958,32.47576441478522,0.017526367656554815,0.01183454578594296,0.06046075818431651,0.04404015779145041,0.4903454545454546,0.6431392405063292,0.9571477712016618,0.8574714492735973,True,mlr.learned_laplacian.evaluation.evaluate_mesh_geometry;surface_samples=3000;seed=7;fscore_threshold=0.01,977.0,True,True,7127,14202,216.071530577261,15977.0,/networkhome/WMGDS/zhou_c/multiview-laplacian-refinement/runs/benchmarks/sofa50_same_initial_20260820/full/nds/samples/5c226f2b-aad3-4371-a3f9-ea2ee9a63327__v00/refined.obj,identity,True,True
5c226f2b-aad3-4371-a3f9-ea2ee9a63327__v01,nds,completed,,,/networkhome/WMGDS/zhou_c/multiview-laplacian-refinement/runs/learned_laplacian/sofa50_synthetic_current_28view_hf_resolution_1920_20k_seed7/analysis/reconstruction/HF_1920/5c226f2b-aad3-4371-a3f9-ea2ee9a63327__v01/coarse.obj,1bcfa4b23bbc1648fbb598cda2fd70348c4237186cd3442480288b89ba502960,1bcfa4b23bbc1648fbb598cda2fd70348c4237186cd3442480288b89ba502960,7127,14202,/networkhome/WMGDS/zhou_c/sofa_mesh/sofa50_synthetic_current_28view_native1920_v1/observations/5c226f2b-aad3-4371-a3f9-ea2ee9a63327/images,/networkhome/WMGDS/zhou_c/sofa_mesh/sofa50_synthetic_current_28view_native1920_v1/prepared/test/5c226f2b-aad3-4371-a3f9-ea2ee9a63327/variant_01.pt,28,0.01787643739161388,0.013085625074009073,0.017876437391613882,0.013085625074009073,0.9583394614515461,0.860788786366259,0.017876438908281257,0.013085625074009073,26.799598392344464,0.017876438908281257,0.013085625074009073,0.0755834162679469,0.04783470291083844,0.56672,0.6082129553920234,0.9583394614502388,0.8607887863720679,True,mlr.learned_laplacian.evaluation.evaluate_mesh_geometry;surface_samples=3000;seed=7;fscore_threshold=0.01,948.0,True,True,7127,14202,217.23620716901496,15811.0,/networkhome/WMGDS/zhou_c/multiview-laplacian-refinement/runs/benchmarks/sofa50_same_initial_20260820/full/nds/samples/5c226f2b-aad3-4371-a3f9-ea2ee9a63327__v01/refined.obj,identity,True,True
5c226f2b-aad3-4371-a3f9-ea2ee9a63327__v02,nds,completed,,,/networkhome/WMGDS/zhou_c/multiview-laplacian-refinement/runs/learned_laplacian/sofa50_synthetic_current_28view_hf_resolution_1920_20k_seed7/analysis/reconstruction/HF_1920/5c226f2b-aad3-4371-a3f9-ea2ee9a63327__v02/coarse.obj,106b5b39dc1b090ddbee4e292e39b18c3dfffeb54a0f482f9cfe5b98dde5c59f,106b5b39dc1b090ddbee4e292e39b18c3dfffeb54a0f482f9cfe5b98dde5c59f,7127,14202,/networkhome/WMGDS/zhou_c/sofa_mesh/sofa50_synthetic_current_28view_native1920_v1/observations/5c226f2b-aad3-4371-a3f9-ea2ee9a63327/images,/networkhome/WMGDS/zhou_c/sofa_mesh/sofa50_synthetic_current_28view_native1920_v1/prepared/test/5c226f2b-aad3-4371-a3f9-ea2ee9a63327/variant_02.pt,28,0.023598124627656286,0.01077463035573221,0.023598124627656286,0.01077463035573221,0.9605423980109767,0.8569880153974324,0.023598123441814434,0.01077463035573221,54.34115605717944,0.023598123441814438,0.01077463035573221,0.09543606082074084,0.039234091731688625,0.48413580246913585,0.6491862068965517,0.9605423980131693,0.8569880153951879,True,mlr.learned_laplacian.evaluation.evaluate_mesh_geometry;surface_samples=3000;seed=7;fscore_threshold=0.01,997.0,True,True,7127,14202,214.67498507210985,19189.0,/networkhome/WMGDS/zhou_c/multiview-laplacian-refinement/runs/benchmarks/sofa50_same_initial_20260820/full/nds/samples/5c226f2b-aad3-4371-a3f9-ea2ee9a63327__v02/refined.obj,identity,True,True
5c226f2b-aad3-4371-a3f9-ea2ee9a63327__v03,nds,completed,,,/networkhome/WMGDS/zhou_c/multiview-laplacian-refinement/runs/learned_laplacian/sofa50_synthetic_current_28view_hf_resolution_1920_20k_seed7/analysis/reconstruction/HF_1920/5c226f2b-aad3-4371-a3f9-ea2ee9a63327__v03/coarse.obj,4e56bb135890a8513d3af6f0d0d516dd3cf94cbda6580bca0ac4c4b8e9091048,4e56bb135890a8513d3af6f0d0d516dd3cf94cbda6580bca0ac4c4b8e9091048,7127,14202,/networkhome/WMGDS/zhou_c/sofa_mesh/sofa50_synthetic_current_28view_native1920_v1/observations/5c226f2b-aad3-4371-a3f9-ea2ee9a63327/images,/networkhome/WMGDS/zhou_c/sofa_mesh/sofa50_synthetic_current_28view_native1920_v1/prepared/test/5c226f2b-aad3-4371-a3f9-ea2ee9a63327/variant_03.pt,28,0.01561855218746028,0.011979377187834792,0.01561855218746028,0.011979377187834796,0.9588782287126307,0.8471189549634802,0.015618549459082122,0.011979377187834792,23.30032171541491,0.015618549459082122,0.011979377187834796,0.04945760006611714,0.04075317148151396,0.51731072,0.6043641011594997,0.9588782287152943,0.8471189549650178,True,mlr.learned_laplacian.evaluation.evaluate_mesh_geometry;surface_samples=3000;seed=7;fscore_threshold=0.01,1059.0,True,True,7127,14202,215.04068099800497,22285.0,/networkhome/WMGDS/zhou_c/multiview-laplacian-refinement/runs/benchmarks/sofa50_same_initial_20260820/full/nds/samples/5c226f2b-aad3-4371-a3f9-ea2ee9a63327__v03/refined.obj,identity,True,True
5c226f2b-aad3-4371-a3f9-ea2ee9a63327__v04,nds,completed,,,/networkhome/WMGDS/zhou_c/multiview-laplacian-refinement/runs/learned_laplacian/sofa50_synthetic_current_28view_hf_resolution_1920_20k_seed7/analysis/reconstruction/HF_1920/5c226f2b-aad3-4371-a3f9-ea2ee9a63327__v04/coarse.obj,24c9d1a412bef4dc806b4a3684cbde35897d2aa1ed4ad7804fddab46efa2f618,24c9d1a412bef4dc806b4a3684cbde35897d2aa1ed4ad7804fddab46efa2f618,7127,14202,/networkhome/WMGDS/zhou_c/sofa_mesh/sofa50_synthetic_current_28view_native1920_v1/observations/5c226f2b-aad3-4371-a3f9-ea2ee9a63327/images,/networkhome/WMGDS/zhou_c/sofa_mesh/sofa50_synthetic_current_28view_native1920_v1/prepared/test/5c226f2b-aad3-4371-a3f9-ea2ee9a63327/variant_04.pt,28,0.025719079106967066,0.013603852544869958,0.025719079106967066,0.013603852544869956,0.9594334666007086,0.84109670430355,0.025719078744067696,0.013603852544869958,47.105988203376874,0.025719078744067696,0.013603852544869956,0.09834117394217783,0.04522816839126005,0.47247042545831897,0.5782295830953741,0.9594334666025812,0.8410967043007137,True,mlr.learned_laplacian.evaluation.evaluate_mesh_geometry;surface_samples=3000;seed=7;fscore_threshold=0.01,1083.0,True,True,7127,14202,218.04383016191423,15811.0,/networkhome/WMGDS/zhou_c/multiview-laplacian-refinement/runs/benchmarks/sofa50_same_initial_20260820/full/nds/samples/5c226f2b-aad3-4371-a3f9-ea2ee9a63327__v04/refined.obj,identity,True,True
653efc24-a5c5-4f94-86d9-1256dcf4bc28__v00,nds,completed,,,/networkhome/WMGDS/zhou_c/multiview-laplacian-refinement/runs/learned_laplacian/sofa50_synthetic_current_28view_hf_resolution_1920_20k_seed7/analysis/reconstruction/HF_1920/653efc24-a5c5-4f94-86d9-1256dcf4bc28__v00/coarse.obj,33705d9fe49248c3c074b4f766977c133ab2eea0ed7838d7a54d81ce71a468b2,33705d9fe49248c3c074b4f766977c133ab2eea0ed7838d7a54d81ce71a468b2,6403,12668,/networkhome/WMGDS/zhou_c/sofa_mesh/sofa50_synthetic_current_28view_native1920_v1/observations/653efc24-a5c5-4f94-86d9-1256dcf4bc28/images,/networkhome/WMGDS/zhou_c/sofa_mesh/sofa50_synthetic_current_28view_native1920_v1/prepared/test/653efc24-a5c5-4f94-86d9-1256dcf4bc28/variant_00.pt,28,0.010558243001663262,0.015048882325960121,0.01055824300166326,0.015048882325960121,0.9505317300375156,0.8574766607775427,0.010558242982028976,0.015048882325960121,-42.53207045504251,0.010558242982028976,0.015048882325960121,0.04633620728589689,0.054833941119497354,0.7007381232822928,0.5467824144583207,0.9505317300382999,0.8574766607785126,True,mlr.learned_laplacian.evaluation.evaluate_mesh_geometry;surface_samples=3000;seed=7;fscore_threshold=0.01,1084.0,True,True,6403,12668,235.84373971400782,19555.0,/networkhome/WMGDS/zhou_c/multiview-laplacian-refinement/runs/benchmarks/sofa50_same_initial_20260820/full/nds/samples/653efc24-a5c5-4f94-86d9-1256dcf4bc28__v00/refined.obj,identity,True,True
653efc24-a5c5-4f94-86d9-1256dcf4bc28__v01,nds,completed,,,/networkhome/WMGDS/zhou_c/multiview-laplacian-refinement/runs/learned_laplacian/sofa50_synthetic_current_28view_hf_resolution_1920_20k_seed7/analysis/reconstruction/HF_1920/653efc24-a5c5-4f94-86d9-1256dcf4bc28__v01/coarse.obj,9f26437b664d7e1e30a294c9feebf28cd0dc7a1792c84746b665d858cabaca7b,9f26437b664d7e1e30a294c9feebf28cd0dc7a1792c84746b665d858cabaca7b,6403,12668,/networkhome/WMGDS/zhou_c/sofa_mesh/sofa50_synthetic_current_28view_native1920_v1/observations/653efc24-a5c5-4f94-86d9-1256dcf4bc28/images,/networkhome/WMGDS/zhou_c/sofa_mesh/sofa50_synthetic_current_28view_native1920_v1/prepared/test/653efc24-a5c5-4f94-86d9-1256dcf4bc28/variant_01.pt,28,0.020024358491174895,0.013790385306872356,0.020024358491174895,0.013790385306872356,0.9489964064047116,0.8540793997879501,0.02002435848304745,0.013790385306872356,31.131949527635314,0.020024358483047445,0.013790385306872356,0.09134461063426728,0.051463564073125086,0.5983692446856625,0.5975736974087489,0.9489964064065758,0.8540793997912256,True,mlr.learned_laplacian.evaluation.evaluate_mesh_geometry;surface_samples=3000;seed=7;fscore_threshold=0.01,1098.0,True,True,6403,12668,236.55059661064297,17393.0,/networkhome/WMGDS/zhou_c/multiview-laplacian-refinement/runs/benchmarks/sofa50_same_initial_20260820/full/nds/samples/653efc24-a5c5-4f94-86d9-1256dcf4bc28__v01/refined.obj,identity,True,True
653efc24-a5c5-4f94-86d9-1256dcf4bc28__v02,nds,completed,,,/networkhome/WMGDS/zhou_c/multiview-laplacian-refinement/runs/learned_laplacian/sofa50_synthetic_current_28view_hf_resolution_1920_20k_seed7/analysis/reconstruction/HF_1920/653efc24-a5c5-4f94-86d9-1256dcf4bc28__v02/coarse.obj,40dd9de17048b75aa506a163b140c34010532d722203015b904c493f1ebc67a5,40dd9de17048b75aa506a163b140c34010532d722203015b904c493f1ebc67a5,6403,12668,/networkhome/WMGDS/zhou_c/sofa_mesh/sofa50_synthetic_current_28view_native1920_v1/observations/653efc24-a5c5-4f94-86d9-1256dcf4bc28/images,/networkhome/WMGDS/zhou_c/sofa_mesh/sofa50_synthetic_current_28view_native1920_v1/prepared/test/653efc24-a5c5-4f94-86d9-1256dcf4bc28/variant_02.pt,28,0.017228466166231082,0.014292026257339462,0.017228466166231082,0.014292026257339463,0.9503531037498716,0.8544990854954985,0.01722846689767879,0.014292026257339462,17.04412039550053,0.01722846689767879,0.014292026257339463,0.07470288046301696,0.05276785051465958,0.602770821892733,0.5557437125748503,0.9503531037518456,0.854499085494375,True,mlr.learned_laplacian.evaluation.evaluate_mesh_geometry;surface_samples=3000;seed=7;fscore_threshold=0.01,1114.0,True,True,6403,12668,238.11349508585408,19233.0,/networkhome/WMGDS/zhou_c/multiview-laplacian-refinement/runs/benchmarks/sofa50_same_initial_20260820/full/nds/samples/653efc24-a5c5-4f94-86d9-1256dcf4bc28__v02/refined.obj,identity,True,True
653efc24-a5c5-4f94-86d9-1256dcf4bc28__v03,nds,completed,,,/networkhome/WMGDS/zhou_c/multiview-laplacian-refinement/runs/learned_laplacian/sofa50_synthetic_current_28view_hf_resolution_1920_20k_seed7/analysis/reconstruction/HF_1920/653efc24-a5c5-4f94-86d9-1256dcf4bc28__v03/coarse.obj,2140a34c27222b7a67cdb91a2c488a649e7b63c9921c8eabb8aa732d7e590ee5,2140a34c27222b7a67cdb91a2c488a649e7b63c9921c8eabb8aa732d7e590ee5,6403,12668,/networkhome/WMGDS/zhou_c/sofa_mesh/sofa50_synthetic_current_28view_native1920_v1/observations/653efc24-a5c5-4f94-86d9-1256dcf4bc28/images,/networkhome/WMGDS/zhou_c/sofa_mesh/sofa50_synthetic_current_28view_native1920_v1/prepared/test/653efc24-a5c5-4f94-86d9-1256dcf4bc28/variant_03.pt,28,0.011747699164359112,0.012931190762532296,0.01174769916435911,0.012931190762532296,0.9495244060203445,0.8570296230122172,0.01174769887812543,0.012931190762532296,-10.074244298264786,0.01174769887812543,0.012931190762532296,0.04737462113885901,0.04000409421425967,0.6550035175879397,0.5666570588235293,0.9495244060207958,0.8570296230025068,True,mlr.learned_laplacian.evaluation.evaluate_mesh_geometry;surface_samples=3000;seed=7;fscore_threshold=0.01,1145.0,True,True,6403,12668,240.71799058420584,20535.0,/networkhome/WMGDS/zhou_c/multiview-laplacian-refinement/runs/benchmarks/sofa50_same_initial_20260820/full/nds/samples/653efc24-a5c5-4f94-86d9-1256dcf4bc28__v03/refined.obj,identity,True,True
653efc24-a5c5-4f94-86d9-1256dcf4bc28__v04,nds,completed,,,/networkhome/WMGDS/zhou_c/multiview-laplacian-refinement/runs/learned_laplacian/sofa50_synthetic_current_28view_hf_resolution_1920_20k_seed7/analysis/reconstruction/HF_1920/653efc24-a5c5-4f94-86d9-1256dcf4bc28__v04/coarse.obj,f82e90dc5db7d490177892317dddbf2439c4fc703db18d50bbccc911a64a0c9c,f82e90dc5db7d490177892317dddbf2439c4fc703db18d50bbccc911a64a0c9c,6403,12668,/networkhome/WMGDS/zhou_c/sofa_mesh/sofa50_synthetic_current_28view_native1920_v1/observations/653efc24-a5c5-4f94-86d9-1256dcf4bc28/images,/networkhome/WMGDS/zhou_c/sofa_mesh/sofa50_synthetic_current_28view_native1920_v1/prepared/test/653efc24-a5c5-4f94-86d9-1256dcf4bc28/variant_04.pt,28,0.01605612573111956,0.01387207095385027,0.016056125731119565,0.013872070953850272,0.9501971309651494,0.8569117278907077,0.016056126408581783,0.01387207095385027,13.602629919282183,0.016056126408581783,0.013872070953850272,0.07575567035345727,0.053835923459554486,0.6070121588759795,0.573015107495642,0.9501971309658952,0.8569117278856792,True,mlr.learned_laplacian.evaluation.evaluate_mesh_geometry;surface_samples=3000;seed=7;fscore_threshold=0.01,1167.0,True,True,6403,12668,233.21382828289643,17231.0,/networkhome/WMGDS/zhou_c/multiview-laplacian-refinement/runs/benchmarks/sofa50_same_initial_20260820/full/nds/samples/653efc24-a5c5-4f94-86d9-1256dcf4bc28__v04/refined.obj,identity,True,True
038b62bb-b277-4d92-8afe-3ff115add02c__v00,nvdiffrec,completed,,,/networkhome/WMGDS/zhou_c/multiview-laplacian-refinement/runs/learned_laplacian/sofa50_synthetic_current_28view_hf_resolution_1920_20k_seed7/analysis/reconstruction/HF_1920/038b62bb-b277-4d92-8afe-3ff115add02c__v00/coarse.obj,c83ca94fd6b893ef132cf94de5bffc16d9c1958a14565d1695eb4419bd2b9965,c83ca94fd6b893ef132cf94de5bffc16d9c1958a14565d1695eb4419bd2b9965,5716,11242,/networkhome/WMGDS/zhou_c/sofa_mesh/sofa50_synthetic_current_28view_native1920_v1/observations/038b62bb-b277-4d92-8afe-3ff115add02c/images,/networkhome/WMGDS/zhou_c/sofa_mesh/sofa50_synthetic_current_28view_native1920_v1/prepared/test/038b62bb-b277-4d92-8afe-3ff115add02c/variant_00.pt,28,0.01421717128949418,0.014362940483108922,0.01421717128949418,0.014362940483108924,0.961946138643022,0.896870481346839,0.014217171299285767,0.014362940482717348,-1.025303700454845,0.014217171299285767,0.014362940482717348,0.04489409905458893,0.04287749022141424,0.5534092270820851,0.5519653627948641,0.9619461386423523,0.8968704813416344,True,mlr.learned_laplacian.evaluation.evaluate_mesh_geometry;surface_samples=3000;seed=7;fscore_threshold=0.01,731.0,True,True,5716,11242,872.663687616121,4291.0,/networkhome/WMGDS/zhou_c/multiview-laplacian-refinement/runs/benchmarks/sofa50_same_initial_20260820/full/nvdiffrec/samples/038b62bb-b277-4d92-8afe-3ff115add02c__v00/refined.obj,identity,True,True
038b62bb-b277-4d92-8afe-3ff115add02c__v01,nvdiffrec,completed,,,/networkhome/WMGDS/zhou_c/multiview-laplacian-refinement/runs/learned_laplacian/sofa50_synthetic_current_28view_hf_resolution_1920_20k_seed7/analysis/reconstruction/HF_1920/038b62bb-b277-4d92-8afe-3ff115add02c__v01/coarse.obj,a51297356ccce5d097958e2557ee0a9a530476d7ce3a13ac80569e13cf0481ee,a51297356ccce5d097958e2557ee0a9a530476d7ce3a13ac80569e13cf0481ee,5716,11242,/networkhome/WMGDS/zhou_c/sofa_mesh/sofa50_synthetic_current_28view_native1920_v1/observations/038b62bb-b277-4d92-8afe-3ff115add02c/images,/networkhome/WMGDS/zhou_c/sofa_mesh/sofa50_synthetic_current_28view_native1920_v1/prepared/test/038b62bb-b277-4d92-8afe-3ff115add02c/variant_01.pt,28,0.01471413001811923,0.015389746083138183,0.01471413001811923,0.015389746083138185,0.9664659427475064,0.9013642098425987,0.014714130265988376,0.015389746067185538,-4.591612205302026,0.014714130265988374,0.01538974606718554,0.049966645030552946,0.047807306131286496,0.5821829360575104,0.527447297015237,0.966465942746036,0.9013642098453386,True,mlr.learned_laplacian.evaluation.evaluate_mesh_geometry;surface_samples=3000;seed=7;fscore_threshold=0.01,662.0,True,True,5716,11242,836.4121741312556,4291.0,/networkhome/WMGDS/zhou_c/multiview-laplacian-refinement/runs/benchmarks/sofa50_same_initial_20260820/full/nvdiffrec/samples/038b62bb-b277-4d92-8afe-3ff115add02c__v01/refined.obj,identity,True,True
038b62bb-b277-4d92-8afe-3ff115add02c__v02,nvdiffrec,completed,,,/networkhome/WMGDS/zhou_c/multiview-laplacian-refinement/runs/learned_laplacian/sofa50_synthetic_current_28view_hf_resolution_1920_20k_seed7/analysis/reconstruction/HF_1920/038b62bb-b277-4d92-8afe-3ff115add02c__v02/coarse.obj,7bb0be86f675911cf3dea544c55c7990d374b772e5f2ca694c0c648bc7857508,7bb0be86f675911cf3dea544c55c7990d374b772e5f2ca694c0c648bc7857508,5716,11242,/networkhome/WMGDS/zhou_c/sofa_mesh/sofa50_synthetic_current_28view_native1920_v1/observations/038b62bb-b277-4d92-8afe-3ff115add02c/images,/networkhome/WMGDS/zhou_c/sofa_mesh/sofa50_synthetic_current_28view_native1920_v1/prepared/test/038b62bb-b277-4d92-8afe-3ff115add02c/variant_02.pt,28,0.01528524912274174,0.014014211847277348,0.015285249122741741,0.014014211847277348,0.9643665732451878,0.9028812238517491,0.015285249109453116,0.014014212095990951,8.315448471664721,0.015285249109453116,0.014014212095990951,0.05175735729162068,0.042972737210494716,0.5744192678227361,0.5223926651912741,0.9643665732428267,0.9028812238570249,True,mlr.learned_laplacian.evaluation.evaluate_mesh_geometry;surface_samples=3000;seed=7;fscore_threshold=0.01,684.0,True,True,5716,11242,829.4960514781997,4291.0,/networkhome/WMGDS/zhou_c/multiview-laplacian-refinement/runs/benchmarks/sofa50_same_initial_20260820/full/nvdiffrec/samples/038b62bb-b277-4d92-8afe-3ff115add02c__v02/refined.obj,identity,True,True
038b62bb-b277-4d92-8afe-3ff115add02c__v03,nvdiffrec,completed,,,/networkhome/WMGDS/zhou_c/multiview-laplacian-refinement/runs/learned_laplacian/sofa50_synthetic_current_28view_hf_resolution_1920_20k_seed7/analysis/reconstruction/HF_1920/038b62bb-b277-4d92-8afe-3ff115add02c__v03/coarse.obj,a5ed95b385321feac8b2a31e8776f5a2bd98ba1530e3a301612ad8c165780bcb,a5ed95b385321feac8b2a31e8776f5a2bd98ba1530e3a301612ad8c165780bcb,5716,11242,/networkhome/WMGDS/zhou_c/sofa_mesh/sofa50_synthetic_current_28view_native1920_v1/observations/038b62bb-b277-4d92-8afe-3ff115add02c/images,/networkhome/WMGDS/zhou_c/sofa_mesh/sofa50_synthetic_current_28view_native1920_v1/prepared/test/038b62bb-b277-4d92-8afe-3ff115add02c/variant_03.pt,28,0.015296956957042836,0.014041767588746517,0.015296956957042838,0.014041767588746517,0.9634694415534496,0.9020283116128148,0.01529695698206726,0.014041767679911873,8.20548363721526,0.01529695698206726,0.014041767679911873,0.058213375441495255,0.045080368644404144,0.5747437446074202,0.5779009447466361,0.9634694415515109,0.9020283116073079,True,mlr.learned_laplacian.evaluation.evaluate_mesh_geometry;surface_samples=3000;seed=7;fscore_threshold=0.01,609.0,True,True,5716,11242,828.658552326262,4291.0,/networkhome/WMGDS/zhou_c/multiview-laplacian-refinement/runs/benchmarks/sofa50_same_initial_20260820/full/nvdiffrec/samples/038b62bb-b277-4d92-8afe-3ff115add02c__v03/refined.obj,identity,True,True
038b62bb-b277-4d92-8afe-3ff115add02c__v04,nvdiffrec,completed,,,/networkhome/WMGDS/zhou_c/multiview-laplacian-refinement/runs/learned_laplacian/sofa50_synthetic_current_28view_hf_resolution_1920_20k_seed7/analysis/reconstruction/HF_1920/038b62bb-b277-4d92-8afe-3ff115add02c__v04/coarse.obj,d07b90c205e88abc5bfa73dab37639512db9c125f25c0b415d2dc4da3f737de7,d07b90c205e88abc5bfa73dab37639512db9c125f25c0b415d2dc4da3f737de7,5716,11242,/networkhome/WMGDS/zhou_c/sofa_mesh/sofa50_synthetic_current_28view_native1920_v1/observations/038b62bb-b277-4d92-8afe-3ff115add02c/images,/networkhome/WMGDS/zhou_c/sofa_mesh/sofa50_synthetic_current_28view_native1920_v1/prepared/test/038b62bb-b277-4d92-8afe-3ff115add02c/variant_04.pt,28,0.012708884873107387,0.014515766819161151,0.012708884873107387,0.014515766819161151,0.9663354495367593,0.9045349231556878,0.01270888488604226,0.014515766805406437,-14.217470183781538,0.01270888488604226,0.014515766805406435,0.04295684075345024,0.04726072796376946,0.5690585835033517,0.5294465526179367,0.9663354495381954,0.9045349231577793,True,mlr.learned_laplacian.evaluation.evaluate_mesh_geometry;surface_samples=3000;seed=7;fscore_threshold=0.01,623.0,True,True,5716,11242,836.1700501679443,4291.0,/networkhome/WMGDS/zhou_c/multiview-laplacian-refinement/runs/benchmarks/sofa50_same_initial_20260820/full/nvdiffrec/samples/038b62bb-b277-4d92-8afe-3ff115add02c__v04/refined.obj,identity,True,True
43bd0910-1dd1-4b1e-9ba2-e9801e6b5761__v00,nvdiffrec,completed,,,/networkhome/WMGDS/zhou_c/multiview-laplacian-refinement/runs/learned_laplacian/sofa50_synthetic_current_28view_hf_resolution_1920_20k_seed7/analysis/reconstruction/HF_1920/43bd0910-1dd1-4b1e-9ba2-e9801e6b5761__v00/coarse.obj,39d28e17873a23ea6efc8e09136cf2ce8d76cf3c6927daea18914e1630c59a0c,39d28e17873a23ea6efc8e09136cf2ce8d76cf3c6927daea18914e1630c59a0c,7578,14906,/networkhome/WMGDS/zhou_c/sofa_mesh/sofa50_synthetic_current_28view_native1920_v1/observations/43bd0910-1dd1-4b1e-9ba2-e9801e6b5761/images,/networkhome/WMGDS/zhou_c/sofa_mesh/sofa50_synthetic_current_28view_native1920_v1/prepared/test/43bd0910-1dd1-4b1e-9ba2-e9801e6b5761/variant_00.pt,28,0.016939040762361576,0.012527873931654544,0.016939040762361576,0.012527873931654542,0.9520624613617027,0.8373843769188641,0.016939040394259537,0.012527874047945541,26.041418189243437,0.016939040394259537,0.01252787404794554,0.0668175933260449,0.04236557697973928,0.5732197034911525,0.5859480981824995,0.9520624613653842,0.8373843769225949,True,mlr.learned_laplacian.evaluation.evaluate_mesh_geometry;surface_samples=3000;seed=7;fscore_threshold=0.01,1888.0,True,True,7578,14906,835.2849760572426,4293.0,/networkhome/WMGDS/zhou_c/multiview-laplacian-refinement/runs/benchmarks/sofa50_same_initial_20260820/full/nvdiffrec/samples/43bd0910-1dd1-4b1e-9ba2-e9801e6b5761__v00/refined.obj,identity,True,True
43bd0910-1dd1-4b1e-9ba2-e9801e6b5761__v01,nvdiffrec,completed,,,/networkhome/WMGDS/zhou_c/multiview-laplacian-refinement/runs/learned_laplacian/sofa50_synthetic_current_28view_hf_resolution_1920_20k_seed7/analysis/reconstruction/HF_1920/43bd0910-1dd1-4b1e-9ba2-e9801e6b5761__v01/coarse.obj,75af42defda4c14c79453d0943859cab374da0452410ae5aa076b37e97b5ecf7,75af42defda4c14c79453d0943859cab374da0452410ae5aa076b37e97b5ecf7,7578,14906,/networkhome/WMGDS/zhou_c/sofa_mesh/sofa50_synthetic_current_28view_native1920_v1/observations/43bd0910-1dd1-4b1e-9ba2-e9801e6b5761/images,/networkhome/WMGDS/zhou_c/sofa_mesh/sofa50_synthetic_current_28view_native1920_v1/prepared/test/43bd0910-1dd1-4b1e-9ba2-e9801e6b5761/variant_01.pt,28,0.013656328366451587,0.009984480259734356,0.013656328366451587,0.009984480259734358,0.9534191058752854,0.844030161559828,0.013656328163961565,0.009984479960805471,26.88752173403343,0.013656328163961564,0.009984479960805471,0.050764295260723104,0.035814124565864386,0.5795530173234342,0.6717283708782239,0.9534191058710644,0.8440301615566342,True,mlr.learned_laplacian.evaluation.evaluate_mesh_geometry;surface_samples=3000;seed=7;fscore_threshold=0.01,1820.0,True,True,7578,14906,829.6860379637219,4293.0,/networkhome/WMGDS/zhou_c/multiview-laplacian-refinement/runs/benchmarks/sofa50_same_initial_20260820/full/nvdiffrec/samples/43bd0910-1dd1-4b1e-9ba2-e9801e6b5761__v01/refined.obj,identity,True,True
43bd0910-1dd1-4b1e-9ba2-e9801e6b5761__v02,nvdiffrec,completed,,,/networkhome/WMGDS/zhou_c/multiview-laplacian-refinement/runs/learned_laplacian/sofa50_synthetic_current_28view_hf_resolution_1920_20k_seed7/analysis/reconstruction/HF_1920/43bd0910-1dd1-4b1e-9ba2-e9801e6b5761__v02/coarse.obj,ddb376e4e6997e4ca1001d05897a960ee18d554c39e3bf36e2af0cfd6987b85b,ddb376e4e6997e4ca1001d05897a960ee18d554c39e3bf36e2af0cfd6987b85b,7578,14906,/networkhome/WMGDS/zhou_c/sofa_mesh/sofa50_synthetic_current_28view_native1920_v1/observations/43bd0910-1dd1-4b1e-9ba2-e9801e6b5761/images,/networkhome/WMGDS/zhou_c/sofa_mesh/sofa50_synthetic_current_28view_native1920_v1/prepared/test/43bd0910-1dd1-4b1e-9ba2-e9801e6b5761/variant_02.pt,28,0.011227748715396283,0.013385058516586737,0.011227748715396283,0.013385058516586737,0.9525705827355262,0.8287323444414761,0.011227749106389148,0.013385061302487792,-19.21411117809024,0.01122774910638915,0.013385061302487792,0.03645197805719852,0.04652743186618022,0.6045451407811081,0.5641641384675224,0.9525705827350113,0.8287323444445405,True,mlr.learned_laplacian.evaluation.evaluate_mesh_geometry;surface_samples=3000;seed=7;fscore_threshold=0.01,1890.0,True,True,7578,14906,828.1647157920524,4293.0,/networkhome/WMGDS/zhou_c/multiview-laplacian-refinement/runs/benchmarks/sofa50_same_initial_20260820/full/nvdiffrec/samples/43bd0910-1dd1-4b1e-9ba2-e9801e6b5761__v02/refined.obj,identity,True,True
43bd0910-1dd1-4b1e-9ba2-e9801e6b5761__v03,nvdiffrec,completed,,,/networkhome/WMGDS/zhou_c/multiview-laplacian-refinement/runs/learned_laplacian/sofa50_synthetic_current_28view_hf_resolution_1920_20k_seed7/analysis/reconstruction/HF_1920/43bd0910-1dd1-4b1e-9ba2-e9801e6b5761__v03/coarse.obj,501c46ea3bf9e50a40c0993ccef691d94dd67a0ad1c19e82f195b3624c990244,501c46ea3bf9e50a40c0993ccef691d94dd67a0ad1c19e82f195b3624c990244,7578,14906,/networkhome/WMGDS/zhou_c/sofa_mesh/sofa50_synthetic_current_28view_native1920_v1/observations/43bd0910-1dd1-4b1e-9ba2-e9801e6b5761/images,/networkhome/WMGDS/zhou_c/sofa_mesh/sofa50_synthetic_current_28view_native1920_v1/prepared/test/43bd0910-1dd1-4b1e-9ba2-e9801e6b5761/variant_03.pt,28,0.013289825305731515,0.010905913505399052,0.013289825305731516,0.01090591350539905,0.9548993710153699,0.8422606819310118,0.013289825397621186,0.010905915617947983,17.93785627988695,0.013289825397621186,0.010905915617947983,0.045544668808888196,0.03749939132666674,0.5775755141080823,0.6174895471933101,0.954899371019584,0.8422606819334397,True,mlr.learned_laplacian.evaluation.evaluate_mesh_geometry;surface_samples=3000;seed=7;fscore_threshold=0.01,1901.0,True,True,7578,14906,830.9513679840602,4293.0,/networkhome/WMGDS/zhou_c/multiview-laplacian-refinement/runs/benchmarks/sofa50_same_initial_20260820/full/nvdiffrec/samples/43bd0910-1dd1-4b1e-9ba2-e9801e6b5761__v03/refined.obj,identity,True,True
43bd0910-1dd1-4b1e-9ba2-e9801e6b5761__v04,nvdiffrec,completed,,,/networkhome/WMGDS/zhou_c/multiview-laplacian-refinement/runs/learned_laplacian/sofa50_synthetic_current_28view_hf_resolution_1920_20k_seed7/analysis/reconstruction/HF_1920/43bd0910-1dd1-4b1e-9ba2-e9801e6b5761__v04/coarse.obj,6be108651110082e1ecb9bb78b1e2cdd4a865dafba5df54e2c6ea4ea69c6799d,6be108651110082e1ecb9bb78b1e2cdd4a865dafba5df54e2c6ea4ea69c6799d,7578,14906,/networkhome/WMGDS/zhou_c/sofa_mesh/sofa50_synthetic_current_28view_native1920_v1/observations/43bd0910-1dd1-4b1e-9ba2-e9801e6b5761/images,/networkhome/WMGDS/zhou_c/sofa_mesh/sofa50_synthetic_current_28view_native1920_v1/prepared/test/43bd0910-1dd1-4b1e-9ba2-e9801e6b5761/variant_04.pt,28,0.01226535472900847,0.010742926406752755,0.012265354729008469,0.010742926406752753,0.9532478462324572,0.8382869325084074,0.012265354767415367,0.010742926409708317,12.41242823038102,0.012265354767415365,0.010742926409708317,0.041101887677205205,0.0340905058832277,0.6014144144144143,0.6374355923435076,0.9532478462338317,0.838286932512438,True,mlr.learned_laplacian.evaluation.evaluate_mesh_geometry;surface_samples=3000;seed=7;fscore_threshold=0.01,1866.0,True,True,7578,14906,827.5252404822968,4293.0,/networkhome/WMGDS/zhou_c/multiview-laplacian-refinement/runs/benchmarks/sofa50_same_initial_20260820/full/nvdiffrec/samples/43bd0910-1dd1-4b1e-9ba2-e9801e6b5761__v04/refined.obj,identity,True,True
5ac05fe8-b550-4786-8e8c-c5a43c30d112__v00,nvdiffrec,completed,,,/networkhome/WMGDS/zhou_c/multiview-laplacian-refinement/runs/learned_laplacian/sofa50_synthetic_current_28view_hf_resolution_1920_20k_seed7/analysis/reconstruction/HF_1920/5ac05fe8-b550-4786-8e8c-c5a43c30d112__v00/coarse.obj,91e870cd7d1431045dbf0d352bfdf55af80d5f5b3ee44e8cb3410398db77d1ad,91e870cd7d1431045dbf0d352bfdf55af80d5f5b3ee44e8cb3410398db77d1ad,8476,16827,/networkhome/WMGDS/zhou_c/sofa_mesh/sofa50_synthetic_current_28view_native1920_v1/observations/5ac05fe8-b550-4786-8e8c-c5a43c30d112/images,/networkhome/WMGDS/zhou_c/sofa_mesh/sofa50_synthetic_current_28view_native1920_v1/prepared/test/5ac05fe8-b550-4786-8e8c-c5a43c30d112/variant_00.pt,28,0.01944126634895519,0.012820823999701879,0.019441266348955186,0.012820823999701879,0.9467210444143045,0.8095955163386366,0.019441266436227064,0.012820825396916345,34.05354821419513,0.019441266436227064,0.012820825396916343,0.09398422023679731,0.04729341535280742,0.5942028985507246,0.6024220738762794,0.9467210444131625,0.8095955163394516,True,mlr.learned_laplacian.evaluation.evaluate_mesh_geometry;surface_samples=3000;seed=7;fscore_threshold=0.01,2755.0,True,True,8476,16827,835.9262662478723,4295.0,/networkhome/WMGDS/zhou_c/multiview-laplacian-refinement/runs/benchmarks/sofa50_same_initial_20260820/full/nvdiffrec/samples/5ac05fe8-b550-4786-8e8c-c5a43c30d112__v00/refined.obj,identity,True,True
5ac05fe8-b550-4786-8e8c-c5a43c30d112__v01,nvdiffrec,completed,,,/networkhome/WMGDS/zhou_c/multiview-laplacian-refinement/runs/learned_laplacian/sofa50_synthetic_current_28view_hf_resolution_1920_20k_seed7/analysis/reconstruction/HF_1920/5ac05fe8-b550-4786-8e8c-c5a43c30d112__v01/coarse.obj,7ec770f0c688b79de833ff24bb1c79cd8a6f2187be9801af2e222209ffbf13b6,7ec770f0c688b79de833ff24bb1c79cd8a6f2187be9801af2e222209ffbf13b6,8476,16827,/networkhome/WMGDS/zhou_c/sofa_mesh/sofa50_synthetic_current_28view_native1920_v1/observations/5ac05fe8-b550-4786-8e8c-c5a43c30d112/images,/networkhome/WMGDS/zhou_c/sofa_mesh/sofa50_synthetic_current_28view_native1920_v1/prepared/test/5ac05fe8-b550-4786-8e8c-c5a43c30d112/variant_01.pt,28,0.01731224291265093,0.012640353813959048,0.01731224291265093,0.012640353813959048,0.9484531302805489,0.810341190476871,0.01731224296712774,0.012640353810788452,26.98604198895666,0.01731224296712774,0.012640353810788452,0.0942358420394563,0.04795053392997521,0.619721038961039,0.6000403058929376,0.9484531302826849,0.8103411904793127,True,mlr.learned_laplacian.evaluation.evaluate_mesh_geometry;surface_samples=3000;seed=7;fscore_threshold=0.01,2608.0,True,True,8476,16827,830.7102127987891,4295.0,/networkhome/WMGDS/zhou_c/multiview-laplacian-refinement/runs/benchmarks/sofa50_same_initial_20260820/full/nvdiffrec/samples/5ac05fe8-b550-4786-8e8c-c5a43c30d112__v01/refined.obj,identity,True,True
5ac05fe8-b550-4786-8e8c-c5a43c30d112__v02,nvdiffrec,completed,,,/networkhome/WMGDS/zhou_c/multiview-laplacian-refinement/runs/learned_laplacian/sofa50_synthetic_current_28view_hf_resolution_1920_20k_seed7/analysis/reconstruction/HF_1920/5ac05fe8-b550-4786-8e8c-c5a43c30d112__v02/coarse.obj,984d89d1d836b8f11817d32fac1c6572c23f6dd42748ee61c2949350ddae6a7f,984d89d1d836b8f11817d32fac1c6572c23f6dd42748ee61c2949350ddae6a7f,8476,16827,/networkhome/WMGDS/zhou_c/sofa_mesh/sofa50_synthetic_current_28view_native1920_v1/observations/5ac05fe8-b550-4786-8e8c-c5a43c30d112/images,/networkhome/WMGDS/zhou_c/sofa_mesh/sofa50_synthetic_current_28view_native1920_v1/prepared/test/5ac05fe8-b550-4786-8e8c-c5a43c30d112/variant_02.pt,28,0.018649313796630117,0.012324724226433938,0.018649313796630117,0.012324724226433938,0.9512763182702422,0.8107641033188452,0.018649313857545254,0.012324724177675484,33.913256692341676,0.018649313857545254,0.012324724177675482,0.09157973561383143,0.049224261550166994,0.586781857451404,0.6096130438573547,0.9512763182756613,0.8107641033234358,True,mlr.learned_laplacian.evaluation.evaluate_mesh_geometry;surface_samples=3000;seed=7;fscore_threshold=0.01,2473.0,True,True,8476,16827,813.2645568642765,4295.0,/networkhome/WMGDS/zhou_c/multiview-laplacian-refinement/runs/benchmarks/sofa50_same_initial_20260820/full/nvdiffrec/samples/5ac05fe8-b550-4786-8e8c-c5a43c30d112__v02/refined.obj,identity,True,True
5ac05fe8-b550-4786-8e8c-c5a43c30d112__v03,nvdiffrec,completed,,,/networkhome/WMGDS/zhou_c/multiview-laplacian-refinement/runs/learned_laplacian/sofa50_synthetic_current_28view_hf_resolution_1920_20k_seed7/analysis/reconstruction/HF_1920/5ac05fe8-b550-4786-8e8c-c5a43c30d112__v03/coarse.obj,1be93cba71a23c2635d76cc55dac27626d6d0fae48e5e650b5bc9d54d02c3dca,1be93cba71a23c2635d76cc55dac27626d6d0fae48e5e650b5bc9d54d02c3dca,8476,16827,/networkhome/WMGDS/zhou_c/sofa_mesh/sofa50_synthetic_current_28view_native1920_v1/observations/5ac05fe8-b550-4786-8e8c-c5a43c30d112/images,/networkhome/WMGDS/zhou_c/sofa_mesh/sofa50_synthetic_current_28view_native1920_v1/prepared/test/5ac05fe8-b550-4786-8e8c-c5a43c30d112/variant_03.pt,28,0.022502016519861646,0.012152902148589603,0.022502016519861646,0.0121529021485896,0.9491666944457978,0.8089243742960742,0.02250201601849302,0.012152902389249218,45.99193965882213,0.02250201601849302,0.012152902389249218,0.14941087588409013,0.04100172960231307,0.6285245564412445,0.6076323568933082,0.9491666944461895,0.8089243742942351,True,mlr.learned_laplacian.evaluation.evaluate_mesh_geometry;surface_samples=3000;seed=7;fscore_threshold=0.01,2566.0,True,True,8476,16827,813.6103356489912,4295.0,/networkhome/WMGDS/zhou_c/multiview-laplacian-refinement/runs/benchmarks/sofa50_same_initial_20260820/full/nvdiffrec/samples/5ac05fe8-b550-4786-8e8c-c5a43c30d112__v03/refined.obj,identity,True,True
5ac05fe8-b550-4786-8e8c-c5a43c30d112__v04,nvdiffrec,completed,,,/networkhome/WMGDS/zhou_c/multiview-laplacian-refinement/runs/learned_laplacian/sofa50_synthetic_current_28view_hf_resolution_1920_20k_seed7/analysis/reconstruction/HF_1920/5ac05fe8-b550-4786-8e8c-c5a43c30d112__v04/coarse.obj,fd0aa2df8ab5b675fc59e28fd412e09b2d6b106b7a567a3015cc643b65d0c3e5,fd0aa2df8ab5b675fc59e28fd412e09b2d6b106b7a567a3015cc643b65d0c3e5,8476,16827,/networkhome/WMGDS/zhou_c/sofa_mesh/sofa50_synthetic_current_28view_native1920_v1/observations/5ac05fe8-b550-4786-8e8c-c5a43c30d112/images,/networkhome/WMGDS/zhou_c/sofa_mesh/sofa50_synthetic_current_28view_native1920_v1/prepared/test/5ac05fe8-b550-4786-8e8c-c5a43c30d112/variant_04.pt,28,0.03330272899642754,0.014686781821399854,0.03330272899642754,0.014686781821399854,0.951429528042389,0.8077938856696628,0.033302729391033424,0.01468678232088844,55.899163253439596,0.033302729391033424,0.01468678232088844,0.1795147190533186,0.054697331046336145,0.5170326409495549,0.5603402718372779,0.9514295280450744,0.8077938856710427,True,mlr.learned_laplacian.evaluation.evaluate_mesh_geometry;surface_samples=3000;seed=7;fscore_threshold=0.01,2537.0,True,True,8476,16827,810.9860155563802,4295.0,/networkhome/WMGDS/zhou_c/multiview-laplacian-refinement/runs/benchmarks/sofa50_same_initial_20260820/full/nvdiffrec/samples/5ac05fe8-b550-4786-8e8c-c5a43c30d112__v04/refined.obj,identity,True,True
5c226f2b-aad3-4371-a3f9-ea2ee9a63327__v00,nvdiffrec,completed,,,/networkhome/WMGDS/zhou_c/multiview-laplacian-refinement/runs/learned_laplacian/sofa50_synthetic_current_28view_hf_resolution_1920_20k_seed7/analysis/reconstruction/HF_1920/5c226f2b-aad3-4371-a3f9-ea2ee9a63327__v00/coarse.obj,f34320666579ad7ca6c21a5efd6387f73531547ab70ae024ef530fabbd0b09ab,f34320666579ad7ca6c21a5efd6387f73531547ab70ae024ef530fabbd0b09ab,7127,14202,/networkhome/WMGDS/zhou_c/sofa_mesh/sofa50_synthetic_current_28view_native1920_v1/observations/5c226f2b-aad3-4371-a3f9-ea2ee9a63327/images,/networkhome/WMGDS/zhou_c/sofa_mesh/sofa50_synthetic_current_28view_native1920_v1/prepared/test/5c226f2b-aad3-4371-a3f9-ea2ee9a63327/variant_00.pt,28,0.01752636755951382,0.016859488871024564,0.01752636755951382,0.016859488871024564,0.9571477711989247,0.8325301455175341,0.01752636765655481,0.016859488864150625,3.8050028703738614,0.017526367656554815,0.01685948886415062,0.06046075818431651,0.049631736130714685,0.4903454545454546,0.44907228772180535,0.9571477712016618,0.8325301455179747,True,mlr.learned_laplacian.evaluation.evaluate_mesh_geometry;surface_samples=3000;seed=7;fscore_threshold=0.01,1698.0,True,True,7127,14202,813.5532082458958,4293.0,/networkhome/WMGDS/zhou_c/multiview-laplacian-refinement/runs/benchmarks/sofa50_same_initial_20260820/full/nvdiffrec/samples/5c226f2b-aad3-4371-a3f9-ea2ee9a63327__v00/refined.obj,identity,True,True
5c226f2b-aad3-4371-a3f9-ea2ee9a63327__v01,nvdiffrec,completed,,,/networkhome/WMGDS/zhou_c/multiview-laplacian-refinement/runs/learned_laplacian/sofa50_synthetic_current_28view_hf_resolution_1920_20k_seed7/analysis/reconstruction/HF_1920/5c226f2b-aad3-4371-a3f9-ea2ee9a63327__v01/coarse.obj,1bcfa4b23bbc1648fbb598cda2fd70348c4237186cd3442480288b89ba502960,1bcfa4b23bbc1648fbb598cda2fd70348c4237186cd3442480288b89ba502960,7127,14202,/networkhome/WMGDS/zhou_c/sofa_mesh/sofa50_synthetic_current_28view_native1920_v1/observations/5c226f2b-aad3-4371-a3f9-ea2ee9a63327/images,/networkhome/WMGDS/zhou_c/sofa_mesh/sofa50_synthetic_current_28view_native1920_v1/prepared/test/5c226f2b-aad3-4371-a3f9-ea2ee9a63327/variant_01.pt,28,0.01787643739161388,0.014076407774048482,0.017876437391613882,0.01407640777404848,0.9583394614515461,0.8401772478206616,0.017876438908281257,0.014076407447561418,21.25720609242524,0.017876438908281257,0.014076407447561418,0.0755834162679469,0.0407056289189485,0.56672,0.4983400259067357,0.9583394614502388,0.8401772478255513,True,mlr.learned_laplacian.evaluation.evaluate_mesh_geometry;surface_samples=3000;seed=7;fscore_threshold=0.01,1566.0,True,True,7127,14202,818.0503568290733,4293.0,/networkhome/WMGDS/zhou_c/multiview-laplacian-refinement/runs/benchmarks/sofa50_same_initial_20260820/full/nvdiffrec/samples/5c226f2b-aad3-4371-a3f9-ea2ee9a63327__v01/refined.obj,identity,True,True
5c226f2b-aad3-4371-a3f9-ea2ee9a63327__v02,nvdiffrec,completed,,,/networkhome/WMGDS/zhou_c/multiview-laplacian-refinement/runs/learned_laplacian/sofa50_synthetic_current_28view_hf_resolution_1920_20k_seed7/analysis/reconstruction/HF_1920/5c226f2b-aad3-4371-a3f9-ea2ee9a63327__v02/coarse.obj,106b5b39dc1b090ddbee4e292e39b18c3dfffeb54a0f482f9cfe5b98dde5c59f,106b5b39dc1b090ddbee4e292e39b18c3dfffeb54a0f482f9cfe5b98dde5c59f,7127,14202,/networkhome/WMGDS/zhou_c/sofa_mesh/sofa50_synthetic_current_28view_native1920_v1/observations/5c226f2b-aad3-4371-a3f9-ea2ee9a63327/images,/networkhome/WMGDS/zhou_c/sofa_mesh/sofa50_synthetic_current_28view_native1920_v1/prepared/test/5c226f2b-aad3-4371-a3f9-ea2ee9a63327/variant_02.pt,28,0.023598124627656286,0.013822116614704706,0.023598124627656286,0.013822116614704706,0.9605423980109767,0.8402464703951708,0.023598123441814434,0.013822116186117827,41.42705363755374,0.023598123441814438,0.013822116186117827,0.09543606082074084,0.043361104736458086,0.48413580246913585,0.5422852639873916,0.9605423980131693,0.8402464703973979,True,mlr.learned_laplacian.evaluation.evaluate_mesh_geometry;surface_samples=3000;seed=7;fscore_threshold=0.01,1649.0,True,True,7127,14202,821.2081340570003,4293.0,/networkhome/WMGDS/zhou_c/multiview-laplacian-refinement/runs/benchmarks/sofa50_same_initial_20260820/full/nvdiffrec/samples/5c226f2b-aad3-4371-a3f9-ea2ee9a63327__v02/refined.obj,identity,True,True
5c226f2b-aad3-4371-a3f9-ea2ee9a63327__v03,nvdiffrec,completed,,,/networkhome/WMGDS/zhou_c/multiview-laplacian-refinement/runs/learned_laplacian/sofa50_synthetic_current_28view_hf_resolution_1920_20k_seed7/analysis/reconstruction/HF_1920/5c226f2b-aad3-4371-a3f9-ea2ee9a63327__v03/coarse.obj,4e56bb135890a8513d3af6f0d0d516dd3cf94cbda6580bca0ac4c4b8e9091048,4e56bb135890a8513d3af6f0d0d516dd3cf94cbda6580bca0ac4c4b8e9091048,7127,14202,/networkhome/WMGDS/zhou_c/sofa_mesh/sofa50_synthetic_current_28view_native1920_v1/observations/5c226f2b-aad3-4371-a3f9-ea2ee9a63327/images,/networkhome/WMGDS/zhou_c/sofa_mesh/sofa50_synthetic_current_28view_native1920_v1/prepared/test/5c226f2b-aad3-4371-a3f9-ea2ee9a63327/variant_03.pt,28,0.01561855218746028,0.0163613667338715,0.01561855218746028,0.0163613667338715,0.9588782287126307,0.8384661720690388,0.015618549459082122,0.016361365438203778,-4.755985701922605,0.015618549459082122,0.016361365438203778,0.04945760006611714,0.04982629009302004,0.51731072,0.46665200458190154,0.9588782287152943,0.838466172066582,True,mlr.learned_laplacian.evaluation.evaluate_mesh_geometry;surface_samples=3000;seed=7;fscore_threshold=0.01,1590.0,True,True,7127,14202,782.7047051079571,4293.0,/networkhome/WMGDS/zhou_c/multiview-laplacian-refinement/runs/benchmarks/sofa50_same_initial_20260820/full/nvdiffrec/samples/5c226f2b-aad3-4371-a3f9-ea2ee9a63327__v03/refined.obj,identity,True,True
5c226f2b-aad3-4371-a3f9-ea2ee9a63327__v04,nvdiffrec,completed,,,/networkhome/WMGDS/zhou_c/multiview-laplacian-refinement/runs/learned_laplacian/sofa50_synthetic_current_28view_hf_resolution_1920_20k_seed7/analysis/reconstruction/HF_1920/5c226f2b-aad3-4371-a3f9-ea2ee9a63327__v04/coarse.obj,24c9d1a412bef4dc806b4a3684cbde35897d2aa1ed4ad7804fddab46efa2f618,24c9d1a412bef4dc806b4a3684cbde35897d2aa1ed4ad7804fddab46efa2f618,7127,14202,/networkhome/WMGDS/zhou_c/sofa_mesh/sofa50_synthetic_current_28view_native1920_v1/observations/5c226f2b-aad3-4371-a3f9-ea2ee9a63327/images,/networkhome/WMGDS/zhou_c/sofa_mesh/sofa50_synthetic_current_28view_native1920_v1/prepared/test/5c226f2b-aad3-4371-a3f9-ea2ee9a63327/variant_04.pt,28,0.025719079106967066,0.01593439702424352,0.025719079106967066,0.01593439702424352,0.9594334666007086,0.8394835122206394,0.025719078744067696,0.01593439809502385,38.04444454022584,0.025719078744067696,0.01593439809502385,0.09834117394217783,0.04534779611674936,0.47247042545831897,0.47578802477632487,0.9594334666025812,0.8394835122221763,True,mlr.learned_laplacian.evaluation.evaluate_mesh_geometry;surface_samples=3000;seed=7;fscore_threshold=0.01,1613.0,True,True,7127,14202,783.3514727749862,4293.0,/networkhome/WMGDS/zhou_c/multiview-laplacian-refinement/runs/benchmarks/sofa50_same_initial_20260820/full/nvdiffrec/samples/5c226f2b-aad3-4371-a3f9-ea2ee9a63327__v04/refined.obj,identity,True,True
653efc24-a5c5-4f94-86d9-1256dcf4bc28__v00,nvdiffrec,completed,,,/networkhome/WMGDS/zhou_c/multiview-laplacian-refinement/runs/learned_laplacian/sofa50_synthetic_current_28view_hf_resolution_1920_20k_seed7/analysis/reconstruction/HF_1920/653efc24-a5c5-4f94-86d9-1256dcf4bc28__v00/coarse.obj,33705d9fe49248c3c074b4f766977c133ab2eea0ed7838d7a54d81ce71a468b2,33705d9fe49248c3c074b4f766977c133ab2eea0ed7838d7a54d81ce71a468b2,6403,12668,/networkhome/WMGDS/zhou_c/sofa_mesh/sofa50_synthetic_current_28view_native1920_v1/observations/653efc24-a5c5-4f94-86d9-1256dcf4bc28/images,/networkhome/WMGDS/zhou_c/sofa_mesh/sofa50_synthetic_current_28view_native1920_v1/prepared/test/653efc24-a5c5-4f94-86d9-1256dcf4bc28/variant_00.pt,28,0.010558243001663262,0.014145835381619766,0.01055824300166326,0.014145835381619766,0.9505317300375156,0.8497515415173427,0.010558242982028976,0.014145835385848543,-33.97906649738932,0.010558242982028976,0.014145835385848543,0.04633620728589689,0.051773838468093455,0.7007381232822928,0.5372468146321414,0.9505317300382999,0.8497515415215051,True,mlr.learned_laplacian.evaluation.evaluate_mesh_geometry;surface_samples=3000;seed=7;fscore_threshold=0.01,1312.0,True,True,6403,12668,826.4120778911747,4291.0,/networkhome/WMGDS/zhou_c/multiview-laplacian-refinement/runs/benchmarks/sofa50_same_initial_20260820/full/nvdiffrec/samples/653efc24-a5c5-4f94-86d9-1256dcf4bc28__v00/refined.obj,identity,True,True
653efc24-a5c5-4f94-86d9-1256dcf4bc28__v01,nvdiffrec,completed,,,/networkhome/WMGDS/zhou_c/multiview-laplacian-refinement/runs/learned_laplacian/sofa50_synthetic_current_28view_hf_resolution_1920_20k_seed7/analysis/reconstruction/HF_1920/653efc24-a5c5-4f94-86d9-1256dcf4bc28__v01/coarse.obj,9f26437b664d7e1e30a294c9feebf28cd0dc7a1792c84746b665d858cabaca7b,9f26437b664d7e1e30a294c9feebf28cd0dc7a1792c84746b665d858cabaca7b,6403,12668,/networkhome/WMGDS/zhou_c/sofa_mesh/sofa50_synthetic_current_28view_native1920_v1/observations/653efc24-a5c5-4f94-86d9-1256dcf4bc28/images,/networkhome/WMGDS/zhou_c/sofa_mesh/sofa50_synthetic_current_28view_native1920_v1/prepared/test/653efc24-a5c5-4f94-86d9-1256dcf4bc28/variant_01.pt,28,0.020024358491174895,0.014606558390191432,0.020024358491174895,0.014606558390191433,0.9489964064047116,0.8590394181452907,0.02002435848304745,0.014606558602889452,27.056047187452656,0.020024358483047445,0.014606558602889452,0.09134461063426728,0.05813798002213563,0.5983692446856625,0.5636378504672898,0.9489964064065758,0.859039418144961,True,mlr.learned_laplacian.evaluation.evaluate_mesh_geometry;surface_samples=3000;seed=7;fscore_threshold=0.01,1297.0,True,True,6403,12668,824.1769716460258,4291.0,/networkhome/WMGDS/zhou_c/multiview-laplacian-refinement/runs/benchmarks/sofa50_same_initial_20260820/full/nvdiffrec/samples/653efc24-a5c5-4f94-86d9-1256dcf4bc28__v01/refined.obj,identity,True,True
653efc24-a5c5-4f94-86d9-1256dcf4bc28__v02,nvdiffrec,completed,,,/networkhome/WMGDS/zhou_c/multiview-laplacian-refinement/runs/learned_laplacian/sofa50_synthetic_current_28view_hf_resolution_1920_20k_seed7/analysis/reconstruction/HF_1920/653efc24-a5c5-4f94-86d9-1256dcf4bc28__v02/coarse.obj,40dd9de17048b75aa506a163b140c34010532d722203015b904c493f1ebc67a5,40dd9de17048b75aa506a163b140c34010532d722203015b904c493f1ebc67a5,6403,12668,/networkhome/WMGDS/zhou_c/sofa_mesh/sofa50_synthetic_current_28view_native1920_v1/observations/653efc24-a5c5-4f94-86d9-1256dcf4bc28/images,/networkhome/WMGDS/zhou_c/sofa_mesh/sofa50_synthetic_current_28view_native1920_v1/prepared/test/653efc24-a5c5-4f94-86d9-1256dcf4bc28/variant_02.pt,28,0.017228466166231082,0.01385918531589704,0.017228466166231082,0.01385918531589704,0.9503531037498716,0.8544402613247317,0.01722846689767879,0.01385918502463026,19.55648110223016,0.01722846689767879,0.01385918502463026,0.07470288046301696,0.05046156221229421,0.602770821892733,0.5668351841028638,0.9503531037518456,0.8544402613234072,True,mlr.learned_laplacian.evaluation.evaluate_mesh_geometry;surface_samples=3000;seed=7;fscore_threshold=0.01,1254.0,True,True,6403,12668,832.6825312231667,4291.0,/networkhome/WMGDS/zhou_c/multiview-laplacian-refinement/runs/benchmarks/sofa50_same_initial_20260820/full/nvdiffrec/samples/653efc24-a5c5-4f94-86d9-1256dcf4bc28__v02/refined.obj,identity,True,True
653efc24-a5c5-4f94-86d9-1256dcf4bc28__v03,nvdiffrec,completed,,,/networkhome/WMGDS/zhou_c/multiview-laplacian-refinement/runs/learned_laplacian/sofa50_synthetic_current_28view_hf_resolution_1920_20k_seed7/analysis/reconstruction/HF_1920/653efc24-a5c5-4f94-86d9-1256dcf4bc28__v03/coarse.obj,2140a34c27222b7a67cdb91a2c488a649e7b63c9921c8eabb8aa732d7e590ee5,2140a34c27222b7a67cdb91a2c488a649e7b63c9921c8eabb8aa732d7e590ee5,6403,12668,/networkhome/WMGDS/zhou_c/sofa_mesh/sofa50_synthetic_current_28view_native1920_v1/observations/653efc24-a5c5-4f94-86d9-1256dcf4bc28/images,/networkhome/WMGDS/zhou_c/sofa_mesh/sofa50_synthetic_current_28view_native1920_v1/prepared/test/653efc24-a5c5-4f94-86d9-1256dcf4bc28/variant_03.pt,28,0.011747699164359112,0.015696223571672167,0.01174769916435911,0.015696223571672167,0.9495244060203445,0.8576864920054393,0.01174769887812543,0.015696223555786145,-33.611047734743934,0.01174769887812543,0.01569622355578615,0.04737462113885901,0.05205131137756682,0.6550035175879397,0.4859950011361054,0.9495244060207958,0.8576864920019266,True,mlr.learned_laplacian.evaluation.evaluate_mesh_geometry;surface_samples=3000;seed=7;fscore_threshold=0.01,1283.0,True,True,6403,12668,832.0644174739718,4291.0,/networkhome/WMGDS/zhou_c/multiview-laplacian-refinement/runs/benchmarks/sofa50_same_initial_20260820/full/nvdiffrec/samples/653efc24-a5c5-4f94-86d9-1256dcf4bc28__v03/refined.obj,identity,True,True
653efc24-a5c5-4f94-86d9-1256dcf4bc28__v04,nvdiffrec,completed,,,/networkhome/WMGDS/zhou_c/multiview-laplacian-refinement/runs/learned_laplacian/sofa50_synthetic_current_28view_hf_resolution_1920_20k_seed7/analysis/reconstruction/HF_1920/653efc24-a5c5-4f94-86d9-1256dcf4bc28__v04/coarse.obj,f82e90dc5db7d490177892317dddbf2439c4fc703db18d50bbccc911a64a0c9c,f82e90dc5db7d490177892317dddbf2439c4fc703db18d50bbccc911a64a0c9c,6403,12668,/networkhome/WMGDS/zhou_c/sofa_mesh/sofa50_synthetic_current_28view_native1920_v1/observations/653efc24-a5c5-4f94-86d9-1256dcf4bc28/images,/networkhome/WMGDS/zhou_c/sofa_mesh/sofa50_synthetic_current_28view_native1920_v1/prepared/test/653efc24-a5c5-4f94-86d9-1256dcf4bc28/variant_04.pt,28,0.01605612573111956,0.011508632250932158,0.016056125731119565,0.011508632250932158,0.9501971309651494,0.8454429173660051,0.016056126408581783,0.011508632245598196,28.322486054625312,0.016056126408581783,0.011508632245598198,0.07575567035345727,0.03988411856919221,0.6070121588759795,0.6150091152815014,0.9501971309658952,0.8454429173628304,True,mlr.learned_laplacian.evaluation.evaluate_mesh_geometry;surface_samples=3000;seed=7;fscore_threshold=0.01,1359.0,True,True,6403,12668,830.8360147504136,4291.0,/networkhome/WMGDS/zhou_c/multiview-laplacian-refinement/runs/benchmarks/sofa50_same_initial_20260820/full/nvdiffrec/samples/653efc24-a5c5-4f94-86d9-1256dcf4bc28__v04/refined.obj,identity,True,True
