# Generated by multiview-laplacian-refinement
v -0.395756971 -0.113927949 -0.566537361
v -0.399610097 -0.0990370644 -0.548495788
v -0.383736131 -0.149317184 -0.538487741
v -0.376631146 0.166209611 0.594937135
v -0.390674261 0.130250728 0.583740879
v -0.303788573 0.115458742 0.68646599
v -0.00836605221 -0.411649017 0.494696279
v 0.01453993 -0.411438521 0.506345205
v 0.0220213625 -0.411233565 0.488017754
v -0.313967736 -0.266460214 -0.533842719
v -0.317383075 -0.262298837 -0.545875469
v -0.335373382 -0.238801265 -0.526547919
v -0.335369578 -0.238973071 -0.423695244
v -0.322887249 -0.255571468 -0.398953674
v -0.34189415 -0.229557767 -0.39496511
v 0.410769832 0.0289175736 0.181202397
v 0.407303447 0.060951019 0.197194663
v 0.406523758 0.0653695086 0.165977678
v 0.0160305607 -0.411431442 -0.603881676
v -0.0162898011 -0.411406326 -0.603485316
v 0.0123464661 -0.411481091 -0.598788137
v -0.341894019 -0.22938484 -0.601526771
v -0.331301373 -0.244673224 -0.604531598
v -0.350529081 -0.216113364 -0.602413415
v -0.21874222 -0.348813595 -0.356461695
v -0.190993587 -0.364828112 -0.357440819
v -0.209761407 -0.354197166 -0.334466392
v -0.283119593 -0.299082729 -0.565732773
v -0.376505241 -0.166622989 -0.598386228
v -0.36396985 -0.192688093 -0.586354283
v -0.378814804 -0.161661033 -0.0483689911
v -0.377378898 -0.164495018 -0.017522152
v -0.384668926 -0.146835252 -0.0253706393
v 0.132995195 -0.389668083 -0.249174495
v 0.16379221 -0.377727891 -0.222737176
v 0.162075462 -0.37844011 -0.278936054
v -0.266691045 -0.313686601 -0.604003869
v -0.22505511 -0.344891176 -0.56365673
v -0.156518957 -0.380854332 -0.599959684
v -0.315993376 -0.264011611 -0.0972057698
v -0.317719808 -0.262016177 -0.0641783688
v -0.303716903 -0.278171547 -0.0648718422
v -0.25496547 -0.323365691 -0.565481493
v -0.242486602 -0.332851441 -0.585218712
v -0.234985192 -0.338112014 -0.561068615
v -0.651333806 0.0306870632 0.210932224
v -0.627549755 0.0208530931 0.212053461
v -0.631127836 0.0499303248 0.207244716
v -0.267999764 -0.312666953 -0.337105404
v -0.281729976 -0.300284142 -0.359360165
v -0.293210514 -0.288969362 -0.333484198
v -0.311059615 -0.26985221 0.257750854
v -0.312574842 -0.268187191 0.225569089
v -0.287298327 -0.294927727 0.234707125
v -0.253281052 -0.32473653 -0.615965402
v -0.271583179 -0.30958632 -0.608873356
v -0.249095066 -0.327904565 -0.606006014
v 0.712862722 -0.0142666353 -0.214750402
v 0.698554429 -0.0173414979 -0.214620054
v 0.695369377 -0.0511387888 -0.20910951
v -0.151751211 -0.382853601 -0.394808141
v -0.168497081 -0.375698505 -0.420386078
v -0.142442413 -0.386342107 -0.41527987
v -0.324204778 -0.253985173 -0.558799898
v -0.326615722 -0.250801219 -0.587358853
v -0.310881266 -0.270091019 -0.582633746
v -0.0681666401 -0.406070808 0.0220030684
v -0.08264504 -0.403395956 -0.00478164294
v -0.0964976383 -0.400284941 0.0222879767
v -0.330013462 -0.246255791 0.57853212
v -0.345392334 -0.223979165 0.594123715
v -0.318030602 -0.261563534 0.599066343
v -0.349929447 -0.21697159 0.152719127
v -0.3326031 -0.242620824 0.155319867
v -0.3475317 -0.220856925 0.177746408
v -0.0495154354 -0.408746279 -0.0920726387
v -0.0759163727 -0.404720802 -0.103442262
v -0.0747561311 -0.405001802 -0.0708157964
v -0.0697636828 -0.289453179 0.68646599
v -0.0761571005 -0.26373145 0.68646599
v -0.0912207142 -0.276274681 0.68646599
v -0.00889560579 -0.411669077 -0.603326186
v -0.0235558828 -0.411149335 -0.589127436
v -0.036848431 -0.410105126 -0.603213964
v 0.056562381 -0.407769006 0.591004615
v 0.0233562503 -0.411083187 0.591735941
v 0.035613534 -0.410258882 0.577864532
v -0.262621445 -0.317259089 0.480161388
v -0.288694963 -0.293623235 0.494275585
v -0.260684898 -0.31872255 0.512153956
v -0.123979417 -0.392539365 0.00924685084
v -0.11796976 -0.394454664 0.041741305
v -0.213271317 -0.35225722 -0.378410162
v -0.21249643 -0.352719848 -0.401018064
v -0.239963085 -0.334671334 -0.394279311
v -0.297264965 -0.28492398 -0.562400745
v -0.114963088 -0.395368869 0.166910963
v -0.0940057071 -0.400927224 0.171367338
v -0.122349838 -0.393061548 0.189912224
v -0.0788696425 -0.404030243 0.531120244
v -0.107636192 -0.397332916 0.53193206
v -0.0923925512 -0.401167187 0.499112392
v -0.0945969741 -0.400736983 0.550367802
v -0.114955137 -0.39534025 0.557587931
v 0.0992846354 -0.399682621 0.539152428
v 0.078265363 -0.404267409 0.523025033
v 0.078289073 -0.404282762 0.551683837
v -0.677269136 0.050934932 0.207028467
v -0.670203147 -0.00209797906 0.213306297
v -0.689118805 0.0242285149 0.211867823
v 0.54745663 0.149578431 0.152338329
v 0.551854686 0.182712502 0.110781875
v 0.54745663 0.176737044 0.119899388
v -0.071198829 -0.405532748 0.557284568
v -0.411386476 -0.0160096093 0.155714101
v -0.411763695 -0.00358211214 0.15849423
v -0.411234705 -0.0202671865 0.164196993
v -0.365917318 -0.188954025 -0.103776775
v -0.366511447 -0.187919795 -0.12941148
v -0.378539088 -0.162261303 -0.125450241
v -0.40603913 0.0682432078 0.521666587
v -0.402465076 0.0871237726 0.555918758
v -0.395423971 0.114688504 0.526016556
v -0.727822286 0.21422621 -0.00916638586
v -0.725851373 0.209869403 -0.0444240253
v -0.726122368 0.210027523 -0.0436247956
v -0.23819084 -0.335866542 -0.341695175
v -0.249004622 -0.327953528 -0.312726244
v -0.262051424 -0.317636573 0.153705957
v -0.26769954 -0.312800705 0.18449476
v -0.283867836 -0.29831626 0.164209329
v -0.192794642 -0.363746459 -0.018220555
v -0.226898333 -0.343667976 -0.0139049085
v -0.215919242 -0.350654006 -0.0434022203
v -0.321348667 0.0253001824 0.68646599
v -0.408691509 0.0508145977 0.590545296
v -0.41136449 0.0165340114 0.59525578
v -0.409207843 0.0457931602 0.554179766
v -0.411621638 0.0135560908 0.495494704
v -0.409026348 -0.0473741133 0.341317922
v -0.411225802 -0.0197409512 0.35264769
v -0.411401697 -0.0162997714 0.314967333
v -0.26137591 -0.318147944 -0.369242882
v -0.155140269 -0.381389889 0.134867708
v -0.177161243 -0.371742166 0.164845851
v -0.203283219 -0.358029287 0.134872896
v -0.23204875 -0.217307299 0.68646599
v -0.30899443 -0.272206441 0.604212919
v -0.0951926153 -0.400551749 0.57043625
v -0.236036313 -0.337320702 0.376369846
v -0.226411576 -0.343999318 0.402722912
v -0.251765506 -0.325914903 0.395829291
v -0.0770890463 -0.404496586 0.31295045
v -0.0892157098 -0.402000065 0.336212656
v -0.0501343366 -0.408708789 0.343184796
v -0.400496011 -0.0959417943 0.244931143
v -0.391881492 -0.126620843 0.249778631
v -0.396017712 -0.112939448 0.265402307
v 0.350264567 0.216448184 0.215111335
v 0.360692219 0.198509328 0.213491575
v 0.349144491 0.218403336 0.198846188
v -0.243393094 -0.332005483 0.42457904
v -0.302703857 0.0651662424 0.68646599
v -0.296649009 0.0909953639 0.68646599
v -0.281427115 0.0825127065 0.68646599
v -0.328915502 -0.247760694 0.513232643
v -0.3175509 -0.262131788 0.537970187
v -0.305526501 -0.276056306 0.515451392
v -0.405577731 0.0712140385 0.570503942
v -0.316633912 -0.263219664 -0.346782099
v -0.311641289 -0.269179696 -0.317805161
v -0.32885754 -0.247832312 -0.319530311
v -0.54745663 0.195469729 0.0866524227
v -0.54745663 0.173605245 0.12430475
v -0.384512557 0.147369009 0.0738076904
v -0.336864858 -0.236765417 0.180603339
v 0.277488387 0.304215088 0.565211907
v 0.267769971 0.312815627 0.552260275
v 0.28249697 0.29953692 0.552222539
v -0.244582816 -0.331353207 -0.0392128273
v -0.296307304 -0.28604971 0.19437218
v -0.272256152 -0.30898402 0.210306669
v -0.708133066 0.0422434351 0.2090374
v -0.70219719 -0.000518713057 0.213280058
v -0.701878152 0.0268897361 0.211595672
v -0.0365441728 -0.410079325 0.0408233116
v -0.0830653234 -0.403214464 0.0438897217
v -0.279808849 0.110789381 0.68646599
v -0.153314122 -0.382185052 -0.325318845
v -0.129053073 -0.390945634 -0.334993792
v -0.128358976 -0.391241494 -0.30854278
v -0.366723847 -0.187155787 0.495166479
v -0.374452279 -0.171447106 0.441473885
v -0.388695215 -0.135934084 0.517749031
v -0.713305093 0.0921607384 0.192419077
v -0.722442375 0.122774677 0.174631091
v -0.723788585 0.176792313 0.120149743
v -0.220989345 0.347526819 0.603785828
v -0.242295699 0.332900873 0.594401668
v -0.223035717 0.346210353 0.586413293
v -0.386910804 -0.140728798 -0.597509329
v -0.380341853 -0.157775328 -0.58834243
v -0.140299276 0.387163221 0.20619903
v -0.0816045783 0.403621587 0.205548264
v -0.0957733372 0.400522269 0.153009346
v -0.233232043 -0.339334034 -0.465509533
v -0.23904812 -0.33530564 -0.439830496
v -0.220582333 -0.347690517 -0.441596897
v -0.679604001 -0.128612978 -0.172328026
v -0.682360124 -0.155186106 -0.148648914
v -0.699053125 -0.133286054 -0.168847698
v -0.701707505 0.0062045232 -0.215182099
v -0.695870302 0.103685455 -0.188563625
v -0.647413848 0.0838915105 -0.198172706
v -0.380422622 -0.157762557 -0.57285028
v -0.370260619 -0.180045706 -0.554796116
v -0.37068192 -0.179423383 -0.573609561
v -0.388384296 -0.136701117 -0.603883239
v -0.389785067 -0.132757203 -0.587669964
v -0.407624175 -0.0575456279 -0.597505695
v -0.621961494 -0.130793176 -0.170674849
v -0.667944657 -0.100595661 -0.190206082
v -0.648327859 -0.0706515213 -0.203269341
v -0.340699228 -0.23136939 -0.12063794
v -0.341089613 -0.230626436 -0.0933075082
v -0.351075236 -0.215201065 -0.105833205
v -0.180108088 -0.370249944 -0.329003612
v -0.2890348 -0.293274055 0.26325119
v -0.377252952 -0.164992892 -0.0834348761
v -0.368407585 -0.183997156 -0.0645718542
v -0.273857127 -0.307342653 -0.274631366
v -0.271936105 -0.309195135 -0.306376933
v -0.295079128 -0.287273923 -0.29725496
v -0.642966277 0.162707224 0.138485704
v -0.62879565 0.168841716 0.130960713
v -0.672475505 0.161170671 0.140163901
v -0.164625423 -0.377401483 -0.302835586
v -0.199560475 -0.360180266 -0.425643237
v -0.204600919 -0.357366461 -0.458525978
v -0.316374774 -0.26353987 0.025153566
v -0.30935187 -0.271708822 -0.00423993613
v -0.305008677 -0.276726765 0.0263362964
v -0.0861051034 -0.402667455 0.367653657
v -0.203227267 -0.219743326 0.68646599
v -0.215612561 -0.242330134 0.68646599
v -0.31092 -0.270073668 0.468568904
v -0.306730915 -0.274775616 0.437422005
v -0.328388711 -0.248534581 0.44655983
v -0.691199079 -0.00175683383 0.213305166
v -0.54745663 0.171198638 0.127529381
v -0.226902983 -0.343551824 -0.420172822
v -0.290467111 -0.291988902 -0.0375359875
v -0.28557175 -0.296605492 -0.0617296103
v -0.184451355 -0.368215961 -0.391894455
v -0.270597083 -0.310397926 -0.53013451
v -0.293063089 -0.289324954 -0.532850992
v -0.27410121 -0.307128371 -0.553895035
v -0.108407956 -0.397320066 -0.0875320341
v -0.133433596 -0.389630076 -0.078242209
v -0.138016389 -0.387953996 -0.108473128
v -0.393599736 -0.121163558 0.0190256482
v -0.38976061 -0.13259868 0.0146218564
v -0.392583885 -0.124457998 -0.00775685466
v -0.251676014 0.325879372 -0.559315308
v -0.295723342 0.2866184 -0.568258127
v -0.296339786 0.285729414 -0.554181489
v -0.233327942 -0.339185166 -0.494390762
v -0.208632808 -0.354944659 -0.486230735
v -0.370020033 0.180783557 -0.625493935
v -0.348880969 0.218821406 -0.62559504
v -0.317250869 0.262584319 -0.627079405
v -0.334446773 -0.240184169 -0.343663758
v -0.329520853 -0.247003453 -0.36975424
v -0.159229454 -0.379612058 -0.137023214
v -0.171633204 -0.37431832 -0.112315944
v -0.199537534 -0.360208011 -0.134436753
v -0.253970507 -0.324050575 -0.544997488
v -0.357597208 0.204252038 -0.6066452
v -0.378347111 0.162611522 -0.542010667
v -0.342789511 0.228126327 -0.601647324
v 0.3450684 0.224704318 -0.481503111
v 0.323151252 0.255067404 -0.520724553
v 0.347911958 0.220353107 -0.507048188
v 0.110185406 0.39675873 -0.455734415
v -0.0336458904 0.41040097 -0.452157183
v 0.075421052 0.404837442 -0.469477517
v 0.345471126 0.224080606 0.0803229356
v 0.323390261 0.254835578 0.0603492506
v 0.346074794 0.223153746 0.0504502974
v -0.54745663 -0.203672653 -0.0669626784
v -0.54745663 -0.192030727 -0.095654864
v -0.54745663 -0.202490665 -0.0705226523
v 0.045595423 -0.409215907 0.0984495455
v 0.0724141324 -0.405372612 0.113466398
v 0.0677848854 -0.406114153 0.0809347055
v 0.00553288328 0.411736628 -0.436692676
v 0.33970303 0.232720612 -0.466447841
v -0.206887924 0.356022984 -0.437006777
v 0.0113991803 -0.41149745 -0.413304944
v -0.00424962784 -0.411805096 -0.437554586
v -0.0242223871 -0.411053887 -0.416638884
v 0.40017175 0.0970827521 -0.610414607
v 0.389050885 0.134995197 -0.609706014
v 0.399364829 0.100339536 -0.585321041
v 0.0637949081 -0.406825512 -0.316048315
v 0.0942175261 -0.400818805 -0.314792394
v 0.0694963636 -0.405902989 -0.34367614
v 0.379980113 0.158549548 -0.0557399624
v 0.386289708 0.142521584 -0.0900838449
v 0.373061849 0.174391328 -0.0884504299
v 0.566016416 0.16494841 0.135645847
v 0.388836097 0.135597823 -0.548988505
v 0.378047545 0.163277375 -0.567989759
v 0.389387834 0.133743785 -0.578901539
v -0.195121061 0.362476364 -0.415047374
v -0.302050478 0.279739119 -0.409982983
v 0.344547987 0.225324842 -0.545019558
v 0.362834987 0.19475656 -0.558143127
v 0.362402518 0.1953872 -0.531052439
v 0.360516632 0.198921114 -0.388670828
v 0.339164395 0.233383641 -0.406923736
v 0.346315999 0.222872298 -0.380473174
v 0.400927828 0.0943191488 -0.110414861
v 0.399112585 0.101199782 -0.129111442
v 0.394519093 0.118025056 -0.112351641
v 0.411795453 0.00381263358 -0.349388272
v 0.411378511 0.0186498169 -0.324709236
v 0.410969132 0.0257064946 -0.34558573
v 0.344639525 0.225442899 0.176844343
v 0.345218292 0.22449919 0.185515915
v 0.331062426 0.244971503 0.19082073
v 0.393243007 -0.12219939 -0.524330582
v 0.388841103 -0.135527365 -0.553833338
v 0.384513716 -0.147449451 -0.532058089
v 0.354580914 -0.209325234 0.208162248
v 0.364868482 -0.190946385 0.221457246
v 0.359790023 -0.200314331 0.235430936
v 0.10197464 -0.398930336 0.0918442764
v 0.321823482 0.256935731 -0.451986378
v 0.306921095 0.274545889 -0.42641438
v 0.390332137 0.131180015 -0.053847342
v 0.396398905 0.111855929 -0.0562555843
v 0.395079397 0.115862555 -0.0298384239
v -0.31105283 -0.269898492 -0.611557559
v -0.0696031952 0.405773297 0.557144722
v -0.0284108623 0.410672829 0.53200586
v -0.0381656005 0.409960122 0.558207717
v 0.351940832 0.213784711 0.49032613
v 0.364711242 0.191322476 0.481557225
v 0.362460338 0.195361831 0.507719212
v 0.331071594 0.244901463 0.318491002
v 0.341862689 0.229613656 0.281909764
v 0.352320451 0.213007644 0.300460917
v 0.403782241 -0.0804851519 0.413569823
v 0.407952597 -0.0564109517 0.435973831
v 0.408303864 -0.0535718242 0.399864378
v 0.402840046 0.0854013824 -0.0660029482
v 0.400207164 0.0968949263 -0.00118924356
v 0.397014897 0.109241017 -0.0821415264
v 0.395578309 0.114590676 0.486716452
v 0.402188936 0.0885566822 0.489048655
v 0.399803386 0.0987963409 0.511486578
v 0.0493127543 -0.408834724 0.540087591
v 0.0240401695 -0.411052276 0.524664567
v 0.0444268579 -0.409315335 0.510323163
v 0.323260258 0.255045273 0.550947949
v 0.34330835 0.227286155 0.540902769
v 0.338930809 0.233707063 0.568537078
v 0.376772209 0.165853713 0.503208869
v 0.386107147 0.143256022 0.482259393
v 0.376154661 0.167676318 0.47588963
v 0.410688988 0.0302060157 0.522160524
v 0.411824432 -0.00220076595 0.544865668
v 0.410019081 0.038195829 0.550776079
v 0.689113681 0.0214762765 0.212332912
v 0.67722489 -0.0190393549 0.212314422
v 0.657353014 0.0189900648 0.212266371
v 0.261821985 0.0754284412 0.68646599
v 0.273227513 0.0553681739 0.68646599
v 0.237141252 0.0541286096 0.68646599
v 0.389810237 0.132717612 0.515344648
v 0.380350101 0.157566011 0.534942238
v -0.411293087 -0.0206292976 0.557846383
v -0.409504206 -0.0421338834 0.592191698
v -0.411551409 -0.0112464745 0.59358496
v 0.181834995 -0.369522505 -0.608511393
v 0.151113739 -0.383063018 -0.606924272
v 0.161453193 -0.378888736 -0.6032202
v 0.410093351 0.0372932776 0.377343738
v 0.407721512 0.0574806582 0.353727153
v 0.406038186 0.0684095293 0.383021375
v 0.40853832 0.0513291436 -0.314888923
v 0.408941047 0.0481415197 -0.340985536
v -0.254309202 -0.323836876 -0.288522974
v 0.39822136 0.104922093 0.08924385
v 0.396220893 0.11226728 0.092340764
v 0.396101043 0.112889538 0.0555469088
v 0.312399998 -0.26823163 0.199657412
v 0.309577824 -0.271513897 0.175682774
v 0.322673734 -0.255698874 0.185466926
v 0.410555918 0.0326003112 0.153453816
v 0.4100615 0.0379599908 0.15097854
v 0.407337675 0.060434722 0.141932242
v 0.702012572 -0.116209996 -0.181052121
v 0.675898149 -0.112249659 -0.183656221
v 0.701730936 -0.0888317268 -0.195986248
v 0.342034661 0.229319093 0.341826642
v 0.367398031 0.18611562 0.324963828
v 0.54745663 0.119939721 0.176346441
v 0.54745663 0.147251492 0.154451595
v 0.346391778 0.222675015 0.514274136
v 0.652968037 0.147971314 0.153710832
v 0.624329242 0.136488183 0.16386702
v 0.627024955 0.16321913 0.137706819
v 0.137665689 -0.288562447 0.68646599
v 0.119727269 -0.268554688 0.68646599
v 0.108840913 -0.295902938 0.68646599
v 0.323597589 -0.254639038 -0.449338809
v 0.307854935 -0.273511969 -0.424907512
v 0.327767373 -0.24926307 -0.420553475
v 0.684329677 0.156800099 0.144858635
v 0.657807021 0.177041432 0.11971178
v 0.686243535 0.185424697 0.106218311
v 0.54745663 -0.135880927 0.164450058
v 0.54745663 -0.159194274 0.142338301
v 0.557780632 -0.130469047 0.168979559
v 0.704883041 0.213964892 -0.0133845025
v 0.713832652 0.209918646 -0.044266614
v 0.712646943 0.214233556 0.00593355674
v 0.309102262 -0.272122929 0.41228016
v 0.323250472 -0.255203753 0.386375121
v 0.329155643 -0.247514548 0.407501311
v 0.391100319 -0.129088294 0.133774843
v 0.3909669 -0.129342008 0.167327615
v 0.398329801 -0.104461262 0.154373238
v 0.410170783 0.036614311 0.2640111
v 0.411687543 0.00975062464 0.257032156
v 0.410771565 0.0291971149 0.243228177
v -0.212845863 -0.352363195 0.38209572
v -0.218553191 -0.348947295 0.357905553
v 0.409896787 0.0401397966 0.160764987
v 0.54745663 -0.0956694798 0.190760409
v 0.403100946 0.0841053293 0.594293049
v 0.397142306 0.108790757 0.570884623
v 0.393172131 0.122206862 0.598134163
v 0.38734731 0.139662529 0.580591899
v 0.712520494 0.015712553 0.212563508
v 0.704444678 -0.0107783521 0.212921801
v -0.133692339 -0.244967222 0.68646599
v -0.101400226 -0.252064407 0.68646599
v -0.11897891 -0.278265506 0.68646599
v 0.3911175 0.129036453 0.252096234
v 0.388340166 0.136805108 0.274289614
v 0.381562241 0.15502877 0.254190193
v 0.206782016 -0.356077547 0.541057058
v 0.197230531 -0.361346746 0.563825733
v 0.179633261 -0.370564102 0.544610342
v 0.395576893 0.114088751 0.34165449
v 0.402723027 0.0858192866 0.339134006
v 0.399952249 0.0981657099 0.318407091
v 0.0592537149 -0.407550692 0.409310504
v 0.0165470464 -0.411353501 0.423297625
v 0.0202902483 -0.411316804 0.393135712
v 0.0514890916 -0.408471211 0.377172131
v 0.411095887 -0.0246400831 0.411792521
v 0.396661738 -0.110598151 0.0864380067
v 0.54745663 -0.183286151 0.109808845
v 0.54745663 -0.158232638 0.143331266
v 0.167503908 -0.27658093 0.68646599
v 0.146297127 -0.267310679 0.68646599
v 0.163507357 -0.252763063 0.68646599
v 0.403907036 -0.0804094712 0.126119523
v 0.400489492 -0.0957054632 0.116155062
v 0.401822796 -0.0903336304 0.127225699
v 0.392574839 -0.124230574 0.0595842491
v 0.390271275 -0.131550925 0.0711716241
v 0.389228319 -0.134547858 0.050997375
v 0.723567533 -0.186401402 0.104680608
v 0.714931757 -0.200646276 0.0739937448
v 0.707566484 -0.174973256 0.122599318
v 0.723319199 -0.153308085 0.148652679
v 0.0265098531 -0.319880724 0.68646599
v 0.0500761084 -0.310834438 0.68646599
v -0.0405810164 -0.409800649 0.584881997
v -0.0248694383 -0.3173123 0.68646599
v -0.055581741 -0.318091184 0.68646599
v -0.411594472 0.0108352291 0.32563678
v 0.396804589 -0.110111614 0.482430503
v 0.397612542 -0.106558619 0.460470816
v 0.389959804 -0.132171105 0.465439763
v 0.0624144226 -0.40702009 0.297859691
v 0.0466386322 -0.409051692 0.31885587
v 0.0712461984 -0.405553612 0.325744006
v 0.363480125 0.193536372 0.196956491
v 0.235887438 -0.177555218 0.68646599
v 0.251561791 -0.158513591 0.68646599
v 0.254429042 -0.185081646 0.68646599
v 0.406173013 -0.0677747164 0.139202585
v 0.0116636115 -0.411591636 0.272996271
v 0.0486536147 -0.408901752 0.275182484
v 0.0360577327 -0.410237126 0.255182871
v 0.400839381 0.0942936783 0.114063458
v 0.344872234 -0.225041947 0.249081988
v 0.330091326 -0.246054358 0.213453029
v 0.323796006 -0.254321452 0.244818142
v 0.315066445 -0.265111875 0.222191682
v 0.411875252 -0.000197601532 0.168672934
v 0.411531943 0.0144958684 0.161507434
v 0.383918219 -0.148785984 0.0589457936
v 0.387088641 -0.140481287 0.0822432212
v 0.40541584 -0.0724549714 0.221535727
v 0.400620343 -0.095439678 0.190694146
v 0.408191484 -0.0542101616 0.195736143
v 0.171364364 -0.374452563 0.416740428
v 0.124962899 -0.392265249 0.429857995
v 0.158827406 -0.379850674 0.389574264
v 0.364186107 -0.192144211 0.594091577
v 0.274385273 -0.168726996 0.68646599
v 0.351339482 -0.214695839 0.58739905
v 0.710305414 -0.212137198 0.0279469193
v 0.727803204 -0.213334861 0.0195068658
v 0.54745663 -0.194790442 0.0883304242
v 0.410732336 0.0295922301 -0.219276537
v 0.41138996 0.0197069462 -0.203650798
v 0.408628733 0.0503127188 -0.196322219
v 0.702710268 0.0967813848 -0.192094558
v 0.708512442 0.126247265 -0.174066393
v 0.673571585 0.126576996 -0.173963843
v 0.680326645 -0.0798725555 -0.199796348
v 0.404546679 -0.076861862 0.383115616
v 0.383816568 0.148963455 0.600148357
v 0.376811073 0.166204236 0.589111448
v 0.291504681 0.134470239 0.68646599
v 0.54745663 -0.0314395779 0.210769798
v 0.54745663 -0.0669297269 0.202438409
v 0.410540173 -0.0326738587 0.152636287
v 0.714130588 0.177007203 -0.121553347
v 0.710367386 0.158323986 -0.145153825
v 0.705291633 0.174240395 -0.125651787
v 0.667545734 -0.187161505 -0.105313942
v 0.692049142 -0.177453911 -0.121089423
v 0.66615005 -0.169071559 -0.132678311
v 0.406386188 0.0655980608 -0.166694095
v 0.405698334 0.0704684353 -0.143201101
v 0.409559823 0.0432865662 -0.146903312
v 0.0355867975 -0.410268451 -0.187016399
v 0.026874179 -0.410841562 -0.219001188
v 0.0613540256 -0.407200348 -0.19661734
v 0.588050261 -0.213719135 0.014796649
v 0.576108222 -0.213302602 -0.0203301544
v 0.602200506 -0.213348275 -0.0203724781
v 0.369214088 0.182214414 -0.00177712737
v 0.362181976 0.195730936 -0.0231696133
v 0.374436218 0.171164899 -0.0248577074
v -0.00607037489 -0.411716796 -0.392630764
v 0.306833807 -0.274562652 -0.0628754016
v 0.310502279 -0.270409184 -0.0924580326
v 0.319830206 -0.259304735 -0.076665348
v 0.318602344 -0.260748412 -0.0481292797
v 0.338307588 -0.234619348 0.184634034
v 0.345896649 -0.223356275 0.217190144
v -0.209270823 -0.354725761 -0.601065712
v -0.207159266 -0.355934262 -0.610473867
v -0.233408405 -0.339339596 -0.612833196
v 0.178156539 -0.371233059 -0.00440378438
v 0.146858013 -0.384642718 0.0187536447
v 0.138076556 -0.387961318 -0.010469105
v 0.406462127 0.0660509492 -0.57761003
v 0.409299736 0.0449055344 -0.552698497
v 0.402969997 0.0849551497 -0.555456353
v -0.0705879145 -0.405586747 -0.600030473
v -0.100147926 -0.39932139 -0.595827367
v -0.118568509 -0.394316188 -0.603947873
v -0.115150582 -0.395353613 -0.395395761
v -0.117691284 -0.394593735 -0.431017032
v -0.0918926636 -0.401358754 -0.417720534
v -0.0780269214 -0.40437215 -0.576525236
v -0.0191500203 -0.411255237 -0.595247443
v 0.0166467513 -0.411395091 -0.592271818
v 0.137446807 -0.388195396 -0.295527503
v 0.146557643 -0.384745801 -0.310659394
v 0.309694879 0.271302263 -0.502779791
v -0.312699836 -0.267909932 -0.508671479
v -0.283201891 -0.298925913 -0.505317367
v -0.302291092 -0.279710877 -0.487141083
v 0.173065433 -0.373701203 -0.61168411
v -0.218400573 -0.349152242 -0.579941919
v -0.228035019 -0.342816354 -0.59961252
v -0.270607033 -0.310334808 -0.592318161
v 0.232221424 -0.339941876 -0.549310001
v 0.120602713 -0.393768125 -0.552002975
v 0.168097828 -0.375904782 -0.452066179
v 0.405895369 0.0697922398 -0.121890705
v 0.408559384 0.0518464737 -0.111335167
v 0.407915074 -0.0566478207 -0.317679609
v 0.40748931 -0.0596063398 -0.339297563
v 0.411058578 -0.0247903474 -0.32573357
v -0.103658503 -0.398475515 -0.595858423
v -0.133035879 -0.389758083 -0.591691555
v -0.103582511 -0.39858131 -0.567359588
v 0.37845078 0.162347703 -0.595089277
v 0.385903258 0.143373667 -0.301000209
v 0.380059139 0.158430358 -0.321280052
v 0.372379332 0.175758325 -0.305330583
v -0.54745663 -0.190636994 -0.0985489744
v 0.410334396 0.0347529255 -0.464060478
v 0.41169563 0.0110822543 -0.451339722
v 0.411701021 0.00987983251 -0.483782773
v -0.144814002 -0.385541314 -0.443560985
v 0.326095778 -0.251511292 -0.147130407
v 0.31632963 -0.263637253 -0.151759929
v 0.316109804 -0.263825253 -0.12461848
v 0.36987734 -0.181132043 -0.0622576391
v 0.368693528 -0.18359397 -0.0949848066
v 0.377416012 -0.164640882 -0.0878196629
v 0.400696943 -0.0951982867 -0.117459879
v 0.402946759 -0.0851056345 -0.137375643
v 0.405683869 -0.0709720024 -0.125372142
v -0.192879363 -0.363861177 -0.577110288
v -0.20477183 -0.357275251 -0.233122229
v -0.202836385 -0.358380389 -0.261134685
v -0.221334307 -0.347151537 -0.251551702
v -0.292330461 -0.290072296 -0.61160121
v 0.405945336 0.0683762466 -0.529105699
v 0.411854172 -0.00136201108 -0.377291888
v 0.41055648 -0.0317299615 -0.356905531
v 0.617216596 -0.20979591 0.0426545841
v 0.58329777 -0.204103281 0.0640925266
v 0.609477283 -0.19920268 0.0777544289
v -0.21298818 -0.352298494 -0.553426307
v -0.233137816 -0.339395941 -0.53956381
v -0.2244063 -0.345259968 0.0513705256
v -0.236004204 -0.337466712 0.017597262
v -0.207268133 -0.355772522 0.0324323862
v -0.388614608 -0.136135146 -0.00903322756
v -0.262189988 -0.317529019 -0.451918718
v -0.257777224 -0.321124076 -0.485294403
v -0.200538471 -0.359524079 -0.304432993
v -0.226044886 -0.344201419 -0.316217607
v -0.285226808 -0.297094368 -0.472127429
v -0.25263013 -0.32518064 -0.421288915
v -0.312094382 -0.268670939 -0.602178628
v -0.299579127 -0.282509054 -0.366406349
v -0.282685975 -0.299444754 -0.380357943
v -0.35480032 -0.208824406 -0.526970433
v -0.332852731 -0.242440288 -0.527189415
v -0.344851096 -0.224851824 -0.551435953
v -0.360330521 -0.199050239 -0.553360222
v -0.0622085528 -0.407071202 -0.395857217
v -0.249285058 -0.327739632 -0.51773548
v -0.368175189 -0.184388531 -0.489533377
v -0.351495468 -0.214555003 -0.440102948
v -0.350936303 -0.215479407 -0.462215917
v -0.298160376 -0.283990018 -0.397760128
v 0.285240223 0.29692751 -0.604759144
v 0.325122385 0.252550033 -0.594852169
v 0.304085293 0.27757161 -0.59318668
v -0.26997298 -0.310920312 -0.400435911
v -0.212804442 -0.352489521 -0.520879217
v -0.296879692 0.285446557 -0.608669763
v -0.24610816 0.330207227 -0.613904204
v -0.277445994 0.304357287 -0.625840788
v -0.342549409 -0.228596629 -0.472900283
v -0.340939296 -0.230899862 -0.50009583
v -0.34708922 -0.221645455 -0.413785481
v -0.343488166 -0.227065978 -0.592639785
v -0.337778811 -0.23562143 -0.572089059
v -0.298480029 -0.283773749 -0.450710208
v -0.280601362 -0.301410499 -0.450764317
v -0.339077863 -0.233668145 -0.542292695
v -0.355470406 -0.207976187 -0.562668015
v -0.353783022 -0.21065765 -0.536506329
v -0.236075533 -0.337425185 -0.367933023
v 0.0306144671 -0.410543036 -0.338295889
v 0.367527735 0.185632114 -0.0538676182
v -0.0256670209 0.410904477 -0.547354087
v -0.0631283181 0.40690303 -0.54675323
v -0.0567669869 0.407824473 -0.562471655
v -0.152910313 -0.382330922 0.0247695839
v -0.0327127528 -0.410527512 -0.397067207
v -0.03190407 -0.41058401 -0.377294256
v -0.130759912 -0.390511114 -0.586719951
v -0.180376227 -0.370097283 -0.500178744
v -0.158477085 -0.380103434 -0.476335365
v -0.141319093 -0.38675386 -0.510610359
v -0.348531951 0.219212155 -0.542414551
v -0.379883304 0.158793585 -0.534695192
v -0.340492996 0.231357004 -0.523896369
v -0.201038955 -0.359367627 -0.205651567
v -0.161624435 -0.378649078 -0.218899995
v -0.0878047135 -0.402312886 -0.600543467
v -0.150705518 -0.383147294 -0.602739985
v -0.0952581397 -0.400535997 -0.371019938
v -0.0965881931 -0.400294996 -0.346813327
v -0.127528844 -0.391442427 -0.363638202
v -0.0849529239 -0.402926219 -0.203086901
v -0.0487857567 -0.408740956 -0.213746685
v -0.0611185886 -0.407200556 -0.197339219
v -0.157353425 -0.380503911 -0.346222982
v 0.287946591 -0.294415162 -0.282210529
v 0.28754176 -0.29457802 -0.244201303
v 0.307129778 -0.274219773 -0.255008218
v -0.186001998 -0.367356396 -0.474354926
v -0.0998375975 -0.39946062 -0.499155408
v -0.111245226 -0.396484343 -0.529269386
v -0.0934381259 -0.400939584 -0.517969662
v -0.175706004 -0.372442748 -0.450695866
v -0.0244622776 -0.411084397 -0.295386335
v -0.0603940846 -0.407281936 -0.272681499
v -0.0254281319 -0.410969879 -0.259965073
v -0.389802362 0.132690106 -0.447403081
v 0.190464414 -0.365020626 -0.502048967
v -0.0627754605 -0.406980343 -0.459046935
v -0.0728629662 -0.405248403 -0.484621316
v -0.086231551 -0.40264632 -0.468807287
v -0.0404884916 -0.409837198 -0.484567641
v -0.0754359503 -0.404791808 -0.521981784
v -0.029835212 -0.410693397 -0.538299129
v 0.0486105049 -0.408887146 -0.594962579
v 0.067363004 -0.406100543 -0.597495054
v 0.0426443717 -0.409468732 -0.599591833
v -0.141238999 -0.386828611 -0.37931788
v 0.0216510231 -0.41119502 -0.599022697
v -0.106969128 -0.397539515 -0.115759609
v -0.0825634452 -0.403292615 -0.13893662
v -0.339170295 0.233358456 -0.420363888
v 0.192794255 -0.363917161 -0.613365815
v -0.289822565 -0.292552878 -0.200152235
v -0.260495029 -0.318928731 -0.2124385
v -0.284485213 -0.297708122 -0.228128716
v -0.118813814 -0.394264161 -0.467118397
v 0.333788105 -0.240962843 -0.217339622
v 0.347892753 -0.220250222 -0.207351018
v 0.33309395 -0.242079099 -0.191729082
v 0.0114798846 -0.411659816 -0.101252298
v 0.0413672836 -0.409673316 -0.100965986
v 0.0265995009 -0.410833018 -0.12106237
v 0.00564866018 -0.411691474 -0.363966517
v 0.360782491 0.198479865 -0.361082371
v -0.0362474127 -0.410093375 -0.191608524
v -0.0164249682 -0.411387024 -0.210896731
v -0.379045552 -0.161037702 -0.547654462
v 0.132149028 0.390052331 -0.607221916
v 0.0625678825 0.407038761 -0.609844362
v 0.069885083 0.405845259 -0.58392745
v 0.337930277 0.235249302 -0.455718338
v 0.35894168 0.201917092 -0.443171204
v -0.000864307199 -0.411703386 -0.13016971
v 0.0249728075 -0.410892223 -0.134985201
v -0.0902920083 0.401764775 -0.588235908
v -0.130962592 0.390453816 -0.57976588
v -0.100108522 0.399476505 -0.570257667
v 0.104814527 -0.398224137 -0.379210448
v 0.129508179 -0.390857046 -0.368628572
v 0.122139745 -0.393175818 -0.407469518
v 0.0441987693 -0.409296001 -0.366010764
v -0.122532069 -0.393123082 0.113311275
v -0.157085494 -0.38056165 0.101827397
v -0.125424102 -0.392158356 -0.138458368
v -0.0074033721 -0.411742152 0.588881473
v -0.269588224 -0.31131335 -0.120136295
v -0.286898101 -0.295453724 -0.111532089
v -0.277612833 -0.303992406 -0.144816015
v -0.269185167 -0.311554103 0.536958364
v -0.284299396 -0.297936552 0.523319921
v 0.073170743 -0.405237356 -0.286846882
v 0.0478212488 -0.408989939 -0.274175406
v 0.0661686555 -0.406443101 -0.257137739
v 0.0386404527 -0.409930433 -0.250701431
v 0.05656386 -0.407881634 -0.0755244473
v 0.0204575306 -0.411157735 -0.0742042799
v -0.298415203 -0.283849836 -0.0884822655
v -0.161505823 -0.378832947 -0.0865149823
v -0.0841714118 -0.403077892 -0.260992245
v -0.104079296 -0.398345185 -0.282086835
v -0.10704077 -0.39766477 -0.252080781
v -0.134189469 -0.389233695 -0.265805366
v 0.0203419408 -0.411309821 -0.158136465
v -0.00116084243 -0.411799541 -0.158083031
v -0.20986664 -0.354205587 -0.164189936
v -0.233937446 -0.338868435 -0.169511215
v -0.220778884 -0.34745537 -0.187030628
v -0.0490029446 -0.408902837 -0.0513397372
v -0.0157691873 -0.411436081 -0.0512407951
v -0.0451373455 -0.409352048 -0.027274548
v -0.082147793 -0.403465163 -0.037479694
v -0.109502601 -0.396947778 -0.0576369163
v -0.140067914 -0.387158142 -0.190444697
v -0.10592634 -0.397912581 -0.167651574
v -0.246166138 -0.330014175 -0.186967612
v -0.243811922 -0.331866249 -0.26383441
v -0.263800445 -0.316014728 -0.244830595
v -0.238622932 -0.335542343 -0.236312997
v -0.230231759 -0.34128591 -0.21093027
v -0.362653716 -0.195205183 -0.608471719
v -0.169021411 -0.375423126 -0.252728609
v -0.179236354 -0.370690654 -0.0722999202
v -0.194023027 -0.363207921 -0.0963877624
v -0.197165194 -0.361377913 -0.184309226
v -0.125246149 -0.392337525 -0.0259782685
v -0.162921598 -0.378143498 -0.0292832408
v -0.156869291 -0.380731035 -0.00433567266
v -0.0324274343 -0.410545967 0.00329067543
v -0.383755245 -0.149480934 -0.612449068
v -0.39551054 -0.114763764 -0.61801873
v -0.392705091 -0.12405486 -0.616613492
v -0.137127654 -0.388262105 -0.286841428
v -0.33673722 -0.237048509 -0.143652844
v -0.329107628 -0.247376175 -0.118935444
v -0.306669826 -0.274760902 -0.216723605
v -0.0919227714 -0.401367971 0.22845532
v -0.0478184799 -0.408984188 0.24256832
v -0.0559681294 -0.407933722 0.210967167
v -0.231139471 -0.34063711 -0.145523384
v -0.231639472 -0.34046934 -0.110345819
v -0.350626607 -0.215873051 -0.148088576
v -0.350294593 -0.216385308 -0.129404176
v -0.30148929 -0.280486873 -0.137438867
v -0.306113807 -0.275486316 -0.11387709
v -0.320731361 -0.258291118 -0.136766394
v -0.347876 -0.220050367 -0.0235883019
v -0.358434484 -0.20283199 -0.0337432366
v -0.358669747 -0.202312801 -0.0144154292
v -0.54745663 -0.213067879 -0.0236347977
v -0.54745663 -0.209819801 -0.0435335722
v -0.269000403 -0.311815187 -0.585147463
v -0.230540628 -0.341183155 -0.290175204
v -0.349270589 -0.218136943 0.196739691
v -0.263005552 -0.316812812 0.103805591
v -0.278375263 -0.303356293 0.0890605776
v -0.260972039 -0.318558837 0.0751084027
v -0.216489616 -0.350332081 -0.0867780097
v 0.0273793207 -0.410847706 -0.468172595
v 0.0418850006 -0.409657061 -0.454585879
v 0.02308166 -0.411142759 -0.445364138
v -0.330646716 -0.245455007 -0.0896290004
v -0.335761083 -0.238485694 0.017286689
v -0.354353138 -0.209769393 0.0378546059
v -0.345511608 -0.224021853 0.0166252716
v -0.348444115 -0.219501165 0.422578696
v -0.324108102 -0.25399002 0.416362474
v -0.209749793 -0.354347498 0.00627890643
v -0.19620059 -0.361965754 0.0628317477
v -0.176427299 -0.372137893 0.0436767443
v -0.350947711 -0.215193417 -0.522933297
v -0.367000562 -0.186641567 -0.534132289
v -0.337400621 -0.235982831 -0.0730577537
v -0.382843779 -0.151630277 0.0891785884
v -0.360098513 -0.199814253 0.079901948
v -0.376284157 -0.167261907 0.0559460795
v -0.32902687 -0.247709023 -0.0552847686
v -0.33329749 -0.241695754 -0.020002129
v -0.34021982 -0.23200588 -0.0488355323
v -0.341411321 -0.23011774 -0.000457192677
v -0.346217611 -0.222896704 -0.0753100494
v -0.390067936 -0.132041015 -0.0334438461
v -0.365144377 -0.190132116 -0.243188341
v -0.388444806 -0.136563938 -0.317917708
v -0.35697656 -0.205271537 -0.286301266
v -0.299268673 -0.282782209 -0.270319577
v -0.357630695 -0.20412226 0.271666824
v -0.360531732 -0.199072328 0.296025001
v -0.370093934 -0.180647819 0.279740479
v -0.253870398 -0.324147283 -0.160051335
v -0.253892993 -0.32399765 -0.132552672
v -0.275666722 -0.305765332 0.0396510377
v -0.288145248 -0.294066265 0.0150697417
v -0.294331624 -0.287950516 0.0459483166
v 0.0308722869 -0.410600222 0.297840134
v -0.351562059 -0.214491516 -0.0519213496
v -0.357205877 -0.204826011 -0.0750094625
v -0.234306223 -0.338636932 -0.0723628314
v -0.334749742 -0.239831774 0.198600611
v -0.270744237 -0.310276563 -0.0366741378
v -0.277779521 -0.303923476 -0.0113950387
v -0.138881497 -0.387591143 -0.242868779
v -0.272792763 -0.308501421 -0.177989454
v -0.298129662 -0.284055865 -0.168473597
v -0.284221737 -0.297845791 -0.251068262
v -0.254877225 -0.323403814 -0.0118926536
v -0.176212253 -0.372161015 -0.165606922
v -0.1495322 -0.383661084 -0.0562676245
v -0.306293574 -0.275276491 -0.0368329631
v -0.295714928 -0.286556258 -0.0123121331
v -0.319368506 -0.259781958 -0.0307747566
v -0.281398795 -0.300675352 -0.0834067978
v -0.264457581 -0.315600888 -0.0643818041
v -0.390788 -0.129777442 -0.113032979
v -0.396695341 -0.110699438 -0.104615632
v -0.3902986 -0.131452019 -0.0894209696
v -0.166774268 -0.376508636 0.0723487488
v -0.361223361 -0.19787872 -0.0511289016
v -0.368117986 -0.184592955 -0.0317245579
v -0.202930724 -0.358258543 -0.0697032219
v -0.322351252 -0.256221205 0.00234886458
v -0.180023841 -0.370363912 0.116101134
v -0.143845198 -0.3858759 0.215034037
v -0.159513195 -0.379679812 0.236026571
v -0.127215293 -0.391597026 0.241272234
v -0.128066393 -0.391300476 0.0770670068
v -0.237388551 -0.192613989 0.68646599
v -0.258976161 -0.179815635 0.68646599
v -0.0647980604 -0.406653208 0.145146052
v -0.0163780722 -0.411332214 0.129879728
v -0.0491894265 -0.4088426 0.120378067
v -0.24795524 -0.328747742 0.295808167
v -0.255118452 -0.323320681 0.274921128
v -0.234608064 -0.338440004 0.277265761
v 0.053306808 -0.408365198 0.487411835
v -0.592991677 0.172110505 0.12654548
v -0.552301986 0.175672563 0.121666591
v -0.56553231 0.155279594 0.146804907
v -0.110935282 -0.396539274 0.146087407
v -0.139590229 -0.387321776 0.165547617
v -0.238603761 -0.335600428 0.0693901429
v -0.253293566 -0.324622404 0.0453323178
v -0.318010419 -0.261674206 0.282849483
v -0.332373325 -0.243170958 0.269811077
v -0.321958204 -0.256668449 0.118875413
v -0.332860519 -0.24234107 0.110631175
v -0.335997107 -0.238023675 0.135796727
v -0.00785716448 -0.411709457 0.34182589
v 0.0391039422 -0.409831719 0.345174371
v 0.0227908231 -0.41101842 0.321261739
v 0.0340224845 -0.410333588 0.126150887
v 0.0391713533 -0.409938079 0.158303136
v 0.0660230713 -0.406401272 0.139918309
v 0.041894702 -0.409602329 -0.0476626709
v -0.0677168404 -0.40604967 0.0700091373
v -0.0587311114 -0.407458215 0.098387003
v -0.023171604 -0.411105512 0.0759302566
v 0.0690472206 -0.405907417 0.254176462
v -0.155766319 -0.381145597 0.190391795
v -0.149039117 -0.383854247 0.0531775948
v 0.207351681 -0.355710645 0.1067168
v 0.232842934 -0.339696269 0.119647219
v 0.211079483 -0.353564666 0.138465275
v -0.364022268 0.192393248 0.601147959
v -0.348234921 0.219543621 0.596944055
v -0.274993867 0.163151681 0.68646599
v -0.216516882 0.12376146 0.68646599
v -0.149479702 0.129125625 0.68646599
v -0.218800202 0.165307075 0.68646599
v -0.0338576996 -0.410337968 0.310627031
v 1.60658528e-05 -0.411820818 0.30538
v -0.0218776666 -0.411207999 0.285090614
v -0.296124565 0.286112693 -0.460211418
v -0.260395049 0.318908576 -0.484876997
v -0.349914287 0.216839381 -0.491703994
v -0.0914823231 -0.401418406 0.197501035
v -0.0573807477 -0.407780249 0.178939738
v -0.0293920571 -0.410623933 0.103900297
v 0.00526991725 -0.411685009 0.0978487839
v 0.0705427304 -0.405655797 -0.0205670933
v 0.0896265613 -0.401886145 -4.57021101e-05
v 0.0668201646 -0.40623144 0.00475248648
v -0.021260257 -0.411194421 0.192644119
v -0.0233872078 -0.411001314 0.161494405
v 0.0144767204 -0.411472659 0.180702395
v 0.0107889505 -0.411654288 0.149133126
v 0.0370639187 -0.410012672 0.0743454928
v -0.0936944506 -0.40096679 0.258389584
v -0.0582359817 -0.407652866 0.278940414
v -0.0997575812 -0.399521106 0.289361174
v -0.171646344 -0.374206295 0.55742473
v -0.175386637 -0.372518694 0.531660775
v -0.195087022 -0.362580771 0.552049616
v 0.0537179309 -0.408156785 -0.134778799
v 0.35202865 -0.213728974 -0.0852465886
v 0.341459682 -0.230184693 -0.0762497112
v 0.348213335 -0.219978461 -0.0617923821
v -0.0237386953 -0.238190114 0.68646599
v -0.0812180713 -0.220512167 0.68646599
v -0.0369921066 -0.121583745 0.68646599
v -0.267874022 -0.312623787 0.563145555
v -0.239089645 -0.335131572 0.565308816
v -0.254509105 -0.323612431 0.587251216
v -0.257892594 0.321082505 -0.588090393
v -0.38264662 -0.151923838 0.00418831264
v -0.368006376 -0.184534711 0.00271806974
v -0.114832939 -0.395457185 0.21522951
v -0.0676509785 0.406135523 0.571417082
v -0.0458938842 0.409217817 0.582277226
v -0.0377093311 0.41002896 0.571662948
v -0.0579557952 -0.407663624 0.50579509
v -0.0485840662 -0.408840872 0.539391796
v -0.0318480285 -0.410558644 0.521458638
v -0.010990168 -0.293339431 0.68646599
v -0.0250767991 -0.275010616 0.68646599
v -0.00638311217 -0.271434277 0.68646599
v 0.021229388 -0.41125123 0.368263792
v 0.121415804 -0.39339454 0.569153318
v 0.124375603 -0.392547736 0.545863173
v 0.101830714 -0.39892024 0.557014737
v 0.0698628053 -0.405697205 0.354799639
v -0.142285722 -0.386432092 0.545106102
v -0.124450186 -0.392480734 0.50813115
v 0.156057944 -0.381004838 0.593284141
v 0.186813531 -0.366896744 0.586645351
v 0.0575076986 -0.407811583 0.567852697
v 0.0882815411 -0.402226396 0.575862578
v -0.0284926963 -0.410835235 0.358824105
v -0.0468223878 -0.40912016 0.375438179
v -0.00757174352 -0.411702063 0.374167137
v -0.128512485 -0.391194177 0.581632726
v -0.21743988 -0.349677884 0.43387343
v -0.195228965 -0.362628011 0.403624174
v 0.37830085 -0.16288772 0.0101293873
v 0.386537414 -0.142024095 0.00268419949
v 0.382208502 -0.153146517 -0.0231149319
v -0.00750566275 -0.411723613 0.518174452
v -0.192274936 -0.364136169 0.371229135
v -0.186874309 -0.366972736 0.244664831
v -0.174650927 -0.372947085 0.216666536
v -0.709684111 0.086917262 0.194663278
v -0.348752797 -0.218815017 0.310863141
v -0.333093141 -0.242215383 0.297149085
v -0.331601246 -0.24405394 0.329323044
v -0.366700399 -0.187347403 0.206532011
v -0.386659356 -0.141733206 0.203773613
v -0.380872112 -0.156661421 0.170224885
v -0.15804423 -0.380327672 0.442989343
v -0.148314108 -0.384213787 0.468214243
v -0.174148944 -0.373209936 0.466206485
v -0.220305119 -0.347892197 0.545894855
v -0.214684164 -0.351299971 0.566510765
v 0.239163529 -0.33521744 -0.605880579
v 0.249105457 -0.32793589 -0.609378922
v 0.228776482 -0.342442699 -0.609596505
v -0.299177335 -0.283045414 0.0701928421
v -0.309804642 -0.271197092 0.0595360592
v -0.290102408 -0.292152615 0.136692734
v -0.301011097 -0.280881453 0.16066608
v -0.0355249828 -0.410303394 0.478020456
v -0.0587698415 -0.407608139 0.45295397
v -0.0687187217 -0.40606942 0.478912414
v -0.161536711 -0.378650265 0.594620309
v -0.150059745 -0.281892598 0.68646599
v -0.0883956014 -0.402226663 0.463925325
v -0.031960193 -0.410470789 0.502376545
v -0.00157988488 -0.411828933 0.468174791
v -0.0479276989 -0.408924961 0.425926259
v -0.0208805775 -0.411291319 0.405023679
v -0.0645317137 -0.406744468 0.39984445
v -0.234235126 -0.338721914 0.230198794
v -0.215308936 -0.351025393 0.257466839
v -0.244111354 -0.331582431 0.255108898
v -0.0493170395 -0.267057478 0.68646599
v -0.180697694 -0.161456525 0.68646599
v -0.217377052 -0.0586330406 0.68646599
v -0.287132457 -0.295238393 0.459152109
v -0.390084524 -0.131813172 0.570013892
v -0.376377975 -0.167017476 0.578431838
v -0.386015723 -0.143286464 0.597136878
v 0.213709933 -0.351940924 0.582045471
v -0.55138894 -0.146513201 -0.157220632
v -0.54745663 -0.175192711 -0.124285865
v -0.54745663 -0.158958918 -0.144538526
v -0.616001962 -0.182694657 0.111112694
v -0.611012694 -0.197431648 0.0824267803
v -0.639745965 -0.190228087 0.097657631
v -0.319270736 -0.259997746 0.385148813
v -0.302590073 -0.279363784 0.408736104
v -0.294485104 -0.287661396 0.380893535
v -0.188407449 -0.366047788 0.32545278
v -0.151643527 -0.382882353 0.329874981
v -0.172530398 -0.373775866 0.352847399
v -0.666373583 -0.180005826 0.115257522
v -0.669986839 -0.199066342 0.0785409018
v -0.285097116 -0.296973476 0.427529202
v -0.337445532 -0.235968069 0.361257887
v -0.315612515 -0.264555796 0.358070776
v -0.182404638 -0.369269996 0.496975435
v -0.217445537 -0.349669046 0.491914825
v -0.200896045 -0.359500735 0.464927938
v -0.34693604 -0.221801495 0.28328103
v -0.152494982 -0.382507191 0.509542685
v -0.54745663 0.15147309 0.15031096
v -0.399204472 0.101059022 0.118488187
v -0.292786342 -0.289452014 0.351206223
v -0.27354559 -0.30780178 0.342137749
v -0.267678951 -0.312897298 0.367806027
v -0.15924386 -0.379766275 0.573776579
v -0.192877941 -0.363806176 0.579996783
v -0.140564231 -0.38708937 0.397781241
v -0.168358859 -0.375736413 0.383089152
v -0.150520826 -0.383296958 0.370513987
v -0.189690523 -0.365442972 0.191885684
v -0.203248524 -0.358125435 0.167253725
v -0.216015625 -0.350490631 0.188233138
v -0.298639822 -0.28346596 0.538210367
v -0.54745663 0.158139946 0.143426906
v -0.309829157 -0.271239664 0.335156696
v -0.402129509 -0.0886641548 0.274877637
v -0.411746538 0.0063820957 0.302935595
v -0.107845828 -0.303502917 0.68646599
v -0.351324065 -0.214727804 0.512622944
v -0.340365341 -0.231779144 0.536672591
v -0.355967649 -0.207004336 0.540525613
v -0.364871923 -0.190670203 0.559276982
v -0.377013854 -0.165529923 0.550192017
v -0.369045863 -0.182551579 0.530210155
v -0.41153412 -0.0136953548 0.289110437
v -0.411284464 0.020144048 0.279998794
v -0.279232954 -0.302644935 0.586378512
v -0.227144925 -0.343409692 0.585758655
v -0.229279294 -0.341935148 0.159027539
v -0.242147325 -0.332983166 0.182512291
v -0.0950835198 -0.293125004 0.68646599
v -0.0938407088 -0.400993261 0.588785979
v -0.0853780657 -0.311132431 0.68646599
v -0.227748556 -0.343096566 0.20523422
v -0.205969961 -0.356514181 0.21844094
v -0.266384924 -0.314036515 0.317537361
v -0.293627732 -0.288643844 0.32547539
v -0.260205066 -0.319128551 0.233227225
v -0.103743796 -0.39854565 0.398917549
v -0.119550866 -0.393915652 0.425395528
v -0.144065865 -0.385629616 0.425832916
v -0.0871951038 -0.402427323 0.429734701
v -0.0185320365 -0.411311078 0.562880376
v 0.0120415424 -0.411629601 0.545988732
v -0.0201162699 -0.411217386 0.536931094
v -0.247947145 -0.328737645 0.540623411
v 0.0222383607 -0.297439367 0.68646599
v 0.00239861896 -0.317896426 0.68646599
v 0.0549222827 -0.283859938 0.68646599
v 0.0032182883 -0.22247082 0.68646599
v 0.0140360352 -0.261490077 0.68646599
v 0.0323345996 -0.240756527 0.68646599
v -0.283973394 -0.298280687 0.403912095
v -0.266169711 -0.314193109 0.415264366
v -0.273151883 -0.308159907 0.391526517
v -0.121025972 -0.393500207 0.346611426
v -0.0403718203 -0.293932647 0.68646599
v -0.117823165 -0.394637024 0.474508269
v -0.140873376 -0.386959327 0.490713821
v -0.131644766 -0.390245996 0.447536303
v 0.0979684124 -0.400010384 0.412118624
v 0.0887978668 -0.402036917 0.380232769
v -0.40544252 -0.0716174817 0.320952796
v -0.404241757 -0.0778833762 0.353966112
v -0.401082459 -0.0931338147 0.333914094
v 0.19668943 -0.361779558 0.254790946
v 0.145894719 -0.385011269 0.266255587
v 0.155059957 -0.381449297 0.229500851
v -0.23965621 -0.100787744 0.68646599
v -0.275879383 -0.0803444907 0.68646599
v -0.254935145 -0.0708508939 0.68646599
v -0.217025712 -0.200691655 0.68646599
v -0.211171955 -0.184347168 0.68646599
v -0.231280267 -0.170074239 0.68646599
v -0.667387461 0.0976589138 0.189765313
v -0.691482801 0.0975661554 0.189736939
v -0.24640779 -0.32981184 0.345239007
v -0.251161243 -0.326314797 0.207886584
v -0.155793011 -0.21494621 0.68646599
v -0.178827584 -0.218032256 0.68646599
v -0.174917147 -0.199076533 0.68646599
v -0.260956457 -0.318593692 0.44680349
v -0.240081387 -0.334624041 0.471137837
v -0.237434112 -0.336482637 0.448110074
v -0.234580517 -0.149036899 0.68646599
v -0.259676456 -0.154202282 0.68646599
v -0.146192557 -0.384850575 0.352853644
v -0.409673565 0.0409269857 0.169791398
v -0.410963597 0.0272646495 0.158927639
v -0.408301598 0.0537772076 0.153138606
v -0.198030189 -0.360918043 0.348096313
v -0.396905463 -0.109813799 0.287056487
v -0.387036371 -0.140658876 0.268265013
v -0.625423025 0.157780867 0.143953288
v -0.648655735 0.155680285 0.146140538
v -0.269263917 -0.311608412 0.258124049
v -0.312422227 -0.268231743 0.308209152
v -0.274914261 -0.30655764 0.285341221
v -0.384625297 -0.147204319 0.238870683
v -0.393261233 -0.122344176 0.226546759
v -0.667156652 -0.110831554 0.182402297
v -0.687169875 -0.13462228 0.16558082
v -0.681745329 -0.0909049569 0.192850579
v -0.187112371 -0.366882924 0.437820884
v -0.411536268 0.0117564828 0.154731012
v -0.409990851 0.0380341252 0.149822819
v -0.411428448 0.0145789511 0.155973224
v -0.300551998 -0.281483756 0.282879724
v -0.160510896 -0.379282378 0.486666831
v -0.214662462 -0.351440862 0.298310366
v -0.728189733 0.210322785 0.0400070976
v -0.244969244 -0.330828646 0.129301457
v -0.265528928 -0.314673222 0.0152328166
v -0.270710227 -0.310192143 0.125814273
v -0.285573001 -0.296707341 0.109483484
v -0.331668242 -0.244085327 0.244135653
v -0.331712858 -0.243921622 0.220851847
v -0.344231385 -0.22601434 0.237896119
v -0.290604629 -0.291764306 0.303399766
v -0.319297942 -0.260022629 0.20183637
v -0.282501461 -0.299554399 0.0665971988
v -0.313601253 -0.266762078 0.0418808065
v -0.403914771 -0.0797638103 0.138964476
v -0.398582041 -0.103210533 0.122907236
v -0.401900135 -0.0897795787 0.118654204
v -0.35748903 -0.204180071 -0.130515213
v -0.351807212 -0.213958099 0.00367616454
v -0.268157786 -0.312444117 0.0564602624
v -0.54745663 -0.146903218 0.154767952
v -0.54745663 -0.123040227 0.174183717
v -0.552703999 -0.146738055 0.155080093
v -0.319703001 -0.259557263 0.175708522
v -0.238995569 -0.335202247 0.318582393
v -0.216855767 -0.350038227 0.331823548
v -0.170935812 -0.37465295 0.299393651
v -0.14178466 -0.38657571 0.307715551
v -0.146207741 -0.385003891 0.289407606
v -0.160574898 -0.379256156 0.266393608
v -0.325429256 -0.252381203 0.0313433692
v -0.33460622 -0.239949718 0.0510370857
v -0.312889732 -0.267720569 0.142695834
v -0.304131103 -0.277612852 0.114121972
v -0.349060186 -0.218509257 0.218490536
v -0.692318809 -0.0648529088 0.203228888
v -0.699572496 -0.0767780973 0.198982876
v -0.54745663 0.00304054377 0.213085496
v -0.554657325 0.00996615642 0.21298253
v -0.548104363 -0.0226436627 0.21189316
v -0.39124656 -0.128493625 0.295259971
v -0.381964773 -0.153873531 0.289862172
v -0.397576868 -0.107515626 0.158096225
v -0.574180679 -0.211286457 0.0352078291
v -0.603107357 -0.21028632 0.0398570551
v -0.581128313 -0.20067063 0.0740712312
v -0.366153587 -0.188247712 0.183996799
v -0.680699181 -0.0642571133 0.203206759
v -0.685036334 -0.0331768958 0.210556583
v -0.713033818 0.19647136 -0.0861764357
v -0.666738967 0.18006915 -0.117314944
v -0.704697218 0.205645111 -0.0612588926
v -0.237603799 -0.128925458 0.68646599
v -0.321896428 -0.256861274 0.0870020762
v -0.321852895 -0.256884878 0.0540095285
v -0.344183266 -0.225969551 0.101414109
v -0.361642246 -0.197031405 0.123691561
v -0.271316767 -0.0541361347 0.68646599
v -0.403518144 0.0817889154 0.14004339
v -0.398540192 0.103405518 0.134068715
v -0.400014823 0.0976545764 0.146697068
v -0.633810744 -0.06238004 0.203888609
v -0.635736456 -0.10944579 0.183208434
v -0.610915303 -0.0891383492 0.193893858
v -0.599171601 -0.125485291 0.172320783
v -0.604472286 -0.160747012 0.140890159
v -0.626334513 -0.13963011 0.16123727
v -0.704439447 -0.158033139 -0.145734987
v -0.713358384 -0.122970793 -0.176266418
v -0.711469983 -0.176471904 -0.122367379
v -0.724245033 -0.172188097 -0.128622447
v -0.640504561 -0.165415477 0.135245498
v -0.669910654 -0.156179171 0.145690017
v -0.166404284 -0.376700076 0.414614315
v -0.393506701 0.12137969 0.231971104
v -0.401011177 0.0938590856 0.246903861
v -0.401266458 0.0928022842 0.220217167
v -0.54745663 0.138423677 0.16242222
v -0.570686889 0.1258105 0.172328546
v -0.642685992 0.141926985 0.159600311
v -0.628379788 0.114810813 0.179909174
v -0.619496704 0.134290958 0.1661032
v -0.616532522 0.187495237 0.102825388
v -0.606529187 0.0354621464 0.210214855
v -0.309128696 -0.272081252 0.0894782006
v -0.30419925 -0.277395113 0.567674749
v -0.329410339 -0.247175529 0.557018167
v -0.600306539 -0.0507509991 0.206970143
v -0.39998858 0.098138103 0.127316365
v -0.395476186 0.114436182 0.127178958
v -0.0986169112 -0.399685136 0.0666324327
v -0.0915940992 -0.401476062 0.0918256757
v -0.624797807 -0.151443572 -0.152482843
v -0.646231303 -0.133341729 -0.168853715
v -0.637306764 -0.154558195 -0.149436846
v -0.394050413 -0.119268849 0.594290472
v -0.313503921 -0.0975740775 0.68646599
v -0.637347366 -0.00336705921 0.213246521
v -0.607043598 -0.00148301013 0.21331465
v -0.611134112 0.0761069621 0.199398326
v -0.585753748 0.05232844 0.206834088
v -0.654057612 -0.133116135 0.166934422
v -0.582088456 0.0199579657 0.212271829
v -0.560961334 0.047815935 0.207888132
v -0.565708739 -0.0575778673 0.205359361
v -0.58053254 -0.0896817612 0.193518775
v -0.642812524 0.0857920387 0.195343687
v -0.654511187 0.0610843191 0.204173908
v -0.640588379 -0.20834117 0.0488754092
v -0.710550071 0.16723658 0.132830009
v -0.711885448 0.177156004 0.119714572
v -0.363838626 0.192944586 0.180579327
v -0.367357265 0.186089991 0.209343647
v -0.352102012 0.213327986 0.192977848
v -0.341680873 -0.229927325 0.390499639
v -0.409794953 0.0397918608 0.151993311
v -0.54745663 -0.0548201091 0.206066045
v -0.54745663 -0.0207379874 0.212066206
v -0.54745663 0.00282484732 0.213092413
v -0.294445593 -0.287815632 0.0897271236
v -0.0840196809 -0.403123243 0.118193269
v -0.582139502 0.209106308 0.0457708856
v -0.552815276 0.209408882 0.0447479182
v -0.574735428 0.197117181 0.0830978972
v -0.54745663 -0.0295246946 0.211218555
v -0.411571021 0.0113949151 0.219268291
v -0.409848362 0.0408070366 0.198790542
v -0.409098722 0.0466579085 0.233455184
v -0.411299201 0.0195879545 0.250542637
v -0.409679034 0.0418044744 0.26239733
v -0.54745663 -0.078793885 0.198112405
v -0.385431959 0.145108375 0.207096259
v -0.377394501 0.164783761 0.215005569
v -0.382766726 0.151850241 0.231575308
v -0.404507793 -0.0765164117 0.128929846
v -0.406983467 -0.0630363106 0.140003475
v -0.54745663 0.065616311 0.202828203
v -0.54745663 0.0334653657 0.21044227
v -0.54745663 -0.213254658 0.0187117602
v -0.54745663 -0.209526509 0.0430257115
v -0.0447206738 0.40923855 0.566985652
v -0.0147562488 0.411394383 0.56278387
v -0.406634239 -0.065048089 0.282635153
v -0.403682688 -0.0815349904 0.297840522
v -0.383479834 -0.150136119 0.55549016
v -0.625738202 -0.0315609067 0.21077849
v -0.32596233 0.251562243 0.162742524
v -0.346757783 0.221895136 0.15830137
v -0.409104514 -0.047007429 0.301556312
v -0.40999366 -0.0387147454 0.267746786
v -0.305512458 -0.115589768 0.68646599
v -0.283226907 -0.134068578 0.68646599
v -0.376004308 -0.167926862 0.600741963
v -0.375185288 -0.169528654 0.311796969
v -0.411676618 0.0023574047 0.241906376
v -0.4113378 -0.0194780019 0.236878041
v -0.375270998 -0.169546103 0.230370702
v -0.363420319 -0.1935243 0.246404748
v -0.575926073 -0.015331433 0.212708969
v -0.293032587 -0.0995863602 0.68646599
v -0.267038792 -0.109946996 0.68646599
v -0.273675288 0.307667086 0.542244525
v -0.405897145 -0.0694429812 0.261586514
v -0.356001932 -0.207060848 -0.574792904
v -0.408816684 -0.0495891408 0.15208123
v -0.40491527 -0.0744839642 0.16012309
v -0.353152632 -0.211724792 0.49216109
v -0.356586085 -0.206020721 0.471839798
v -0.408741087 -0.0503771913 0.17039287
v -0.410896695 -0.0253835626 0.194178336
v -0.306573749 -0.06263154 0.68646599
v -0.403144447 0.0832883807 0.129666184
v -0.407110514 0.0616822818 0.140525602
v -0.407325905 0.0603378805 0.144360505
v -0.363085863 -0.194154606 0.597311538
v -0.276528031 -0.163271084 0.68646599
v -0.359512935 -0.200731628 0.579917457
v -0.33676227 -0.237084762 0.481464817
v -0.352574925 -0.212708637 0.340425526
v -0.362567898 -0.194944512 0.320391773
v -0.354213035 -0.209948784 0.365036964
v -0.370651211 -0.179249737 0.345279111
v -0.11554475 0.395134182 0.530477827
v -0.103743644 0.398407003 0.564290857
v -0.142182216 0.386426309 0.56336656
v -0.241497878 -0.333434122 0.496441901
v -0.315665215 0.0863293558 0.68646599
v -0.292860925 -0.0294379387 0.68646599
v -0.264784157 -0.0258123055 0.68646599
v 0.0318601515 0.410515503 0.59866371
v -0.102978126 0.398726977 0.602715666
v -0.114948144 -0.395303068 0.318009101
v -0.348271449 0.21982263 0.568175269
v -0.345303408 0.224236518 0.500633348
v -0.36352555 0.193529445 0.57053189
v -0.363972665 -0.192485526 0.386335406
v -0.390998773 -0.129014181 0.359592894
v -0.18461588 -0.241684586 0.68646599
v -0.160125896 -0.241091236 0.68646599
v -0.123651646 0.213747025 0.68646599
v -0.168186381 0.22443597 0.68646599
v -0.20498246 0.215674013 0.68646599
v -0.277459443 0.0287178177 0.68646599
v -0.250716358 0.00517146476 0.68646599
v -0.252049357 0.04481031 0.68646599
v -0.273957461 0.0615871288 0.68646599
v -0.37750275 0.164358287 0.528854953
v -0.375294738 0.169484125 0.575717746
v -0.400150956 -0.0969580724 0.583402246
v -0.399715583 -0.0989978277 0.551417367
v -0.67477891 0.020515297 -0.214272435
v -0.69772306 -0.0305416581 -0.213145202
v -0.406998796 -0.0618318436 0.56336554
v -0.37660046 -0.166699076 0.266518976
v -0.376987967 -0.165524059 0.249978298
v -0.398104181 -0.105540385 0.316106477
v -0.258444756 -0.132925332 0.68646599
v -0.570295982 0.213294634 0.0191721401
v -0.54745663 0.211665906 -0.0334731925
v -0.399607169 -0.0989924007 0.600058794
v -0.405220579 -0.0725039503 0.594481661
v -0.324983388 -0.0455861762 0.68646599
v -0.711300892 0.187076087 0.103150082
v -0.411376831 0.0174841458 0.568385546
v -0.694611301 -0.0975893614 0.189787742
v -0.716420809 0.212343028 -0.0284956555
v -0.722581988 0.214223458 0.00107736887
v -0.409888499 -0.0395566591 0.5159577
v -0.407020783 -0.0621412224 0.422664634
v -0.233492215 -0.339029758 0.0996853244
v -0.374469571 0.171146465 0.605129914
v -0.188759788 -0.366023342 0.273376655
v -0.395962217 0.113003333 0.256473073
v -0.406156009 0.0680835186 0.396127553
v -0.411531379 0.0106107278 0.38211345
v -0.283348352 -0.00119473366 0.68646599
v -0.303331852 -0.00804963522 0.68646599
v -0.288303167 0.137824953 0.68646599
v -0.332781403 0.242445239 0.58410704
v -0.313815866 0.266647286 0.568299764
v -0.269565821 0.136643142 0.68646599
v -0.259274423 0.120998509 0.68646599
v -0.161398336 0.207611144 0.68646599
v -0.401377415 0.0918367828 0.58138526
v -0.25111407 0.182336658 0.68646599
v -0.208597274 0.355047612 0.607704391
v -0.169593677 0.283355474 0.68646599
v -0.183404971 0.368680193 0.606454417
v -0.267524285 0.313053732 0.613333323
v -0.267633395 0.3130374 0.599461005
v -0.16618619 0.37666851 0.597714223
v -0.14905212 0.383902858 0.58780099
v -0.185653936 0.367440961 0.591008287
v -0.199995171 0.360040176 0.600132184
v -0.54745663 0.104940336 0.185721614
v -0.54745663 0.129009458 0.169929831
v -0.207239226 0.0509596281 0.68646599
v -0.302485183 0.27945552 0.604867756
v -0.286369958 0.295935133 0.608590151
v -0.227938935 0.252409101 0.68646599
v -0.359024593 0.201718603 0.213602693
v -0.394939031 0.116642876 0.271776834
v -0.388553697 0.136371974 0.253041104
v -0.676409771 -0.211367872 0.0333215002
v -0.693959598 -0.205508751 0.0598020645
v 0.250646947 0.32670794 0.515607781
v 0.245374161 0.330571875 0.564850935
v 0.0934232473 0.281087935 0.68646599
v 0.0706949309 0.288320303 0.68646599
v 0.0700025558 0.264779776 0.68646599
v 0.289684366 0.292637627 0.557690453
v 0.30036734 0.281667277 0.530176555
v 0.304798917 0.276723337 0.560861853
v 0.0130183557 0.139975458 0.68646599
v 0.0221515205 0.247959912 0.68646599
v -0.054026112 0.243322477 0.68646599
v 0.25943191 -0.319676044 0.00916729297
v 0.264748696 -0.315442247 0.0415340529
v 0.246004738 -0.330216252 0.0206358159
v -0.0349279121 0.293870658 0.68646599
v 0.205951247 0.356445983 0.593028934
v 0.183948704 0.368312219 0.600564187
v 0.209582292 0.354406283 0.602516268
v -0.195237121 0.362463618 0.562436336
v -0.724161541 0.141034468 0.160336392
v -0.713114932 0.151976307 0.149889127
v -0.293440173 0.288817424 0.592357988
v -0.387056439 0.140711239 0.108978762
v -0.334856352 0.239486581 0.0716321503
v 0.0918422572 0.401458332 0.60515341
v 0.0654340312 0.307624698 0.68646599
v 0.0470748171 0.323960155 0.68646599
v -0.174156807 0.373031777 0.244738004
v 0.0607710768 0.407305228 0.606045787
v 0.0391466267 0.409785169 0.563365968
v 0.11990206 0.393953713 0.520574238
v 0.0291100312 0.410738903 0.54491582
v 0.0391055718 0.293668091 0.68646599
v -0.000141269862 0.320038259 0.68646599
v -0.315157957 -0.265107747 0.493943249
v 0.31639196 0.263513533 0.425327126
v 0.342714551 0.228269902 0.428784808
v 0.319169108 0.260266647 0.471135217
v -0.406493022 0.0656499081 0.315329392
v -0.400385463 0.0961426769 0.334357935
v -0.408669877 0.0503583226 0.330966603
v -0.299869686 0.0387904234 0.68646599
v -0.319379181 0.0460260473 0.68646599
v 0.0853251666 0.304999858 0.68646599
v -0.348897913 -0.218792773 0.45229313
v 0.0635447428 0.226494983 0.68646599
v -0.0676297721 -0.406085067 -0.24041827
v -0.54745663 -0.127209097 0.171275701
v -0.54745663 -0.165005331 0.13542221
v -0.00265569739 0.411799277 0.573406548
v 0.0598495952 0.407393311 0.574554509
v -0.368328059 0.184014799 0.25025167
v -0.343077639 0.227618479 0.247686709
v -0.360017139 0.199951531 0.226894192
v 0.110981223 0.396593494 0.464867262
v 0.274298348 0.307028923 0.386423073
v -0.00762512314 0.411753358 0.398962359
v 0.153018996 0.289475083 0.68646599
v 0.352955118 0.212191303 0.264695648
v 0.362216762 0.195767091 0.244126419
v 0.347254483 0.221366507 0.23276883
v -0.396677806 0.110286067 0.121178165
v -0.390612143 0.130151705 0.128550337
v -0.54745663 0.0798302266 0.197771925
v 0.358796622 0.20201518 0.22637107
v 0.358318737 0.202939272 0.147518024
v 0.361482621 0.197181868 0.173055645
v 0.351719489 0.214119587 0.16471263
v 0.357563836 0.204219938 -0.315506986
v 0.331307485 0.244512237 -0.338739673
v 0.338316754 0.234598987 -0.361066062
v -0.210307169 0.35410425 0.495013937
v -0.230489467 0.341242893 0.144488993
v -0.306243585 0.275375436 0.219369808
v -0.206782723 0.356138443 0.21059798
v -0.127971864 -0.391418969 0.273569293
v 0.36850216 0.183860199 0.454567398
v 0.381224686 0.155773851 0.455178197
v 0.37413329 0.171917256 0.42445613
v 0.189479933 -0.36546473 0.212288163
v 0.23648364 -0.337042694 0.202145742
v -0.255818874 0.206376061 0.68646599
v -0.57322734 0.0906139113 0.193192577
v -0.54745663 0.111566305 0.181704908
v -0.389379963 0.134123852 0.410897276
v -0.369976551 0.180715023 0.355265259
v -0.29358415 0.288633886 0.327815653
v -0.377579427 0.164341662 0.287012855
v -0.383420661 0.150104575 0.566230205
v -0.403884058 -0.0802718634 -0.117558013
v -0.397085942 -0.109000126 -0.173749591
v -0.383370636 -0.150303099 0.332525437
v -0.346324417 -0.222802945 0.258489261
v -0.395546215 0.114488155 0.200407827
v -0.404268544 0.0785979368 0.602935972
v -0.714068519 0.206021354 0.0571990475
v -0.708189402 0.213140381 0.0207208219
v -0.724885807 0.212782714 0.0246338321
v -0.409821318 -0.039651862 0.14962125
v -0.59659197 0.147244071 0.154766999
v -0.709125619 0.126190625 0.172161388
v -0.633727885 0.0563537591 -0.207775489
v -0.54745663 0.129411636 0.169609104
v -0.654412235 0.118207016 0.177715359
v -0.401161425 -0.0928228193 -0.103584696
v -0.617533521 0.209194889 0.045686581
v -0.584243348 0.204447502 -0.0651015575
v -0.700088002 0.0563426775 0.205711296
v -0.374082205 0.172089653 0.226360809
v -0.367053965 0.18670542 0.224869556
v -0.648176149 -0.0259593517 0.211635272
v -0.663877143 -0.0458915705 0.208276395
v -0.702272928 -0.16584081 0.134636746
v -0.705685963 -0.191737017 0.0944647813
v -0.705153482 -0.177486883 0.118896443
v -0.57951418 -0.147511249 0.154309199
v -0.571724317 -0.167692797 0.132211744
v -0.54745663 -0.0974231975 0.189629251
v -0.411754109 0.00444345359 0.159701381
v -0.567845329 -0.119720153 0.176736719
v -0.70257621 0.191396917 0.095610634
v -0.72099805 0.195657209 0.086437746
v -0.564182758 -0.214366716 0.00320906582
v -0.54745663 -0.213769753 -0.0127027266
v -0.568658635 -0.210797369 -0.0396886645
v -0.601136349 0.113341627 0.180634577
v -0.54745663 0.207078052 0.0532963498
v -0.54745663 -0.20962898 -0.0445133989
v -0.54745663 -0.12504775 -0.174797219
v -0.54745663 -0.121153786 -0.177513473
v -0.563100493 -0.059426403 -0.206876888
v -0.369395985 -0.182073615 -0.173832239
v -0.35588251 -0.207213365 -0.201221664
v -0.351655987 -0.214016638 -0.18671303
v -0.54745663 -0.161174281 0.139922376
v -0.54745663 -0.184105399 0.108579727
v -0.54745663 -0.191239647 0.0952836951
v -0.54745663 -0.203313793 0.0660296507
v -0.411774557 -0.00468160641 0.261341786
v -0.700287291 -0.213531193 0.0181243717
v -0.686770022 -0.214060384 -0.0109159649
v -0.593723441 -0.119221769 -0.179017675
v -0.583169703 -0.157050599 -0.146842242
v -0.714194871 0.115690693 -0.181193776
v -0.720288989 0.205840812 -0.0606908624
v -0.701868311 0.169634598 -0.131904146
v -0.646562712 0.145004852 -0.158870115
v -0.642356917 0.194275478 0.0894809308
v -0.676269395 0.204034424 0.0643114793
v -0.713110421 0.212447272 -0.027375961
v -0.715355013 0.172838584 -0.127515985
v -0.411755259 0.00278799669 -0.606244855
v -0.409388383 0.0449916993 -0.631208251
v -0.411795095 0.00569507754 -0.628743642
v 0.377827175 0.163535886 -0.144161463
v 0.365636581 0.189441427 -0.147166564
v 0.371746692 0.177208934 -0.167982803
v -0.410521792 -0.0312339531 -0.59998379
v -0.715978052 -0.191859595 -0.0962503298
v -0.711985283 -0.211944188 -0.0327335054
v -0.706716834 -0.204123022 -0.0660279882
v -0.36840911 -0.184039863 -0.203364168
v -0.345765608 -0.223484 -0.222390143
v -0.654245396 0.112729997 -0.183068857
v -0.327309526 0.24990254 -0.444647672
v -0.54745663 0.0838248804 -0.237970695
v -0.364028336 0.192639688 -0.447505847
v -0.704638041 -0.142998041 0.158409293
v -0.697256252 -0.107097107 -0.186612353
v -0.40295275 -0.0849844012 -0.107836432
v -0.54745663 -0.176010448 -0.123029602
v -0.40911816 0.0468874445 -0.593648323
v -0.658045618 -0.145777749 -0.157946406
v -0.54745663 -0.201401898 -0.0738018603
v -0.305571804 -0.276067611 -0.469042333
v -0.708168203 0.139437003 -0.16366238
v -0.596677268 -0.202358348 -0.0716916052
v -0.572300189 -0.197339956 -0.0849650444
v -0.5978278 -0.211321424 -0.0369096026
v -0.54745663 -0.178609427 -0.119036873
v -0.639313843 -0.212460606 -0.0291873535
v -0.651117969 -0.204477475 -0.065125056
v -0.622015412 -0.207719616 -0.0535976048
v 0.380877742 0.156579426 -0.369399617
v 0.384921971 0.14639997 -0.342399726
v 0.392680355 0.12403177 -0.3670457
v -0.667138479 -0.188634362 -0.10282537
v -0.680036177 -0.202432573 -0.0711406583
v -0.628992766 -0.191864546 -0.0963500159
v -0.692129738 -0.0661678973 -0.20484424
v -0.691744326 -0.176728317 -0.122354309
v -0.698875412 -0.193366045 -0.0931756718
v -0.292967192 -0.289318686 -0.596718176
v -0.408682561 -0.0507859422 -0.565691884
v -0.707970665 -0.208392284 0.04844664
v -0.284458018 -0.29772393 0.546770856
v -0.385357759 -0.145092671 -0.0950352315
v -0.673451503 -0.171769397 -0.129170163
v -0.385257632 -0.145154747 0.0336498802
v -0.387332618 -0.13988592 0.0586255851
v -0.392481428 -0.124448629 0.0441952426
v -0.40587645 -0.0697978762 -0.112064265
v -0.692757208 -0.209167008 -0.0474645272
v -0.703645218 -0.212513505 -0.0285766418
v -0.696233342 -0.20308928 -0.0690937361
v -0.652455068 -0.172109663 -0.128697913
v -0.125704646 -0.222717226 0.68646599
v -0.684701498 -0.0361188254 -0.212037878
v -0.657569278 -0.0142559609 -0.214700002
v -0.54745663 -0.205309432 0.0600190766
v -0.307575147 -0.273774884 -0.19305185
v -0.318697827 -0.260648858 -0.178308011
v -0.54745663 -0.167608595 0.132364268
v -0.252370507 0.147148192 0.68646599
v -0.396285813 -0.111823703 0.0963456668
v -0.392606446 -0.1241133 0.0728035987
v -0.560638851 -0.188632146 0.100834408
v -0.402720672 -0.0856154547 0.197677392
v -0.39198852 -0.126166181 -0.06137645
v -0.411743609 0.00657376274 0.170246237
v -0.54745663 -0.211698439 0.0318732829
v -0.374744797 -0.170544168 0.0280117496
v -0.281925937 -0.300183672 -0.42944163
v -0.405307132 -0.0729862799 -0.60870434
v -0.392128992 -0.12566482 0.13529632
v -0.312912825 -0.267566502 -0.156397781
v -0.299609537 -0.282610631 0.00558344733
v -0.370141757 -0.180482334 -0.607033123
v -0.31228836 -0.268393708 -0.537849679
v -0.319280642 -0.259909452 -0.526589686
v -0.354411345 -0.209416496 -0.522865078
v -0.319625668 -0.259455166 -0.524715613
v -0.309559143 -0.271526995 -0.590527404
v -0.391769113 -0.126921386 0.112786199
v 0.361207892 0.197826415 0.360037956
v 0.33593705 0.238192723 0.370530777
v -0.317792005 -0.26190052 -0.293164325
v -0.207928085 -0.35532415 -0.279972755
v -0.28615732 -0.296016183 -0.531506616
v -0.332705088 -0.242497481 -0.160281066
v -0.298006334 0.284082373 -0.54549199
v -0.25990301 0.319319043 -0.548695324
v -0.139018353 -0.387564522 -0.159817238
v -0.376433357 0.167014621 -0.570473149
v -0.350565392 0.215856009 -0.553876419
v -0.356119147 0.206850418 -0.579896695
v -0.379232658 -0.160293203 -0.602824919
v -0.372056985 -0.176567174 -0.586639725
v -0.389058692 -0.134783198 -0.589852619
v 0.365543175 0.189681614 -0.619812508
v 0.365473465 0.189800353 -0.635756033
v 0.341617796 0.230047824 -0.63508303
v -0.0702175021 -0.405668018 -0.298932476
v -0.342858763 -0.228131681 -0.583334126
v -0.382383364 -0.15257673 -0.556246185
v -0.088160247 -0.402249804 -0.444949801
v -0.0619896098 -0.4070956 -0.431396674
v 0.00161540711 -0.411745569 -0.321144891
v -0.00138325141 -0.411701821 -0.340434835
v -0.284458987 -0.2976971 -0.590280532
v -0.37681847 -0.166142588 -0.610752397
v -0.313722189 -0.266822152 -0.377188205
v -0.399474688 0.0995483053 -0.552356686
v -0.375419468 0.168913238 -0.553883018
v -0.409704743 -0.0419236183 -0.622665826
v -0.157469007 -0.380364836 -0.277058282
v -0.373401145 -0.173772659 -0.605325769
v -0.184166199 -0.368256249 -0.0480712564
v -0.183451848 -0.36854956 -0.278935753
v -0.406578349 -0.0654008904 -0.512910118
v -0.366981656 -0.186687992 -0.406547334
v -0.174043768 -0.373141401 -0.192545623
v -0.356046084 -0.206886532 -0.168566293
v 0.149086124 -0.38374272 0.0662541331
v 0.125101837 -0.392290604 0.0444773718
v 0.155479325 -0.381172193 0.0402292203
v 0.335293542 0.239032613 -0.537489595
v -0.307711325 0.27355225 0.183732309
v -0.238402181 0.335764071 -0.45931705
v -0.251757968 0.32584339 -0.436971029
v -0.311900169 0.268948427 -0.611309157
v -0.27222109 0.309026181 -0.569067822
v -0.33769132 0.23570275 -0.54039577
v -0.405474231 0.0722095747 -0.631972434
v -0.0388463477 0.409895778 -0.590931917
v -0.0630003237 0.406976838 -0.573234512
v -0.0330129121 0.410496036 -0.56908548
v -0.396893339 0.109561864 -0.604448295
v -0.316334376 0.263571941 -0.505387834
v -0.284551682 0.297510841 -0.521790327
v -0.234575489 0.338348557 -0.499777098
v -0.366450964 -0.187534476 -0.522930726
v -0.302266845 0.279648674 -0.587619558
v 0.398448279 0.103859232 -0.530193536
v -0.323216006 0.254958355 -0.595957568
v -0.323176064 0.255272966 -0.582557079
v -0.369283036 0.18228738 -0.613577209
v -0.329747096 0.246770994 -0.624934482
v -0.357695885 0.204083311 -0.609229497
v -0.333260524 0.241953553 -0.613446023
v -0.203554586 0.357892225 -0.598453944
v -0.205644265 0.356753849 -0.561301699
v -0.178103971 0.371307732 -0.587953789
v -0.172842096 0.37368163 -0.602921324
v -0.248309018 0.328540829 -0.627825047
v -0.227645194 0.343187614 -0.613663492
v -0.276794553 0.304963422 -0.616727801
v -0.16433307 0.377616403 -0.630238801
v -0.198178921 0.361035046 -0.622782473
v -0.140952927 0.386948866 -0.617616798
v -0.143040755 0.386124652 -0.589682405
v -0.140541291 0.386969568 -0.55552803
v -0.192482867 0.364073955 -0.576348298
v -0.200828341 0.359405701 -0.60037201
v 0.211055255 0.353565792 -0.475693596
v 0.356542323 0.205846129 -0.482160352
v 0.204910095 0.35711814 -0.489445834
v -0.715711493 0.156996219 -0.146750134
v -0.25260487 0.325284808 -0.607406024
v 0.32191991 0.25677331 -0.42242365
v 0.307559123 0.273805638 -0.45202782
v 0.305137815 0.276432404 -0.417145869
v -0.0637902843 0.406804208 -0.588659322
v -0.045596488 0.409296259 -0.579089095
v -0.0328586498 0.410505007 -0.587202889
v -0.172740845 0.373832419 -0.610356367
v -0.212339483 0.352697269 -0.549982207
v -0.153831696 0.381906031 -0.530306311
v -0.248026483 0.328640694 -0.532878449
v 0.373053624 -0.174246954 0.129164181
v 0.382574182 -0.152434263 0.120999526
v 0.378312603 -0.162641188 0.0915672662
v -0.0992312015 0.399604137 -0.592417421
v -0.117222091 0.394793223 -0.576940676
v 0.0427275292 0.409634344 -0.613863367
v -0.044304687 0.409346833 -0.602830955
v -0.0562523714 0.407977771 -0.622939314
v -0.406435159 0.065321804 -0.492041272
v -0.35911564 -0.20137202 -0.501540192
v 0.373344168 0.173637701 -0.191263095
v 0.382755211 0.151905705 -0.17587245
v 0.404894135 0.0753071919 -0.487494438
v 0.407292007 0.060425297 -0.505663015
v 0.409067865 0.0476829665 -0.485725686
v 0.261706865 0.317893592 -0.428617809
v 0.283962204 0.298202112 -0.429153038
v 0.271563243 0.309554646 -0.452047197
v -0.3309127 0.244950424 -0.546334947
v -0.308434945 0.272732615 -0.531877441
v -0.330121383 0.245939904 -0.554089106
v -0.0838448607 0.403213924 -0.610563638
v -0.119281208 0.394002161 -0.598169332
v -0.41081087 0.026616269 -0.525690638
v -0.380681919 0.156691446 -0.520983155
v -0.405887552 0.0692069298 -0.541221703
v -0.354862297 0.208819983 -0.50947293
v -0.363262472 -0.193932292 -0.59837684
v -0.204155088 0.357510479 -0.520560742
v 0.275048832 0.306452906 -0.406133932
v -0.112947004 0.396031955 -0.626253978
v -0.0921925696 0.401408254 -0.632044493
v -0.110096816 0.396849599 -0.629548045
v 0.203467482 0.358055659 -0.620908134
v 0.179855405 0.370403975 -0.603893104
v 0.209331641 0.354682554 -0.607502812
v 0.401115135 -0.093118621 -0.204247201
v 0.393861891 -0.120237231 -0.201322861
v 0.394434671 -0.118236462 -0.231155521
v -0.406858653 0.063746692 -0.633679871
v -0.407119333 0.0620658418 -0.622026703
v -0.0980133108 0.400020446 -0.559416456
v -0.395922516 -0.112866613 -0.528512788
v -0.409550096 -0.0424641958 -0.540841339
v -0.387781349 -0.138147886 -0.523336503
v -0.375531816 0.168928733 0.193645361
v -0.381819368 0.15417343 0.183622498
v 0.213473182 0.352076281 -0.470466248
v -0.0322877635 0.410557538 -0.609758228
v 0.0145703132 0.411391128 -0.597559337
v -0.00522425168 0.411633516 -0.490046305
v 0.363386971 0.19375218 -0.589127632
v 0.348845369 0.218935735 -0.571885247
v 0.363965449 0.192591459 -0.550879546
v -0.15528804 0.381338198 -0.597496
v -0.0615463982 0.40708931 -0.555761612
v 0.355786283 0.207270324 -0.524537802
v 0.372555359 0.175329341 -0.5207661
v -0.389447614 0.133391617 -0.597505401
v 0.00715208123 0.411760993 -0.613825138
v -0.189645046 0.365505423 -0.479938896
v -0.175384609 0.372541895 -0.4450025
v 0.366596408 0.187599363 -0.263580285
v 0.375988974 0.16791895 -0.26055863
v 0.377584778 0.164376576 -0.279236552
v -0.376850998 0.165989785 -0.45889708
v -0.410595119 -0.0294466052 -0.522907355
v -0.410172082 0.0358379557 -0.503447139
v -0.107578217 0.397459772 -0.473012461
v -0.080387684 0.403813193 -0.542946342
v -0.264200807 0.315700266 -0.416295279
v -0.220258818 0.347846067 -0.42355731
v 0.0440235549 0.409485449 -0.575817033
v 0.00424159436 0.411813883 -0.584225614
v 0.019129543 0.411353254 -0.560178374
v 0.0400845829 0.409710028 -0.596664917
v 0.357018962 0.204991956 -0.210205012
v 0.345486371 0.224120164 -0.194378959
v 0.36001271 0.199842893 -0.178833491
v -0.110948923 0.396549677 0.28344382
v 0.0951220055 0.400659209 0.225733904
v -0.286013982 0.29618399 -0.404215209
v -0.303352989 0.278295899 -0.411796654
v -0.0439049752 0.409305288 -0.522323581
v -0.0122345725 0.411558998 -0.533201265
v -0.326644154 0.250807168 -0.569871694
v -0.376647219 0.166500575 0.151347785
v -0.0115587981 0.411689264 -0.576687765
v -0.0201520317 0.411333239 -0.565924663
v 0.278059858 0.303572455 -0.383499354
v 0.256425091 0.322113883 -0.390607453
v 0.396388146 0.111689667 -0.202272381
v 0.399939414 0.0979265101 -0.2225975
v 0.402345661 0.0876389596 -0.190800359
v 0.72469415 0.196947216 -0.0854834219
v 0.712615032 0.194027656 -0.0918335452
v 0.350391089 0.216352041 -0.420702625
v 0.380030661 0.158520733 -0.245981624
v 0.385299336 0.145356349 -0.260341317
v 0.388296497 0.13714597 -0.242507114
v 0.36029157 0.199404674 -0.284943414
v 0.111318792 -0.396445431 -0.597290488
v 0.13005546 -0.390716592 -0.600327803
v 0.122239002 -0.393151812 -0.592173129
v 0.365025889 0.190676254 -0.465357413
v 0.41170847 -0.00633464824 -0.509592056
v 0.410722287 -0.0292746097 -0.489901322
v 0.34526328 0.224256001 -0.487631431
v 0.335063973 0.239327267 -0.508624367
v 0.682974508 0.0794986782 -0.199936656
v 0.701763633 0.0614745838 -0.20641851
v 0.255644409 -0.322714988 0.101033902
v 0.277283342 -0.304306605 0.0953717164
v 0.266261227 -0.314047116 0.074562508
v 0.285351379 -0.29673573 0.0685094745
v -0.405258262 0.0729951274 -0.513856022
v 0.34633704 0.222847925 -0.591476702
v 0.38784915 0.138286103 -0.486839157
v 0.397284558 0.108540476 -0.495402539
v 0.386367142 0.142479758 -0.517472217
v 0.40684488 0.0636446616 -0.458145747
v 0.406976183 0.0626544632 -0.423725374
v 0.401261669 0.0926884269 -0.438297971
v 0.311566473 0.269060142 -0.554344614
v 0.281300294 0.300784857 -0.634028017
v 0.308778908 0.272514581 -0.621960762
v 0.236942534 0.336760724 -0.521999824
v 0.214432375 0.351485611 -0.492183826
v 0.199064425 0.36038621 -0.518686221
v 0.110924836 0.396484963 -0.547082328
v 0.0738537602 0.405145884 -0.569022822
v 0.0799793214 0.403980523 -0.53120216
v 0.0535888913 0.408252041 -0.505774533
v 0.10461634 0.398146568 -0.490579134
v 0.169808758 0.375075252 -0.533511485
v 0.167987707 0.375918459 -0.557016377
v 0.137579232 0.388055861 -0.559975236
v 0.201252517 0.359316062 -0.571427895
v 0.156518048 0.380918944 -0.584029703
v 0.198025508 0.360942951 -0.594950025
v 0.387152179 0.140515578 -0.126669771
v 0.36051988 0.198966845 -0.0788733682
v 0.364193124 0.192295575 -0.102554758
v 0.369798765 0.181073478 -0.339584392
v 0.354090773 0.210382501 -0.100790126
v 0.359209058 0.201210641 -0.124294488
v 0.346623503 0.222119132 -0.125691441
v 0.0474470175 0.408990796 -0.556272126
v 0.0683045189 0.406060876 -0.538657734
v 0.0234248189 0.411056079 -0.545808156
v 0.0980802264 0.399822671 -0.595693021
v 0.0761732233 0.404710102 -0.587802631
v -0.0833227233 0.403340253 -0.577958819
v -0.196466233 0.361931264 -0.610620688
v 0.359744297 -0.200380824 -0.220715218
v 0.367576533 -0.185540067 -0.212096845
v 0.359121177 -0.20140256 -0.195774613
v -0.175559131 0.372418438 -0.513419223
v -0.228876789 0.342328066 -0.471784236
v -0.128801927 0.391125559 -0.442669676
v 0.239241794 0.335172839 -0.401710192
v 0.164851781 0.377298573 -0.499424736
v 0.0550232595 0.408063095 -0.463536375
v 0.0585284603 0.40749538 -0.553114397
v 0.393722827 0.120754036 -0.613655073
v 0.394116755 0.119442473 -0.61589358
v 0.118524769 0.394343245 -0.59042488
v 0.334297875 0.240542456 -0.636564617
v 0.350614014 0.216041838 -0.61960783
v 0.317627763 0.262154244 -0.632774281
v 0.410415726 -0.0341558006 -0.385410026
v 0.54745663 -0.0539461499 0.206291871
v 0.565921956 -0.0409215094 0.209374177
v 0.552345219 -0.0681457493 0.202160594
v 0.341307256 0.230517246 -0.623995503
v 0.302212682 0.279762426 -0.619709754
v 0.236885324 0.336899485 -0.62514963
v 0.243694489 0.332002819 -0.633264937
v 0.259394197 0.319880923 -0.619211505
v 0.230481117 0.341291756 -0.615661504
v 0.119457588 0.394130908 -0.577587837
v 0.100998465 0.399247495 -0.580634183
v 0.410535049 0.0322552036 -0.515178827
v 0.68772533 0.00478597732 -0.215119543
v 0.707810688 0.0196498111 -0.214234111
v 0.693312663 0.0348525246 -0.212422104
v 0.384650735 0.147027733 -0.622932264
v 0.377293507 0.165018472 -0.628193155
v 0.375475059 0.169076678 -0.579485725
v 0.408894519 -0.0487740988 -0.6085224
v 0.407310869 -0.0605197018 -0.595484278
v 0.410478508 -0.0331119745 -0.584863171
v 0.410113319 -0.0364201958 -0.520976011
v 0.410427521 0.0341157747 -0.402609883
v 0.411732232 -0.00603003093 -0.405335158
v 0.410228362 0.0360498801 -0.367575082
v 0.395986173 0.11294878 -0.338188134
v 0.388451379 0.13661935 -0.322400618
v 0.40330227 0.0831918225 -0.509789398
v 0.387956694 -0.137591727 -0.596799405
v 0.376245765 -0.167339247 -0.585412001
v 0.379438502 -0.159755759 -0.59920235
v 0.386767032 -0.140864657 -0.207568254
v 0.410600388 -0.0310120388 -0.553590066
v 0.407697854 -0.0579996578 -0.570538199
v 0.365196541 0.190329737 -0.632977104
v 0.394747594 -0.117394768 -0.576507813
v 0.409911191 -0.0396000966 -0.586503276
v 0.410471256 0.0328119234 -0.554409189
v 0.411572883 0.0118208914 -0.580510718
v 0.408858772 0.0491118844 -0.598859145
v 0.408244471 0.0541820174 -0.616495219
v 0.40373931 0.0813172052 -0.361766638
v 0.366761639 0.187074327 -0.209039802
v 0.374868547 0.170423846 -0.444233242
v 0.369811332 0.18112377 -0.371155097
v 0.292322743 0.289967633 -0.379092138
v 0.305139645 0.276512043 -0.395564884
v 0.300688224 0.281258686 -0.383381464
v 0.390719357 0.129896284 -0.276740991
v 0.675497892 0.0272534483 -0.213586431
v 0.682051894 0.0542152605 -0.208228129
v 0.636899632 0.0557274785 -0.207915986
v 0.364294101 0.192062372 -0.493589133
v 0.377153133 0.16539096 -0.47444879
v 0.378664058 0.161729815 -0.498065212
v 0.396232809 -0.112335846 -0.12383957
v 0.713485996 0.0926318428 -0.19421806
v 0.715008236 -0.0608165428 -0.206352322
v 0.323808349 0.254268071 -0.410804825
v 0.387134975 0.140475959 -0.459339917
v 0.408059145 -0.0552907846 -0.49745535
v 0.403309902 -0.0833948584 -0.492732423
v 0.407090286 -0.0612318249 -0.468291861
v 0.409279025 -0.0457239398 -0.436352523
v 0.411248861 -0.0216644411 -0.459954485
v 0.41163541 -0.0124838057 -0.431757152
v 0.411717874 -0.00721704748 -0.60342288
v 0.406149253 0.0680967949 -0.393709984
v 0.402058023 0.0887825765 -0.412859733
v 0.399397533 -0.100448245 -0.302641915
v 0.395990038 -0.113141522 -0.277228939
v 0.404098765 -0.0792426705 -0.281466566
v 0.40977397 0.0404845393 -0.441267969
v 0.694721246 0.158098347 -0.145768812
v 0.660061466 0.1765389 -0.122377714
v 0.68595856 0.190652286 -0.0990427096
v 0.388002472 0.138004046 -0.43176464
v 0.409350774 0.0447340726 -0.171763787
v 0.411346993 0.0200800367 -0.177865967
v 0.411668988 0.0078189496 -0.574227691
v 0.411824991 0.00249937924 -0.537593424
v 0.409719803 0.0407675177 -0.4233093
v 0.411361948 0.0191483984 -0.426326804
v 0.408699619 0.050414108 -0.2298315
v 0.4083697 -0.0530870437 -0.270282864
v 0.411201403 -0.0225341337 -0.276394385
v 0.410386926 -0.0345527118 -0.25259159
v 0.403100228 0.0842634786 -0.302488724
v 0.408422267 0.0520116231 -0.292126273
v 0.54745663 -0.205710716 -0.0605247905
v 0.54745663 -0.200560217 -0.0760928658
v 0.54745663 -0.191058592 -0.0980219313
v 0.327862031 -0.249225894 -0.611062835
v 0.333785252 -0.241063186 -0.597556319
v 0.344285717 -0.226017847 -0.60539895
v 0.344533118 -0.225351423 -0.182689827
v 0.330234835 -0.246010026 -0.16865372
v 0.406478577 -0.0660794381 -0.193728724
v 0.40670811 -0.0644110366 -0.220305051
v 0.411750715 0.0082777284 -0.154643125
v 0.41131599 0.021274071 -0.131442046
v 0.401139316 0.0929235247 -0.153288496
v 0.405233223 0.0729251341 -0.217597283
v 0.715015231 0.0490199234 -0.209523516
v 0.718340325 0.0207093093 -0.214246427
v 0.723675569 0.0486743029 -0.209744552
v 0.3962358 0.112015987 -0.559261508
v 0.410063611 -0.0367031226 -0.613381096
v 0.406311989 -0.0669094277 -0.608978932
v 0.371931174 -0.176774698 -0.0123929495
v 0.37449279 -0.171261684 -0.0372344665
v 0.364782702 -0.191095228 -0.0339245887
v 0.560237497 0.0742135684 0.200026005
v 0.54745663 0.116979117 0.178411625
v 0.573081729 0.109829305 0.18277738
v 0.411841021 -0.00233555077 -0.254888207
v 0.403965932 -0.0793845192 -0.603728016
v 0.330739403 -0.245207162 -0.133481429
v 0.409512061 -0.0435815167 -0.231178723
v 0.407379991 -0.0598953717 -0.246204676
v 0.397666282 0.106897293 -0.551137862
v 0.410137813 -0.0368279345 -0.41017188
v 0.407056121 -0.0624160387 -0.543216948
v 0.409419552 -0.0447313647 -0.297067443
v 0.411712508 -0.00697730178 -0.300539911
v 0.411747869 0.00560790806 -0.280977816
v 0.375419698 0.169253366 -0.39451191
v 0.40023321 0.0969965321 -0.274749395
v 0.395580642 0.114333885 -0.294124644
v 0.398892499 0.102165579 -0.392408322
v 0.394299298 0.118767498 -0.141707847
v 0.410915099 0.0262184412 -0.296986828
v 0.406728842 0.0646008888 -0.274293182
v 0.410560027 0.0310999118 -0.271276254
v 0.408825085 0.0491048586 -0.253622337
v 0.403899029 0.0802330121 -0.330871686
v 0.399725194 0.0989537865 -0.322001693
v 0.410751369 0.029134229 -0.606981209
v 0.406118768 -0.0680428157 -0.368933811
v 0.407493708 -0.0592915442 -0.394846672
v 0.411770381 0.00858830292 -0.618056444
v 0.362746685 0.194821309 -0.23076103
v 0.343043426 0.227777866 -0.228998412
v 0.360481205 0.199017595 -0.248016046
v 0.391872863 -0.126513755 0.302490192
v 0.393900803 -0.120015221 0.33644061
v 0.399969621 -0.0980838706 0.313825692
v 0.404352164 0.0776955792 -0.2468502
v 0.349215202 0.218284271 0.462296487
v 0.348495945 0.219027658 -0.547851922
v 0.402806895 0.0853073586 -0.130117685
v 0.613776451 0.175149338 -0.124538722
v 0.63411794 0.20146515 -0.0739638755
v 0.631211582 0.212582477 -0.0282990501
v -0.392643839 0.123924602 0.312373153
v 0.227139872 0.343528734 -0.632752458
v 0.325409179 0.252393869 -0.473862174
v 0.305959251 0.27551336 -0.495184005
v 0.707336179 0.188664771 -0.10222774
v 0.395494722 0.114912508 -0.251064317
v 0.392812663 0.123248921 -0.224517463
v 0.409652036 0.0417642661 -0.583138309
v 0.383757474 0.148880147 -0.222659536
v 0.387534979 0.138830368 -0.153647633
v 0.54745663 0.0765255857 0.198947133
v 0.10616723 0.397874979 -0.565748526
v 0.344098536 0.226123137 -0.162675845
v 0.328858562 0.247903699 -0.30617605
v 0.380372039 0.157486037 0.00740709569
v 0.370074684 0.180506683 -0.120904485
v 0.379298634 0.160415868 -0.114693308
v 0.329616403 0.246856759 -0.00735011315
v 0.337852685 0.235258697 -0.0260254387
v 0.323070213 0.255392194 -0.0318058546
v 0.331371576 0.24424589 -0.142533355
v 0.333920887 0.240992464 -0.120035032
v 0.350660598 0.215715531 -0.0737415725
v 0.338556008 0.234368514 -0.0922241323
v 0.344034239 0.226097407 -0.0535142929
v 0.411735525 -0.00796271605 -0.139788522
v 0.41095009 0.0274814841 -0.0965313188
v 0.369186253 0.182364307 0.0235280265
v 0.378764834 0.161200372 0.03846975
v 0.368022136 0.184795593 0.0505285185
v 0.305332965 0.276170566 0.0151198091
v 0.330002087 0.246168718 0.00983325731
v 0.360512981 0.199123177 0.411191012
v 0.360600581 0.198959199 0.433377498
v 0.385988509 0.143241395 -0.023860465
v 0.391972393 0.126288641 0.0130182905
v 0.687855959 0.214375366 -0.00412910076
v 0.705389007 0.214264049 0.00606888917
v 0.705136915 0.212512676 0.0272649183
v 0.3577344 0.204095511 0.0365469515
v 0.689451673 -0.158498033 -0.145263384
v 0.600951876 0.20238112 0.0691418135
v 0.629514906 0.188781059 0.100050398
v 0.590280914 0.178593802 0.117603996
v 0.709237901 0.117219438 0.178320875
v 0.72283146 0.123084787 0.174452338
v 0.711174961 0.0927216231 0.192193202
v 0.355459018 0.207697744 -0.0493026114
v 0.35843429 0.202451866 0.532844045
v 0.359676204 0.200283504 0.00741687953
v 0.185692175 0.367461264 -0.503719718
v 0.15304682 0.382252706 -0.51734085
v 0.400422868 0.0952685095 0.158995968
v 0.402417514 0.0873471358 0.185772465
v 0.394151663 0.119423816 -0.173995108
v 0.311252576 0.269484062 -0.0997806072
v -0.40504255 0.0737320526 0.158163165
v 0.411669322 0.00852402533 0.23231636
v 0.386554319 0.141508866 0.0309155696
v 0.379476905 0.160018212 0.157526053
v 0.375799562 0.168400851 0.125495102
v 0.387786915 0.138288375 0.136888485
v 0.369154692 0.182557165 0.15267598
v 0.37128788 0.177876181 0.215216182
v 0.381088307 0.1557875 0.222005939
v 0.377010755 0.165565199 0.201681964
v 0.610323235 -0.132252396 0.167513125
v 0.586310312 -0.100825446 0.188070411
v 0.583465347 -0.139372871 0.161791914
v 0.707957305 0.199674418 0.0766148452
v 0.69080958 0.209248748 0.0455173063
v 0.631230133 0.0162504087 0.212671264
v 0.613401124 0.00407988812 0.213303416
v 0.608762542 0.0440059789 0.208678695
v 0.390388836 0.130918462 0.0810021625
v 0.392832467 0.123347507 0.112080338
v 0.384844175 0.146265094 0.105328454
v 0.373687553 0.172991302 -0.229490322
v 0.690144568 0.202748407 -0.0701315196
v 0.696031783 0.209716395 -0.0451576916
v 0.702650212 0.200878763 -0.0752710986
v 0.330408008 0.245745974 -0.0582855659
v 0.349030884 0.218331843 -0.0155264707
v 0.376987915 0.165674594 0.272023347
v 0.381676231 0.154495345 0.300509465
v 0.684975523 0.199311809 0.0775280255
v 0.663032677 0.194845299 0.0881030275
v 0.574613907 0.193043491 0.0922222337
v 0.558118664 0.207678255 0.0521033063
v 0.411602217 0.0147381728 0.283634275
v 0.411674394 -0.0127866783 0.269469495
v 0.403230721 0.083750713 0.216493407
v 0.396678004 0.110677979 0.205198116
v 0.393976484 0.119561884 0.157895815
v 0.397379531 0.108139086 0.176921398
v 0.714660855 0.209475572 0.0438373293
v 0.403606122 0.0821259644 0.141322466
v 0.403342128 0.0834242659 0.128845426
v 0.660114844 -0.151811043 0.150022366
v 0.645055913 -0.165253771 0.135523216
v 0.635759998 -0.144817664 0.156801459
v 0.348383245 0.21955932 0.141161254
v 0.406322812 0.0666662202 0.569906924
v 0.372703268 0.175148602 0.17926485
v 0.639587147 -0.0163137595 0.212661372
v 0.167186699 0.376227581 0.568612043
v 0.383105405 0.151078163 0.182390756
v 0.325010126 0.252968747 0.0970170952
v 0.352009986 0.21357757 0.18274977
v 0.260645862 0.318776565 0.578442652
v 0.288516955 0.293834988 0.582553423
v 0.258188735 0.32069635 0.595671492
v 0.296533555 -0.0261765067 0.68646599
v 0.276660055 -0.0221127756 0.68646599
v 0.271493345 -0.0493905023 0.68646599
v 0.376354698 0.166981773 0.0935893406
v 0.329754421 0.246511132 0.524183865
v 0.54745663 0.193079077 0.0914639542
v 0.344423992 0.225779951 0.113035804
v 0.356736044 0.205831445 0.0975762907
v 0.335183876 0.239145158 0.025851071
v 0.639890681 0.209081505 0.0457741916
v 0.261031166 0.318345113 0.101082152
v 0.152444467 0.382588491 -0.61577251
v 0.24363086 0.331866815 -0.595812992
v 0.180289575 0.37019714 -0.546139498
v 0.409736571 -0.0413150217 0.495567868
v 0.40952964 -0.0434856325 0.514323942
v 0.406310007 -0.0673114273 0.516027968
v 0.372227213 0.176112845 0.233611924
v 0.387260851 0.139971326 0.204848519
v 0.0427920788 0.409451984 0.501954342
v 0.40852994 0.0521435974 0.287537089
v 0.411181525 0.0231687412 0.354270001
v 0.411820666 0.00241522727 0.382153144
v 0.354190827 0.209876106 0.124240278
v 0.387260075 0.139816199 0.430413975
v 0.391728471 0.127102654 0.459106001
v 0.410875792 -0.0280697948 0.358758217
v 0.410593446 -0.0310992083 0.383258983
v 0.40834979 -0.0530074369 0.370098265
v 0.408219297 -0.0542605247 0.337364839
v 0.410007236 -0.0380981445 0.311474362
v 0.405920339 -0.0697180777 0.308512599
v 0.363731662 0.193110111 0.125077773
v 0.391374651 0.128067132 0.18176867
v 0.0494569441 -0.408767481 0.233541653
v 0.0679826277 -0.406129375 0.204673456
v 0.0337181339 -0.410439865 0.208572679
v 0.352073588 -0.213416496 0.352911426
v 0.338970857 -0.233638931 0.352176248
v 0.346476482 -0.222532194 0.325144775
v 0.314349148 0.266054998 0.294272096
v 0.0483105267 0.408942265 0.143756279
v 0.366628486 0.187457901 0.0789015003
v 0.376934873 0.165936273 0.0658339343
v 0.339381304 0.233320318 0.162971428
v 0.369650366 0.181467477 0.54896042
v 0.355309182 0.208037886 0.559371112
v 0.317804714 0.261935781 0.12424805
v 0.334273559 0.240537751 0.215983854
v 0.331634169 0.244128971 0.25562402
v 0.192884208 0.363853396 0.583603648
v 0.216944796 0.349921792 0.572020008
v 0.325167035 0.252748962 0.389336407
v 0.348851309 0.218789476 0.390843105
v 0.384203698 0.148100865 0.239413498
v 0.335326091 0.239091789 0.139898089
v 0.297539583 0.284551597 0.16902729
v -0.133115073 0.389692884 0.577239896
v 0.384096684 0.148540317 0.404410317
v 0.410810806 -0.0280262949 0.586611171
v 0.411594872 -0.0125440667 0.569962446
v 0.408680038 -0.0503505023 0.567552695
v 0.38186611 0.154039124 0.329687803
v 0.390636203 0.130279923 0.3211241
v 0.367053984 0.186704053 0.28689384
v 0.366183322 0.188387519 0.262281428
v 0.372542318 0.175490194 0.252280536
v 0.333461862 0.241548991 0.497149137
v 0.129772962 0.390745007 0.605268654
v 0.10114108 0.256898463 0.68646599
v 0.131157219 0.275801837 0.68646599
v 0.677286772 0.208711334 -0.0496321326
v 0.378654444 0.161590818 0.564725032
v 0.389527396 0.133627879 0.551100913
v 0.41020122 0.0365958901 0.217545585
v 0.14980717 0.383568261 0.58827625
v 0.129755516 0.390667928 0.595023034
v 0.15590717 0.381024643 0.597049319
v 0.41024083 0.0351104404 0.333086377
v 0.185198709 0.270227522 0.68646599
v 0.218209043 0.244879186 0.68646599
v 0.129157513 0.30334577 0.68646599
v 0.107272908 0.297565311 0.68646599
v 0.403753404 -0.080569567 0.464311097
v 0.145182505 0.230612576 0.68646599
v 0.139878929 0.197382465 0.68646599
v 0.105204955 0.210127205 0.68646599
v 0.352830162 0.212351487 0.583293435
v 0.367022297 0.18660107 0.574337404
v 0.128641412 0.25007233 0.68646599
v 0.154311046 0.112451531 0.68646599
v 0.306655791 0.274824635 0.602170173
v 0.232670322 0.147960737 0.68646599
v 0.209280357 0.1347657 0.68646599
v 0.217553169 0.178609371 0.68646599
v 0.186801434 0.181847498 0.68646599
v 0.392355103 0.124980321 0.387862445
v 0.399950461 0.0978331256 0.366223192
v 0.399886916 0.0985173284 0.400935441
v 0.159890041 0.251043141 0.68646599
v 0.178963691 0.229170099 0.68646599
v 0.211939171 0.216416031 0.68646599
v 0.197514445 0.241863593 0.68646599
v 0.718415065 0.201406764 0.0719443922
v 0.363119723 0.194104523 0.597096607
v 0.349485748 0.217768693 0.600981503
v 0.275053889 0.155432925 0.68646599
v 0.672073441 0.206005978 0.0581707636
v 0.669873639 0.211878397 0.0305698244
v 0.370229042 0.180115052 0.526658738
v 0.334604629 0.239967946 0.594880647
v 0.318684798 0.260800759 0.579931356
v 0.387611331 0.139186514 0.163305443
v 0.34804377 0.220111679 0.0197245614
v 0.321713768 0.257003969 -0.0848109921
v 0.406851754 0.0637469213 0.540536852
v 0.232603931 0.339653542 0.592471844
v 0.392438319 0.124826585 0.411059582
v 0.269563496 0.132420078 0.68646599
v 0.289216012 0.104580559 0.68646599
v 0.265238822 -0.031966161 0.68646599
v 0.406657715 0.064709048 0.476526934
v 0.406052669 0.0686428146 0.509942454
v 0.406941493 0.0634544248 0.319614337
v 0.375519753 -0.169057649 -0.11191251
v 0.697047735 -0.194509424 -0.091009715
v 0.714775152 -0.176095482 -0.123164947
v 0.407951332 -0.0559550627 0.592400926
v 0.321188599 -0.0216812678 0.68646599
v 0.411745196 0.00690582926 0.593000233
v 0.393812358 0.120441874 0.0699456114
v 0.391424779 0.127871337 0.0493957413
v 0.69115717 -0.19238237 0.0931338876
v 0.0286350716 -0.27493012 0.68646599
v 0.303518296 -0.278351538 0.471863739
v 0.306901994 -0.274392614 0.498433608
v 0.282221197 -0.299917929 0.488602823
v 0.370626662 0.179493455 0.388952927
v 0.383225264 0.150676014 0.3797733
v 0.411207764 -0.0227704846 0.202657958
v 0.409835375 -0.04055009 0.223167523
v 0.41058073 -0.0311842821 0.184569696
v 0.410645668 0.0299177317 0.309461096
v 0.410710538 0.0296625141 0.40019789
v 0.408626979 0.0509637085 0.424652962
v 0.403555476 0.0810145458 0.421377057
v 0.40548823 0.0712630015 0.405468291
v 0.655904494 -0.040870585 0.209267587
v 0.655672529 -0.077377118 0.198829975
v 0.680229492 -0.0555064468 0.205967305
v 0.384369742 -0.147811117 0.272664869
v 0.375146914 -0.169541875 0.243979612
v 0.384900337 -0.146394054 0.255361692
v 0.411083178 0.024367222 0.571451797
v 0.702269968 0.0560308796 0.205845721
v 0.69576961 -0.0429910508 0.208984268
v 0.700442071 -0.0740963615 0.200160935
v 0.311922908 0.00348360115 0.68646599
v 0.364312997 -0.191873193 0.337413893
v 0.379854029 -0.158821825 0.324366427
v 0.374276206 -0.171626723 0.349804717
v 0.411337368 -0.0201258008 0.444997198
v 0.201083571 -0.211014137 0.68646599
v 0.214641958 -0.182390854 0.68646599
v 0.19334735 -0.183811724 0.68646599
v 0.310879827 -0.0482445285 0.68646599
v 0.288938165 0.000899150094 0.68646599
v 0.409100852 0.0467129216 0.591708886
v 0.679547044 -0.0952633576 0.190806916
v 0.320962399 0.0254979059 0.68646599
v 0.409780597 0.0404148245 0.496501513
v 0.344327017 -0.225912999 0.44057839
v 0.328982724 -0.247727753 0.460020687
v 0.326947573 -0.250257321 0.429626103
v 0.245134294 0.106636018 0.68646599
v 0.400084212 0.0976335345 0.464759637
v 0.315762311 0.0485185161 0.68646599
v 0.410655414 -0.0289009989 0.553966898
v 0.29767402 -0.284351377 0.533456823
v 0.286106429 -0.296098868 0.51220236
v 0.308667486 -0.272590198 0.520297346
v 0.397265329 0.108176124 0.539867139
v 0.254460633 -0.129931569 0.68646599
v 0.274806082 -0.143608809 0.68646599
v 0.341050082 -0.230691575 0.417839099
v 0.411612515 -0.0125755424 0.512370229
v 0.323854034 -0.254405573 0.486605632
v 0.238678649 0.172890723 0.68646599
v 0.237728983 0.195903748 0.68646599
v 0.259928256 0.179764405 0.68646599
v 0.409266611 -0.0457454309 0.468347312
v 0.387222369 0.140027876 0.341875992
v 0.378370706 0.16257584 0.356464783
v 0.409670509 -0.0410352575 0.536556992
v 0.411767389 0.00400233894 0.305182576
v 0.411680899 0.00728275371 0.328302785
v 0.411710393 -0.00623561592 0.351475346
v 0.303416431 0.0275183935 0.68646599
v 0.411023747 -0.0250690666 0.169380357
v 0.411734607 -0.00660280236 0.184109852
v 0.404491555 0.0768573789 0.247926559
v 0.398844692 0.102335074 0.268925154
v 0.404820405 0.075227561 0.273500871
v 0.573857254 -0.0718510281 0.200676724
v 0.194787229 -0.362800943 -0.0890998254
v 0.172828923 -0.373617602 -0.0775177518
v 0.189159937 -0.365752628 -0.0652082951
v 0.410639162 0.0296290486 0.446578714
v 0.408823032 0.0495627197 0.454835557
v 0.410859072 0.0274893186 0.472747625
v 0.390712644 0.129923812 0.228157993
v 0.398196046 0.104784646 0.237980984
v 0.39472912 0.117123806 0.296561951
v 0.40291096 0.0848794577 0.294378885
v 0.571431694 0.138689021 0.162404084
v 0.411576683 0.0112981394 0.423037503
v 0.411579264 -0.0135385423 0.222497046
v 0.411765806 0.00603698287 0.206240386
v 0.411329938 -0.0199153921 0.291493709
v 0.411541324 -0.0143110491 0.313183648
v 0.411531167 0.0160770318 0.155386596
v 0.54745663 0.0500649675 0.207151367
v 0.54745663 0.0127956816 0.212832392
v 0.411654439 -0.0123812009 0.155579873
v 0.54745663 -0.206495683 0.0555174301
v 0.54745663 -0.196901436 0.0831162229
v 0.411516935 -0.0166553309 0.159148459
v 0.326314756 0.251089503 0.234257852
v 0.283238342 0.298925583 0.261629991
v 0.54745663 0.195665258 0.086093709
v 0.411870043 -0.000554450268 0.155954286
v 0.410309331 -0.0356725377 0.149875395
v 0.173022894 -0.373526773 0.126552723
v 0.390322041 0.130966507 0.363132377
v 0.719557202 0.160853475 0.140603622
v 0.717035198 0.134397747 0.166013318
v 0.708169565 0.148849837 0.15299532
v 0.411261659 -0.0215190586 0.245731873
v 0.409516068 -0.0432232195 0.269486985
v 0.407019266 0.0626430757 0.224658103
v 0.718605114 0.049946541 0.207342005
v 0.396734095 0.110032763 0.136431906
v 0.399102931 0.101440316 0.120124612
v 0.720640838 0.214104844 0.00904580622
v 0.562351508 -0.0950723271 0.191075671
v 0.670283838 0.125527781 0.172732794
v 0.642368564 0.115649137 0.179445294
v 0.54745663 0.0915462338 0.192695228
v 0.4047137 0.076104306 0.128957814
v 0.699610543 -0.120583269 0.176199325
v 0.674186652 -0.126078288 0.172276683
v 0.385501141 0.144825251 0.0569530508
v 0.408023253 0.0560409266 0.151430766
v 0.40782025 -0.056814054 0.244711863
v 0.40181151 -0.0901405196 0.245683417
v 0.400261142 -0.0968420944 0.222863504
v 0.54745663 -0.00197223386 0.213119757
v 0.613114607 -0.0288138843 0.211375799
v 0.589177962 -0.0177993699 0.212588067
v 0.40856901 0.0510873003 0.243940376
v 0.408997994 -0.0473041317 0.144621888
v 0.595944528 0.0809143418 0.197329364
v 0.588183512 0.0186879164 0.212480995
v 0.569115593 0.00101128539 0.213242727
v 0.564099849 0.0324009788 0.21078357
v 0.407524791 0.0589714538 0.264286511
v 0.368512117 0.183900766 0.103961795
v 0.688846987 0.0934619992 0.191815421
v 0.673550613 0.0573933679 0.205432903
v 0.402514804 0.0869926298 0.551796135
v 0.405503625 -0.0718313331 0.262371809
v 0.411231956 -0.0222445329 0.332889409
v 0.711172877 -0.042095794 0.209094365
v 0.401653222 -0.0909777463 0.441511987
v 0.329070653 -0.247534588 0.365058699
v 0.345342632 -0.224103223 0.384034236
v 0.624987808 -0.0929687297 0.192006407
v 0.63406032 -0.121019773 0.175684705
v 0.653938032 -0.107418169 0.184247915
v 0.718636919 -0.033162338 0.210659107
v 0.404582309 -0.0766787951 0.490611523
v 0.717880202 -0.089199591 0.193801344
v 0.708855243 0.17422187 0.123749779
v 0.372820424 -0.17478764 0.215921676
v 0.3788187 -0.161464735 0.230827442
v 0.382671874 -0.152112924 0.219155935
v 0.271204372 -0.309916395 0.405488859
v 0.218587089 -0.348963943 0.341073871
v 0.281375745 -0.300610173 0.365962405
v 0.54745663 -0.185347519 0.106148672
v 0.569926161 -0.191680684 0.0945444367
v 0.570662403 -0.165345272 0.13512735
v 0.595576134 -0.185080714 0.10682993
v 0.716222641 -0.130286548 0.168948643
v 0.711037909 -0.150591428 0.151243986
v 0.621181957 -0.166255854 0.134168651
v 0.24075581 -0.333977156 0.501186975
v 0.233713028 -0.338887596 0.531284444
v 0.259550845 -0.319667331 0.517480237
v 0.65256323 -0.130730799 0.168626066
v 0.318723321 -0.0658912361 0.68646599
v 0.621558095 -0.190085661 0.0979538584
v 0.402507548 -0.0873619248 0.115941005
v 0.550710686 -0.201266562 0.0724742081
v 0.716781085 0.158412636 -0.145223428
v 0.54745663 -0.10527154 0.185520879
v 0.54745663 -0.130498739 0.168742222
v 0.583547275 0.0500313212 0.207435851
v 0.396083982 -0.112751368 0.114001962
v 0.397877948 -0.106206157 0.104506444
v 0.40691551 -0.0632319228 0.135402448
v 0.377896235 -0.163662293 0.194813374
v 0.68371053 -0.211787668 0.0315323434
v 0.690271483 -0.204475766 0.0628842903
v 0.347578176 -0.220763287 -0.00418603612
v 0.359526788 -0.200850547 -0.0080390027
v 0.351523038 -0.214579155 -0.0362968021
v 0.637214361 -0.125191687 -0.174849267
v 0.65164465 -0.0920682146 -0.194450358
v 0.360244392 -0.199572936 0.449992037
v 0.376226516 -0.167528974 0.465359084
v 0.373032505 -0.174535533 0.434334486
v 0.237112319 -0.336640913 0.0427349015
v 0.28608062 -0.296076099 0.187529361
v 0.316948656 -0.262802565 0.0021539699
v 0.317400503 -0.26244816 -0.0215376766
v 0.304355421 -0.277391106 -0.00700590657
v 0.231247276 -0.197696686 0.68646599
v 0.386140293 -0.14315341 0.397217674
v 0.397457819 -0.107587006 0.396079088
v 0.391120082 -0.12868997 0.419933914
v 0.362105808 -0.196177848 0.200949931
v 0.302769371 -0.279145846 0.0876712736
v 0.301699842 -0.280169284 0.11754568
v 0.317501368 -0.262215892 0.113405874
v 0.378874214 -0.161444606 0.295166405
v 0.365986284 -0.188754984 0.271036527
v 0.406342021 -0.0669244536 0.175573886
v 0.365490986 -0.189681117 0.307402902
v 0.349571631 -0.217639646 0.288758081
v 0.330823419 -0.245157131 0.275145751
v 0.392863018 -0.123582446 0.0926520327
v 0.388071572 -0.137680958 0.104976844
v 0.385781874 -0.143691003 0.239569771
v 0.363136822 -0.193897876 0.36584886
v 0.398320533 -0.104549985 0.132629624
v 0.381966631 -0.153807685 0.148586555
v 0.382144596 -0.153504023 0.175622501
v 0.363936207 -0.19266545 0.390086193
v 0.355581802 -0.207432262 0.503018045
v 0.359284877 -0.201273696 0.477409483
v 0.372022012 -0.176443549 0.496783532
v 0.262734234 0.113277718 0.68646599
v 0.25853923 -0.00940565299 0.68646599
v 0.320701116 -0.258310785 0.333791986
v -0.145189181 -0.262073547 0.68646599
v -0.167966515 -0.262134343 0.68646599
v 0.691170422 -0.134204033 -0.168208125
v 0.668006497 -0.143692675 -0.16003953
v 0.277815878 -0.113593169 0.68646599
v 0.396650418 -0.110500802 0.515463427
v 0.398393448 -0.104240284 0.423177402
v 0.641970405 0.0521744493 0.206849072
v 0.0430822039 -0.409518987 0.436443305
v 0.402963278 -0.0848234102 0.335063439
v 0.394581444 -0.117847646 0.443118788
v 0.224955961 -0.160393938 0.68646599
v 0.235416278 -0.139955387 0.68646599
v 0.377194787 -0.165097049 0.374775539
v 0.374799386 -0.170665531 0.406082484
v 0.390660239 -0.130187732 0.368788223
v 0.383717641 -0.149049742 0.350331907
v 0.401322369 -0.0923387928 0.581201898
v 0.305293202 -0.0701234415 0.68646599
v 0.292960435 -0.0883370489 0.68646599
v 0.312692821 -0.0867533311 0.68646599
v 0.301631659 -0.110622443 0.68646599
v 0.183041632 0.249578238 0.68646599
v 0.198476334 -0.360748139 0.0185347592
v 0.212337788 -0.352809843 -0.0102945543
v 0.291425258 -0.0602937527 0.68646599
v 0.272355258 -0.0834136009 0.68646599
v 0.386196077 -0.143071688 0.490760656
v 0.405192427 -0.0728805439 0.357333005
v -0.0693732344 -0.405907032 0.579134933
v 0.110667251 -0.106382392 0.68646599
v 0.384899384 -0.146354292 0.441863012
v 0.382459092 -0.152491858 0.515751955
v 0.391610317 -0.127232836 0.584171611
v 0.378241935 -0.162820984 0.583695066
v 0.386758005 -0.141277867 0.56038833
v 0.367129275 -0.186572384 0.540888442
v 0.356784925 -0.205502855 0.553586646
v 0.371713138 -0.177171111 0.559716636
v 0.362010807 -0.196264852 0.576149725
v 0.730046317 -0.0516694047 0.206891326
v 0.382517643 -0.152527908 0.419844245
v 0.408526895 0.0513316623 0.397486518
v 0.399759542 -0.0984058028 0.361652251
v 0.405678111 -0.0708372643 0.281367551
v 0.400809041 -0.094718524 0.292293803
v 0.395003749 -0.116606571 0.279574368
v 0.387769286 -0.138348521 0.535924957
v 0.335225517 -0.238979078 0.591661522
v 0.308144309 -0.273174868 0.36257323
v 0.299251488 -0.282782277 0.385844393
v 0.307489458 -0.273992906 0.444022673
v 0.341512404 -0.229919918 0.567771438
v 0.31423442 -0.266146348 0.576432092
v 0.0793329775 -0.302594244 0.68646599
v 0.0883398429 -0.279424548 0.68646599
v 0.211355805 -0.0547585227 0.68646599
v 0.249015152 -0.208645269 0.68646599
v 0.179541498 -0.149744809 0.68646599
v 0.21396637 -0.133787736 0.68646599
v 0.142623529 -0.242272064 0.68646599
v 0.342473865 -0.228743382 0.483915251
v 0.296203315 -0.286114786 0.554548103
v 0.285752698 -0.296458693 0.574695233
v 0.274177152 -0.307219695 0.557718883
v 0.200849653 -0.359358491 0.185938112
v 0.158179095 -0.380171961 0.191732548
v 0.292335153 -0.131887496 0.68646599
v 0.288865225 -0.293338011 0.429320726
v 0.189876333 -0.247686759 0.68646599
v 0.170202494 -0.22761175 0.68646599
v 0.354255627 -0.209967736 0.0221398961
v 0.340653084 -0.231365951 0.0221215385
v -0.0473641634 -0.409036645 0.565730106
v 0.368394894 -0.184111858 0.191561004
v 0.370163618 -0.180321472 0.165038329
v 0.294459477 -0.287699646 0.593910598
v 0.35191817 -0.213695918 0.18749999
v 0.15644518 -0.380811945 0.563700817
v 0.268278121 -0.312474628 0.591149649
v 0.239220494 -0.335098679 0.587937592
v 0.673123134 -0.177105501 0.119651115
v 0.644343986 -0.18485337 0.10742484
v 0.25917161 -0.320047371 0.571759226
v 0.255945321 -0.322547839 0.546444402
v 0.0357292476 -0.410201038 0.561453301
v 0.103983514 -0.214365467 0.68646599
v 0.118039615 -0.24266319 0.68646599
v 0.130640119 -0.205797017 0.68646599
v 0.186258754 -0.36716358 0.525760592
v 0.151599857 -0.382882613 0.52174596
v 0.184150743 -0.368315418 0.498591835
v 0.0798180113 -0.404024462 0.437840917
v 0.102283079 -0.398923851 0.456409366
v 0.102033196 -0.398991316 0.476009023
v 0.126226184 -0.392030581 0.467519099
v 0.122193922 -0.393189117 0.494724921
v 0.235750988 -0.109165236 0.68646599
v 0.257237464 -0.105126694 0.68646599
v 0.0582926034 -0.407713417 0.450728776
v 0.0364594742 -0.410204878 0.46323135
v 0.0738121866 -0.405170422 0.466114532
v 0.0720903948 -0.262515664 0.68646599
v 0.204066142 -0.164802 0.68646599
v 0.0605356358 -0.223673493 0.68646599
v 0.0658094734 -0.177136168 0.68646599
v 0.112598236 -0.396009946 0.586831369
v 0.214740574 -0.232915178 0.68646599
v 0.13566228 -0.38875033 0.584037019
v -0.410255818 0.03502736 0.341764646
v -0.410314433 0.034973576 0.305506313
v 0.402478648 0.087156922 0.531124036
v 0.0998770749 -0.399463774 0.341539851
v 0.128172987 -0.391298165 0.318027958
v 0.0973510646 -0.400165199 0.30043455
v 0.111092015 -0.396473622 0.519564788
v 0.0133582239 -0.411632453 0.446665401
v -0.0195682009 -0.411356453 0.442606862
v -0.190466106 -0.263710022 0.68646599
v 0.155509731 -0.381335607 0.482419881
v 0.0670212568 -0.406195488 0.50295923
v 0.153815532 -0.382028102 0.451869961
v 0.0878298889 -0.402366 0.495414019
v 0.23376769 -0.338958224 0.141767697
v 0.254529345 -0.323687557 0.138740058
v 0.212461267 -0.352667775 0.0420612184
v 0.182698864 -0.368958007 0.0475229332
v 0.54745663 -0.150421393 -0.153410899
v 0.553587969 -0.137719336 -0.165124815
v 0.54745663 -0.133798773 -0.168124421
v 0.365280404 -0.1900023 0.0536739775
v 0.3557368 -0.207388025 0.05095509
v 0.358390229 -0.202921492 0.0701414987
v -0.203369031 -0.358005957 0.523531501
v 0.202935471 -0.358361898 0.445471598
v 0.121064929 -0.393524225 0.364077522
v 0.360666906 -0.198806204 0.137262331
v 0.287159729 -0.295106652 0.344072645
v 0.131446614 -0.390257498 0.343122534
v 0.157563079 -0.380377619 0.331993385
v 0.151443524 -0.38285707 0.361177709
v 0.12603119 -0.392074299 0.392064554
v 0.157637462 -0.380464513 0.303862301
v 0.12504869 -0.392337637 0.287828193
v 0.329316911 -0.247109555 0.146363277
v 0.345022604 -0.224732713 0.165132119
v 0.124213157 -0.392523791 0.240969828
v 0.121088957 -0.393516745 0.214278951
v -0.0220369245 -0.411185265 0.263304212
v 0.128970486 -0.391020924 0.132796143
v 0.0961601123 -0.400326021 0.138016422
v 0.108216543 -0.397292464 0.114481164
v 0.114532012 -0.39541137 0.158414544
v 0.32391971 -0.254201851 0.0723434143
v 0.328391394 -0.248292484 0.0997410642
v 0.314848675 -0.265426689 0.0811532198
v 0.403704735 -0.081268077 0.162800666
v 0.320138859 -0.259049757 0.162382521
v 0.0842329568 -0.40308307 -0.597024621
v 0.0460811783 -0.409185734 -0.603861805
v 0.0685885651 -0.405959643 -0.602371674
v 0.293797554 -0.288509197 0.261352443
v 0.286571717 -0.295676879 0.288321889
v 0.268796652 -0.311868868 0.246794756
v 0.0819860041 -0.403478055 0.170866469
v 0.246777318 -0.329556874 0.0695417967
v 0.27534527 -0.306272365 0.120424956
v 0.329458436 -0.247162025 0.123821155
v 0.365318473 -0.190061879 0.107918945
v 0.230118787 -0.341383501 0.0914580429
v 0.363273279 -0.193981041 0.0341738102
v 0.280367251 -0.301541714 0.149010617
v 0.289700156 -0.292601914 0.129379443
v 0.2093441 -0.354578792 0.0825166977
v 0.181271731 -0.369722279 0.0847908222
v 0.301284488 -0.280702901 0.150800283
v 0.298522809 -0.283577191 0.218822073
v 0.54745663 -0.172142104 -0.128279165
v 0.39873156 -0.103018372 -0.101665418
v 0.395308595 -0.115306129 -0.078552804
v 0.311292709 -0.269498449 0.266425201
v 0.374332906 -0.171493981 0.0574267674
v 0.36706157 -0.186632013 0.0796709475
v 0.329880534 -0.246547974 0.0583905528
v 0.338731839 -0.234174493 0.0519435662
v 0.330269023 -0.245809329 0.0360431726
v 0.0334820635 -0.41041149 -0.561408187
v 0.0634957045 -0.406833597 -0.528897142
v 0.304196622 -0.277441763 0.242383488
v 0.351337833 -0.214938944 0.152450704
v 0.339957531 -0.232432624 0.140488691
v 0.346851565 -0.221954515 0.129557991
v 0.332993428 -0.242359703 0.304045356
v 0.347027787 -0.221791505 0.462716466
v 0.260054393 -0.319311062 0.167325958
v 0.314710464 -0.265584884 0.136728686
v 0.336885877 -0.236653153 0.12007298
v 0.389207602 -0.134622861 0.19896103
v 0.343213477 -0.227403549 0.102453842
v 0.359869038 -0.200031329 0.158891524
v 0.358700149 -0.202333325 0.175504009
v 0.54745663 -0.176526986 0.120389969
v 0.381001269 -0.15633068 -0.0581906518
v 0.0965006915 -0.40026603 0.20119996
v 0.0913172645 -0.40157066 0.231054674
v 0.288172377 -0.294157031 0.111428255
v 0.210434237 -0.353952045 0.515282842
v 0.326253354 -0.251159925 -0.00998330311
v 0.121760158 -0.393282041 0.184301184
v 0.145266182 -0.385288333 0.159383369
v 0.732899467 -0.163898756 -0.138839184
v 0.733263108 -0.202811953 0.0679105427
v 0.303803445 -0.277904875 -0.133281315
v 0.638200068 -0.202032806 0.0703261007
v 0.652267726 -0.212413856 0.0262378032
v 0.388952633 -0.13528097 -0.131672567
v 0.388586456 -0.1363287 -0.160172336
v 0.396413228 -0.111626877 -0.148540579
v -0.039577779 -0.409767077 -0.0704838813
v -0.0180516289 -0.411364046 -0.0920544962
v 0.388262209 -0.136784864 -0.0222134864
v 0.54745663 -0.157020457 -0.146596822
v 0.361234176 -0.197482479 -0.0776799631
v 0.361036948 -0.198210516 -0.105338887
v 0.378865033 -0.161337972 0.0362769895
v 0.386073459 -0.142936506 0.0295040926
v 0.403275711 -0.0830816775 -0.11539219
v 0.409997738 -0.0385905776 -0.203148298
v 0.319225821 -0.260125426 0.0265140545
v 0.305414784 -0.276236025 0.0222155569
v 0.3481918 -0.219913265 0.0451897728
v 0.319681345 -0.259549204 -0.376003363
v 0.333766458 -0.241150355 -0.349350415
v 0.306726373 -0.274776964 -0.345308687
v 0.324951821 -0.252901181 -0.320517995
v 0.388596959 -0.13589217 -0.592583794
v 0.382928303 -0.151424257 -0.555301941
v 0.373698716 -0.17292362 -0.59548803
v 0.377149662 -0.164819355 -0.214445063
v 0.378741392 -0.161421387 -0.180137155
v 0.370256878 -0.180139113 -0.196895975
v 0.388275065 -0.137235293 -0.0712501033
v 0.387866199 -0.138574134 -0.04552763
v 0.623893299 -0.214174117 0.00594484206
v 0.624329104 -0.21142328 -0.0357117968
v 0.649358523 -0.213895078 -0.0156796332
v 0.353502453 -0.211089606 -0.147666814
v 0.343187303 -0.22758869 -0.143660744
v 0.349152136 -0.218010905 -0.128288843
v 0.163062234 -0.378133456 -0.0303206935
v 0.647009296 -0.207694168 -0.0535893685
v 0.622239028 -0.20358769 -0.0675861873
v 0.390754785 -0.130040753 -0.0016118421
v 0.361060681 -0.198113293 -0.0537034857
v 0.354157509 -0.210271141 -0.0618973834
v 0.59624894 -0.207116843 -0.0555355491
v 0.666461399 -0.206757592 0.0551493038
v 0.547616665 -0.165672772 -0.136951816
v 0.54745663 -0.21407993 0.00591936195
v 0.390216113 -0.131817773 0.0197710529
v 0.551895538 -0.184784769 -0.109308045
v 0.574686904 -0.17717348 -0.121245463
v 0.575912865 -0.148735377 -0.155142308
v 0.334864802 -0.239581408 0.0774829338
v 0.390109609 -0.132112783 0.0404579132
v 0.408520275 -0.0521779066 -0.11834077
v 0.572807693 -0.195106034 -0.0893387651
v 0.565295535 -0.207606819 -0.0544274746
v 0.34712435 -0.221464738 0.0715102043
v 0.709497382 -0.166437899 -0.135936079
v 0.644589074 -0.178010257 -0.120423642
v 0.390629388 -0.130271048 -0.0418229034
v 0.391803437 -0.12688923 -0.0631555687
v 0.54745663 -0.181624211 -0.114773642
v 0.54745663 -0.212049734 -0.0304968877
v 0.54745663 -0.21407993 -0.00098199246
v 0.54745663 -0.212152631 -0.0296988433
v 0.318229389 -0.261273823 -0.202243485
v 0.379193504 -0.160684641 -0.139666859
v 0.369322875 -0.18226304 -0.153490305
v 0.300700035 -0.281364518 -0.109499365
v 0.730622241 -0.0282910939 -0.213501155
v 0.72639158 -0.0860406482 -0.197280911
v 0.601989077 -0.189405896 -0.100953219
v 0.637572745 -0.1932916 -0.0933428658
v 0.591224723 -0.0903672654 -0.195308451
v 0.282977134 -0.298981422 -0.413565865
v 0.262690496 -0.317080409 -0.42509512
v 0.296114826 -0.286155142 -0.402517036
v 0.710178898 -0.140065282 -0.163109637
v 0.639453865 -0.159519827 -0.14415164
v 0.607132908 -0.149331138 -0.154667127
v 0.389845539 -0.132605137 -0.107755292
v 0.391011116 -0.129365877 -0.0912073171
v 0.384723821 -0.146142271 -0.0867160662
v 0.54745663 -0.149839495 -0.154011757
v 0.715824709 -0.109196286 -0.185189408
v 0.619151222 -0.17338149 -0.127085832
v 0.674144131 -0.210835343 -0.0391929764
v 0.693131861 -0.20699155 -0.0568667086
v 0.698753766 -0.212487712 -0.0288233572
v 0.701386802 -0.21423994 0.00120231249
v 0.716132578 -0.214138939 -0.00927941583
v 0.329778979 -0.246644331 -0.0625728843
v 0.332678181 -0.242676372 -0.0906920082
v 0.32159272 -0.257229652 0.0486241146
v 0.338058015 -0.234912314 -0.158295241
v 0.352859322 -0.212167494 -0.167677846
v 0.232183424 -0.340076629 -0.120927213
v 0.217772366 -0.349397334 -0.0992695287
v 0.197708618 -0.361243843 -0.120388891
v 0.670595801 -0.20242903 -0.0714027738
v 0.713367958 -0.207267475 -0.0545143648
v 0.408600106 -0.0508820845 -0.172572535
v 0.41151159 -0.0165648596 -0.171249901
v 0.410302858 -0.034508803 -0.128300232
v 0.409882378 -0.0396794839 -0.14944091
v 0.367148636 -0.186509612 0.0134682684
v 0.371187623 -0.177863917 0.0328911382
v 0.727163834 -0.212216972 -0.0311498433
v 0.720325454 -0.197213063 -0.0846855315
v 0.380255755 -0.157822573 -0.241341892
v 0.388170553 -0.137377426 -0.245893998
v 0.386468891 -0.142188222 -0.265671236
v 0.407559157 -0.058589819 -0.136793406
v 0.403333309 -0.083289518 -0.168479367
v 0.395859611 -0.113311635 -0.177243705
v 0.41172711 -0.00579845822 -0.201629654
v 0.656782878 -0.0144406457 -0.214739871
v 0.34055453 -0.231650824 -0.0485518395
v 0.242287876 -0.333001676 -0.00855838564
v 0.225527006 -0.344535138 0.0165895616
v 0.356646971 0.205618071 0.0642923472
v 0.172692804 -0.373809705 0.0238920337
v 0.54745663 -0.211797563 -0.0324526395
v 0.314440073 -0.265911323 0.0599187005
v 0.291584534 -0.29061318 0.0955777597
v 0.382720099 -0.151987501 -0.111054971
v 0.353648064 -0.210972147 -0.112372819
v 0.595785111 -0.169684868 -0.131740968
v 0.397886014 -0.106070062 -0.464579995
v 0.395341757 -0.114997461 -0.497473905
v 0.389817882 -0.132646808 -0.476568151
v 0.34621254 -0.222961993 -0.23429458
v 0.366152837 -0.188523977 -0.176952762
v 0.116799963 -0.394821227 -0.485631485
v 0.0991425307 -0.399599776 -0.514910318
v 0.0899179822 -0.401770774 -0.487308371
v 0.218982404 -0.348742568 -0.147644275
v 0.247599818 -0.329023948 -0.141326411
v 0.244577078 -0.33121765 -0.174016974
v 0.214386916 -0.351575734 -0.304618314
v 0.271146623 -0.309841642 -0.333968952
v 0.198876786 -0.360476055 -0.369752468
v 0.368666129 -0.183264532 -0.412616177
v 0.35909709 -0.201602995 -0.434972469
v 0.35040734 -0.216187295 -0.409635473
v 0.260542025 -0.318920392 -0.116201277
v 0.286808782 -0.295417942 -0.124339268
v 0.270572808 -0.310495118 -0.148354241
v 0.276947845 -0.304658527 -0.101172123
v 0.289411472 -0.293020295 -0.0991955993
v 0.264630092 -0.315469685 -0.19300949
v 0.276691677 -0.304943237 -0.176823005
v 0.298135461 -0.283974696 -0.15657616
v 0.299598372 -0.282534382 -0.18659563
v 0.3169685 -0.262904816 -0.176188972
v 0.0359796703 -0.410266167 -0.0238226512
v 0.00930302637 -0.41170872 -0.00919585986
v 0.0406038813 -0.409732798 -0.000269207083
v 0.302837674 -0.278974065 0.0563595375
v 0.287976902 -0.294293327 0.0338994474
v 0.207557794 -0.355641001 -0.170112205
v 0.047422649 -0.408968016 0.184949576
v 0.0302678005 -0.410671915 0.053845159
v 0.0105334779 -0.411517942 0.0702063477
v 0.266794123 -0.313624009 -0.0194103607
v 0.251020557 -0.326504372 -0.0375267583
v 0.0749940553 -0.404942752 -0.104982224
v 0.137032918 -0.388183805 0.0984722445
v 0.120292927 -0.393707885 0.0725971441
v 0.0533306968 -0.408322082 -0.237194845
v 0.0850927293 -0.402912269 -0.234134266
v 0.360540147 -0.199010782 -0.157909461
v 0.0489007398 -0.408839299 0.0286808555
v 0.0838653859 -0.40315664 0.0161238624
v 0.0853345628 -0.40277185 0.0379649461
v 0.061805256 -0.407124529 0.0561224351
v 0.201385015 -0.359112756 0.0645106604
v 0.634832701 0.0872630956 0.194608681
v 0.620826513 0.0700626815 0.201536225
v 0.276758206 -0.30485734 0.00992174346
v 0.0120809935 -0.411597167 -0.0349001027
v 0.193952764 -0.363196399 -0.0398859834
v 0.369140965 -0.182589955 -0.124193165
v 0.245881535 -0.330188848 -0.063868504
v 0.268723468 -0.31202657 -0.0539673145
v 0.262641325 -0.317145909 -0.0854223533
v 0.28103545 -0.301027425 -0.0789830342
v 0.133623501 -0.38945415 -0.0455093987
v 0.312184618 -0.268393207 0.0421877123
v -0.0714247929 -0.405600375 -0.581456297
v 0.240383627 -0.33425375 -0.0929647855
v 0.218508594 -0.349017016 -0.070295848
v -0.0225427958 -0.411219527 0.219083416
v 0.140735779 -0.386885068 -0.101478668
v 0.122347112 -0.393238682 -0.110781434
v 0.118739914 -0.394313906 -0.080681848
v 0.148936186 -0.383789965 -0.0762446637
v 0.228562997 -0.342544076 -0.0391885343
v 0.185891705 -0.367408269 -0.151076158
v 0.163097661 -0.37806386 -0.15736757
v 0.154328748 -0.381711169 -0.130397038
v -0.0285798889 -0.410669919 -0.332775309
v 0.102062831 -0.398955854 -0.134273394
v 0.138120026 -0.387902351 -0.161087653
v 0.0980090302 -0.39984827 -0.176482566
v 0.0801795161 -0.403716049 -0.152524639
v -0.0981624833 -0.399884563 -0.315491889
v 0.407004748 -0.0624551861 -0.150919403
v 0.166943777 -0.376393855 -0.0999759574
v 0.100265122 -0.39944831 -0.103293163
v 0.343670178 -0.226738986 -0.299395128
v 0.348066268 -0.219893389 -0.328500959
v 0.117528318 -0.394559422 -0.219728458
v 0.0894040833 -0.401873988 -0.207554347
v -0.0650534023 -0.40663065 -0.32359617
v 0.317970448 -0.26163166 -0.40491447
v 0.114720814 -0.395393986 -0.280176073
v 0.0858133429 -0.40276545 -0.399002715
v 0.0952531474 -0.400552954 -0.424159991
v 0.33205551 -0.243471013 -0.396613477
v 0.343544497 -0.227063184 -0.377450437
v 0.288878751 -0.293418002 -0.425705509
v 0.0574531956 -0.40773414 -0.168230581
v 0.0726555499 -0.405303413 -0.506966659
v 0.0390196542 -0.409882269 -0.494671533
v 0.366887647 0.186874168 -0.417423313
v 0.359810512 -0.200087043 -0.133801819
v 0.123896398 -0.392638127 -0.314019639
v 0.138424317 -0.387714938 -0.338410838
v 0.107012478 -0.397614792 -0.347426727
v 0.30381912 -0.277981059 -0.453356547
v -0.00469546776 -0.411778794 -0.462062602
v -0.0324759612 -0.410516216 -0.448556165
v 0.0201817937 -0.411308271 -0.383160283
v 0.54745663 -0.200866141 -0.0753372305
v 0.327951568 -0.249102156 0.0110462218
v 0.150345393 -0.383245576 -0.596222344
v 0.21519259 -0.351128739 -0.6134663
v 0.195143641 -0.362490768 -0.59950458
v 0.0187351244 -0.41123302 -0.522999524
v 0.0485328401 -0.408916958 -0.39602225
v 0.120676433 -0.393671197 -0.605546052
v 0.142320977 -0.386336617 -0.600379387
v -0.191700743 -0.364406329 -0.549015428
v -0.0600053129 -0.407372322 -0.598059057
v 0.0951059114 -0.400670281 -0.4559205
v 0.0633221042 -0.406903947 -0.466918798
v 0.380624134 -0.15699575 -0.299561216
v 0.38130904 -0.155530809 -0.280378199
v 0.372349803 -0.175865853 -0.288911944
v 0.290134721 -0.292195655 -0.374184972
v 0.374067398 -0.172142303 -0.440139273
v 0.106505804 -0.39771399 -0.247605759
v -0.0247538588 -0.411048386 -0.353566857
v 0.403090705 -0.0841386816 -0.431163177
v 0.319473605 -0.259791525 -0.481213644
v 0.30165692 -0.280153967 -0.492430736
v 0.356201224 -0.206678845 -0.486520954
v 0.372317505 -0.17594711 -0.492617571
v 0.365361552 -0.189923981 -0.513111749
v 0.206112766 -0.35655084 -0.608388889
v 0.220831043 -0.347404123 -0.597572368
v 0.178808002 -0.370854704 -0.597521448
v 0.389069089 -0.134634131 -0.416016246
v 0.380176967 -0.158132724 -0.419498412
v 0.387725727 -0.138627384 -0.44556951
v 0.396518381 -0.110824519 -0.603575461
v 0.294232703 -0.288022186 -0.304464111
v 0.314853164 -0.265254746 -0.279081836
v 0.310391981 -0.270436732 -0.304656088
v 0.374308038 -0.171705407 -0.315737203
v 0.683973669 -0.0268093059 -0.213496523
v 0.376153556 -0.16773001 -0.555327911
v 0.250001664 -0.327254917 -0.576143259
v 0.154273459 -0.381832941 -0.574132535
v -0.14789097 -0.384238397 -0.531351641
v 0.324585913 -0.253337531 -0.603626004
v 0.310621692 -0.270407941 -0.612459151
v 0.290515584 -0.291886619 -0.61159665
v 0.402800066 -0.08562266 -0.563533369
v 0.373405531 -0.173718881 -0.602337046
v 0.378949232 -0.160987695 -0.602396443
v 0.385468441 -0.144872937 -0.229381207
v 0.317086867 -0.262790056 -0.573412651
v 0.389735931 -0.132854547 -0.296206023
v 0.406892552 -0.06299978 -0.413401979
v 0.218335294 -0.349057227 -0.245621405
v 0.300005417 -0.282040233 -0.32269472
v 0.258435161 -0.320596407 -0.233359236
v 0.279200126 -0.30252876 -0.218871315
v 0.326331174 -0.251056636 -0.2954605
v 0.327245088 -0.249748542 -0.246016289
v 0.341376576 -0.230352505 -0.267687907
v 0.28021147 -0.301718019 -0.508257999
v 0.395078425 -0.11616998 -0.104816875
v 0.400537902 0.0958510254 -0.466226598
v 0.365592717 -0.189579215 -0.542911368
v 0.35466716 -0.209343676 -0.574125855
v 0.366991577 -0.186903277 -0.567738747
v 0.378798782 -0.16161273 -0.468744596
v -0.308268667 0.272990201 -0.43038537
v 0.411844649 0.00307190309 -0.618082881
v 0.387195694 -0.139916106 -0.363851466
v 0.381181553 -0.155702148 -0.338934414
v 0.373256413 -0.174045511 -0.361692864
v 0.394894492 0.116950337 -0.447903871
v 0.400328968 -0.0964718818 -0.51499525
v 0.411703904 0.00713216402 -0.225163753
v 0.410898265 0.0263988023 -0.242794259
v 0.314733547 -0.265556207 -0.227760476
v 0.402833197 -0.0855095479 -0.23778461
v 0.403496258 -0.082415187 -0.323278809
v 0.402139676 -0.0886455836 -0.345368874
v 0.359210255 -0.201151744 -0.247564073
v 0.37233141 -0.176061816 -0.574366442
v 0.655602166 0.203938987 -0.0668459077
v 0.402217463 -0.088157733 -0.397239869
v 0.399455422 -0.100115802 -0.542179737
v 0.395479034 -0.114681843 -0.434078373
v 0.384377723 -0.147760463 -0.317518339
v 0.36520674 -0.190140108 -0.335699643
v 0.392652443 -0.123897935 -0.39047524
v 0.39822763 -0.104939189 -0.366372249
v 0.660625204 -0.0608554647 -0.206318252
v 0.303661593 -0.278088737 -0.535042508
v 0.37506192 -0.170145795 -0.523068853
v 0.384894087 -0.145970721 -0.502947977
v 0.396758003 -0.109684816 -0.414004572
v 0.394149209 0.119305063 -0.471352021
v 0.380983789 -0.156231317 -0.392016725
v 0.411357467 -0.0203340717 -0.228974295
v 0.35967832 -0.20036174 -0.277798916
v 0.373434225 -0.173526268 -0.260847215
v 0.362733479 -0.194910458 -0.384099772
v 0.38923106 -0.13424671 -0.185215281
v 0.297264086 -0.28503407 -0.609549685
v 0.360200361 -0.199550064 -0.307284178
v 0.256258928 -0.322165312 -0.273669365
v 0.343396219 -0.227253645 -0.439717038
v 0.287460318 -0.294676352 -0.597806865
v 0.406748852 0.0643002442 -0.599405399
v -0.340471668 -0.231628329 -0.448483911
v -0.303457983 -0.278436422 -0.571112308
v -0.718290698 -0.161581904 -0.141649267
v -0.410480378 -0.0328337639 -0.142873939
v -0.164767648 -0.377439513 -0.586056988
v -0.179366101 -0.370600123 -0.600237603
v -0.322292686 -0.256405916 -0.481361278
v -0.174370242 -0.373120783 -0.561448375
v -0.345055837 -0.224689994 -0.364958824
v -0.362030433 -0.196166875 -0.347807931
v -0.39424395 -0.118747202 -0.0733919604
v -0.593308625 -0.183591653 -0.111734791
v -0.323680346 -0.254605029 -0.453888332
v -0.309804719 -0.271235889 -0.42572585
v -0.329388858 -0.24712334 -0.564151063
v -0.174255734 -0.373041071 -0.532656466
v -0.0741887534 -0.404976221 -0.553406024
v 0.264222731 -0.315717089 -0.600886138
v -0.0612432025 -0.407177259 -0.358647367
v -0.160146355 -0.379416176 -0.371596483
v -0.612338664 0.0373594352 -0.211982003
v 0.287575181 -0.294754126 -0.459566353
v 0.0101690741 -0.411605691 -0.246172326
v -0.0199841945 -0.411304267 -0.23176061
v 0.0632873862 -0.40679524 -0.217708799
v 0.014579671 -0.411568551 -0.429441638
v 0.0223092564 -0.411150328 -0.363686398
v -0.00180826855 -0.411675086 -0.185021584
v 0.204399104 -0.357523275 -0.615300608
v 0.0938029672 -0.40084221 -0.599175192
v 0.00181848311 -0.411650558 -0.492173412
v -0.22310327 -0.346140318 -0.2696992
v -0.142720454 -0.386295716 -0.559744638
v 0.0740819252 -0.405026766 -0.371470249
v 0.049788049 -0.40878884 -0.440757673
v 0.267879341 -0.312800299 -0.613958874
v 0.00638485014 -0.411670753 0.0181049074
v 0.0763711791 -0.404640263 -0.43996609
v 0.0364229415 -0.410118669 -0.423724631
v -0.0116997447 -0.41159936 -0.0220654379
v 0.241929659 -0.333176749 -0.208992725
v 0.26486658 -0.315230759 -0.211148773
v 0.0892881641 -0.4020037 -0.0529078209
v 0.0874486105 -0.402379674 -0.0838760136
v 0.230294571 -0.341312577 0.162232014
v 0.0651246482 -0.406515112 -0.418980173
v 0.0887393857 -0.402086571 -0.261587162
v 0.0341335965 -0.410360385 -0.30081283
v 0.0081651483 -0.411712692 0.23853084
v -0.117143842 -0.39479603 -0.224577721
v -0.04348526 -0.409469324 -0.122715315
v 0.355421503 -0.207842274 -0.356385858
v -0.0544610481 -0.407932739 -0.149527647
v 0.0135992458 -0.411516109 -0.0506869454
v -0.0661415755 -0.406348853 -0.174691018
v -0.261209807 -0.31831296 -0.09620034
v 0.281413606 -0.30055855 -0.20076046
v -0.213078172 -0.352374699 0.0810373767
v 0.168871221 -0.37555858 -0.327189496
v -0.205453139 0.356813797 -0.557536315
v -0.0279472673 -0.410837685 -0.158760302
v 0.0931315418 -0.401018926 0.0647974907
v 0.0106360868 -0.411600502 -0.271910038
v -0.00552982398 0.411652283 -0.554933245
v -0.363996346 -0.192500059 -0.14945752
v -0.303330054 -0.27829545 -0.244719646
v -0.394853433 -0.116911518 -0.0860409701
v -0.391678182 -0.127288379 -0.0768088892
v -0.336335803 -0.23753664 -0.29350298
v -0.338961662 -0.233623334 -0.247746701
v -0.323606533 -0.254582853 -0.234440921
v -0.326719681 -0.250579689 -0.205872262
v -0.387375796 -0.139894807 -0.0512570079
v -0.343961471 -0.226271599 0.0731244082
v -0.55615169 -0.181147184 -0.115364992
v -0.324496732 -0.253383608 -0.162350375
v -0.335253747 -0.238916833 -0.182322265
v -0.343300633 -0.227358708 -0.203501398
v -0.34448812 -0.225555769 -0.168197515
v -0.343196645 -0.227453984 -0.269203189
v -0.323299673 -0.255059337 -0.26322742
v -0.254706884 -0.323395513 -0.115993623
v -0.183610038 -0.368545559 0.0130732008
v -0.230813378 -0.340962877 0.519569273
v -0.204689208 -0.357291376 0.104860983
v -0.185875055 -0.36736365 0.0916676731
v 0.0906048933 -0.40162236 0.595962115
v 0.00220306431 -0.411752943 0.208624246
v 0.00312196229 -0.411729812 0.0473860726
v -0.127424126 -0.391616755 0.296789498
v -0.392983697 0.12296739 0.144991315
v -0.399017753 0.101620823 0.170459146
v -0.388823325 0.135547791 0.175782406
v -0.338792393 0.234052528 0.206468303
v 0.0743131411 -0.405045431 0.276578193
v 0.104795339 -0.398236104 0.264170784
v 0.1784861 -0.371078536 0.289471806
v -0.109457963 -0.397033392 0.448352131
v 0.0133578722 -0.411501303 0.571210764
v 0.112248825 -0.396121973 0.0129081924
v 0.203604217 -0.357970292 -0.612166085
v -0.125513618 -0.39220325 0.370839927
v -0.348084368 -0.219931425 0.56336534
v -0.192674309 -0.196888 0.68646599
v -0.297675704 -0.284418954 0.597520271
v -0.223091748 -0.346174345 0.462632447
v -0.318928987 -0.0257843416 0.68646599
v -0.213954539 -0.351810208 0.598973828
v 0.00776264211 -0.279346943 0.68646599
v -0.301265329 0.0135986423 0.68646599
v -0.387663626 -0.138664761 0.317282605
v -0.344402716 -0.22565381 0.126262708
v -0.388694455 -0.136040971 0.608098463
v -0.592613339 -0.214323398 -0.00511626077
v -0.614633703 -0.212951201 -0.0252511858
v -0.35769991 -0.204040444 0.178274276
v -0.357315871 -0.204540891 0.1925482
v -0.366951925 -0.186962079 0.158466617
v -0.331477553 -0.24433815 0.0806788932
v -0.689590528 -0.189940758 0.0983230025
v -0.406135045 0.0677792144 0.210116223
v -0.405763447 0.0703706126 0.260064956
v -0.400418088 0.0961255409 0.266088772
v -0.408326698 0.0534562352 0.283791119
v -0.402319652 0.0879751932 0.284469094
v -0.550384444 -0.0936169921 0.191671899
v -0.411591364 0.0147198124 0.187901472
v -0.40605912 0.0685995446 0.181895217
v -0.405169896 0.0734487222 0.235020743
v -0.407911763 -0.0558679763 0.233872558
v -0.239958912 0.106968231 0.68646599
v -0.107270328 0.39753071 0.585664662
v -0.0943826879 0.400796751 0.576305913
v -0.246039435 0.0690860823 0.68646599
v -0.23848623 0.0843250379 0.68646599
v -0.259861439 0.0949304476 0.68646599
v -0.404581504 -0.076646408 0.519296786
v -0.346184596 0.222938929 0.22324832
v -0.320782632 0.00234780507 0.68646599
v -0.272321492 0.189335406 0.68646599
v 0.378897128 0.161190134 -0.417314926
v -0.244568078 0.331314447 0.543457948
v -0.672186424 0.213722619 -0.016675404
v 0.27020784 0.310747217 -0.23855307
v 0.34105507 0.230685068 -0.2643638
v -0.357094468 0.205135376 0.146216986
v -0.0287421534 0.410685573 -0.548356534
v 0.355325533 0.208067241 -0.147961554
v -0.402160481 0.0882634996 0.195318295
v -0.661026304 -0.0794929585 0.197931259
v -0.708026955 0.00988415204 0.212870438
v -0.175241485 0.372642541 -0.542183216
v -0.0923999626 0.401185189 -0.522294151
v -0.704271087 -0.200288827 0.0750519097
v -0.668234847 0.136528448 -0.16616095
v -0.36657771 -0.187730092 -0.56752632
v -0.374944894 0.170381469 -0.469919028
v -0.621637779 -0.170730644 -0.13052442
v -0.38562527 -0.144486102 -0.0721279162
v -0.350324543 -0.216438692 -0.322778083
v -0.60471417 -0.160988443 -0.142260095
v -0.625173102 -0.214211197 0.00686097606
v -0.668027794 -0.211105 -0.0383698938
v -0.657717744 -0.214295495 0.00329533821
v -0.687499947 -0.170698747 0.128415632
v -0.551825807 -0.203233041 0.0665037658
v -0.591256732 -0.184888839 0.107479134
v -0.381425278 -0.154938196 0.128011894
v -0.338988937 0.233846017 -0.583427336
v -0.388314347 -0.136632749 -0.522796868
v -0.395842641 0.113607399 -0.568043462
v -0.341463153 0.22996431 -0.597113501
v 0.0851396429 0.40276327 -0.554209602
v 0.350461971 0.21623772 -0.465360995
v 0.34179911 0.229674154 -0.439060119
v 0.0384155778 0.409852047 -0.523052258
v 0.368723 0.183369611 -0.49755223
v 0.332046209 0.243562807 -0.450974942
v -0.388373561 -0.13652878 -0.525943751
v -0.410088516 0.0364177035 -0.556571809
v 0.280181475 -0.301782584 -0.604166592
v 0.26193747 -0.317601819 -0.598678859
v -0.411790071 -0.00540145218 -0.581256091
v -0.406993795 0.0628730831 -0.580883456
v -0.410380925 0.0325518332 -0.59750528
v 0.107336982 0.397539335 -0.509594036
v 0.109480842 0.396885501 -0.498727156
v 0.396218755 0.112377367 -0.420011762
v -0.178491554 0.371133514 -0.620859081
v 0.00945893945 0.411718627 -0.576147863
v -0.336233303 0.237729355 -0.588559586
v -0.127996935 0.391422463 -0.607928666
v 0.0327217967 0.410528346 -0.584855941
v -0.237234903 0.336523907 -0.598897457
v 0.120132237 0.393790861 -0.0214266387
v -0.149607322 0.383726039 -0.566225058
v -0.163648613 0.377734279 -0.553360947
v -0.179997975 0.370355596 -0.261104216
v -0.137905102 0.387917993 -0.498904526
v 0.130468766 0.390536013 -0.544022154
v 0.121120081 0.393423406 -0.523655003
v 0.245163219 0.330811113 -0.420156278
v 0.0933265073 0.400951698 -0.526503934
v 0.402994683 -0.0837076574 -0.587403456
v 0.397186569 -0.108044146 -0.595551571
v 0.356423125 0.206159474 -0.260980337
v 0.3385579 0.234290154 0.00472849238
v 0.0618417914 0.407058048 -0.530292705
v 0.320383595 0.258610508 -0.59353089
v 0.238611372 0.335613291 -0.594207301
v 0.376619802 0.166673398 -0.212095945
v 0.303754856 0.278038277 -0.0511081583
v 0.262906236 0.316866065 -0.382690279
v 0.296387921 0.285836755 -0.39491471
v 0.33718457 -0.236354769 -0.502674844
v 0.321068316 -0.257700231 -0.522580176
v 0.338745078 -0.234190018 -0.468286092
v 0.347033293 0.221789725 -0.607669341
v 0.334555987 0.240112385 -0.563022485
v 0.317599898 0.262167731 -0.570932037
v 0.239907688 0.334663371 -0.453045836
v 0.250377352 0.326993943 -0.482627701
v 0.27240848 0.308804913 -0.512982133
v 0.279836577 0.302165997 -0.478001158
v 0.387920911 0.138116234 -0.399365195
v 0.233111733 0.339294266 -0.55638581
v 0.199836895 0.36004277 -0.541897924
v 0.194870739 0.362793115 -0.497181595
v 0.257211021 0.321534613 -0.544361556
v 0.272567991 0.308719414 -0.572969166
v 0.311990497 0.26864112 -0.547397874
v 0.306632411 0.274940844 -0.567515255
v 0.335594861 0.23869073 -0.567381284
v 0.291560562 0.290842431 -0.5819576
v 0.243610588 0.331971677 -0.511870184
v 0.274845966 0.306522664 -0.550408722
v 0.269051411 0.311799562 -0.580233555
v 0.271967302 0.309193727 -0.5257066
v 0.25038205 0.326967257 -0.638690105
v 0.0998884995 0.399544393 -0.616878739
v 0.280451129 0.301494625 -0.600050476
v 0.331080591 0.24495481 -0.614593473
v 0.290929296 0.291300357 -0.55571079
v 0.283893586 0.298301509 -0.545267114
v 0.405562754 -0.0714982423 -0.517956844
v 0.378266456 0.162809741 -0.541748106
v 0.411553771 -0.0153763249 -0.61637269
v 0.377785864 0.163874876 -0.624507265
v 0.352798901 -0.212177056 -0.526579834
v 0.362011262 -0.19620454 -0.599248029
v 0.406998262 -0.0621399869 -0.607796438
v 0.393331085 -0.122106756 -0.25686194
v 0.298216869 0.283871677 -0.525422334
v 0.316774789 0.262973539 -0.524030386
v 0.358878717 0.201957395 -0.564651564
v 0.365013267 -0.190507291 -0.603517393
v 0.354243936 -0.209737909 -0.597266478
v 0.349016741 -0.218605541 -0.608261608
v 0.367447089 0.185882653 -0.569157969
v 0.725303862 -0.024607256 -0.213987268
v 0.722234151 0.129304338 -0.171947533
v 0.403605545 0.0816726344 -0.096638784
v 0.699344211 0.129163003 0.170040922
v 0.551717107 0.209475164 -0.0456433273
v 0.724610219 -0.132178116 -0.169741561
v 0.411070722 0.0247511522 -0.620596336
v 0.395086507 0.116104349 -0.313143985
v 0.381373384 0.155102031 -0.200390021
v 0.720282213 0.211935619 -0.0330589392
v 0.369983303 0.180909563 -0.247247427
v 0.389466226 0.13394739 -0.200630753
v 0.313853387 0.266348202 -0.15788974
v 0.640013049 0.209875581 -0.0444303194
v 0.598528259 0.214102406 0.00691252235
v 0.653249623 0.214169958 -0.0110188922
v 0.395627601 -0.11436399 0.215797872
v 0.718322494 0.181131967 0.113517461
v 0.630798165 -0.0503858037 0.207121954
v 0.409115077 -0.0467638882 0.174820628
v 0.596518192 0.123524366 0.173691918
v 0.659548265 0.08873696 0.194195054
v 0.620282785 0.106585681 0.184918759
v 0.17755765 0.371477778 0.589966502
v 0.580993863 0.161768389 0.13961052
v 0.597983703 0.151995382 0.149645251
v 0.383296466 0.150462524 0.0803532504
v 0.397505697 0.107332186 0.433194337
v 0.0838526413 0.246613055 0.68646599
v 0.103965637 0.398350118 0.589538031
v 0.160135731 0.196399629 0.68646599
v 0.32131689 0.257639967 0.599071407
v 0.257452101 0.20179911 0.68646599
v 0.249709859 0.130988792 0.68646599
v 0.252617925 0.153562009 0.68646599
v 0.277770966 0.0296746474 0.68646599
v 0.26915893 0.0930490717 0.68646599
v 0.306344211 0.0748977065 0.68646599
v 0.41158527 -0.0107402597 0.478239954
v 0.411810818 0.00700335904 0.454254538
v 0.411475605 0.014386651 0.497118045
v 0.284387797 0.0736492127 0.68646599
v 0.295256585 0.0508771315 0.68646599
v 0.249343619 -0.0767698213 0.68646599
v 0.251410097 -0.0469279401 0.68646599
v 0.404532726 0.0768636278 0.446404669
v 0.408870286 -0.0490100021 0.291359918
v 0.408305717 -0.0536395592 0.157515491
v 0.393259533 -0.122039539 0.258405556
v 0.54745663 0.0400736894 0.209431822
v 0.598734187 -0.0575704778 0.205257237
v 0.54745663 0.046326815 0.20800458
v 0.722948359 0.192124314 0.0939915976
v 0.596371818 -0.157387895 0.144343103
v 0.721464806 -0.156698092 -0.147222485
v 0.563627009 -0.210728681 0.0377989892
v 0.555476189 -0.214209159 0.00440159393
v 0.678450662 -0.214256573 -0.00636994537
v 0.319185283 -0.260150473 0.54440344
v 0.312416806 -0.268183539 0.296875684
v 0.289329789 -0.29296332 0.32025237
v 0.687406783 -0.150239276 0.151808781
v 0.666529065 -0.196540564 0.0844061268
v 0.40324074 -0.0833971818 0.143759878
v 0.395131427 -0.11604685 0.236103863
v 0.357579274 -0.204216885 0.418865034
v 0.390242977 -0.13162136 0.222899101
v 0.323635636 -0.254710852 -0.1058403
v 0.354731981 -0.209140987 0.11484005
v 0.356018335 -0.206768938 0.092016184
v 0.40081113 -0.094332549 0.270559448
v 0.332212345 -0.2433059 0.514262147
v 0.35373131 -0.210832233 0.529589859
v 0.368971412 -0.182823289 0.519934378
v 0.34153308 -0.230073992 0.542820534
v 0.378049317 -0.163199027 0.53882402
v 0.173253328 -0.198608503 0.68646599
v 0.150428355 -0.181233704 0.68646599
v 0.122038211 -0.39329475 0.597425629
v 0.265184067 -0.31510599 0.461505689
v 0.292168109 -0.290285922 0.00834738989
v 0.395960476 -0.112737247 0.565077448
v 0.394251672 -0.118535264 0.544794847
v 0.402490037 -0.0866189646 0.546370909
v 0.152135313 -0.215980574 0.68646599
v 0.227088943 -0.217371985 0.68646599
v 0.219620774 -0.348380433 0.485324407
v 0.22888559 -0.342215944 0.561778074
v 0.263437688 -0.316511106 0.49255776
v 0.278251008 -0.303416005 0.536855329
v 0.270166118 -0.310608193 0.501053686
v 0.0960715637 -0.254358232 0.68646599
v 0.188622395 -0.365956261 0.161179345
v 0.170691638 -0.374763574 -0.178784195
v 0.223580854 -0.345698827 0.0656125897
v 0.289885514 -0.292505102 -0.0521041063
v 0.304866046 -0.276892113 -0.0339016962
v 0.288154147 -0.294050763 -0.0183627242
v 0.337559687 -0.236004193 -0.117990416
v 0.3414426 -0.23002999 -0.0252275931
v 0.336645162 -0.237150999 -0.00655514684
v 0.156928839 -0.380651016 -0.390437271
v 0.156502847 -0.380894757 -0.357997568
v 0.298439637 -0.283538355 -0.213039522
v 0.344581539 -0.225431145 -0.102817166
v 0.54745663 -0.211326184 0.0340945929
v 0.39406874 -0.119160946 -0.332580536
v 0.404651789 -0.0761626886 -0.260220157
v 0.393189978 -0.122307618 -0.0849866048
v 0.329890208 -0.246496909 -0.0314982361
v 0.268808033 -0.311967329 -0.607245801
v 0.0903672133 -0.401723859 -0.52897927
v 0.1658003 -0.376841876 -0.0542323586
v 0.296917631 -0.285339009 -0.082225583
v 0.278452201 -0.303301527 -0.0358168097
v 0.105309002 -0.397995051 -0.0177148389
v 0.209520172 -0.354522703 -0.200235903
v 0.0626133733 -0.407032321 -0.583922659
v 0.111165712 -0.396489598 -0.19836879
v 0.133340447 -0.389523159 -0.192344534
v 0.120402966 -0.393825928 -0.445395732
v 0.342968402 -0.227983542 -0.58584773
v 0.336060333 -0.238012939 -0.537858566
v 0.321230996 -0.25773173 -0.566165313
v 0.281480997 -0.300620261 -0.611079533
v 0.31414449 -0.266352948 -0.601969743
v 0.28926995 -0.293131244 -0.580138962
v 0.338335511 -0.234776681 -0.610687064
v 0.367495134 -0.185895148 -0.578265643
v 0.405496788 -0.0719264367 -0.30375682
v 0.399594265 -0.0994294823 -0.259251109
v 0.369901045 -0.180861571 -0.232603692
v 0.366328124 -0.187997108 -0.461836954
v 0.353680806 -0.210920996 -0.457388354
v 0.325393548 -0.252369214 -0.54231009
v 0.0373795392 0.409958858 -0.522085067
v 0.265316104 0.314830531 -0.413465181
vn 0.964318233 0.264618595 0.00820639771
vn 0.972653675 0.232134323 -0.00764750833
vn 0.930007344 0.366465846 -0.0280913279
vn -0.950441073 0.264168166 0.163941902
vn -0.899617216 0.269072031 0.343931834
vn -0.460588505 0.0509764954 0.886148761
vn -0.0178462239 -0.999840417 -0.000807623638
vn 0.0368165796 -0.999321995 0.000298021329
vn 0.053370254 -0.998573495 0.00160943881
vn 0.707947514 0.699390005 -0.0983053311
vn 0.76947397 0.638662376 -0.00449213119
vn 0.80715406 0.585279124 -0.0771405914
vn -0.812105498 -0.583510215 -0.000699315181
vn -0.781941378 -0.623341313 -0.00364538441
vn -0.833016725 -0.553236451 0.00354472276
vn 0.997633126 0.0686684219 0.00357689595
vn 0.989097047 0.147232816 -0.00308695247
vn 0.987147801 0.159686668 0.00627589011
vn -0.0814933442 0.375714517 -0.923145404
vn 0.0429230134 0.95037782 -0.308122726
vn -0.0242587791 0.999685605 -0.00634059445
vn 0.802858709 0.560490229 -0.203146734
vn -0.803812928 -0.566555984 -0.181381074
vn -0.852229915 -0.522432247 -0.0277258029
vn -0.528779119 -0.848748992 0.00421795925
vn -0.462127284 -0.886810537 0.00233335672
vn -0.509221558 -0.860635325 0.000491771069
vn 0.64129287 0.757612312 -0.121519711
vn 0.907677094 0.419492219 0.0121889942
vn 0.88237214 0.469952648 0.0237468768
vn -0.919479552 -0.39313621 0.00112883434
vn -0.91538057 -0.402547458 0.00582715398
vn -0.932869007 -0.360208057 0.00236015284
vn 0.324753938 -0.945798502 -0.000270828222
vn 0.399472354 -0.916737848 -0.00368184047
vn 0.396113635 -0.918178119 0.00655207712
vn 0.641961443 0.758436584 -0.112514239
vn 0.543394175 0.830843001 -0.120094453
vn 0.379127702 0.9197802 -0.101324078
vn -0.767744195 -0.640756461 9.27878905e-05
vn -0.771744466 -0.635932756 -9.34269558e-05
vn -0.735159461 -0.677893253 -0.00114203238
vn -0.620133178 -0.784493557 0.0021681377
vn -0.589478915 -0.807783293 -0.000871340945
vn -0.571618563 -0.820515155 0.00266430045
vn -0.0103834011 0.139776993 0.990128566
vn -0.000384321634 0.103928786 0.994584667
vn 0.00171549375 0.239187824 0.970971803
vn -0.649178508 -0.760636022 0.000328213432
vn -0.683622483 -0.729833939 0.00164976076
vn -0.711258181 -0.702930864 4.28310236e-06
vn -0.754795096 -0.65595299 -0.00316820375
vn -0.760573795 -0.649249973 0.00140506141
vn -0.69811769 -0.715982862 0.000481811253
vn 0.233295677 -0.231056118 -0.944556085
vn -0.653222284 -0.756753538 -0.0249945834
vn -0.606123204 -0.795354804 0.00503959866
vn 0.00632588003 -0.0815570442 -0.9966486
vn 0.00837095664 -0.0722248206 -0.997353249
vn 0.0135434754 -0.238236082 -0.971112838
vn -0.367310937 -0.930094119 -0.00275777799
vn -0.407757324 -0.913089833 -0.000959732405
vn -0.342072129 -0.939672035 0.00176751534
vn -0.786107528 -0.61807843 0.00374297766
vn -0.794453342 -0.607322548 -0.00179163311
vn -0.754043667 -0.656819663 0.00246551011
vn -0.161317046 -0.986901702 0.00135691671
vn -0.200694592 -0.979651667 -0.00207161947
vn -0.234934308 -0.972010095 -0.0014987366
vn -0.800960272 -0.59870427 0.00397988134
vn -0.774810293 -0.533994424 0.338406509
vn -0.744400371 -0.529613245 0.406666815
vn -0.849041673 -0.52832587 0.000110662022
vn -0.808756392 -0.588143543 -0.000520592068
vn -0.843625102 -0.536927833 -0.0022782351
vn -0.119627035 -0.992818548 0.000838646669
vn -0.187113499 -0.982331732 -0.00359269058
vn -0.178717201 -0.983900472 -0.000155151683
vn 1.59053187e-15 2.2013246e-16 1
vn 1.48613913e-15 1.50891267e-15 1
vn 2.97819522e-15 1.61363864e-15 1
vn -0.0194533943 -0.999785522 -0.00710466813
vn -0.0532725628 -0.998456556 0.0157015662
vn -0.103145605 -0.993514284 -0.0478576256
vn 0.143888219 -0.932220576 0.332055686
vn 0.0282500906 -0.924950708 0.379035777
vn 0.0877461845 -0.996133279 0.00437000932
vn -0.639543182 -0.768752421 0.0020575931
vn -0.70278048 -0.711406684 -0.000357593889
vn -0.633257555 -0.773940565 -0.000932909911
vn -0.298318252 -0.954460485 -0.00337700782
vn -0.286958689 -0.957942855 -0.000443340546
vn -0.519295382 -0.854593977 -0.00120051957
vn -0.51799961 -0.855380412 0.000868601416
vn -0.582308487 -0.812967898 0.000147753217
vn -0.721470963 -0.692444388 -0.000648238119
vn -0.284351978 -0.958718199 0.00183524351
vn -0.227346589 -0.973813223 0.00115535124
vn -0.296713225 -0.954966564 0.000352725874
vn -0.192098398 -0.9813701 -0.0033063712
vn -0.262347058 -0.964969241 -0.00289567683
vn -0.224083097 -0.974563828 0.00347998255
vn -0.228435336 -0.973557183 -0.00192603664
vn -0.277555392 -0.960709605 -0.000242145926
vn 0.241547509 -0.970388743 -0.00069944521
vn 0.186094455 -0.98253115 -0.0011802179
vn 0.191463118 -0.981499806 -6.88450022e-05
vn 0.00599377867 0.24444293 0.969645156
vn 0.00390653803 -0.002961129 0.999987985
vn 0.0210813856 0.124508705 0.991994535
vn 0.284851158 0.696135193 0.658980737
vn 0.0282165526 0.852865437 0.52136779
vn -0.210766351 0.802236814 0.558563908
vn -0.174924369 -0.984580129 -0.001853462
vn -0.914099566 -0.078513115 0.397816132
vn -0.999489073 -0.00746818392 -0.0310776401
vn -0.998914256 -0.045787848 0.00858961947
vn -0.887602663 -0.46060968 0.000483904989
vn -0.890647442 -0.454685361 -0.00289069385
vn -0.919656787 -0.392638525 -0.00814753944
vn -0.986214525 0.165320083 -0.00708390024
vn -0.976843427 0.213879805 -0.00568761661
vn -0.960594453 0.277880933 -0.00636266181
vn -0.517318303 0.855728536 0.0105093336
vn -0.777597541 -0.616432238 -0.123908677
vn 0.573519973 0.816562721 0.0655756245
vn -0.578538239 -0.815655117 0.000485282922
vn -0.604650503 -0.796490532 -0.000775754809
vn -0.635239635 -0.77231236 -0.0020551269
vn -0.65105339 -0.75903185 -0.000365186468
vn -0.68766084 -0.726031198 -0.00112639365
vn -0.466592834 -0.884472216 -0.000160669469
vn -0.548018672 -0.836465928 -0.000535438498
vn -0.52057968 -0.853812882 0.00059893445
vn -0.39002813 0.0365598049 0.920076866
vn -0.957108281 0.0929642658 0.274410975
vn -0.891130632 0.0387910744 0.452085665
vn -0.993889333 0.110287411 -0.00454754115
vn -0.999530174 0.0298405601 -0.00699806457
vn -0.993315005 -0.115418378 0.00197445304
vn -0.998950378 -0.0448771101 0.00917537007
vn -0.999061361 -0.0432639321 0.00215150648
vn -0.633010547 -0.774143118 0.000283537132
vn -0.379074715 -0.925357071 0.00408059212
vn -0.424984858 -0.905188222 -0.00470672722
vn -0.495728486 -0.868476195 0.00153876399
vn -0.339929432 -0.213467607 0.915903686
vn -0.635288608 -0.569103556 0.522043607
vn -0.233017693 -0.972471245 0.0015595455
vn -0.575680982 -0.817666781 -0.00352735014
vn -0.549512256 -0.835485594 0.000319230708
vn -0.611210041 -0.791466723 -0.00164691849
vn -0.184892924 -0.982758603 -0.000366771161
vn -0.218533709 -0.975829206 0.000615387051
vn -0.125281697 -0.992114239 -0.00371917785
vn -0.973150991 -0.230124533 -0.00445502309
vn -0.953301256 -0.302021049 -4.58705061e-05
vn -0.96133867 -0.275363678 0.00167536147
vn 0.851206918 0.524827865 -0.00157924167
vn 0.877085173 0.480334709 0.000409160693
vn 0.84774077 0.530408081 0.00168941387
vn -0.590866089 -0.806769648 2.50038108e-05
vn -0.175906094 0.0124812942 0.984327823
vn -2.48346927e-15 2.46461645e-16 1
vn -2.28009913e-15 1.14368567e-15 1
vn -0.798290491 -0.602271469 0.00117062871
vn -0.7731979 -0.634164683 0.000402482726
vn -0.743340115 -0.668912351 -0.00131894031
vn -0.985225392 0.171149174 0.00623595572
vn -0.767267854 -0.641324306 0.00178173625
vn -0.75466944 -0.656101982 -0.00205569257
vn -0.799620643 -0.600505191 -0.000585737398
vn 0.152909745 0.906178194 0.394283769
vn 0.27431258 0.73683269 0.617924102
vn -0.140241877 0.89114286 0.431505062
vn -0.818245796 -0.574866601 -0.00148595745
vn 0.674029605 0.738687197 0.00503160434
vn 0.65260696 0.75749578 -0.0174441416
vn 0.681891626 0.731197841 -0.0193268406
vn -0.594996489 -0.803727867 -0.000833440276
vn -0.718860626 -0.695153436 -0.00104939773
vn -0.662119054 -0.749397914 -0.0010608731
vn -0.357773147 0.174329492 0.917391739
vn -0.248740497 -0.0621063801 0.966576931
vn -0.0320405639 0.114074324 0.992955412
vn -0.0919630814 -0.995761011 0.00167365699
vn -0.197120763 -0.980373355 0.00338956112
vn -1.36397219e-15 1.35771747e-15 1
vn -0.370203942 -0.928949774 0.00116559445
vn -0.309804882 -0.950796479 -0.00264395398
vn -0.316595451 -0.948559903 0.00119639917
vn -0.892025252 -0.451971584 0.00355474557
vn -0.911902635 -0.410395698 -0.00299245907
vn -0.942471205 -0.333964123 -0.0146966994
vn -0.901226083 -0.0945460282 0.422909679
vn -0.570927279 0.373094685 0.7313292
vn -0.892988534 0.349302187 0.283829986
vn -0.589005961 0.750699316 0.299203133
vn -0.59215102 0.755529566 0.280236051
vn -0.533972268 0.84500605 -0.0289550003
vn 0.933013129 0.359749986 0.0081516456
vn 0.920852405 0.389881737 0.00480403186
vn -0.349638225 0.936826489 -0.0104518148
vn -0.154217071 0.987192808 0.0408344765
vn -0.265993983 0.954505119 -0.134785676
vn -0.565702867 -0.824605206 -0.00255336404
vn -0.581578607 -0.813489926 -0.000680352059
vn -0.535275783 -0.844677241 0.000441155017
vn -0.000158888456 -0.606122434 -0.795371341
vn 0.00104524565 -0.724192763 -0.689596802
vn -0.0142138549 -0.629938402 -0.77651502
vn -0.60120176 0.163145633 -0.782265905
vn -0.0460265989 0.437819881 -0.897883792
vn -0.179122712 0.310622755 -0.933503379
vn 0.922637727 0.385656526 -0.00294418954
vn 0.898134462 0.439674824 -0.00636690519
vn 0.899830118 0.436237071 0.00172523224
vn 0.943423283 0.331500125 -0.00775733894
vn 0.949447298 0.313809559 0.00856673559
vn 0.990194725 0.136785408 0.028357707
vn 0.0163210258 -0.59689775 -0.802151295
vn 0.0133013555 -0.481351076 -0.876426959
vn 0.0137595151 -0.344615768 -0.938642982
vn -0.828529166 -0.559945891 -0.000140704257
vn -0.828758047 -0.559606917 0.000446225903
vn -0.854125179 -0.520067408 -0.000262471746
vn -0.43880535 -0.898581246 0.00126816595
vn -0.703399723 -0.710793898 -0.000929032429
vn -0.916241061 -0.400625896 -0.00110020172
vn -0.895127374 -0.445805857 -0.00203045657
vn -0.665033538 -0.746810239 0.0022043257
vn -0.662015221 -0.749490355 -0.000234824898
vn -0.716038749 -0.698057627 0.00201481748
vn 0.00120280796 0.754594774 0.656189973
vn -0.00473840733 0.797462007 0.603350558
vn -0.00873732736 0.751122106 0.660105477
vn -0.398683324 -0.917088658 -2.41217638e-05
vn -0.485202405 -0.87440176 0.000433462994
vn -0.49731172 -0.867571127 -0.00118014493
vn -0.766878754 -0.641791818 -0.000489547621
vn -0.753520405 -0.657420035 -0.00242845022
vn -0.740195639 -0.672389875 0.00150741811
vn -0.209599255 -0.97778514 -0.00209091443
vn 6.59673585e-16 -1.12709998e-15 1
vn -0.296370872 -0.349274499 0.888915986
vn -0.755960775 -0.654613956 0.00196832698
vn -0.744559059 -0.667556523 -0.000310043089
vn -0.799395663 -0.600802699 -0.00164054227
vn -0.0036056086 -0.000909380457 0.999993086
vn 0.492480977 0.712225103 0.50019785
vn -0.551353477 -0.834270624 0.00136733186
vn -0.703537433 -0.710658166 -0.00022932258
vn -0.69116123 -0.722700583 0.000146832298
vn -0.44936181 -0.893349766 -0.000399028734
vn -0.656699672 -0.754148048 0.0025024336
vn -0.709923595 -0.704277963 0.00101991624
vn -0.666073119 -0.745884875 -0.00153411862
vn -0.259681064 -0.965691218 -0.00249331223
vn -0.324276195 -0.945957117 0.00317520304
vn -0.33524434 -0.942125662 -0.00323580554
vn -0.123464888 -0.991609935 0.0382904411
vn -0.943767755 -0.330601948 0.00218546481
vn -0.205138953 -0.976701194 0.0630300587
vn 0.60673491 -0.794777974 0.0141676414
vn 0.716150126 -0.697881221 -0.0095288073
vn 0.718144217 -0.695885758 0.0034489782
vn -0.565409689 -0.824807386 -0.00215853479
vn -0.506856435 -0.862026047 -0.00276549955
vn -0.830534877 0.477971076 0.285929132
vn 0.803440203 -0.508774421 0.309244933
vn 0.593882546 -0.507187209 0.624551564
vn -0.812006058 -0.583642882 0.00267352306
vn -0.800805061 -0.598924405 0.000901248747
vn -0.387094913 -0.922039539 -0.000785448962
vn -0.414344146 -0.910108455 -0.00463991524
vn -0.480723089 -0.876872016 -0.000882240295
vn -0.616530588 -0.787330676 -0.000663294081
vn -0.862332991 0.505564219 -0.0280469711
vn -0.882878335 0.466097358 -0.0572634098
vn -0.834440356 0.550955901 0.012525459
vn 0.835563671 0.549389263 0.00218865084
vn 0.782909781 0.622089704 0.00752823155
vn 0.839862655 0.542788319 0.00340027779
vn -0.259842938 -0.874503139 -0.409543535
vn 0.0846757529 -0.989064799 -0.120751153
vn -0.200631122 -0.979395575 -0.0230534241
vn 0.83424649 0.551384818 -0.00275245002
vn 0.778876595 0.627157475 0.00497510738
vn 0.837327415 0.546690702 0.00347520578
vn -1 0 0
vn 0.442132835 -0.802881355 -0.399875088
vn 0.435723272 -0.835364849 -0.335128033
vn 0.104977492 -0.994474491 0.000462266342
vn 0.17808567 -0.984014015 0.00138296724
vn 0.166168636 -0.986097117 -0.00067859464
vn -0.158446089 -0.416576078 -0.895186689
vn -0.382944423 -0.12783239 -0.914883844
vn -0.370932995 0.542684526 -0.753592874
vn 0.0285921391 -0.999583413 0.00393582862
vn -0.0083821232 -0.999964554 0.000793928959
vn -0.0635669922 -0.997976757 -0.00127681497
vn 0.971986152 0.227016279 -0.0608812783
vn 0.940557205 0.339231236 0.0165624001
vn 0.970053541 0.242866238 -0.00348123857
vn 0.14917165 -0.988811132 -0.000603365006
vn 0.226991317 -0.97389606 0.00118609241
vn 0.167140071 -0.985933078 -0.000403471012
vn 0.922903268 0.385031736 0.000348417904
vn 0.938550441 0.345130025 0.00288706557
vn 0.906651063 0.42187383 0.00251411985
vn -0.0219147989 0.764506857 0.644242973
vn 0.944108166 0.329633941 0.0011121418
vn 0.917877676 0.396861921 -0.00108987641
vn 0.945532669 0.325519589 -0.00222900825
vn 0.311352356 -0.753667097 -0.578831251
vn -0.256139423 0.655807594 -0.710147165
vn -0.832306799 -0.55429207 -0.00506882982
vn -0.884571831 -0.466080534 -0.0173669443
vn -0.885673612 -0.464280236 -0.00511030044
vn 0.873074759 0.487579948 -0.00250192827
vn 0.818417947 0.574567293 0.00803061006
vn 0.831279011 0.555843278 0.00366834261
vn 0.973514305 0.228625963 0.000258694265
vn 0.968881402 0.247512513 -0.00252667252
vn 0.957955463 0.286905855 0.00252219158
vn 0.99996941 0.00776466364 -0.000942750129
vn 0.999022649 0.0441673725 0.00172898019
vn 0.997957037 0.0638842913 -0.000740829086
vn 0.837691801 0.546141717 0.0012929928
vn 0.836557765 0.547864432 0.00395846767
vn 0.799655991 0.600448539 0.00344199865
vn 0.954321577 -0.298777709 0.00148619865
vn 0.943988778 -0.329913888 -0.00648171435
vn 0.933807319 -0.357774024 0.00127990526
vn 0.858360177 -0.51304756 -8.72006901e-05
vn 0.886567085 -0.462576211 0.00469609421
vn 0.872635389 -0.488349075 0.00476007309
vn 0.24667349 -0.969098319 0.000798456816
vn 0.777516917 0.628851864 0.00357444577
vn 0.731872698 0.681002296 0.0244586891
vn 0.947136198 0.320830798 -0.00078808184
vn 0.963622429 0.267261191 0.00180838528
vn 0.959878887 0.28039829 0.00305315007
vn -0.425804494 -0.174635441 -0.88780234
vn -0.166222335 0.985755218 -0.0256278307
vn -0.07310878 0.997018468 -0.0246836169
vn -0.0980628745 0.995179978 -0.000695636763
vn 0.853458473 0.521160851 -4.64636346e-05
vn 0.885618983 0.464411687 0.000895801587
vn 0.88022959 0.474544556 0.00182582318
vn 0.799324942 0.60063753 0.0177255457
vn 0.822944913 0.56812117 7.75580962e-05
vn 0.854005743 0.520243301 0.0045933415
vn 0.980351684 -0.197252107 -0.00147730043
vn 0.990434315 -0.137983026 0.000742602769
vn 0.991390038 -0.130937261 0.0011069688
vn 0.980641229 0.195614209 0.00882386036
vn 0.217769224 0.97401036 -0.0622927229
vn 0.963595046 0.267366018 1.79161772e-05
vn 0.960359343 0.278762496 0.00118421518
vn 0.976731734 0.214460595 -0.0013317382
vn 0.970195584 0.242321065 0.00101514939
vn 0.115615702 -0.993291765 -0.00211626764
vn 0.0559713231 -0.998432367 -0.000136632305
vn 0.1076106 -0.994190329 0.00235547367
vn 0.785499499 0.618850917 -0.00375235836
vn 0.832764173 0.553626388 0.00128601718
vn 0.822530904 0.568719552 -0.000991370205
vn 0.914521052 0.404532079 0.00224529302
vn 0.936751139 0.349980618 0.0032970078
vn 0.913056622 0.407823374 0.0027751531
vn 0.997333963 0.0729684369 0.000757367566
vn 0.999984594 -0.00392231089 -0.00392778331
vn 0.995979966 0.0895470724 0.00228675132
vn -0.00356985729 0.094180825 0.995548707
vn -0.00276673694 -0.0851339773 0.996365671
vn 0.00355039969 0.0871104939 0.996192329
vn -2.01990619e-16 -1.25623637e-15 1
vn -8.8019252e-16 -9.41886351e-16 1
vn 2.46726539e-15 -1.2524659e-16 1
vn 0.946439689 0.322880339 0.000448511029
vn 0.922806435 0.385261743 -0.00129351722
vn -0.998605532 -0.0527604427 -0.00182414782
vn -0.930234424 -0.040344754 0.364741302
vn -0.924502502 -0.0401703101 0.379053386
vn -0.441097418 0.897410852 -0.0093182575
vn -0.376568289 0.925875413 0.0308390025
vn -0.385663915 0.922631456 -0.00381330212
vn 0.995625819 0.0934200066 -0.00138927036
vn 0.989771229 0.142643222 0.00241357035
vn 0.985868368 0.167489364 -0.00329745276
vn 0.992144328 0.125098427 0.000126655295
vn 0.992824925 0.119576545 0.000342472384
vn -0.618806737 -0.785537722 0.00295109965
vn 0.0297655477 0.909274773 0.415130581
vn 0.961307125 0.275464612 0.00280331556
vn 0.779841069 0.625887584 -0.0106131372
vn 0.756084004 -0.654474046 -0.000837782099
vn 0.749599834 -0.661884177 0.00307015007
vn 0.78501684 -0.619473385 0.00113379989
vn 0.982520205 0.125393767 0.137587975
vn 0.217308145 0.334743305 0.916910077
vn 0.832192829 0.361789035 0.420194943
vn 0.0156694288 -0.544745342 -0.838455116
vn -0.00615980743 -0.522447046 -0.852649483
vn 0.0159015682 -0.410540104 -0.911703879
vn 0.821466261 0.570253566 0.00201299059
vn 0.891158982 0.45369107 -0.000287226455
vn 0.54549692 0.472505507 0.692222259
vn -0.422435317 0.661700758 0.619435638
vn 0.842423776 0.538814565 0.00102289018
vn 0.00079720807 0.689772108 0.724026107
vn -0.00277838011 0.637118548 0.770760816
vn -0.00010786616 0.765354573 0.643608861
vn 0.158320375 -0.357713158 0.920312966
vn -1.19887226e-15 -6.83607399e-16 1
vn 0.113825018 -0.351399975 0.929280325
vn 0.786969042 -0.616992407 0.000311463877
vn 0.751209231 -0.660063953 -0.000519386901
vn 0.799930162 -0.600092658 -0.000733181729
vn -0.00580991381 0.733708436 0.679439605
vn 0.000650785914 0.818308538 0.574778838
vn 0.00956561583 0.862956316 0.505187981
vn 0.435793228 -0.558405374 0.705880798
vn 0.332423054 -0.690183305 0.642761168
vn -0.003221138 -0.610245143 0.792206091
vn 0.027967566 0.996933736 -0.0730817388
vn 0.0256011571 0.981022166 -0.192198052
vn 0.0504827287 0.998423424 0.0245389615
vn 0.745775426 -0.666192246 -0.0026279743
vn 0.782485282 -0.622668637 -0.000742855584
vn 0.800185393 -0.599752212 -0.000788448709
vn 0.949952899 -0.31238969 0.00147331179
vn 0.94985395 -0.312688529 0.00183211546
vn 0.96728222 -0.253699727 0.00124679549
vn 0.996119403 0.0880006294 0.00142260428
vn 0.999739872 0.0227137136 -0.00206795722
vn 0.997588999 0.0693974973 -0.000420693343
vn -0.519750205 -0.854317899 -0.000807787763
vn -0.529889943 -0.848066414 -7.95417864e-05
vn 0.995165588 0.0978235333 0.00871824852
vn 0.395591733 -0.417696063 0.81794693
vn 0.902080701 0.185796998 0.389525205
vn 0.965800854 0.25926715 0.00304210085
vn 0.869177735 0.271626309 0.413218118
vn 0.940369768 0.340153541 -0.000518252439
vn 0.154644715 0.063492466 0.985927847
vn 0.00949392706 -0.0635640333 0.997932602
vn 7.04265875e-16 9.82748705e-16 1
vn 1.10995822e-15 2.14052898e-15 1
vn -0.0818922965 -0.133495369 0.987660184
vn 0.9495854 0.313499251 0.00240576642
vn 0.943424097 0.331553733 0.00480569505
vn 0.926753451 0.375669585 -0.000635003312
vn 0.502575295 -0.864530251 0.00234903014
vn 0.475887134 -0.879503457 0.00225941036
vn 0.438248885 -0.898846187 0.00366694441
vn 0.96081397 0.277183961 0.0023594077
vn 0.977759886 0.209689511 0.00398925466
vn 0.97062671 0.240589794 -0.000583073414
vn 0.138432901 -0.990369521 -0.00213180453
vn 0.0390923995 -0.999221206 -0.00536330315
vn 0.0492072254 -0.998777372 0.00473390726
vn 0.125147267 -0.992137494 0.00116388956
vn 0.998255148 -0.0590368219 0.00114552235
vn 0.420533784 -0.811572015 0.40558871
vn 0.0680521428 -0.84152873 0.535908856
vn -0.773776676 -0.46858997 0.426254732
vn 0.254214632 -0.384581605 0.88739614
vn 2.39665557e-15 -2.5092042e-15 1
vn 3.43981991e-15 -1.38279551e-15 1
vn 0.980966018 -0.194179405 -0.000174043427
vn 0.971775131 -0.235881137 0.0036310695
vn 0.975343321 -0.220682238 0.00218090564
vn 0.401809583 -0.865372194 0.299466235
vn 0.948352797 -0.317216498 -0.000815975847
vn 0.942913338 -0.333037484 0.000686223496
vn 0.183357436 -0.843106568 0.505520885
vn 0.000241590862 -0.938362716 0.345652072
vn 0.00367327297 -0.821114556 0.570751604
vn 0.455570517 -0.613861188 0.644693684
vn 0.0619036087 -0.457904241 0.886843644
vn 0.0834768066 -0.36438465 0.927499569
vn -0.108534244 -0.928200073 0.355900185
vn -0.0219703281 -0.397370328 0.917395295
vn -0.0449368139 -0.468361683 0.882393346
vn -0.99976749 0.0214468683 0.00223559541
vn 0.964541677 -0.263929893 0.000604972837
vn 0.9662064 -0.257746667 0.00344208798
vn 0.947307902 -0.320322557 0.00109505153
vn 0.149704468 -0.988729705 0.00146400301
vn 0.110851565 -0.993834207 0.00234523775
vn 0.169058247 -0.985600872 0.00319832421
vn 0.883396211 0.468623952 0.00165105752
vn 0 0 1
vn 1.90665968e-16 1.09047384e-15 1
vn 0.207997305 -0.128433322 0.969660767
vn 0.986179555 -0.165538354 0.00685115626
vn 0.0284338457 -0.999595651 0.000227773898
vn 0.114183506 -0.993459618 -0.000337131566
vn 0.0907536031 -0.995872148 -0.00156472068
vn 0.773373921 0.56824902 0.281044176
vn 0.836741346 -0.547597395 0.0010065764
vn 0.800532694 -0.599289074 0.000105884042
vn 0.785610544 -0.618721187 0.000407679869
vn 0.764166881 -0.645018585 4.07384578e-05
vn 0.999997415 -0.0010597058 0.00201192986
vn 0.999476038 0.03200728 0.00481490599
vn 0.931213321 -0.364474616 -6.91791092e-05
vn 0.938540655 -0.345163558 0.00188586672
vn 0.984751548 -0.173961616 -0.00132133151
vn 0.972859544 -0.231395763 0.000555320496
vn 0.991208244 -0.132291379 0.00228204098
vn 0.411589774 -0.911359736 -0.00415812904
vn 0.307639851 -0.951501934 -0.00133826334
vn 0.390481417 -0.920605294 -0.00318660116
vn 0.768218046 -0.399679581 0.500097256
vn 0.43520055 -0.255360622 0.863360547
vn 0.809513905 -0.514180063 0.28338331
vn 0.0186159914 -0.988767655 0.148296898
vn 0.225883049 -0.968750514 0.102466038
vn -0.442678057 -0.804738637 0.395514683
vn 0.997274102 0.0737850673 -0.000358709186
vn 0.998744987 0.0500538051 0.00175133471
vn 0.992452044 0.122618716 0.00189477973
vn -0.00574266698 0.454013339 -0.89097638
vn 0.003029472 0.607186701 -0.794553417
vn -0.0708832317 0.587985563 -0.805759608
vn 0.00324815633 -0.376448946 -0.926431671
vn 0.981890799 -0.189447774 -9.08455443e-06
vn 0.821643142 0.315367291 0.474811562
vn 0.874942427 0.424563828 0.232854688
vn 0.446724936 0.207647431 0.870240988
vn -0.613953555 -0.104517295 0.782391953
vn -0.622711225 -0.281929836 0.729894717
vn -0.76627395 -0.12984837 0.629256414
vn 0.0954245423 0.82632491 -0.555050718
vn 0.00878175811 0.738580076 -0.674108561
vn -0.0167586662 0.815371551 -0.578695414
vn 0.000706767396 -0.873416798 -0.486972891
vn -0.000521526265 -0.825889297 -0.563832065
vn 0.000578310431 -0.786918264 -0.617056975
vn 0.986858615 0.161565148 -0.00260312834
vn 0.984861064 0.173271721 -0.00505910273
vn 0.99421944 0.107354407 -0.00165451128
vn 0.0812440168 -0.996693093 -0.00151260842
vn 0.0616077 -0.998099408 0.00143654897
vn 0.151867627 -0.9884001 -0.00121086831
vn 0.00280119007 -0.996687877 0.0812737858
vn 0.00347321999 -0.995006927 -0.0997454403
vn -0.00220068386 -0.996141345 -0.0877358356
vn 0.897460447 0.441094317 -0.000741573825
vn 0.880403204 0.474225775 -0.000336628469
vn 0.909786247 0.415077065 -0.000122707745
vn -0.0171571536 -0.999852684 -0.000492515293
vn 0.746643386 -0.665224457 0.00027588852
vn 0.754578906 -0.656209186 0.000421929876
vn 0.776745453 -0.629813308 0.00130365421
vn 0.772813009 -0.634631923 -0.00154111122
vn 0.821351866 -0.570421444 0.000698690851
vn 0.839725988 -0.543010365 -9.50302255e-05
vn -0.507642137 -0.861561345 -0.00339263494
vn -0.264518759 -0.710499848 -0.652088791
vn -0.536189244 -0.824519235 -0.180746025
vn 0.427653643 -0.903942374 -0.000739070025
vn 0.356495799 -0.934293945 -0.00235991584
vn 0.338591536 -0.940930123 0.00250510535
vn 0.986474758 0.163912218 0.000579724055
vn 0.994234976 0.107209595 0.00170715196
vn 0.97968149 0.200547688 0.00219155743
vn 0.162085567 0.882814855 -0.440869822
vn 0.260864035 0.955954089 0.13454269
vn -0.181605041 -0.800583038 -0.57103976
vn -0.27876884 -0.960357899 0.000800510387
vn -0.284254858 -0.958748581 -0.000578663568
vn -0.218986634 -0.975697409 0.00770841747
vn 0.193715888 0.956490471 -0.218174546
vn 0.0514907865 0.996828504 -0.0606764531
vn -0.034395821 0.990677339 -0.131815543
vn 0.334084425 -0.942454655 0.0129159118
vn 0.355523302 -0.93466179 -0.00324341235
vn 0.751162292 0.66009551 0.0053971845
vn -0.760418584 -0.649433095 -0.0004824131
vn -0.685584497 -0.727992027 -0.00122732302
vn -0.734340432 -0.6787673 -0.00436837559
vn 0.411046224 -0.896682652 0.164320486
vn -0.53392368 -0.845528572 0.00263383505
vn -0.558604518 -0.829433029 0.00135751247
vn 0.638675962 0.76931102 -0.0159238456
vn 0.557308215 -0.830226223 0.0114878812
vn 0.298676947 -0.954338717 -0.00544932662
vn 0.415563172 -0.909527941 -0.00813478469
vn 0.98507946 0.172100125 -7.3299795e-05
vn 0.991921106 0.126553493 0.00875974229
vn 0.990600859 -0.136749102 -0.00310196588
vn 0.989823599 -0.142288489 -0.00179689566
vn 0.998254313 -0.0590580968 -0.000684415976
vn -0.251167229 -0.967943382 0.000795647322
vn -0.319437839 -0.947606882 0.000814253227
vn -0.25009281 -0.968221552 0.000782295933
vn 0.919141458 0.393831436 -0.00870511649
vn 0.937687599 0.347467396 0.00289401291
vn 0.923629155 0.383283948 0.00161230099
vn 0.905200954 0.424977652 0.00228659931
vn -0.0832049564 -0.885674196 -0.45679115
vn 0.996364607 0.0851868292 -0.000879923026
vn 0.9996043 0.0281290319 3.07798451e-06
vn 0.999740976 0.0226308094 -0.00241409002
vn -0.354698902 -0.934979908 -0.00112284817
vn 0.794710863 -0.606984581 0.0020889866
vn 0.765131913 -0.643870053 -0.0021238616
vn 0.767871282 -0.640603584 0.000861908856
vn 0.898659398 -0.438646993 -0.000320208035
vn 0.896023906 -0.444002437 0.00173052383
vn 0.918573231 -0.395247622 0.00159272637
vn 0.973101304 -0.230375563 -0.000975434964
vn 0.978570523 -0.205891748 -0.0028842372
vn 0.986217675 -0.165442363 -0.00187675371
vn -0.469118846 -0.883134953 -0.00040505685
vn -0.496079037 -0.868269295 0.00374451193
vn -0.489267144 -0.872133199 0.00116029059
vn -0.541295262 -0.84081082 0.00605004255
vn -0.681785861 -0.639553365 -0.355161278
vn 0.986225446 0.165369408 -0.00351115363
vn 0.999999711 -0.000680641536 -0.000337528689
vn 0.997073274 -0.0764517618 -0.000123870888
vn -0.000730191687 -0.978163035 0.207837782
vn 0.00634899897 -0.95194516 0.306202715
vn -0.011620398 -0.930481505 0.366154522
vn -0.51926056 -0.854615228 0.00113309526
vn -0.565505089 -0.824736595 0.00368014424
vn -0.544660288 -0.838655392 -0.00151803551
vn -0.572137405 -0.820157238 0.000945948761
vn -0.50001478 -0.866016831 -0.000261419547
vn -0.941324117 -0.337493481 0.00265631352
vn -0.634665249 -0.772784443 -0.00205595717
vn -0.626407201 -0.779495284 -0.00105881543
vn -0.486487785 -0.873687351 0.000219165225
vn -0.546114281 -0.837710683 6.78982119e-05
vn -0.690366205 -0.723457227 -0.00203561571
vn -0.615218459 -0.788355004 0.00162342009
vn -0.75644899 -0.654051864 -0.00104117797
vn -0.725123354 -0.688610478 0.00342508642
vn -0.685837546 -0.727751035 -0.00230029781
vn -0.863665533 -0.504054655 0.00327903797
vn -0.808878269 -0.587962059 0.00406974822
vn -0.838013585 -0.545627296 0.00490760386
vn -0.877014829 -0.480252656 0.0142259025
vn -0.158456159 -0.987364559 -0.00169479973
vn -0.604943468 -0.796258944 0.00388518538
vn -0.899368988 -0.436786932 0.0187776205
vn -0.854723783 -0.5190802 0.00173235359
vn -0.853426069 -0.521122851 -0.00974267977
vn -0.723563548 -0.690242247 -0.00462943907
vn 0.690860972 0.719089336 -0.0749776288
vn 0.790272488 0.612640252 -0.0118876545
vn 0.745200093 0.665598009 -0.0406953641
vn -0.655941177 -0.754809994 -0.00174490481
vn -0.513892653 -0.857850276 0.00269177256
vn 0.718751172 -0.695258854 -0.00344663308
vn 0.600179435 -0.799741396 -0.0140834922
vn 0.66046492 -0.717052461 0.22275964
vn -0.831960939 -0.554767028 -0.00863371563
vn -0.827760391 -0.561081709 -0.000227349262
vn -0.849388752 -0.5277315 0.00618161063
vn -0.83780406 -0.545963262 0.00291092772
vn -0.823767579 -0.566920942 0.00276077208
vn -0.726510172 -0.687147772 0.0033029433
vn -0.680846879 -0.732425707 -0.000333157152
vn 0.822349713 0.568982102 -0.000562247866
vn 0.860360459 0.509682957 -0.00177879595
vn 0.859453131 0.511196708 -0.0042710126
vn -0.571932227 -0.820300796 -0.000363870184
vn 0.0729919411 -0.997331351 0.00153374508
vn 0.89320278 0.449651648 0.00147949686
vn -0.0628044313 0.996028835 0.0631043862
vn -0.147820255 0.988681251 0.0256623453
vn -0.137152518 0.990537201 0.00502405607
vn -0.367427816 -0.93005089 -0.00146350239
vn -0.0810120688 -0.996704778 -0.00407812851
vn -0.0739448683 -0.997258265 0.00284769691
vn 0.326423547 0.936345603 -0.129246201
vn -0.438832535 -0.898554216 -0.0051310053
vn -0.383913875 -0.923361942 -0.00358610451
vn -0.344066372 -0.938944785 0.00101120536
vn 0.849784955 -0.525915106 -0.0357607548
vn 0.923281599 -0.381888527 -0.0413792404
vn 0.828820629 -0.554605984 -0.0739497633
vn -0.484193419 -0.874949741 -0.00443667636
vn -0.396226599 -0.918152676 -0.000381760241
vn -0.201767411 -0.97271806 -0.114496672
vn -0.358087085 -0.932507864 -0.0469331849
vn -0.228296756 -0.973582663 -0.00417016628
vn -0.235026287 -0.971988023 -0.00138860591
vn -0.310809913 -0.950459249 0.0049409536
vn -0.212107173 -0.977239153 -0.00376635654
vn -0.117997563 -0.992981736 -0.00799044177
vn -0.144908535 -0.989433002 -0.00488377765
vn -0.381082012 -0.924538631 -0.00219537516
vn 0.701656312 -0.712515306 0.000598239831
vn 0.696331771 -0.717719267 -0.00105759369
vn 0.746179325 -0.665745005 -6.09104048e-05
vn -0.452316225 -0.891854054 -0.00252561414
vn -0.242692527 -0.970103041 0.00065378435
vn -0.265449158 -0.964113298 -0.0047215805
vn -0.221860138 -0.974986371 -0.013403538
vn -0.42984351 -0.902901749 0.00172884647
vn -0.0593053538 -0.998239888 -4.4314959e-05
vn -0.15049128 -0.988598532 -0.00503165891
vn -0.062318371 -0.998052995 0.00257666153
vn 0.526895435 0.281696837 -0.801890324
vn -0.256099364 0.563092509 -0.785709833
vn -0.153997084 -0.988071094 0.00064192963
vn -0.176056359 -0.984374344 -0.00336279288
vn -0.21378869 -0.97687984 0.000418299347
vn -0.0954042976 -0.995428669 -0.0044479878
vn -0.184696865 -0.982783232 -0.00491806923
vn -0.0688868715 -0.99761838 -0.00348801148
vn -0.112001549 0.993704341 -0.0027085135
vn -0.162138834 0.98672571 0.00913076636
vn -0.100115488 0.994971443 -0.00295254163
vn -0.338260765 -0.941047773 0.00295713759
vn 0.0579222076 -0.997478404 0.0410103743
vn -0.258400967 -0.966027819 -0.00438103735
vn -0.201439994 -0.979500801 -0.000331928158
vn 0.77876098 -0.418183866 -0.467604096
vn -0.471654084 0.881768777 0.00512342197
vn -0.701547179 -0.712621169 -0.00162026344
vn -0.63290029 -0.774233173 -0.000465310338
vn -0.691953908 -0.72194128 -0.000760474596
vn -0.289770973 -0.957093667 -0.00212051625
vn 0.807515282 -0.589844255 -0.0016801989
vn 0.84243986 -0.538788786 0.00131401923
vn 0.808404854 -0.588622995 -0.00213574724
vn 0.0313448231 -0.999503276 0.0032714479
vn 0.0990918677 -0.995077987 0.000775858586
vn 0.0643501969 -0.997917576 -0.00442313377
vn 0.00489023422 -0.999984981 0.00247435327
vn 0.866906521 0.49805266 0.0204115598
vn -0.0879853966 -0.996119064 0.00231949163
vn -0.0381459023 -0.999269644 -0.0022515413
vn -0.923681854 -0.383140604 -0.00388702678
vn -0.320265123 -0.947131445 -0.0192944641
vn -0.14642614 -0.987753418 -0.0538755138
vn -0.170302828 -0.985322608 0.0116749624
vn 0.820656153 0.571415189 -0.00285679239
vn 0.869795726 0.493411707 0.000531420743
vn -0.00311670943 -0.999994253 0.00133412832
vn 0.0636559643 -0.997971385 0.00101678213
vn 0.217529297 -0.976034513 0.00613463385
vn 0.324440449 -0.945896451 -0.00427770966
vn 0.240248756 -0.970114046 -0.0340481119
vn 0.251821917 -0.96777359 -3.01787808e-05
vn 0.317871611 -0.948133602 -0.000557919132
vn 0.29928048 -0.954161498 -0.00265152218
vn 0.109281452 -0.994009682 0.00152182549
vn -0.297007606 -0.954873327 0.00184713417
vn -0.380068412 -0.924957327 -0.00139454774
vn -0.299012775 -0.954249105 8.18931503e-05
vn -0.0412594057 -0.927248417 0.372166676
vn -0.648915391 -0.76085687 -0.00237433387
vn -0.694056623 -0.719920162 -0.000603831413
vn -0.67215739 -0.740404415 -0.00239679485
vn -0.65283178 -0.757502755 0.000494277319
vn -0.690687597 -0.72314272 -0.0039050875
vn 0.178999683 -0.983844427 -0.00304260011
vn 0.109758195 -0.99395467 -0.00269292904
vn 0.156618886 -0.987658882 0.000676334756
vn 0.0895118332 -0.995982632 -0.00249569601
vn 0.139141571 -0.99026139 0.00469064233
vn 0.044927667 -0.998990061 0.000602974894
vn -0.723201318 -0.690636911 0.000715151095
vn -0.394158814 -0.919041274 -0.00140213636
vn -0.204226034 -0.978921027 -0.00231313011
vn -0.248785204 -0.9685562 -0.00219327768
vn -0.260578252 -0.965427468 0.00698417453
vn -0.329919828 -0.944007312 0.00176114526
vn 0.0580893456 -0.99831089 0.000997713152
vn -0.00656270789 -0.999978353 -0.00047415806
vn -0.509287213 -0.860594089 0.00208535191
vn -0.565390454 -0.824823157 0.00062776258
vn -0.535527978 -0.84451367 -0.0025387841
vn -0.120611278 -0.992699699 -0.000477348335
vn -0.0366294924 -0.999325335 -0.00267505368
vn -0.111631138 -0.993747061 0.00229534397
vn -0.199686906 -0.979847604 0.00487969571
vn -0.270298282 -0.96276558 0.00461263913
vn -0.334403768 -0.942429891 -0.000146049367
vn -0.258072694 -0.966120404 -0.00313851676
vn -0.596139024 -0.802874948 -0.0031753652
vn -0.595219588 -0.803560038 0.00221523345
vn -0.641683093 -0.766968954 -0.00119621388
vn -0.577524822 -0.81636273 0.00411978593
vn -0.558088143 -0.829780683 -0.00128177056
vn -0.760879601 -0.527670049 -0.377659307
vn -0.410590006 -0.911815026 0.00303389037
vn -0.434055045 -0.900883484 0.00227315309
vn -0.472281357 -0.881436432 -0.00448722395
vn -0.479049915 -0.87778503 0.00214948215
vn -0.301776695 -0.953376804 0.00186974629
vn -0.395607878 -0.918417339 0.00199965212
vn -0.38249275 -0.923957226 -0.00152980072
vn -0.079052694 -0.996868016 0.00219765123
vn -0.850082706 -0.392055803 -0.351641352
vn 0.349042772 -0.0335101591 -0.936507455
vn -0.910329689 -0.316645811 -0.26652446
vn -0.333621731 -0.942706118 -0.00130981359
vn -0.816661186 -0.577115945 -0.00130108836
vn -0.798418833 -0.60210245 8.79901602e-05
vn -0.744978997 -0.667084282 -0.0022034089
vn -0.217201465 -0.976115059 0.0047870201
vn -0.115598678 -0.993295568 0.00092706095
vn -0.137094741 -0.990557939 -2.89628445e-05
vn -0.561170142 -0.827694582 0.00312254427
vn -0.561187658 -0.827682454 -0.00318885956
vn -0.852038322 -0.523479405 -0.000102737309
vn -0.851892711 -0.523716054 -0.000551505177
vn -0.730832782 -0.682555525 -0.00118301186
vn -0.741667748 -0.670765938 -0.00141701939
vn -0.778846458 -0.627214103 -0.000815053758
vn -0.843586293 -0.536992634 0.00103837804
vn -0.86808688 -0.49639886 0.00365261774
vn -0.870873153 -0.491485372 0.00469895841
vn 0.500859164 -0.862552051 -0.0717220829
vn 0.463954814 -0.885442069 -0.0271711916
vn -0.65497991 -0.755645104 0.00133955433
vn -0.556525652 -0.830825052 -0.00298851017
vn -0.848516469 -0.52913704 0.00581331225
vn -0.636871901 -0.770968431 0.00136376423
vn -0.674792179 -0.738007666 -0.000448097351
vn -0.633232685 -0.773955767 0.00297286455
vn -0.521863003 -0.853026719 -0.00210275504
vn 0.0670305327 -0.997730337 -0.00640958753
vn 0.0995821547 -0.995013412 -0.00563073396
vn 0.0556750989 -0.998447943 -0.0014103246
vn -0.802395541 -0.59679042 -0.00160946664
vn -0.817594052 -0.575784568 0.00347803554
vn -0.861775126 -0.507278146 0.00353759336
vn -0.83754039 -0.546349219 0.00535037301
vn -0.846446785 -0.532472552 0.000906183489
vn -0.789283943 -0.614028385 1.57559452e-05
vn -0.508548672 -0.861032964 -0.000695532065
vn -0.476402772 -0.879227138 0.000196701343
vn -0.429330661 -0.903146796 -0.00102448227
vn 0.787423608 0.509703443 -0.346650345
vn 0.894232242 0.446404064 -0.0327430813
vn -0.820847517 -0.571146847 -0.000795688461
vn -0.92855775 -0.371180223 0.00239729091
vn -0.877758593 -0.479097497 0.00233280822
vn -0.910871584 -0.412689434 0.00062306807
vn -0.800459346 -0.599384954 0.00158505588
vn -0.811449639 -0.584422163 -0.000468376625
vn -0.827964688 -0.560775135 0.00239228694
vn -0.832889587 -0.553412125 -0.00547328705
vn -0.84098053 -0.541064525 -0.000963824101
vn -0.534173893 -0.844776596 -0.0317923726
vn -0.888698989 -0.458489488 -0.00122326173
vn -0.89388119 -0.448256447 -0.00652508348
vn -0.87142987 -0.490455035 -0.00798997706
vn -0.727185625 -0.686440194 0.000962540929
vn -0.868318986 -0.495996523 -0.0030964015
vn -0.875754218 -0.482741333 0.00391847434
vn -0.898366881 -0.439243742 0.0013716874
vn -0.615636292 -0.788021603 0.00372940349
vn -0.61524591 -0.78832785 -0.00341625335
vn -0.668605921 -0.743610038 -0.00319903887
vn -0.69604961 -0.71799194 0.00158576285
vn -0.712651502 -0.701516054 -0.00174988911
vn 0.0770704141 -0.997025651 -4.1562665e-05
vn -0.853102522 -0.521743044 0.000532414698
vn -0.868074964 -0.496423652 -0.00306837764
vn -0.569449828 -0.822024199 0.00176348566
vn -0.813055162 -0.582186651 7.95232919e-05
vn -0.6556059 -0.755103049 -0.000538027008
vn -0.673663763 -0.739034523 0.00226008366
vn -0.337501279 -0.941323601 0.00166297864
vn -0.660319964 -0.750983955 0.000803436532
vn -0.724017222 -0.689781015 0.0011016021
vn -0.691535916 -0.722340702 -0.00140945141
vn -0.618409471 -0.78585401 0.00178948455
vn -0.425179415 -0.905107917 0.00145697826
vn -0.36629725 -0.930490994 0.00358254417
vn -0.745325571 -0.666698955 0.00151542427
vn -0.716927902 -0.697147064 -0.000595384848
vn -0.776993063 -0.629506857 0.0017021153
vn -0.679336581 -0.733826707 0.000416711272
vn -0.640246957 -0.768169021 -0.000434974159
vn -0.945757489 -0.324764382 -0.00841833508
vn -0.962455846 -0.271413367 -0.00367822573
vn -0.947181692 -0.3206938 -0.0015262602
vn -0.402613704 -0.915362859 0.00361142135
vn -0.876787777 -0.4808745 -0.00170565733
vn -0.894374216 -0.44731004 0.00291384525
vn -0.495663255 -0.868504156 0.00429762088
vn -0.783707521 -0.621124234 -0.00268486502
vn -0.438849168 -0.898520424 0.00851209801
vn -0.347865048 -0.937541656 -0.00235635515
vn -0.38477095 -0.923010232 0.00185132684
vn -0.307983113 -0.95138681 0.00308855166
vn -0.313487596 -0.949588969 0.00251346846
vn -0.178393159 -0.126166977 0.975836961
vn -0.255753664 -0.255992087 0.932232865
vn -0.151686412 -0.988428543 0.000498062434
vn -0.0393677076 -0.999222157 0.00229457842
vn -0.118584052 -0.992933043 0.00466855689
vn -0.601198438 -0.799083704 0.005066704
vn -0.619003467 -0.785386702 0.00156095492
vn -0.571334657 -0.820715701 0.00156445135
vn 0.133731837 -0.991017498 -0.00033845871
vn 0.0052456032 0.802953079 0.596019158
vn 0.0156008354 0.823560767 0.567013471
vn -0.00154383575 0.72017901 0.693786574
vn -0.270756569 -0.962643761 -0.00280546123
vn -0.340469222 -0.940249453 -0.00341683275
vn -0.578079126 -0.815979075 0.00163485311
vn -0.614894656 -0.788598648 -0.00409087621
vn -0.772497989 -0.635017203 9.25953446e-05
vn -0.805971286 -0.59194854 -0.00268549706
vn -0.781201875 -0.624274525 0.0022244938
vn -0.809950276 -0.586498139 0.000695118157
vn -0.816562585 -0.577245634 0.00360861908
vn -0.0130317729 -0.99991081 -0.00292304327
vn 0.0941260888 -0.995560195 -0.000420403876
vn 0.0540749507 -0.998515183 0.00658250687
vn 0.0777125031 -0.996968282 -0.00387456574
vn 0.102692385 -0.994709985 0.00251391812
vn 0.158021401 -0.987435364 0.000799109473
vn 0.104978374 -0.994472676 -0.00190746049
vn -0.159623471 -0.987175702 -0.00211689945
vn -0.140300193 -0.990094668 -0.00532962227
vn -0.0605475322 -0.998164998 -0.000795232008
vn 0.16606077 -0.986110135 -0.00325924973
vn -0.380471294 -0.924789624 -0.00239724746
vn -0.359341845 -0.933205358 0.00109512153
vn 0.501134153 -0.865366881 0.00217289316
vn 0.564999016 -0.825089573 -0.00181896864
vn 0.509875165 -0.860244579 0.00256517265
vn -0.794008271 0.460429271 0.396932931
vn -0.786850702 0.497137497 0.365677839
vn -0.293755159 0.127291844 0.947367243
vn -2.06151134e-15 -9.66894531e-16 1
vn -1.34396115e-16 -2.55775155e-16 1
vn -9.68742223e-16 -6.54663015e-16 1
vn -0.0867002718 -0.996232331 0.00205082676
vn 0.00104997563 -0.999998642 0.00127032868
vn -0.0524543902 -0.998621133 -0.00209046892
vn 0.736092798 -0.676838079 0.00758996822
vn 0.658049657 -0.752934815 -0.00773388386
vn 0.869649572 -0.493657061 0.00351118051
vn -0.219360679 -0.975642938 -0.00132325762
vn -0.139978554 -0.990154519 -0.000180244046
vn -0.0701582068 -0.9975332 -0.0023111913
vn 0.0178694548 -0.999836914 0.0026130148
vn 0.167616753 -0.985845302 -0.00369647914
vn 0.215376916 -0.976526522 -0.00295557901
vn 0.161310401 -0.986903718 7.9276402e-05
vn -0.0549860263 -0.998475124 -0.00489529125
vn -0.0561676535 -0.9984187 -0.00230105388
vn 0.0308048635 -0.999524341 -0.00146699009
vn 0.0208322191 -0.999770868 -0.00492235639
vn 0.0893327376 -0.995994614 0.00379356301
vn -0.22467293 -0.974430933 -0.00253601694
vn -0.140463881 -0.99008528 -0.00101811074
vn -0.240658565 -0.970609513 -0.000792271573
vn -0.418502802 -0.908215199 -0.000745903687
vn -0.424746512 -0.905310979 0.00155936136
vn -0.475604907 -0.87965872 -0.000712554809
vn 0.132787286 -0.991144508 -0.000317467131
vn 0.855324608 -0.518090802 -0.0013177832
vn 0.828175032 -0.560464142 -0.00246208125
vn 0.84395902 -0.536406903 -0.000897972212
vn -1.79479323e-15 1.22199467e-15 1
vn -2.07142806e-16 -1.21850917e-15 1
vn -1.45853308e-16 3.23084568e-17 1
vn -0.653387621 -0.757014815 0.00363143904
vn -0.582058205 -0.813147086 0.000251457734
vn -0.579707783 -0.734911209 0.351915333
vn 0.622879198 -0.782307627 -0.00403499666
vn -0.926768941 -0.3756297 0.00128802494
vn -0.894347229 -0.447338229 0.00561623455
vn -0.27894803 -0.960306068 -0.000502363503
vn -0.164566155 0.986335965 0.0077035051
vn -0.0953651315 0.989754794 0.106258833
vn -0.0881348423 0.996106993 0.0017628318
vn -0.14003814 -0.99014536 0.00121868289
vn -0.115696973 -0.993283566 0.00140256206
vn -0.0787595373 -0.996893638 0.000103855922
vn 1.59933875e-15 3.24649608e-16 1
vn -2.15231889e-15 4.50807635e-16 1
vn 2.34452523e-15 -2.08619608e-15 1
vn 0.0507008672 -0.998703984 -0.00444674043
vn 0.293901083 -0.955835273 -0.00104145537
vn 0.30269812 -0.953086208 0.000726994767
vn 0.250046039 -0.968225245 0.00410529691
vn 0.168757859 -0.985657206 0.000810738091
vn -0.345293815 -0.938492586 -0.00196155162
vn -0.300979747 -0.95362352 0.00365699017
vn 0.365568741 -0.84656812 0.386887469
vn 0.44523934 -0.821794572 0.355549732
vn 0.140557822 -0.990067897 0.00300972049
vn 0.216671894 -0.97623933 0.00317193827
vn -0.0685467607 -0.997646546 -0.00164654685
vn -0.109048825 -0.994031443 0.00313753295
vn -0.0230101301 -0.999722712 0.00500338391
vn -0.286757564 -0.921094002 0.263355158
vn -0.527953571 -0.849268023 -0.00297517965
vn -0.476179408 -0.879348141 -0.000136056753
vn 0.917994419 -0.396590269 0.00155094457
vn 0.937247322 -0.348663451 -0.00112048947
vn 0.927526832 -0.373755632 0.000838524863
vn -0.0157791076 -0.99987547 -0.00025191839
vn -0.470651659 -0.882315998 -0.00234433039
vn -0.451470269 -0.892286162 -2.69309725e-05
vn -0.424035956 -0.905641221 -0.00273620909
vn 0.00716366896 0.422560366 0.906306471
vn -0.846635332 -0.532159008 0.00392504758
vn -0.807970306 -0.589208701 0.0041341461
vn -0.804895328 -0.593416654 0.000431725967
vn -0.890775463 -0.454436854 0.00249389563
vn -0.939686218 -0.341978991 -0.00633897673
vn -0.925697784 -0.378250573 0.00318059979
vn -0.383586105 -0.923503119 -0.00192069591
vn -0.35798328 -0.933727988 -0.000125092785
vn -0.421464392 -0.906844219 -0.0011529672
vn -0.537854233 -0.843037597 0.000658402564
vn -0.522884164 -0.852397176 0.00334742476
vn 0.563789809 -0.810979375 0.156376163
vn -0.574057527 0.80879269 0.127719773
vn -0.578521557 0.736939551 0.349618229
vn -0.724341185 -0.689441312 -0.00072478074
vn -0.752758985 -0.658295536 -0.00094740402
vn -0.702709454 -0.711475643 0.00135375769
vn -0.731848683 -0.681466622 -0.000864890799
vn -0.0852239388 -0.996361772 0.000315056081
vn -0.14082615 -0.990026521 -0.00393488881
vn -0.164380209 -0.986392541 0.00298376498
vn -0.372989563 -0.779891362 0.502641272
vn -0.167877662 -0.463412901 0.870095152
vn -0.215462554 -0.976511977 0.000496696449
vn -0.0725357004 -0.997365812 -9.15648552e-05
vn 0.00119361216 -0.99999851 0.00124704819
vn -0.121283952 -0.992617578 -0.000739301127
vn -0.0511693568 -0.998689984 -0.000113011953
vn -0.156217654 -0.987722568 0.000416322631
vn -0.569192632 -0.822202764 0.00153711355
vn -0.524520395 -0.851396833 -0.00133752066
vn -0.593670598 -0.804703578 -0.00271527959
vn -1.55706602e-15 -1.37721201e-16 1
vn -1.34017378e-16 -8.10286007e-16 1
vn 7.70300802e-16 8.98571107e-16 1
vn -0.696130816 -0.71791471 -0.00059674225
vn -0.948589525 -0.316507828 0.000840731853
vn -0.913107962 -0.407717178 0.000743867311
vn -0.915495029 -0.293076455 0.275635706
vn 0.493387786 -0.825792552 0.273194351
vn -0.0979659741 -0.672610484 -0.733483336
vn -0.168160177 -0.791416922 -0.587691595
vn 0.451735968 -0.645572171 -0.615768778
vn -0.00215172536 -0.847765716 0.530366534
vn -0.00351832081 -0.924862396 0.380285643
vn -0.001815109 -0.890229091 0.455509463
vn -0.775720908 -0.631074893 -0.00124594935
vn -0.735489687 -0.677535649 -0.000604223907
vn -0.714853028 -0.69925448 -0.00532166212
vn -0.456165664 -0.889890507 -0.002787849
vn -0.366151553 -0.930554405 0.00124034114
vn -0.417410161 -0.908712117 -0.00332369824
vn 0.00562639016 -0.839983391 0.54258294
vn 0.00775219887 -0.931818906 0.362840777
vn -0.692101913 -0.721791794 0.00339816535
vn -0.81806359 -0.575126606 -0.00116168882
vn -0.764785303 -0.64428211 0.00200065268
vn -0.446374192 -0.894840766 0.0031756325
vn -0.528681452 -0.848816394 0.00257898751
vn -0.487522431 -0.873109927 0.000966936064
vn -0.842510234 -0.53867791 0.00161686948
vn -0.373131521 -0.927767924 0.00442112348
vn 0.895156342 0.317156341 0.313220337
vn -0.172950555 0.615540766 0.768893797
vn -0.711295927 -0.702874241 0.00508972287
vn -0.664709807 -0.747101626 0.000181828137
vn -0.650518453 -0.759488526 -0.00170918153
vn -0.389713306 -0.920925858 0.0043706107
vn -0.439328831 -0.883182157 0.164254244
vn -0.340365715 -0.940291015 0.00199697972
vn -0.41112959 -0.911576543 0.000815917799
vn -0.367200383 -0.930136606 -0.00312609185
vn -0.459575129 -0.888137908 0.00132586084
vn -0.495283824 -0.868729707 -0.00162182427
vn -0.525718898 -0.850657047 -0.00149302623
vn -0.727052553 -0.686580325 0.00142930381
vn -0.0118247086 0.749360085 0.662057127
vn -0.752525605 -0.658562966 0.000182361047
vn -0.976429754 -0.215835434 -2.74825894e-05
vn -0.999877951 0.0156231521 5.01114352e-06
vn -0.218834471 -0.402375552 0.888934975
vn -0.853605176 -0.520920171 -0.000615975191
vn -0.824104619 -0.566431652 -0.00260006441
vn -0.864609856 -0.502443518 -0.000555092631
vn -0.885751841 -0.464152039 0.0025613812
vn -0.913517251 -0.406723018 -0.00791316708
vn -0.896720496 -0.442533207 -0.0075308295
vn -0.999459595 -0.0328616207 -0.000795158634
vn -0.998875015 0.0474181836 0.000469106676
vn -0.615565876 -0.740950851 0.268459473
vn -0.597295875 -0.773302452 0.212699212
vn -0.558080132 -0.829770658 -0.00521736774
vn -0.588200958 -0.80870347 -0.00428140687
vn 3.16458655e-15 -4.21558261e-16 1
vn -0.189118971 -0.888153624 0.418828312
vn -0.135407784 -0.387880977 0.911708879
vn -0.55532416 -0.831633328 -0.00104147316
vn -0.500434024 -0.865774538 0.000487663438
vn -0.647782101 -0.761823251 0.0019194316
vn -0.709230508 -0.704974182 -0.00186803982
vn -0.632565106 -0.7745064 0.00110641483
vn -0.253204015 -0.967412821 0.000400349206
vn -0.289792867 -0.957080329 -0.00416394369
vn -0.346298082 -0.93811945 -0.00308792441
vn -0.208061101 -0.978111896 -0.00277431183
vn -0.0461103721 -0.998933011 -0.00258313682
vn 0.0279770974 -0.999608307 0.000716874434
vn -0.0484883376 -0.998808347 0.00554686457
vn -0.601907103 -0.798563764 0.00193752446
vn -1.49911953e-15 8.17581866e-16 1
vn -0.0223912687 -0.3903671 0.920386961
vn -9.50390547e-16 -3.15086251e-16 1
vn -1.10134324e-15 -1.21405228e-15 1
vn 7.36629768e-16 -2.24915239e-15 1
vn 9.09199683e-16 7.68925902e-16 1
vn -0.690417203 -0.72341122 0.000540439123
vn -0.647065855 -0.762425433 0.00363859998
vn -0.664878682 -0.746927801 -0.00593281329
vn -0.291103328 -0.956690883 -0.00118615964
vn -1.86565784e-15 1.30737912e-15 1
vn -0.28753324 -0.957767125 0.00260206513
vn -0.340473915 -0.940252261 0.00178869522
vn -0.32236742 -0.946609383 -0.00314991999
vn 0.235542116 -0.971862299 0.00189316721
vn 0.215894528 -0.976416579 0.00046642229
vn -0.983784044 -0.179355622 -0.000717449831
vn -0.979516143 -0.201077536 0.0107680598
vn -0.97347366 -0.228646814 0.00834673407
vn 0.484294247 -0.874901326 0.00259859791
vn 0.360225837 -0.932853901 -0.00457669175
vn 0.379419525 -0.925222822 0.00188535898
vn 1.04999562e-16 -1.18259445e-15 1
vn -2.62359016e-15 -1.57746789e-15 1
vn -1.13049142e-15 2.84874063e-16 1
vn 0 0 1
vn 0 0 1
vn 1.14855887e-15 5.33503566e-16 1
vn -0.0443612732 0.463638436 0.88491326
vn 0.0269063425 0.462808698 0.886049749
vn -0.596680722 -0.802478584 0.000488601173
vn -0.609771211 -0.792575661 -0.00170067683
vn -3.13675659e-16 1.03168871e-15 1
vn 1.8645577e-15 7.66481948e-16 1
vn 3.53659596e-15 1.01085595e-15 1
vn -0.634416897 -0.77299 -0.00128868187
vn -0.584214025 -0.811594105 0.00299706106
vn -0.577316976 -0.816504719 -0.00501517972
vn 0 0 1
vn -1.72905385e-15 6.27785715e-16 1
vn -0.352933482 -0.935644233 -0.0027975488
vn -0.994861691 0.101158525 0.00414353926
vn -0.997919608 0.0644351699 -0.00213641646
vn -0.990879023 0.134615524 0.00611745829
vn -0.479655116 -0.877456076 -0.00134313677
vn -0.963675183 -0.267071137 -0.00177463035
vn -0.940813824 -0.338922748 0.000847792807
vn 0.00685719795 0.72716125 0.686432441
vn -0.00485531525 0.717715694 0.696319329
vn -0.65289863 -0.757435742 -0.00380480661
vn -0.757526613 -0.652799515 0.00249466338
vn -0.668334539 -0.743856192 0.00262874797
vn -0.934339751 -0.356382962 -0.000643782061
vn -0.956186373 -0.292622973 -0.00891150437
vn -0.0156134095 -0.511815836 0.8589533
vn -0.211503447 -0.601049361 0.77071782
vn -0.00445821237 -0.435893026 0.899987441
vn -0.453304118 -0.891355403 -0.000960207112
vn -0.0113286329 0.101296701 0.994791757
vn -0.856171976 0.212837279 0.470818267
vn -0.999230166 0.0312708444 -0.0236898764
vn -0.726599839 -0.687060889 -9.23151967e-05
vn -0.388811899 -0.921314332 0.00228212508
vn -0.519083425 -0.854719773 0.00255093081
vn -0.683945296 0.705084407 0.187282702
vn -0.59100027 -0.806671097 -0.000650449876
vn -0.644235082 -0.764827356 0.000524157327
vn -0.654829694 -0.755770392 0.0030310514
vn -0.689885651 -0.723918016 0.000703052858
vn -0.802973383 -0.596014695 0.000479816071
vn -0.806591984 -0.591108463 -0.000395900248
vn -0.838339962 -0.545147501 -0.000557907541
vn -0.705225805 -0.708980424 0.00182242459
vn -0.775439121 -0.631421152 -0.00122398373
vn -0.683955027 -0.729523887 0.000647670649
vn -0.761673148 -0.647960214 0.0012561192
vn -0.980155284 -0.197965344 0.0102636246
vn -0.966793705 -0.255546047 0.0024800046
vn -0.472193885 -0.658095802 0.586466411
vn -0.868337795 -0.495973165 -0.000305063318
vn -0.857049676 -0.515233783 -3.99495927e-05
vn -0.652717506 -0.757595261 -0.00304604543
vn -0.432409045 -0.617182484 0.657349374
vn -0.00677398054 -0.572358811 0.819975307
vn 0.00582297068 -0.684214107 0.729257944
vn -0.776274416 -0.630395138 -2.43425514e-05
vn -0.580882148 -0.813987404 0.000661078136
vn -0.528347295 -0.849028188 0.00052168331
vn -0.417927462 -0.908472226 0.00385380658
vn -0.344369584 -0.938802265 0.00773932416
vn -0.355041582 -0.934850422 0.000405216648
vn -0.385621519 -0.922652788 -0.00280644674
vn -0.791332445 -0.611386008 0.00033338789
vn -0.816415271 -0.57746523 -0.000115913363
vn -0.75830383 -0.651901239 -0.000277025764
vn -0.736544307 -0.676386553 0.00192769787
vn -0.847506149 -0.530784731 0.000946965657
vn -0.0565041386 -0.290032971 0.95534714
vn -0.488737818 -0.332991932 0.806381869
vn -0.0429389689 -0.000306291937 0.99907765
vn -0.00348983916 0.0472238226 0.998878237
vn 0.00608108632 -0.107393129 0.994198037
vn -0.94921352 -0.314628623 0.00158861432
vn -0.926926289 -0.375225461 0.00367536596
vn -0.964351684 -0.26459454 0.00394456873
vn -0.00743646704 -0.98497042 0.172562946
vn -0.000455260686 -0.981127987 0.193358904
vn -0.000980300901 -0.938685285 0.344773802
vn -0.891049259 -0.453901483 0.00215928374
vn -0.000348860324 -0.296422537 0.955056835
vn -0.0307481156 -0.155406943 0.987371883
vn -0.285214442 0.852742411 -0.437587823
vn 0.029982879 0.866769024 -0.49780768
vn 0.058081423 0.957343566 -0.283054491
vn 0 0 1
vn -0.780684418 -0.624924822 0.000898165147
vn -0.780960962 -0.624579528 0.000623499461
vn -0.83925627 -0.543736068 2.85280939e-05
vn -0.879987912 -0.474987119 -0.00291729542
vn -8.58660507e-16 1.37251049e-15 1
vn -0.980161873 0.198166273 0.00358202518
vn -0.967784341 0.251718427 0.00559481123
vn -0.971920276 0.235301879 0.00200085295
vn -0.000555695522 -0.294188121 0.955747373
vn 0.00501926469 -0.500984986 0.86544142
vn 0.0010638225 -0.41453182 0.910034196
vn -0.00185646848 -0.582379331 0.812915044
vn 0.000710381703 -0.745811861 0.666156261
vn 0.00315539456 -0.652204342 0.758036634
vn -0.10128628 -0.724177826 -0.682134566
vn -0.385371684 -0.466960876 -0.795887055
vn -0.056706037 -0.804589806 -0.591117306
vn 0.844429272 -0.53557312 0.0100318789
vn -0.00295729046 -0.769910084 0.63814553
vn -0.0084401811 -0.733942452 0.679159216
vn -0.401887323 -0.915685792 -0.00247170005
vn -0.955470863 0.295083908 -0.000957354088
vn -0.973320591 0.229449384 -8.96128696e-05
vn -0.974264925 0.225400243 -0.00160807374
vn -0.311704927 0.614082166 0.725081466
vn -0.00346250801 0.588822322 0.808255086
vn -0.0178526245 0.653003846 0.757144148
vn 0.000428216164 0.526609844 0.850106987
vn 0.00605068308 0.628754821 0.777580069
vn -0.00514925461 0.879562446 0.475755597
vn -0.00211026628 0.168579285 0.985685838
vn -0.749898738 -0.661549677 0.00197653984
vn -0.736190759 -0.676771525 0.00186260361
vn -0.798045015 -0.602590157 0.00304257003
vn 0.00374478024 -0.233250617 0.972409444
vn -0.972535811 0.231098786 -0.0277028239
vn -0.960139615 0.279513395 -0.0020450286
vn -0.237809663 -0.971311773 -6.28191263e-05
vn -0.22485858 -0.974391119 -0.000752803186
vn 0.0137382884 -0.702718302 -0.711335538
vn 0.00263429497 -0.626939619 -0.779063396
vn -0.00248606702 -0.722427026 -0.691442703
vn -0.912168637 -0.296231933 0.283187252
vn -0.520882795 0.0352128006 0.85290162
vn -0.000584975742 -0.00951565576 0.999954554
vn 0.0059852731 -0.0147721765 0.999872972
vn -0.00149968591 0.360490722 0.932761594
vn 0.00280757138 0.249032826 0.968490975
vn 0.00784444623 -0.634895126 0.772558505
vn 0.00163904933 0.0968026299 0.995302248
vn 0.0062494525 0.223277422 0.974734906
vn -0.00172702728 -0.260827971 0.965383751
vn -0.00754716496 -0.4200744 0.907458285
vn 0.00212600001 0.402353765 0.915481801
vn -0.0106802827 0.293755912 0.955820797
vn -0.0011909777 -0.97195469 0.235165181
vn -0.0222882361 0.773782181 0.633059532
vn 0.00481911001 0.83871727 0.54454579
vn -0.881088845 0.472949797 -0.000968286473
vn -0.892174695 0.451672662 -0.00401499593
vn -0.852904466 0.522058769 -0.00293480974
vn -0.830767792 -0.556614851 0.00218718721
vn -0.995818134 0.0907634618 -0.0104037751
vn -0.144491977 -0.26380592 0.953692039
vn -0.417756835 -0.0978445719 0.903274967
vn 0.697564723 0.0102766465 0.716448078
vn -0.712291738 -0.701883015 0.000844073431
vn -0.202991055 -0.979179786 0.00125590406
vn -6.27695233e-05 0.972963519 0.230958843
vn 0.0914080257 0.981287839 0.169466071
vn -0.00662432404 0.922195651 0.38666691
vn 0.569839973 -0.103574738 0.815202232
vn -0.999665796 0.0258174147 -0.00132567021
vn -0.994927295 0.100591156 0.00104708613
vn -0.993766712 0.111475913 -0.000917929529
vn -0.998872101 0.0474335039 -0.00214228795
vn -0.994834214 0.101512983 -3.43968258e-05
vn 0.617250955 -0.284055992 0.733698475
vn -0.936047239 0.351874304 0.000202998925
vn -0.915746649 0.401755765 -0.000616433843
vn -0.928058959 0.372291447 0.0102785111
vn -0.488254836 -0.599126461 0.634550785
vn -0.507719293 -0.504432059 0.698404909
vn 0.391849252 0.256329364 0.883600261
vn 0.183486816 0.155850686 0.970589075
vn 0.697749592 -0.712958053 0.0695436708
vn 0.172968264 -0.981132895 0.0863725783
vn -0.108474837 0.994094125 -0.00317488216
vn -0.0278814893 0.999578442 -0.00809699967
vn -0.98739226 -0.158290736 0.000753219353
vn -0.980564072 -0.196166609 0.00357237867
vn -0.930221495 -0.366986162 0.00302121544
vn 0.00956986873 -0.143076439 0.989665373
vn -0.77636601 0.629765063 -0.0255300699
vn -0.842013922 0.539445711 0.00329862656
vn -0.99333648 -0.115230236 0.00215199108
vn -0.995544414 -0.0942867181 -0.00115528019
vn -0.378424866 -0.342754301 0.859833769
vn -0.2268063 -0.144125795 0.963216828
vn -0.775840463 -0.421423626 0.469546274
vn -0.910438101 -0.413644946 0.000568137414
vn -0.999987455 0.00359889237 -0.00348383935
vn -0.998934158 -0.0459272525 -0.00460818076
vn -0.912074291 -0.410005211 -0.0040267934
vn -0.882053779 -0.471145588 -0.00172238413
vn -0.0031097626 -0.0803483065 0.996761997
vn 6.77846272e-16 4.46188326e-16 1
vn -1.36965749e-15 1.35593822e-16 1
vn -0.656087503 0.754661324 0.00595602205
vn -0.98587651 -0.167416682 -0.00437744131
vn -0.864287347 -0.50299765 -0.000864380594
vn -0.992632163 -0.120814957 0.00922690732
vn -0.983375197 -0.18158522 0.000172819096
vn -0.858473045 -0.512857051 0.00129486335
vn -0.86532579 -0.501192819 -0.00412741538
vn -0.992369919 -0.122830018 0.0107112227
vn -0.997948767 -0.0638952907 0.00395592202
vn -0.230787733 -0.050932062 0.971670184
vn -0.867915129 0.374711212 0.326059559
vn -0.114316356 0.478080758 0.870844739
vn -0.989202834 0.14648826 -0.00435232501
vn -0.813394517 -0.427423953 0.394586017
vn -0.378628536 -0.236631492 0.894788226
vn -0.874694004 -0.484674302 0.00110447919
vn -0.818586579 -0.574383147 -0.000109546369
vn -0.855598527 -0.517639948 0.000209670007
vn -0.880241003 -0.474521426 0.0022787328
vn -0.860622697 -0.509242991 0.000385522671
vn -0.900253321 -0.435253278 0.00992682514
vn -0.287279566 0.956117758 -0.0575263789
vn -0.249735114 0.968279835 -0.00815681387
vn -0.354912585 0.934798557 -0.0137373306
vn -0.587596072 -0.80914672 0.00352741036
vn -0.495879802 0.168508305 0.85188507
vn 0 0 1
vn 0 0 1
vn 0.03234231 0.959685803 0.27920805
vn -0.227862622 0.868728253 0.439761127
vn -0.280114457 -0.959956291 0.00445087269
vn -0.846176393 0.532899289 0.00196457913
vn -0.835993312 0.548508593 -0.0159218639
vn -0.882932652 0.469495867 -0.00188757156
vn -0.887289961 -0.461199279 0.00342794965
vn -0.948461919 -0.316338453 0.0187075326
vn -3.21038011e-16 9.7374031e-17 1
vn -6.77562317e-16 9.61703259e-16 1
vn -3.54087997e-16 -4.93137287e-16 1
vn 3.95164053e-17 1.79926439e-15 1
vn -0.117705748 0.0339180951 0.992469103
vn 0 0 1
vn 6.85564848e-16 1.57268609e-16 1
vn 1.00619714e-15 -1.10403217e-16 1
vn 0 0 1
vn -0.913907457 0.405742882 -0.0120778424
vn -0.910566055 0.413355856 0.00252890948
vn -0.971931181 -0.235243629 -0.00319595231
vn -0.970295304 -0.241888477 -0.00412170229
vn -0.0229590288 0.103087086 -0.994407329
vn -0.209726912 -0.145263055 -0.966909131
vn -0.988127424 -0.153636564 2.51975719e-06
vn -0.914529607 -0.404497025 -0.00421353623
vn -0.915567265 -0.402164233 0.000716011756
vn -0.966256737 -0.257556838 0.0035205748
vn 0 0 1
vn -0.0192689418 0.999121981 0.0372018158
vn 0.100472758 0.993961778 0.0441045223
vn -0.874961839 -0.151274783 0.459954041
vn -0.902803214 -0.213395347 0.373374857
vn -0.55676355 -0.113000995 0.822949041
vn -0.481638901 -0.796434354 -0.36567238
vn -0.99922767 0.0392915932 0.000483982857
vn -0.235984778 -0.474139594 0.848235127
vn 0.0370307107 0.992429374 -0.117101083
vn 0.0268352813 0.999612316 0.00742198721
vn -0.995643795 -0.0930835174 -0.00537507842
vn -0.986933539 -0.161091146 0.00343987536
vn -0.568619685 -0.822578784 0.00598310065
vn -0.812912515 0.224808135 0.537247191
vn -0.460701665 -0.887547293 0.00371205767
vn -0.961389819 0.2751885 -0.000951240119
vn -0.986996592 0.160688425 0.00411783955
vn -0.999754108 0.0201381777 0.00928320622
vn 0 0 1
vn -2.03884108e-15 8.49204566e-16 1
vn -0.302742691 0.197032671 0.932483238
vn -0.761359277 0.581400181 0.286890013
vn -0.752911702 0.657757982 -0.0218725059
vn -1.09740097e-15 2.91985342e-15 1
vn 1.46293526e-15 2.51430035e-15 1
vn 7.81408904e-17 3.33088587e-15 1
vn -0.936907166 0.309384229 0.162746312
vn -2.41165556e-15 -1.12542813e-15 1
vn -0.492728648 0.776363675 0.393036797
vn -0.199000378 0.478211884 0.855401802
vn -0.380804678 0.856651921 0.348044943
vn -0.384748747 0.825514483 0.412909482
vn -0.509361316 0.852705161 0.115952396
vn -0.395745191 0.91733631 0.0433570953
vn -0.361343116 0.932423597 0.00416991925
vn -0.449950258 0.892917113 -0.0156139301
vn -0.479160111 0.87766965 -0.0100783539
vn 0.3948849 0.436569944 0.808376521
vn 0.373351109 0.482541813 0.792314551
vn 1.59717265e-15 1.84347989e-16 1
vn -0.750529483 0.498211528 0.434155236
vn -0.697397148 0.655003158 0.290874684
vn -0.513267631 0.240746444 0.823770289
vn -0.868023845 0.496519546 -0.0017161156
vn -0.956729866 0.290904958 0.00650140513
vn -0.939573063 0.342318069 0.00456063902
vn 0.0071763247 -0.987257915 0.158966377
vn 0.0105041508 -0.96001518 0.279750812
vn 0.596838738 0.801627795 -0.0342986754
vn 0.593346063 0.804946 -0.00154498768
vn -7.57238889e-16 2.04179646e-15 1
vn -2.42546789e-16 2.05471717e-15 1
vn -2.78650848e-16 -4.94729379e-16 1
vn 0.705293149 0.708915285 -0.00083230411
vn 0.725781362 0.687664694 -0.0189389369
vn 0.74183931 0.670569439 0.00332656623
vn -1.65812661e-16 -1.10243079e-16 1
vn 5.54033551e-16 3.776216e-16 1
vn -8.54481689e-16 2.4414454e-16 1
vn 0.630568694 -0.776130828 -0.00201500777
vn 0.641365983 -0.76723361 0.00150474308
vn 0.598041677 -0.801462084 0.00216362105
vn -0.0666674777 0.183086617 0.980833695
vn 0.495814876 0.868416577 0.00450094071
vn 0.40384807 0.834216461 0.375485861
vn 0.49016549 0.749840108 0.444384524
vn -0.47210224 0.881355104 0.018238834
vn -0.354599496 0.622341581 0.697818138
vn -0.0238562929 0.713326613 0.700425599
vn -0.706707432 0.707421666 -0.0109175328
vn -0.80141641 0.562377519 0.203625303
vn -0.719763019 0.689871624 0.0775779559
vn 0.246205964 0.892697088 0.377457986
vn 0.114792156 0.245466763 0.962584453
vn 0.0791987967 0.46769792 0.880333009
vn -0.40565134 0.91130697 0.0704740928
vn 0.0827572308 0.889707775 0.448966943
vn 0.090972483 0.995761131 -0.0135564407
vn 0.29887128 0.953970308 -0.0248316217
vn 0.0802568625 0.996757108 -0.00583991331
vn 2.1826449e-16 1.65764198e-15 1
vn -0.0932435975 0.398506394 0.91241344
vn -0.763901056 -0.645331052 -0.00173491121
vn 0.762366624 0.647144255 0.00120149281
vn 0.831173086 0.556010106 -0.00201579545
vn 0.766817258 0.641838212 -0.00591620396
vn -0.987366716 0.158448255 -0.00105738537
vn -0.972316306 0.233627154 0.00439934618
vn -0.992727912 0.120377313 -0.000771176927
vn -1.58413088e-15 8.43305383e-16 1
vn -0.43685779 0.0765956959 0.896263561
vn 0.0829885572 0.334018642 0.938905984
vn -0.850850036 -0.525379621 -0.00551989477
vn 9.05019171e-16 -3.23656381e-16 1
vn -0.165002705 -0.986282495 0.00457679647
vn 0.580132135 -0.470744986 0.664714874
vn 0 0 0
vn 0.00962161869 0.993067812 0.11714839
vn 0.147390663 0.987787175 0.0505221602
vn -0.889762434 0.454897431 0.0372979671
vn -0.833941274 0.550516932 0.0383804563
vn -0.865916026 0.500183792 0.00236876234
vn 0.287964693 0.95135363 -0.109556408
vn 0.629448327 0.77546747 -0.0494470054
vn -0.00806406733 0.998994232 -0.04410776
vn 0.220130048 0.404099922 0.8878322
vn 0.857183197 0.51501143 -0.000439857607
vn 0.879245205 0.476364411 -0.00219494109
vn 0.841084211 0.540899742 0.00219521432
vn -0.964488549 0.26219331 -0.0318827104
vn -0.948210175 0.317643597 -9.5730285e-05
vn -0.291466356 0.329938792 0.897879589
vn 0.872409871 0.488774743 0.000517262629
vn 0.869705558 0.493570896 -0.000112918606
vn 0.877475042 0.479619709 0.00157635292
vn 0.853827177 0.520556554 -0.000157917649
vn 0.859103665 0.511801202 -0.000650185708
vn 0.779837194 0.625706056 -0.0185979166
vn 0.807552477 0.589646983 0.0132450817
vn -0.479197123 0.874370332 -0.0764633246
vn -0.559239288 0.810400303 -0.174650413
vn -0.730505333 0.682825723 0.0105352178
vn -0.511202308 0.85923497 -0.0196841719
vn -0.307298726 -0.951597662 -0.00542062809
vn 0.894012518 0.44804076 -0.00104650124
vn 0.925744852 0.378134639 -0.00326551709
vn 0.909054601 0.416676523 -0.00063793868
vn 0.464631072 -0.885503813 0.000981471884
vn 0.574011652 -0.818744397 0.0129705607
vn -0.31958944 0.334247159 0.886646167
vn 0.00114396276 0.415983782 0.909371313
vn -0.309153929 0.491249802 0.814307976
vn -0.941306192 0.337547432 0.00209379922
vn -0.887326189 0.461080372 -0.0075581757
vn -0.679180533 0.732477104 0.0468091379
vn -0.904908694 0.425526461 0.00821504315
vn -0.932560848 0.361008452 -0.00177834896
vn -0.980130801 -0.197384536 -0.0195693336
vn -0.934299284 -0.352013511 0.05631461
vn -0.927113435 -0.374686452 0.00841080441
vn -0.842148044 -0.539236123 -0.00332813767
vn -0.960620542 0.277858694 -0.00164948842
vn -0.786620684 0.201840348 0.583513815
vn 0.00991422834 0.964239234 0.264847896
vn 0.040582628 0.995296427 0.0879663104
vn -0.0726168673 0.991021657 0.11226249
vn -0.277665486 -0.317367443 0.906741299
vn 0.00369105878 0.676775103 0.736180573
vn 0.0336393061 0.587117754 0.808802287
vn -0.18986586 0.170756871 -0.966846961
vn 1 0 0
vn -0.0541448945 0.561923683 0.825415111
vn -0.477273507 -0.541865872 -0.691802989
vn -0.00536297085 0.981029603 0.193783788
vn 0.0262354415 0.96237529 -0.270454253
vn 0.00319650844 0.264299537 0.964435346
vn -0.908669575 0.41748289 0.00525732857
vn -0.890375922 0.455225906 0.00030453203
vn -0.00387538224 -0.136446831 0.990639815
vn -0.0012028327 -0.208523449 0.978016628
vn 0.0257032904 -0.78316579 0.621281487
vn -0.380238934 -0.808912858 0.448417596
vn -0.855904872 -0.38720283 0.342783925
vn -0.00496242679 -0.679468334 0.733688052
vn 0.00423175479 -0.782543933 0.622580987
vn 0.489028489 -0.3841107 0.78314118
vn -0.999945102 0.0101123806 0.002744703
vn -0.0031922682 -0.565301765 0.824878006
vn 0.0417662333 0.895078123 0.443949024
vn -0.163639347 0.897682255 0.409131682
vn 0.00662773168 -0.999894712 0.0129088655
vn -0.298552423 -0.952997011 -0.0516057001
vn 0.00173628077 -0.98260425 -0.185703722
vn 0.00484360161 0.535145013 0.844746325
vn 0.408283275 0.888986407 0.207383547
vn -0.442170684 -0.878756488 -0.179644427
vn 0.0610392346 -0.602540448 -0.795750728
vn 0.46870902 -0.418010921 -0.778189389
vn -0.0407288164 -0.334844128 -0.94139289
vn -0.898302124 -0.439346554 -0.00528195331
vn -0.865143118 -0.501499059 -0.00510673831
vn -0.853302916 -0.52141478 -0.000871682073
vn 0.4006552 -0.656909898 0.638705563
vn 0.596697359 -0.738126128 0.314836596
vn 0.049577973 -0.900125993 0.432799284
vn 0.46593643 -0.832975405 0.29842121
vn -0.999938191 -0.0110303255 0.00139500533
vn -0.0735268103 -0.99442856 0.0755357292
vn 0.000709029322 -0.999100024 -0.042410373
vn 0.0222025814 -0.54329301 -0.839249516
vn 0.0067732559 -0.72978611 -0.68364198
vn -0.861296778 0.170020735 -0.478811873
vn 0.0611585309 0.969150135 -0.23876275
vn 0.00458071845 0.760735229 -0.649046168
vn -0.0344433627 0.742396413 -0.669074899
vn -0.0203714248 0.902845922 0.429481369
vn 0.017430242 0.952170699 0.305069085
vn -0.921646375 -0.37965917 0.0801677826
vn -0.504665767 0.698354309 -0.50755662
vn -0.999519728 0.0179455007 0.0252640413
vn -0.987329697 0.0854305475 -0.133722437
vn -0.940778547 -0.0657633503 -0.332582183
vn 0.918268559 0.395957677 -0.000610232625
vn 0.889207791 0.457501748 0.0012862896
vn 0.903708667 0.428146819 -0.000972736514
vn -0.99714236 -0.0738461904 -0.0159328245
vn -0.482116743 -0.81881219 -0.311624844
vn -0.915953245 -0.400884935 -0.0179142724
vn -0.0632070946 -0.955177996 -0.289205565
vn -0.901458446 -0.432607713 -0.0149410679
vn -0.84253652 -0.538537842 -0.0104501429
vn -0.137874565 0.487094082 -0.862397797
vn -0.735274771 0.675540603 -0.0549172506
vn -0.599931582 0.4101013 -0.686949067
vn -0.815318679 0.549579513 -0.18225754
vn -0.84778755 -0.32071192 0.422374401
vn -0.0412335962 -0.493110678 -0.868988866
vn 0.615740383 -0.373919661 -0.693576144
vn 0.428042564 -0.683692356 -0.591053572
vn -0.994040789 0.105924033 0.0257489424
vn -0.00729863301 -0.695869577 -0.71813109
vn -0.0522445309 -0.935231148 -0.350161689
vn -0.743923719 -0.668259972 0.00247184578
vn -0.191507701 0.57051824 -0.798644939
vn -0.000360646345 -0.943763629 -0.330620753
vn 0.00631048298 -0.923533217 -0.383466524
vn 0.00640823787 -0.984743477 -0.173894275
vn 1 0 0
vn -0.00332136957 -0.991391744 -0.130886891
vn 0.00372033647 -0.952956311 -0.303084853
vn -0.00407273785 -0.967616486 -0.252392054
vn 0.925072046 0.379788789 0.00147834925
vn 0.934996232 0.354654547 -0.00148274719
vn 0.954490304 0.298241897 -0.000175049145
vn 0.00576818234 -0.882478945 -0.470316531
vn 0.00571740532 -0.945749073 -0.32484766
vn -0.000247869757 -0.896708806 -0.442620894
vn -0.115423206 -0.323696455 -0.939094292
vn -0.00529006201 -0.819168201 -0.573528965
vn -0.00618542921 -0.902048057 -0.431591292
vn -0.710133809 -0.704062094 0.00255747109
vn 0.993216204 0.115865804 -0.00983298657
vn -0.447140195 -0.868510517 0.213904483
vn -0.691224754 -0.722528075 0.0127090971
vn -0.934470699 -0.356023991 -0.00338095893
vn -0.00111342873 -0.804417227 -0.594063705
vn -0.934231308 -0.356665422 -0.00128030652
vn -0.939130423 -0.343560325 -0.00059215613
vn -0.388685199 -0.916937497 0.0902742588
vn -0.0103597534 -0.450852469 -0.892538362
vn -0.000220484908 -0.976518343 -0.215434158
vn -0.0203513565 -0.992228997 -0.122749498
vn -0.00181287297 -0.946392086 -0.323015066
vn 0.00106952489 -0.79555795 -0.605876559
vn -9.62721175e-16 -1.57555048e-15 1
vn 0.0183066164 -0.200381537 -0.979546889
vn 0.0220498266 -0.0887966188 -0.995805687
vn 0.441663751 -0.856699296 0.266457216
vn -0.74987036 -0.661584346 -0.000771750394
vn -0.773330214 -0.634003358 -0.000348034722
vn 0.0186567466 -0.789139532 0.613930554
vn -9.40068871e-16 -2.81825677e-17 1
vn -0.5783486 -0.724226928 0.375510656
vn -0.603366198 -0.782996899 0.151212058
vn 0.0104664806 -0.878254118 0.478079655
vn -0.978832164 -0.204664314 0.000337401436
vn -0.713204044 -0.678127655 -0.177434143
vn -0.99983416 0.0165582042 0.00758144138
vn -0.010763721 -0.988495812 0.150864746
vn -0.908092593 -0.418768273 0.000988042793
vn -0.684665663 -0.728850876 0.00305442635
vn -0.984281353 -0.172072719 0.0397642705
vn -0.950058385 -0.312044327 0.00417180835
vn -0.759900145 -0.650037015 -0.0019103182
vn -0.726149192 -0.687537083 -0.000334349661
vn 0.897095189 0.435349076 -0.0754413946
vn -0.759124968 -0.650944752 -0.000461209678
vn 0.637671804 0.685125188 -0.352105307
vn 0.761351775 0.42513274 -0.48949528
vn 0.586622812 0.58970004 -0.55509237
vn 0.757193816 0.648247108 0.0802073042
vn -0.950103857 -0.311924446 -0.00240853094
vn 0.87199002 0.489522232 -0.00117861599
vn 0.79968762 0.599756839 -0.0281326177
vn -0.769353547 -0.638819906 0.00206110105
vn -0.503995389 -0.863679244 -0.00684186632
vn -0.0521766649 0.391151381 -0.91884612
vn -0.807436991 -0.589951558 -0.00163228738
vn 0.722210465 -0.691446773 -0.0177032523
vn 0.636362184 -0.771367055 -0.006003129
vn -0.342439094 -0.939537699 -0.00209239648
vn 0.912006169 -0.410130444 0.00614544524
vn 0.857415348 -0.514624954 -0.000280642259
vn 0.862609032 -0.505868162 0.00174929507
vn -0.92314055 -0.384254636 0.0126451247
vn -0.905813452 -0.423662804 0.00343768668
vn -0.946949777 -0.320902608 0.0175395516
vn 0.887194882 0.461394842 -0.00020416708
vn 0.282089237 -0.528435737 0.800737993
vn 0.810417403 0.581838821 -0.0684632656
vn -0.16945807 -0.985531531 0.00340046781
vn 0.828746262 0.559570434 0.00778216905
vn 0.929038455 0.369902396 -0.00773091341
vn -0.217362435 -0.976090935 0.00023989964
vn -0.147638289 -0.989036932 0.00298037719
vn 0.00506010539 -0.999967903 0.00621189162
vn -0.00460524067 -0.999987405 0.00199537783
vn 0.700815394 0.712573607 0.0331155233
vn -0.502585047 -0.413102073 -0.759443841
vn -0.761137129 -0.648586865 -0.00231292181
vn 0.967226862 -0.253858303 -0.00530660682
vn 0.915991633 -0.400805225 -0.0177341418
vn 0.932480099 -0.0523993878 -0.357400573
vn -0.383005495 -0.92373967 0.00343698165
vn -0.906430266 -0.421958751 -0.0183026116
vn -0.446786729 -0.89464008 0.00086324319
vn -0.446262596 -0.894900202 -0.00182301308
vn -0.979253103 -0.200378312 -0.0301975445
vn -0.895405247 -0.445252039 0.000257614363
vn -0.423850812 -0.905728492 -0.00252729433
vn -0.865700546 -0.500535529 -0.00517183337
vn 0.366103306 -0.930569995 0.00280251169
vn 0.300806456 -0.953685175 -0.000252055301
vn 0.377950946 -0.92581391 0.00465679579
vn 0.812960173 0.582307941 0.00363587633
vn -0.733537612 0.678880605 -0.0323062778
vn 0.577084046 -0.816657426 -0.00668219367
vn 0.61105122 -0.791464828 0.0141362234
vn -0.755150635 0.655422857 -0.0129767761
vn -0.66355754 0.7478669 0.0196593761
vn -0.826586011 0.562810209 0.000484411819
vn -0.984811423 0.173627082 0.00031133155
vn 0.0943315974 -0.99550391 0.00857413588
vn 0.157519703 -0.987508413 0.00383103391
vn 0.0761289505 -0.997053282 -0.00944119032
vn -0.939606072 0.333325343 -0.0776829781
vn 0.766152486 -0.641047908 0.0454746903
vn 0.684043614 -0.728378401 -0.0393603729
vn 0.572500461 -0.819870586 0.00744609959
vn 0.562814784 0.217647175 -0.797414087
vn 0.729508838 -0.683966053 0.00270051357
vn 0.967221408 0.253934183 0.000423475302
vn 0.783782448 -0.620826154 0.0161232656
vn 0.781218051 -0.624244699 -0.00411262565
vn -0.89696978 0.441107205 -0.0294897988
vn -0.797714935 0.597997543 -0.0777805975
vn 0.871433664 -0.490378532 -0.0115006076
vn 0.806826709 -0.590786482 0.0014120417
vn -0.494678469 0.869065659 0.00425350808
vn -0.492712023 0.870192222 -0.000600294794
vn -0.427313533 0.904091897 0.00458110765
vn -0.415712595 0.909491376 -0.00291134086
vn -0.365039084 0.432543584 0.824410405
vn -0.554173946 0.831139946 -0.0457998605
vn -0.669226889 0.737280555 -0.0924810999
vn 0.164033936 0.316405761 0.934334128
vn 0.478886627 -0.875221859 0.0682223983
vn 0.346728994 -0.937927216 0.00845831103
vn -0.343711517 0.939043235 -0.00775862442
vn 0.343162942 -0.938962292 -0.0242695059
vn 0.472402311 -0.881378362 -0.002870296
vn 0.495740359 -0.86821733 -0.0209801159
vn -0.0732325247 -0.940690145 -0.331268846
vn -0.000227006798 0.665920768 -0.746022439
vn -0.386118724 -0.92189495 -0.0319692198
vn -0.148159919 0.713469013 -0.68484349
vn -0.609085104 0.792347431 -0.0346537924
vn -0.781363838 -0.624072111 -0.00213372835
vn -0.741212587 -0.671270042 0.000657361394
vn -0.731508879 -0.681821223 -0.00381841901
vn -0.155413529 0.987608738 -0.0218085927
vn -0.110504186 0.993868847 0.00367953126
vn -0.0743817715 0.99707541 -0.0175493205
vn 0.42009732 -0.90738702 0.0129242927
vn 0.510704855 -0.859091709 -0.0337933064
vn 0.375295019 -0.926880501 -0.00679594763
vn 0.602508895 -0.798051909 -0.00980726005
vn 0.906409299 -0.422398699 0.00123363007
vn 0.929190477 -0.369600782 0.000565080432
vn 0.918394512 -0.395665912 -8.16693872e-05
vn -0.236653859 0.970623436 -0.0434177023
vn -0.283100646 0.959088435 0.00184314881
vn 0.119516356 0.82683004 0.549607065
vn -0.108513342 0.993315536 -0.0393586079
vn 0.0643990881 -0.9252246 0.373914692
vn 0.816779088 -0.0577992952 -0.574048049
vn 0.50925174 0.242147155 -0.825849515
vn 0.906661985 0.421853234 0.00197339444
vn 0.929673126 0.368382527 0.00148050606
vn 0.982700482 0.185201897 0.000143838236
vn 0.989198001 0.14646949 -0.00583120079
vn 0.993669511 0.112340975 -0.000638637202
vn -0.637202985 -0.770695405 -0.000974372013
vn -0.691979061 -0.721915226 0.00184020457
vn -0.660797745 -0.750563095 0.00117525147
vn 0.800414075 -0.599266522 -0.0147290397
vn 0.752178225 -0.658162398 -0.0324064193
vn 0.796760048 -0.604276418 0.00484126058
vn 0.205825276 -0.978585632 -0.0024729859
vn 0.290444842 -0.956848588 0.00908696196
vn 0.988032701 -0.0329258105 -0.150689324
vn 0.929357099 -0.356786018 -0.0948636878
vn 0.984436333 -0.167828598 -0.0521408516
vn 0.812776085 -0.52043519 0.261805746
vn -0.877552269 -0.47936783 -0.0104162335
vn 0.515434001 -0.856924712 -0.00279808419
vn -0.671220156 -0.741248044 -0.00385215907
vn -0.274450047 0.960587423 0.0441472029
vn -0.233446558 0.97235055 -0.00609200898
vn 0.228418516 -0.97137729 -0.0652007818
vn -0.488301108 -0.872613394 0.010387185
vn -0.431578103 -0.901736112 0.0247451913
vn -0.508190717 -0.861186966 -0.0099601769
vn 0.974093262 -0.226143184 -0.00125563997
vn 0.9558086 -0.293985213 -0.00161710565
vn 0.957805953 -0.287402313 0.00276905789
vn 0.844630099 -0.188556849 -0.501045218
vn 0.991605156 -0.0871303662 -0.0955380185
vn -0.23692781 0.97147698 0.00988387005
vn 0.950509498 0.261155157 -0.168314224
vn 0.964588578 0.0182465104 -0.263127232
vn -0.536977531 -0.324654183 -0.778623652
vn -0.912165112 0.40982286 -0.000178676765
vn -0.92800889 0.37254835 -0.0026881633
vn -0.517973721 -0.853556784 -0.056071757
vn 0.07554479 -0.997141772 0.0011279278
vn -0.0395048197 -0.999158922 0.0109917319
vn 0.0239646194 -0.999703025 0.00442257123
vn 0.881067009 0.472990921 -0.000717147069
vn 0.84429239 0.53588269 0.000321342341
vn 0.883863224 0.467745358 0.000283525608
vn 0.385254625 -0.922692353 -0.0147544999
vn 0.15658348 -0.987626972 -0.00863586081
vn 0.863614969 0.504147913 -0.00201671482
vn 0.904152539 0.427209651 0.000317016035
vn 0.947227324 -0.318845404 0.0331361519
vn -0.0251995241 -0.995982307 0.0859315313
vn 0.467779787 -0.883779958 0.0107264415
vn 0.419478433 -0.906637071 -0.0452445067
vn 0.890769057 0.45442135 -0.00563243182
vn 0.913619242 0.40656749 -0.00166048968
vn 0.916946996 0.398979682 -0.00483946376
vn 0.923713618 -0.381721105 0.0322823388
vn 0.796671193 0.0645828968 -0.600952627
vn 0.997864691 -0.064557036 0.00992207916
vn 0.259492916 -0.965668368 -0.0121667623
vn 0.188590716 -0.981577051 -0.0306599887
vn 0.611213895 -0.756584936 -0.232372136
vn 0.54410967 -0.838535253 -0.0283424797
vn 0.10140326 0.994840818 -0.00302077239
vn 0.0110568141 0.999067221 -0.0417424935
vn 0.0353628833 0.99926481 0.0148089512
vn 0.098156249 0.994290952 -0.0418432087
vn 0.865540307 0.500830072 -0.00303572034
vn 0.835092039 0.550109148 0.0011008575
vn 0.87446569 0.485085339 -0.00140371594
vn -0.260334404 0.960758006 0.095760384
vn 0.263475985 0.963884184 0.0388289114
vn 0.700935518 -0.713096934 0.0134967336
vn 0.707943012 -0.700219601 -0.0922453396
vn 0.10908174 -0.992597968 -0.0533895864
vn 0.0187373446 -0.999733335 -0.0134970627
vn 0.792749391 -0.609189093 -0.0209058122
vn -0.917078679 0.39845015 -0.0142889572
vn -0.03527755 0.999374854 0.00232300041
vn -0.0532484848 0.998531881 0.00993389366
vn -0.67513529 -0.73751988 -0.0160239151
vn -0.687799503 -0.725029198 0.0355599015
vn 0.962740813 0.2704242 -0.000937247305
vn 0.971238521 0.238095023 -0.00254866818
vn 0.977903539 0.209048416 0.00185131499
vn 0.813170694 0.529177451 -0.24233169
vn 0.0223347226 0.911273747 -0.411194989
vn 0.845751379 0.533561712 0.00406262784
vn 0.922751999 0.385384406 0.00275807793
vn 0.93586027 0.352350003 -0.00387691451
vn 0.942090831 0.33534675 0.0027246311
vn 0.870784325 0.49164171 -0.00480504824
vn -0.257745454 0.966212388 0.000949684546
vn -0.314257503 0.949179265 0.0173477399
vn -0.290174956 0.954935113 -0.0624293652
vn 0.885187596 0.465233791 -0.000663544588
vn 0.999912396 -0.0132066763 -0.000884938662
vn 0.997587995 -0.0693040377 0.00389134939
vn -0.841037504 -0.540960806 0.00416202415
vn -0.813510577 -0.581547123 0.00186694937
vn -0.0275418377 0.389253822 -0.920718692
vn 0.0132165076 0.284548066 -0.958570666
vn 0.619915183 -0.784668241 -0.000958264562
vn 0.672700907 -0.739908055 -0.00309189699
vn 0.647812296 -0.761799722 0.000642534121
vn 0.69263438 -0.72128801 -0.00110493773
vn -0.975703136 0.128815228 -0.177228742
vn 0.839053559 0.544048104 0.000886665371
vn 0.941201306 0.337837182 -0.00247795781
vn 0.964366863 0.264553742 -0.00280572547
vn 0.938969314 0.344000743 -0.000340001247
vn 0.987854065 0.155378526 0.0013636751
vn 0.988473218 0.151394581 0.000614293423
vn 0.975684602 0.219179098 0.000284970603
vn 0.755376856 0.655254267 0.00690296001
vn -0.0420912567 -0.0979180057 0.994303973
vn 0.738348249 0.671446404 -0.0632581113
vn -0.569381657 -0.822073269 0.00026175796
vn -0.528523139 -0.848917555 0.00150871657
vn -0.488641052 -0.872480744 0.0026970671
vn 0.275641828 0.961237729 0.00660388226
vn 0.174269722 0.984687944 -0.00444031982
vn 0.184315007 0.982831736 0.0083520479
vn -0.123258682 -0.992076225 -0.0243323071
vn -0.261867608 -0.962522678 -0.0705368693
vn -0.409070442 -0.912502563 0.00066767695
vn -0.414870018 -0.909880385 0.000743565123
vn -0.338404913 -0.940985521 -0.00532588642
vn -0.486321047 -0.873763523 0.00539860902
vn -0.383831104 -0.92340309 -0.0006449226
vn -0.48149875 -0.876334183 -0.0140482823
vn 0.939886247 0.341477935 -0.00258115529
vn 0.876581231 0.481242627 0.00329829183
vn 0.884289854 0.466938048 -0.00055960979
vn 0.894701092 0.446646301 0.00412761481
vn 0.85788599 0.513839742 -0.0005902034
vn 0.872400543 0.488786735 -0.00219565426
vn 0.840440645 0.541899784 -0.00203618008
vn -0.103736364 -0.994561513 0.00928244835
vn -0.178700895 -0.983697319 0.0201388957
vn -0.0511863234 -0.998562953 -0.0158741681
vn 0.24481869 0.968393598 -0.0477247199
vn 0.188641189 0.98151917 -0.0321655139
vn -0.1966805 0.980466628 0.00140475807
vn -0.481089459 0.876423685 -0.0208436275
vn 0.872166018 -0.48920679 -0.00177589961
vn 0.894464319 -0.447139016 0.000531773002
vn 0.871053328 -0.491187929 0.000719950486
vn -0.412244511 0.91100925 0.01079856
vn -0.554439697 0.831845471 0.0250944945
vn -0.280142345 0.959166988 0.0389737855
vn 0.541536411 0.838292823 0.0632728893
vn 0.365955719 0.929108632 0.0532312086
vn 0.124405957 0.985676406 0.113864743
vn 0.127404299 0.991826474 0.00695634744
vn -0.927756869 -0.336096007 -0.162193302
vn -0.111887022 0.207397441 0.971837227
vn -0.274363998 -0.961124522 0.0310491613
vn -0.749254964 -0.607563025 0.263598501
vn -0.85022305 -0.521528192 -0.0716178015
vn -0.764607963 -0.637848421 0.0923258102
vn 0.996541897 -0.0830529962 0.00253925758
vn 0.242548031 -0.242613776 0.939313051
vn -0.00705887709 -0.185559402 0.982607694
vn -0.0345742623 -0.329790437 0.943420843
vn 0.825465175 0.564089387 -0.0202585511
vn -0.737968888 -0.674740434 -0.0112812736
vn -0.564946529 -0.825036894 0.0122287732
vn -0.592477165 -0.805522941 -0.0101784662
vn -0.633902164 -0.773373328 -0.00785758835
vn -0.559086776 -0.829104937 0.00264208176
vn -0.299484307 -0.954100367 0.00128012532
vn -0.239684217 -0.970601823 0.0219903949
vn 0.996858221 0.0791429703 -0.00317454667
vn -0.00312485349 0.0206693954 -0.999781482
vn 0.000246085033 0.0936076806 -0.995609131
vn 0.0147919867 0.158255708 -0.987287358
vn -0.878809056 -0.426534511 -0.213922777
vn 0.905600311 0.287834718 -0.311511239
vn -0.905821588 -0.422802551 0.0269305419
vn 0.994844512 -0.100748867 -0.0115785765
vn 0.988452862 -0.151510113 0.00237178395
vn 0.996928231 -0.0783148961 0.000937225663
vn 0.996147325 -0.0876659611 -0.00227737903
vn 0.996818637 0.0796795688 0.00194200921
vn 0.999921097 -0.0124390605 0.00175224199
vn 0.99599199 0.0894269305 -0.0016674675
vn 0.962064602 0.272751112 -0.00620740053
vn 0.943970308 0.33002974 0.000654239698
vn 0.979549423 0.201163234 -0.00403497182
vn 0.942596604 -0.333719243 -0.0119628296
vn 0.912239547 -0.408843322 -0.0258098292
vn 0.925598254 -0.378469309 0.00537162948
vn 0.938400936 -0.345548339 0.000171732214
vn 0.997374961 -0.0724088609 0.00038070752
vn 0.989501263 -0.144523177 -0.000549613578
vn -0.869930377 -0.456809519 -0.185866088
vn 0.958098771 -0.286432311 -0.00181023175
vn -0.96894382 0.145683355 -0.199810493
vn -0.915972143 0.040712194 -0.399171079
vn -0.997862988 -0.0599610398 0.0259640354
vn -0.9907598 -0.135125536 -0.0116665744
vn 0.84905353 0.234580365 -0.473371054
vn 0.980177457 0.198119571 -0.000887453205
vn 0.891024144 0.453953792 0.00138884668
vn 0.911042722 0.412308868 0.00159869569
vn 0.898223026 0.439539079 -0.000890571069
vn -0.677608678 -0.725666627 -0.119391898
vn -0.734861182 -0.678216855 0.000970102002
vn -0.415614806 0.519717592 -0.746430142
vn 0.948450561 0.316916164 -0.00238296971
vn -0.0255413115 0.119259033 -0.992534596
vn -0.0071742124 0.247559355 -0.968846168
vn -0.20905295 0.271522237 -0.939453319
vn 0.884078056 0.4673375 0.00128558166
vn 0.915917138 0.40136399 -0.00165641914
vn 0.918609286 0.395165566 -0.00107473895
vn 0.961540131 -0.274653587 -0.00244605584
vn 0.0899698663 0.417489445 -0.90421678
vn 0.0142508946 -0.293139449 -0.95596348
vn -0.405416937 0.411634838 -0.816207
vn 0.938970347 0.343996678 0.000986591979
vn 0.99096954 -0.134079755 0.00141060831
vn 0.978840173 -0.20454794 0.00566171713
vn 0.988915691 -0.148454028 0.00267549215
vn 0.993435476 -0.11434968 -0.0031788228
vn 0.99850499 -0.0545465128 -0.00353014269
vn 0.999501512 -0.0315599755 0.000833771504
vn 0.999754643 -0.0207863167 0.00765393581
vn 0.986186259 0.165617788 0.00272241533
vn 0.977159691 0.212501386 0.00144887528
vn 0.969673016 -0.244400983 -0.00154934502
vn 0.961617461 -0.274380708 -0.00266182225
vn 0.981199314 -0.192997037 -0.000223656176
vn 0.995365985 0.0961575798 -0.000525792299
vn -0.0213342583 0.745104821 -0.666606072
vn -0.0136016738 0.829763951 -0.557948725
vn -0.0293484419 0.890366432 -0.454297575
vn 0.940391272 0.340094439 -0.000167156869
vn 0.993766184 0.111447624 -0.00286342964
vn 0.998850632 0.0479221053 -0.000941779699
vn 0.999860785 0.0164489361 0.00280060293
vn 0.999989504 0.00440798183 -0.00124950939
vn 0.994948775 0.100383885 -0.000100141716
vn 0.998998101 0.0447292195 0.00144604385
vn 0.992264832 0.124131024 -0.00141170867
vn 0.991521151 -0.129928266 -0.00211012287
vn 0.998477357 -0.0551351831 -0.00175464111
vn 0.996498766 -0.0835893168 -0.00174244383
vn 0.978799268 0.204821805 0.000146156025
vn 0.992075686 0.125635203 -0.00127624669
vn 1 0 0
vn 0.41469281 -0.847935134 -0.330205816
vn -0.447415398 -0.791741026 -0.415891342
vn 0.80253448 -0.59628992 0.0194097837
vn 0.809633863 -0.586797801 0.0127022873
vn 0.834407353 -0.55093044 0.0154925571
vn 0.836678702 -0.547693592 0.000692860536
vn 0.802479121 -0.596678785 -0.00129939035
vn 0.987130026 -0.159918572 -0.000602533292
vn 0.98748791 -0.157688583 0.00139216698
vn 0.999644492 0.0264925483 -0.00300588172
vn 0.99856089 0.0536241881 0.000771858347
vn 0.974529828 0.224241149 -0.00274265037
vn 0.984277557 0.176613897 0.00228506846
vn -0.0042416283 0.233598949 -0.972323783
vn 0.0938643527 0.0826537023 -0.992148098
vn 0.639370772 0.188039116 -0.745551009
vn 0.961868983 0.273509587 -0.000752040836
vn -0.667400994 -0.0821959015 -0.740148463
vn 0.962919513 -0.178561499 -0.20224194
vn 0.902618549 -0.430441204 -0.000352793354
vn 0.909473425 -0.415760479 0.00114576517
vn 0.885984291 -0.463711981 0.00174188661
vn -0.00792776199 0.348430811 0.937300976
vn -0.011085897 0.526963157 0.849815824
vn 0.0029767753 0.505777364 0.862658911
vn 0.999998365 -0.00161403732 -0.000815640459
vn 0.976668843 -0.211352785 -0.0380522211
vn 0.802842471 -0.596188107 -0.0019256207
vn 0.994118373 -0.108297903 0.000474855196
vn 0.989227704 -0.146384709 -0.000257838861
vn -0.972438627 -0.149309809 -0.179080141
vn 0.99600134 -0.0893375065 -0.000373866745
vn 0.988093146 -0.153835061 0.00259013291
vn 0.99404728 -0.108940574 0.00139906665
vn 0.999861097 -0.0162339569 -0.00377441018
vn 0.999888368 0.014920307 -0.000797244799
vn 0.910540288 0.413417925 -0.00141557519
vn 0.971218412 0.238185744 0.00153209827
vn 0.960056573 0.279803304 -0.00121975436
vn 0.96854278 0.248829809 0.00293421368
vn 0.957640062 0.28796224 -0.00180549855
vn 0.998039282 0.0625541823 -0.00213691757
vn 0.987924847 0.154931384 -0.000873860865
vn 0.997023999 0.077089507 0.000594788096
vn 0.992705951 0.120559229 -0.000606253124
vn 0.981192294 0.192986201 -0.00424365058
vn 0.970779394 0.239967664 -0.00169946334
vn 0.997579888 0.0692209239 0.0065445041
vn 0.986615175 -0.163065589 -0.000331422427
vn 0.989645536 -0.143532609 0.00032216423
vn 0.999403219 0.0183885971 0.02924151
vn 0.878455136 0.477822043 0.00163367015
vn 0.825542934 0.564328736 -0.00345550669
vn 0.873225589 0.487300274 0.00393873027
vn 0.950490466 -0.310737483 0.00317667605
vn 0.955691665 -0.294369397 -0.000313919652
vn 0.970559101 -0.240860286 0.00116343652
vn 0.981782073 0.190009445 0.000609697173
vn 0.847649015 0.530554998 -0.00159409362
vn 0.846116094 0.532985382 0.00376013772
vn 0.978106633 0.208089832 -0.00245672663
vn -0.239527261 0.789467323 -0.565126568
vn -0.129591801 0.932164417 -0.338046543
vn -0.158680588 0.977046958 -0.142125697
vn -0.950154957 0.311775106 0.00135675447
vn 0.317335468 -0.158057248 0.935048719
vn -0.791100664 -0.611684343 0.00141522321
vn -0.743132178 -0.669143996 0.000936857462
vn 0.00105209413 0.879605328 -0.475703017
vn 0.960191163 0.279341849 -0.00103000081
vn 0.953225575 0.30225981 -0.000107642494
vn 0.994979249 0.100079837 0.000566097783
vn 0.932417883 0.361380338 -0.00106851196
vn 0.9405318 0.339699579 -0.00203204352
vn -0.456641823 0.330468905 0.825995489
vn -0.25659758 -0.966461779 -0.0104552025
vn 0.830206279 0.557410574 -0.0071404365
vn 0.786282387 0.61786473 -0.00178425268
vn 0.923685588 0.383151272 -0.000192682964
vn 0.898641525 0.438673462 -0.00300053711
vn 0.920566339 0.390585448 0.000789078942
vn 0.796976188 0.604002681 0.00311726
vn 0.819892217 0.572516743 -0.00115401264
vn 0.783858504 0.620936487 -0.0019301372
vn 0.802835704 0.596135041 -0.00882300289
vn 0.807428549 0.589965319 -0.000246435734
vn 0.850722567 0.525610971 0.0020545549
vn 0.819590724 0.572926351 -0.0051421399
vn 0.836171793 0.548467232 0.000654246491
vn 0.999687416 -0.0225152033 0.0108690025
vn 0.656719765 0.400979568 -0.638697531
vn 0.898024637 0.439942337 -0.00157824751
vn 0.919434167 0.393229006 -0.00342937199
vn 0.894052666 0.447961485 -0.000581383546
vn 0.715881256 0.698198888 -0.00568687425
vn 0.793011435 0.609145446 0.00864233226
vn 0.874640737 0.484763793 -0.00276506915
vn 0.874423006 0.485164036 -0.000514922364
vn 0.936849061 0.349731877 0.0012045044
vn 0.949815446 0.312806072 -0.00172620024
vn -0.015864894 0.99986634 -0.00395070644
vn -0.00402812439 0.999437802 0.0332844287
vn -0.0106938461 0.988663481 0.149767031
vn 0.869717397 0.493550024 0.000154339565
vn 0.00155485198 -0.73434627 -0.67877326
vn 0.0111352732 0.943749911 0.330472557
vn -0.00367981774 0.88747946 0.46083258
vn 0.0152388763 0.832553479 0.553735028
vn -0.0074347299 0.538504966 0.842589536
vn 0.756190308 0.364752532 0.543260351
vn 0.0864037816 0.413739879 0.906285661
vn 0.863658294 0.50407462 0.00176871046
vn 0.870212193 0.492676712 0.000628924988
vn 0.873385201 0.487022808 -0.00265998744
vn -0.440437069 -0.897379604 -0.026926466
vn -0.351102445 -0.933022483 -0.0787154266
vn 0.972886007 0.231282798 -0.00104124797
vn 0.977423539 0.21127091 -0.00279770873
vn 0.956850339 0.290578295 0.00129728885
vn 0.719321871 0.694473099 -0.0168273636
vn -0.983621304 0.180158452 0.00566240871
vn 0.999813022 0.0193333847 0.00037496103
vn 0.936609226 0.350350969 -0.00416616222
vn 0.922077136 0.386998561 -0.00242265538
vn 0.914257792 0.40513291 0.000118709086
vn 0.942312418 0.334724349 -0.00262987291
vn 0.89576014 0.444537645 0.000230181518
vn 0.901756134 0.432244763 0.000582908424
vn 0.925247162 0.379363839 0.000875879458
vn 0.914969328 0.403518141 0.00205868027
vn -0.00138611556 -0.619865378 0.784706947
vn 0.0085643231 -0.477375202 0.878657822
vn -0.00911435396 -0.6476382 0.761893491
vn -0.0116737906 0.930800511 0.365341116
vn 0.0113179442 0.977345478 0.211347396
vn 0.00401837518 0.0876530135 0.996142963
vn -0.000318300278 0.0204160706 0.99979152
vn -0.00373472357 0.199984764 0.979791889
vn 0.946787751 0.321848803 0.00251028066
vn 0.95343743 0.301580703 0.00247917449
vn 0.934605343 0.355678708 0.00234722283
vn 0.908229157 0.418473032 0.000346945658
vn -0.0320449871 0.945313921 -0.324583902
vn -0.00413764008 0.979725307 -0.200302776
vn 0.012403409 0.936815644 -0.349603497
vn 0.799057041 0.601254821 -0.000696405621
vn 0.849291586 0.527923355 -0.000856657026
vn 0.915198487 0.402974715 0.0048071555
vn 0.92754251 0.373717619 0.000181424614
vn 0.00791485367 0.931703939 0.363132379
vn -0.0160815575 0.913051468 0.407527177
vn -0.0106862613 0.907037377 0.420914481
vn -0.165739584 0.959695604 0.226968584
vn 0.999367643 0.0355018797 0.00198265858
vn 0.999527725 -0.0307181508 0.000849592637
vn 0.978794051 0.204846267 0.000460889859
vn 0.96248327 0.271337183 0.00144493914
vn 0.957865058 0.287174019 -0.00506097657
vn 0.965381316 0.260811455 -0.00403742856
vn 0.0700705039 0.97739099 0.199491796
vn 0.979159156 0.203021478 0.00544295148
vn 0.979784809 0.200054102 -0.0002922253
vn 0.00969144004 -0.704551573 0.709586609
vn 0.00059948352 -0.77104423 0.636781309
vn -0.0103410811 -0.677450274 0.735495879
vn 0.845966193 0.533236294 -0.000504416515
vn 0.987192179 0.159473299 0.00445749614
vn 0.904760736 0.42591461 0.002180687
vn 0.00557530831 -0.0717239093 0.997408942
vn 0.387558645 0.919722245 -0.0625243017
vn 0.929947746 0.367684371 0.00232217142
vn 0.775320425 0.631542345 -0.00570141775
vn 0.857794118 0.513992879 0.000756071278
vn 0.634359302 0.77300392 0.00729493208
vn 0.673847614 0.721405038 0.159700232
vn 0.589644893 0.685005608 0.427885753
vn 1.02426573e-15 3.41099374e-16 1
vn 1.40381218e-15 1.01544696e-15 1
vn 2.01871137e-15 7.35361493e-18 1
vn 0.914802284 0.40390164 0.000495963867
vn 0.797724601 0.603011959 -0.00346957655
vn -0.297033872 0.930768858 0.213167097
vn 0.830883588 0.556445586 -0.000879229408
vn 0.866823839 0.498613628 -0.000939379519
vn 0.806977297 0.590571832 0.00354309727
vn -0.0206056144 0.978961508 0.203001906
vn 0.599306571 0.800500142 -0.00558177683
vn 0.290565782 0.822764688 0.488497486
vn 0.589043346 0.807649653 -0.0270180459
vn 0.456285242 0.889691862 -0.0158798388
vn 0.994711417 -0.102651542 -0.00344354825
vn 0.994935518 -0.100494601 0.00203707093
vn 0.986110876 -0.166065273 0.00276856093
vn 0.903807526 0.427927858 -0.00311512633
vn 0.940007453 0.34114621 0.0022915303
vn 0.113794152 0.993491995 -0.004954527
vn 0.991932559 0.126750123 0.00205033079
vn 0.998369771 0.057077106 -6.56172025e-05
vn 0.999989742 0.00446394612 0.000767853631
vn 0.860436393 0.509557783 -0.000280968342
vn 0.94068601 0.339276556 0.00111803987
vn 0.951403269 0.30793661 -0.00262009268
vn 0.997709513 -0.0676220202 0.00172909312
vn 0.997194047 -0.0748598356 0.000196052785
vn 0.991564162 -0.129616772 -7.47685011e-05
vn 0.991459197 -0.13041723 -7.90585704e-05
vn 0.995608393 -0.0936157065 0.000164035387
vn 0.985633843 -0.168889924 0.00145608776
vn 0.88352253 0.46838801 0.000781778574
vn 0.95017665 0.311708145 0.00153819678
vn 0.122504272 -0.992467361 -0.00111364312
vn 0.162373824 -0.986729166 0.000542973571
vn 0.080789349 -0.99673088 0.00079646911
vn 0.856283605 -0.516502181 0.00197101282
vn 0.823132069 -0.567839497 -0.00345011891
vn 0.84221363 -0.539143018 0.00100400012
vn 0.766143495 0.642668544 0.00113476923
vn 0.134577229 0.990734306 -0.018289483
vn 0.891498794 0.453021295 -0.00126727857
vn 0.915097373 0.403231052 -0.00123125388
vn 0.81546252 0.578801959 -0.00302822332
vn 0.896502961 0.443037592 -0.000363461547
vn 0.862915138 0.505347137 -0.00131732487
vn 0.764715826 0.644313073 -0.00838862218
vn 0.800119676 0.599761997 -0.00969797177
vn 0.798165567 0.602429006 -0.00331975583
vn 0.468479839 0.883387296 -0.0123905645
vn 0.516487333 0.855815455 -0.028648612
vn 0.777372383 0.628732227 -0.0196968069
vn 0.842607789 0.538526145 0.00130553476
vn 0.931818822 0.362900092 -0.00414798094
vn 0.804819267 0.593482605 0.00665918851
vn 0.695709761 0.718217016 0.0123388162
vn -0.326237661 0.945283453 -0.0028605047
vn 0.93201223 0.362426654 0.000350578127
vn 0.956464386 -0.0612277931 0.285354227
vn 0.999425464 -0.0338901629 0.000445816201
vn 0.992609137 -0.121342983 -0.00172661747
vn 0.926638016 0.375942072 -0.00308955998
vn 0.948967229 0.315360596 -0.00298209401
vn 0.89105973 0.453877579 0.00277491078
vn 0.889535051 0.456865041 0.00131394376
vn 0.90334693 0.428908361 -0.00139370954
vn 0.807861765 0.589367471 -0.00231350719
vn 0.231913341 0.814624507 0.531604284
vn 1.90520723e-16 -1.46911132e-15 1
vn 1.24761273e-15 -1.46920366e-17 1
vn -0.0263749023 0.971764914 -0.234472422
vn 0.920115205 0.39164594 -0.00121103913
vn 0.944797808 0.327653188 0.000700841529
vn 0.996272665 0.086250363 -0.00128542234
vn 0.350650647 0.936011551 -0.030438453
vn 0.309508121 0.950838524 -0.0105273135
vn 0.384734543 0.890133896 0.244215023
vn 0.996262789 0.0863664257 -0.00113868507
vn 0.216710904 0.279029412 0.935510006
vn 0.390196348 0.313029613 0.865886408
vn 0.154945127 0.473856107 0.86686354
vn 0.00659303665 0.275415653 0.961302632
vn 0.980344379 -0.197280995 0.00225996903
vn -4.53230344e-16 1.28498622e-15 1
vn -9.49501744e-16 3.211205e-15 1
vn -9.6794582e-17 5.88302247e-16 1
vn 0.855123608 0.518421219 -0.00174812567
vn 0.890701031 0.454588903 -0.000776868039
vn 8.28732187e-16 -1.57765534e-15 1
vn -4.64921928e-16 -8.06906405e-17 1
vn 0.550243806 0.625022295 0.553695661
vn 1.92481972e-15 1.66636003e-15 1
vn 3.00364517e-15 1.83109134e-15 1
vn 1.67399188e-15 1.60747879e-15 1
vn 2.83348929e-15 1.13695737e-15 1
vn 0.952613498 0.304167469 -0.00311033704
vn 0.971601259 0.236620378 -0.00133771101
vn 0.972104592 0.234546881 -0.000649794649
vn -9.48694024e-17 -8.09258726e-17 1
vn -1.88530298e-15 4.36612982e-16 1
vn 0.167333276 0.0509712221 0.984581896
vn -8.26042661e-16 1.99637743e-15 1
vn 0.180538201 0.929180589 0.322535877
vn 0.824858767 0.40941945 0.389850906
vn 0.737720571 0.473314169 0.481395945
vn 0.312545782 0.183492329 0.932011641
vn -0.00812063199 0.959734568 0.280791051
vn -0.0064386314 0.991303977 0.131434276
vn 0.898784282 0.438388874 -0.00141759996
vn 0.802044448 0.505100591 0.318744562
vn 0.771572463 0.636132146 -0.00343902967
vn 0.941654815 0.336572557 -0.00226359215
vn 0.844804103 0.535072762 -0.00177955633
vn 0.783274673 0.621606147 -0.00930506391
vn 0.988313057 0.152431187 -0.00142641359
vn 0.575961415 0.793052778 0.198332396
vn 0.953168941 0.302431255 0.00207504172
vn -3.25105558e-15 -7.66552224e-16 1
vn 0.251863949 0.0588356424 0.965972525
vn 6.74047331e-16 3.3336222e-15 1
vn 0.98793505 0.154866349 -0.000866270393
vn 0.986422917 0.164220196 0.0012473419
vn 0.988075793 0.153967225 -0.000565892727
vn 0.912575768 -0.408907593 0.000219679938
vn 0.00932106882 -0.910461847 -0.41348802
vn 0.0356417718 -0.830439448 -0.555967613
vn 0.868810365 -0.0901576698 0.486867687
vn 0.507634358 -0.017112375 0.86140265
vn 0.900460569 -0.00768504771 0.434869755
vn 0.954265214 0.298955638 0.00185170821
vn 0.948419943 0.317014945 -0.00106653527
vn 0.0130523224 -0.896536801 0.44277692
vn -3.58192386e-15 -3.10812481e-16 1
vn 0.735390433 -0.677608178 -0.00693309886
vn 0.745295843 -0.666727731 0.00287030606
vn 0.688256356 -0.725460074 -0.00329685965
vn 0.899679319 0.436549901 -0.00114283793
vn 0.931519396 0.363691298 -0.000504433527
vn 0.998386924 -0.0567723861 -0.000667460793
vn 0.995094207 -0.0989248157 0.00118287044
vn 0.997101822 -0.0760500299 0.00208555861
vn 0.997342697 0.0728388053 0.00143302297
vn 0.997323452 0.0730804822 0.00227500765
vn 0.992455665 0.122603565 0.000343465561
vn 0.980696322 0.195519779 0.00259610259
vn 0.984737045 0.174023299 0.0029736506
vn -0.0015198693 -0.202372934 0.97930735
vn -0.00171414492 -0.352468812 0.935821991
vn -0.00583899927 -0.267507794 0.963538005
vn 0.93247208 -0.361241775 0.000447009964
vn 0.910711791 -0.413001189 0.00583532399
vn 0.934920833 -0.354829003 -0.00440610235
vn 0.998133906 0.0610628679 -0.000179022745
vn 0.00581626515 0.260593479 0.9654311
vn 0.000910587283 -0.192998486 0.981198632
vn 0.0111457814 -0.352797334 0.935633375
vn 0.237250973 -0.00531257304 0.971433864
vn 0.88466223 -0.466217999 -0.00367646366
vn 0.922726455 -0.385455164 -0.000453832285
vn 0.908461457 -0.417968296 -0.000533658638
vn 0.998776417 -0.049420386 -0.00181475299
vn 1.15974114e-15 -1.4902432e-16 1
vn -3.7022931e-16 -1.11754203e-15 1
vn 1.27297489e-15 9.96659982e-18 1
vn 0.241444597 0.00785958428 0.970382777
vn -6.3122944e-16 -1.19672816e-15 1
vn 0.919473878 0.113280877 0.376477397
vn 0.00621365263 -0.440942252 0.897513967
vn 0.456182535 -0.00929232134 0.889837708
vn 0.995028774 0.0995878162 7.95708854e-05
vn 0.835409131 -0.549625832 -0.0017402605
vn 0.797420662 -0.603423506 -0.000600266623
vn 0.794512407 -0.607245587 0.00168277742
vn 4.15479946e-16 8.13668481e-16 1
vn 0.972288809 0.233774274 -0.0020149348
vn 0.375188306 0.0832072096 0.923206529
vn 0.997805291 -0.0662060753 -0.00116523414
vn 0.723384551 -0.690443901 0.00141822645
vn 0.695414091 -0.718607838 0.00142016921
vn 0.749313731 -0.662205355 -0.00360548858
vn 0.964496416 0.264095719 -0.000337130092
vn 2.64309238e-15 -3.49685989e-16 1
vn 0.200867901 -0.109549935 0.973473625
vn 0.828766163 -0.559595074 2.17506534e-06
vn 0.999552935 -0.0297887696 0.0025611747
vn 0.78388478 -0.6209032 0.00196686212
vn -5.98259116e-16 9.02624934e-16 1
vn 0.0276513905 0.235001591 0.971601592
vn 0.27564284 0.146753957 0.949991737
vn 0.993503591 -0.113797722 0.000832455941
vn 0.941743758 0.336314814 0.00332265061
vn 0.919361117 0.393414091 0.000699210297
vn 0.994886038 -0.100967772 0.00269835194
vn 0.999951795 0.00979520351 -0.00067952793
vn 0.999840647 0.0178476509 0.000375498288
vn 0.999943127 -0.0106638101 0.000163597369
vn 1.90586539e-16 -1.01441483e-15 1
vn 0.997989567 -0.0633340011 -0.00237261269
vn 0.99987591 -0.0156995688 0.00129925808
vn 0.982279495 0.187418882 0.0010751812
vn 0.968031415 0.250826575 0.00109925404
vn 0.982821335 0.184553403 0.00150511288
vn 0.0140091314 -0.339508262 0.940498742
vn 0.470888961 -0.882192333 -0.00052449946
vn 0.418723812 -0.908113005 -0.00106751036
vn 0.458867884 -0.888502068 0.00208318328
vn 0.99739685 0.0719136874 -0.00528640949
vn 0.992741509 0.120243325 0.00241657891
vn 0.99773838 0.0671554127 0.00287679017
vn 0.94775688 0.318985904 -0.00221136052
vn 0.967004699 0.254755292 0.00128553797
vn 0.957817774 0.287372223 -0.00152229169
vn 0.978327737 0.207062372 -0.000115326377
vn -0.00175555911 0.652479333 0.757804486
vn 0.999588425 0.028670715 -0.00098558235
vn 0.999475681 -0.0323462847 0.00144226302
vn 0.999905933 0.0136541136 -0.00130030433
vn 0.998855904 -0.0478055688 -0.00122917238
vn 0.999440012 -0.0334355023 0.00131540405
vn -0.0796934542 0.132819677 0.987931114
vn -0.614705712 0.171540374 0.769877125
vn -0.615128217 0.0287786774 0.787901684
vn -0.678444206 -0.0258610679 0.734196612
vn -0.611762526 -0.769960679 0.18140332
vn 0.434784169 -0.837358473 0.331351044
vn 0.999151193 -0.0409673661 0.00430912255
vn 0.77759734 0.62861996 -0.0133911426
vn 0.649266167 0.760546856 0.00468240472
vn -0.0331356591 0.925552269 0.377167105
vn 0.999213788 0.00245541949 0.0395698868
vn 0.0592482731 -0.411421022 0.909517666
vn 0.41819534 -0.908356595 -0.00097669867
vn 0.948023003 0.318201698 -0.000254697481
vn 0.298688067 0.715819851 0.631179357
vn 0.0557850402 0.639505169 0.766760176
vn -0.0110594901 0.706273751 0.70785244
vn 0.998671532 -0.0515282595 9.94285663e-05
vn 0.994342817 -0.106213964 -0.00097749353
vn 0.988663223 0.150140805 0.0016640783
vn 0.392924413 0.225438053 0.891508884
vn 0.96309149 0.2691586 0.00290344092
vn 0.968365134 0.249514177 0.00341216913
vn 0.483305911 0.873463651 0.0589631012
vn -0.000301764324 -0.443797345 0.896127126
vn 0.00195230652 0.582180057 0.813057544
vn 0.00136595652 0.545324752 0.838223746
vn -0.392791411 0.406031567 0.825138336
vn 0.0932109455 0.634758848 0.767067744
vn 0.00344866607 -0.556390267 0.830913941
vn 0.00118182079 -0.591126976 0.806577648
vn 0.934922279 0.35484337 -0.00255242603
vn 0.990836585 0.135009532 -0.00391008071
vn 0.990440681 -0.137939088 -0.00025736664
vn 0.97572425 -0.218997257 0.00154593249
vn 0.971809177 -0.235764952 0.00134596731
vn 0.420210393 -0.00953699928 0.907376587
vn -0.00300874664 -0.135888879 0.990719516
vn -0.00392702691 -0.0842013725 0.99644102
vn 0.992094008 0.125496663 0.000258476253
vn -0.760667955 -0.238035496 0.60392331
vn 0.000232383957 0.389235082 0.921138424
vn 0.00416564912 0.0865959389 0.996234807
vn -0.0102523853 -0.00548586651 0.999932395
vn -0.0172886306 0.15283869 0.988099913
vn 0.989578123 0.143980741 -0.00216450085
vn 0.894906882 0.446252209 -0.000799415385
vn -0.00555265868 0.444406744 0.895807911
vn 0.000979367992 0.262108629 0.965037879
vn 0.977230494 0.21208875 0.00623885066
vn 0.984955112 -0.172803859 -0.00150097767
vn 0.998598218 -0.0529293749 -0.000281864217
vn 0.0390852705 -0.222731838 0.974095924
vn 0.975298594 -0.220877356 0.0024177791
vn 0.798819219 -0.601570309 0.00100950973
vn 0.838733526 -0.544542001 -0.000285421897
vn -0.0102745632 -0.434237514 0.900739815
vn -0.0110071075 -0.565937591 0.824374603
vn 0.00103006338 -0.503171234 0.864186119
vn 0.0791484196 -0.147596171 0.985875701
vn 0.982538636 -0.186058208 0.000415538696
vn 0.185183213 -0.407110308 0.894409512
vn -0.0191702642 0.816047458 0.5776669
vn 0.905683905 -0.423952992 0.000724073337
vn 0.921359013 -0.388662854 0.00622533071
vn 0.928931255 -0.370251999 -0.000426162423
vn 0.65421075 -0.756306591 -0.00293838295
vn 0.533182119 -0.845999841 -0.00104720585
vn 0.674507125 -0.738199001 -0.0101179943
vn 0.0590567327 -0.863042476 0.501667207
vn 0.00575553831 -0.887825103 0.460145042
vn -0.00493032365 -0.774333577 0.632758409
vn -0.00796755208 -0.86290454 0.505304139
vn 0.152926452 -0.5888052 0.793676216
vn -0.0106270046 -0.695690349 0.718263186
vn -0.00924642322 -0.777451116 0.628875398
vn 0.583673522 -0.811980699 -0.00354463033
vn 0.568378457 -0.822767231 0.000117305229
vn 0.634686039 -0.772765573 0.00264593369
vn 0.00209832842 -0.611512853 0.791231716
vn 0.473162593 -0.0528624694 0.879387696
vn 0.00246524101 -0.882538445 0.470233789
vn 0.463934025 -0.667425894 0.582501414
vn -0.0240664129 -0.938958132 0.343188628
vn 0.22647769 0.722820453 -0.652869396
vn -0.416161185 -0.453244621 0.788276082
vn 0.0833170133 -0.614360661 0.78461408
vn -0.000640880703 0.234832637 0.972035607
vn 0.961894567 -0.273415494 0.00167637389
vn 0.967046288 -0.254595353 -0.00163819771
vn 0.466631364 -0.553321883 0.6899928
vn 0.918464027 -0.395504139 -0.000553676789
vn 0.00157221718 -0.989710244 0.143077468
vn 0.0112650662 -0.955897669 0.293483805
vn 0.843411952 -0.537267379 0.000205640857
vn 0.873927719 -0.486055891 0.000116951127
vn 0.854737259 -0.519052081 0.00302584531
vn -0.0168422578 -0.589819441 -0.807359502
vn -0.0062315558 -0.433613051 -0.901077627
vn 0.875121173 -0.483903831 -0.000123899211
vn 0.913314479 -0.407252352 0.0014778531
vn 0.905998058 -0.423281837 7.44986783e-05
vn 0.575515854 -0.81778824 0.0019737855
vn 0.691137346 -0.722702181 0.00554314305
vn 0.769734443 -0.638364032 0.000500115077
vn 0.771156088 -0.63664612 7.61459854e-05
vn 0.738874345 -0.673842904 -0.000665450615
vn -1.09134682e-15 -3.06993491e-16 1
vn 0.93834074 -0.345699469 -0.00292121592
vn 0.964749067 -0.263165672 -0.00175119269
vn 0.949951502 -0.312391861 -0.00186242715
vn 0.878685148 -0.477399524 0.00145102335
vn 0.73273288 -0.680516365 -5.84022548e-05
vn 0.731792735 -0.68152689 -0.000701145819
vn 0.769980232 -0.638067503 0.000550938514
vn 0.919633816 -0.392776838 -9.90215352e-06
vn 0.889607035 -0.456723431 -0.00174118091
vn 0.986637216 -0.162859987 0.00486083213
vn 0.886671791 -0.462390491 0.00285806455
vn 0.848149443 -0.529755213 -0.00139175902
vn 0.801472952 -0.598030827 -0.000487529845
vn 0.953995572 -0.299818196 0.00122407863
vn 0.942368262 -0.334577311 0.000286248769
vn 0.937319798 -0.348426607 0.00552232194
vn 0.882045653 -0.471149609 0.00367586444
vn 0.967309651 -0.253579764 0.00305663549
vn 0.927233882 -0.374481208 0.00107342562
vn 0.927807852 -0.373055524 -0.00147159608
vn 0.883336791 -0.468727173 -0.00330924987
vn 0.863282294 -0.504716456 0.00223153263
vn 0.87348756 -0.486835221 0.00330915332
vn 0.903089178 -0.429452243 0.000841344948
vn 3.25842042e-17 2.20569701e-15 1
vn 1.17787533e-15 1.09010666e-15 1
vn 0.776377471 -0.630266529 -0.00145773885
vn -5.97906328e-16 -2.09378239e-15 1
vn -0.0814394443 -0.209266039 0.974461565
vn -0.000965097778 -0.629251598 -0.777201065
vn -0.00743122963 -0.671806245 -0.740689642
vn -2.67047639e-15 1.39292372e-15 1
vn 0.962473353 -0.271376167 0.000146812053
vn 0.967076281 -0.254473478 -0.00259132963
vn 0.00731353468 0.251392493 0.967857596
vn 0.105138383 -0.994422675 -0.00833450188
vn 0.978000949 -0.20858253 0.00273334282
vn 0.958047644 -0.286599468 0.00233611735
vn 0 0 1
vn 2.14741613e-15 -7.61201431e-16 1
vn 0.916289438 -0.400512699 -0.00180104917
vn 0.908440024 -0.418014273 -0.000888602516
vn 0.947953929 -0.318407518 3.47960902e-05
vn 0.932773061 -0.360459384 -0.00185725105
vn 0.927156536 -0.236244534 0.290807975
vn 4.20831624e-15 1.30014311e-16 1
vn -3.89141348e-15 -1.65825912e-15 1
vn 0.400908644 -0.126361988 0.907361509
vn 0.379079628 -0.162748561 0.910939922
vn -2.78660128e-15 3.1446495e-15 1
vn 0.481266538 -0.876574263 -0.00028411656
vn 0.513555032 -0.858055092 -0.00163959223
vn -1.82019583e-15 7.7026847e-16 1
vn 8.29070052e-16 -1.95481267e-15 1
vn 0.938274794 -0.345877943 0.00297665482
vn 0.983660546 -0.180033073 -0.000151031175
vn -0.144831711 -0.964354336 0.221459905
vn 6.5981839e-16 -8.44469235e-16 1
vn 0.935350565 -0.353715953 0.00208430402
vn 0.929607506 -0.368546663 -0.00180042561
vn 0.887898004 -0.296746969 0.351537155
vn 0.884875593 -0.352915565 0.30404899
vn 0.938555837 -0.345125518 0.00114818559
vn 0.890030313 -0.45590128 0.000254062872
vn 0.866124246 -0.499803253 0.00504962116
vn 0.903471693 -0.428640503 0.00249378932
vn 0.877658555 -0.479283454 -0.00168296274
vn 0.780344969 -0.106343198 0.616240905
vn 0.929194981 -0.369588325 0.00107553884
vn 0.991950158 0.126622238 -0.00130125187
vn 0.970822473 -0.23979933 7.90451076e-05
vn 0.985201688 -0.171380346 -0.00253191659
vn 0.972484074 -0.232963676 0.00162835658
vn 0.958705757 -0.284397925 -0.00104454307
vn 0.942630088 -0.333801006 -0.00504041868
vn 0.704879138 -0.520221359 0.482198236
vn 0.745543159 -0.666450129 -0.00310226926
vn 0.725854996 -0.687835102 0.00417106738
vn 0.740867038 -0.671626648 0.00580322683
vn 0.828235083 -0.560380669 -0.000390704239
vn 0.75769454 -0.62772943 0.17847898
vn 0.0844949966 -0.351694194 0.932293832
vn 1.25390326e-15 1.81336146e-15 1
vn -9.00828421e-16 -1.95915264e-16 1
vn 0.405700547 -0.323957134 0.854668849
vn -5.28770108e-16 1.49003405e-15 1
vn -2.15134263e-15 -4.42246574e-16 1
vn -2.55151875e-16 7.86552108e-16 1
vn 0.831928552 -0.554866131 0.00429657919
vn 0.718075024 -0.69596477 -0.0011401849
vn 0.694106635 -0.719866205 0.00293684444
vn 0.668108442 -0.744063182 -0.00104416432
vn 0.487700612 -0.873005516 0.00307940211
vn 0.388871252 -0.921292067 -0.000277995147
vn 0.403169091 -0.224662111 0.887119845
vn 0.704433887 -0.709768347 0.00133891767
vn 0.203854795 -0.25423476 0.945414147
vn 1.42722384e-15 -2.06371938e-15 1
vn 0.860920651 -0.508736886 -0.00155370158
vn 0.827199834 -0.561907646 -0.000481741141
vn -0.116740114 -0.993159448 -0.00246095316
vn 0.895238963 -0.445585513 -0.000866453266
vn 0.900328497 -0.43520715 -0.00182596387
vn 0.627807478 -0.600723988 0.49496309
vn 0.851996475 -0.523541671 0.00247480462
vn 0.381734534 -0.924271961 0.000295927652
vn 0.569145178 -0.724566414 0.388686607
vn 0.545822073 -0.75133512 0.370909425
vn 0.00568124488 -0.8213472 0.570400298
vn -0.00386920015 -0.863966287 0.50353479
vn 0.628823838 -0.777547305 0.000876686342
vn 0.620562522 -0.784155393 -0.00157386656
vn 0.0810224287 -0.996706457 -0.00340661943
vn 6.42778495e-16 -8.96992632e-16 1
vn -2.87800467e-15 7.53228299e-16 1
vn -1.1119665e-15 1.21704482e-15 1
vn 0.451503674 -0.892267095 -0.00196567155
vn 0.369426708 -0.929259321 -0.00101102207
vn 0.451353081 -0.892343732 -0.00174934121
vn 0.196649291 -0.980461047 -0.00501914551
vn 0.246470053 -0.969132264 -0.00593027222
vn 0.248705402 -0.968577037 0.00203609433
vn 0.308467451 -0.951234677 0.000649521595
vn 0.297259822 -0.954782375 0.00521671276
vn 2.41176006e-15 -1.41437756e-15 1
vn 5.10401462e-15 -1.22740857e-15 1
vn 0.140438878 -0.990088851 -0.000994607669
vn 0.0895745858 -0.995974377 0.00338154321
vn 0.178453594 -0.983945224 0.00247223392
vn 1.44274704e-15 3.79733497e-15 1
vn -1.42958858e-15 6.20884063e-16 1
vn 8.04198484e-16 -2.74712938e-16 1
vn -3.94295295e-16 -5.3458547e-16 1
vn 0.271352041 -0.962479188 -0.00137230487
vn 0.290812985 -0.342396594 0.893416129
vn 0.326547069 -0.94517925 -0.00178823749
vn -0.996617154 0.0818903288 0.00694421723
vn -0.996370524 0.085116049 -0.00101860306
vn 0.977672105 0.210136262 -8.17896167e-05
vn 0.244200151 -0.969724736 0.000471239991
vn 0.312252304 -0.949999194 0.000174771173
vn 0.233083123 -0.972455345 0.0016911329
vn 0.271403845 -0.962461116 -0.00292469678
vn 0.0340505337 -0.999415479 -0.00304332127
vn -0.0476838701 -0.99885851 -0.0028151595
vn -0.303818627 -0.421945329 0.854199263
vn 0.380881051 -0.924622506 -0.0016869435
vn 0.15926189 -0.987235006 0.00164130205
vn 0.380916406 -0.924607839 -0.00174206222
vn 0.212719719 -0.977113184 0.000383621327
vn 0.56741106 -0.82343019 0.00272218811
vn 0.617149743 -0.786842129 0.00237879901
vn 0.513660933 -0.857993248 -0.000180395033
vn 0.441881717 -0.897071632 0.00174189286
vn 0.0463333408 -0.700099243 -0.712540715
vn 0.0492783326 -0.650394078 -0.757996827
vn -0.257369416 -0.509769441 -0.82091175
vn 0.888632657 -0.458617128 -0.00152660596
vn 0.865359623 -0.501150077 0.00115018857
vn 0.870090067 -0.492890932 0.00134348488
vn -0.494820655 -0.868994409 -0.00111223881
vn 0.499306332 -0.866413993 -0.00446977426
vn 0.292332206 -0.956313782 0.00241494712
vn 0.87608646 -0.4821535 0.000718444539
vn 0.687554078 -0.726042444 -0.0114786416
vn 0.319383451 -0.947625455 -0.000455390971
vn 0.393072885 -0.919502519 0.00297064892
vn 0.378226794 -0.925711653 0.00155816736
vn 0.304230644 -0.952598244 -0.000547397358
vn 0.388049159 -0.92160983 0.00729181072
vn 0.307788018 -0.951452207 -0.00228763894
vn 0.799399487 -0.600789295 0.00356126247
vn 0.836173589 -0.548447351 0.0043853857
vn 0.302076404 -0.953283653 0.000349749118
vn 0.300840489 -0.953674448 -0.000217399068
vn -0.053455754 -0.998554168 -0.00566182469
vn 0.315628856 -0.94888242 -0.000760839163
vn 0.234682071 -0.972071721 0.000945819744
vn 0.261699695 -0.965148285 -0.00143449919
vn 0.277434836 -0.960739129 0.00319965303
vn 0.787115417 -0.61679494 0.00364995937
vn 0.800061444 -0.599915654 -0.00170133211
vn 0.765810573 -0.643065361 0.00105240274
vn 0.980850443 -0.19474209 -0.00281558851
vn 0.777880756 -0.628411471 0.000743324803
vn 0.215197935 -0.955599003 0.201296783
vn 0.111263717 -0.95771282 0.265342305
vn -0.128127 0.991654772 -0.0142927972
vn 0.712597301 -0.70154461 -0.00634396957
vn 0.690011151 -0.723753529 0.00808952663
vn 0.648793859 -0.760961369 0.00207952701
vn 0.19900712 -0.97999791 -0.000511912236
vn 0.597543135 -0.801836572 0.000560507884
vn 0.666798821 -0.745237769 2.84432853e-05
vn 0.801840005 -0.597537915 -0.00102323069
vn 0.887671916 -0.460474825 -0.00122660933
vn 0.559235973 -0.829008354 0.00052501763
vn 0.88375713 -0.467945507 0.000581688754
vn 0.677843758 -0.735200732 0.00277906169
vn 0.704345721 -0.709853011 0.00240999443
vn 0.507635144 -0.861571216 0.00126477913
vn 0.437036106 -0.899435406 0.00392322761
vn 0.730493196 -0.682916693 0.00211709812
vn 0.723059411 -0.690782983 0.00198948162
vn -0.649910722 -0.623480203 -0.434613035
vn 0.597870308 -0.67764731 -0.428188298
vn 0.0501122844 -0.881980728 -0.468613652
vn 0.753537238 -0.657395419 0.00359085819
vn 0.908811667 -0.417206014 -0.000704344411
vn 0.891261518 -0.4534851 0.00204193119
vn 0.801428279 -0.598090886 7.30831396e-05
vn 0.822229063 -0.56915661 0.0003484997
vn 0.801931652 -0.597413201 -0.00175860713
vn 0.0878860205 -0.996129179 -0.00164498305
vn 0.15044903 -0.988219619 -0.0280548372
vn 0.733719099 -0.679447412 -0.00273834704
vn 0.854120466 -0.520075144 0.00027239889
vn 0.82453059 -0.56581511 0.00160215312
vn 0.84366458 -0.536865851 -0.00226600814
vn 0.807890385 -0.589332037 0.000936182995
vn 0.84295042 -0.537991156 -0.000324454584
vn 0.630319762 -0.776277463 0.00950250725
vn 0.764112014 -0.645083199 -0.00070441714
vn 0.821060143 -0.570809458 -0.00606667574
vn 0.945411612 -0.325864862 -0.00299595218
vn 0.833606162 -0.55235783 -0.00126311912
vn 0.87732072 -0.479904448 0.000275209413
vn 0.87085474 -0.491539677 -0.000876601289
vn -1 0 0
vn 0.925000206 -0.379957701 -0.00260103594
vn 0.237219801 -0.971448941 -0.00370426842
vn 0.22025043 -0.975443355 -9.37982179e-05
vn 0.700766617 -0.713385052 -0.00281359102
vn 0.514732346 -0.857350668 -0.00066640322
vn 0.791667637 -0.610951743 0.000565980246
vn 0.292309143 -0.956323673 -0.000629840146
vn 0.357374061 -0.933960643 -0.00113916812
vn 0.878191022 -0.367039421 -0.306696255
vn 0.793401043 -0.567758535 0.219465331
vn 0.737345114 -0.675514992 -0.00129552195
vn 0.000847926307 -0.943304409 0.331927814
vn -0.00261249952 -0.991588723 0.129402395
vn 0.944712647 -0.32789758 -0.00109163175
vn 0.943476753 -0.33143363 -0.00183468265
vn 0.962666391 -0.27068571 -0.0016327301
vn -0.0998555048 -0.995001368 -0.00107527966
vn -0.0426887619 -0.999087868 0.00104924914
vn 0.69611423 -0.717930484 0.000894374248
vn -0.072723371 -0.74300347 -0.665324849
vn 0.877545146 -0.479493777 -0.000484472708
vn 0.875987275 -0.482334207 -7.9564741e-05
vn 0.91970598 -0.39260635 0.00107948796
vn 0.934637424 -0.355602036 0.000277264687
vn 0.744064959 -0.35563842 -0.565586996
vn 0.995598316 -0.0937082084 0.00166248983
vn 0.774587697 -0.632466513 -9.56733457e-05
vn 0.742644576 -0.669684172 0.00146388635
vn 0.844765486 -0.535136688 -8.62219174e-06
vn 0.773947403 -0.633243803 0.00277555078
vn 0.811170336 -0.584808489 0.00131034124
vn 0.744596004 -0.667515188 -0.000514762909
vn 0.789562887 -0.613667023 -0.00179806587
vn -0.951059835 0.306404311 -0.0400198564
vn -0.851148735 0.353085106 -0.38842855
vn -0.905813319 0.423058974 -0.0228765087
vn 0.917214596 -0.39839121 0.00135251818
vn 0.920578971 -0.390551028 -0.00206217408
vn 0.899830212 -0.436238257 -0.00133163138
vn 0.941864049 -0.335978946 -0.00320328239
vn 0.941352139 -0.337414778 0.00272380892
vn 0.00244926586 -0.999796247 0.0200365962
vn -0.00147002853 -0.98754065 -0.157357246
vn -0.000916638374 -0.997455004 -0.0712928837
vn 0.857380252 -0.514671853 0.00346224513
vn 0.83432603 -0.551264081 -0.00282636948
vn 0.849119081 -0.528200736 -0.000877027493
vn 0.395205661 -0.918592575 -0.000408069467
vn 0.000305537455 -0.968204607 -0.250159442
vn -0.00567939156 -0.948792443 -0.315849084
vn 0.168324973 -0.984214318 0.0546706554
vn 0.876721853 -0.480997626 0.000274607467
vn 0.863417023 -0.504488214 -0.00163883174
vn -0.000807560956 -0.965528706 -0.260295345
vn -0.00768422077 -0.965688811 0.259588276
vn 0.0567559826 -0.767044517 -0.639078608
vn -0.788360453 -0.615213383 -0.000538359648
vn 0.370561438 -0.9287654 0.0088911284
vn 0.00461501784 -0.864109519 -0.503282665
vn 0.00241501637 -0.825705186 -0.564096723
vn 0.00683152762 -0.693324815 -0.720592833
vn 0.814281339 -0.580456725 0.00398651314
vn 0.581999607 -0.80539511 0.112317292
vn 0.379346497 -0.225078913 -0.897460705
vn 0.00842928289 -0.913127151 -0.407587726
vn -0.00607885087 -0.968151583 -0.250290951
vn 0.844064248 -0.536234051 0.0029304222
vn -0.00222077773 -0.762847185 -0.646575008
vn -0.00361224068 -0.831216699 -0.555936823
vn 0.17920167 -0.96114629 -0.209963261
vn 0.713569753 -0.675338999 -0.186374474
vn 0.0255419262 -0.853269866 -0.520843687
vn 0 0 0
vn -0.462669234 -0.8865171 0.00496100548
vn -0.0165070843 -0.990869409 -0.133810805
vn 0.770264222 -0.63772058 -0.00234313494
vn 0.92138067 -0.388656731 -0.00189919392
vn 0.896686481 -0.442666178 -0.000102737604
vn 0.731990249 -0.681310324 -0.00255302481
vn 0.672900922 -0.0944712997 -0.733675352
vn 0.333358939 -0.372366865 -0.866149372
vn -0.00465724221 -0.889008331 -0.457867336
vn -0.00392185671 -0.904093669 -0.427316343
vn -0.146541829 -0.305930334 -0.940708309
vn 0.649130507 -0.756479719 0.0797998739
vn 0.622874222 -0.782039825 0.0210099093
vn 0.704852125 -0.70833636 0.037987938
vn 0.00131434726 -0.652821388 -0.757510731
vn -0.00180007044 -0.736258481 -0.676698019
vn -0.0105659173 -0.682627403 -0.730690215
vn 0.945759107 -0.324868721 -0.000162295361
vn 0.94707702 -0.321004209 -0.00118963881
vn 0.933919641 -0.357480882 -0.00123444256
vn -0.437078131 -0.452521584 -0.777294618
vn 0.0150145251 -0.495464658 -0.868498323
vn -0.00583200963 -0.813830758 -0.581072702
vn -0.00467735803 -0.98401959 -0.177998787
vn 0.00925082092 -0.964340806 -0.264501855
vn 0.0116037185 -0.991839328 -0.12696496
vn 0.00289076643 -0.999821012 0.0186972573
vn 0.0112764345 -0.998924857 -0.0449663506
vn 0.800308812 -0.599587603 -0.000715688063
vn 0.808389698 -0.588646537 0.00116214138
vn 0.780413251 -0.625261371 -0.00183717927
vn 0.822838182 -0.568274214 -0.00132078616
vn 0.85456834 -0.519325379 -0.00375543781
vn 0.561330125 -0.827591939 0.000271134113
vn 0.52878234 -0.848755745 -0.0017097747
vn 0.47732222 -0.87872498 -0.00243046101
vn -0.00517399815 -0.942702873 -0.333593351
vn 0.0205018947 -0.970326158 -0.240929075
vn 0.992261917 -0.124161372 -0.00049207843
vn 0.999191685 -0.0401189039 -0.0025396825
vn 0.996162096 -0.0856295048 0.0181291522
vn 0.99549364 -0.0948281512 -0.000186337989
vn 0.891569219 -0.452883095 0.00110869873
vn 0.902075403 -0.431577405 0.000954643115
vn 0.533711892 -0.831181696 -0.155848019
vn 0.19809027 -0.900488786 -0.387143631
vn 0.9231474 -0.384445976 -0.000411233604
vn 0.941876251 -0.335955208 0.00179591797
vn 0.937870068 -0.346986407 -0.000411092905
vn 0.989938227 -0.141454651 0.00359016807
vn 0.979488561 -0.201498495 -0.000717867338
vn 0.96136479 -0.275276794 0.000653246106
vn 0.99989979 -0.0139784544 0.00223877702
vn -0.0880748079 -0.0495260292 -0.994881903
vn 0.82632663 -0.563185748 0.00247258761
vn 0.588233737 -0.808690954 -0.000107694006
vn 0.545497343 -0.838112355 -0.000573523521
vn 0.866753805 0.49873617 0.000271287761
vn 0.41732158 -0.908758847 -0.000237972726
vn -0.616066787 -0.785183808 -0.0628339157
vn 0.763091842 -0.646289258 -0.00101791361
vn 0.70660372 -0.707604504 -0.0026548769
vn 0.930730855 -0.365692642 0.00299450511
vn 0.856426479 -0.516243858 -0.00509565047
vn -0.00785668228 -0.791446129 -0.611188431
vn 0.967175134 -0.2541058 0.00158170253
vn 0.959709185 -0.280994903 0.00037909751
vn 0.946361137 -0.323109321 -0.00098238377
vn 0.838975863 -0.544166787 -0.00141777966
vn 0.888207371 -0.459433955 -0.00284732557
vn 0.286502887 -0.958079206 -0.000574285921
vn 0.236608448 -0.971604604 0.000966939733
vn 0.218979217 -0.975729488 0.000263753077
vn 0.532283676 -0.846563272 -0.00217151335
vn 0.597461227 -0.801894795 -0.00219564607
vn 0.591646881 -0.806197103 -0.00044621644
vn 0.522593997 -0.852573512 -0.00373096649
vn 0.653645218 -0.756774525 -0.00634409706
vn 0.493541012 -0.869685795 -0.0079929934
vn 0.894745658 -0.446556449 0.00418857758
vn 0.873586374 -0.486658371 0.00323680412
vn 0.849057229 -0.528300881 2.34865576e-05
vn 0.63187072 -0.775073792 -0.000100767256
vn 0.694152357 -0.7198188 -0.00366060294
vn 0.657255818 -0.753659959 -0.00338469533
vn 0.669111034 -0.743149042 -0.00446382813
vn 0.700539368 -0.713612607 -0.00128124435
vn 0.638907751 -0.769275919 0.00338310808
vn 0.671289417 -0.741184244 0.0040540739
vn 0.720957481 -0.692979185 -0.000399323129
vn 0.725917773 -0.687781031 -0.000799925045
vn 0.768395839 -0.639974017 -0.00104488245
vn 0.088158049 -0.996106461 0.000277768649
vn 0.0207492133 -0.999763644 0.00649043294
vn 0.0972865284 -0.995252358 0.00284170311
vn 0.73488632 -0.678190279 0.000207956584
vn 0.698728321 -0.715379098 0.0033882333
vn 0.503522569 -0.863971484 -0.00427764655
vn 0.116359764 -0.99320029 -0.00368643212
vn 0.0731005478 -0.997314618 -0.00445667677
vn 0.0252903186 -0.999672973 0.00378767771
vn 0.648936538 -0.760836913 0.00292593846
vn 0.609261151 -0.792968234 -0.00149328542
vn 0.178374268 -0.983950103 -0.00498147656
vn 0.336151783 -0.941807273 0.00101942009
vn 0.293801181 -0.95586653 0.000208746918
vn 0.133669866 -0.991016846 0.00424000652
vn 0.205477923 -0.978656427 0.00322807624
vn 0.873809753 -0.486267645 -0.000540564267
vn 0.115003529 -0.993364052 -0.00143102645
vn 0.199373153 -0.97991283 0.00460339403
vn 0.211849918 -0.977302151 0.000344200892
vn 0.14966362 -0.988736972 4.11094026e-05
vn 0.491000258 -0.871157335 -0.00190919239
vn 0.000724858594 0.404866532 0.914375506
vn -0.00671975568 0.344282311 0.938842125
vn 0.670933987 -0.741516909 -0.000509317253
vn 0.0293279002 -0.999561285 -0.00413673015
vn 0.471219002 -0.882016212 0.000234684666
vn 0.895928387 -0.44419035 -0.00269397685
vn 0.59557974 -0.803292901 -0.00229982915
vn 0.651741371 -0.758440188 -0.0012908231
vn 0.636083963 -0.77161975 0.000392055125
vn 0.68110346 -0.732186716 0.000829887743
vn 0.322988894 -0.946402433 -0.00078048746
vn 0.758088853 -0.652150429 -0.00105296074
vn -0.170171447 -0.985396133 0.00601167267
vn 0.582701624 -0.812685437 0.00109467913
vn 0.528635195 -0.848848341 0.00115075405
vn -0.0559147453 -0.998410418 0.00708365434
vn 0.345614438 -0.938376398 0.000629883277
vn 0.302817395 -0.952993586 -0.0102396236
vn 0.288732066 -0.957395833 0.0051973644
vn 0.363712811 -0.931510529 0.00106080159
vn 0.551583835 -0.834117666 -0.00172994828
vn 0.452125866 -0.891942743 0.00451045131
vn 0.39442896 -0.918925754 0.00112020698
vn 0.372018857 -0.928223692 -0.00165766287
vn -0.0714732176 -0.997440753 0.0018772298
vn 0.248517206 -0.96862421 -0.0025177145
vn 0.331655695 -0.943400471 -0.000225682727
vn 0.236229293 -0.971692503 0.00306592096
vn 0.188968926 -0.981970535 0.00496127125
vn -0.239540842 -0.970886229 -0.00034062376
vn 0.988385534 -0.151966404 -0.000498853853
vn 0.40788099 -0.91303096 -0.0027501358
vn 0.242968481 -0.970033533 0.00112319769
vn 0.835453733 -0.549557942 -0.00176873096
vn 0.844644592 -0.535327447 -0.000194667414
vn 0.28787189 -0.95766842 -0.000985852991
vn 0.216190996 -0.976350997 -0.000429143565
vn -0.155156044 -0.987887932 0.00200890159
vn 0.769863962 -0.638205096 0.00193279714
vn 0.280459925 -0.959861997 0.00267922125
vn 0.207797653 -0.978171475 -0.000837151153
vn 0.229838358 -0.973219894 0.0041674759
vn 0.808219289 -0.588881539 0.000337044666
vn 0.833343243 -0.552753454 0.0016303772
vn 0.700664329 -0.713490158 -0.00113738271
vn 0.143865114 -0.989596443 0.00130720436
vn 0.179117829 -0.983827257 0.00085585672
vn 0.0949144069 -0.995484051 -0.00166096421
vn 0.890968373 0.454064925 0.000634223612
vn 0.871906874 -0.489671279 -0.000665219343
vn 0.300007869 -0.953933767 -0.00237612591
vn 0.336475961 -0.941691895 0.000550325165
vn 0.257469421 -0.966286202 0.00068766402
vn 0.740432952 -0.672130172 -0.000276278766
vn -0.00989499652 -0.999939081 -0.0048912294
vn -0.0802043899 -0.996778167 0.000736138387
vn 0.0516957023 -0.998658557 -0.00293970715
vn -0.433970987 -0.832790267 -0.3436998
vn 0.796684226 -0.60439576 9.84545583e-05
vn -0.364385634 0.9311363 -0.0144325983
vn -0.27744269 0.166152589 0.946265751
vn 0.469043921 -0.882088903 0.0437831833
vn 0.0468068319 -0.998885735 -0.00603391105
vn 0.116908061 -0.993142726 -0.000176126859
vn 0.124149843 0.325648611 0.937304539
vn 0.353468031 -0.933728574 0.0566683412
vn -0.469770026 -0.882761855 0.00690146035
vn -0.146647216 -0.989127214 0.0110430517
vn 0.228392011 -0.973567144 -0.00202624961
vn 0.151294533 -0.98848087 -0.00394127882
vn 0.925203988 -0.379469767 0.00052621384
vn 0.925617763 -0.378459112 0.00067640591
vn 0.903217566 -0.429182688 0.000499550568
vn 0.710039194 -0.704162152 -8.54173334e-05
vn 0.908674464 -0.417504617 0.000782765321
vn 0.261434788 -0.965220135 0.00139389899
vn -0.0592719748 -0.998241562 0.000785721582
vn 0.978892107 -0.204351314 -0.00328386909
vn 0.778318389 -0.627868318 -0.00136399362
vn 0.734792601 -0.678287708 -0.00237035741
vn 0.864521592 -0.502595232 -0.000670728153
vn 0.903465808 -0.428659194 0.000910186859
vn 0.885346149 -0.464930469 0.00136232308
vn -0.4993148 0.866084712 -0.0241247163
vn -0.536479988 0.841981204 -0.0570690297
vn -0.44413003 0.89491708 -0.0432658914
vn 0.945981851 -0.324211588 0.00227669629
vn 0.923465737 -0.383680897 -4.94394892e-05
vn 0.940813467 -0.338923796 -0.000825416353
vn 0.87600288 -0.301487718 -0.376462629
vn 0.71987228 -0.694105236 0.0013497505
vn 0.763750172 -0.64550748 0.00240159335
vn 0.755907882 -0.654677802 -0.000499985654
vn 0.908946853 -0.416903718 -0.00262825667
vn -0.0118999767 -0.1270516 -0.991824723
vn 0.914262389 -0.405121925 -0.000714166816
vn -0.606245029 0.792746782 -0.0633995656
vn -0.339711134 0.925410303 -0.167964629
vn 0.172905142 0.710004974 -0.682639546
vn -0.788756245 0.613652892 -0.0359682376
vn 0.712175919 -0.657450591 -0.24609791
vn -0.696949396 0.697536992 -0.166444235
vn 0.978462256 -0.206404631 -0.00295661235
vn 0.90131709 -0.417220797 -0.116422978
vn 0.717205018 -0.264780322 -0.644599367
vn 0.936195593 -0.351451368 0.00444372157
vn -0.753836115 0.632815659 -0.176848674
vn 0.94602267 -0.324095473 -0.00179766026
vn 0.988115334 -0.153703831 -0.00179407122
vn 0.525921734 -0.85051902 -0.00487095991
vn 0.730775223 -0.682592687 -0.00589898525
vn 0.628600671 -0.777691785 -0.00752890423
vn 0.678599528 -0.734487745 -0.00551656225
vn 0.793364854 -0.608739787 0.00284241395
vn 0.79466208 -0.607047252 -0.00241081114
vn 0.826945285 -0.562282072 0.000605775806
vn 0.678232161 -0.734838683 -0.00363962355
vn 0.959545113 -0.281552449 -0.00118090199
vn 0.972838504 0.231484488 0.000419777172
vn 0.886781812 -0.462186628 0.0012404306
vn 0.85491315 -0.518105199 -0.0262775161
vn 0.890639842 -0.45470609 0.00174441284
vn 0.921265589 -0.388934075 -1.66652548e-07
vn 0.75036782 -0.658982695 0.0518646477
vn -0.940855803 -0.0511812042 -0.334919158
vn 0.940866227 -0.338776124 0.0012165492
vn 0.925366118 -0.379065802 -0.00258165985
vn 0.905858793 -0.423579372 -0.000601782428
vn 0.958836915 0.28395733 -7.2896282e-05
vn 0.971263514 -0.238006482 0.000318287319
vn 0.999820169 0.0188921005 -0.00164870248
vn 0.997862421 0.0653102187 -0.00227254415
vn 0.760661873 -0.649148113 -0.000491162952
vn 0.978234357 -0.207499304 0.00125728242
vn 0.979109959 -0.203316909 -0.00243346862
vn 0.976653409 -0.214820314 0.000593084844
vn 0.872308319 -0.488940217 -0.00395727865
vn 0.902305029 -0.431082385 -0.00368933762
vn 0.00782057422 0.950520817 -0.310562418
vn 0.976474581 -0.215631 0.000814633832
vn 0.970610378 -0.240655702 -0.000572418084
vn 0.9605175 -0.27821619 0.0013726522
vn 0.934010642 -0.357229918 -0.00330249452
vn 0.887874233 -0.460083761 -0.00150937357
vn 0.954399904 -0.298531075 0.000141458029
vn 0.966811814 -0.255488824 -0.000613647471
vn -0.0254867682 -0.263201853 -0.964404069
vn 0.737719207 -0.675107479 -0.000513260453
vn 0.911472802 -0.411351355 0.00271908954
vn 0.935175293 -0.354183969 0.00094205168
vn 0.963952662 -0.266065435 0.00210944137
vn 0.956361119 0.292182085 -0.00174311646
vn 0.923651452 -0.383232814 0.000778343867
vn 0.9988818 -0.0472628011 0.00117394132
vn 0.872094011 -0.489334477 0.00195085843
vn 0.906534547 -0.422127612 0.00184227149
vn 0.881481215 -0.472215583 -0.00181973925
vn 0.943935834 -0.330128417 -0.000608386493
vn 0.721678837 -0.69222185 0.00292681808
vn 0.875238242 -0.483692055 0.000123767318
vn 0.621714228 -0.783238438 -0.00299457569
vn 0.832322607 -0.554283179 0.00303894723
vn -0.701639428 0.711555605 -0.0372925424
vn 0.987541604 0.157341913 -0.00225888261
vn -0.827215369 -0.561884438 0.00078273692
vn 0.739284654 0.673379147 -0.00432726824
vn -0.789195283 0.46806562 0.397599523
vn -0.46460815 -0.593089474 -0.657559232
vn -0.397089035 -0.917778353 -0.00178676751
vn -0.443098586 -0.895949606 -0.0306259037
vn -0.783012529 -0.621996196 -0.0034801126
vn -0.420804204 -0.90714997 0.00165934451
vn -0.843133665 -0.537693952 -0.00329181943
vn -0.885043192 -0.465243461 0.0157184869
vn 0.181862526 -0.907365562 -0.378964059
vn 0.00188258332 -0.851597164 -0.524193405
vn -0.784051028 -0.620693838 0.00177323278
vn -0.75364594 -0.657279647 0.00112355668
vn 0.800327536 0.599554124 0.00326915504
vn -0.424306023 -0.905495857 0.00645387295
vn -0.170979549 -0.985272543 0.00200233151
vn 0.641069365 -0.76729984 0.016763784
vn -0.144943073 -0.98943871 0.00159530216
vn -0.38684338 -0.922119462 0.00692082404
vn -0.0935955142 -0.018152995 -0.995444799
vn 0.698401382 -0.715706295 -9.71562148e-05
vn 0.0174353861 -0.999845821 0.00208377693
vn -0.0496509298 -0.998766159 0.000972287052
vn 0.151464985 -0.988460176 0.00219993221
vn 0.0389000854 -0.999236726 0.00357045023
vn 0.0582557891 -0.998296273 0.00328839755
vn -0.0030793776 -0.999986338 -0.00422379476
vn -0.0408460849 -0.0127846009 0.999083656
vn -0.186969394 0.962162748 0.198205178
vn 0.00526276465 -0.999978139 -0.00400302463
vn -0.538694043 -0.842501102 0.000788484929
vn -0.346629988 -0.937999682 0.00206119761
vn 0.182989887 -0.983113425 0.00164146835
vn 0.121285647 -0.992612678 0.00314065293
vn 0.672388059 -0.727360464 0.137262714
vn 0.0146895177 -0.999882329 0.00442114874
vn 0.182377306 -0.9832263 0.00213580705
vn 0.0875803186 -0.996136946 0.00639321565
vn -0.0316961989 -0.999496565 0.00140298883
vn 0.589554718 -0.807727901 -0.000934274863
vn 0.644363601 -0.764719206 -0.000290676203
vn 0.214662708 -0.976684715 0.00262472958
vn 0.213218232 -0.976994053 0.00453933168
vn 0.553333716 -0.832951922 0.00359073104
vn 0.159307158 -0.987223924 0.00318647574
vn 0.219045564 -0.975699137 -0.00549862719
vn 0.0737810569 -0.997273286 0.00153240296
vn 0.013456895 -0.99990945 5.91335778e-05
vn -0.283495949 -0.958958639 0.00532688527
vn -0.108617318 -0.994082287 -0.00163845208
vn 0.862521106 -0.506020275 0.000907167048
vn -0.135906162 -0.990721691 -0.000216804871
vn 0.0323479324 -0.999469014 -0.00391176245
vn -0.157153873 -0.987568699 0.00327487165
vn -0.632412954 -0.774630079 0.0014477669
vn 0.683593749 -0.72985974 -0.00208470523
vn -0.518404156 -0.855134685 0.00134242216
vn 0.412690827 -0.910870008 0.00145256769
vn 0.490466035 -0.871365576 -0.0128491399
vn -0.0728967519 -0.997338787 -0.00118658544
vn 0.227672779 -0.973734529 -0.00248440634
vn 0.029006359 -0.999566361 -0.00507155564
vn 0.0177273265 -0.999838707 0.00288123931
vn -0.882911304 -0.469536877 -0.001658523
vn -0.737975182 -0.674827501 -0.000688639208
vn -0.755411968 -0.614498603 -0.227473573
vn -0.950421312 -0.310964369 -0.000700265278
vn -0.819461964 -0.573133516 -0.000249553129
vn -0.829237509 -0.558895787 0.000807960243
vn -0.787997639 -0.61567656 0.00144739141
vn -0.793093439 -0.609090053 -0.00347923639
vn -0.940377242 -0.340132264 0.000827942377
vn -0.837673321 -0.546171097 -0.000735400965
vn -0.0281082487 -0.845408613 -0.53337998
vn -0.78814683 -0.615476786 -0.00359160279
vn -0.813944998 -0.580938149 -0.00209920523
vn -0.83262609 -0.553835518 -0.000117828327
vn -0.835351666 -0.549697807 -0.00446249426
vn -0.836290698 -0.548258243 0.00554688941
vn -0.785721449 -0.618579919 0.000829175811
vn -0.612749161 -0.790277458 7.08680395e-05
vn -0.444594476 -0.895730061 -0.00184670604
vn -0.563860716 -0.825869884 -0.000166768354
vn -0.498408073 -0.866939615 0.00225747874
vn -0.451594597 -0.892222246 -0.00133585551
vn 0.186325978 -0.896039639 0.402983368
vn 0.00569054179 -0.99998126 -0.00225795101
vn 0.0104987646 -0.999917999 -0.00733285171
vn -0.306408887 -0.95189593 0.00278081716
vn -0.954266957 0.298948905 0.00203165202
vn -0.969728703 0.244184741 -0.000234312089
vn -0.945473827 0.325654982 -0.00529857051
vn -0.822041907 0.569404832 0.00502394949
vn 0.183494334 -0.983018875 -0.00192878575
vn 0.255879747 -0.966705298 -0.00253408362
vn 0.43046338 -0.902601798 0.00335731403
vn -0.264189777 -0.964461983 -0.00410429735
vn 0.0308290756 -0.999523544 -0.00150096308
vn 0.272130964 -0.962255617 0.00297762335
vn -0.489317014 0.871992374 -0.0140769303
vn -0.301860521 -0.953347958 -0.00281011243
vn -0.844810038 -0.535063906 0.00161744336
vn 2.13389793e-15 4.04168978e-16 1
vn -0.62184225 -0.692936383 0.364899144
vn -0.541120774 -0.840944583 0.000719028202
vn -0.333908435 0.0148323369 0.942488811
vn -0.378548093 -0.721961293 0.579200511
vn 2.51519396e-15 -2.71496221e-15 1
vn -1.47984238e-15 -7.22159763e-16 1
vn -0.940731768 -0.339151049 0.000553462999
vn -0.838471585 -0.544943561 -0.00138426455
vn -0.713844341 -0.252745269 0.653104958
vn 0.00348329836 -0.999961224 -0.00808814182
vn -0.00425180643 -0.993970574 -0.109564685
vn -0.869058528 -0.49470925 0.000179856289
vn -0.868142646 -0.496251799 0.00790553415
vn -0.891291696 -0.453423132 -0.00256453234
vn -0.809535368 -0.5870711 0.000110761867
vn 0.00128047216 -0.893262945 0.449532726
vn -0.986160776 0.16579133 0.000398228631
vn -0.985338064 0.170613293 -5.31498912e-05
vn -0.972013234 0.234912979 0.00248285625
vn -0.991623054 0.129158186 0.00137205748
vn -0.976332008 0.216259714 0.00274714159
vn 0.0249170083 -0.430949612 0.902031914
vn -0.999486016 0.0320519016 -0.000616380269
vn -0.985733791 0.168259538 -0.00419769629
vn -0.984333044 0.176317848 -0.000689217165
vn -0.990485993 -0.13737573 -0.0080873684
vn 2.96792725e-15 1.59956938e-15 1
vn -0.253208327 0.967228588 0.0188255428
vn -0.223671505 0.974387604 0.0232347804
vn 9.77628299e-16 -3.57308638e-16 1
vn 3.57042499e-15 2.35810042e-15 1
vn 1.16702186e-15 7.05609447e-16 1
vn -0.979871518 -0.199482753 -0.0076445893
vn -0.827669841 0.56121157 0.00205145697
vn -0.3855037 -0.0183851604 0.922523107
vn -0.397419126 0.285710733 0.872024894
vn 0.920323084 0.391158894 -0.000376642857
vn -0.59905956 0.793580286 0.106573791
vn 0.0377316115 0.995446556 -0.0875355886
vn 0.57931596 0.815068898 -0.00746388424
vn 0.811869303 0.583827273 0.00373507474
vn -0.873911818 0.485757288 -0.0178322845
vn 0.0689876789 -0.997527682 -0.0133874522
vn 0.861913452 0.507055375 -0.000220611027
vn -0.976522547 0.21539964 -0.00259051338
vn 0.00934382104 -0.375040641 0.926961278
vn -0.885979038 -0.047691359 0.461266386
vn -0.393833727 0.919146116 0.00808779566
vn -0.217078045 0.974411033 0.0583117603
vn -0.123299545 -0.926351013 0.355908729
vn -0.0658077225 0.656220489 -0.751694095
vn -0.889304569 -0.457270717 0.00639331961
vn -0.769404335 0.630301106 -0.103621836
vn 0.00201198699 -0.795256154 -0.606270237
vn -0.935312322 -0.353821853 -0.000977882826
vn -0.856936391 -0.515381321 0.00648975116
vn 0.0144087184 -0.744162006 -0.667843767
vn -0.0041470518 -0.999307865 0.0369674575
vn 0.00143657463 -0.985323849 -0.170689336
vn -0.000816145419 -0.999812933 0.0193244179
vn -0.0186530583 -0.793291691 0.608555959
vn -0.0042380467 -0.94956731 0.313534628
vn 0.00142905422 -0.861020042 0.508569018
vn -0.923721244 -0.383055843 -0.00269905173
vn 0.823466632 -0.567148218 -0.0156718002
vn -0.955558107 -0.293733691 0.0250843064
vn 0.963154647 -0.268665646 -0.0123246266
vn 0.828675624 -0.559641368 0.00991212176
vn -0.214250632 -0.976753199 -0.00706076769
vn -0.870293976 -0.491547957 -0.0311287959
vn -0.88716378 -0.451422337 -0.0956990145
vn -0.0805970212 -0.9962147 -0.0325636547
vn -0.906763786 -0.17607811 -0.383113476
vn -0.806497025 -0.591237952 0.0004819249
vn -0.306962609 -0.273977277 -0.911433162
vn 0.996069355 -0.0860279982 -0.0210955841
vn -0.674318456 0.738241873 -0.017133473
vn -0.633816897 0.772935495 -0.0291008893
vn 0.99997847 -0.00143428001 0.00640323567
vn 0.987900729 -0.153344286 0.0231879153
vn 0.994623109 -0.0834149742 0.0613743755
vn -0.229620284 -0.973206457 -0.0119882264
vn -0.292247721 -0.956256507 -0.0128359738
vn 0.961827538 0.273637058 0.00324780048
vn -0.436137855 0.898354563 -0.0523722347
vn -0.031048095 -0.999372092 -0.0170715287
vn 0.808785067 -0.587969446 0.0125954657
vn -0.302058667 0.952967246 -0.0247788155
vn -0.0992383499 -0.994824027 -0.0218381645
vn -0.569269159 0.821891765 0.0206531109
vn 0.228889251 0.966739472 -0.114124949
vn -0.361849652 0.93208356 0.0168838974
vn -0.390195773 0.920689366 0.00885152361
vn -0.264039303 0.963337707 0.0475784501
vn 0.331089593 -0.943596919 -0.00212987038
vn -0.313093836 -0.949714513 -0.00382007127
vn -0.286550628 -0.957670597 -0.0274911979
vn -0.577928131 -0.814556955 -0.0499604148
vn -0.228335743 -0.973143839 0.0292208474
vn 0.97822723 -0.20753632 0.000402595915
vn 0.965948038 -0.258734104 0.00102559852
vn 0.861965343 0.506965828 -0.00118188737
vn 0.822693388 0.56848513 -0.000495998592
vn -0.127778643 -0.991627942 -0.0186183363
vn -0.781352369 -0.624066337 0.00544811863
vn -0.576784453 -0.816847212 -0.00896248339
vn 0.914852562 0.403785307 -0.00148827526
vn 0.695449825 0.718510959 -0.00956779431
vn 0.660224151 0.739838823 -0.129393144
vn 0.711534496 0.700861123 -0.0501233137
vn 0.82010009 -0.572219992 0.000350221077
vn 0.7789934 -0.62702302 0.00337872216
vn 0.823256029 -0.567667642 -0.00171997299
vn 0.84144743 0.540336883 0.00150830466
vn 0.815247906 0.57911024 -0.00147703207
vn 0.768105094 0.640312202 0.00385341467
vn -0.585267011 -0.810840559 0.000337989677
vn -0.610265368 -0.792196798 0.000643386258
vn -0.664276844 -0.747482244 -0.00256325266
vn -0.68407813 -0.729408279 -0.000821234569
vn 0.94229297 0.334784916 0.00173760625
vn -0.568865249 -0.82242107 0.00398900624
vn -0.489173707 -0.872184249 -0.0019288396
vn 0.504376096 0.863481748 -0.00200608724
vn -0.626049599 -0.779777032 0.00311110358
vn -0.665775982 -0.746044408 0.0126523603
vn -0.764040398 -0.6451626 -0.00273669987
vn -0.741855724 -0.670453965 0.01189811
vn -0.819804303 -0.57065382 0.04769825
vn 0.716319635 0.6977687 0.00224089037
vn 0.595599656 0.803236738 0.00847302338
vn 0.690432576 0.723364038 0.0068793939
vn 0.663850726 0.747838266 -0.00633573182
vn 0.673468886 0.739165454 0.00860765306
vn -0.573483496 -0.788174845 0.223376574
vn -0.213222679 -0.906888059 0.363442069
vn -0.682479368 -0.730845718 -0.00929775069
vn 0.80230428 0.596789754 -0.0122405896
vn 0.714410402 0.699693372 0.00685290203
vn -0.695549091 -0.718478177 0.000755924406
vn 0.985059752 -0.172174632 -0.00363057425
vn 0.918313267 0.395854446 1.08745506e-05
vn 0.993332902 -0.0555403471 -0.101019882
vn -0.907189464 -0.40746727 -0.10477452
vn 0.856218988 -0.516613018 0.000187022883
vn 0.878005539 -0.478455445 0.0136624114
vn 0.966218368 -0.179809312 -0.184636605
vn 0.954735728 -0.297454124 -0.000856182982
vn -0.724115543 -0.689674755 -0.00232652646
vn -0.775961362 -0.63076998 0.00363271207
vn -0.859646204 -0.506133604 0.0695498263
vn -0.252224547 0.195944876 -0.94762249
vn -0.860910766 0.507777884 -0.031532108
vn 0.244047631 0.314202718 -0.917451582
vn -0.888238129 -0.45833399 0.0310319168
vn 0.109463973 -0.0979847656 -0.989149445
vn 0.505804515 0.514315064 -0.692561772
vn 0.980664164 0.195620502 0.00551510205
vn -0.0179157361 0.605633883 0.795541719
vn -0.365007128 0.881388533 -0.299873391
vn 0.200761945 -0.593112099 -0.779687552
vn 0.978774403 0.0459283778 -0.199727945
vn 0.95940974 0.281954175 0.00589870906
vn 0.926669829 0.375876061 0.000463045553
vn 0.348373719 0.927535042 -0.135331068
vn 0.899029987 0.437884383 0.00153272142
vn 0.944229347 0.329280767 -0.00226192264
vn 0.732677833 0.680574485 0.00125042772
vn -0.00216472881 0.977944792 -0.208852337
vn -0.0236839632 0.999481624 -0.0218071923
vn -0.0114483761 0.998024786 -0.0617694122
vn 0.960322537 -0.278840559 -0.00534491332
vn 0.0365612892 0.861196103 0.506956157
vn -0.000965823882 -0.245087787 0.969500409
vn 0.99390281 -0.11025299 -0.00121735761
vn 0.000834043138 0.570174555 0.821523147
vn 0.00197055649 0.415547299 0.909569436
vn -0.0137200449 0.490032779 0.871596028
vn 0.430656422 0.902487356 0.00718465122
vn 0.00888144777 0.748006756 0.663631685
vn 0.0117474182 0.708191417 0.70592274
vn 0.930858869 0.365368746 0.002728472
vn 0.965854622 0.259083259 0.00084523153
vn 0 0 1
vn 0.248390025 0.966796756 -0.0600535518
vn -2.67474411e-16 2.87192971e-15 1
vn 0.761105621 0.532546462 0.370287051
vn 0.408965287 0.371505291 0.833505376
vn 7.96760242e-16 1.86468281e-15 1
vn -1.33300016e-15 -1.32840237e-16 1
vn -2.68203733e-15 -1.37265995e-15 1
vn -1.72310756e-16 8.72986618e-17 1
vn 0.344127345 0.120749519 0.931126159
vn 0.999708352 -0.0241241116 0.00111253214
vn 0.999821788 0.0187864367 0.0018605091
vn 0.999433131 0.033656041 0.000828605429
vn 1.41362269e-16 7.21817147e-17 1
vn -1.42122503e-15 4.90967098e-16 1
vn 2.03183544e-15 -1.35549452e-15 1
vn 1.77810796e-16 9.64696532e-16 1
vn 0.982485137 0.186311394 -0.00331974418
vn 0.993187299 -0.116528903 -6.83893992e-05
vn 0.991640357 -0.129030531 0.000724109841
vn 0.955380919 -0.29537441 -0.00112156305
vn 1 0 0
vn 0.00230761685 -0.275719336 0.961235415
vn -0.0187510973 0.216132709 0.976183921
vn 0.764062816 0.575801962 0.290964111
vn 0.00686502744 -0.741485277 0.670934017
vn 0.0191190261 -0.729574129 -0.683634444
vn 0.00386769221 -0.982887499 0.184166242
vn -0.00775880194 -0.999672698 0.0243782075
vn -0.00317904433 -0.999860013 -0.0164270581
vn 0.775161595 -0.631753596 0.0034490977
vn 0.757488326 -0.652848551 0.000454134442
vn 0.691846724 -0.722038234 0.0029830871
vn 0.00254614471 -0.706524039 0.707684463
vn 0.000124120143 -0.914643662 0.404260999
vn 0.979201284 -0.202837659 0.00466153691
vn 0.958933068 -0.283557195 0.00653358796
vn 0.869599874 -0.493752459 -0.00213740359
vn 0.946770533 -0.321880275 0.00431818931
vn 0.786299198 -0.617845473 -0.000736090669
vn 0.860390743 -0.509629355 -0.00238555524
vn 0.864222203 -0.503108973 0.00115973594
vn 0.973186002 -0.229996279 -0.00327375535
vn 0.807552493 -0.589795455 -0.000540872704
vn 0.859501429 -0.511098004 -0.00601028441
vn 0.895762903 -0.444513529 -0.00406731794
vn 0.82864578 -0.559768548 0.00231168941
vn 0.918621617 -0.395137306 0.000913627161
vn 8.32287766e-16 1.07055746e-15 1
vn -2.0902839e-15 3.71094618e-16 1
vn 0.272290667 -0.872397122 0.405932328
vn 0.643579407 -0.765318859 -0.00962241243
vn 0.709089547 -0.705118353 -0.000349700287
vn 0.961290953 -0.275530696 -0.00159317934
vn 0.958312803 -0.285720278 0.000703884209
vn 0.978404249 -0.206698924 -0.000824681878
vn -4.31538267e-15 2.10513003e-15 1
vn 0.174447005 -0.236948384 0.955732026
vn 0.538691737 -0.842431522 -0.0109700902
vn 0.556597134 -0.830781751 -0.00114592522
vn 0.639845507 -0.76850356 -8.0581723e-05
vn 0.676341988 -0.736584535 -0.00217654585
vn 0.662931089 -0.748636995 0.00806358882
vn -2.87441432e-16 2.17424639e-15 1
vn 0.457534871 -0.8891894 0.00201336586
vn 0.415823645 -0.909427004 -0.00576379702
vn 0.54287662 -0.839812245 -0.000606224146
vn 0.703053579 -0.711136796 0.000350323891
vn 0.73940381 -0.673261449 -0.00101361169
vn 0.697667151 -0.716421935 0.000395640671
vn 0.821113374 -0.570764701 -0.000694941194
vn 0.829063743 -0.559152627 0.00128407154
vn 0.817172737 -0.576391944 -0.0010218025
vn 0.379757816 -0.925081569 -0.00284455288
vn 0.385479747 -0.922713618 -0.00222344118
vn 0.723538972 -0.690275739 -0.00328038608
vn 0.836833822 -0.547455174 -0.00140951107
vn 0.14654096 -0.973355802 0.176363913
vn 0.956914332 -0.290367228 -0.00135408057
vn 0.982972081 -0.183753627 -0.000701401206
vn 0.956077597 -0.293112864 0.000690766389
vn 0.801472825 -0.598031033 0.000439981871
vn -0.654919278 0.755697174 0.00158762884
vn 0.209046421 -0.977594913 -0.0246531898
vn 0.403677038 -0.91490025 0.00154304325
vn 0.722275167 -0.691602835 0.00202527546
vn 0.676744974 -0.736213501 0.00243315622
vn 0.256347538 -0.966575673 -0.00417228763
vn 0.505870051 -0.862605645 -0.00264456109
vn -0.145490634 0.962561719 -0.228708137
vn 0.269859643 -0.962893374 0.00348199479
vn 0.325426764 -0.94556528 0.0019293537
vn 0.297450839 -0.954737119 -0.0001772221
vn -0.836796534 0.543321928 -0.0676227997
vn 0.817037609 -0.576572998 -0.00362263173
vn 0.784200556 -0.620506243 -0.00122073931
vn 0.683707664 -0.729645111 -0.0127217167
vn 0.762421706 -0.647038383 0.00738066568
vn 0.698833445 -0.715240754 0.007904439
vn 0.119552742 0.100764585 -0.98770119
vn 0.880233094 -0.467548743 -0.0811657076
vn 0.984495846 -0.175366592 0.00380634779
vn 0.970871351 -0.23960132 0.000161906756
vn 0.899101659 -0.437739343 -0.00068910594
vn 0.889673395 -0.456597343 -0.000340054839
vn 0.85804683 -0.513570609 -0.000931190681
vn 0.795729305 -0.60564221 0.00351949864
vn 0.0412682615 0.997966228 0.0485833175
vn 0.666525542 0.742663081 -0.0647707545
f 1//1 2//2 3//3
f 4//4 5//5 6//6
f 9//9 8//8 7//7
f 10//10 11//11 12//12
f 13//13 14//14 15//15
f 18//18 17//17 16//16
f 19//19 20//20 21//21
f 22//22 23//23 24//24
f 25//25 26//26 27//27
f 11//11 10//10 28//28
f 29//29 30//30 22//22
f 31//31 32//32 33//33
f 36//36 35//35 34//34
f 37//37 38//38 39//39
f 42//42 41//41 40//40
f 43//43 44//44 45//45
f 46//46 47//47 48//48
f 51//51 50//50 49//49
f 52//52 53//53 54//54
f 57//57 56//56 55//55
f 60//60 59//59 58//58
f 61//61 62//62 63//63
f 64//64 65//65 66//66
f 69//69 68//68 67//67
f 72//72 71//71 70//70
f 73//73 74//74 75//75
f 78//78 77//77 76//76
f 79//79 80//80 81//81
f 82//82 83//83 84//84
f 85//85 86//86 87//87
f 90//90 89//89 88//88
f 92//92 91//91 69//69
f 95//95 94//94 93//93
f 64//64 66//66 96//96
f 97//97 98//98 99//99
f 100//100 101//101 102//102
f 104//104 101//101 103//103
f 107//107 106//106 105//105
f 110//110 109//109 108//108
f 111//111 112//112 113//113
f 103//103 101//101 100//100
f 100//100 114//114 103//103
f 117//117 116//116 115//115
f 120//120 119//119 118//118
f 121//121 122//122 123//123
f 126//126 125//125 124//124
f 127//127 128//128 49//49
f 129//129 130//130 131//131
f 132//132 133//133 134//134
f 135//135 136//136 137//137
f 121//121 139//139 138//138
f 140//140 141//141 142//142
f 127//127 49//49 143//143
f 144//144 145//145 146//146
f 72//72 148//148 147//147
f 104//104 103//103 149//149
f 150//150 151//151 152//152
f 114//114 149//149 103//103
f 155//155 154//154 153//153
f 156//156 157//157 158//158
f 159//159 160//160 161//161
f 162//162 152//152 151//151
f 165//165 164//164 163//163
f 168//168 167//167 166//166
f 121//121 169//169 122//122
f 170//170 171//171 172//172
f 173//173 174//174 175//175
f 176//176 75//75 74//74
f 179//179 178//178 177//177
f 134//134 133//133 180//180
f 54//54 181//181 182//182
f 183//183 184//184 185//185
f 67//67 186//186 187//187
f 164//164 165//165 188//188
f 189//189 190//190 191//191
f 194//194 193//193 192//192
f 195//195 196//196 197//197
f 200//200 199//199 198//198
f 29//29 201//201 202//202
f 203//203 204//204 205//205
f 208//208 207//207 206//206
f 209//209 210//210 211//211
f 212//212 213//213 214//214
f 215//215 216//216 217//217
f 220//220 219//219 218//218
f 221//221 222//222 223//223
f 224//224 225//225 226//226
f 227//227 27//27 26//26
f 228//228 52//52 54//54
f 230//230 31//31 229//229
f 233//233 232//232 231//231
f 234//234 235//235 236//236
f 237//237 189//189 191//191
f 239//239 238//238 208//208
f 240//240 241//241 242//242
f 243//243 154//154 155//155
f 245//245 244//244 147//147
f 248//248 247//247 246//246
f 185//185 184//184 249//249
f 174//174 173//173 250//250
f 95//95 251//251 94//94
f 252//252 42//42 253//253
f 254//254 62//62 61//61
f 255//255 256//256 257//257
f 258//258 259//259 260//260
f 263//263 262//262 261//261
f 266//266 265//265 264//264
f 268//268 206//206 267//267
f 271//271 270//270 269//269
f 170//170 272//272 273//273
f 274//274 275//275 276//276
f 277//277 257//257 43//43
f 202//202 215//215 217//217
f 278//278 279//279 280//280
f 283//283 282//282 281//281
f 284//284 285//285 286//286
f 289//289 288//288 287//287
f 290//290 291//291 292//292
f 295//295 294//294 293//293
f 296//296 297//297 298//298
f 301//301 300//300 299//299
f 302//302 303//303 304//304
f 307//307 306//306 305//305
f 25//25 93//93 26//26
f 308//308 309//309 310//310
f 311//311 112//112 111//111
f 314//314 313//313 312//312
f 298//298 316//316 315//315
f 317//317 318//318 319//319
f 320//320 321//321 322//322
f 323//323 324//324 325//325
f 328//328 327//327 326//326
f 331//331 330//330 329//329
f 334//334 333//333 332//332
f 335//335 336//336 337//337
f 338//338 294//294 295//295
f 340//340 321//321 339//339
f 343//343 342//342 341//341
f 37//37 344//344 22//22
f 347//347 346//346 345//345
f 350//350 349//349 348//348
f 353//353 352//352 351//351
f 356//356 355//355 354//354
f 358//358 357//357 343//343
f 325//325 309//309 359//359
f 362//362 361//361 360//360
f 363//363 364//364 365//365
f 368//368 367//367 366//366
f 369//369 370//370 371//371
f 374//374 373//373 372//372
f 377//377 376//376 375//375
f 380//380 379//379 378//378
f 382//382 381//381 369//369
f 383//383 384//384 385//385
f 386//386 387//387 388//388
f 389//389 390//390 391//391
f 392//392 327//327 393//393
f 128//128 394//394 232//232
f 232//232 394//394 231//231
f 397//397 396//396 395//395
f 398//398 399//399 400//400
f 401//401 402//402 403//403
f 404//404 405//405 406//406
f 408//408 353//353 407//407
f 409//409 111//111 410//410
f 411//411 350//350 348//348
f 414//414 413//413 412//412
f 415//415 416//416 417//417
f 420//420 419//419 418//418
f 423//423 422//422 421//421
f 424//424 425//425 426//426
f 429//429 428//428 427//427
f 430//430 431//431 432//432
f 435//435 434//434 433//433
f 436//436 437//437 438//438
f 150//150 440//440 439//439
f 441//441 18//18 16//16
f 424//424 426//426 442//442
f 443//443 444//444 445//445
f 446//446 445//445 444//444
f 375//375 448//448 447//447
f 451//451 450//450 449//449
f 454//454 453//453 452//452
f 455//455 456//456 457//457
f 458//458 459//459 460//460
f 461//461 462//462 463//463
f 461//461 463//463 464//464
f 465//465 355//355 356//356
f 466//466 467//467 468//468
f 471//471 470//470 469//469
f 474//474 473//473 472//472
f 475//475 476//476 477//477
f 480//480 479//479 478//478
f 481//481 480//480 478//478
f 85//85 482//482 86//86
f 483//483 482//482 85//85
f 484//484 485//485 486//486
f 487//487 142//142 141//141
f 490//490 489//489 488//488
f 493//493 492//492 491//491
f 161//161 160//160 494//494
f 497//497 496//496 495//495
f 474//474 472//472 498//498
f 501//501 500//500 499//499
f 395//395 396//396 502//502
f 505//505 504//504 503//503
f 504//504 505//505 506//506
f 508//508 16//16 507//507
f 509//509 476//476 510//510
f 511//511 512//512 513//513
f 514//514 515//515 516//516
f 517//517 518//518 519//519
f 479//479 520//520 521//521
f 466//466 475//475 522//522
f 525//525 524//524 523//523
f 528//528 527//527 526//526
f 529//529 60//60 406//406
f 530//530 356//356 354//354
f 531//531 532//532 533//533
f 536//536 535//535 534//534
f 537//537 538//538 539//539
f 542//542 541//541 540//540
f 543//543 544//544 545//545
f 546//546 547//547 548//548
f 549//549 550//550 551//551
f 554//554 553//553 552//552
f 301//301 299//299 555//555
f 556//556 557//557 558//558
f 558//558 559//559 556//556
f 561//561 560//560 335//335
f 564//564 563//563 562//562
f 565//565 566//566 567//567
f 570//570 569//569 568//568
f 572//572 571//571 39//39
f 39//39 571//571 573//573
f 574//574 575//575 576//576
f 579//579 578//578 577//577
f 580//580 581//581 36//36
f 582//582 281//281 282//282
f 583//583 584//584 585//585
f 55//55 56//56 37//37
f 386//386 586//586 387//387
f 588//588 587//587 44//44
f 589//589 28//28 37//37
f 592//592 591//591 590//590
f 545//545 544//544 593//593
f 593//593 594//594 545//545
f 595//595 596//596 597//597
f 600//600 599//599 598//598
f 601//601 314//314 303//303
f 602//602 603//603 604//604
f 44//44 587//587 45//45
f 605//605 291//291 290//290
f 606//606 607//607 608//608
f 609//609 575//575 63//63
f 612//612 611//611 610//610
f 613//613 614//614 615//615
f 616//616 617//617 618//618
f 619//619 587//587 562//562
f 622//622 621//621 620//620
f 56//56 623//623 37//37
f 624//624 569//569 570//570
f 326//326 626//626 625//625
f 549//549 627//627 628//628
f 629//629 628//628 627//627
f 631//631 45//45 630//630
f 632//632 633//633 634//634
f 263//263 635//635 262//262
f 239//239 208//208 206//206
f 206//206 636//636 637//637
f 638//638 639//639 27//27
f 128//128 232//232 49//49
f 49//49 232//232 51//51
f 208//208 238//238 251//251
f 636//636 640//640 637//637
f 297//297 296//296 284//284
f 641//641 251//251 95//95
f 344//344 623//623 642//642
f 588//588 44//44 57//57
f 564//564 588//588 57//57
f 50//50 643//643 644//644
f 562//562 588//588 564//564
f 647//647 646//646 645//645
f 648//648 647//647 645//645
f 576//576 649//649 574//574
f 650//650 277//277 631//631
f 653//653 652//652 651//651
f 643//643 654//654 644//644
f 657//657 656//656 655//655
f 95//95 658//658 641//641
f 650//650 631//631 659//659
f 267//267 650//650 659//659
f 662//662 661//661 660//660
f 663//663 651//651 664//664
f 652//652 13//13 665//665
f 45//45 631//631 277//277
f 667//667 666//666 65//65
f 640//640 669//669 668//668
f 23//23 65//65 666//666
f 630//630 587//587 619//619
f 670//670 12//12 11//11
f 670//670 671//671 672//672
f 277//277 43//43 45//45
f 647//647 64//64 646//646
f 23//23 344//344 642//642
f 127//127 143//143 673//673
f 674//674 307//307 305//305
f 667//667 65//65 64//64
f 310//310 675//675 308//308
f 571//571 577//577 578//578
f 28//28 38//38 37//37
f 678//678 677//677 676//676
f 1//1 219//219 220//220
f 251//251 238//238 94//94
f 62//62 254//254 238//238
f 638//638 27//27 227//227
f 92//92 679//679 91//91
f 680//680 681//681 649//649
f 39//39 682//682 572//572
f 254//254 26//26 93//93
f 685//685 684//684 683//683
f 688//688 687//687 686//686
f 638//638 227//227 237//237
f 689//689 620//620 690//690
f 573//573 691//691 598//598
f 573//573 692//692 39//39
f 680//680 301//301 555//555
f 693//693 694//694 695//695
f 22//22 344//344 23//23
f 696//696 697//697 698//698
f 699//699 190//190 189//189
f 702//702 701//701 700//700
f 239//239 206//206 268//268
f 703//703 239//239 268//268
f 704//704 705//705 706//706
f 20//20 19//19 82//82
f 238//238 707//707 62//62
f 63//63 575//575 574//574
f 710//710 709//709 708//708
f 695//695 190//190 699//699
f 712//712 711//711 298//298
f 715//715 714//714 713//713
f 716//716 717//717 718//718
f 719//719 720//720 721//721
f 704//704 706//706 717//717
f 574//574 695//695 722//722
f 723//723 82//82 19//19
f 721//721 579//579 719//719
f 682//682 577//577 572//572
f 38//38 577//577 682//682
f 579//579 21//21 578//578
f 724//724 725//725 77//77
f 578//578 21//21 20//20
f 20//20 571//571 578//578
f 316//316 298//298 726//726
f 727//727 586//586 386//386
f 730//730 729//729 728//728
f 704//704 731//731 685//685
f 705//705 704//704 685//685
f 717//717 714//714 704//704
f 732//732 733//733 734//734
f 714//714 717//717 716//716
f 737//737 736//736 735//735
f 600//600 717//717 705//705
f 555//555 681//681 680//680
f 738//738 681//681 555//555
f 320//320 322//322 739//739
f 714//714 715//715 704//704
f 697//697 741//741 740//740
f 239//239 707//707 238//238
f 742//742 648//648 645//645
f 745//745 744//744 743//743
f 746//746 747//747 281//281
f 737//737 735//735 748//748
f 737//737 748//748 749//749
f 260//260 724//724 258//258
f 752//752 751//751 750//750
f 755//755 754//754 753//753
f 674//674 756//756 307//307
f 758//758 757//757 144//144
f 274//274 759//759 260//260
f 760//760 485//485 484//484
f 761//761 762//762 763//763
f 765//765 90//90 764//764
f 768//768 767//767 766//766
f 768//768 769//769 767//767
f 770//770 771//771 736//736
f 42//42 40//40 772//772
f 773//773 275//275 260//260
f 776//776 775//775 774//774
f 777//777 775//775 776//776
f 721//721 21//21 579//579
f 748//748 779//779 778//778
f 780//780 781//781 782//782
f 748//748 778//778 749//749
f 783//783 784//784 785//785
f 785//785 786//786 783//783
f 786//786 787//787 78//78
f 789//789 788//788 696//696
f 782//782 781//781 790//790
f 793//793 792//792 791//791
f 794//794 620//620 689//689
f 24//24 795//795 22//22
f 690//690 620//620 796//796
f 798//798 773//773 797//797
f 275//275 773//773 798//798
f 275//275 274//274 260//260
f 799//799 782//782 689//689
f 802//802 801//801 800//800
f 67//67 803//803 186//186
f 806//806 805//805 804//804
f 583//583 664//664 646//646
f 237//237 191//191 807//807
f 808//808 809//809 224//224
f 232//232 233//233 51//51
f 730//730 728//728 810//810
f 813//813 812//812 811//811
f 815//815 814//814 276//276
f 816//816 224//224 817//817
f 233//233 171//171 51//51
f 818//818 819//819 820//820
f 730//730 792//792 729//729
f 823//823 822//822 821//821
f 14//14 273//273 15//15
f 825//825 824//824 290//290
f 57//57 44//44 826//826
f 394//394 827//827 791//791
f 226//226 817//817 224//224
f 75//75 176//176 828//828
f 829//829 830//830 831//831
f 621//621 796//796 620//620
f 793//793 794//794 729//729
f 815//815 798//798 832//832
f 833//833 834//834 835//835
f 40//40 836//836 809//809
f 837//837 838//838 839//839
f 840//840 841//841 248//248
f 842//842 133//133 132//132
f 844//844 843//843 634//634
f 672//672 846//846 845//845
f 225//225 836//836 847//847
f 850//850 849//849 848//848
f 851//851 852//852 853//853
f 854//854 852//852 837//837
f 855//855 847//847 853//853
f 225//225 847//847 855//855
f 127//127 673//673 25//25
f 263//263 825//825 856//856
f 857//857 858//858 859//859
f 233//233 231//231 860//860
f 861//861 862//862 863//863
f 864//864 814//814 865//865
f 763//763 762//762 818//818
f 868//868 867//867 866//866
f 259//259 773//773 260//260
f 40//40 819//819 772//772
f 869//869 499//499 500//500
f 870//870 871//871 855//855
f 872//872 134//134 180//180
f 873//873 828//828 176//176
f 252//252 253//253 874//874
f 874//874 875//875 252//252
f 876//876 796//796 777//777
f 729//729 877//877 728//728
f 864//864 877//877 790//790
f 877//877 878//878 728//728
f 763//763 864//864 865//865
f 865//865 761//761 763//763
f 864//864 763//763 877//877
f 860//860 231//231 879//879
f 879//879 231//231 792//792
f 180//180 880//880 874//874
f 780//780 782//782 799//799
f 276//276 780//780 881//881
f 881//881 274//274 276//276
f 793//793 729//729 792//792
f 796//796 876//876 690//690
f 882//882 773//773 259//259
f 884//884 883//883 252//252
f 252//252 883//883 42//42
f 41//41 885//885 851//851
f 772//772 886//886 253//253
f 772//772 253//253 42//42
f 874//874 253//253 887//887
f 882//882 797//797 773//773
f 890//890 889//889 888//888
f 844//844 891//891 843//843
f 893//893 892//892 822//822
f 781//781 814//814 864//864
f 780//780 814//814 781//781
f 894//894 832//832 798//798
f 798//798 797//797 894//894
f 895//895 837//837 852//852
f 758//758 144//144 896//896
f 899//899 898//898 897//897
f 900//900 757//757 758//758
f 900//900 758//758 891//891
f 72//72 147//147 901//901
f 72//72 901//901 902//902
f 905//905 904//904 903//903
f 906//906 907//907 908//908
f 909//909 365//365 9//9
f 912//912 911//911 910//910
f 914//914 913//913 97//97
f 913//913 914//914 144//144
f 144//144 914//914 145//145
f 632//632 915//915 916//916
f 917//917 918//918 52//52
f 921//921 920//920 919//919
f 924//924 923//923 922//922
f 927//927 926//926 925//925
f 771//771 770//770 928//928
f 927//927 925//925 294//294
f 931//931 930//930 929//929
f 932//932 500//500 501//501
f 914//914 933//933 145//145
f 99//99 933//933 914//914
f 891//891 934//934 900//900
f 935//935 936//936 937//937
f 940//940 939//939 938//938
f 941//941 942//942 943//943
f 946//946 945//945 944//944
f 869//869 491//491 492//492
f 257//257 826//826 43//43
f 949//949 948//948 947//947
f 950//950 98//98 951//951
f 952//952 953//953 904//904
f 904//904 905//905 952//952
f 954//954 955//955 956//956
f 99//99 914//914 97//97
f 951//951 813//813 950//950
f 957//957 813//813 951//951
f 925//925 904//904 953//953
f 959//959 957//957 958//958
f 925//925 926//926 960//960
f 959//959 960//960 926//926
f 786//786 68//68 800//800
f 91//91 68//68 69//69
f 68//68 91//91 800//800
f 929//929 186//186 931//931
f 293//293 961//961 295//295
f 962//962 963//963 964//964
f 967//967 966//966 965//965
f 737//737 749//749 968//968
f 971//971 970//970 969//969
f 974//974 973//973 972//972
f 975//975 976//976 977//977
f 957//957 951//951 958//958
f 960//960 904//904 925//925
f 913//913 144//144 757//757
f 903//903 958//958 951//951
f 661//661 978//978 660//660
f 979//979 33//33 32//32
f 979//979 32//32 980//980
f 981//981 897//897 99//99
f 99//99 897//897 933//933
f 982//982 983//983 984//984
f 987//987 986//986 985//985
f 990//990 989//989 988//988
f 151//151 150//150 439//439
f 463//463 991//991 464//464
f 994//994 993//993 992//992
f 995//995 464//464 923//923
f 923//923 464//464 991//991
f 996//996 997//997 101//101
f 923//923 493//493 995//995
f 415//415 998//998 999//999
f 85//85 1000//1000 1001//1001
f 1004//1004 1003//1003 1002//1002
f 149//149 1005//1005 104//104
f 155//155 153//153 944//944
f 151//151 1007//1007 1006//1006
f 1010//1010 1009//1009 1008//1008
f 8//8 1011//1011 7//7
f 247//247 248//248 841//841
f 1012//1012 439//439 440//440
f 997//997 102//102 101//101
f 493//493 923//923 492//492
f 1013//1013 1014//1014 898//898
f 183//183 1015//1015 195//195
f 1016//1016 1017//1017 1018//1018
f 1019//1019 1020//1020 1021//1021
f 1022//1022 1023//1023 1024//1024
f 81//81 80//80 450//450
f 1025//1025 967//967 1026//1026
f 960//960 959//959 958//958
f 183//183 195//195 184//184
f 144//144 146//146 896//896
f 1029//1029 1028//1028 1027//1027
f 1030//1030 1031//1031 868//868
f 131//131 1033//1033 1032//1032
f 1032//1032 129//129 131//131
f 1036//1036 1035//1035 1034//1034
f 1038//1038 1037//1037 451//451
f 1005//1005 996//996 104//104
f 243//243 155//155 1003//1003
f 1039//1039 1035//1035 1036//1036
f 1034//1034 7//7 1040//1040
f 1040//1040 7//7 1011//1011
f 9//9 7//7 1041//1041
f 492//492 923//923 924//924
f 90//90 765//765 89//89
f 1003//1003 155//155 1002//1002
f 1044//1044 1043//1043 1042//1042
f 8//8 364//364 1011//1011
f 1045//1045 1046//1046 1047//1047
f 1048//1048 80//80 79//79
f 974//974 1050//1050 1049//1049
f 246//246 247//247 1051//1051
f 1052//1052 1053//1053 1054//1054
f 1055//1055 469//469 999//999
f 1058//1058 1057//1057 1056//1056
f 1051//1051 88//88 89//89
f 1061//1061 1060//1060 1059//1059
f 1063//1063 841//841 1062//1062
f 1062//1062 1064//1064 1063//1063
f 1065//1065 1066//1066 1067//1067
f 976//976 1025//1025 1026//1026
f 1061//1061 1068//1068 1069//1069
f 1070//1070 1051//1051 247//247
f 1062//1062 1071//1071 1072//1072
f 1073//1073 1074//1074 1075//1075
f 918//918 1017//1017 1076//1076
f 1077//1077 996//996 966//966
f 1079//1079 174//174 1078//1078
f 1080//1080 1081//1081 1082//1082
f 1080//1080 1082//1082 1064//1064
f 965//965 1083//1083 1084//1084
f 965//965 1084//1084 967//967
f 1085//1085 1086//1086 1087//1087
f 1090//1090 1089//1089 1088//1088
f 996//996 965//965 966//966
f 765//765 1091//1091 168//168
f 765//765 168//168 89//89
f 1092//1092 250//250 911//911
f 1072//1072 1093//1093 1080//1080
f 156//156 158//158 1094//1094
f 1080//1080 1064//1064 1072//1072
f 487//487 1095//1095 142//142
f 1096//1096 451//451 1037//1037
f 1097//1097 1098//1098 1099//1099
f 1100//1100 1101//1101 1102//1102
f 1103//1103 1095//1095 1104//1104
f 977//977 1105//1105 975//975
f 1026//1026 1106//1106 976//976
f 1107//1107 1089//1089 1090//1090
f 1108//1108 1107//1107 1090//1090
f 451//451 1096//1096 1109//1109
f 1110//1110 486//486 1111//1111
f 996//996 101//101 104//104
f 1113//1113 1045//1045 1112//1112
f 451//451 81//81 450//450
f 1081//1081 1115//1115 1114//1114
f 1109//1109 81//81 451//451
f 1045//1045 1047//1047 1116//1116
f 1085//1085 1117//1117 1118//1118
f 1085//1085 1118//1118 1119//1119
f 1120//1120 1118//1118 1117//1117
f 1123//1123 1122//1122 1121//1121
f 1122//1122 1123//1123 1011//1011
f 975//975 1124//1124 976//976
f 986//986 1123//1123 1121//1121
f 1025//1025 976//976 1124//1124
f 482//482 1125//1125 1126//1126
f 483//483 1125//1125 482//482
f 1127//1127 1125//1125 483//483
f 1128//1128 1129//1129 1130//1130
f 365//365 8//8 9//9
f 364//364 1122//1122 1011//1011
f 1133//1133 1132//1132 1131//1131
f 975//975 764//764 1124//1124
f 1134//1134 154//154 243//243
f 921//921 74//74 73//73
f 79//79 1109//1109 1111//1111
f 988//988 989//989 1135//1135
f 985//985 1036//1036 1034//1034
f 1023//1023 1136//1136 1137//1137
f 1138//1138 1136//1136 1023//1023
f 1048//1048 989//989 972//972
f 79//79 81//81 1109//1109
f 972//972 989//989 990//990
f 1048//1048 972//972 973//973
f 1140//1140 1139//1139 461//461
f 1143//1143 1142//1142 1141//1141
f 1144//1144 1145//1145 1146//1146
f 1149//1149 1148//1148 1147//1147
f 147//147 1150//1150 901//901
f 1012//1012 1067//1067 1086//1086
f 973//973 450//450 80//80
f 973//973 80//80 1048//1048
f 1049//1049 1152//1152 1151//1151
f 236//236 1154//1154 1153//1153
f 1155//1155 440//440 150//150
f 182//182 1156//1156 1116//1116
f 1087//1087 1086//1086 1067//1067
f 1159//1159 1158//1158 1157//1157
f 1162//1162 1161//1161 1160//1160
f 1164//1164 1152//1152 1163//1163
f 1165//1165 1087//1087 1067//1067
f 1165//1165 1067//1067 1066//1066
f 1160//1160 1132//1132 162//162
f 1168//1168 1167//1167 1166//1166
f 181//181 130//130 182//182
f 131//131 130//130 181//181
f 1169//1169 1067//1067 1012//1012
f 1088//1088 1089//1089 145//145
f 1170//1170 158//158 1171//1171
f 1172//1172 234//234 1173//1173
f 1116//1116 54//54 182//182
f 1174//1174 228//228 54//54
f 1116//1116 1174//1174 54//54
f 1116//1116 1047//1047 1174//1174
f 1037//1037 1084//1084 1083//1083
f 1093//1093 1072//1072 1018//1018
f 1093//1093 1018//1018 1175//1175
f 1176//1176 907//907 906//906
f 906//906 1114//1114 1176//1176
f 152//152 162//162 1132//1132
f 152//152 1132//1132 1133//1133
f 157//157 1178//1178 1177//1177
f 1108//1108 130//130 129//129
f 1072//1072 1064//1064 1062//1062
f 1088//1088 1113//1113 1090//1090
f 1181//1181 1180//1180 1179//1179
f 151//151 1006//1006 162//162
f 1022//1022 1024//1024 1182//1182
f 1185//1185 1184//1184 1183//1183
f 907//907 1174//1174 1047//1047
f 1176//1176 228//228 1174//1174
f 1007//1007 1012//1012 1086//1086
f 439//439 1012//1012 1007//1007
f 1175//1175 917//917 1186//1186
f 962//962 812//812 963//963
f 1077//1077 1187//1187 1137//1137
f 908//908 1046//1046 1188//1188
f 897//897 1014//1014 933//933
f 898//898 1014//1014 897//897
f 1089//1089 1107//1107 146//146
f 145//145 1089//1089 146//146
f 125//125 1189//1189 124//124
f 634//634 633//633 842//842
f 54//54 53//53 181//181
f 129//129 1190//1190 1107//1107
f 129//129 1107//1107 1108//1108
f 866//866 1191//1191 916//916
f 811//811 812//812 962//962
f 1193//1193 829//829 1192//1192
f 829//829 1193//1193 830//830
f 679//679 92//92 934//934
f 903//903 98//98 913//913
f 242//242 867//867 868//868
f 1196//1196 1195//1195 1194//1194
f 99//99 98//98 950//950
f 97//97 913//913 98//98
f 813//813 811//811 950//950
f 981//981 950//950 811//811
f 950//950 981//981 99//99
f 908//908 1188//1188 906//906
f 1186//1186 1176//1176 1197//1197
f 1186//1186 228//228 1176//1176
f 1114//1114 1197//1197 1176//1176
f 1198//1198 181//181 53//53
f 918//918 1194//1194 52//52
f 1194//1194 1195//1195 53//53
f 1194//1194 53//53 52//52
f 902//902 1152//1152 1164//1164
f 830//830 1199//1199 831//831
f 916//916 633//633 632//632
f 242//242 868//868 1031//1031
f 242//242 1031//1031 1200//1200
f 1203//1203 1202//1202 1201//1201
f 118//118 1204//1204 226//226
f 1205//1205 839//839 838//838
f 837//837 839//839 854//854
f 831//831 1206//1206 916//916
f 916//916 915//915 831//831
f 922//922 945//945 924//924
f 1207//1207 1208//1208 1209//1209
f 873//873 176//176 1210//1210
f 873//873 1210//1210 1198//1198
f 1211//1211 1212//1212 1155//1155
f 1211//1211 1155//1155 1114//1114
f 980//980 1205//1205 838//838
f 247//247 841//841 1063//1063
f 41//41 836//836 40//40
f 1215//1215 1214//1214 1213//1213
f 1213//1213 1216//1216 1215//1215
f 837//837 1217//1217 1218//1218
f 1219//1219 74//74 919//919
f 919//919 1220//1220 1219//1219
f 89//89 246//246 1051//1051
f 240//240 1217//1217 895//895
f 906//906 1211//1211 1114//1114
f 1018//1018 1017//1017 1175//1175
f 1115//1115 1197//1197 1114//1114
f 1195//1195 1221//1221 873//873
f 1221//1221 1195//1195 1196//1196
f 52//52 1186//1186 917//917
f 1223//1223 1222//1222 184//184
f 1224//1224 1225//1225 1226//1226
f 918//918 917//917 1017//1017
f 133//133 633//633 880//880
f 1186//1186 52//52 228//228
f 1227//1227 1171//1171 1228//1228
f 51//51 171//171 170//170
f 1015//1015 196//196 195//195
f 1229//1229 1201//1201 1202//1202
f 1232//1232 1231//1231 1230//1230
f 1019//1019 1021//1021 1233//1233
f 1222//1222 1234//1234 1235//1235
f 1238//1238 1237//1237 1236//1236
f 1163//1163 1152//1152 1049//1049
f 1163//1163 1049//1049 1239//1239
f 1240//1240 1241//1241 1031//1031
f 1243//1243 849//849 1242//1242
f 791//791 622//622 793//793
f 1244//1244 1148//1148 1149//1149
f 119//119 1204//1204 118//118
f 1247//1247 1246//1246 1245//1245
f 1248//1248 1249//1249 1250//1250
f 1253//1253 1252//1252 1251//1251
f 1256//1256 1255//1255 1254//1254
f 1255//1255 1256//1256 1257//1257
f 110//110 249//249 109//109
f 1259//1259 1068//1068 1258//1258
f 1050//1050 1147//1147 1049//1049
f 1085//1085 1119//1119 1260//1260
f 1085//1085 1260//1260 1086//1086
f 1263//1263 1262//1262 1261//1261
f 912//912 1265//1265 1264//1264
f 1266//1266 1267//1267 1268//1268
f 235//235 1269//1269 236//236
f 47//47 1270//1270 48//48
f 1177//1177 1171//1171 157//157
f 919//919 1271//1271 1220//1220
f 70//70 1273//1273 1272//1272
f 1266//1266 1172//1172 1173//1173
f 1268//1268 1172//1172 1266//1266
f 1248//1248 1250//1250 1274//1274
f 1275//1275 1246//1246 1276//1276
f 1278//1278 900//900 1277//1277
f 1281//1281 1280//1280 1279//1279
f 1283//1283 1282//1282 1054//1054
f 1284//1284 1285//1285 47//47
f 1287//1287 1286//1286 1270//1270
f 1179//1179 1288//1288 1249//1249
f 1290//1290 1287//1287 1289//1289
f 1289//1289 1225//1225 1290//1290
f 1292//1292 1291//1291 1274//1274
f 46//46 1284//1284 47//47
f 1293//1293 1286//1286 1267//1267
f 48//48 1294//1294 46//46
f 1295//1295 1231//1231 1060//1060
f 236//236 1297//1297 1296//1296
f 1298//1298 1299//1299 1300//1300
f 1301//1301 1071//1071 1062//1062
f 1184//1184 1185//1185 1302//1302
f 868//868 1199//1199 1030//1030
f 1304//1304 1226//1226 1303//1303
f 1226//1226 1304//1304 1224//1224
f 1253//1253 1251//1251 1249//1249
f 1249//1249 1251//1251 1250//1250
f 1304//1304 1305//1305 1224//1224
f 1199//1199 1306//1306 1030//1030
f 830//830 1306//1306 1199//1199
f 913//913 1307//1307 903//903
f 903//903 1307//1307 905//905
f 1310//1310 1309//1309 1308//1308
f 1311//1311 1305//1305 1304//1304
f 1314//1314 1313//1313 1312//1312
f 1210//1210 1219//1219 1033//1033
f 1315//1315 1104//1104 1316//1316
f 1311//1311 1303//1303 1317//1317
f 1269//1269 235//235 910//910
f 1320//1320 1319//1319 1318//1318
f 169//169 121//121 138//138
f 1304//1304 1303//1303 1311//1311
f 1201//1201 1322//1322 1321//1321
f 1321//1321 1203//1203 1201//1201
f 1183//1183 1323//1323 1324//1324
f 261//261 1326//1326 1325//1325
f 1183//1183 1305//1305 1311//1311
f 1185//1185 1183//1183 115//115
f 1311//1311 115//115 1183//1183
f 1327//1327 1328//1328 347//347
f 1329//1329 1094//1094 1330//1330
f 110//110 185//185 249//249
f 1331//1331 1101//1101 1053//1053
f 1226//1226 1291//1291 1303//1303
f 1332//1332 1285//1285 1284//1284
f 1171//1171 158//158 157//157
f 166//166 167//167 1098//1098
f 1333//1333 1334//1334 1300//1300
f 1258//1258 1253//1253 1288//1288
f 1288//1288 1259//1259 1258//1258
f 1336//1336 1329//1329 1335//1335
f 1103//1103 1336//1336 1335//1335
f 1270//1270 1285//1285 1289//1289
f 1339//1339 1338//1338 1337//1337
f 1228//1228 863//863 1340//1340
f 1341//1341 1312//1312 1342//1342
f 1019//1019 1344//1344 1343//1343
f 1289//1289 1285//1285 1345//1345
f 1346//1346 1347//1347 1148//1148
f 1348//1348 199//199 200//200
f 1183//1183 1324//1324 1305//1305
f 1349//1349 156//156 1094//1094
f 1350//1350 666//666 667//667
f 1352//1352 1351//1351 1201//1201
f 1101//1101 1100//1100 1053//1053
f 1354//1354 1353//1353 192//192
f 1356//1356 117//117 1355//1355
f 1102//1102 1097//1097 1099//1099
f 1346//1346 1357//1357 1283//1283
f 1358//1358 1359//1359 1360//1360
f 71//71 1362//1362 1361//1361
f 1363//1363 71//71 1361//1361
f 1301//1301 1062//1062 841//841
f 1070//1070 1131//1131 1132//1132
f 1063//1063 1131//1131 1070//1070
f 1097//1097 1353//1353 1364//1364
f 1071//1071 1365//1365 1018//1018
f 1016//1016 1365//1365 1366//1366
f 1018//1018 1365//1365 1016//1016
f 192//192 1102//1102 194//194
f 1272//1272 1273//1273 167//167
f 1071//1071 1367//1367 1365//1365
f 1071//1071 1301//1301 1367//1367
f 1365//1365 1367//1367 1368//1368
f 1371//1371 1370//1370 1369//1369
f 142//142 1095//1095 1103//1103
f 142//142 1103//1103 1335//1335
f 1214//1214 1066//1066 1213//1213
f 1331//1331 1053//1053 1052//1052
f 1065//1065 1067//1067 1169//1169
f 1372//1372 90//90 88//88
f 6//6 1373//1373 164//164
f 1375//1375 1374//1374 1244//1244
f 1160//1160 1161//1161 88//88
f 1155//1155 150//150 1082//1082
f 983//983 1377//1377 1376//1376
f 1378//1378 154//154 1134//1134
f 153//153 154//154 1378//1378
f 1379//1379 1380//1380 1381//1381
f 1383//1383 1368//1368 1382//1382
f 193//193 1383//1383 1382//1382
f 1147//1147 1347//1347 1239//1239
f 1024//1024 1023//1023 1187//1187
f 1170//1170 1094//1094 158//158
f 1330//1330 1094//1094 1170//1170
f 1346//1346 1148//1148 1357//1357
f 1158//1158 1384//1384 1385//1385
f 415//415 470//470 416//416
f 1388//1388 1387//1387 1386//1386
f 1389//1389 1390//1390 1391//1391
f 1391//1391 1392//1392 1389//1389
f 1394//1394 1381//1381 1393//1393
f 1052//1052 1282//1282 1395//1395
f 1395//1395 1396//1396 1052//1052
f 1331//1331 194//194 1101//1101
f 212//212 1397//1397 1398//1398
f 1395//1395 1399//1399 1396//1396
f 1400//1400 1171//1171 1401//1401
f 140//140 142//142 1335//1335
f 1141//1141 140//140 1335//1335
f 1402//1402 1170//1170 1227//1227
f 1315//1315 1314//1314 1312//1312
f 1239//1239 1347//1347 1403//1403
f 1339//1339 1337//1337 1054//1054
f 1227//1227 1170//1170 1171//1171
f 1404//1404 1309//1309 1405//1405
f 1283//1283 1357//1357 1406//1406
f 109//109 46//46 108//108
f 384//384 1399//1399 1407//1407
f 1407//1407 1395//1395 1406//1406
f 1408//1408 1407//1407 1357//1357
f 1357//1357 1407//1407 1406//1406
f 197//197 125//125 1409//1409
f 1409//1409 195//195 197//197
f 383//383 385//385 1410//1410
f 1181//1181 1411//1411 1180//1180
f 124//124 1413//1413 1412//1412
f 139//139 1414//1414 383//383
f 140//140 1415//1415 141//141
f 1415//1415 140//140 1142//1142
f 1142//1142 140//140 1141//1141
f 1401//1401 1171//1171 1177//1177
f 1076//1076 1017//1017 1016//1016
f 1416//1416 831//831 915//915
f 861//861 1076//1076 862//862
f 4//4 6//6 1417//1417
f 1418//1418 1188//1188 1046//1046
f 1262//1262 1419//1419 1261//1261
f 139//139 121//121 1420//1420
f 139//139 1421//1421 1415//1415
f 1420//1420 1421//1421 139//139
f 1423//1423 1374//1374 1422//1422
f 139//139 1415//1415 1414//1414
f 1422//1422 1375//1375 1390//1390
f 1422//1422 1374//1374 1375//1375
f 1417//1417 6//6 1424//1424
f 1426//1426 1380//1380 1425//1425
f 1245//1245 1246//1246 1275//1275
f 188//188 1428//1428 1427//1427
f 1427//1427 1424//1424 188//188
f 1388//1388 1429//1429 1387//1387
f 123//123 122//122 1430//1430
f 1431//1431 943//943 1388//1388
f 1432//1432 1433//1433 1434//1434
f 910//910 235//235 1172//1172
f 1433//1433 1436//1436 1435//1435
f 1377//1377 1438//1438 1437//1437
f 1438//1438 1439//1439 1437//1437
f 198//198 1432//1432 1440//1440
f 1440//1440 200//200 198//198
f 1359//1359 1442//1442 1441//1441
f 941//941 1443//1443 942//942
f 1437//1437 1439//1439 1440//1440
f 1446//1446 1445//1445 1444//1444
f 1300//1300 1299//1299 1447//1447
f 6//6 188//188 1424//1424
f 1449//1449 1419//1419 1448//1448
f 1451//1451 1450//1450 1069//1069
f 198//198 1433//1433 1432//1432
f 1377//1377 1434//1434 1433//1433
f 1453//1453 178//178 1452//1452
f 1388//1388 1386//1386 1433//1433
f 1454//1454 1455//1455 1456//1456
f 1459//1459 1458//1458 1457//1457
f 1460//1460 1461//1461 1462//1462
f 1463//1463 1464//1464 1465//1465
f 1462//1462 1433//1433 1386//1386
f 1461//1461 1466//1466 1462//1462
f 1467//1467 1468//1468 1469//1469
f 1438//1438 1470//1470 1439//1439
f 5//5 1430//1430 1373//1373
f 197//197 1471//1471 1472//1472
f 1348//1348 1426//1426 1473//1473
f 1474//1474 1475//1475 175//175
f 1462//1462 1466//1466 1433//1433
f 951//951 98//98 903//903
f 1478//1478 1477//1477 1476//1476
f 1479//1479 204//204 203//203
f 1480//1480 1376//1376 1478//1478
f 1481//1481 1482//1482 1483//1483
f 1444//1444 1473//1473 1426//1426
f 345//345 1369//1369 1370//1370
f 1327//1327 984//984 1328//1328
f 1484//1484 1485//1485 1466//1466
f 869//869 924//924 945//945
f 492//492 924//924 869//869
f 1357//1357 1148//1148 1244//1244
f 1086//1086 1260//1260 1007//1007
f 89//89 1486//1486 246//246
f 168//168 1486//1486 89//89
f 1013//1013 1418//1418 1046//1046
f 908//908 1047//1047 1046//1046
f 907//907 1047//1047 908//908
f 1489//1489 1488//1488 1487//1487
f 1427//1427 940//940 1424//1424
f 136//136 138//138 1410//1410
f 1439//1439 200//200 1440//1440
f 1420//1420 1491//1491 1490//1490
f 1490//1490 1492//1492 1420//1420
f 163//163 1494//1494 1493//1493
f 1495//1495 1455//1455 1454//1454
f 1496//1496 1354//1354 193//193
f 1461//1461 1460//1460 1497//1497
f 697//697 696//696 1498//1498
f 1499//1499 1207//1207 1500//1500
f 1501//1501 1502//1502 1481//1481
f 1222//1222 1223//1223 1411//1411
f 1181//1181 1222//1222 1411//1411
f 1446//1446 1444//1444 1388//1388
f 1503//1503 1504//1504 1505//1505
f 1506//1506 1507//1507 1508//1508
f 1466//1466 1461//1461 1484//1484
f 1501//1501 1328//1328 984//984
f 1509//1509 1469//1469 1468//1468
f 1510//1510 1511//1511 1512//1512
f 236//236 1296//1296 1472//1472
f 1513//1513 1276//1276 1514//1514
f 984//984 983//983 1501//1501
f 1515//1515 1324//1324 1323//1323
f 1512//1512 1511//1511 1516//1516
f 1519//1519 1518//1518 1517//1517
f 1522//1522 1521//1521 1520//1520
f 1369//1369 1508//1508 1523//1523
f 1369//1369 1523//1523 1470//1470
f 1524//1524 1525//1525 1526//1526
f 234//234 1172//1172 235//235
f 1216//1216 1527//1527 1215//1215
f 1011//1011 987//987 1040//1040
f 153//153 963//963 944//944
f 1528//1528 1529//1529 1530//1530
f 962//962 1527//1527 899//899
f 964//964 1527//1527 962//962
f 1531//1531 1532//1532 1144//1144
f 903//903 904//904 958//958
f 1392//1392 165//165 163//163
f 163//163 1493//1493 1392//1392
f 911//911 912//912 1092//1092
f 1323//1323 1441//1441 1515//1515
f 1388//1388 1444//1444 1533//1533
f 1515//1515 1535//1535 1534//1534
f 1534//1534 1290//1290 1515//1515
f 123//123 1393//1393 1536//1536
f 123//123 1536//1536 1420//1420
f 1537//1537 1538//1538 1539//1539
f 5//5 4//4 1540//1540
f 1542//1542 889//889 1541//1541
f 899//899 1527//1527 1216//1216
f 1216//1216 898//898 899//899
f 1211//1211 1188//1188 1212//1212
f 1368//1368 1543//1543 1340//1340
f 1194//1194 918//918 1544//1544
f 1261//1261 1545//1545 1263//1263
f 1294//1294 1293//1293 1153//1153
f 136//136 1494//1494 1546//1546
f 109//109 1284//1284 46//46
f 1547//1547 1548//1548 1549//1549
f 1324//1324 1515//1515 1290//1290
f 1311//1311 1317//1317 1550//1550
f 1311//1311 1550//1550 115//115
f 1550//1550 1351//1351 115//115
f 1332//1332 1274//1274 1285//1285
f 1345//1345 1285//1285 1274//1274
f 1551//1551 1172//1172 1268//1268
f 1552//1552 1154//1154 236//236
f 1553//1553 1397//1397 212//212
f 1472//1472 1296//1296 197//197
f 197//197 1189//1189 125//125
f 1442//1442 1078//1078 1554//1554
f 194//194 1415//1415 193//193
f 1153//1153 1555//1555 236//236
f 1541//1541 889//889 1556//1556
f 156//156 1178//1178 157//157
f 1444//1444 1425//1425 1533//1533
f 910//910 911//911 1310//1310
f 1286//1286 48//48 1270//1270
f 1471//1471 197//197 196//196
f 45//45 587//587 630//630
f 1558//1558 1557//1557 1404//1404
f 1442//1442 1554//1554 1441//1441
f 1154//1154 1015//1015 1559//1559
f 183//183 185//185 1559//1559
f 47//47 1285//1285 1270//1270
f 1560//1560 1561//1561 1299//1299
f 1562//1562 1284//1284 109//109
f 1562//1562 109//109 1563//1563
f 1293//1293 1555//1555 1153//1153
f 1267//1267 1555//1555 1293//1293
f 1566//1566 1565//1565 1564//1564
f 1015//1015 1552//1552 196//196
f 1535//1535 1554//1554 1264//1264
f 1015//1015 1154//1154 1552//1552
f 1555//1555 1267//1267 1266//1266
f 1180//1180 1288//1288 1179//1179
f 1568//1568 1209//1209 1567//1567
f 1222//1222 1181//1181 1234//1234
f 1351//1351 1322//1322 1201//1201
f 1189//1189 1549//1549 124//124
f 183//183 1559//1559 1015//1015
f 1317//1317 1569//1569 1499//1499
f 1569//1569 1208//1208 1499//1499
f 1570//1570 1167//1167 1185//1185
f 1020//1020 1019//1019 1343//1343
f 1020//1020 1177//1177 1178//1178
f 1177//1177 1020//1020 1343//1343
f 1208//1208 1571//1571 1209//1209
f 1297//1297 1572//1572 1573//1573
f 1576//1576 1575//1575 1574//1574
f 185//185 110//110 1559//1559
f 1559//1559 110//110 108//108
f 1286//1286 1577//1577 1267//1267
f 1449//1449 1448//1448 1539//1539
f 1405//1405 1309//1309 1578//1578
f 1092//1092 912//912 1264//1264
f 1551//1551 1265//1265 912//912
f 1079//1079 1078//1078 1442//1442
f 1551//1551 912//912 910//910
f 1551//1551 910//910 1172//1172
f 1358//1358 1442//1442 1359//1359
f 1269//1269 1310//1310 1557//1557
f 824//824 1575//1575 1579//1579
f 1582//1582 1581//1581 1580//1580
f 1557//1557 1310//1310 1308//1308
f 911//911 173//173 1310//1310
f 250//250 1092//1092 1078//1078
f 1513//1513 1275//1275 1276//1276
f 236//236 1266//1266 1173//1173
f 1308//1308 1404//1404 1557//1557
f 174//174 1474//1474 175//175
f 1474//1474 174//174 1079//1079
f 1583//1583 1584//1584 1585//1585
f 1309//1309 1310//1310 1578//1578
f 1586//1586 1499//1499 1500//1500
f 1587//1587 1588//1588 1589//1589
f 1303//1303 1569//1569 1317//1317
f 1590//1590 1341//1341 1342//1342
f 1534//1534 1535//1535 1265//1265
f 1544//1544 861//861 1344//1344
f 1221//1221 828//828 873//873
f 1270//1270 1289//1289 1287//1287
f 1268//1268 1267//1267 1577//1577
f 883//883 884//884 241//241
f 241//241 885//885 883//883
f 1450//1450 1591//1591 1592//1592
f 109//109 1235//1235 1563//1563
f 173//173 1405//1405 1578//1578
f 173//173 1578//1578 1310//1310
f 1535//1535 1264//1264 1265//1265
f 1515//1515 1441//1441 1535//1535
f 1593//1593 1594//1594 221//221
f 126//126 124//124 1412//1412
f 212//212 1595//1595 213//213
f 1547//1547 1573//1573 1572//1572
f 1412//1412 1238//1238 1596//1596
f 1236//1236 1596//1596 1238//1238
f 1598//1598 1597//1597 1237//1237
f 1557//1557 1599//1599 1269//1269
f 1600//1600 1599//1599 1557//1557
f 1599//1599 236//236 1269//1269
f 1409//1409 125//125 1601//1601
f 1602//1602 1595//1595 125//125
f 1603//1603 1604//1604 1605//1605
f 1608//1608 1607//1607 1606//1606
f 1079//1079 1442//1442 1358//1358
f 854//854 839//839 1205//1205
f 1603//1603 1605//1605 1609//1609
f 1612//1612 1611//1611 1610//1610
f 1613//1613 1614//1614 1584//1584
f 213//213 1615//1615 214//214
f 1618//1618 1617//1617 1616//1616
f 1601//1601 1611//1611 1619//1619
f 123//123 1420//1420 121//121
f 221//221 223//223 1593//1593
f 214//214 1553//1553 212//212
f 211//211 1620//1620 209//209
f 1058//1058 1621//1621 1622//1622
f 1604//1604 1603//1603 1623//1623
f 210//210 209//209 1624//1624
f 1624//1624 209//209 1280//1280
f 290//290 1579//1579 1625//1625
f 1451//1451 1591//1591 1450//1450
f 668//668 1626//1626 640//640
f 213//213 1595//1595 1627//1627
f 1628//1628 1629//1629 1576//1576
f 1628//1628 1576//1576 1630//1630
f 1622//1622 1631//1631 1058//1058
f 1632//1632 1633//1633 1634//1634
f 1240//1240 1271//1271 919//919
f 1635//1635 1636//1636 1637//1637
f 851//851 853//853 847//847
f 226//226 1204//1204 817//817
f 1633//1633 1639//1639 1638//1638
f 1640//1640 1633//1633 1638//1638
f 1641//1641 222//222 1620//1620
f 1280//1280 222//222 221//221
f 1638//1638 1643//1643 1642//1642
f 209//209 222//222 1280//1280
f 1620//1620 222//222 209//209
f 1644//1644 642//642 623//623
f 2//2 1//1 1645//1645
f 1611//1611 1591//1591 1646//1646
f 1647//1647 1091//1091 765//765
f 967//967 1084//1084 1026//1026
f 888//888 120//120 1648//1648
f 211//211 1254//1254 1255//1255
f 1638//1638 1642//1642 1649//1649
f 1272//1272 1091//1091 1647//1647
f 1583//1583 120//120 1542//1542
f 1650//1650 1651//1651 1652//1652
f 893//893 32//32 31//31
f 250//250 1078//1078 174//174
f 1653//1653 1541//1541 1556//1556
f 1612//1612 1610//1610 1643//1643
f 1654//1654 1655//1655 1612//1612
f 1654//1654 1612//1612 1656//1656
f 1234//1234 1563//1563 1235//1235
f 1450//1450 1295//1295 1069//1069
f 1074//1074 1372//1372 1161//1161
f 88//88 1161//1161 1372//1372
f 1638//1638 1657//1657 1640//1640
f 1649//1649 1657//1657 1638//1638
f 1655//1655 1592//1592 1591//1591
f 1114//1114 1155//1155 1081//1081
f 1082//1082 1081//1081 1155//1155
f 449//449 450//450 1658//1658
f 210//210 1649//1649 1642//1642
f 852//852 885//885 895//895
f 1654//1654 1656//1656 1639//1639
f 1153//1153 108//108 1294//1294
f 1325//1325 1575//1575 824//824
f 1641//1641 1398//1398 1659//1659
f 210//210 1657//1657 1649//1649
f 1281//1281 1657//1657 1624//1624
f 1617//1617 1598//1598 1237//1237
f 1558//1558 1617//1617 1237//1237
f 1398//1398 1660//1660 1659//1659
f 210//210 1642//1642 1254//1254
f 1222//1222 1235//1235 184//184
f 1235//1235 109//109 249//249
f 184//184 1235//1235 249//249
f 1325//1325 1589//1589 1661//1661
f 1567//1567 1209//1209 1571//1571
f 1662//1662 878//878 1663//1663
f 1207//1207 1209//1209 1664//1664
f 1500//1500 1587//1587 1586//1586
f 1587//1587 1500//1500 1588//1588
f 1250//1250 1292//1292 1274//1274
f 941//941 943//943 1665//1665
f 1662//1662 728//728 878//878
f 850//850 1651//1651 1650//1650
f 1667//1667 1666//1666 1587//1587
f 1587//1587 1666//1666 1586//1586
f 1567//1567 1571//1571 1251//1251
f 1251//1251 1571//1571 1292//1292
f 1664//1664 1668//1668 1588//1588
f 1250//1250 1251//1251 1292//1292
f 1185//1185 1167//1167 1302//1302
f 1669//1669 1229//1229 1020//1020
f 1021//1021 1020//1020 1229//1229
f 1178//1178 1669//1669 1020//1020
f 1205//1205 823//823 821//821
f 821//821 854//854 1205//1205
f 1499//1499 1321//1321 1322//1322
f 1288//1288 1253//1253 1249//1249
f 1325//1325 1326//1326 1589//1589
f 856//856 292//292 1670//1670
f 1671//1671 1167//1167 1570//1570
f 261//261 262//262 1652//1652
f 261//261 1652//1652 1326//1326
f 1574//1574 1672//1672 1230//1230
f 1650//1650 979//979 1673//1673
f 1673//1673 979//979 980//980
f 1325//1325 1661//1661 1672//1672
f 27//27 639//639 127//127
f 127//127 25//25 27//27
f 636//636 207//207 641//641
f 1674//1674 636//636 641//641
f 1675//1675 1609//1609 1605//1605
f 1676//1676 1021//1021 1229//1229
f 878//878 1677//1677 1663//1663
f 242//242 241//241 1678//1678
f 241//241 240//240 895//895
f 1205//1205 980//980 823//823
f 1679//1679 29//29 22//22
f 646//646 1680//1680 583//583
f 1681//1681 1682//1682 1683//1683
f 41//41 851//851 836//836
f 635//635 263//263 856//856
f 642//642 65//65 23//23
f 22//22 1684//1684 37//37
f 584//584 640//640 585//585
f 240//240 242//242 1200//1200
f 1581//1581 1621//1621 1058//1058
f 1058//1058 1580//1580 1581//1581
f 1366//1366 862//862 1016//1016
f 1202//1202 1685//1685 1676//1676
f 1687//1687 1686//1686 407//407
f 1343//1343 1401//1401 1177//1177
f 233//233 1688//1688 171//171
f 638//638 1689//1689 827//827
f 258//258 78//78 787//787
f 1683//1683 1690//1690 38//38
f 860//860 1688//1688 233//233
f 808//808 1691//1691 820//820
f 1693//1693 1692//1692 266//266
f 1631//1631 1057//1057 1058//1058
f 1580//1580 1058//1058 1056//1056
f 789//789 1694//1694 788//788
f 1697//1697 1696//1696 1695//1695
f 203//203 1526//1526 1479//1479
f 636//636 206//206 207//207
f 1698//1698 1699//1699 1700//1700
f 643//643 51//51 170//170
f 1701//1701 1702//1702 1703//1703
f 37//37 623//623 344//344
f 1704//1704 709//709 775//775
f 1705//1705 30//30 671//671
f 219//219 1706//1706 215//215
f 202//202 219//219 215//215
f 38//38 28//28 1681//1681
f 576//576 1707//1707 1708//1708
f 658//658 1674//1674 641//641
f 1679//1679 218//218 29//29
f 1710//1710 674//674 1709//1709
f 38//38 1681//1681 1683//1683
f 1711//1711 28//28 589//589
f 1712//1712 805//805 218//218
f 1713//1713 14//14 654//654
f 1714//1714 1715//1715 687//687
f 666//666 24//24 23//23
f 1675//1675 1605//1605 1716//1716
f 777//777 1717//1717 807//807
f 1712//1712 1718//1718 804//804
f 894//894 134//134 872//872
f 1719//1719 894//894 797//797
f 134//134 894//894 1719//1719
f 1720//1720 1717//1717 796//796
f 224//224 816//816 808//808
f 858//858 1721//1721 1722//1722
f 394//394 791//791 231//231
f 231//231 791//791 792//792
f 827//827 394//394 128//128
f 827//827 128//128 639//639
f 881//881 780//780 799//799
f 881//881 799//799 1723//1723
f 777//777 796//796 1717//1717
f 1585//1585 1724//1724 1583//1583
f 1725//1725 1726//1726 1727//1727
f 283//283 1728//1728 282//282
f 952//952 931//931 953//953
f 930//930 931//931 952//952
f 805//805 220//220 218//218
f 1524//1524 1729//1729 1525//1525
f 1549//1549 1413//1413 124//124
f 1275//1275 1358//1358 1245//1245
f 1730//1730 1731//1731 947//947
f 1734//1734 1733//1733 1732//1732
f 888//888 1542//1542 120//120
f 889//889 1542//1542 888//888
f 1681//1681 28//28 10//10
f 1675//1675 805//805 806//806
f 1681//1681 12//12 845//845
f 1623//1623 1735//1735 1604//1604
f 1738//1738 1737//1737 1736//1736
f 1513//1513 1514//1514 1474//1474
f 804//804 1718//1718 1698//1698
f 22//22 795//795 1679//1679
f 1735//1735 1623//1623 1739//1739
f 1740//1740 1741//1741 1742//1742
f 1743//1743 1690//1690 1683//1683
f 978//978 1744//1744 660//660
f 570//570 1745//1745 624//624
f 660//660 1744//1744 1746//1746
f 1747//1747 1746//1746 1744//1744
f 278//278 1748//1748 279//279
f 280//280 1732//1732 1749//1749
f 270//270 1751//1751 1750//1750
f 1752//1752 1753//1753 1754//1754
f 1754//1754 1755//1755 1752//1752
f 1758//1758 1757//1757 1756//1756
f 271//271 1751//1751 270//270
f 1761//1761 1760//1760 1759//1759
f 1755//1755 1754//1754 1762//1762
f 751//751 752//752 1763//1763
f 1764//1764 751//751 1763//1763
f 1764//1764 978//978 1765//1765
f 1766//1766 1767//1767 1768//1768
f 1287//1287 1290//1290 1534//1534
f 1309//1309 1404//1404 1308//1308
f 1412//1412 1596//1596 126//126
f 1597//1597 1769//1769 1602//1602
f 1549//1549 1548//1548 1413//1413
f 1757//1757 1758//1758 1770//1770
f 1773//1773 1772//1772 1771//1771
f 1774//1774 1775//1775 1776//1776
f 1761//1761 1777//1777 1760//1760
f 1765//1765 1760//1760 1777//1777
f 1778//1778 1779//1779 1780//1780
f 1783//1783 1782//1782 1781//1781
f 1784//1784 1762//1762 1785//1785
f 1788//1788 1787//1787 1786//1786
f 1790//1790 1789//1789 712//712
f 661//661 662//662 1756//1756
f 1791//1791 1608//1608 1792//1792
f 1318//1318 1545//1545 1261//1261
f 1320//1320 1318//1318 1261//1261
f 1795//1795 1794//1794 1793//1793
f 1798//1798 1797//1797 1796//1796
f 1692//1692 1800//1800 1799//1799
f 1692//1692 1799//1799 1801//1801
f 1802//1802 750//750 1803//1803
f 1806//1806 1805//1805 1804//1804
f 1805//1805 1806//1806 687//687
f 949//949 1807//1807 1740//1740
f 1718//1718 1808//1808 1699//1699
f 750//750 1802//1802 1736//1736
f 1780//1780 1779//1779 1809//1809
f 1797//1797 1773//1773 1810//1810
f 1810//1810 1796//1796 1797//1797
f 1811//1811 1812//1812 1813//1813
f 1788//1788 1813//1813 1812//1812
f 1816//1816 1815//1815 1814//1814
f 1740//1740 1805//1805 688//688
f 1817//1817 1818//1818 1819//1819
f 1605//1605 1820//1820 1821//1821
f 1822//1822 677//677 678//678
f 1823//1823 1824//1824 1825//1825
f 1360//1360 1168//1168 1245//1245
f 1604//1604 1820//1820 1605//1605
f 1318//1318 1826//1826 1827//1827
f 1696//1696 686//686 1715//1715
f 1695//1695 1696//1696 1715//1715
f 1828//1828 297//297 284//284
f 1803//1803 750//750 751//751
f 1830//1830 1736//1736 1829//1829
f 285//285 1831//1831 286//286
f 1832//1832 1833//1833 1834//1834
f 1765//1765 1777//1777 1835//1835
f 1780//1780 1741//1741 1800//1800
f 1836//1836 1737//1737 1738//1738
f 1838//1838 1834//1834 1837//1837
f 1750//1750 269//269 270//270
f 1750//1750 1839//1839 269//269
f 1821//1821 269//269 1839//1839
f 744//744 1830//1830 1840//1840
f 1820//1820 1739//1739 1821//1821
f 1730//1730 1841//1841 1842//1842
f 1843//1843 1844//1844 1845//1845
f 947//947 1846//1846 949//949
f 1847//1847 1804//1804 1805//1805
f 1848//1848 1847//1847 1805//1805
f 1841//1841 1849//1849 1842//1842
f 1842//1842 1849//1849 285//285
f 1779//1779 1763//1763 1850//1850
f 315//315 1851//1851 1852//1852
f 1853//1853 1854//1854 1855//1855
f 1853//1853 1856//1856 1854//1854
f 1857//1857 1858//1858 1859//1859
f 204//204 1860//1860 1861//1861
f 1862//1862 1863//1863 315//315
f 1850//1850 1865//1865 1864//1864
f 265//265 266//266 1866//1866
f 661//661 1765//1765 978//978
f 1867//1867 1475//1475 1474//1474
f 1514//1514 1867//1867 1474//1474
f 1868//1868 1775//1775 1869//1869
f 1871//1871 1810//1810 1870//1870
f 1874//1874 1873//1873 1872//1872
f 537//537 1876//1876 1875//1875
f 1877//1877 321//321 320//320
f 339//339 321//321 1877//1877
f 1798//1798 1772//1772 1797//1797
f 1842//1842 1731//1731 1730//1730
f 1767//1767 297//297 1828//1828
f 1880//1880 1879//1879 1878//1878
f 1881//1881 604//604 1520//1520
f 1884//1884 1883//1883 1882//1882
f 315//315 1842//1842 285//285
f 1885//1885 281//281 747//747
f 1887//1887 1886//1886 608//608
f 1888//1888 1889//1889 319//319
f 526//526 1891//1891 1890//1890
f 1894//1894 1893//1893 1892//1892
f 1895//1895 1893//1893 1894//1894
f 279//279 1896//1896 1617//1617
f 1833//1833 1832//1832 1897//1897
f 1898//1898 1899//1899 1900//1900
f 1903//1903 1902//1902 1901//1901
f 282//282 1728//1728 1904//1904
f 1905//1905 1906//1906 1703//1703
f 1907//1907 1908//1908 1909//1909
f 1910//1910 1911//1911 1912//1912
f 1697//1697 1801//1801 1696//1696
f 1913//1913 1831//1831 1864//1864
f 1831//1831 1913//1913 1914//1914
f 1917//1917 1916//1916 1915//1915
f 1918//1918 1919//1919 1920//1920
f 325//325 1921//1921 309//309
f 1815//1815 743//743 1814//1814
f 1923//1923 1922//1922 310//310
f 1520//1520 1924//1924 1522//1522
f 1925//1925 1926//1926 1927//1927
f 1739//1739 269//269 1821//1821
f 1928//1928 1929//1929 1930//1930
f 1910//1910 1931//1931 1932//1932
f 1933//1933 1822//1822 678//678
f 1755//1755 1934//1934 1752//1752
f 1935//1935 1936//1936 1937//1937
f 1938//1938 1939//1939 1940//1940
f 1896//1896 279//279 1739//1739
f 1896//1896 1739//1739 1623//1623
f 1941//1941 1942//1942 1943//1943
f 1944//1944 1911//1911 1853//1853
f 302//302 1945//1945 1946//1946
f 745//745 743//743 1947//1947
f 1734//1734 1616//1616 1733//1733
f 1756//1756 662//662 271//271
f 660//660 271//271 662//662
f 1948//1948 1949//1949 1950//1950
f 1951//1951 625//625 626//626
f 1954//1954 1953//1953 1952//1952
f 1906//1906 1955//1955 1703//1703
f 1956//1956 1950//1950 1949//1949
f 1957//1957 1958//1958 1959//1959
f 1957//1957 1959//1959 1960//1960
f 1932//1932 1856//1856 1911//1911
f 1912//1912 1911//1911 1944//1944
f 1961//1961 1962//1962 1947//1947
f 608//608 1886//1886 1963//1963
f 1966//1966 1965//1965 1964//1964
f 303//303 1967//1967 1968//1968
f 1949//1949 1945//1945 1969//1969
f 1972//1972 1971//1971 1970//1970
f 1973//1973 1886//1886 1887//1887
f 625//625 1975//1975 1974//1974
f 1974//1974 1976//1976 625//625
f 1977//1977 1636//1636 1978//1978
f 1637//1637 1636//1636 1977//1977
f 1979//1979 1899//1899 1793//1793
f 1980//1980 1981//1981 1982//1982
f 624//624 1794//1794 1963//1963
f 1963//1963 569//569 624//624
f 1983//1983 1819//1819 1818//1818
f 1984//1984 1985//1985 1972//1972
f 1986//1986 1968//1968 1967//1967
f 333//333 1981//1981 1987//1987
f 1702//1702 1701//1701 1968//1968
f 1988//1988 1989//1989 1990//1990
f 1945//1945 1992//1992 1991//1991
f 1637//1637 1977//1977 1993//1993
f 1857//1857 1859//1859 1994//1994
f 1885//1885 747//747 1995//1995
f 1877//1877 746//746 339//339
f 1941//1941 1521//1521 1522//1522
f 1941//1941 1522//1522 340//340
f 603//603 1636//1636 1924//1924
f 320//320 739//739 1996//1996
f 604//604 603//603 1924//1924
f 1924//1924 1520//1520 604//604
f 1635//1635 1996//1996 1924//1924
f 1870//1870 1998//1998 1997//1997
f 1997//1997 1998//1998 1999//1999
f 1635//1635 1924//1924 1636//1636
f 522//522 467//467 466//466
f 602//602 1845//1845 2000//2000
f 2003//2003 2002//2002 2001//2001
f 2004//2004 2005//2005 2006//2006
f 2007//2007 617//617 616//616
f 2008//2008 1891//1891 526//526
f 2009//2009 406//406 60//60
f 1999//1999 1998//1998 2010//2010
f 317//317 319//319 1889//1889
f 2011//2011 2005//2005 1995//1995
f 2014//2014 2013//2013 2012//2012
f 2015//2015 2016//2016 2017//2017
f 1972//1972 1970//1970 2018//2018
f 1902//1902 2020//2020 2019//2019
f 2023//2023 2022//2022 2021//2021
f 2014//2014 2012//2012 1887//1887
f 2014//2014 1887//1887 2016//2016
f 1885//1885 1995//1995 2005//2005
f 2024//2024 606//606 1901//1901
f 2025//2025 2026//2026 2027//2027
f 1901//1901 1795//1795 1793//1793
f 606//606 1795//1795 1901//1901
f 1998//1998 1771//1771 2010//2010
f 2011//2011 1995//1995 2028//2028
f 326//326 327//327 597//597
f 1976//1976 328//328 326//326
f 326//326 625//625 1976//1976
f 2030//2030 525//525 2029//2029
f 1984//1984 2031//2031 2032//2032
f 2034//2034 2033//2033 1974//1974
f 525//525 523//523 2035//2035
f 2036//2036 2037//2037 2038//2038
f 392//392 2039//2039 2040//2040
f 524//524 525//525 2030//2030
f 2043//2043 2042//2042 2041//2041
f 2046//2046 2045//2045 2044//2044
f 734//734 2047//2047 2048//2048
f 2050//2050 2049//2049 1817//1817
f 2030//2030 545//545 2051//2051
f 2051//2051 545//545 2052//2052
f 2053//2053 544//544 543//543
f 393//393 328//328 1976//1976
f 2054//2054 1874//1874 525//525
f 1874//1874 2054//2054 1873//1873
f 2006//2006 1898//1898 1900//1900
f 2057//2057 2056//2056 2055//2055
f 327//327 328//328 393//393
f 304//304 2058//2058 570//570
f 304//304 570//570 568//568
f 1922//1922 675//675 310//310
f 2060//2060 1988//1988 2059//2059
f 314//314 2058//2058 304//304
f 2063//2063 2062//2062 2061//2061
f 545//545 2030//2030 2029//2029
f 2066//2066 2065//2065 2064//2064
f 602//602 1978//1978 603//603
f 2037//2037 2067//2067 2038//2038
f 1980//1980 1987//1987 1981//1981
f 1970//1970 2068//2068 2060//2060
f 612//612 610//610 2069//2069
f 2038//2038 2070//2070 2071//2071
f 1991//1991 1990//1990 2072//2072
f 2073//2073 1975//1975 1951//1951
f 1985//1985 1984//1984 2074//2074
f 2075//2075 2076//2076 2037//2037
f 2037//2037 2036//2036 2075//2075
f 2076//2076 2077//2077 2037//2037
f 2067//2067 2037//2037 2077//2077
f 57//57 55//55 564//564
f 608//608 1795//1795 606//606
f 1795//1795 608//608 1963//1963
f 1794//1794 1795//1795 1963//1963
f 1862//1862 315//315 316//316
f 1951//1951 1975//1975 625//625
f 596//596 626//626 597//597
f 1988//1988 1990//1990 1991//1991
f 2078//2078 1996//1996 1635//1635
f 2016//2016 2015//2015 2014//2014
f 2080//2080 2079//2079 2039//2039
f 2081//2081 2019//2019 2020//2020
f 324//324 2082//2082 325//325
f 2083//2083 392//392 2040//2040
f 2008//2008 2055//2055 1891//1891
f 2077//2077 2076//2076 2083//2083
f 1965//1965 2055//2055 2056//2056
f 2085//2085 2040//2040 2084//2084
f 2086//2086 2085//2085 2084//2084
f 2088//2088 2087//2087 1977//1977
f 1977//1977 2087//2087 1993//1993
f 326//326 597//597 626//626
f 327//327 2083//2083 2076//2076
f 2076//2076 597//597 327//327
f 2083//2083 327//327 392//392
f 2087//2087 392//392 393//393
f 2087//2087 393//393 1993//1993
f 2018//2018 2089//2089 2031//2031
f 1951//1951 626//626 2090//2090
f 2090//2090 2091//2091 1951//1951
f 2039//2039 392//392 2087//2087
f 1921//1921 325//325 2082//2082
f 2092//2092 2089//2089 2018//2018
f 2095//2095 2094//2094 2093//2093
f 1965//1965 1891//1891 2055//2055
f 2039//2039 2084//2084 2040//2040
f 2094//2094 1857//1857 2093//2093
f 2098//2098 2097//2097 2096//2096
f 2084//2084 2099//2099 2086//2086
f 349//349 1528//1528 2100//2100
f 2101//2101 1834//1834 1833//1833
f 2053//2053 2102//2102 544//544
f 544//544 2102//2102 593//593
f 675//675 553//553 554//554
f 1860//1860 1538//1538 1508//1508
f 2105//2105 2104//2104 2103//2103
f 1539//1539 1448//1448 2106//2106
f 2106//2106 1537//1537 1539//1539
f 2107//2107 1958//1958 1814//1814
f 2109//2109 2108//2108 1772//1772
f 2110//2110 539//539 2027//2027
f 2112//2112 1873//1873 2111//2111
f 1994//1994 2093//2093 1857//1857
f 2027//2027 539//539 2025//2025
f 2113//2113 2031//2031 2089//2089
f 1880//1880 1878//1878 2114//2114
f 1792//1792 1606//1606 2115//2115
f 2064//2064 2065//2065 2116//2116
f 2111//2111 1879//1879 1880//1880
f 1961//1961 2117//2117 1962//1962
f 1859//1859 1858//1858 2118//2118
f 1881//1881 1520//1520 2119//2119
f 1878//1878 1879//1879 1844//1844
f 2000//2000 1879//1879 2111//2111
f 281//281 2004//2004 283//283
f 2004//2004 281//281 1885//1885
f 1923//1923 1926//1926 1925//1925
f 554//554 552//552 2120//2120
f 1606//1606 1792//1792 1608//1608
f 1791//1791 1859//1859 1608//1608
f 1859//1859 1791//1791 1994//1994
f 2122//2122 2121//2121 310//310
f 1606//1606 2121//2121 2122//2122
f 2123//2123 2124//2124 2125//2125
f 2126//2126 2127//2127 1927//1927
f 2078//2078 320//320 1996//1996
f 2128//2128 2129//2129 2130//2130
f 2052//2052 2132//2132 2131//2131
f 2135//2135 2134//2134 2133//2133
f 2136//2136 2137//2137 2123//2123
f 2138//2138 2139//2139 1530//1530
f 982//982 345//345 1370//1370
f 554//554 2120//2120 2140//2140
f 343//343 2140//2140 2141//2141
f 2144//2144 2143//2143 2142//2142
f 2133//2133 2145//2145 2135//2135
f 1881//1881 1843//1843 1845//1845
f 541//541 542//542 2146//2146
f 342//342 357//357 359//359
f 2149//2149 2148//2148 2147//2147
f 2152//2152 2151//2151 2150//2150
f 2133//2133 2134//2134 2120//2120
f 2142//2142 2143//2143 427//427
f 675//675 2153//2153 553//553
f 2154//2154 411//411 367//367
f 552//552 553//553 2155//2155
f 1915//1915 2156//2156 2157//2157
f 341//341 342//342 359//359
f 309//309 341//341 359//359
f 18//18 2158//2158 2159//2159
f 113//113 410//410 111//111
f 2153//2153 675//675 1922//1922
f 2053//2053 2160//2160 2082//2082
f 2129//2129 2127//2127 2161//2161
f 410//410 113//113 395//395
f 1247//1247 1245//1245 2162//2162
f 675//675 554//554 308//308
f 324//324 323//323 2102//2102
f 2102//2102 2053//2053 324//324
f 438//438 437//437 2163//2163
f 2133//2133 2155//2155 2145//2145
f 2164//2164 2120//2120 2134//2134
f 2167//2167 2166//2166 2165//2165
f 1518//1518 2168//2168 1517//1517
f 2169//2169 2170//2170 2171//2171
f 554//554 2140//2140 308//308
f 2172//2172 2173//2173 2174//2174
f 2144//2144 2176//2176 2175//2175
f 2179//2179 2178//2178 2177//2177
f 2182//2182 2181//2181 2180//2180
f 2114//2114 1878//1878 2183//2183
f 2184//2184 2185//2185 2186//2186
f 1965//1965 2056//2056 58//58
f 1489//1489 2100//2100 1488//1488
f 2176//2176 2144//2144 2142//2142
f 2124//2124 2187//2187 2125//2125
f 2188//2188 2130//2130 2124//2124
f 2189//2189 2190//2190 453//453
f 2192//2192 423//423 2191//2191
f 1380//1380 1426//1426 1348//1348
f 2194//2194 112//112 2193//2193
f 531//531 445//445 446//446
f 2187//2187 2130//2130 2129//2129
f 436//436 2195//2195 437//437
f 437//437 2195//2195 2196//2196
f 369//369 381//381 370//370
f 2198//2198 2197//2197 2159//2159
f 396//396 2180//2180 2181//2181
f 2200//2200 2158//2158 2199//2199
f 112//112 311//311 2149//2149
f 502//502 410//410 395//395
f 2175//2175 2201//2201 2144//2144
f 2202//2202 403//403 2203//2203
f 2206//2206 2205//2205 2204//2204
f 2207//2207 1519//1519 1517//1517
f 2202//2202 2158//2158 18//18
f 444//444 443//443 2208//2208
f 2209//2209 1518//1518 494//494
f 2171//2171 494//494 2169//2169
f 160//160 2169//2169 494//494
f 1455//1455 1484//1484 1456//1456
f 376//376 377//377 2210//2210
f 2209//2209 2168//2168 1518//1518
f 2211//2211 1482//1482 1502//1502
f 2171//2171 2212//2212 2209//2209
f 2213//2213 287//287 288//288
f 2214//2214 494//494 1518//1518
f 2217//2217 2216//2216 2215//2215
f 2218//2218 2219//2219 2220//2220
f 2175//2175 2176//2176 2191//2191
f 2175//2175 2191//2191 423//423
f 1954//1954 1952//1952 442//442
f 2166//2166 2182//2182 2221//2221
f 2222//2222 1458//1458 366//366
f 358//358 397//397 2223//2223
f 287//287 2224//2224 2225//2225
f 2226//2226 2137//2137 2136//2136
f 2148//2148 2192//2192 2227//2227
f 2136//2136 2228//2228 288//288
f 2226//2226 2136//2136 288//288
f 2231//2231 2230//2230 2229//2229
f 288//288 2228//2228 2213//2213
f 2232//2232 2233//2233 2234//2234
f 2169//2169 2235//2235 2170//2170
f 2171//2171 2236//2236 2212//2212
f 1508//1508 346//346 2237//2237
f 2237//2237 346//346 1483//1483
f 346//346 1369//1369 345//345
f 436//436 2238//2238 2195//2195
f 2236//2236 2171//2171 2170//2170
f 2239//2239 389//389 2240//2240
f 2224//2224 2241//2241 2225//2225
f 453//453 454//454 2189//2189
f 1529//1529 2242//2242 1530//1530
f 2242//2242 1529//1529 2243//2243
f 2209//2209 494//494 2171//2171
f 2168//2168 2209//2209 2165//2165
f 2244//2244 2245//2245 2246//2246
f 2249//2249 2248//2248 2247//2247
f 2165//2165 2166//2166 2168//2168
f 2250//2250 2168//2168 2166//2166
f 2236//2236 2251//2251 2212//2212
f 2250//2250 1517//1517 2168//2168
f 2254//2254 2253//2253 2252//2252
f 2255//2255 2256//2256 2257//2257
f 351//351 2258//2258 1507//1507
f 1861//1861 2259//2259 204//204
f 2261//2261 2135//2135 2260//2260
f 1519//1519 2262//2262 329//329
f 2264//2264 2263//2263 2154//2154
f 2224//2224 2213//2213 2265//2265
f 161//161 2266//2266 159//159
f 1510//1510 1512//1512 2267//2267
f 2268//2268 1467//1467 2269//2269
f 351//351 1507//1507 407//407
f 407//407 353//353 351//351
f 2270//2270 1687//1687 1507//1507
f 2271//2271 1687//1687 2270//2270
f 160//160 159//159 1516//1516
f 2170//2170 2235//2235 2272//2272
f 408//408 407//407 1686//1686
f 2265//2265 2274//2274 2273//2273
f 2273//2273 2224//2224 2265//2265
f 2273//2273 2262//2262 2207//2207
f 2275//2275 1371//1371 1470//1470
f 1438//1438 2275//2275 1470//1470
f 161//161 330//330 331//331
f 331//331 2266//2266 161//161
f 2276//2276 1530//1530 2242//2242
f 2279//2279 2278//2278 2277//2277
f 2190//2190 2280//2280 2281//2281
f 2189//2189 2282//2282 2190//2190
f 2283//2283 2282//2282 2189//2189
f 2235//2235 1511//1511 2284//2284
f 2283//2283 1511//1511 1510//1510
f 408//408 2282//2282 353//353
f 2222//2222 2285//2285 1458//1458
f 1861//1861 2228//2228 2259//2259
f 370//370 381//381 360//360
f 353//353 1510//1510 352//352
f 1476//1476 1495//1495 2286//2286
f 2288//2288 1454//1454 2287//2287
f 1476//1476 1376//1376 1480//1480
f 2185//2185 2289//2289 2142//2142
f 2290//2290 2291//2291 382//382
f 2292//2292 16//16 17//17
f 983//983 1376//1376 1502//1502
f 1477//1477 1478//1478 1484//1484
f 1461//1461 1456//1456 1484//1484
f 2210//2210 377//377 2177//2177
f 1860//1860 1479//1479 1538//1538
f 1860//1860 204//204 1479//1479
f 2293//2293 2294//2294 2295//2295
f 390//390 2239//2239 2296//2296
f 2298//2298 2217//2217 2297//2297
f 2299//2299 2288//2288 1509//1509
f 2300//2300 2288//2288 2299//2299
f 2269//2269 1452//1452 2211//2211
f 488//488 489//489 2301//2301
f 2304//2304 2303//2303 2302//2302
f 465//465 356//356 2245//2245
f 2306//2306 2264//2264 2305//2305
f 2307//2307 2288//2288 2287//2287
f 2304//2304 2308//2308 2303//2303
f 2309//2309 2216//2216 2298//2298
f 2298//2298 2216//2216 2217//2217
f 2222//2222 411//411 2285//2285
f 2312//2312 2311//2311 2310//2310
f 2312//2312 2313//2313 2311//2311
f 2316//2316 2315//2315 2314//2314
f 1452//1452 2269//2269 1453//1453
f 366//366 367//367 2222//2222
f 2297//2297 1469//1469 1509//1509
f 2307//2307 2302//2302 2317//2317
f 2297//2297 2288//2288 2317//2317
f 2307//2307 2317//2317 2288//2288
f 2317//2317 2302//2302 2318//2318
f 2318//2318 2319//2319 2320//2320
f 2321//2321 2201//2201 2175//2175
f 2322//2322 533//533 532//532
f 532//532 2306//2306 2322//2322
f 2100//2100 348//348 349//349
f 2306//2306 2263//2263 2264//2264
f 2322//2322 2323//2323 2324//2324
f 1459//1459 1457//1457 2216//2216
f 178//178 2215//2215 177//177
f 1453//1453 2215//2215 178//178
f 2325//2325 2227//2227 2192//2192
f 2326//2326 2227//2227 2325//2325
f 2327//2327 382//382 369//369
f 2329//2329 2328//2328 368//368
f 369//369 349//349 350//350
f 371//371 349//349 369//369
f 1489//1489 2285//2285 2100//2100
f 2284//2284 1511//1511 2283//2283
f 2283//2283 2189//2189 2284//2284
f 2165//2165 2330//2330 2167//2167
f 2331//2331 2226//2226 289//289
f 2213//2213 2228//2228 2265//2265
f 2213//2213 2224//2224 287//287
f 2129//2129 2332//2332 2187//2187
f 1457//1457 179//179 177//177
f 1458//1458 179//179 1457//1457
f 372//372 2333//2333 374//374
f 2334//2334 1467//1467 1469//1469
f 1469//1469 2297//2297 2334//2334
f 2242//2242 2335//2335 2276//2276
f 368//368 2264//2264 367//367
f 2336//2336 2337//2337 533//533
f 531//531 533//533 2337//2337
f 2216//2216 1457//1457 177//177
f 2220//2220 2219//2219 2338//2338
f 361//361 2340//2340 2339//2339
f 2216//2216 2329//2329 1459//1459
f 348//348 2100//2100 2285//2285
f 2263//2263 2306//2306 2290//2290
f 2296//2296 2341//2341 390//390
f 2342//2342 615//615 614//614
f 2343//2343 541//541 2344//2344
f 2345//2345 2277//2277 2346//2346
f 2347//2347 2346//2346 2277//2277
f 2180//2180 396//396 2348//2348
f 2349//2349 2180//2180 2348//2348
f 2276//2276 2335//2335 2314//2314
f 479//479 480//480 2350//2350
f 2351//2351 1125//1125 1127//1127
f 2352//2352 2353//2353 2354//2354
f 2356//2356 2355//2355 2276//2276
f 2357//2357 2358//2358 513//513
f 2357//2357 513//513 2359//2359
f 2360//2360 2341//2341 2296//2296
f 389//389 2361//2361 2240//2240
f 2364//2364 2363//2363 2362//2362
f 376//376 2210//2210 2365//2365
f 2365//2365 2366//2366 2367//2367
f 2368//2368 2369//2369 2370//2370
f 2347//2347 2277//2277 2278//2278
f 2278//2278 2371//2371 2347//2347
f 2371//2371 2278//2278 373//373
f 373//373 374//374 2371//2371
f 375//375 447//447 2372//2372
f 2373//2373 2367//2367 2374//2374
f 458//458 460//460 2281//2281
f 2034//2034 2024//2024 2033//2033
f 2375//2375 2346//2346 2347//2347
f 2376//2376 2377//2377 2378//2378
f 2379//2379 355//355 465//465
f 2380//2380 2381//2381 2382//2382
f 2243//2243 370//370 360//360
f 2383//2383 2346//2346 2218//2218
f 2375//2375 2384//2384 2218//2218
f 2208//2208 443//443 2385//2385
f 2367//2367 2366//2366 2386//2386
f 2376//2376 2255//2255 2257//2257
f 2347//2347 2387//2387 2375//2375
f 1546//1546 163//163 1373//1373
f 381//381 362//362 360//360
f 2340//2340 2388//2388 2339//2339
f 2389//2389 2390//2390 2391//2391
f 2311//2311 2392//2392 2310//2310
f 2243//2243 360//360 2393//2393
f 2387//2387 2385//2385 2394//2394
f 2278//2278 2279//2279 2395//2395
f 178//178 179//179 1458//1458
f 178//178 1458//1458 1452//1452
f 2396//2396 2397//2397 2398//2398
f 1389//1389 1392//1392 1493//1493
f 390//390 389//389 2239//2239
f 2399//2399 362//362 381//381
f 2401//2401 2400//2400 496//496
f 2389//2389 2391//2391 2402//2402
f 2394//2394 2385//2385 443//443
f 2403//2403 372//372 373//373
f 2278//2278 2395//2395 373//373
f 2322//2322 2306//2306 2305//2305
f 2385//2385 2347//2347 2371//2371
f 2347//2347 2385//2385 2387//2387
f 2404//2404 2352//2352 2390//2390
f 2407//2407 2406//2406 2405//2405
f 355//355 2379//2379 2408//2408
f 2410//2410 2409//2409 2280//2280
f 2395//2395 2279//2279 2411//2411
f 2409//2409 2281//2281 2280//2280
f 2413//2413 2412//2412 2360//2360
f 458//458 2281//2281 2409//2409
f 2413//2413 2239//2239 2414//2414
f 1530//1530 2139//2139 1528//1528
f 2375//2375 2387//2387 2415//2415
f 2394//2394 2415//2415 2387//2387
f 2384//2384 2375//2375 2415//2415
f 465//465 2245//2245 2240//2240
f 507//507 2417//2417 2416//2416
f 16//16 2417//2417 507//507
f 2418//2418 2419//2419 2420//2420
f 2421//2421 1953//1953 1954//1954
f 2240//2240 2414//2414 2239//2239
f 2424//2424 2423//2423 2422//2422
f 2159//2159 2200//2200 2198//2198
f 2425//2425 2426//2426 2427//2427
f 2429//2429 2198//2198 2428//2428
f 453//453 2430//2430 2419//2419
f 2419//2419 2430//2430 2431//2431
f 453//453 2190//2190 2430//2430
f 2316//2316 2363//2363 2364//2364
f 111//111 2432//2432 311//311
f 465//465 2240//2240 2433//2433
f 448//448 375//375 376//376
f 2163//2163 2434//2434 2435//2435
f 2356//2356 2276//2276 2314//2314
f 2431//2431 2420//2420 2419//2419
f 2340//2340 361//361 362//362
f 2346//2346 2375//2375 2218//2218
f 2434//2434 2357//2357 2435//2435
f 2413//2413 2360//2360 2296//2296
f 2296//2296 2239//2239 2413//2413
f 2437//2437 2248//2248 2436//2436
f 2440//2440 2439//2439 2438//2438
f 2441//2441 2440//2440 2438//2438
f 522//522 475//475 2442//2442
f 522//522 2442//2442 2443//2443
f 2444//2444 507//507 2416//2416
f 2235//2235 2169//2169 160//160
f 2445//2445 2446//2446 2267//2267
f 2235//2235 1516//1516 1511//1511
f 2223//2223 113//113 2447//2447
f 2448//2448 2444//2444 2449//2449
f 935//935 937//937 2450//2450
f 452//452 453//453 2419//2419
f 408//408 2410//2410 2280//2280
f 2410//2410 2451//2451 2409//2409
f 2454//2454 2453//2453 2452//2452
f 2456//2456 2455//2455 2196//2196
f 2457//2457 2292//2292 17//17
f 2241//2241 2250//2250 2225//2225
f 2458//2458 2372//2372 447//447
f 409//409 2065//2065 111//111
f 2459//2459 2181//2181 2167//2167
f 2459//2459 2460//2460 2181//2181
f 2202//2202 2460//2460 2459//2459
f 2198//2198 2251//2251 2236//2236
f 429//429 2144//2144 2201//2201
f 429//429 2201//2201 2461//2461
f 426//426 2462//2462 442//442
f 1686//1686 2410//2410 408//408
f 2464//2464 2463//2463 412//412
f 2465//2465 2466//2466 403//403
f 2124//2124 2130//2130 2187//2187
f 2386//2386 2468//2468 2467//2467
f 2134//2134 2469//2469 2164//2164
f 112//112 2149//2149 2193//2193
f 2470//2470 401//401 403//403
f 403//403 2202//2202 2470//2470
f 441//441 401//401 2470//2470
f 511//511 2471//2471 2472//2472
f 511//511 2472//2472 2473//2473
f 412//412 2463//2463 421//421
f 2464//2464 412//412 413//413
f 535//535 442//442 1952//1952
f 1952//1952 534//534 535//535
f 2151//2151 2453//2453 2150//2150
f 401//401 2438//2438 402//402
f 2434//2434 2358//2358 2357//2357
f 1952//1952 1953//1953 2474//2474
f 2474//2474 534//534 1952//1952
f 2475//2475 2178//2178 2476//2476
f 2292//2292 2477//2477 438//438
f 536//536 2449//2449 2478//2478
f 2066//2066 2064//2064 2479//2479
f 2440//2440 534//534 2474//2474
f 2481//2481 2476//2476 2480//2480
f 2482//2482 2481//2481 2480//2480
f 2480//2480 2178//2178 2179//2179
f 2178//2178 2480//2480 2476//2476
f 2238//2238 436//436 2483//2483
f 2238//2238 2360//2360 2195//2195
f 2372//2372 2458//2458 2152//2152
f 2469//2469 2349//2349 2164//2164
f 2198//2198 2200//2200 2251//2251
f 2203//2203 2460//2460 2202//2202
f 2262//2262 2273//2273 2274//2274
f 2484//2484 2260//2260 2225//2225
f 2250//2250 2484//2484 2225//2225
f 2485//2485 2486//2486 2372//2372
f 2486//2486 377//377 375//375
f 444//444 2208//2208 2487//2487
f 2116//2116 2065//2065 409//409
f 373//373 2411//2411 2403//2403
f 2456//2456 2488//2488 2471//2471
f 2413//2413 2414//2414 2489//2489
f 448//448 2373//2373 2490//2490
f 376//376 2373//2373 448//448
f 2301//2301 2491//2491 355//355
f 2395//2395 2411//2411 373//373
f 2492//2492 2493//2493 431//431
f 432//432 431//431 2493//2493
f 2494//2494 2495//2495 2496//2496
f 448//448 2490//2490 2497//2497
f 448//448 2497//2497 447//447
f 375//375 2372//2372 2486//2486
f 488//488 2301//2301 2498//2498
f 2449//2449 2441//2441 2448//2448
f 422//422 423//423 2192//2192
f 2490//2490 2499//2499 2497//2497
f 421//421 2500//2500 423//423
f 2503//2503 2502//2502 2501//2501
f 2504//2504 2505//2505 2506//2506
f 2507//2507 2508//2508 2509//2509
f 2510//2510 2509//2509 2508//2508
f 2374//2374 2386//2386 2467//2467
f 2374//2374 2467//2467 2499//2499
f 2512//2512 481//481 2511//2511
f 2500//2500 421//421 2454//2454
f 2513//2513 2205//2205 2206//2206
f 2516//2516 2515//2515 2514//2514
f 2206//2206 2517//2517 2495//2495
f 2208//2208 2385//2385 2371//2371
f 374//374 2208//2208 2371//2371
f 2383//2383 2518//2518 2345//2345
f 607//607 2016//2016 608//608
f 608//608 2016//2016 1887//1887
f 629//629 2519//2519 2510//2510
f 468//468 2520//2520 466//466
f 477//477 476//476 509//509
f 2521//2521 2508//2508 2507//2507
f 538//538 2522//2522 527//527
f 2524//2524 2523//2523 2520//2520
f 2116//2116 409//409 2465//2465
f 2439//2439 2116//2116 2465//2465
f 2179//2179 2479//2479 2525//2525
f 2471//2471 511//511 2358//2358
f 2455//2455 2471//2471 2358//2358
f 2471//2471 2455//2455 2456//2456
f 2434//2434 2455//2455 2358//2358
f 2434//2434 2163//2163 2455//2455
f 2522//2522 538//538 537//537
f 2191//2191 2176//2176 2325//2325
f 2527//2527 473//473 2526//2526
f 536//536 2478//2478 535//535
f 2460//2460 396//396 2181//2181
f 2449//2449 2528//2528 2478//2478
f 2529//2529 2503//2503 2501//2501
f 511//511 513//513 2358//2358
f 2530//2530 520//520 2531//2531
f 2534//2534 2533//2533 2532//2532
f 2348//2348 396//396 397//397
f 2536//2536 405//405 2535//2535
f 2052//2052 545//545 594//594
f 1876//1876 2110//2110 2186//2186
f 2186//2186 2110//2110 2027//2027
f 2539//2539 2538//2538 2537//2537
f 2540//2540 1465//1465 1464//1464
f 337//337 561//561 335//335
f 2541//2541 399//399 398//398
f 2544//2544 2543//2543 2542//2542
f 18//18 441//441 2470//2470
f 2202//2202 18//18 2470//2470
f 2159//2159 17//17 18//18
f 495//495 2381//2381 2545//2545
f 498//498 472//472 2528//2528
f 2528//2528 2449//2449 498//498
f 2546//2546 2547//2547 2548//2548
f 2549//2549 336//336 335//335
f 2552//2552 2551//2551 2550//2550
f 2159//2159 2158//2158 2200//2200
f 2377//2377 2553//2553 2096//2096
f 2369//2369 337//337 336//336
f 2554//2554 337//337 2369//2369
f 503//503 337//337 2554//2554
f 512//512 2555//2555 513//513
f 2557//2557 2554//2554 2556//2556
f 2557//2557 503//503 2554//2554
f 2558//2558 503//503 2557//2557
f 2526//2526 2560//2560 2559//2559
f 2501//2501 2369//2369 336//336
f 2501//2501 2502//2502 2369//2369
f 2561//2561 2502//2502 2503//2503
f 401//401 508//508 2448//2448
f 401//401 2448//2448 2438//2438
f 2444//2444 508//508 507//507
f 2199//2199 2158//2158 2459//2459
f 2459//2459 2158//2158 2202//2202
f 2376//2376 2378//2378 2562//2562
f 2562//2562 2255//2255 2376//2376
f 433//433 2560//2560 2526//2526
f 2526//2526 2563//2563 433//433
f 499//499 945//945 946//946
f 945//945 499//499 869//869
f 958//958 904//904 960//960
f 2565//2565 2564//2564 434//434
f 2520//2520 472//472 473//473
f 2566//2566 2493//2493 2562//2562
f 2488//2488 2472//2472 2471//2471
f 355//355 2408//2408 2301//2301
f 2567//2567 2568//2568 2569//2569
f 2336//2336 2570//2570 2337//2337
f 496//496 497//497 518//518
f 496//496 518//518 2401//2401
f 1129//1129 2351//2351 1130//1130
f 2338//2338 2219//2219 2571//2571
f 2572//2572 2256//2256 2492//2492
f 2574//2574 1038//1038 2573//2573
f 2576//2576 2575//2575 2146//2146
f 2577//2577 2400//2400 2401//2401
f 2256//2256 2572//2572 2257//2257
f 2578//2578 2498//2498 2234//2234
f 2547//2547 354//354 2579//2579
f 2512//2512 2511//2511 2467//2467
f 469//469 470//470 415//415
f 2580//2580 2177//2177 377//377
f 2580//2580 377//377 2486//2486
f 2498//2498 2301//2301 2408//2408
f 2581//2581 462//462 461//461
f 2392//2392 2311//2311 380//380
f 2582//2582 2097//2097 2098//2098
f 2417//2417 2357//2357 2359//2359
f 2583//2583 2548//2548 2579//2579
f 2538//2538 2568//2568 2537//2537
f 496//496 2585//2585 2584//2584
f 2585//2585 496//496 2400//2400
f 2546//2546 2587//2587 2586//2586
f 2546//2546 2586//2586 2588//2588
f 2589//2589 2588//2588 2586//2586
f 2377//2377 2556//2556 2553//2553
f 2590//2590 2279//2279 2345//2345
f 2518//2518 2590//2590 2345//2345
f 2547//2547 2579//2579 2548//2548
f 2378//2378 2586//2586 2562//2562
f 489//489 2491//2491 2301//2301
f 2591//2591 2592//2592 2593//2593
f 2593//2593 2592//2592 2594//2594
f 2568//2568 2538//2538 2569//2569
f 2317//2317 2595//2595 2297//2297
f 565//565 2597//2597 2596//2596
f 2378//2378 2589//2589 2586//2586
f 2376//2376 2257//2257 2556//2556
f 2218//2218 2384//2384 2219//2219
f 489//489 2583//2583 2491//2491
f 2220//2220 2599//2599 2598//2598
f 2232//2232 2234//2234 2498//2498
f 2232//2232 2498//2498 2408//2408
f 488//488 2600//2600 490//490
f 2496//2496 2386//2386 2366//2366
f 2582//2582 2247//2247 2601//2601
f 2602//2602 484//484 486//486
f 488//488 2498//2498 2578//2578
f 1460//1460 974//974 2603//2603
f 2604//2604 2583//2583 490//490
f 490//490 2583//2583 489//489
f 2600//2600 2569//2569 2538//2538
f 2600//2600 488//488 2578//2578
f 2605//2605 2600//2600 2578//2578
f 2606//2606 2593//2593 2594//2594
f 2606//2606 2607//2607 2608//2608
f 2611//2611 2610//2610 2609//2609
f 2610//2610 2611//2611 2612//2612
f 2499//2499 481//481 2613//2613
f 2499//2499 2613//2613 2497//2497
f 480//480 481//481 2512//2512
f 2240//2240 2244//2244 2414//2414
f 2245//2245 2244//2244 2240//2240
f 354//354 2547//2547 530//530
f 2604//2604 2614//2614 2548//2548
f 2614//2614 2604//2604 2539//2539
f 389//389 391//391 2615//2615
f 2588//2588 2616//2616 2547//2547
f 2546//2546 2588//2588 2547//2547
f 2547//2547 2616//2616 530//530
f 2617//2617 2249//2249 2618//2618
f 2556//2556 2377//2377 2376//2376
f 2593//2593 2518//2518 2591//2591
f 2345//2345 2346//2346 2383//2383
f 2489//2489 2414//2414 2244//2244
f 2499//2499 2490//2490 2374//2374
f 2583//2583 2604//2604 2548//2548
f 2569//2569 2600//2600 2605//2605
f 2594//2594 2607//2607 2606//2606
f 2377//2377 2097//2097 2589//2589
f 2097//2097 2582//2582 2616//2616
f 2616//2616 2582//2582 2601//2601
f 2096//2096 2368//2368 2619//2619
f 2620//2620 2605//2605 2578//2578
f 2538//2538 490//490 2600//2600
f 994//994 992//992 1001//1001
f 1001//1001 107//107 994//994
f 2621//2621 518//518 497//497
f 2622//2622 431//431 2623//2623
f 2390//2390 2352//2352 2624//2624
f 2626//2626 2625//2625 2621//2621
f 2493//2493 2492//2492 2256//2256
f 2493//2493 2256//2256 2255//2255
f 2255//2255 2562//2562 2493//2493
f 2628//2628 2627//2627 417//417
f 1460//1460 2603//2603 2308//2308
f 2308//2308 2603//2603 2629//2629
f 497//497 2630//2630 2621//2621
f 517//517 519//519 2612//2612
f 2632//2632 2629//2629 2631//2631
f 470//470 471//471 2633//2633
f 415//415 999//999 469//469
f 2534//2534 2063//2063 2533//2533
f 2634//2634 2568//2568 2567//2567
f 1128//1128 974//974 972//972
f 2635//2635 2636//2636 2637//2637
f 1531//1531 2639//2639 2638//2638
f 1146//1146 2639//2639 1531//1531
f 2607//2607 2640//2640 517//517
f 2577//2577 2401//2401 2640//2640
f 2577//2577 2640//2640 2594//2594
f 2398//2398 2397//2397 2353//2353
f 2397//2397 2354//2354 2353//2353
f 430//430 2641//2641 2504//2504
f 2623//2623 430//430 2504//2504
f 2380//2380 2643//2643 2642//2642
f 2645//2645 2532//2532 2644//2644
f 114//114 986//986 2646//2646
f 2647//2647 2648//2648 2529//2529
f 2390//2390 2624//2624 2391//2391
f 2391//2391 430//430 432//432
f 430//430 2624//2624 2641//2641
f 2391//2391 2624//2624 430//430
f 2636//2636 2626//2626 2649//2649
f 2626//2626 2636//2636 2635//2635
f 335//335 2650//2650 2549//2549
f 560//560 2650//2650 335//335
f 1055//1055 999//999 456//456
f 456//456 999//999 2651//2651
f 457//457 456//456 2651//2651
f 2652//2652 2636//2636 2649//2649
f 2653//2653 2642//2642 469//469
f 2655//2655 2654//2654 2205//2205
f 2652//2652 2656//2656 2636//2636
f 2657//2657 2637//2637 2656//2656
f 2636//2636 2656//2656 2637//2637
f 363//363 1000//1000 2658//2658
f 2659//2659 2660//2660 2661//2661
f 2662//2662 2663//2663 2664//2664
f 2666//2666 2665//2665 515//515
f 2667//2667 2668//2668 2669//2669
f 1011//1011 1123//1123 987//987
f 976//976 1106//1106 977//977
f 2400//2400 2671//2671 2670//2670
f 2673//2673 2581//2581 2672//2672
f 2672//2672 2674//2674 2673//2673
f 2675//2675 1127//1127 2628//2628
f 2676//2676 2632//2632 2631//2631
f 2677//2677 2659//2659 2678//2678
f 992//992 2679//2679 1001//1001
f 1150//1150 147//147 244//244
f 2649//2649 2680//2680 2652//2652
f 2640//2640 2607//2607 2594//2594
f 2401//2401 517//517 2640//2640
f 999//999 998//998 2651//2651
f 2632//2632 2670//2670 2629//2629
f 2651//2651 998//998 2681//2681
f 464//464 1140//1140 461//461
f 995//995 1140//1140 464//464
f 2683//2683 2682//2682 1492//1492
f 2682//2682 2683//2683 487//487
f 2380//2380 2545//2545 2381//2381
f 2400//2400 2670//2670 2585//2585
f 2577//2577 2599//2599 2671//2671
f 2598//2598 2599//2599 2592//2592
f 2383//2383 2218//2218 2598//2598
f 1385//1385 2574//2574 2573//2573
f 1127//1127 2675//2675 1130//1130
f 1130//1130 2351//2351 1127//1127
f 2684//2684 2340//2340 362//362
f 2684//2684 362//362 2399//2399
f 1140//1140 995//995 2685//2685
f 2686//2686 2685//2685 2687//2687
f 2687//2687 2685//2685 493//493
f 493//493 491//491 2687//2687
f 87//87 1000//1000 85//85
f 1000//1000 107//107 1001//1001
f 107//107 1000//1000 363//363
f 105//105 106//106 2688//2688
f 992//992 993//993 2651//2651
f 2670//2670 2632//2632 2585//2585
f 462//462 2581//2581 2689//2689
f 2689//2689 2690//2690 462//462
f 2689//2689 2581//2581 2673//2673
f 245//245 977//977 2691//2691
f 1127//1127 2627//2627 2628//2628
f 2681//2681 992//992 2651//2651
f 2663//2663 2692//2692 2664//2664
f 2693//2693 106//106 365//365
f 2668//2668 2666//2666 515//515
f 514//514 2694//2694 515//515
f 106//106 2695//2695 2688//2688
f 2695//2695 106//106 2693//2693
f 2697//2697 2696//2696 936//936
f 2596//2596 2698//2698 2699//2699
f 2702//2702 2701//2701 2700//2700
f 2663//2663 2669//2669 2692//2692
f 1042//1042 1043//1043 2690//2690
f 2705//2705 2704//2704 2703//2703
f 470//470 2633//2633 416//416
f 2642//2642 2652//2652 2680//2680
f 2381//2381 2584//2584 2676//2676
f 2706//2706 1074//1074 1073//1073
f 2707//2707 2694//2694 514//514
f 495//495 2584//2584 2381//2381
f 457//457 2662//2662 455//455
f 2662//2662 457//457 2663//2663
f 2651//2651 2663//2663 457//457
f 993//993 2663//2663 2651//2651
f 1140//1140 2685//2685 2708//2708
f 2685//2685 995//995 493//493
f 432//432 2402//2402 2391//2391
f 1781//1781 2648//2648 2709//2709
f 2505//2505 2710//2710 2506//2506
f 2711//2711 2686//2686 2712//2712
f 2685//2685 2686//2686 2711//2711
f 401//401 441//441 508//508
f 16//16 508//508 441//441
f 2417//2417 16//16 2435//2435
f 1043//1043 1044//1044 1003//1003
f 516//516 2714//2714 2713//2713
f 510//510 2559//2559 2560//2560
f 2716//2716 2715//2715 2686//2686
f 2715//2715 2716//2716 1145//1145
f 560//560 2717//2717 2718//2718
f 2719//2719 2720//2720 1146//1146
f 2721//2721 946//946 963//963
f 963//963 946//946 944//944
f 2722//2722 2723//2723 2724//2724
f 2722//2722 2725//2725 2723//2723
f 2726//2726 2727//2727 2728//2728
f 2555//2555 512//512 2729//2729
f 400//400 2730//2730 560//560
f 2561//2561 2369//2369 2502//2502
f 2731//2731 2732//2732 2733//2733
f 2243//2243 1529//1529 370//370
f 2283//2283 1510//1510 2282//2282
f 2734//2734 2735//2735 2736//2736
f 927//927 2723//2723 2737//2737
f 1894//1894 1892//1892 2738//2738
f 2435//2435 16//16 2292//2292
f 2697//2697 1892//1892 2739//2739
f 2717//2717 2552//2552 2740//2740
f 1781//1781 2709//2709 2741//2741
f 400//400 560//560 504//504
f 1783//1783 510//510 2560//2560
f 2742//2742 936//936 935//935
f 2704//2704 2743//2743 2703//2703
f 2744//2744 2739//2739 2745//2745
f 2697//2697 2739//2739 2744//2744
f 2369//2369 2561//2561 2370//2370
f 2444//2444 2448//2448 508//508
f 2707//2707 514//514 2505//2505
f 466//466 476//476 475//475
f 2747//2747 2746//2746 935//935
f 935//935 2746//2746 2742//2742
f 2730//2730 399//399 2748//2748
f 2369//2369 2368//2368 2554//2554
f 510//510 1783//1783 509//509
f 398//398 2749//2749 2541//2541
f 2752//2752 2751//2751 2750//2750
f 2734//2734 2753//2753 2735//2735
f 509//509 1783//1783 2754//2754
f 2754//2754 1783//1783 2755//2755
f 510//510 476//476 2559//2559
f 1782//1782 1783//1783 2560//2560
f 2758//2758 2757//2757 2756//2756
f 2730//2730 2717//2717 560//560
f 591//591 2759//2759 2731//2731
f 2759//2759 591//591 2760//2760
f 2749//2749 506//506 2761//2761
f 2492//2492 2622//2622 2572//2572
f 2710//2710 2572//2572 2622//2622
f 2492//2492 431//431 2622//2622
f 2762//2762 2763//2763 2764//2764
f 2572//2572 2765//2765 2257//2257
f 2257//2257 2765//2765 2557//2557
f 2556//2556 2257//2257 2557//2557
f 2557//2557 2765//2765 2558//2558
f 2568//2568 2766//2766 2537//2537
f 2537//2537 2766//2766 2389//2389
f 2390//2390 2389//2389 2766//2766
f 505//505 503//503 2558//2558
f 2767//2767 2744//2744 2541//2541
f 506//506 505//505 2761//2761
f 2623//2623 431//431 430//430
f 2763//2763 2762//2762 2718//2718
f 2768//2768 2717//2717 2730//2730
f 2763//2763 2769//2769 2764//2764
f 2565//2565 2770//2770 2529//2529
f 2504//2504 2707//2707 2505//2505
f 2764//2764 2769//2769 2771//2771
f 2772//2772 2773//2773 2762//2762
f 2173//2173 2172//2172 2494//2494
f 2517//2517 2496//2496 2495//2495
f 2564//2564 2648//2648 1781//1781
f 2495//2495 2494//2494 2172//2172
f 2206//2206 2204//2204 2517//2517
f 2468//2468 2517//2517 2204//2204
f 2172//2172 2206//2206 2495//2495
f 2520//2520 468//468 2524//2524
f 2507//2507 2774//2774 2443//2443
f 399//399 2541//2541 2748//2748
f 2748//2748 2541//2541 2744//2744
f 2770//2770 2565//2565 434//434
f 2775//2775 613//613 615//615
f 2763//2763 2718//2718 2717//2717
f 2776//2776 2777//2777 2253//2253
f 2739//2739 2778//2778 2745//2745
f 2662//2662 2664//2664 2779//2779
f 2542//2542 2543//2543 2780//2780
f 1893//1893 2778//2778 2739//2739
f 2719//2719 2777//2777 2720//2720
f 2781//2781 2725//2725 2782//2782
f 2703//2703 2755//2755 2705//2705
f 2662//2662 2779//2779 455//455
f 2783//2783 2613//2613 2784//2784
f 2062//2062 613//613 2775//2775
f 2507//2507 2443//2443 2521//2521
f 612//612 2785//2785 611//611
f 107//107 363//363 106//106
f 365//365 106//106 363//363
f 2787//2787 2786//2786 627//627
f 2788//2788 2789//2789 2790//2790
f 2792//2792 784//784 2791//2791
f 2793//2793 1009//1009 1010//1010
f 2794//2794 2702//2702 2700//2700
f 2795//2795 2796//2796 614//614
f 509//509 2797//2797 2798//2798
f 509//509 2798//2798 477//477
f 618//618 2799//2799 616//616
f 2049//2049 2050//2050 2800//2800
f 2802//2802 2542//2542 2801//2801
f 2704//2704 2803//2803 2644//2644
f 2804//2804 2805//2805 2806//2806
f 2807//2807 2806//2806 2805//2805
f 2810//2810 2809//2809 2808//2808
f 2811//2811 2812//2812 2813//2813
f 1983//1983 2812//2812 2811//2811
f 2775//2775 2814//2814 2815//2815
f 2816//2816 551//551 2817//2817
f 2816//2816 2817//2817 2818//2818
f 2798//2798 2797//2797 1008//1008
f 2803//2803 2645//2645 2644//2644
f 2821//2821 2820//2820 2819//2819
f 2704//2704 2644//2644 2743//2743
f 565//565 567//567 2822//2822
f 2797//2797 509//509 2754//2754
f 2824//2824 2823//2823 2817//2817
f 2825//2825 1009//1009 2793//2793
f 2827//2827 2826//2826 2534//2534
f 2828//2828 2817//2817 551//551
f 2828//2828 551//551 550//550
f 2787//2787 2530//2530 2829//2829
f 1010//1010 2061//2061 2062//2062
f 2061//2061 1010//1010 1008//1008
f 2830//2830 2794//2794 2700//2700
f 2795//2795 2826//2826 2827//2827
f 2786//2786 629//629 627//627
f 2831//2831 2832//2832 2825//2825
f 2830//2830 2834//2834 2833//2833
f 2835//2835 2834//2834 2830//2830
f 2533//2533 2644//2644 2532//2532
f 2756//2756 2836//2836 2726//2726
f 2837//2837 2832//2832 2442//2442
f 2442//2442 475//475 2837//2837
f 618//618 2838//2838 2799//2799
f 2833//2833 2839//2839 2042//2042
f 2775//2775 1010//1010 2062//2062
f 2828//2828 550//550 2840//2840
f 2815//2815 2793//2793 1010//1010
f 1781//1781 2741//2741 1783//1783
f 2075//2075 595//595 597//597
f 2076//2076 2075//2075 597//597
f 2841//2841 2704//2704 2705//2705
f 468//468 425//425 424//424
f 2774//2774 425//425 468//468
f 529//529 406//406 405//405
f 2081//2081 1993//1993 2019//2019
f 2559//2559 2527//2527 2526//2526
f 2520//2520 2527//2527 466//466
f 551//551 2816//2816 549//549
f 549//549 2816//2816 627//627
f 541//541 2842//2842 2344//2344
f 540//540 2843//2843 542//542
f 2845//2845 2844//2844 2815//2815
f 971//971 2827//2827 2534//2534
f 2794//2794 2846//2846 2750//2750
f 2849//2849 2848//2848 2847//2847
f 2700//2700 2701//2701 2830//2830
f 734//734 2850//2850 732//732
f 2851//2851 2852//2852 2812//2812
f 2853//2853 2785//2785 612//612
f 2008//2008 2057//2057 2055//2055
f 2854//2854 2783//2783 2855//2855
f 2857//2857 2824//2824 2856//2856
f 2835//2835 2701//2701 2858//2858
f 2861//2861 2860//2860 2859//2859
f 2847//2847 2848//2848 2831//2831
f 2146//2146 2575//2575 2862//2862
f 2576//2576 2863//2863 2535//2535
f 2863//2863 2864//2864 2535//2535
f 2865//2865 2866//2866 2867//2867
f 2838//2838 2702//2702 2868//2868
f 404//404 2869//2869 2862//2862
f 2857//2857 2856//2856 2870//2870
f 2857//2857 2870//2870 2843//2843
f 2871//2871 2872//2872 2873//2873
f 238//238 254//254 94//94
f 2874//2874 2873//2873 2875//2875
f 558//558 2877//2877 2876//2876
f 2817//2817 2828//2828 2824//2824
f 2824//2824 2828//2828 2856//2856
f 2801//2801 2758//2758 2878//2878
f 2880//2880 2820//2820 2879//2879
f 2881//2881 2882//2882 2883//2883
f 2872//2872 2884//2884 2343//2343
f 2343//2343 2885//2885 2872//2872
f 2886//2886 2800//2800 2887//2887
f 2813//2813 1936//1936 2811//2811
f 2888//2888 2838//2838 618//618
f 2856//2856 2839//2839 2834//2834
f 2889//2889 2887//2887 2131//2131
f 2743//2743 2890//2890 2891//2891
f 2830//2830 2701//2701 2835//2835
f 2868//2868 2751//2751 2799//2799
f 2783//2783 2892//2892 2893//2893
f 2896//2896 2895//2895 2894//2894
f 2889//2889 2131//2131 2888//2888
f 2897//2897 2889//2889 2888//2888
f 2069//2069 610//610 2879//2879
f 2820//2820 2069//2069 2879//2879
f 2899//2899 1817//1817 2898//2898
f 2873//2873 2872//2872 2885//2885
f 2029//2029 543//543 545//545
f 2886//2886 2887//2887 2889//2889
f 2008//2008 526//526 527//527
f 2887//2887 2900//2900 2030//2030
f 2003//2003 2001//2001 2901//2901
f 607//607 606//606 2024//2024
f 2790//2790 2789//2789 2899//2899
f 2868//2868 2799//2799 2838//2838
f 2858//2858 2003//2003 2901//2901
f 2902//2902 970//970 971//971
f 2751//2751 2868//2868 2750//2750
f 1008//1008 1009//1009 2798//2798
f 969//969 2795//2795 2827//2827
f 596//596 2090//2090 626//626
f 479//479 2531//2531 520//520
f 2350//2350 2531//2531 479//479
f 2597//2597 2903//2903 2904//2904
f 2904//2904 2596//2596 2597//2597
f 2225//2225 2905//2905 287//287
f 287//287 2905//2905 289//289
f 2906//2906 566//566 565//565
f 1519//1519 2207//2207 2262//2262
f 2155//2155 2331//2331 2145//2145
f 2847//2847 2831//2831 2907//2907
f 2907//2907 2831//2831 2825//2825
f 2754//2754 2755//2755 2703//2703
f 2836//2836 2727//2727 2726//2726
f 2726//2726 2728//2728 2908//2908
f 2552//2552 2550//2550 2728//2728
f 2909//2909 2778//2778 1893//1893
f 1895//1895 2909//2909 1893//1893
f 2867//2867 2910//2910 2865//2865
f 2911//2911 2796//2796 969//969
f 2856//2856 2834//2834 2912//2912
f 2912//2912 2870//2870 2856//2856
f 2915//2915 2914//2914 2913//2913
f 2916//2916 733//733 732//732
f 2852//2852 2917//2917 2812//2812
f 2918//2918 2919//2919 591//591
f 2920//2920 2919//2919 2918//2918
f 2923//2923 2922//2922 2921//2921
f 2867//2867 2775//2775 615//615
f 2875//2875 2873//2873 2885//2885
f 2926//2926 2925//2925 2924//2924
f 2929//2929 2928//2928 2927//2927
f 2932//2932 2931//2931 2930//2930
f 2930//2930 2931//2931 2933//2933
f 2851//2851 2910//2910 2342//2342
f 2934//2934 2931//2931 2853//2853
f 2853//2853 2931//2931 2785//2785
f 2865//2865 2910//2910 2788//2788
f 2912//2912 2834//2834 2835//2835
f 1937//1937 1936//1936 2813//2813
f 2936//2936 2923//2923 2935//2935
f 2932//2932 2936//2936 2937//2937
f 2881//2881 2922//2922 2930//2930
f 2937//2937 2938//2938 2939//2939
f 2937//2937 2939//2939 611//611
f 2942//2942 2941//2941 2940//2940
f 2943//2943 1895//1895 2944//2944
f 1464//1464 2944//2944 1895//1895
f 1046//1046 1113//1113 1013//1013
f 1113//1113 1046//1046 1045//1045
f 2048//2048 2939//2939 734//734
f 611//611 2939//2939 2048//2048
f 2923//2923 2921//2921 2945//2945
f 959//959 2946//2946 2254//2254
f 2947//2947 961//961 2948//2948
f 2948//2948 961//961 953//953
f 953//953 961//961 293//293
f 2903//2903 2950//2950 2949//2949
f 1463//1463 2903//2903 2949//2949
f 736//736 968//968 2951//2951
f 638//638 237//237 1720//1720
f 1725//1725 2952//2952 2953//2953
f 2596//2596 2906//2906 565//565
f 2739//2739 1892//1892 1893//1893
f 778//778 968//968 749//749
f 1464//1464 2738//2738 2540//2540
f 289//289 2905//2905 2145//2145
f 289//289 2145//2145 2331//2331
f 784//784 783//783 2791//2791
f 956//956 2942//2942 954//954
f 768//768 2955//2955 2954//2954
f 2956//2956 2917//2917 2852//2852
f 2596//2596 2699//2699 2906//2906
f 338//338 2952//2952 2724//2724
f 2957//2957 2958//2958 2959//2959
f 2959//2959 2960//2960 2957//2957
f 2880//2880 2819//2819 2820//2820
f 542//542 2863//2863 2576//2576
f 2576//2576 2146//2146 542//542
f 2961//2961 2699//2699 2698//2698
f 2883//2883 2882//2882 2422//2422
f 2580//2580 2962//2962 2963//2963
f 2145//2145 2905//2905 2135//2135
f 1894//1894 2738//2738 1464//1464
f 1464//1464 1895//1895 1894//1894
f 2964//2964 2944//2944 1464//1464
f 2941//2941 2965//2965 2940//2940
f 2940//2940 2965//2965 928//928
f 1145//1145 2719//2719 1146//1146
f 2908//2908 2728//2728 2943//2943
f 403//403 2466//2466 2203//2203
f 2966//2966 2597//2597 565//565
f 2822//2822 2966//2966 565//565
f 2930//2930 2922//2922 2932//2932
f 2852//2852 2851//2851 2967//2967
f 2970//2970 2969//2969 2968//2968
f 2971//2971 2969//2969 2970//2970
f 567//567 2972//2972 2822//2822
f 2973//2973 2801//2801 2878//2878
f 2917//2917 2880//2880 1937//1937
f 2917//2917 1937//1937 2813//2813
f 2917//2917 2956//2956 2880//2880
f 598//598 2974//2974 600//600
f 2121//2121 1607//1607 1926//1926
f 2882//2882 2881//2881 2975//2975
f 2976//2976 2882//2882 2975//2975
f 957//957 2977//2977 813//813
f 2956//2956 2819//2819 2880//2880
f 2931//2931 2932//2932 2937//2937
f 2938//2938 2850//2850 2939//2939
f 2968//2968 2976//2976 2975//2975
f 2970//2970 2968//2968 2975//2975
f 1720//1720 237//237 1717//1717
f 807//807 1717//1717 237//237
f 2980//2980 2979//2979 2978//2978
f 2981//2981 2980//2980 2978//2978
f 2966//2966 2976//2976 2982//2982
f 2976//2976 2966//2966 2424//2424
f 2985//2985 2984//2984 2983//2983
f 708//708 2986//2986 1709//1709
f 2989//2989 2988//2988 2987//2987
f 2990//2990 2989//2989 2987//2987
f 1704//1704 775//775 2991//2991
f 2991//2991 775//775 191//191
f 2879//2879 610//610 2048//2048
f 2898//2898 2992//2992 617//617
f 2048//2048 610//610 611//611
f 931//931 2948//2948 953//953
f 925//925 953//953 293//293
f 293//293 294//294 925//925
f 2978//2978 2979//2979 2985//2985
f 2985//2985 2993//2993 2978//2978
f 2994//2994 2979//2979 2980//2980
f 2993//2993 2423//2423 2981//2981
f 2993//2993 2981//2981 2978//2978
f 2996//2996 2995//2995 2807//2807
f 737//737 968//968 736//736
f 2998//2998 2955//2955 2997//2997
f 2979//2979 2987//2987 2985//2985
f 2985//2985 2987//2987 2988//2988
f 1704//1704 2999//2999 708//708
f 2987//2987 2979//2979 2994//2994
f 2883//2883 2993//2993 2985//2985
f 3000//3000 2861//2861 419//419
f 36//36 34//34 3001//3001
f 755//755 3002//3002 3003//3003
f 3001//3001 580//580 36//36
f 3004//3004 3005//3005 2804//2804
f 2859//2859 3006//3006 2861//2861
f 2998//2998 2989//2989 548//548
f 3007//3007 778//778 546//546
f 3008//3008 3009//3009 2760//2760
f 1707//1707 576//576 575//575
f 1877//1877 320//320 3010//3010
f 2819//2819 3011//3011 2821//2821
f 3014//3014 3013//3013 3012//3012
f 2971//2971 2970//2970 2933//2933
f 770//770 736//736 2951//2951
f 2930//2930 2933//2933 2970//2970
f 419//419 3015//3015 418//418
f 581//581 580//580 3012//3012
f 3012//3012 580//580 3001//3001
f 571//571 572//572 577//577
f 3017//3017 3016//3016 300//300
f 1682//1682 3//3 1743//1743
f 3018//3018 738//738 555//555
f 19//19 21//21 721//721
f 3019//3019 2844//2844 2845//2845
f 2042//2042 2839//2839 2840//2840
f 2801//2801 2542//2542 3020//3020
f 2907//2907 2844//2844 3019//3019
f 388//388 387//387 1883//1883
f 1883//1883 3021//3021 388//388
f 777//777 807//807 775//775
f 2911//2911 3011//3011 2796//2796
f 2823//2823 2824//2824 2857//2857
f 2839//2839 2828//2828 2840//2840
f 3023//3023 3022//3022 1027//1027
f 718//718 2759//2759 3024//3024
f 3025//3025 3018//3018 299//299
f 3027//3027 3026//3026 387//387
f 20//20 82//82 84//84
f 20//20 84//84 571//571
f 619//619 3028//3028 630//630
f 2872//2872 2871//2871 2884//2884
f 2823//2823 2857//2857 2884//2884
f 84//84 3029//3029 571//571
f 315//315 1863//1863 1851//1851
f 2926//2926 592//592 2860//2860
f 2930//2930 2975//2975 2881//2881
f 793//793 622//622 620//620
f 3031//3031 2920//2920 3030//3030
f 2733//2733 721//721 720//720
f 3032//3032 3033//3033 3034//3034
f 2861//2861 3000//3000 2804//2804
f 2861//2861 2804//2804 3035//3035
f 590//590 3023//3023 1027//1027
f 2928//2928 3036//3036 2927//2927
f 128//128 127//127 639//639
f 2017//2017 2073//2073 2015//2015
f 2997//2997 2955//2955 3037//3037
f 219//219 202//202 201//201
f 2047//2047 734//734 733//733
f 2975//2975 2930//2930 2970//2970
f 738//738 1710//1710 3038//3038
f 3039//3039 2014//2014 2015//2015
f 746//746 582//582 339//339
f 2976//2976 2968//2968 2982//2982
f 3040//3040 3015//3015 3041//3041
f 3044//3044 3043//3043 3042//3042
f 3046//3046 1029//1029 3045//3045
f 3047//3047 3046//3046 3045//3045
f 3048//3048 3049//3049 3050//3050
f 1837//1837 1728//1728 283//283
f 2101//2101 1728//1728 1837//1837
f 563//563 564//564 37//37
f 2060//2060 3051//3051 1988//1988
f 3053//3053 700//700 3052//3052
f 3054//3054 3053//3053 3052//3052
f 306//306 307//307 3014//3014
f 3055//3055 3032//3032 3034//3034
f 201//201 218//218 219//219
f 805//805 1675//1675 1716//1716
f 59//59 60//60 3056//3056
f 3057//3057 333//333 334//334
f 712//712 3058//3058 3059//3059
f 3059//3059 3060//3060 712//712
f 3061//3061 3062//3062 3063//3063
f 2576//2576 405//405 2575//2575
f 2074//2074 3064//3064 1985//1985
f 3066//3066 1982//1982 3065//3065
f 3067//3067 1819//1819 1983//1983
f 3068//3068 3058//3058 712//712
f 1896//1896 1623//1623 1721//1721
f 418//418 3015//3015 3040//3040
f 836//836 225//225 224//224
f 3032//3032 3069//3069 3033//3033
f 2015//2015 3070//3070 3039//3039
f 36//36 3071//3071 35//35
f 569//569 1963//1963 2032//2032
f 2807//2807 3072//3072 2806//2806
f 2925//2925 2806//2806 3072//3072
f 3071//3071 36//36 2924//2924
f 3074//3074 3073//3073 701//701
f 3054//3054 2807//2807 3075//3075
f 3054//3054 3052//3052 3072//3072
f 3054//3054 3072//3072 2807//2807
f 3053//3053 3077//3077 3076//3076
f 1818//1818 1817//1817 2899//2899
f 3075//3075 3053//3053 3054//3054
f 2049//2049 2898//2898 1817//1817
f 2861//2861 3006//3006 419//419
f 3035//3035 2806//2806 2925//2925
f 3078//3078 2860//2860 590//590
f 592//592 590//590 2860//2860
f 3033//3033 3069//3069 2896//2896
f 2750//2750 2846//2846 2043//2043
f 2038//2038 2071//2071 2036//2036
f 616//616 2751//2751 3079//3079
f 1988//1988 3051//3051 2808//2808
f 3080//3080 1793//1793 1899//1899
f 1963//1963 1886//1886 2032//2032
f 3081//3081 3082//3082 3083//3083
f 3081//3081 3083//3083 3057//3057
f 3050//3050 3036//3036 3084//3084
f 1699//1699 1808//1808 1350//1350
f 3085//3085 1846//1846 947//947
f 1974//1974 2019//2019 1976//1976
f 2059//2059 1988//1988 3086//3086
f 2060//2060 2068//2068 3051//3051
f 3087//3087 3088//3088 3089//3089
f 1743//1743 1825//1825 1690//1690
f 3006//3006 3015//3015 419//419
f 1682//1682 1743//1743 1683//1683
f 3080//3080 1903//1903 1901//1901
f 3090//3090 1903//1903 3080//3080
f 269//269 1748//1748 1749//1749
f 563//563 37//37 39//39
f 3091//3091 2013//2013 2914//2914
f 2914//2914 2013//2013 2913//2913
f 2014//2014 3039//3039 2913//2913
f 2001//2001 1966//1966 1964//1964
f 1819//1819 3067//3067 2895//2895
f 2886//2886 2898//2898 2049//2049
f 2122//2122 309//309 1921//1921
f 309//309 2122//2122 310//310
f 3093//3093 3092//3092 2067//2067
f 1520//1520 1521//1521 2119//2119
f 2800//2800 2886//2886 2049//2049
f 732//732 3094//3094 3076//3076
f 2916//2916 732//732 3076//3076
f 1817//1817 1819//1819 3095//3095
f 702//702 3053//3053 3076//3076
f 2867//2867 615//615 2910//2910
f 3096//3096 3097//3097 596//596
f 596//596 3097//3097 2090//2090
f 2910//2910 615//615 2342//2342
f 2867//2867 2866//2866 2814//2814
f 2814//2814 2775//2775 2867//2867
f 2043//2043 2846//2846 2042//2042
f 2833//2833 2846//2846 2830//2830
f 3098//3098 1935//1935 2916//2916
f 3057//3057 3083//3083 3099//3099
f 2794//2794 2830//2830 2846//2846
f 2289//2289 2027//2027 3100//3100
f 2051//2051 2887//2887 2030//2030
f 2090//2090 3101//3101 2091//2091
f 3051//3051 1980//1980 3066//3066
f 333//333 3102//3102 332//332
f 296//296 315//315 285//285
f 296//296 285//285 284//284
f 3099//3099 1981//1981 3057//3057
f 333//333 1987//1987 3102//3102
f 3039//3039 3103//3103 2913//2913
f 3055//3055 3088//3088 3104//3104
f 3089//3089 3088//3088 3105//3105
f 3105//3105 3088//3088 3055//3055
f 3101//3101 3107//3107 3106//3106
f 1965//1965 1966//1966 1891//1891
f 3056//3056 2901//2901 1964//1964
f 59//59 3056//3056 1964//1964
f 2073//2073 2017//2017 1975//1975
f 2916//2916 3076//3076 3077//3077
f 2894//2894 2895//2895 3067//3067
f 3108//3108 2901//2901 3056//3056
f 2858//2858 2901//2901 3108//3108
f 3103//3103 3048//3048 3050//3050
f 3041//3041 3078//3078 3109//3109
f 1817//1817 3095//3095 2050//2050
f 3043//3043 3110//3110 3111//3111
f 2775//2775 2815//2815 1010//1010
f 2916//2916 3077//3077 3098//3098
f 2917//2917 2813//2813 2812//2812
f 3094//3094 702//702 3076//3076
f 3048//3048 3112//3112 3106//3106
f 3080//3080 1899//1899 3113//3113
f 3106//3106 3114//3114 3048//3048
f 2073//2073 1951//1951 2091//2091
f 3092//3092 2900//2900 3115//3115
f 3032//3032 3055//3055 3104//3104
f 766//766 305//305 306//306
f 3117//3117 3116//3116 3034//3034
f 617//617 2007//2007 2790//2790
f 2896//2896 2894//2894 3117//3117
f 3114//3114 3049//3049 3048//3048
f 3118//3118 3114//3114 3089//3089
f 1937//1937 733//733 1935//1935
f 2042//2042 2846//2846 2833//2833
f 3079//3079 2007//2007 616//616
f 2789//2789 2812//2812 3119//3119
f 1983//1983 2811//2811 3067//3067
f 2842//2842 2146//2146 2862//2862
f 2009//2009 2869//2869 406//406
f 3119//3119 1818//1818 2899//2899
f 2886//2886 2992//2992 2898//2898
f 1935//1935 733//733 2916//2916
f 3117//3117 3033//3033 2896//2896
f 3034//3034 3033//3033 3117//3117
f 3075//3075 2807//2807 2995//2995
f 3063//3063 3062//3062 3120//3120
f 2995//2995 3116//3116 3077//3077
f 3116//3116 3121//3121 3034//3034
f 3111//3111 3110//3110 334//334
f 700//700 701//701 3122//3122
f 2928//2928 2929//2929 3123//3123
f 420//420 3123//3123 2929//2929
f 3068//3068 3061//3061 3124//3124
f 3125//3125 302//302 304//304
f 3057//3057 3110//3110 3081//3081
f 3081//3081 3110//3110 3044//3044
f 3009//3009 3008//3008 3031//3031
f 653//653 3126//3126 652//652
f 268//268 659//659 683//683
f 703//703 268//268 683//683
f 43//43 826//826 44//44
f 268//268 267//267 659//659
f 206//206 637//637 267//267
f 254//254 93//93 94//94
f 257//257 96//96 826//826
f 636//636 1674//1674 669//669
f 1896//1896 1721//1721 1617//1617
f 251//251 207//207 208//208
f 684//684 707//707 703//703
f 684//684 703//703 683//683
f 588//588 562//562 587//587
f 1579//1579 1575//1575 1576//1576
f 1713//1713 654//654 643//643
f 64//64 647//647 667//667
f 51//51 643//643 50//50
f 658//658 95//95 143//143
f 658//658 143//143 644//644
f 673//673 93//93 25//25
f 673//673 143//143 95//95
f 95//95 93//93 673//673
f 226//226 855//855 871//871
f 644//644 143//143 50//50
f 584//584 637//637 640//640
f 650//650 637//637 584//584
f 1641//1641 223//223 222//222
f 56//56 57//57 826//826
f 650//650 267//267 637//637
f 650//650 584//584 255//255
f 650//650 255//255 277//277
f 1711//1711 3127//3127 28//28
f 216//216 1706//1706 846//846
f 277//277 255//255 257//257
f 826//826 1644//1644 56//56
f 1644//1644 623//623 56//56
f 1255//1255 3128//3128 212//212
f 1398//1398 1255//1255 212//212
f 636//636 669//669 640//640
f 1700//1700 1721//1721 1675//1675
f 826//826 96//96 1644//1644
f 256//256 584//584 583//583
f 171//171 1688//1688 172//172
f 584//584 256//256 255//255
f 257//257 256//256 96//96
f 96//96 256//256 1680//1680
f 3129//3129 1581//1581 1582//1582
f 870//870 821//821 822//822
f 883//883 41//41 42//42
f 885//885 41//41 883//883
f 1604//1604 1735//1735 1820//1820
f 646//646 64//64 1680//1680
f 619//619 3131//3131 3130//3130
f 563//563 3131//3131 562//562
f 562//562 3131//3131 619//619
f 3132//3132 583//583 585//585
f 3028//3028 619//619 3133//3133
f 809//809 836//836 224//224
f 3135//3135 1722//1722 3134//3134
f 291//291 3136//3136 292//292
f 808//808 820//820 809//809
f 15//15 665//665 13//13
f 3133//3133 619//619 3130//3130
f 3137//3137 1629//1629 1628//1628
f 1700//1700 806//806 804//804
f 3132//3132 663//663 664//664
f 664//664 651//651 645//645
f 646//646 664//664 645//645
f 664//664 583//583 3132//3132
f 12//12 1681//1681 10//10
f 1626//1626 3132//3132 585//585
f 1684//1684 1711//1711 37//37
f 1711//1711 589//589 37//37
f 256//256 583//583 1680//1680
f 3138//3138 1626//1626 668//668
f 668//668 3139//3139 3138//3138
f 3127//3127 11//11 28//28
f 64//64 96//96 1680//1680
f 1684//1684 3127//3127 1711//1711
f 3140//3140 11//11 3127//3127
f 315//315 296//296 298//298
f 658//658 654//654 1674//1674
f 836//836 851//851 847//847
f 96//96 66//66 1644//1644
f 66//66 65//65 642//642
f 66//66 642//642 1644//1644
f 3130//3130 3131//3131 692//692
f 3130//3130 692//692 599//599
f 3131//3131 39//39 692//692
f 683//683 659//659 3141//3141
f 3142//3142 2974//2974 718//718
f 3142//3142 718//718 717//717
f 590//590 1027//1027 3143//3143
f 718//718 83//83 2759//2759
f 571//571 691//691 573//573
f 3028//3028 3141//3141 659//659
f 3028//3028 659//659 630//630
f 630//630 659//659 631//631
f 2925//2925 2860//2860 3035//3035
f 2926//2926 2860//2860 2925//2925
f 3144//3144 3038//3038 2986//2986
f 254//254 3145//3145 26//26
f 699//699 3145//3145 695//695
f 227//227 699//699 189//189
f 237//237 227//227 189//189
f 3145//3145 699//699 26//26
f 26//26 699//699 227//227
f 1397//1397 3146//3146 1660//1660
f 651//651 742//742 645//645
f 38//38 682//682 39//39
f 1863//1863 726//726 3085//3085
f 609//609 63//63 62//62
f 3//3 1682//1682 846//846
f 1681//1681 845//845 1682//1682
f 695//695 694//694 190//190
f 1706//1706 1//1 3//3
f 738//738 3038//3038 681//681
f 3038//3038 3144//3144 681//681
f 694//694 2999//2999 2991//2991
f 1707//1707 713//713 1708//1708
f 1710//1710 2986//2986 3038//3038
f 715//715 713//713 1707//1707
f 3017//3017 716//716 3016//3016
f 691//691 2974//2974 598//598
f 1823//1823 1825//1825 1743//1743
f 1743//1743 3//3 1823//1823
f 2860//2860 3078//3078 3147//3147
f 3148//3148 547//547 3149//3149
f 3148//3148 3149//3149 710//710
f 2991//2991 2999//2999 1704//1704
f 741//741 697//697 3149//3149
f 854//854 821//821 852//852
f 853//853 852//852 821//821
f 782//782 790//790 794//794
f 689//689 782//782 794//794
f 280//280 1734//1734 1732//1732
f 61//61 722//722 3145//3145
f 254//254 61//61 3145//3145
f 722//722 695//695 3145//3145
f 740//740 698//698 697//697
f 574//574 722//722 61//61
f 61//61 63//63 574//574
f 2998//2998 3150//3150 2955//2955
f 649//649 301//301 680//680
f 300//300 835//835 3151//3151
f 300//300 3151//3151 299//299
f 555//555 299//299 3018//3018
f 649//649 576//576 1708//1708
f 649//649 1708//1708 301//301
f 386//386 388//388 3047//3047
f 3047//3047 388//388 3021//3021
f 738//738 3152//3152 674//674
f 738//738 674//674 1710//1710
f 694//694 693//693 3144//3144
f 3144//3144 693//693 649//649
f 649//649 693//693 574//574
f 649//649 681//681 3144//3144
f 715//715 731//731 704//704
f 1617//1617 1721//1721 858//858
f 731//731 715//715 1707//1707
f 1707//1707 575//575 731//731
f 575//575 609//609 731//731
f 693//693 695//695 574//574
f 716//716 3017//3017 713//713
f 714//714 716//716 713//713
f 3006//3006 2859//2859 2860//2860
f 3021//3021 1884//1884 3059//3059
f 298//298 711//711 726//726
f 1708//1708 3017//3017 301//301
f 301//301 3017//3017 300//300
f 713//713 3017//3017 1708//1708
f 740//740 741//741 3153//3153
f 2669//2669 2695//2695 2667//2667
f 3029//3029 83//83 2974//2974
f 3154//3154 3022//3022 3023//3023
f 727//727 3154//3154 3023//3023
f 2732//2732 723//723 19//19
f 2732//2732 19//19 721//721
f 3026//3026 3155//3155 1883//1883
f 3029//3029 691//691 571//571
f 2759//2759 723//723 2731//2731
f 691//691 3029//3029 2974//2974
f 600//600 2974//2974 3142//3142
f 3142//3142 717//717 600//600
f 83//83 3029//3029 84//84
f 3131//3131 563//563 39//39
f 708//708 2999//2999 2986//2986
f 55//55 37//37 564//564
f 3024//3024 3156//3156 718//718
f 2991//2991 190//190 694//694
f 706//706 705//705 717//717
f 692//692 573//573 599//599
f 3157//3157 1689//1689 621//621
f 599//599 600//600 3158//3158
f 598//598 599//599 573//573
f 3158//3158 3130//3130 599//599
f 600//600 705//705 3158//3158
f 685//685 3158//3158 705//705
f 3158//3158 685//685 3141//3141
f 3158//3158 3133//3133 3130//3130
f 3141//3141 3133//3133 3158//3158
f 3028//3028 3133//3133 3141//3141
f 3152//3152 756//756 674//674
f 1709//1709 2986//2986 1710//1710
f 731//731 609//609 684//684
f 685//685 731//731 684//684
f 707//707 684//684 609//609
f 3141//3141 685//685 683//683
f 2974//2974 83//83 718//718
f 723//723 2759//2759 83//83
f 2999//2999 694//694 3144//3144
f 2999//2999 3144//3144 2986//2986
f 3153//3153 778//778 779//779
f 546//546 778//778 3153//3153
f 716//716 718//718 3156//3156
f 833//833 3016//3016 3156//3156
f 835//835 300//300 3016//3016
f 833//833 3031//3031 834//834
f 3009//3009 3031//3031 833//833
f 3156//3156 3016//3016 716//716
f 835//835 3016//3016 833//833
f 769//769 547//547 3148//3148
f 3159//3159 3025//3025 3002//3002
f 834//834 3160//3160 835//835
f 3143//3143 1027//1027 3161//3161
f 3024//3024 3009//3009 3156//3156
f 3162//3162 2941//2941 2942//2942
f 2957//2957 3162//3162 2942//2942
f 3018//3018 3152//3152 738//738
f 833//833 3156//3156 3009//3009
f 3160//3160 834//834 3031//3031
f 3160//3160 3031//3031 3163//3163
f 3024//3024 2759//2759 2760//2760
f 3024//3024 2760//2760 3009//3009
f 299//299 3151//3151 3164//3164
f 3164//3164 835//835 3160//3160
f 835//835 3164//3164 3151//3151
f 3025//3025 299//299 3164//3164
f 3152//3152 3018//3018 756//756
f 756//756 3018//3018 3025//3025
f 3025//3025 3159//3159 756//756
f 2994//2994 2951//2951 2987//2987
f 2951//2951 968//968 2987//2987
f 968//968 2990//2990 2987//2987
f 784//784 3165//3165 785//785
f 785//785 3165//3165 803//803
f 709//709 710//710 1498//1498
f 547//547 741//741 3149//3149
f 774//774 709//709 1498//1498
f 774//774 775//775 709//709
f 3166//3166 3071//3071 3073//3073
f 3073//3073 3167//3167 3166//3166
f 3007//3007 546//546 548//548
f 3001//3001 766//766 306//306
f 3001//3001 306//306 3012//3012
f 547//547 3150//3150 548//548
f 3150//3150 547//547 2954//2954
f 2954//2954 547//547 769//769
f 3150//3150 2998//2998 548//548
f 2990//2990 3007//3007 2989//2989
f 968//968 3007//3007 2990//2990
f 771//771 735//735 736//736
f 3168//3168 770//770 3169//3169
f 3168//3168 3169//3169 2980//2980
f 937//937 2696//2696 3170//3170
f 936//936 2696//2696 937//937
f 3007//3007 548//548 2989//2989
f 3164//3164 3171//3171 3025//3025
f 3160//3160 3171//3171 3164//3164
f 3002//3002 3025//3025 3171//3171
f 3172//3172 3001//3001 3037//3037
f 788//788 1694//1694 881//881
f 1723//1723 788//788 881//881
f 3001//3001 3172//3172 766//766
f 770//770 2951//2951 3169//3169
f 708//708 1709//1709 3173//3173
f 274//274 881//881 1694//1694
f 3153//3153 741//741 547//547
f 546//546 3153//3153 547//547
f 2252//2252 3174//3174 2254//2254
f 2252//2252 932//932 501//501
f 788//788 3175//3175 696//696
f 725//725 3176//3176 77//77
f 787//787 882//882 259//259
f 258//258 787//787 259//259
f 786//786 785//785 68//68
f 3105//3105 3177//3177 3089//3089
f 3178//3178 3176//3176 725//725
f 784//784 771//771 3179//3179
f 3180//3180 3178//3178 725//725
f 191//191 775//775 807//807
f 790//790 729//729 794//794
f 877//877 729//729 790//790
f 1723//1723 799//799 689//689
f 689//689 690//690 1723//1723
f 884//884 1678//1678 241//241
f 260//260 759//759 724//724
f 928//928 2965//2965 3179//3179
f 3179//3179 771//771 928//928
f 258//258 724//724 77//77
f 76//76 77//77 3176//3176
f 91//91 802//802 800//800
f 3181//3181 762//762 761//761
f 2935//2935 3167//3167 3182//3182
f 876//876 3175//3175 690//690
f 634//634 843//843 632//632
f 632//632 843//843 3183//3183
f 632//632 3183//3183 915//915
f 926//926 2946//2946 959//959
f 814//814 780//780 276//276
f 3149//3149 697//697 1498//1498
f 1498//1498 710//710 3149//3149
f 622//622 791//791 3157//3157
f 621//621 622//622 3157//3157
f 876//876 777//777 776//776
f 36//36 3184//3184 2924//2924
f 1779//1779 1778//1778 1763//1763
f 1763//1763 1778//1778 3185//3185
f 190//190 2991//2991 191//191
f 690//690 788//788 1723//1723
f 779//779 3186//3186 3153//3153
f 740//740 3153//3153 3186//3186
f 3180//3180 696//696 698//698
f 789//789 696//696 3180//3180
f 787//787 786//786 800//800
f 698//698 740//740 3180//3180
f 3186//3186 3180//3180 740//740
f 3180//3180 3186//3186 3178//3178
f 779//779 748//748 3186//3186
f 3176//3176 3186//3186 748//748
f 3178//3178 3186//3186 3176//3176
f 783//783 786//786 78//78
f 2791//2791 76//76 2792//2792
f 78//78 76//76 2791//2791
f 2791//2791 783//783 78//78
f 735//735 771//771 2792//2792
f 735//735 2792//2792 748//748
f 803//803 67//67 68//68
f 34//34 2997//2997 3037//3037
f 803//803 3165//3165 2941//2941
f 2941//2941 3162//3162 803//803
f 3165//3165 784//784 2965//2965
f 2965//2965 784//784 3179//3179
f 2954//2954 2955//2955 3150//3150
f 2941//2941 3165//3165 2965//2965
f 3176//3176 748//748 2792//2792
f 3176//3176 2792//2792 76//76
f 690//690 3175//3175 788//788
f 2792//2792 771//771 784//784
f 1726//1726 2953//2953 3187//3187
f 955//955 2958//2958 956//956
f 1725//1725 2953//2953 1726//1726
f 1498//1498 3175//3175 776//776
f 774//774 1498//1498 776//776
f 696//696 3175//3175 1498//1498
f 776//776 3175//3175 876//876
f 709//709 1704//1704 708//708
f 769//769 3148//3148 3188//3188
f 3188//3188 710//710 708//708
f 3148//3148 710//710 3188//3188
f 3173//3173 3188//3188 708//708
f 3012//3012 306//306 3014//3014
f 3173//3173 305//305 766//766
f 3188//3188 3173//3173 767//767
f 3188//3188 767//767 769//769
f 305//305 3173//3173 674//674
f 1709//1709 674//674 3173//3173
f 3173//3173 766//766 767//767
f 1720//1720 1689//1689 638//638
f 759//759 725//725 724//724
f 789//789 3180//3180 725//725
f 1694//1694 789//789 759//759
f 759//759 789//789 725//725
f 864//864 790//790 781//781
f 621//621 1720//1720 796//796
f 1689//1689 1720//1720 621//621
f 1780//1780 1800//1800 1692//1692
f 22//22 30//30 1705//1705
f 132//132 801//801 802//802
f 882//882 800//800 801//801
f 787//787 800//800 882//882
f 801//801 132//132 1719//1719
f 1719//1719 132//132 134//134
f 801//801 1719//1719 882//882
f 882//882 1719//1719 797//797
f 762//762 886//886 772//772
f 820//820 819//819 40//40
f 40//40 809//809 820//820
f 772//772 819//819 762//762
f 878//878 818//818 1677//1677
f 763//763 818//818 878//878
f 763//763 878//878 877//877
f 1677//1677 818//818 820//820
f 1738//1738 3189//3189 1836//1836
f 119//119 3190//3190 1204//1204
f 1204//1204 3190//3190 816//816
f 879//879 792//792 730//730
f 810//810 3191//3191 730//730
f 852//852 851//851 885//885
f 3//3 2//2 1823//1823
f 3191//3191 860//860 879//879
f 3134//3134 273//273 272//272
f 118//118 230//230 229//229
f 3192//3192 3193//3193 1670//1670
f 172//172 1688//1688 3194//3194
f 652//652 3126//3126 13//13
f 1693//1693 264//264 1778//1778
f 266//266 264//264 1693//1693
f 1614//1614 3195//3195 3196//3196
f 1614//1614 3196//3196 3197//3197
f 817//817 1204//1204 816//816
f 816//816 3190//3190 1724//1724
f 3085//3085 947//947 1731//1731
f 849//849 850//850 838//838
f 241//241 895//895 885//885
f 180//180 874//874 887//887
f 180//180 887//887 872//872
f 821//821 870//870 853//853
f 855//855 853//853 870//870
f 3198//3198 1670//1670 3193//3193
f 3199//3199 838//838 1218//1218
f 849//849 838//838 3199//3199
f 837//837 1218//1218 838//838
f 822//822 823//823 893//893
f 871//871 118//118 226//226
f 118//118 871//871 230//230
f 230//230 893//893 31//31
f 870//870 892//892 871//871
f 822//822 892//892 870//870
f 3200//3200 1625//1625 1629//1629
f 804//804 1698//1698 1700//1700
f 1648//1648 120//120 229//229
f 1057//1057 605//605 3200//3200
f 820//820 3201//3201 1677//1677
f 728//728 1662//1662 810//810
f 3201//3201 1663//1663 1677//1677
f 3197//3197 1662//1662 1663//1663
f 3197//3197 1663//1663 3202//3202
f 810//810 1662//1662 3197//3197
f 810//810 3197//3197 3196//3196
f 1584//1584 1614//1614 3203//3203
f 3203//3203 1585//1585 1584//1584
f 671//671 30//30 217//217
f 1724//1724 1585//1585 3204//3204
f 3194//3194 3205//3205 859//859
f 3206//3206 3205//3205 3194//3194
f 1688//1688 3206//3206 3194//3194
f 3202//3202 3204//3204 1585//1585
f 3202//3202 1585//1585 3203//3203
f 3202//3202 3203//3203 3197//3197
f 3203//3203 1614//1614 3197//3197
f 3206//3206 3195//3195 3205//3205
f 3195//3195 3206//3206 3196//3196
f 1691//1691 3204//3204 3202//3202
f 3202//3202 3201//3201 1691//1691
f 3202//3202 1663//1663 3201//3201
f 820//820 1691//1691 3201//3201
f 810//810 3196//3196 3191//3191
f 3191//3191 879//879 730//730
f 860//860 3191//3191 3206//3206
f 860//860 3206//3206 1688//1688
f 3206//3206 3191//3191 3196//3196
f 1724//1724 3204//3204 816//816
f 816//816 3204//3204 808//808
f 762//762 3181//3181 886//886
f 798//798 815//815 276//276
f 276//276 275//275 798//798
f 865//865 815//815 3207//3207
f 815//815 3181//3181 3207//3207
f 242//242 1678//1678 867//867
f 865//865 814//814 815//815
f 133//133 880//880 180//180
f 1032//1032 1193//1193 1192//1192
f 1192//1192 129//129 1032//1032
f 856//856 825//825 292//292
f 831//831 1199//1199 1206//1206
f 639//639 638//638 827//827
f 3157//3157 827//827 1689//1689
f 827//827 3157//3157 791//791
f 793//793 620//620 794//794
f 872//872 832//832 894//894
f 887//887 3181//3181 872//872
f 886//886 3181//3181 887//887
f 815//815 832//832 872//872
f 815//815 872//872 3181//3181
f 253//253 886//886 887//887
f 634//634 3208//3208 844//844
f 802//802 679//679 3208//3208
f 679//679 844//844 3208//3208
f 934//934 844//844 679//679
f 891//891 844//844 934//934
f 1372//1372 3209//3209 90//90
f 3183//3183 1416//1416 915//915
f 634//634 842//842 3208//3208
f 3210//3210 3183//3183 3211//3211
f 758//758 896//896 3211//3211
f 758//758 3211//3211 891//891
f 843//843 3211//3211 3183//3183
f 891//891 3211//3211 843//843
f 842//842 132//132 3208//3208
f 132//132 802//802 3208//3208
f 462//462 2690//2690 1043//1043
f 1001//1001 2679//2679 3212//3212
f 3212//3212 85//85 1001//1001
f 3174//3174 3213//3213 2254//2254
f 1188//1188 1211//1211 906//906
f 1183//1183 1184//1184 1323//1323
f 900//900 1278//1278 757//757
f 931//931 186//186 3214//3214
f 931//931 3214//3214 2948//2948
f 1190//1190 129//129 1192//1192
f 757//757 1307//1307 913//913
f 2957//2957 2960//2960 2947//2947
f 811//811 899//899 981//981
f 962//962 899//899 811//811
f 897//897 981//981 899//899
f 1214//1214 1378//1378 1066//1066
f 3215//3215 1378//1378 1214//1214
f 3215//3215 1214//1214 1215//1215
f 1527//1527 3215//3215 1215//1215
f 964//964 3215//3215 1527//1527
f 1378//1378 3215//3215 964//964
f 1277//1277 92//92 187//187
f 900//900 92//92 1277//1277
f 934//934 92//92 900//900
f 187//187 92//92 69//69
f 69//69 67//67 187//187
f 802//802 91//91 679//679
f 1449//1449 1539//1539 1503//1503
f 1449//1449 1503//1503 1320//1320
f 3216//3216 3217//3217 3218//3218
f 929//929 930//930 1278//1278
f 1277//1277 929//929 1278//1278
f 1278//1278 930//930 1307//1307
f 1307//1307 757//757 1278//1278
f 3187//3187 338//338 295//295
f 338//338 3187//3187 2953//2953
f 926//926 2737//2737 2946//2946
f 927//927 2737//2737 926//926
f 2948//2948 3214//3214 2947//2947
f 2947//2947 3214//3214 2957//2957
f 2957//2957 3214//3214 3162//3162
f 3162//3162 3214//3214 186//186
f 803//803 3162//3162 186//186
f 2947//2947 2960//2960 961//961
f 803//803 68//68 785//785
f 1300//1300 1334//1334 1298//1298
f 295//295 961//961 2960//2960
f 295//295 2960//2960 3187//3187
f 1538//1538 1526//1526 1525//1525
f 1479//1479 1526//1526 1538//1538
f 3219//3219 1300//1300 1447//1447
f 2980//2980 3169//3169 2994//2994
f 2994//2994 3169//3169 2951//2951
f 2253//2253 2946//2946 2737//2737
f 2254//2254 2946//2946 2253//2253
f 959//959 3213//3213 957//957
f 3213//3213 959//959 2254//2254
f 922//922 155//155 944//944
f 944//944 945//945 922//922
f 2677//2677 974//974 1130//1130
f 2675//2675 2677//2677 1130//1130
f 1042//1042 2690//2690 1035//1035
f 2658//2658 1000//1000 87//87
f 1002//1002 155//155 922//922
f 3213//3213 2977//2977 957//957
f 3221//3221 3220//3220 932//932
f 2687//2687 3221//3221 2716//2716
f 491//491 869//869 500//500
f 3222//3222 2505//2505 2715//2715
f 2689//2689 1041//1041 2690//2690
f 1725//1725 2699//2699 2747//2747
f 2252//2252 501//501 3174//3174
f 946//946 2721//2721 499//499
f 3213//3213 3174//3174 2977//2977
f 3174//3174 501//501 499//499
f 499//499 2721//2721 3174//3174
f 2721//2721 812//812 3174//3174
f 3174//3174 812//812 2977//2977
f 2977//2977 812//812 813//813
f 812//812 2721//2721 963//963
f 1044//1044 1120//1120 1117//1117
f 922//922 923//923 991//991
f 1034//1034 1041//1041 7//7
f 463//463 1043//1043 1004//1004
f 462//462 1043//1043 463//463
f 991//991 463//463 1004//1004
f 1039//1039 3223//3223 1120//1120
f 1044//1044 1042//1042 1120//1120
f 1034//1034 1040//1040 985//985
f 3223//3223 1118//1118 1120//1120
f 3224//3224 86//86 760//760
f 1034//1034 1035//1035 2690//2690
f 1041//1041 1034//1034 2690//2690
f 236//236 1572//1572 1297//1297
f 261//261 1325//1325 263//263
f 1666//1666 1685//1685 1202//1202
f 2958//2958 3225//3225 2959//2959
f 3225//3225 2958//2958 955//955
f 1043//1043 1003//1003 1004//1004
f 922//922 1004//1004 1002//1002
f 991//991 1004//1004 922//922
f 86//86 3224//3224 87//87
f 1126//1126 485//485 760//760
f 1126//1126 760//760 86//86
f 86//86 482//482 1126//1126
f 909//909 2673//2673 2674//2674
f 139//139 383//383 1410//1410
f 1443//1443 1390//1390 1050//1050
f 1443//1443 1050//1050 974//974
f 1130//1130 974//974 1128//1128
f 2673//2673 909//909 9//9
f 9//9 1041//1041 2673//2673
f 3224//3224 2658//2658 87//87
f 985//985 1040//1040 987//987
f 1122//1122 363//363 2658//2658
f 364//364 363//363 1122//1122
f 365//365 364//364 8//8
f 386//386 3226//3226 727//727
f 1139//1139 2665//2665 461//461
f 994//994 107//107 105//105
f 909//909 2693//2693 365//365
f 2695//2695 2693//2693 909//909
f 2674//2674 2695//2695 909//909
f 2674//2674 2667//2667 2695//2695
f 988//988 485//485 1126//1126
f 1135//1135 486//486 485//485
f 1135//1135 485//485 988//988
f 484//484 1121//1121 760//760
f 100//100 102//102 985//985
f 1121//1121 3224//3224 760//760
f 114//114 2646//2646 2602//2602
f 114//114 2602//2602 149//149
f 986//986 100//100 985//985
f 2646//2646 1121//1121 484//484
f 986//986 1121//1121 2646//2646
f 1122//1122 3224//3224 1121//1121
f 2658//2658 3224//3224 1122//1122
f 987//987 1123//1123 986//986
f 114//114 100//100 986//986
f 2646//2646 484//484 2602//2602
f 486//486 1110//1110 2602//2602
f 2602//2602 1110//1110 149//149
f 1083//1083 996//996 1005//1005
f 1083//1083 1005//1005 1037//1037
f 996//996 1083//1083 965//965
f 997//997 1077//1077 1137//1137
f 1077//1077 966//966 1073//1073
f 2706//2706 967//967 1025//1025
f 1272//1272 167//167 1091//1091
f 1187//1187 1023//1023 1137//1137
f 1138//1138 3223//3223 1136//1136
f 90//90 3209//3209 1124//1124
f 997//997 1136//1136 102//102
f 997//997 1137//1137 1136//1136
f 102//102 1039//1039 1036//1036
f 1136//1136 1039//1039 102//102
f 1039//1039 1136//1136 3223//3223
f 985//985 102//102 1036//1036
f 966//966 967//967 2706//2706
f 1075//1075 1024//1024 1073//1073
f 1073//1073 1024//1024 1187//1187
f 1035//1035 1120//1120 1042//1042
f 1120//1120 1035//1035 1039//1039
f 1164//1164 1403//1403 1338//1338
f 487//487 2683//2683 1095//1095
f 2215//2215 2216//2216 177//177
f 243//243 1003//1003 1044//1044
f 243//243 3227//3227 1134//1134
f 1117//1117 243//243 1044//1044
f 1117//1117 1085//1085 3227//3227
f 1117//1117 3227//3227 243//243
f 1085//1085 1087//1087 3227//3227
f 1052//1052 1396//1396 194//194
f 3228//3228 1273//1273 70//70
f 1395//1395 1407//1407 1399//1399
f 1007//1007 151//151 439//439
f 1496//1496 840//840 248//248
f 88//88 1051//1051 1160//1160
f 1273//1273 1098//1098 167//167
f 1213//1213 1065//1065 1188//1188
f 1213//1213 1066//1066 1065//1065
f 1024//1024 1075//1075 1182//1182
f 1066//1066 1378//1378 1134//1134
f 1165//1165 3227//3227 1087//1087
f 1134//1134 3227//3227 1165//1165
f 1165//1165 1066//1066 1134//1134
f 79//79 1111//1111 486//486
f 79//79 486//486 1135//1135
f 1111//1111 1096//1096 1005//1005
f 1096//1096 1111//1111 1109//1109
f 1110//1110 1111//1111 1005//1005
f 1005//1005 149//149 1110//1110
f 1138//1138 1118//1118 3223//3223
f 1119//1119 1118//1118 1138//1138
f 1022//1022 1119//1119 1138//1138
f 1022//1022 1138//1138 1023//1023
f 1119//1119 1022//1022 1260//1260
f 1104//1104 1095//1095 2683//2683
f 1536//1536 1393//1393 1380//1380
f 1375//1375 1050//1050 1390//1390
f 1339//1339 1054//1054 1053//1053
f 1260//1260 1022//1022 1182//1182
f 1158//1158 1385//1385 1157//1157
f 1147//1147 1148//1148 1347//1347
f 3229//3229 1150//1150 244//244
f 1260//1260 1182//1182 1007//1007
f 1007//1007 1182//1182 1006//1006
f 248//248 1364//1364 1496//1496
f 1133//1133 1064//1064 1082//1082
f 1647//1647 975//975 1272//1272
f 764//764 975//975 1647//1647
f 765//765 764//764 1647//1647
f 1063//1063 1070//1070 247//247
f 1272//1272 975//975 1105//1105
f 1384//1384 2691//2691 2574//2574
f 245//245 2691//2691 1384//1384
f 1384//1384 244//244 245//245
f 1005//1005 1096//1096 1037//1037
f 1105//1105 977//977 245//245
f 245//245 3230//3230 1105//1105
f 3230//3230 147//147 148//148
f 3230//3230 245//245 147//147
f 1105//1105 3230//3230 1272//1272
f 148//148 72//72 3230//3230
f 3230//3230 72//72 1272//1272
f 72//72 70//70 1272//1272
f 1142//1142 1383//1383 1415//1415
f 1099//1099 1100//1100 1102//1102
f 1049//1049 1147//1147 1239//1239
f 1074//1074 1161//1161 3231//3231
f 1364//1364 1353//1353 1354//1354
f 1354//1354 1496//1496 1364//1364
f 1158//1158 3229//3229 244//244
f 1159//1159 3229//3229 1158//1158
f 90//90 1124//1124 764//764
f 246//246 1364//1364 248//248
f 71//71 1363//1363 3228//3228
f 3228//3228 70//70 71//71
f 449//449 1658//1658 1157//1157
f 1157//1157 1385//1385 449//449
f 384//384 1408//1408 3232//3232
f 973//973 1658//1658 450//450
f 384//384 3232//3232 385//385
f 1282//1282 1052//1052 1054//1054
f 902//902 71//71 72//72
f 449//449 2573//2573 451//451
f 1364//1364 1486//1486 166//166
f 1151//1151 1152//1152 901//901
f 902//902 901//901 1152//1152
f 1384//1384 1158//1158 244//244
f 234//234 236//236 1173//1173
f 2574//2574 1385//1385 1384//1384
f 1124//1124 3209//3209 1025//1025
f 1084//1084 1037//1037 1038//1038
f 1038//1038 3233//3233 1084//1084
f 108//108 46//46 1294//1294
f 2574//2574 2691//2691 3233//3233
f 3233//3233 1038//1038 2574//2574
f 1082//1082 152//152 1133//1133
f 150//150 152//152 1082//1082
f 451//451 2573//2573 1038//1038
f 449//449 1385//1385 2573//2573
f 1135//1135 989//989 1048//1048
f 79//79 1135//1135 1048//1048
f 1403//1403 1163//1163 1239//1239
f 990//990 988//988 3234//3234
f 3234//3234 988//988 1125//1125
f 1125//1125 988//988 1126//1126
f 2351//2351 1129//1129 3234//3234
f 2351//2351 3234//3234 1125//1125
f 1175//1175 1115//1115 1093//1093
f 1063//1063 1064//1064 1131//1131
f 1093//1093 1115//1115 1080//1080
f 1075//1075 3231//3231 1006//1006
f 1006//1006 1182//1182 1075//1075
f 1162//1162 1006//1006 3231//3231
f 162//162 1006//1006 1162//1162
f 3233//3233 2691//2691 1106//1106
f 1025//1025 3209//3209 2706//2706
f 977//977 1106//1106 2691//2691
f 1073//1073 966//966 2706//2706
f 1084//1084 3233//3233 1106//1106
f 1026//1026 1084//1084 1106//1106
f 2706//2706 3209//3209 1074//1074
f 1074//1074 3209//3209 1372//1372
f 1160//1160 162//162 1162//1162
f 1129//1129 990//990 3234//3234
f 1128//1128 972//972 1129//1129
f 1129//1129 972//972 990//990
f 1041//1041 2689//2689 2673//2673
f 1074//1074 3231//3231 1075//1075
f 1493//1493 3235//3235 1389//1389
f 1050//1050 1149//1149 1147//1147
f 1081//1081 1080//1080 1115//1115
f 1115//1115 1175//1175 1197//1197
f 1175//1175 1186//1186 1197//1197
f 1113//1113 1112//1112 1090//1090
f 1090//1090 1112//1112 1108//1108
f 130//130 1156//1156 182//182
f 1116//1116 1156//1156 1045//1045
f 440//440 1169//1169 1012//1012
f 1169//1169 1212//1212 1065//1065
f 1065//1065 1212//1212 1188//1188
f 1535//1535 1441//1441 1554//1554
f 1212//1212 1169//1169 440//440
f 1155//1155 1212//1212 440//440
f 1014//1014 1088//1088 933//933
f 933//933 1088//1088 145//145
f 1088//1088 1014//1014 1113//1113
f 1113//1113 1014//1014 1013//1013
f 842//842 633//633 133//133
f 1418//1418 1213//1213 1188//1188
f 1213//1213 1418//1418 1216//1216
f 1216//1216 1418//1418 1013//1013
f 898//898 1216//1216 1013//1013
f 1368//1368 1366//1366 1365//1365
f 153//153 1378//1378 964//964
f 831//831 1416//1416 829//829
f 3210//3210 1416//1416 3183//3183
f 1340//1340 1543//1543 3236//3236
f 963//963 153//153 964//964
f 146//146 1107//1107 1190//1190
f 1416//1416 3210//3210 146//146
f 1190//1190 1416//1416 146//146
f 829//829 1416//1416 1190//1190
f 1192//1192 829//829 1190//1190
f 866//866 1206//1206 1199//1199
f 1199//1199 868//868 866//866
f 1500//1500 1207//1207 1664//1664
f 1664//1664 1588//1588 1500//1500
f 916//916 1206//1206 866//866
f 1210//1210 176//176 74//74
f 1219//1219 1210//1210 74//74
f 1175//1175 1017//1017 917//917
f 1072//1072 1071//1071 1018//1018
f 863//863 862//862 1340//1340
f 1196//1196 1194//1194 1544//1544
f 873//873 1198//1198 1195//1195
f 53//53 1195//1195 1198//1198
f 181//181 1033//1033 131//131
f 1210//1210 1033//1033 181//181
f 181//181 1198//1198 1210//1210
f 1330//1330 1170//1170 1402//1402
f 1383//1383 1543//1543 1368//1368
f 3236//3236 1543//1543 1383//1383
f 1076//1076 1016//1016 862//862
f 1340//1340 862//862 1366//1366
f 1368//1368 1340//1340 1366//1366
f 1143//1143 1402//1402 1383//1383
f 1033//1033 1219//1219 1032//1032
f 1032//1032 1219//1219 1220//1220
f 1322//1322 1351//1351 1550//1550
f 1032//1032 1220//1220 1193//1193
f 1399//1399 384//384 383//383
f 1414//1414 1399//1399 383//383
f 156//156 1669//1669 1178//1178
f 1344//1344 1401//1401 1343//1343
f 1352//1352 1669//1669 1355//1355
f 1221//1221 1344//1344 1019//1019
f 921//921 73//73 3237//3237
f 3236//3236 1402//1402 1227//1227
f 1054//1054 3238//3238 1283//1283
f 1337//1337 3238//3238 1054//1054
f 1208//1208 1207//1207 1499//1499
f 1574//1574 3239//3239 1576//1576
f 3240//3240 1630//1630 3239//3239
f 1217//1217 240//240 1241//1241
f 1200//1200 1241//1241 240//240
f 1077//1077 1073//1073 1187//1187
f 996//996 1077//1077 997//997
f 1061//1061 1069//1069 1295//1295
f 1061//1061 1295//1295 1060//1060
f 1232//1232 1060//1060 1231//1231
f 1233//1233 3241//3241 3242//3242
f 1233//1233 3242//3242 1019//1019
f 1233//1233 3243//3243 3241//3241
f 3237//3237 73//73 1243//1243
f 1652//1652 1651//1651 1667//1667
f 828//828 3242//3242 75//75
f 75//75 3242//3242 3241//3241
f 1019//1019 3242//3242 828//828
f 1019//1019 828//828 1221//1221
f 75//75 3241//3241 73//73
f 1243//1243 73//73 3243//3243
f 3241//3241 3243//3243 73//73
f 921//921 3237//3237 920//920
f 3199//3199 1218//1218 3244//3244
f 3210//3210 3211//3211 896//896
f 896//896 146//146 3210//3210
f 1240//1240 919//919 920//920
f 1108//1108 1156//1156 130//130
f 1112//1112 1045//1045 1156//1156
f 1108//1108 1112//1112 1156//1156
f 1176//1176 1174//1174 907//907
f 1064//1064 1133//1133 1131//1131
f 1132//1132 1160//1160 1070//1070
f 1160//1160 1051//1051 1070//1070
f 1068//1068 3245//3245 1069//1069
f 3244//3244 1241//1241 1240//1240
f 1031//1031 1241//1241 1200//1200
f 1217//1217 1241//1241 1218//1218
f 1218//1218 1241//1241 3244//3244
f 1031//1031 1030//1030 1271//1271
f 1217//1217 837//837 895//895
f 1242//1242 849//849 3199//3199
f 1314//1314 3246//3246 1313//1313
f 1262//1262 3247//3247 3248//3248
f 3250//3250 3247//3247 3249//3249
f 3249//3249 1490//1490 3250//3250
f 1248//1248 1274//1274 1332//1332
f 1225//1225 1224//1224 1324//1324
f 1305//1305 1324//1324 1224//1224
f 1345//1345 1291//1291 1226//1226
f 1226//1226 1225//1225 1345//1345
f 1345//1345 1225//1225 1289//1289
f 1291//1291 1345//1345 1274//1274
f 1303//1303 1291//1291 3251//3251
f 1303//1303 3251//3251 1569//1569
f 1208//1208 1569//1569 3251//3251
f 1208//1208 3251//3251 1571//1571
f 1291//1291 1292//1292 3251//3251
f 1292//1292 1571//1571 3251//3251
f 1499//1499 1322//1322 1317//1317
f 1620//1620 1255//1255 1641//1641
f 1317//1317 1322//1322 1550//1550
f 115//115 116//116 1185//1185
f 1595//1595 1601//1601 125//125
f 1352//1352 1355//1355 1351//1351
f 1351//1351 1355//1355 117//117
f 117//117 1570//1570 116//116
f 117//117 1671//1671 1570//1570
f 1356//1356 1671//1671 117//117
f 1441//1441 1323//1323 1359//1359
f 1671//1671 1166//1166 1167//1167
f 848//848 1651//1651 850//850
f 2683//2683 1492//1492 1490//1490
f 1166//1166 3252//3252 1313//1313
f 1313//1313 3253//3253 1166//1166
f 1233//1233 1021//1021 3243//3243
f 1344//1344 1400//1400 1401//1401
f 1203//1203 1586//1586 1666//1666
f 1220//1220 1271//1271 1306//1306
f 3229//3229 1151//1151 1150//1150
f 192//192 1353//1353 1097//1097
f 1097//1097 1102//1102 192//192
f 1342//1342 1336//1336 1590//1590
f 1103//1103 1590//1590 1336//1336
f 1315//1315 1312//1312 1341//1341
f 1341//1341 1590//1590 1315//1315
f 1590//1590 1104//1104 1315//1315
f 1104//1104 1590//1590 1103//1103
f 3249//3249 2683//2683 1490//1490
f 1400//1400 1344//1344 863//863
f 1430//1430 136//136 1546//1546
f 863//863 1344//1344 861//861
f 1651//1651 848//848 1667//1667
f 1667//1667 848//848 1666//1666
f 290//290 292//292 825//825
f 1202//1202 1676//1676 1229//1229
f 1196//1196 1544//1544 1344//1344
f 1196//1196 1344//1344 1221//1221
f 1229//1229 1669//1669 1352//1352
f 1229//1229 1352//1352 1201//1201
f 1316//1316 1104//1104 3249//3249
f 1228//1228 1171//1171 1400//1400
f 1499//1499 1203//1203 1321//1321
f 1586//1586 1203//1203 1499//1499
f 1166//1166 1671//1671 3252//3252
f 1671//1671 1356//1356 3252//3252
f 824//824 263//263 1325//1325
f 1650//1650 262//262 979//979
f 863//863 1228//1228 1400//1400
f 1330//1330 1141//1141 1335//1335
f 1329//1329 1330//1330 1335//1335
f 1141//1141 1330//1330 1402//1402
f 1141//1141 1402//1402 1143//1143
f 1227//1227 1228//1228 3236//3236
f 585//585 640//640 1626//1626
f 3254//3254 3246//3246 1314//1314
f 3247//3247 3254//3254 1314//1314
f 1324//1324 1290//1290 1225//1225
f 1316//1316 3247//3247 1314//1314
f 1315//1315 1316//1316 1314//1314
f 115//115 1351//1351 117//117
f 1669//1669 1356//1356 1355//1355
f 3255//3255 1342//1342 1356//1356
f 1356//1356 1342//1342 1312//1312
f 1669//1669 3255//3255 1356//1356
f 1312//1312 3252//3252 1356//1356
f 1336//1336 3255//3255 1349//1349
f 1349//1349 1329//1329 1336//1336
f 3255//3255 1336//1336 1342//1342
f 1349//1349 1094//1094 1329//1329
f 3255//3255 1669//1669 156//156
f 1349//1349 3255//3255 156//156
f 167//167 168//168 1091//1091
f 1301//1301 1382//1382 1367//1367
f 1301//1301 840//840 1382//1382
f 1301//1301 841//841 840//840
f 1382//1382 1368//1368 1367//1367
f 141//141 1415//1415 1421//1421
f 1496//1496 193//193 840//840
f 902//902 1164//1164 1362//1362
f 1406//1406 1282//1282 1283//1283
f 1395//1395 1282//1282 1406//1406
f 1100//1100 1099//1099 3228//3228
f 3228//3228 1363//1363 1100//1100
f 193//193 1382//1382 840//840
f 1338//1338 1346//1346 1337//1337
f 1346//1346 1338//1338 1347//1347
f 1338//1338 1403//1403 1347//1347
f 1098//1098 3228//3228 1099//1099
f 1273//1273 3228//3228 1098//1098
f 1102//1102 1101//1101 194//194
f 1283//1283 3238//3238 1337//1337
f 1283//1283 1337//1337 1346//1346
f 3256//3256 1443//1443 941//941
f 983//983 3258//3258 3257//3257
f 1377//1377 983//983 3257//3257
f 164//164 188//188 6//6
f 1392//1392 1391//1391 3259//3259
f 1104//1104 2683//2683 3249//3249
f 1391//1391 1443//1443 3259//3259
f 1391//1391 1390//1390 1443//1443
f 1244//1244 1149//1149 1050//1050
f 1244//1244 1050//1050 1375//1375
f 71//71 902//902 1362//1362
f 1377//1377 3257//3257 1438//1438
f 136//136 169//169 138//138
f 1417//1417 938//938 4//4
f 4//4 938//938 1381//1381
f 1163//1163 1403//1403 1164//1164
f 1354//1354 192//192 193//193
f 1159//1159 1157//1157 1049//1049
f 3256//3256 3261//3261 3260//3260
f 1389//1389 3235//3235 1422//1422
f 135//135 1493//1493 1494//1494
f 1157//1157 1658//1658 1049//1049
f 1658//1658 973//973 1049//1049
f 974//974 1049//1049 973//973
f 1161//1161 1162//1162 3231//3231
f 246//246 1486//1486 1364//1364
f 1364//1364 166//166 1097//1097
f 1097//1097 166//166 1098//1098
f 1151//1151 901//901 1150//1150
f 3229//3229 1049//1049 1151//1151
f 1159//1159 1049//1049 3229//3229
f 1486//1486 168//168 166//166
f 1053//1053 1100//1100 1363//1363
f 1053//1053 1363//1363 1361//1361
f 1053//1053 1361//1361 1339//1339
f 1339//1339 1361//1361 1338//1338
f 1362//1362 1338//1338 1361//1361
f 1164//1164 1338//1338 1362//1362
f 138//138 139//139 1410//1410
f 1407//1407 1408//1408 384//384
f 1374//1374 3232//3232 1357//1357
f 1374//1374 1357//1357 1244//1244
f 3232//3232 1408//1408 1357//1357
f 136//136 135//135 1494//1494
f 194//194 1331//1331 1052//1052
f 1399//1399 3262//3262 1396//1396
f 1414//1414 3262//3262 1399//1399
f 1415//1415 3262//3262 1414//1414
f 194//194 3262//3262 1415//1415
f 1396//1396 3262//3262 194//194
f 1383//1383 1402//1402 3236//3236
f 1504//1504 1525//1525 3263//3263
f 1544//1544 1076//1076 861//861
f 1340//1340 3236//3236 1228//1228
f 1415//1415 1383//1383 193//193
f 1142//1142 1143//1143 1383//1383
f 3232//3232 3264//3264 385//385
f 1423//1423 3264//3264 3232//3232
f 1374//1374 1423//1423 3232//3232
f 2682//2682 1421//1421 1420//1420
f 1420//1420 1492//1492 2682//2682
f 2682//2682 487//487 1421//1421
f 1421//1421 487//487 141//141
f 2518//2518 2383//2383 2591//2591
f 135//135 137//137 3264//3264
f 385//385 3264//3264 137//137
f 1386//1386 1429//1429 942//942
f 1387//1387 1429//1429 1386//1386
f 385//385 137//137 1410//1410
f 1410//1410 137//137 136//136
f 1428//1428 1665//1665 1427//1427
f 3256//3256 1428//1428 3261//3261
f 3261//3261 1428//1428 188//188
f 983//983 982//982 3258//3258
f 3235//3235 1493//1493 135//135
f 3235//3235 135//135 3264//3264
f 3264//3264 1423//1423 3235//3235
f 1422//1422 3235//3235 1423//1423
f 974//974 942//942 1443//1443
f 2220//2220 2598//2598 2218//2218
f 1430//1430 1546//1546 1373//1373
f 1422//1422 1390//1390 1389//1389
f 163//163 164//164 1373//1373
f 165//165 3261//3261 188//188
f 163//163 1546//1546 1494//1494
f 5//5 1373//1373 6//6
f 3260//3260 1443//1443 3256//3256
f 3259//3259 1443//1443 3260//3260
f 3260//3260 3261//3261 3259//3259
f 3261//3261 1392//1392 3259//3259
f 1392//1392 3261//3261 165//165
f 1381//1381 1380//1380 1393//1393
f 1433//1433 1446//1446 1388//1388
f 1424//1424 940//940 938//938
f 1424//1424 938//938 1417//1417
f 1445//1445 1435//1435 1436//1436
f 1445//1445 1436//1436 1473//1473
f 1425//1425 1379//1379 939//939
f 199//199 1436//1436 1433//1433
f 1433//1433 198//198 199//199
f 1394//1394 1540//1540 4//4
f 3258//3258 1370//1370 2275//2275
f 2275//2275 1370//1370 1371//1371
f 1540//1540 1393//1393 123//123
f 1393//1393 1540//1540 1394//1394
f 1437//1437 1440//1440 1434//1434
f 1432//1432 1434//1434 1440//1440
f 1434//1434 1377//1377 1437//1437
f 1425//1425 1444//1444 1426//1426
f 3248//3248 3247//3247 3250//3250
f 1503//1503 1561//1561 1560//1560
f 1379//1379 1381//1381 939//939
f 1381//1381 938//938 939//939
f 942//942 1388//1388 943//943
f 1533//1533 1431//1431 1388//1388
f 1533//1533 1425//1425 3265//3265
f 939//939 3265//3265 1425//1425
f 1665//1665 1431//1431 940//940
f 940//940 1427//1427 1665//1665
f 1444//1444 1445//1445 1473//1473
f 1445//1445 1446//1446 1435//1435
f 3265//3265 939//939 940//940
f 1431//1431 3265//3265 940//940
f 1431//1431 1533//1533 3265//3265
f 1431//1431 1665//1665 943//943
f 1433//1433 1466//1466 1377//1377
f 1433//1433 1435//1435 1446//1446
f 1376//1376 1485//1485 1478//1478
f 1478//1478 1485//1485 1484//1484
f 942//942 1429//1429 1388//1388
f 1328//1328 346//346 347//347
f 347//347 345//345 1327//1327
f 1466//1466 1485//1485 1377//1377
f 1327//1327 345//345 982//982
f 1376//1376 1377//1377 1485//1485
f 1501//1501 1481//1481 1328//1328
f 1328//1328 1481//1481 1483//1483
f 2317//2317 2318//2318 2595//2595
f 2320//2320 2595//2595 2318//2318
f 942//942 974//974 1460//1460
f 1369//1369 1470//1470 1371//1371
f 1381//1381 1394//1394 4//4
f 3266//3266 2028//2028 1995//1995
f 159//159 1512//1512 1516//1516
f 1505//1505 1561//1561 1503//1503
f 123//123 5//5 1540//1540
f 1436//1436 1348//1348 1473//1473
f 199//199 1348//1348 1436//1436
f 123//123 1430//1430 5//5
f 1430//1430 122//122 169//169
f 1430//1430 169//169 136//136
f 1665//1665 3256//3256 941//941
f 1665//1665 1428//1428 3256//3256
f 1508//1508 1538//1538 1523//1523
f 1481//1481 1502//1502 1482//1482
f 1483//1483 1482//1482 2237//2237
f 1506//1506 1508//1508 2237//2237
f 1503//1503 1560//1560 1320//1320
f 1369//1369 346//346 1508//1508
f 2162//2162 1245//1245 1168//1168
f 1425//1425 1380//1380 1379//1379
f 1810//1810 1998//1998 1870//1870
f 1348//1348 3267//3267 1523//1523
f 1523//1523 3267//3267 1470//1470
f 1348//1348 1470//1470 3267//3267
f 200//200 1470//1470 1348//1348
f 2031//2031 1972//1972 2018//2018
f 205//205 1524//1524 1526//1526
f 1526//1526 203//203 205//205
f 983//983 1502//1502 1501//1501
f 3219//3219 1729//1729 1333//1333
f 1557//1557 3268//3268 1600//1600
f 1483//1483 346//346 1328//1328
f 1729//1729 3219//3219 1525//1525
f 1525//1525 3219//3219 3263//3263
f 204//204 2259//2259 205//205
f 3257//3257 2275//2275 1438//1438
f 3257//3257 3258//3258 2275//2275
f 200//200 1439//1439 1470//1470
f 982//982 1370//1370 3258//3258
f 984//984 1327//1327 982//982
f 3270//3270 3269//3269 2094//2094
f 929//929 187//187 186//186
f 1277//1277 187//187 929//929
f 1323//1323 1184//1184 1359//1359
f 1360//1360 1359//1359 1184//1184
f 1334//1334 3271//3271 1298//1298
f 1930//1930 1865//1865 3272//3272
f 3272//3272 3189//3189 1930//1930
f 1166//1166 3253//3253 2162//2162
f 1166//1166 2162//2162 1168//1168
f 1926//1926 3273//3273 1927//1927
f 930//930 905//905 1307//1307
f 905//905 930//930 952//952
f 1641//1641 1659//1659 223//223
f 1821//1821 1716//1716 1605//1605
f 1558//1558 3268//3268 1557//1557
f 1615//1615 213//213 1627//1627
f 1447//1447 1561//1561 1505//1505
f 1505//1505 3263//3263 3219//3219
f 3216//3216 1247//1247 3217//3217
f 3263//3263 1505//1505 1504//1504
f 1333//1333 1729//1729 1524//1524
f 1537//1537 1380//1380 1538//1538
f 1538//1538 1380//1380 1348//1348
f 1348//1348 1523//1523 1538//1538
f 1293//1293 48//48 1286//1286
f 1536//1536 1380//1380 1537//1537
f 911//911 250//250 173//173
f 3219//3219 1333//1333 1300//1300
f 1313//1313 3252//3252 1312//1312
f 1276//1276 3216//3216 1514//1514
f 1503//1503 1538//1538 1504//1504
f 1412//1412 3268//3268 1238//1238
f 3219//3219 1447//1447 1505//1505
f 1261//1261 1419//1419 1449//1449
f 1261//1261 1449//1449 1320//1320
f 2106//2106 1536//1536 1537//1537
f 3246//3246 3253//3253 1313//1313
f 918//918 1076//1076 1544//1544
f 3271//3271 1867//1867 1298//1298
f 1299//1299 1826//1826 1319//1319
f 1298//1298 1826//1826 1299//1299
f 1299//1299 1319//1319 1560//1560
f 1534//1534 1577//1577 1286//1286
f 1867//1867 1826//1826 1298//1298
f 1560//1560 1319//1319 1320//1320
f 1827//1827 1826//1826 1867//1867
f 1867//1867 1514//1514 3216//3216
f 1867//1867 3218//3218 1827//1827
f 3216//3216 3218//3218 1867//1867
f 1513//1513 1358//1358 1275//1275
f 1561//1561 1447//1447 1299//1299
f 3218//3218 1545//1545 1318//1318
f 3218//3218 1318//1318 1827//1827
f 3217//3217 1545//1545 3218//3218
f 1318//1318 1319//1319 1826//1826
f 1293//1293 1294//1294 48//48
f 1420//1420 1536//1536 1491//1491
f 2106//2106 1491//1491 1536//1536
f 2106//2106 3250//3250 1491//1491
f 3250//3250 1490//1490 1491//1491
f 3249//3249 3247//3247 1316//1316
f 1263//1263 3274//3274 3246//3246
f 3254//3254 1263//1263 3246//3246
f 3253//3253 3246//3246 3274//3274
f 1552//1552 1471//1471 196//196
f 1472//1472 1471//1471 1552//1552
f 1262//1262 3254//3254 3247//3247
f 1287//1287 1534//1534 1286//1286
f 1262//1262 3248//3248 1419//1419
f 1448//1448 3248//3248 3250//3250
f 3250//3250 2106//2106 1448//1448
f 1419//1419 3248//3248 1448//1448
f 3254//3254 1262//1262 1263//1263
f 1545//1545 3274//3274 1263//1263
f 3217//3217 3274//3274 1545//1545
f 1539//1539 1538//1538 1503//1503
f 633//633 916//916 1191//1191
f 1191//1191 880//880 633//633
f 3274//3274 3217//3217 3253//3253
f 1525//1525 1504//1504 1538//1538
f 2162//2162 3217//3217 1247//1247
f 3217//3217 2162//2162 3253//3253
f 1358//1358 1360//1360 1245//1245
f 1168//1168 1360//1360 1302//1302
f 1167//1167 1168//1168 1302//1302
f 1659//1659 1660//1660 223//223
f 1268//1268 1577//1577 1551//1551
f 1302//1302 1360//1360 1184//1184
f 1265//1265 1577//1577 1534//1534
f 1551//1551 1577//1577 1265//1265
f 1358//1358 1513//1513 1079//1079
f 1078//1078 1092//1092 1264//1264
f 1264//1264 1554//1554 1078//1078
f 108//108 1154//1154 1559//1559
f 1153//1153 1154//1154 108//108
f 1266//1266 236//236 1555//1555
f 236//236 1472//1472 1552//1552
f 1595//1595 1611//1611 1601//1601
f 212//212 1611//1611 1595//1595
f 1474//1474 1079//1079 1513//1513
f 1180//1180 1223//1223 1619//1619
f 1547//1547 1549//1549 1189//1189
f 1547//1547 1189//1189 1573//1573
f 125//125 126//126 1596//1596
f 125//125 1596//1596 1236//1236
f 1573//1573 1189//1189 197//197
f 1573//1573 197//197 1297//1297
f 197//197 1296//1296 1297//1297
f 1411//1411 1223//1223 1180//1180
f 1180//1180 1566//1566 1564//1564
f 1237//1237 1238//1238 3268//3268
f 1619//1619 1566//1566 1180//1180
f 1180//1180 1259//1259 1288//1288
f 1256//1256 1642//1642 1643//1643
f 1068//1068 1061//1061 1258//1258
f 1179//1179 3275//3275 1181//1181
f 3275//3275 1179//1179 1249//1249
f 3275//3275 1234//1234 1181//1181
f 3275//3275 1563//1563 1234//1234
f 1563//1563 3275//3275 1248//1248
f 1562//1562 1563//1563 1248//1248
f 184//184 3276//3276 1223//1223
f 1619//1619 1223//1223 3276//3276
f 3276//3276 184//184 195//195
f 1258//1258 1252//1252 1253//1253
f 3275//3275 1249//1249 1248//1248
f 1332//1332 1284//1284 1562//1562
f 1332//1332 1562//1562 1248//1248
f 1310//1310 1269//1269 910//910
f 1600//1600 236//236 1599//1599
f 236//236 1600//1600 1572//1572
f 1600//1600 1547//1547 1572//1572
f 175//175 1475//1475 1405//1405
f 175//175 1405//1405 173//173
f 1333//1333 1475//1475 1334//1334
f 1333//1333 1524//1524 1475//1475
f 1334//1334 1475//1475 3271//3271
f 3271//3271 1475//1475 1867//1867
f 2119//2119 1521//1521 1941//1941
f 2119//2119 1941//1941 3269//3269
f 1753//1753 1938//1938 3277//3277
f 1558//1558 1404//1404 1405//1405
f 3276//3276 195//195 1409//1409
f 1801//1801 1799//1799 1696//1696
f 266//266 1801//1801 1866//1866
f 280//280 279//279 1734//1734
f 1615//1615 1617//1617 214//214
f 1938//1938 3278//3278 3277//3277
f 1914//1914 286//286 1831//1831
f 712//712 1789//1789 1846//1846
f 660//660 1751//1751 271//271
f 1237//1237 1597//1597 1602//1602
f 3245//3245 3279//3279 1451//1451
f 1398//1398 1397//1397 1660//1660
f 1256//1256 1610//1610 1257//1257
f 1627//1627 1595//1595 1602//1602
f 3276//3276 1409//1409 1601//1601
f 1672//1672 1575//1575 1325//1325
f 210//210 1254//1254 211//211
f 1570//1570 1185//1185 116//116
f 1600//1600 1548//1548 1547//1547
f 1412//1412 1548//1548 3268//3268
f 1600//1600 3268//3268 1548//1548
f 1413//1413 1548//1548 1412//1412
f 1236//1236 1237//1237 1602//1602
f 1236//1236 1602//1602 125//125
f 3268//3268 1558//1558 1237//1237
f 1769//1769 1627//1627 1602//1602
f 3146//3146 1397//1397 1553//1553
f 3134//3134 1722//1722 15//15
f 273//273 3134//3134 15//15
f 1582//1582 1580//1580 1056//1056
f 1597//1597 3280//3280 1769//1769
f 1598//1598 3280//3280 1597//1597
f 1598//1598 1617//1617 3280//3280
f 1615//1615 3280//3280 1617//1617
f 3280//3280 1627//1627 1769//1769
f 1615//1615 1627//1627 3280//3280
f 1553//1553 214//214 1617//1617
f 742//742 3281//3281 648//648
f 1617//1617 1618//1618 3282//3282
f 3282//3282 1618//1618 1734//1734
f 1256//1256 1643//1643 1610//1610
f 1617//1617 3146//3146 1553//1553
f 1256//1256 1254//1254 1642//1642
f 1655//1655 1654//1654 1592//1592
f 859//859 3205//3205 857//857
f 218//218 201//201 29//29
f 1593//1593 1582//1582 1056//1056
f 3128//3128 1611//1611 212//212
f 1619//1619 3276//3276 1601//1601
f 1281//1281 1624//1624 1280//1280
f 120//120 118//118 229//229
f 3283//3283 1281//1281 1279//1279
f 1621//1621 1653//1653 1556//1556
f 1622//1622 1621//1621 1556//1556
f 3284//3284 31//31 3198//3198
f 1621//1621 1581//1581 1653//1653
f 3192//3192 889//889 3193//3193
f 3193//3193 889//889 890//890
f 889//889 3192//3192 1556//1556
f 1741//1741 1740//1740 688//688
f 3194//3194 859//859 3285//3285
f 251//251 641//641 207//207
f 1640//1640 1634//1634 1633//1633
f 3283//3283 3286//3286 3137//3137
f 1653//1653 1581//1581 3129//3129
f 1715//1715 686//686 687//687
f 1722//1722 3135//3135 858//858
f 3146//3146 1582//1582 1660//1660
f 1660//1660 1582//1582 223//223
f 223//223 1582//1582 1593//1593
f 1646//1646 3279//3279 1565//1565
f 1582//1582 1617//1617 3129//3129
f 1617//1617 1582//1582 3146//3146
f 1628//1628 1634//1634 1640//1640
f 1629//1629 1625//1625 1576//1576
f 1542//1542 1541//1541 3129//3129
f 3129//3129 1617//1617 1542//1542
f 3129//3129 1541//1541 1653//1653
f 652//652 1722//1722 651//651
f 3281//3281 742//742 1699//1699
f 1700//1700 1675//1675 806//806
f 1706//1706 219//219 1//1
f 846//846 1706//1706 3//3
f 3283//3283 3137//3137 1640//1640
f 1640//1640 3137//3137 1628//1628
f 3286//3286 3283//3283 1279//1279
f 1281//1281 3283//3283 1657//1657
f 1594//1594 1593//1593 1056//1056
f 221//221 1594//1594 3286//3286
f 3286//3286 1279//1279 221//221
f 3200//3200 1594//1594 1056//1056
f 1279//1279 1280//1280 221//221
f 1638//1638 1639//1639 1643//1643
f 1620//1620 211//211 1255//1255
f 1565//1565 1611//1611 1646//1646
f 1655//1655 1611//1611 1612//1612
f 1656//1656 1643//1643 1639//1639
f 1257//1257 3128//3128 1255//1255
f 1641//1641 1255//1255 1398//1398
f 1611//1611 1566//1566 1619//1619
f 3287//3287 1632//1632 3240//3240
f 1624//1624 1657//1657 210//210
f 1056//1056 1057//1057 3200//3200
f 1625//1625 1579//1579 1576//1576
f 3136//3136 1622//1622 3192//3192
f 3192//3192 1622//1622 1556//1556
f 1640//1640 1657//1657 3283//3283
f 3286//3286 1594//1594 3137//3137
f 1594//1594 3200//3200 3137//3137
f 3137//3137 3200//3200 1629//1629
f 1584//1584 1583//1583 1613//1613
f 663//663 653//653 651//651
f 3198//3198 856//856 1670//1670
f 892//892 230//230 871//871
f 290//290 1625//1625 605//605
f 3200//3200 605//605 1625//1625
f 3198//3198 31//31 33//33
f 1667//1667 1587//1587 1652//1652
f 1589//1589 1652//1652 1587//1587
f 893//893 230//230 892//892
f 824//824 1579//1579 290//290
f 890//890 1648//1648 3284//3284
f 888//888 1648//1648 890//890
f 856//856 3198//3198 33//33
f 1326//1326 1652//1652 1589//1589
f 3192//3192 1670//1670 3136//3136
f 3287//3287 3239//3239 1231//1231
f 1678//1678 884//884 867//867
f 292//292 3136//3136 1670//1670
f 3193//3193 3284//3284 3198//3198
f 890//890 3284//3284 3193//3193
f 1801//1801 266//266 1692//1692
f 1246//1246 1247//1247 3216//3216
f 3216//3216 1276//1276 1246//1246
f 818//818 762//762 819//819
f 3181//3181 761//761 3207//3207
f 824//824 825//825 263//263
f 264//264 265//265 978//978
f 653//653 663//663 3126//3126
f 605//605 1631//1631 291//291
f 1622//1622 291//291 1631//1631
f 120//120 1583//1583 3190//3190
f 3190//3190 1583//1583 1724//1724
f 1622//1622 3136//3136 291//291
f 119//119 120//120 3190//3190
f 855//855 226//226 225//225
f 979//979 635//635 33//33
f 3140//3140 670//670 11//11
f 1631//1631 605//605 1057//1057
f 808//808 3204//3204 1691//1691
f 875//875 867//867 884//884
f 867//867 875//875 1191//1191
f 875//875 880//880 1191//1191
f 880//880 875//875 874//874
f 229//229 31//31 3284//3284
f 3284//3284 1648//1648 229//229
f 252//252 875//875 884//884
f 647//647 1350//1350 667//667
f 1592//1592 1654//1654 3288//3288
f 3288//3288 1654//1654 1639//1639
f 3288//3288 1639//1639 1633//1633
f 1612//1612 1643//1643 1656//1656
f 1610//1610 3128//3128 1257//1257
f 1611//1611 3128//3128 1610//1610
f 1574//1574 1575//1575 1672//1672
f 1628//1628 1630//1630 1634//1634
f 1630//1630 3240//3240 1634//1634
f 1634//1634 3240//3240 1632//1632
f 1632//1632 3289//3289 3288//3288
f 3288//3288 1633//1633 1632//1632
f 3288//3288 3289//3289 1592//1592
f 3279//3279 3245//3245 1565//1565
f 3240//3240 3239//3239 3287//3287
f 1655//1655 1591//1591 1611//1611
f 1059//1059 1258//1258 1061//1061
f 1059//1059 1252//1252 1258//1258
f 1231//1231 1295//1295 3287//3287
f 3287//3287 1295//1295 3289//3289
f 1632//1632 3287//3287 3289//3289
f 1180//1180 3290//3290 1259//1259
f 1069//1069 3245//3245 1451//1451
f 1672//1672 3291//3291 1230//1230
f 1564//1564 3290//3290 1180//1180
f 1588//1588 3291//3291 1661//1661
f 1588//1588 1661//1661 1589//1589
f 3289//3289 1450//1450 1592//1592
f 3289//3289 1295//1295 1450//1450
f 3245//3245 3290//3290 1565//1565
f 1565//1565 3290//3290 1564//1564
f 3290//3290 1068//1068 1259//1259
f 1068//1068 3290//3290 3245//3245
f 1611//1611 1565//1565 1566//1566
f 1451//1451 3279//3279 1646//1646
f 1591//1591 1451//1451 1646//1646
f 1252//1252 1568//1568 1567//1567
f 1252//1252 1567//1567 1251//1251
f 1060//1060 1232//1232 3292//3292
f 3292//3292 1059//1059 1060//1060
f 1568//1568 1252//1252 3292//3292
f 1059//1059 3292//3292 1252//1252
f 1668//1668 1664//1664 1568//1568
f 1568//1568 1664//1664 1209//1209
f 1650//1650 1652//1652 262//262
f 1203//1203 1666//1666 1202//1202
f 671//671 670//670 3140//3140
f 1661//1661 3291//3291 1672//1672
f 1668//1668 3292//3292 1232//1232
f 1568//1568 3292//3292 1668//1668
f 1232//1232 3291//3291 1668//1668
f 1668//1668 3291//3291 1588//1588
f 1230//1230 3291//3291 1232//1232
f 3239//3239 1630//1630 1576//1576
f 1243//1243 848//848 849//849
f 979//979 262//262 635//635
f 33//33 635//635 856//856
f 1808//1808 24//24 666//666
f 921//921 919//919 74//74
f 3243//3243 1021//1021 3293//3293
f 1676//1676 3293//3293 1021//1021
f 1685//1685 3293//3293 1676//1676
f 848//848 3293//3293 1685//1685
f 1685//1685 1666//1666 848//848
f 3293//3293 1243//1243 3243//3243
f 1242//1242 3237//3237 1243//1243
f 3293//3293 848//848 1243//1243
f 3237//3237 1242//1242 920//920
f 1306//1306 830//830 1193//1193
f 1220//1220 1306//1306 1193//1193
f 1306//1306 1271//1271 1030//1030
f 1240//1240 1031//1031 1271//1271
f 3239//3239 1574//1574 1230//1230
f 3244//3244 920//920 1242//1242
f 3244//3244 1242//1242 3199//3199
f 850//850 1673//1673 838//838
f 838//838 1673//1673 980//980
f 1240//1240 920//920 3244//3244
f 893//893 980//980 32//32
f 823//823 980//980 893//893
f 1231//1231 3239//3239 1230//1230
f 866//866 867//867 1191//1191
f 1650//1650 1673//1673 850//850
f 1808//1808 1712//1712 795//795
f 24//24 1808//1808 795//795
f 804//804 805//805 1712//1712
f 3281//3281 1699//1699 1350//1350
f 1350//1350 648//648 3281//3281
f 1350//1350 647//647 648//648
f 671//671 3140//3140 1705//1705
f 3127//3127 1684//1684 3140//3140
f 22//22 1705//1705 1684//1684
f 1684//1684 1705//1705 3140//3140
f 670//670 672//672 12//12
f 845//845 12//12 672//672
f 846//846 1682//1682 845//845
f 671//671 217//217 216//216
f 216//216 672//672 671//671
f 216//216 846//846 672//672
f 654//654 14//14 3139//3139
f 3205//3205 3195//3195 857//857
f 1614//1614 857//857 3195//3195
f 1542//1542 857//857 1613//1613
f 1613//1613 1583//1583 1542//1542
f 3139//3139 14//14 13//13
f 654//654 658//658 644//644
f 13//13 3126//3126 3138//3138
f 49//49 50//50 143//143
f 3139//3139 13//13 3138//3138
f 1609//1609 1721//1721 1603//1603
f 3194//3194 3285//3285 172//172
f 3285//3285 272//272 172//172
f 859//859 858//858 3285//3285
f 3285//3285 858//858 3135//3135
f 272//272 3285//3285 3134//3134
f 3285//3285 3135//3135 3134//3134
f 1542//1542 858//858 857//857
f 1747//1747 1866//1866 3294//3294
f 1542//1542 1617//1617 858//858
f 272//272 170//170 172//172
f 947//947 948//948 1730//1730
f 1699//1699 742//742 1700//1700
f 1674//1674 668//668 669//669
f 668//668 1674//1674 3139//3139
f 1721//1721 1609//1609 1675//1675
f 3139//3139 1674//1674 654//654
f 1626//1626 3138//3138 3132//3132
f 3132//3132 3138//3138 663//663
f 3126//3126 663//663 3138//3138
f 652//652 665//665 1722//1722
f 665//665 15//15 1722//1722
f 215//215 1706//1706 216//216
f 170//170 273//273 1713//1713
f 273//273 14//14 1713//1713
f 170//170 1713//1713 643//643
f 609//609 62//62 707//707
f 707//707 239//239 703//703
f 1722//1722 1721//1721 651//651
f 651//651 1721//1721 3295//3295
f 3295//3295 742//742 651//651
f 1721//1721 742//742 3295//3295
f 742//742 1721//1721 1700//1700
f 29//29 202//202 30//30
f 217//217 30//30 202//202
f 1805//1805 687//687 688//688
f 2011//2011 3090//3090 3113//3113
f 1800//1800 688//688 686//686
f 1799//1799 686//686 1696//1696
f 1800//1800 686//686 1799//1799
f 1695//1695 1715//1715 3296//3296
f 1839//1839 1695//1695 3296//3296
f 1697//1697 1695//1695 1839//1839
f 3297//3297 1750//1750 1751//1751
f 1697//1697 1750//1750 3297//3297
f 949//949 1740//1740 948//948
f 1767//1767 1766//1766 3521//3521
f 1790//1790 1848//1848 1789//1789
f 949//949 1848//1848 1805//1805
f 949//949 1805//1805 1807//1807
f 949//949 1846//1846 1789//1789
f 1789//1789 1848//1848 949//949
f 1742//1742 948//948 1740//1740
f 3123//3123 420//420 418//418
f 1745//1745 1900//1900 1899//1899
f 286//286 1828//1828 284//284
f 746//746 281//281 582//582
f 1979//1979 1793//1793 1794//1794
f 577//577 38//38 1690//1690
f 577//577 1690//1690 3060//3060
f 2072//2072 1989//1989 1767//1767
f 1928//1928 745//745 3298//3298
f 1808//1808 1718//1718 1712//1712
f 3299//3299 1767//1767 3300//3300
f 2010//2010 3300//3300 1767//1767
f 3050//3050 2913//2913 3103//3103
f 3048//3048 3103//3103 3112//3112
f 1712//1712 1679//1679 795//795
f 747//747 1877//1877 3010//3010
f 1988//1988 1767//1767 1989//1989
f 3010//3010 1995//1995 747//747
f 624//624 1745//1745 1979//1979
f 1899//1899 1979//1979 1745//1745
f 2078//2078 3010//3010 320//320
f 3301//3301 1864//1864 1865//1865
f 1712//1712 218//218 1679//1679
f 766//766 3172//3172 768//768
f 1698//1698 1718//1718 1699//1699
f 1847//1847 1848//1848 3060//3060
f 1888//1888 319//319 3302//3302
f 3266//3266 1995//1995 3010//3010
f 739//739 322//322 1522//1522
f 3303//3303 1888//1888 3299//3299
f 604//604 1845//1845 602//602
f 1845//1845 604//604 1881//1881
f 1693//1693 1778//1778 1780//1780
f 1780//1780 1692//1692 1693//1693
f 316//316 1863//1863 1862//1862
f 1863//1863 316//316 726//726
f 1741//1741 1809//1809 1742//1742
f 1847//1847 3304//3304 1804//1804
f 1694//1694 759//759 274//274
f 1824//1824 1823//1823 2//2
f 3060//3060 1690//1690 3304//3304
f 1884//1884 3021//3021 1883//1883
f 1846//1846 711//711 712//712
f 1739//1739 1820//1820 1735//1735
f 726//726 711//711 1846//1846
f 1846//1846 3085//3085 726//726
f 1848//1848 1790//1790 3060//3060
f 1824//1824 2//2 1645//1645
f 3305//3305 1824//1824 1645//1645
f 1806//1806 3305//3305 1714//1714
f 1806//1806 1714//1714 687//687
f 3305//3305 1806//1806 1824//1824
f 1749//1749 278//278 280//280
f 1824//1824 1806//1806 1804//1804
f 1690//1690 1825//1825 3304//3304
f 1748//1748 269//269 1739//1739
f 1836//1836 1763//1763 752//752
f 3085//3085 1731//1731 1851//1851
f 3085//3085 1851//1851 1863//1863
f 1763//1763 3185//3185 1764//1764
f 1613//1613 857//857 1614//1614
f 1824//1824 1804//1804 3304//3304
f 1825//1825 1824//1824 3304//3304
f 3207//3207 761//761 865//865
f 1730//1730 948//948 1841//1841
f 1741//1741 688//688 1800//1800
f 1741//1741 1780//1780 1809//1809
f 1851//1851 1731//1731 1852//1852
f 1852//1852 1731//1731 1842//1842
f 1855//1855 1869//1869 676//676
f 1771//1771 1998//1998 1773//1773
f 1868//1868 1869//1869 1855//1855
f 78//78 258//258 77//77
f 1623//1623 1603//1603 1721//1721
f 666//666 1350//1350 1808//1808
f 279//279 1748//1748 1739//1739
f 1756//1756 1749//1749 1758//1758
f 1756//1756 271//271 1749//1749
f 269//269 1749//1749 271//271
f 3124//3124 3306//3306 3307//3307
f 3124//3124 3307//3307 3058//3058
f 2929//2929 3005//3005 3004//3004
f 220//220 3308//3308 1645//1645
f 1645//1645 3308//3308 3305//3305
f 3309//3309 3305//3305 3308//3308
f 3309//3309 3308//3308 3310//3310
f 3310//3310 3308//3308 220//220
f 220//220 1821//1821 3310//3310
f 1821//1821 1839//1839 3310//3310
f 1840//1840 1830//1830 1829//1829
f 1839//1839 1750//1750 1697//1697
f 3309//3309 1839//1839 3296//3296
f 3309//3309 3296//3296 3305//3305
f 1714//1714 3305//3305 3296//3296
f 1714//1714 3296//3296 1715//1715
f 3312//3312 1913//1913 3311//3311
f 1913//1913 3312//3312 1914//1914
f 752//752 1737//1737 1836//1836
f 1847//1847 3060//3060 3304//3304
f 1802//1802 1829//1829 1736//1736
f 1807//1807 1805//1805 1740//1740
f 1835//1835 1803//1803 751//751
f 1905//1905 2230//2230 1906//1906
f 3282//3282 1734//1734 279//279
f 1865//1865 1850//1850 3272//3272
f 2805//2805 2804//2804 3005//3005
f 1029//1029 3046//3046 1028//1028
f 3313//3313 2020//2020 1903//1903
f 3090//3090 3313//3313 1903//1903
f 1905//1905 1703//1703 1948//1948
f 1950//1950 1905//1905 1948//1948
f 1949//1949 1948//1948 1986//1986
f 1991//1991 3086//3086 1988//1988
f 1986//1986 1702//1702 1968//1968
f 2040//2040 2085//2085 2083//2083
f 661//661 1756//1756 1760//1760
f 1786//1786 1787//1787 1856//1856
f 3310//3310 1839//1839 3309//3309
f 220//220 1716//1716 1821//1821
f 220//220 805//805 1716//1716
f 1749//1749 1732//1732 1758//1758
f 3147//3147 3015//3015 3006//3006
f 1749//1749 1748//1748 278//278
f 1788//1788 1786//1786 1840//1840
f 1840//1840 1786//1786 744//744
f 1747//1747 265//265 1866//1866
f 661//661 1760//1760 1765//1765
f 1732//1732 1733//1733 1758//1758
f 1758//1758 1733//1733 1770//1770
f 1813//1813 1788//1788 1802//1802
f 750//750 1737//1737 752//752
f 265//265 1747//1747 1744//1744
f 1761//1761 1759//1759 1813//1813
f 1788//1788 1840//1840 1829//1829
f 1802//1802 1788//1788 1829//1829
f 1813//1813 1759//1759 1811//1811
f 1760//1760 1756//1756 1759//1759
f 1759//1759 3314//3314 1811//1811
f 1759//1759 1756//1756 3314//3314
f 1756//1756 1757//1757 3314//3314
f 1934//1934 3314//3314 1757//1757
f 1755//1755 3314//3314 1934//1934
f 1850//1850 1763//1763 1836//1836
f 1761//1761 1813//1813 1802//1802
f 1736//1736 3315//3315 1738//1738
f 3316//3316 1746//1746 1747//1747
f 2123//2123 2125//2125 2136//2136
f 1830//1830 3315//3315 1736//1736
f 745//745 1830//1830 744//744
f 1764//1764 1765//1765 1835//1835
f 1764//1764 1835//1835 751//751
f 3294//3294 1697//1697 3297//3297
f 3317//3317 1762//1762 1784//1784
f 3317//3317 1755//1755 1762//1762
f 1755//1755 3317//3317 3314//3314
f 3318//3318 3315//3315 1830//1830
f 745//745 1928//1928 3315//3315
f 1802//1802 1803//1803 1761//1761
f 1855//1855 1854//1854 1868//1868
f 1784//1784 1774//1774 1787//1787
f 1774//1774 1776//1776 1787//1787
f 1784//1784 1787//1787 3317//3317
f 1787//1787 1788//1788 1811//1811
f 1811//1811 1788//1788 1812//1812
f 3317//3317 1787//1787 1811//1811
f 3317//3317 1811//1811 3314//3314
f 745//745 3318//3318 1830//1830
f 1854//1854 1856//1856 1787//1787
f 1869//1869 678//678 676//676
f 678//678 1869//1869 1775//1775
f 3319//3319 1752//1752 1757//1757
f 1524//1524 3320//3320 1475//1475
f 1868//1868 1854//1854 1776//1776
f 1776//1776 1854//1854 1787//1787
f 1775//1775 1868//1868 1776//1776
f 1835//1835 1777//1777 1761//1761
f 1752//1752 1934//1934 1757//1757
f 1803//1803 1835//1835 1761//1761
f 1774//1774 1784//1784 1933//1933
f 1785//1785 1933//1933 1784//1784
f 1785//1785 1822//1822 1933//1933
f 3321//3321 1762//1762 1754//1754
f 1841//1841 948//948 1742//1742
f 1753//1753 3321//3321 1754//1754
f 3322//3322 3321//3321 1753//1753
f 1775//1775 1933//1933 678//678
f 1774//1774 1933//1933 1775//1775
f 3315//3315 3189//3189 1738//1738
f 2185//2185 2142//2142 427//427
f 1928//1928 3189//3189 3315//3315
f 3297//3297 1746//1746 3316//3316
f 3316//3316 3294//3294 3297//3297
f 660//660 1746//1746 1751//1751
f 1734//1734 1618//1618 1616//1616
f 1938//1938 1753//1753 1939//1939
f 3282//3282 279//279 1617//1617
f 3294//3294 3316//3316 1747//1747
f 3297//3297 1751//1751 1746//1746
f 1753//1753 1752//1752 3319//3319
f 1733//1733 3319//3319 1770//1770
f 1770//1770 3319//3319 1757//1757
f 1785//1785 1762//1762 3321//3321
f 3322//3322 3278//3278 3321//3321
f 3321//3321 3278//3278 1822//1822
f 3321//3321 1822//1822 1785//1785
f 1822//1822 3278//3278 677//677
f 1940//1940 3278//3278 1938//1938
f 1939//1939 1733//1733 1616//1616
f 1939//1939 1753//1753 1733//1733
f 1733//1733 1753//1753 3319//3319
f 1753//1753 3277//3277 3322//3322
f 1836//1836 3189//3189 3272//3272
f 1944//1944 1855//1855 3520//3520
f 1853//1853 1855//1855 1944//1944
f 1940//1940 1943//1943 3278//3278
f 676//676 677//677 3278//3278
f 1941//1941 1943//1943 3323//3323
f 1940//1940 1939//1939 3323//3323
f 1616//1616 3323//3323 1939//1939
f 1831//1831 3324//3324 1864//1864
f 1778//1778 264//264 3185//3185
f 1764//1764 3185//3185 264//264
f 978//978 265//265 1744//1744
f 1902//1902 2033//2033 2024//2024
f 1962//1962 745//745 1947//1947
f 1773//1773 1998//1998 1810//1810
f 1910//1910 1912//1912 1943//1943
f 340//340 322//322 321//321
f 3059//3059 3058//3058 3046//3046
f 1522//1522 322//322 340//340
f 1838//1838 2004//2004 2006//2006
f 3326//3326 3298//3298 3325//3325
f 3327//3327 1810//1810 1871//1871
f 1929//1929 3326//3326 3328//3328
f 1979//1979 1794//1794 624//624
f 3113//3113 1899//1899 1898//1898
f 3329//3329 3330//3330 2068//2068
f 1768//1768 1767//1767 1828//1828
f 1837//1837 2004//2004 1838//1838
f 1837//1837 283//283 2004//2004
f 3118//3118 3089//3089 3177//3177
f 1984//1984 1972//1972 2031//2031
f 1866//1866 1697//1697 3294//3294
f 1928//1928 1930//1930 3189//3189
f 264//264 978//978 1764//1764
f 1866//1866 1801//1801 1697//1697
f 2013//2013 2014//2014 2913//2913
f 3322//3322 3277//3277 3278//3278
f 1616//1616 1617//1617 3323//3323
f 1617//1617 1558//1558 1405//1405
f 1405//1405 3323//3323 1617//1617
f 1475//1475 3323//3323 1405//1405
f 3324//3324 1779//1779 1864//1864
f 1864//1864 1779//1779 1850//1850
f 3270//3270 3331//3331 1881//1881
f 2119//2119 3269//3269 3270//3270
f 3270//3270 1881//1881 2119//2119
f 1842//1842 315//315 1852//1852
f 1779//1779 3324//3324 1809//1809
f 3324//3324 1742//1742 1809//1809
f 1742//1742 3324//3324 1841//1841
f 1841//1841 3324//3324 1849//1849
f 3324//3324 1831//1831 1849//1849
f 1849//1849 1831//1831 285//285
f 1606//1606 1607//1607 2121//2121
f 2124//2124 2123//2123 3332//3332
f 2137//2137 3332//3332 2123//2123
f 1836//1836 3272//3272 1850//1850
f 3298//3298 3326//3326 1929//1929
f 1929//1929 1928//1928 3298//3298
f 1909//1909 1908//1908 2156//2156
f 2156//2156 1908//1908 1766//1766
f 1736//1736 1737//1737 750//750
f 1913//1913 1864//1864 3301//3301
f 3333//3333 3311//3311 3301//3301
f 1913//1913 3301//3301 3311//3311
f 3333//3333 3301//3301 1865//1865
f 1865//1865 1930//1930 3333//3333
f 3333//3333 1929//1929 3328//3328
f 1969//1969 3334//3334 1949//1949
f 1920//1920 3335//3335 1918//1918
f 1920//1920 1919//1919 1815//1815
f 3318//3318 745//745 3315//3315
f 2121//2121 1923//1923 310//310
f 1923//1923 2121//2121 1926//1926
f 2128//2128 2130//2130 2153//2153
f 2153//2153 2130//2130 2188//2188
f 553//553 2153//2153 2188//2188
f 1994//1994 3336//3336 2183//2183
f 2117//2117 745//745 1962//1962
f 1796//1796 1810//1810 3327//3327
f 1922//1922 2128//2128 2153//2153
f 2161//2161 3320//3320 3337//3337
f 2133//2133 2120//2120 552//552
f 2267//2267 1512//1512 2445//2445
f 1475//1475 3320//3320 3323//3323
f 205//205 3320//3320 1524//1524
f 2136//2136 3337//3337 3320//3320
f 2136//2136 3320//3320 2228//2228
f 3320//3320 2259//2259 2228//2228
f 2259//2259 3320//3320 205//205
f 1870//1870 3338//3338 1871//1871
f 3124//3124 3063//3063 3306//3306
f 3521//3521 3338//3338 3339//3339
f 1871//1871 3338//3338 3521//3521
f 3040//3040 3341//3341 3340//3340
f 3342//3342 3040//3040 3340//3340
f 1871//1871 3521//3521 3327//3327
f 1997//1997 3339//3339 3338//3338
f 1997//1997 3338//3338 1870//1870
f 1999//1999 3339//3339 1997//1997
f 3302//3302 1767//1767 3299//3299
f 3302//3302 3299//3299 1888//1888
f 3339//3339 1999//1999 2010//2010
f 2024//2024 2034//2034 607//607
f 2034//2034 1974//1974 1975//1975
f 3167//3167 3073//3073 3074//3074
f 3167//3167 3074//3074 3182//3182
f 3026//3026 2731//2731 3155//3155
f 1965//1965 59//59 1964//1964
f 341//341 309//309 308//308
f 2140//2140 341//341 308//308
f 3187//3187 2960//2960 2959//2959
f 3225//3225 1726//1726 2959//2959
f 2959//2959 1726//1726 3187//3187
f 3122//3122 3071//3071 2924//2924
f 1940//1940 3323//3323 1943//1943
f 1834//1834 2101//2101 1837//1837
f 302//302 1992//1992 1945//1945
f 3343//3343 1832//1832 1701//1701
f 3344//3344 2101//2101 1833//1833
f 1728//1728 2101//2101 3344//3344
f 3344//3344 3345//3345 1728//1728
f 1728//1728 3345//3345 1904//1904
f 3346//3346 1796//1796 3327//3327
f 1772//1772 2108//2108 3303//3303
f 3339//3339 1767//1767 3521//3521
f 1838//1838 2006//2006 1900//1900
f 3347//3347 1907//1907 3348//3348
f 1772//1772 3349//3349 2109//2109
f 1798//1798 3349//3349 1772//1772
f 1943//1943 1942//1942 1910//1910
f 3350//3350 3313//3313 2028//2028
f 3298//3298 2117//2117 3325//3325
f 3333//3333 1930//1930 1929//1929
f 2157//2157 3326//3326 3325//3325
f 3328//3328 3326//3326 3311//3311
f 3311//3311 3333//3333 3328//3328
f 1798//1798 3346//3346 3347//3347
f 1798//1798 3347//3347 3349//3349
f 3325//3325 1917//1917 1915//1915
f 2157//2157 3325//3325 1915//1915
f 3348//3348 3349//3349 3347//3347
f 1771//1771 1772//1772 3303//3303
f 3352//3352 3351//3351 1907//1907
f 1816//1816 1960//1960 3335//3335
f 1911//1911 1856//1856 1853//1853
f 1942//1942 3353//3353 2231//2231
f 1941//1941 2231//2231 3353//3353
f 1941//1941 3353//3353 1942//1942
f 2032//2032 1886//1886 1973//1973
f 1973//1973 1984//1984 2032//2032
f 1855//1855 676//676 3520//3520
f 1943//1943 3520//3520 3278//3278
f 3326//3326 2157//2157 1766//1766
f 3346//3346 1798//1798 1796//1796
f 1932//1932 1911//1911 1910//1910
f 2160//2160 2053//2053 1874//1874
f 1872//1872 2160//2160 1874//1874
f 3326//3326 1766//1766 3311//3311
f 1907//1907 1909//1909 3352//3352
f 3352//3352 1909//1909 1915//1915
f 3520//3520 676//676 3278//3278
f 1912//1912 3520//3520 1943//1943
f 2156//2156 1915//1915 1909//1909
f 3521//3521 1766//1766 3327//3327
f 712//712 3060//3060 1790//1790
f 2082//2082 2160//2160 2115//2115
f 745//745 2117//2117 3298//3298
f 1908//1908 3346//3346 1766//1766
f 3347//3347 3346//3346 1908//1908
f 1916//1916 1918//1918 3352//3352
f 1916//1916 3352//3352 1915//1915
f 1918//1918 3351//3351 3352//3352
f 3354//3354 3348//3348 1907//1907
f 3354//3354 1907//1907 3351//3351
f 3335//3335 3355//3355 3351//3351
f 3355//3355 3354//3354 3351//3351
f 3356//3356 3357//3357 3358//3358
f 3356//3356 3358//3358 317//317
f 1907//1907 3347//3347 1908//1908
f 1912//1912 1944//1944 3520//3520
f 1459//1459 366//366 1458//1458
f 3345//3345 3359//3359 1904//1904
f 657//657 3359//3359 3345//3345
f 655//655 1906//1906 2230//2230
f 1960//1960 1816//1816 1814//1814
f 3346//3346 3327//3327 1766//1766
f 2194//2194 2447//2447 112//112
f 1910//1910 2231//2231 1931//1931
f 1942//1942 2231//2231 1910//1910
f 1925//1925 2128//2128 1922//1922
f 1922//1922 1923//1923 1925//1925
f 2193//2193 2149//2149 2147//2147
f 2231//2231 3360//3360 2230//2230
f 1815//1815 1919//1919 743//743
f 1947//1947 1919//1919 1961//1961
f 2117//2117 1917//1917 3325//3325
f 1919//1919 1947//1947 743//743
f 1961//1961 1917//1917 2117//2117
f 3361//3361 3362//3362 3363//3363
f 3363//3363 582//582 3361//3361
f 3363//3363 339//339 582//582
f 2332//2332 2161//2161 3337//3337
f 2161//2161 2332//2332 2129//2129
f 655//655 3362//3362 3359//3359
f 3359//3359 657//657 655//655
f 1898//1898 2005//2005 2011//2011
f 2129//2129 2128//2128 1925//1925
f 1925//1925 1927//1927 2129//2129
f 1905//1905 2107//2107 2230//2230
f 2230//2230 2107//2107 2229//2229
f 2231//2231 2229//2229 1931//1931
f 1931//1931 2229//2229 1786//1786
f 1786//1786 1856//1856 1931//1931
f 1856//1856 1932//1932 1931//1931
f 3364//3364 1905//1905 1958//1958
f 3364//3364 1958//1958 2107//2107
f 2107//2107 1905//1905 3364//3364
f 1786//1786 3365//3365 744//744
f 2229//2229 3365//3365 1786//1786
f 2107//2107 1814//1814 2229//2229
f 743//743 3365//3365 2229//2229
f 2229//2229 1814//1814 743//743
f 744//744 3365//3365 743//743
f 1960//1960 1814//1814 1957//1957
f 1958//1958 1957//1957 1814//1814
f 1905//1905 1959//1959 1958//1958
f 1815//1815 1816//1816 1920//1920
f 1920//1920 1816//1816 3335//3335
f 1956//1956 1959//1959 1905//1905
f 1956//1956 1905//1905 1950//1950
f 3366//3366 1959//1959 1956//1956
f 3367//3367 1906//1906 656//656
f 1955//1955 1906//1906 3367//3367
f 3351//3351 1918//1918 3335//3335
f 1916//1916 1919//1919 1918//1918
f 3335//3335 3366//3366 3355//3355
f 3335//3335 1960//1960 1959//1959
f 3335//3335 1959//1959 3366//3366
f 1904//1904 3368//3368 282//282
f 1897//1897 1832//1832 3343//3343
f 1772//1772 1773//1773 1797//1797
f 3368//3368 3361//3361 582//582
f 1956//1956 1949//1949 3334//3334
f 1956//1956 3334//3334 3366//3366
f 3368//3368 582//582 282//282
f 1955//1955 3343//3343 1701//1701
f 1701//1701 1703//1703 1955//1955
f 3357//3357 3369//3369 3355//3355
f 3368//3368 3359//3359 3362//3362
f 3361//3361 3368//3368 3362//3362
f 3370//3370 2012//2012 2013//2013
f 3091//3091 3370//3370 2013//2013
f 3345//3345 3344//3344 656//656
f 656//656 1833//1833 1897//1897
f 656//656 3344//3344 1833//1833
f 3343//3343 656//656 1897//1897
f 3345//3345 656//656 657//657
f 3343//3343 3367//3367 656//656
f 1955//1955 3367//3367 3343//3343
f 655//655 656//656 1906//1906
f 1919//1919 1917//1917 1961//1961
f 1917//1917 1919//1919 1916//1916
f 3355//3355 3366//3366 3334//3334
f 3355//3355 3369//3369 3354//3354
f 3359//3359 3368//3368 1904//1904
f 1969//1969 1945//1945 1991//1991
f 1945//1945 1967//1967 1946//1946
f 314//314 304//304 303//303
f 1745//1745 2058//2058 312//312
f 3371//3371 313//313 1834//1834
f 1834//1834 1838//1838 3371//3371
f 312//312 2058//2058 314//314
f 1745//1745 570//570 2058//2058
f 1834//1834 313//313 1832//1832
f 1832//1832 313//313 601//601
f 601//601 313//313 314//314
f 3371//3371 312//312 313//313
f 1838//1838 1900//1900 3371//3371
f 312//312 1900//1900 1745//1745
f 1900//1900 312//312 3371//3371
f 1946//1946 1967//1967 303//303
f 601//601 303//303 1701//1701
f 303//303 1968//1968 1701//1701
f 1832//1832 601//601 1701//1701
f 2092//2092 2018//2018 3372//3372
f 2092//2092 3372//3372 3086//3086
f 2059//2059 1970//1970 2060//2060
f 3373//3373 1967//1967 1945//1945
f 1986//1986 1967//1967 3373//3373
f 3086//3086 3372//3372 2059//2059
f 2059//2059 3372//3372 1970//1970
f 1970//1970 3372//3372 2018//2018
f 3373//3373 1945//1945 1949//1949
f 3373//3373 1949//1949 1986//1986
f 1703//1703 1702//1702 1986//1986
f 1986//1986 1948//1948 1703//1703
f 1946//1946 303//303 302//302
f 2083//2083 2085//2085 2077//2077
f 1903//1903 2020//2020 1902//1902
f 3340//3340 3374//3374 3042//3042
f 3342//3342 3340//3340 3042//3042
f 3125//3125 1992//1992 302//302
f 2020//2020 3313//3313 2081//2081
f 1991//1991 1992//1992 3086//3086
f 1981//1981 3082//3082 3375//3375
f 3329//3329 2068//2068 1971//1971
f 1971//1971 3376//3376 1970//1970
f 3376//3376 1971//1971 2068//2068
f 1970//1970 3376//3376 2068//2068
f 1989//1989 2072//2072 1990//1990
f 3370//3370 2074//2074 1973//1973
f 2012//2012 3370//3370 1973//1973
f 1767//1767 3339//3339 2010//2010
f 2108//2108 1889//1889 1888//1888
f 2024//2024 1901//1901 1902//1902
f 2005//2005 2004//2004 1885//1885
f 2072//2072 1969//1969 1991//1991
f 2113//2113 569//569 2031//2031
f 1984//1984 1973//1973 2074//2074
f 2895//2895 3377//3377 1819//1819
f 3377//3377 2895//2895 2896//2896
f 2012//2012 1973//1973 1887//1887
f 1888//1888 3303//3303 2108//2108
f 568//568 569//569 2113//2113
f 2031//2031 569//569 2032//2032
f 2109//2109 3349//3349 3348//3348
f 2156//2156 1766//1766 2157//2157
f 1766//1766 1768//1768 3311//3311
f 3312//3312 3311//3311 1768//1768
f 3357//3357 3356//3356 3369//3369
f 3369//3369 3356//3356 3378//3378
f 3356//3356 3379//3379 3378//3378
f 3379//3379 2109//2109 3378//3378
f 3379//3379 1889//1889 2109//2109
f 317//317 1889//1889 3379//3379
f 3356//3356 317//317 3379//3379
f 3380//3380 317//317 3358//3358
f 3358//3358 1969//1969 3380//3380
f 1969//1969 3358//3358 3334//3334
f 286//286 1914//1914 1828//1828
f 3383//3383 3382//3382 3381//3381
f 1768//1768 1828//1828 1914//1914
f 3312//3312 1768//1768 1914//1914
f 3384//3384 1969//1969 318//318
f 3384//3384 3380//3380 1969//1969
f 318//318 3380//3380 3384//3384
f 318//318 317//317 3380//3380
f 3358//3358 3357//3357 3334//3334
f 3355//3355 3334//3334 3357//3357
f 3378//3378 3348//3348 3369//3369
f 3369//3369 3348//3348 3354//3354
f 3103//3103 3039//3039 3112//3112
f 3348//3348 3378//3378 2109//2109
f 1969//1969 2072//2072 319//319
f 1969//1969 319//319 318//318
f 2072//2072 3302//3302 319//319
f 1767//1767 3302//3302 2072//2072
f 1901//1901 1793//1793 3080//3080
f 2109//2109 1889//1889 2108//2108
f 2005//2005 1898//1898 2006//2006
f 3113//3113 3090//3090 3080//3080
f 603//603 1978//1978 1636//1636
f 2010//2010 1771//1771 3300//3300
f 298//298 297//297 712//712
f 2011//2011 3113//3113 1898//1898
f 3015//3015 3147//3147 3041//3041
f 3041//3041 3147//3147 3078//3078
f 2011//2011 2028//2028 3090//3090
f 3090//3090 2028//2028 3313//3313
f 3303//3303 3300//3300 1771//1771
f 3300//3300 3303//3303 3299//3299
f 746//746 1877//1877 747//747
f 3266//3266 3010//3010 2078//2078
f 3350//3350 3266//3266 2078//2078
f 2028//2028 3266//3266 3350//3350
f 1635//1635 1637//1637 3350//3350
f 1635//1635 3350//3350 2078//2078
f 2887//2887 2800//2800 2900//2900
f 543//543 2029//2029 525//525
f 2789//2789 3119//3119 2899//2899
f 607//607 2034//2034 2017//2017
f 607//607 2017//2017 2016//2016
f 2017//2017 2034//2034 1975//1975
f 3070//3070 2015//2015 2073//2073
f 3092//3092 3115//3115 2067//2067
f 2800//2800 2050//2050 2070//2070
f 3115//3115 2800//2800 2070//2070
f 2900//2900 2800//2800 3115//3115
f 2070//2070 2050//2050 2071//2071
f 3093//3093 523//523 3092//3092
f 2901//2901 2001//2001 1964//1964
f 3385//3385 2009//2009 58//58
f 58//58 2009//2009 60//60
f 3385//3385 2056//2056 2057//2057
f 2051//2051 2131//2131 2887//2887
f 2035//2035 523//523 3093//3093
f 3093//3093 2086//2086 2035//2035
f 523//523 524//524 3092//3092
f 58//58 2056//2056 3385//3385
f 2900//2900 524//524 2030//2030
f 2992//2992 2886//2886 2889//2889
f 2992//2992 2889//2889 2897//2897
f 2897//2897 617//617 2992//2992
f 617//617 2897//2897 618//618
f 1874//1874 543//543 525//525
f 2053//2053 543//543 1874//1874
f 2035//2035 2054//2054 525//525
f 2081//2081 3350//3350 1637//1637
f 3313//3313 3350//3350 2081//2081
f 3386//3386 2057//2057 2008//2008
f 2099//2099 2054//2054 2035//2035
f 2099//2099 2035//2035 2086//2086
f 1966//1966 2001//2001 2002//2002
f 1891//1891 1966//1966 2002//2002
f 2088//2088 2039//2039 2087//2087
f 2003//2003 1890//1890 2002//2002
f 2099//2099 1873//1873 2054//2054
f 1891//1891 2002//2002 1890//1890
f 3115//3115 2038//2038 2067//2067
f 2070//2070 2038//2038 3115//3115
f 1902//1902 1974//1974 2033//2033
f 3387//3387 359//359 357//357
f 1890//1890 528//528 526//526
f 359//359 3387//3387 323//323
f 323//323 325//325 359//359
f 323//323 3387//3387 593//593
f 593//593 2102//2102 323//323
f 1881//1881 3331//3331 1843//1843
f 2114//2114 2183//2183 3336//3336
f 324//324 2053//2053 2082//2082
f 539//539 538//538 2025//2025
f 527//527 2025//2025 538//538
f 1976//1976 2019//2019 1993//1993
f 1976//1976 1993//1993 393//393
f 596//596 595//595 3096//3096
f 3387//3387 594//594 593//593
f 466//466 2559//2559 476//476
f 2008//2008 527//527 3386//3386
f 1009//1009 2825//2825 2832//2832
f 2131//2131 2132//2132 2888//2888
f 58//58 59//59 1965//1965
f 2783//2783 2854//2854 2057//2057
f 2835//2835 2858//2858 2864//2864
f 2912//2912 2835//2835 2864//2864
f 2535//2535 405//405 2576//2576
f 528//528 2025//2025 527//527
f 2025//2025 528//528 2026//2026
f 2150//2150 2453//2453 3388//3388
f 357//357 358//358 2132//2132
f 2186//2186 2185//2185 428//428
f 427//427 428//428 2185//2185
f 527//527 2522//2522 3386//3386
f 594//594 2132//2132 2052//2052
f 2003//2003 2132//2132 2103//2103
f 2858//2858 2132//2132 2003//2003
f 2103//2103 2132//2132 3389//3389
f 594//594 357//357 2132//2132
f 3387//3387 357//357 594//594
f 3337//3337 2136//2136 2125//2125
f 2888//2888 2132//2132 2838//2838
f 529//529 405//405 2536//2536
f 2009//2009 2855//2855 2869//2869
f 2869//2869 2855//2855 3390//3390
f 2855//2855 2009//2009 3385//3385
f 3108//3108 3056//3056 60//60
f 3108//3108 60//60 529//529
f 1902//1902 2019//2019 1974//1974
f 2085//2085 2067//2067 2077//2077
f 2067//2067 2085//2085 3093//3093
f 1637//1637 1993//1993 2081//2081
f 3093//3093 2085//2085 2086//2086
f 3125//3125 2089//2089 1992//1992
f 1992//1992 2089//2089 3391//3391
f 1992//1992 3391//3391 3086//3086
f 2113//2113 2089//2089 3125//3125
f 3125//3125 568//568 2113//2113
f 3125//3125 304//304 568//568
f 3391//3391 2089//2089 2092//2092
f 3391//3391 2092//2092 3086//3086
f 1977//1977 1978//1978 3392//3392
f 3392//3392 1978//1978 602//602
f 2000//2000 2080//2080 602//602
f 602//602 2080//2080 3392//3392
f 3392//3392 2080//2080 2039//2039
f 3392//3392 2039//2039 2088//2088
f 3392//3392 2088//2088 1977//1977
f 2039//2039 2079//2079 2084//2084
f 2000//2000 2079//2079 2080//2080
f 2084//2084 2079//2079 2099//2099
f 2099//2099 2079//2079 2111//2111
f 1873//1873 2099//2099 2111//2111
f 2111//2111 2079//2079 2000//2000
f 2082//2082 2115//2115 1921//1921
f 1921//1921 2115//2115 1606//1606
f 1791//1791 1792//1792 3393//3393
f 1859//1859 1607//1607 1608//1608
f 1606//1606 2122//2122 1921//1921
f 2026//2026 3100//3100 2027//2027
f 2155//2155 2133//2133 552//552
f 1875//1875 1876//1876 428//428
f 342//342 343//343 357//357
f 3394//3394 1875//1875 428//428
f 2461//2461 3394//3394 428//428
f 422//422 412//412 421//421
f 428//428 1876//1876 2186//2186
f 1926//1926 1607//1607 3273//3273
f 539//539 2110//2110 537//537
f 2522//2522 537//537 1875//1875
f 1880//1880 2114//2114 2112//2112
f 528//528 1890//1890 2003//2003
f 2003//2003 2103//2103 528//528
f 528//528 2103//2103 2026//2026
f 2483//2483 2420//2420 2238//2238
f 2114//2114 3336//3336 3393//3393
f 2111//2111 1880//1880 2112//2112
f 739//739 1924//1924 1996//1996
f 2183//2183 2093//2093 1994//1994
f 1924//1924 739//739 1522//1522
f 1941//1941 3360//3360 2231//2231
f 3395//3395 2095//2095 2093//2093
f 2000//2000 1845//1845 1879//1879
f 1844//1844 1879//1879 1845//1845
f 2112//2112 2114//2114 3396//3396
f 2112//2112 3396//3396 1872//1872
f 1872//1872 1873//1873 2112//2112
f 1994//1994 1791//1791 3336//3336
f 2094//2094 1858//1858 1857//1857
f 2183//2183 3395//3395 2093//2093
f 3395//3395 1844//1844 1843//1843
f 1844//1844 3395//3395 1878//1878
f 1878//1878 3395//3395 2183//2183
f 3331//3331 2094//2094 2095//2095
f 3270//3270 2094//2094 3331//3331
f 1843//1843 3331//3331 2095//2095
f 1843//1843 2095//2095 3395//3395
f 2161//2161 3397//3397 3320//3320
f 3269//3269 1941//1941 3323//3323
f 3320//3320 3397//3397 3269//3269
f 3269//3269 3323//3323 3320//3320
f 2118//2118 2126//2126 1927//1927
f 3397//3397 1858//1858 2094//2094
f 1927//1927 3273//3273 2118//2118
f 3360//3360 3363//3363 2230//2230
f 2118//2118 3397//3397 2126//2126
f 1858//1858 3397//3397 2118//2118
f 3363//3363 340//340 339//339
f 2094//2094 3269//3269 3397//3397
f 3360//3360 1941//1941 340//340
f 3360//3360 340//340 3363//3363
f 3362//3362 2230//2230 3363//3363
f 2161//2161 2127//2127 2126//2126
f 1859//1859 2118//2118 3273//3273
f 3397//3397 2161//2161 2126//2126
f 2289//2289 2184//2184 2027//2027
f 2167//2167 2182//2182 2166//2166
f 358//358 2141//2141 397//397
f 2184//2184 2186//2186 2027//2027
f 2155//2155 2188//2188 2331//2331
f 3398//3398 3100//3100 2104//2104
f 2105//2105 3398//3398 2104//2104
f 3362//3362 655//655 2230//2230
f 3399//3399 2227//2227 2105//2105
f 3400//3400 2326//2326 2142//2142
f 2453//2453 2151//2151 2452//2452
f 2129//2129 1927//1927 2127//2127
f 3332//3332 2226//2226 2331//2331
f 2184//2184 2289//2289 2185//2185
f 3100//3100 2026//2026 2104//2104
f 2104//2104 2026//2026 2103//2103
f 2115//2115 2160//2160 1792//1792
f 2160//2160 1872//1872 3396//3396
f 1792//1792 2160//2160 3396//3396
f 1792//1792 3396//3396 3393//3393
f 3393//3393 3396//3396 2114//2114
f 3393//3393 3336//3336 1791//1791
f 1607//1607 1859//1859 3273//3273
f 429//429 2461//2461 428//428
f 2141//2141 358//358 343//343
f 537//537 2110//2110 1876//1876
f 2461//2461 1875//1875 3394//3394
f 2140//2140 343//343 341//341
f 1875//1875 3386//3386 2522//2522
f 2057//2057 3386//3386 1875//1875
f 2057//2057 1875//1875 2783//2783
f 2187//2187 3337//3337 2125//2125
f 2332//2332 3337//3337 2187//2187
f 2526//2526 473//473 474//474
f 2770//2770 512//512 3401//3401
f 2341//2341 459//459 390//390
f 2520//2520 2523//2523 2528//2528
f 2528//2528 472//472 2520//2520
f 3400//3400 2142//2142 2289//2289
f 2583//2583 2579//2579 2491//2491
f 354//354 2491//2491 2579//2579
f 2180//2180 2349//2349 2469//2469
f 3402//3402 2321//2321 2175//2175
f 2500//2500 3402//3402 2175//2175
f 2494//2494 2366//2366 3403//3403
f 397//397 2141//2141 2349//2349
f 112//112 2447//2447 113//113
f 2065//2065 2432//2432 111//111
f 2065//2065 2066//2066 2432//2432
f 1507//1507 2258//2258 2446//2446
f 2258//2258 2267//2267 2446//2446
f 2908//2908 2973//2973 2878//2878
f 2742//2742 1892//1892 936//936
f 936//936 1892//1892 2697//2697
f 3400//3400 2289//2289 3100//3100
f 2214//2214 1519//1519 329//329
f 1518//1518 1519//1519 2214//2214
f 2164//2164 2141//2141 2120//2120
f 2120//2120 2141//2141 2140//2140
f 2227//2227 3399//3399 2147//2147
f 2147//2147 2148//2148 2227//2227
f 3399//3399 2194//2194 2147//2147
f 2147//2147 2194//2194 2193//2193
f 2194//2194 3399//3399 3389//3389
f 2105//2105 2227//2227 3400//3400
f 3398//3398 3400//3400 3100//3100
f 2105//2105 3400//3400 3398//3398
f 2174//2174 2173//2173 426//426
f 2479//2479 2064//2064 2525//2525
f 2508//2508 628//628 2510//2510
f 2510//2510 628//628 629//629
f 2105//2105 2103//2103 3399//3399
f 3389//3389 3399//3399 2103//2103
f 2212//2212 2330//2330 2165//2165
f 2555//2555 3404//3404 513//513
f 2164//2164 2349//2349 2141//2141
f 2432//2432 2066//2066 3405//3405
f 2212//2212 2251//2251 2330//2330
f 2224//2224 2207//2207 2241//2241
f 427//427 2143//2143 429//429
f 2463//2463 2464//2464 3406//3406
f 2325//2325 2192//2192 2191//2191
f 2175//2175 423//423 2500//2500
f 3332//3332 2331//2331 2188//2188
f 3407//3407 2963//2963 2962//2962
f 2479//2479 2963//2963 3407//3407
f 2326//2326 2325//2325 2176//2176
f 553//553 2188//2188 2155//2155
f 422//422 2192//2192 2148//2148
f 2349//2349 2348//2348 397//397
f 2142//2142 2326//2326 2176//2176
f 2227//2227 2326//2326 3400//3400
f 2223//2223 2447//2447 358//358
f 2166//2166 2484//2484 2250//2250
f 3332//3332 2188//2188 2124//2124
f 3332//3332 2137//2137 2226//2226
f 3406//3406 2485//2485 2463//2463
f 1468//1468 1467//1467 3408//3408
f 2292//2292 2457//2457 2477//2477
f 2194//2194 358//358 2447//2447
f 2143//2143 2144//2144 429//429
f 2201//2201 2321//2321 2461//2461
f 2207//2207 2224//2224 2273//2273
f 414//414 2148//2148 2149//2149
f 422//422 2148//2148 414//414
f 2212//2212 2165//2165 2209//2209
f 2905//2905 2225//2225 2260//2260
f 2905//2905 2260//2260 2135//2135
f 358//358 2194//2194 3389//3389
f 289//289 2226//2226 288//288
f 2284//2284 2189//2189 454//454
f 2464//2464 413//413 3407//3407
f 3407//3407 413//413 3405//3405
f 2152//2152 2150//2150 2485//2485
f 2454//2454 2452//2452 2500//2500
f 2454//2454 3388//3388 2453//2453
f 2829//2829 2786//2786 2787//2787
f 2236//2236 2428//2428 2198//2198
f 2457//2457 2418//2418 2477//2477
f 1517//1517 2250//2250 2241//2241
f 1517//1517 2241//2241 2207//2207
f 502//502 2460//2460 2203//2203
f 311//311 3409//3409 2149//2149
f 2432//2432 3409//3409 311//311
f 3410//3410 3409//3409 2432//2432
f 2432//2432 3405//3405 3410//3410
f 113//113 2223//2223 395//395
f 397//397 395//395 2223//2223
f 2181//2181 2182//2182 2167//2167
f 2460//2460 502//502 396//396
f 2261//2261 2134//2134 2135//2135
f 3411//3411 2469//2469 2261//2261
f 2261//2261 2469//2469 2134//2134
f 2267//2267 2258//2258 352//352
f 1510//1510 2267//2267 352//352
f 3411//3411 2180//2180 2469//2469
f 2180//2180 3411//3411 2182//2182
f 3411//3411 2221//2221 2182//2182
f 2261//2261 2221//2221 3411//3411
f 2260//2260 2221//2221 2261//2261
f 2166//2166 2221//2221 2484//2484
f 2484//2484 2221//2221 2260//2260
f 160//160 1516//1516 2235//2235
f 2330//2330 2251//2251 2199//2199
f 2199//2199 2251//2251 2200//2200
f 2167//2167 2330//2330 2199//2199
f 2199//2199 2459//2459 2167//2167
f 2217//2217 2334//2334 2297//2297
f 3412//3412 2363//2363 2316//2316
f 2315//2315 2316//2316 391//391
f 2428//2428 2170//2170 2272//2272
f 2236//2236 2170//2170 2428//2428
f 3409//3409 3410//3410 2149//2149
f 414//414 2149//2149 3410//3410
f 422//422 414//414 412//412
f 413//413 3410//3410 3405//3405
f 1507//1507 1687//1687 407//407
f 161//161 494//494 2214//2214
f 159//159 2266//2266 1512//1512
f 2445//2445 1512//1512 2266//2266
f 329//329 330//330 2214//2214
f 2214//2214 330//330 161//161
f 2272//2272 454//454 452//452
f 452//452 2428//2428 2272//2272
f 2274//2274 331//331 2262//2262
f 2262//2262 331//331 329//329
f 2284//2284 454//454 2235//2235
f 2235//2235 454//454 2272//2272
f 2280//2280 2190//2190 408//408
f 2190//2190 2282//2282 408//408
f 2334//2334 2217//2217 2215//2215
f 1686//1686 1687//1687 2271//2271
f 352//352 2258//2258 351//351
f 2446//2446 2445//2445 2266//2266
f 1861//1861 2446//2446 2274//2274
f 1495//1495 1476//1476 1477//1477
f 1477//1477 1455//1455 1495//1495
f 1497//1497 3413//3413 1456//1456
f 1456//1456 1461//1461 1497//1497
f 1477//1477 1484//1484 1455//1455
f 1508//1508 2446//2446 1861//1861
f 1861//1861 1860//1860 1508//1508
f 331//331 2446//2446 2266//2266
f 2139//2139 2138//2138 1488//1488
f 2138//2138 2271//2271 1488//1488
f 1487//1487 1488//1488 2271//2271
f 2270//2270 1507//1507 1487//1487
f 2271//2271 2270//2270 1487//1487
f 366//366 2329//2329 368//368
f 2100//2100 2139//2139 1488//1488
f 1528//1528 2139//2139 2100//2100
f 370//370 1529//1529 371//371
f 371//371 1529//1529 1528//1528
f 1528//1528 349//349 371//371
f 2138//2138 1530//1530 2355//2355
f 2276//2276 2355//2355 1530//1530
f 2409//2409 2451//2451 458//458
f 1686//1686 2271//2271 2355//2355
f 2138//2138 2355//2355 2271//2271
f 3410//3410 413//413 414//414
f 2486//2486 2485//2485 3406//3406
f 2437//2437 2412//2412 2413//2413
f 2413//2413 2489//2489 2437//2437
f 2580//2580 2963//2963 2179//2179
f 2580//2580 2179//2179 2177//2177
f 2393//2393 3412//3412 2243//2243
f 2316//2316 2314//2314 2335//2335
f 3412//3412 2335//2335 2242//2242
f 2242//2242 2243//2243 3412//3412
f 1467//1467 2334//2334 2269//2269
f 1468//1468 2295//2295 2299//2299
f 2320//2320 2297//2297 2595//2595
f 3408//3408 2211//2211 2293//2293
f 2268//2268 2211//2211 3408//3408
f 1480//1480 1478//1478 1476//1476
f 1453//1453 2269//2269 2334//2334
f 1467//1467 2268//2268 3408//3408
f 2211//2211 2268//2268 2269//2269
f 2299//2299 1509//1509 1468//1468
f 1507//1507 1452//1452 1487//1487
f 1506//1506 1482//1482 1507//1507
f 2297//2297 1509//1509 2288//2288
f 1489//1489 1452//1452 1458//1458
f 1452//1452 1489//1489 1487//1487
f 1495//1495 1454//1454 2300//2300
f 2295//2295 1468//1468 3408//3408
f 2286//2286 2295//2295 2294//2294
f 2211//2211 1452//1452 1482//1482
f 1507//1507 1482//1482 1452//1452
f 1508//1508 1507//1507 2446//2446
f 2446//2446 331//331 2274//2274
f 1459//1459 2329//2329 366//366
f 2293//2293 2295//2295 3408//3408
f 2334//2334 2215//2215 1453//1453
f 2286//2286 1495//1495 2300//2300
f 2286//2286 2300//2300 2299//2299
f 2286//2286 2299//2299 2295//2295
f 2300//2300 1454//1454 2288//2288
f 1456//1456 2287//2287 1454//1454
f 1482//1482 1506//1506 2237//2237
f 2228//2228 1861//1861 2274//2274
f 2274//2274 2265//2265 2228//2228
f 1502//1502 3414//3414 2211//2211
f 2211//2211 3414//3414 2293//2293
f 2294//2294 2293//2293 3414//3414
f 1476//1476 3414//3414 1376//1376
f 3414//3414 1476//1476 2294//2294
f 1476//1476 2286//2286 2294//2294
f 3414//3414 1502//1502 1376//1376
f 1456//1456 3413//3413 2287//2287
f 2304//2304 2287//2287 3413//3413
f 2307//2307 2287//2287 2304//2304
f 2307//2307 2304//2304 2302//2302
f 1386//1386 1460//1460 1462//1462
f 2304//2304 3413//3413 1497//1497
f 2304//2304 1497//1497 1460//1460
f 2311//2311 2313//2313 2308//2308
f 2313//2313 2319//2319 2318//2318
f 2318//2318 2302//2302 3415//3415
f 2303//2303 3415//3415 2302//2302
f 2308//2308 2313//2313 3415//3415
f 3415//3415 2313//2313 2318//2318
f 2303//2303 2308//2308 3415//3415
f 1460//1460 2308//2308 2304//2304
f 380//380 2308//2308 2629//2629
f 2311//2311 2308//2308 380//380
f 2585//2585 2632//2632 2584//2584
f 2584//2584 2632//2632 2676//2676
f 2246//2246 2245//2245 356//356
f 2684//2684 2333//2333 2340//2340
f 2340//2340 2333//2333 372//372
f 2388//2388 2340//2340 372//372
f 2329//2329 2309//2309 3416//3416
f 2216//2216 2309//2309 2329//2329
f 3417//3417 3416//3416 2309//2309
f 2309//2309 2406//2406 3417//3417
f 2406//2406 2309//2309 2319//2319
f 2298//2298 2319//2319 2309//2309
f 2298//2298 2297//2297 2320//2320
f 2320//2320 2319//2319 2298//2298
f 2323//2323 2407//2407 2324//2324
f 2405//2405 2406//2406 2312//2312
f 2406//2406 2319//2319 2312//2312
f 2313//2313 2312//2312 2319//2319
f 2329//2329 3416//3416 2328//2328
f 2328//2328 3416//3416 3417//3417
f 2310//2310 3418//3418 3419//3419
f 2384//2384 2571//2571 2219//2219
f 3420//3420 2571//2571 2384//2384
f 2570//2570 3421//3421 2337//2337
f 350//350 2327//2327 369//369
f 411//411 2154//2154 350//350
f 2264//2264 2154//2154 367//367
f 1458//1458 2285//2285 1489//1489
f 348//348 2285//2285 411//411
f 2222//2222 367//367 411//411
f 382//382 2327//2327 2263//2263
f 2290//2290 382//382 2263//2263
f 2263//2263 2327//2327 2154//2154
f 2154//2154 2327//2327 350//350
f 380//380 2571//2571 3420//3420
f 444//444 2399//2399 2291//2291
f 2487//2487 2399//2399 444//444
f 444//444 2291//2291 446//446
f 2290//2290 446//446 2291//2291
f 2291//2291 2399//2399 381//381
f 382//382 2291//2291 381//381
f 2323//2323 2328//2328 2407//2407
f 3417//3417 2407//2407 2328//2328
f 2322//2322 2305//2305 2323//2323
f 2323//2323 2305//2305 2328//2328
f 2328//2328 2305//2305 368//368
f 2264//2264 368//368 2305//2305
f 532//532 2290//2290 2306//2306
f 532//532 531//531 446//446
f 446//446 2290//2290 532//532
f 2570//2570 2336//2336 3418//3418
f 2322//2322 2324//2324 533//533
f 533//533 2324//2324 2336//2336
f 3417//3417 2406//2406 2407//2407
f 3419//3419 2324//2324 2407//2407
f 2405//2405 3419//3419 2407//2407
f 2405//2405 2310//2310 3419//3419
f 2312//2312 2310//2310 2405//2405
f 2570//2570 3418//3418 2392//2392
f 3419//3419 3418//3418 2336//2336
f 2336//2336 2324//2324 3419//3419
f 2392//2392 3418//3418 2310//2310
f 445//445 2337//2337 3422//3422
f 531//531 2337//2337 445//445
f 2487//2487 2208//2208 2333//2333
f 374//374 2333//2333 2208//2208
f 2487//2487 2333//2333 2684//2684
f 2684//2684 2399//2399 2487//2487
f 2335//2335 3412//3412 2316//2316
f 2408//2408 3423//3423 2232//2232
f 2379//2379 3423//3423 2408//2408
f 465//465 2433//2433 2379//2379
f 3424//3424 2427//2427 3423//3423
f 2425//2425 2427//2427 3424//3424
f 2379//2379 2433//2433 3424//3424
f 3424//3424 3423//3423 2379//2379
f 3424//3424 2433//2433 2425//2425
f 3425//3425 2427//2427 2388//2388
f 2427//2427 3425//3425 3423//3423
f 372//372 3425//3425 2388//2388
f 3423//3423 3425//3425 2403//2403
f 2403//2403 2232//2232 3423//3423
f 2403//2403 3425//3425 372//372
f 2430//2430 460//460 2431//2431
f 2431//2431 460//460 2341//2341
f 2281//2281 460//460 2430//2430
f 2190//2190 2281//2281 2430//2430
f 360//360 361//361 2393//2393
f 2615//2615 391//391 2364//2364
f 2316//2316 2364//2364 391//391
f 2393//2393 361//361 2339//2339
f 2433//2433 2362//2362 2425//2425
f 2362//2362 2615//2615 2364//2364
f 2433//2433 2361//2361 2362//2362
f 2362//2362 2361//2361 2615//2615
f 2615//2615 2361//2361 389//389
f 2433//2433 2240//2240 2361//2361
f 2368//2368 2096//2096 2553//2553
f 2244//2244 2247//2247 2489//2489
f 2248//2248 2489//2489 2247//2247
f 2403//2403 2233//2233 2232//2232
f 2277//2277 2345//2345 2279//2279
f 2403//2403 2411//2411 2233//2233
f 2234//2234 2233//2233 2411//2411
f 2776//2776 2737//2737 2781//2781
f 2253//2253 2737//2737 2776//2776
f 2882//2882 2976//2976 2422//2422
f 932//932 2252//2252 2777//2777
f 459//459 2341//2341 460//460
f 2427//2427 2426//2426 2339//2339
f 2339//2339 2388//2388 2427//2427
f 379//379 380//380 3420//3420
f 3426//3426 3427//3427 3422//3422
f 2394//2394 3422//3422 3427//3427
f 2394//2394 443//443 3422//3422
f 445//445 3422//3422 443//443
f 2384//2384 2415//2415 3420//3420
f 3427//3427 2415//2415 2394//2394
f 3420//3420 2415//2415 3427//3427
f 3426//3426 379//379 3427//3427
f 3427//3427 379//379 3420//3420
f 2392//2392 3421//3421 2570//2570
f 3421//3421 2392//2392 378//378
f 2337//2337 3426//3426 3422//3422
f 2337//2337 3421//3421 3426//3426
f 3426//3426 3421//3421 378//378
f 3426//3426 378//378 379//379
f 2671//2671 2599//2599 3428//3428
f 2601//2601 2247//2247 2246//2246
f 2246//2246 2247//2247 2244//2244
f 3429//3429 2629//2629 3428//3428
f 3429//3429 2571//2571 2629//2629
f 2629//2629 2571//2571 380//380
f 1386//1386 942//942 1460//1460
f 2592//2592 2599//2599 2577//2577
f 2577//2577 2594//2594 2592//2592
f 3429//3429 3428//3428 2220//2220
f 2338//2338 3429//3429 2220//2220
f 3429//3429 2338//2338 2571//2571
f 378//378 2392//2392 380//380
f 2418//2418 2457//2457 2197//2197
f 458//458 2315//2315 459//459
f 2355//2355 2410//2410 1686//1686
f 2356//2356 2410//2410 2355//2355
f 2314//2314 2315//2315 2451//2451
f 2356//2356 2314//2314 2451//2451
f 2451//2451 2410//2410 2356//2356
f 2451//2451 2315//2315 458//458
f 3430//3430 2362//2362 2363//2363
f 3430//3430 2426//2426 2362//2362
f 2362//2362 2426//2426 2425//2425
f 2339//2339 2426//2426 3430//3430
f 3430//3430 2393//2393 2339//2339
f 3412//3412 3430//3430 2363//2363
f 3412//3412 2393//2393 3430//3430
f 3431//3431 2617//2617 2456//2456
f 2249//2249 2617//2617 3431//3431
f 2488//2488 2456//2456 2617//2617
f 2196//2196 2195//2195 2436//2436
f 2436//2436 2456//2456 2196//2196
f 3431//3431 2456//2456 2436//2436
f 3431//3431 2436//2436 2248//2248
f 3431//3431 2248//2248 2249//2249
f 2554//2554 2368//2368 2553//2553
f 530//530 2246//2246 356//356
f 438//438 2163//2163 2292//2292
f 2292//2292 2163//2163 2435//2435
f 2159//2159 2197//2197 17//17
f 17//17 2197//2197 2457//2457
f 402//402 2465//2465 403//403
f 2449//2449 536//536 2441//2441
f 402//402 2438//2438 2439//2439
f 2431//2431 2238//2238 2420//2420
f 2420//2420 2483//2483 2418//2418
f 438//438 2477//2477 436//436
f 2412//2412 2437//2437 2436//2436
f 2195//2195 2412//2412 2436//2436
f 2616//2616 2588//2588 2097//2097
f 2360//2360 2412//2412 2195//2195
f 2477//2477 2418//2418 2483//2483
f 2477//2477 2483//2483 436//436
f 2197//2197 2429//2429 2418//2418
f 2198//2198 2429//2429 2197//2197
f 2613//2613 2458//2458 447//447
f 2613//2613 447//447 2497//2497
f 2419//2419 2418//2418 2429//2429
f 2419//2419 2429//2429 452//452
f 452//452 2429//2429 2428//2428
f 2315//2315 391//391 390//390
f 2341//2341 2238//2238 2431//2431
f 2360//2360 2238//2238 2341//2341
f 2315//2315 390//390 459//459
f 2589//2589 2097//2097 2588//2588
f 2357//2357 2417//2417 2435//2435
f 410//410 2466//2466 409//409
f 2505//2505 2736//2736 2735//2735
f 2554//2554 2553//2553 2556//2556
f 2359//2359 2416//2416 2417//2417
f 513//513 3404//3404 2359//2359
f 2359//2359 3404//3404 2416//2416
f 2416//2416 3432//3432 2444//2444
f 2368//2368 2370//2370 3433//3433
f 3433//3433 2619//2619 2368//2368
f 2203//2203 2466//2466 502//502
f 502//502 2466//2466 410//410
f 2465//2465 409//409 2466//2466
f 2439//2439 2465//2465 402//402
f 2448//2448 2441//2441 2438//2438
f 2440//2440 3434//3434 2439//2439
f 2179//2179 2963//2963 2479//2479
f 426//426 2173//2173 2462//2462
f 2482//2482 2480//2480 2525//2525
f 2525//2525 2480//2480 2179//2179
f 2173//2173 2494//2494 3435//3435
f 1954//1954 2462//2462 2421//2421
f 2462//2462 2173//2173 2421//2421
f 2421//2421 2173//2173 3435//3435
f 3434//3434 2440//2440 2474//2474
f 2455//2455 2163//2163 437//437
f 2476//2476 3435//3435 2475//2475
f 1953//1953 3435//3435 2476//2476
f 3435//3435 1953//1953 2421//2421
f 534//534 2440//2440 2441//2441
f 536//536 534//534 2441//2441
f 2455//2455 437//437 2196//2196
f 2476//2476 2481//2481 1953//1953
f 1953//1953 2481//2481 2474//2474
f 2482//2482 2474//2474 2481//2481
f 2482//2482 3436//3436 2474//2474
f 2474//2474 3436//3436 3434//3434
f 2064//2064 3436//3436 2482//2482
f 2064//2064 2482//2482 2525//2525
f 2485//2485 3388//3388 2463//2463
f 3436//3436 2064//2064 2116//2116
f 2116//2116 2439//2439 3434//3434
f 3436//3436 2116//2116 3434//3434
f 3405//3405 2479//2479 3407//3407
f 2066//2066 2479//2479 3405//3405
f 355//355 2491//2491 354//354
f 2490//2490 2373//2373 2374//2374
f 2150//2150 3388//3388 2485//2485
f 2458//2458 2613//2613 2151//2151
f 2152//2152 2458//2458 2151//2151
f 2494//2494 3403//3403 3435//3435
f 3406//3406 2464//2464 2962//2962
f 3407//3407 2962//2962 2464//2464
f 2151//2151 2613//2613 2783//2783
f 1875//1875 2151//2151 2783//2783
f 2475//2475 2210//2210 2178//2178
f 2178//2178 2210//2210 2177//2177
f 2500//2500 2452//2452 3402//3402
f 2321//2321 3402//3402 3437//3437
f 3437//3437 3402//3402 2452//2452
f 2580//2580 3406//3406 2962//2962
f 2486//2486 3406//3406 2580//2580
f 3388//3388 421//421 2463//2463
f 2454//2454 421//421 3388//3388
f 2151//2151 3437//3437 2452//2452
f 1875//1875 3437//3437 2151//2151
f 2461//2461 3437//3437 1875//1875
f 2174//2174 3438//3438 2172//2172
f 2834//2834 2839//2839 2833//2833
f 2655//2655 2205//2205 2513//2513
f 2513//2513 2206//2206 2172//2172
f 2494//2494 2496//2496 2366//2366
f 2344//2344 3439//3439 2783//2783
f 2842//2842 3439//3439 2344//2344
f 3390//3390 2783//2783 3439//3439
f 2533//2533 2890//2890 2644//2644
f 2321//2321 3437//3437 2461//2461
f 2152//2152 2485//2485 2372//2372
f 2210//2210 3403//3403 2365//2365
f 376//376 2367//2367 2373//2373
f 2365//2365 2367//2367 376//376
f 3438//3438 2513//2513 2172//2172
f 628//628 3440//3440 549//549
f 2443//2443 2774//2774 467//467
f 2443//2443 467//467 522//522
f 549//549 3440//3440 3441//3441
f 2508//2508 2521//2521 628//628
f 2818//2818 3442//3442 2787//2787
f 2787//2787 2816//2816 2818//2818
f 3435//3435 3403//3403 2475//2475
f 2475//2475 3403//3403 2210//2210
f 2344//2344 2783//2783 2893//2893
f 2343//2343 2344//2344 2893//2893
f 2499//2499 2511//2511 481//481
f 468//468 467//467 2774//2774
f 2524//2524 468//468 424//424
f 2496//2496 2517//2517 2468//2468
f 2468//2468 2386//2386 2496//2496
f 2513//2513 2519//2519 2655//2655
f 2365//2365 3403//3403 2366//2366
f 2786//2786 2655//2655 2519//2519
f 2519//2519 629//629 2786//2786
f 432//432 2493//2493 2402//2402
f 3443//3443 2635//2635 2396//2396
f 515//515 2714//2714 516//516
f 3444//3444 3445//3445 2735//2735
f 2783//2783 2784//2784 2892//2892
f 2041//2041 2042//2042 2847//2847
f 2849//2849 2847//2847 2042//2042
f 2531//2531 2829//2829 2530//2530
f 478//478 2784//2784 481//481
f 521//521 2784//2784 479//479
f 479//479 2784//2784 478//478
f 3441//3441 2849//2849 550//550
f 2787//2787 627//627 2816//2816
f 2908//2908 2878//2878 2726//2726
f 3446//3446 2654//2654 480//480
f 2654//2654 3446//3446 2204//2204
f 2512//2512 2467//2467 3446//3446
f 3446//3446 2467//2467 2468//2468
f 2468//2468 2204//2204 3446//3446
f 2205//2205 2654//2654 2204//2204
f 2829//2829 2531//2531 3447//3447
f 2350//2350 3447//3447 2531//2531
f 2654//2654 3447//3447 2350//2350
f 2786//2786 2829//2829 3447//3447
f 2655//2655 3447//3447 2654//2654
f 2786//2786 3447//3447 2655//2655
f 475//475 477//477 2837//2837
f 2801//2801 2973//2973 2802//2802
f 1782//1782 2564//2564 1781//1781
f 466//466 2527//2527 2559//2559
f 3432//3432 2416//2416 3404//3404
f 2509//2509 2174//2174 426//426
f 2174//2174 2509//2509 3438//3438
f 2512//2512 3446//3446 480//480
f 2520//2520 473//473 2527//2527
f 1783//1783 2741//2741 2755//2755
f 2528//2528 2523//2523 2478//2478
f 498//498 2449//2449 3432//3432
f 2449//2449 2444//2444 3432//3432
f 2526//2526 474//474 2563//2563
f 426//426 425//425 2509//2509
f 2774//2774 2507//2507 425//425
f 2509//2509 425//425 2507//2507
f 2566//2566 2586//2586 2587//2587
f 2562//2562 2586//2586 2566//2566
f 3448//3448 2563//2563 474//474
f 3432//3432 3448//3448 498//498
f 498//498 3448//3448 474//474
f 2564//2564 433//433 434//434
f 433//433 2564//2564 1782//1782
f 3433//3433 2561//2561 3449//3449
f 2529//2529 2770//2770 2503//2503
f 2770//2770 434//434 512//512
f 512//512 2473//2473 3401//3401
f 435//435 512//512 434//434
f 2523//2523 535//535 2478//2478
f 442//442 2524//2524 424//424
f 2524//2524 442//442 2523//2523
f 2523//2523 442//442 535//535
f 2493//2493 2566//2566 3450//3450
f 3450//3450 2402//2402 2493//2493
f 2473//2473 3449//3449 3401//3401
f 2462//2462 1954//1954 442//442
f 3449//3449 3451//3451 3401//3401
f 2561//2561 3451//3451 3449//3449
f 3401//3401 3451//3451 2770//2770
f 3451//3451 2503//2503 2770//2770
f 2503//2503 3451//3451 2561//2561
f 2797//2797 2754//2754 2891//2891
f 2703//2703 2891//2891 2754//2754
f 2797//2797 2891//2891 1008//1008
f 3452//3452 612//612 2069//2069
f 2560//2560 433//433 1782//1782
f 433//433 2563//2563 435//435
f 2529//2529 2648//2648 2565//2565
f 2564//2564 2565//2565 2648//2648
f 435//435 2729//2729 512//512
f 2501//2501 336//336 2549//2549
f 2549//2549 2647//2647 2501//2501
f 2501//2501 2647//2647 2529//2529
f 2740//2740 2769//2769 2763//2763
f 2740//2740 2763//2763 2717//2717
f 2740//2740 2727//2727 2769//2769
f 2552//2552 2727//2727 2740//2740
f 3432//3432 2729//2729 3448//3448
f 2729//2729 3432//3432 2555//2555
f 2555//2555 3432//3432 3404//3404
f 2473//2473 512//512 511//511
f 337//337 503//503 561//561
f 503//503 504//504 561//561
f 3453//3453 3454//3454 2741//2741
f 2741//2741 2709//2709 3453//3453
f 3448//3448 2729//2729 435//435
f 435//435 2563//2563 3448//3448
f 2370//2370 2561//2561 3433//3433
f 3433//3433 3455//3455 2619//2619
f 3455//3455 2617//2617 2618//2618
f 2619//2619 3455//3455 2618//2618
f 2617//2617 3455//3455 2488//2488
f 3455//3455 2472//2472 2488//2488
f 3433//3433 2472//2472 3455//3455
f 2472//2472 3433//3433 3449//3449
f 2473//2473 2472//2472 3449//3449
f 2539//2539 2604//2604 2538//2538
f 2538//2538 2604//2604 490//490
f 2566//2566 2587//2587 3450//3450
f 519//519 518//518 2621//2621
f 2625//2625 519//519 2621//2621
f 2625//2625 2610//2610 2612//2612
f 3456//3456 2353//2353 2404//2404
f 2625//2625 2612//2612 519//519
f 3458//3458 3457//3457 2567//2567
f 3457//3457 3458//3458 2609//2609
f 517//517 2401//2401 518//518
f 3457//3457 2610//2610 3459//3459
f 2609//2609 2610//2610 3457//3457
f 2634//2634 3456//3456 2404//2404
f 3456//3456 2634//2634 2567//2567
f 2735//2735 2753//2753 3444//3444
f 2607//2607 517//517 2612//2612
f 2607//2607 2612//2612 2611//2611
f 2608//2608 2611//2611 3460//3460
f 2607//2607 2611//2611 2608//2608
f 2400//2400 2577//2577 2671//2671
f 496//496 2584//2584 495//495
f 2676//2676 2631//2631 2382//2382
f 3461//3461 2382//2382 2631//2631
f 2382//2382 3461//3461 2380//2380
f 3456//3456 2567//2567 3457//3457
f 3462//3462 3461//3461 2631//2631
f 2670//2670 2671//2671 3428//3428
f 3428//3428 2629//2629 2670//2670
f 2766//2766 2634//2634 2390//2390
f 2568//2568 2634//2634 2766//2766
f 2643//2643 2633//2633 471//471
f 2558//2558 3444//3444 2753//2753
f 2558//2558 2753//2753 505//505
f 2643//2643 471//471 2642//2642
f 2765//2765 3444//3444 2558//2558
f 2773//2773 2650//2650 2718//2718
f 3461//3461 2643//2643 2380//2380
f 2659//2659 2661//2661 2603//2603
f 3212//3212 2679//2679 3463//3463
f 2404//2404 2390//2390 2634//2634
f 500//500 932//932 3220//3220
f 2629//2629 2603//2603 2631//2631
f 2631//2631 2603//2603 3462//3462
f 3464//3464 2707//2707 2504//2504
f 2677//2677 2678//2678 974//974
f 2964//2964 3465//3465 2944//2944
f 2621//2621 2630//2630 2626//2626
f 2545//2545 2630//2630 497//497
f 495//495 2545//2545 497//497
f 2246//2246 530//530 2601//2601
f 2616//2616 2601//2601 530//530
f 2598//2598 2592//2592 2591//2591
f 2598//2598 2591//2591 2383//2383
f 2220//2220 3428//3428 2599//2599
f 3467//3467 3466//3466 2608//2608
f 2606//2606 3466//3466 2590//2590
f 2593//2593 2606//2606 2590//2590
f 2608//2608 3466//3466 2606//2606
f 2590//2590 2518//2518 2593//2593
f 3466//3466 3468//3468 2590//2590
f 2590//2590 3468//3468 2279//2279
f 3467//3467 3468//3468 3466//3466
f 2234//2234 2411//2411 3468//3468
f 2411//2411 2279//2279 3468//3468
f 2578//2578 2234//2234 3468//3468
f 2578//2578 3468//3468 3467//3467
f 2582//2582 2249//2249 2247//2247
f 2489//2489 2248//2248 2437//2437
f 2582//2582 2098//2098 2249//2249
f 2249//2249 2098//2098 2618//2618
f 2096//2096 2618//2618 2098//2098
f 2619//2619 2618//2618 2096//2096
f 2589//2589 2378//2378 2377//2377
f 2096//2096 2097//2097 2377//2377
f 2587//2587 2546//2546 2614//2614
f 2614//2614 2546//2546 2548//2548
f 2467//2467 2511//2511 2499//2499
f 2614//2614 2539//2539 2587//2587
f 2587//2587 2539//2539 3450//3450
f 3450//3450 2539//2539 2537//2537
f 2537//2537 2389//2389 3450//3450
f 2389//2389 2402//2402 3450//3450
f 2569//2569 3458//3458 2567//2567
f 2381//2381 2676//2676 2382//2382
f 3458//3458 2569//2569 2605//2605
f 3458//3458 3460//3460 2609//2609
f 2609//2609 3460//3460 2611//2611
f 2643//2643 3469//3469 2633//2633
f 2633//2633 3469//3469 2661//2661
f 3469//3469 3462//3462 2661//2661
f 2661//2661 3462//3462 2603//2603
f 3461//3461 3469//3469 2643//2643
f 3462//3462 3469//3469 3461//3461
f 3460//3460 3458//3458 2605//2605
f 2620//2620 3460//3460 2605//2605
f 2578//2578 3467//3467 2620//2620
f 2386//2386 2374//2374 2367//2367
f 2608//2608 3460//3460 2620//2620
f 2608//2608 2620//2620 3467//3467
f 3470//3470 2680//2680 2649//2649
f 2680//2680 3470//3470 2380//2380
f 2380//2380 2642//2642 2680//2680
f 2380//2380 3470//3470 2545//2545
f 2549//2549 2650//2650 2773//2773
f 2626//2626 2635//2635 3443//3443
f 3443//3443 2625//2625 2626//2626
f 3459//3459 3443//3443 3456//3456
f 3459//3459 3456//3456 3457//3457
f 3459//3459 2625//2625 3443//3443
f 2610//2610 2625//2625 3459//3459
f 2649//2649 2626//2626 2630//2630
f 2649//2649 2630//2630 3470//3470
f 3470//3470 2630//2630 2545//2545
f 3456//3456 2398//2398 2353//2353
f 2396//2396 2398//2398 3443//3443
f 2773//2773 2648//2648 2647//2647
f 2549//2549 2773//2773 2647//2647
f 3443//3443 2398//2398 3456//3456
f 3471//3471 2707//2707 3464//3464
f 2622//2622 2506//2506 2710//2710
f 2622//2622 2623//2623 2506//2506
f 2653//2653 469//469 1055//1055
f 3472//3472 2653//2653 1055//1055
f 2653//2653 2656//2656 2652//2652
f 2656//2656 2653//2653 3472//3472
f 469//469 2642//2642 471//471
f 2514//2514 3473//3473 2516//2516
f 2514//2514 2779//2779 3471//3471
f 3471//3471 2779//2779 2664//2664
f 2657//2657 2515//2515 2516//2516
f 455//455 2779//2779 2515//2515
f 2515//2515 2779//2779 2514//2514
f 3464//3464 2514//2514 3471//3471
f 2514//2514 3464//3464 3473//3473
f 2404//2404 2353//2353 2352//2352
f 3474//3474 2516//2516 2397//2397
f 3473//3473 2354//2354 3475//3475
f 3473//3473 3475//3475 2516//2516
f 2397//2397 3475//3475 2354//2354
f 2516//2516 3475//3475 2397//2397
f 2354//2354 3464//3464 2352//2352
f 3473//3473 3464//3464 2354//2354
f 2624//2624 2352//2352 3464//3464
f 2624//2624 3464//3464 2641//2641
f 2657//2657 3474//3474 2637//2637
f 2637//2637 3474//3474 2635//2635
f 2516//2516 3474//3474 2657//2657
f 2396//2396 2635//2635 3474//3474
f 3474//3474 2397//2397 2396//2396
f 2642//2642 2653//2653 2652//2652
f 3472//3472 2657//2657 2656//2656
f 456//456 3472//3472 1055//1055
f 3472//3472 456//456 455//455
f 455//455 2515//2515 3472//3472
f 2515//2515 2657//2657 3472//3472
f 2659//2659 2677//2677 3476//3476
f 417//417 998//998 415//415
f 3476//3476 2628//2628 416//416
f 2628//2628 417//417 416//416
f 998//998 3463//3463 2681//2681
f 3463//3463 998//998 417//417
f 2681//2681 2679//2679 992//992
f 3463//3463 2679//2679 2681//2681
f 3476//3476 2675//2675 2628//2628
f 3476//3476 2677//2677 2675//2675
f 2661//2661 2660//2660 2633//2633
f 2692//2692 2707//2707 2664//2664
f 2707//2707 2692//2692 2694//2694
f 2660//2660 3476//3476 416//416
f 2660//2660 416//416 2633//2633
f 2660//2660 2659//2659 3476//3476
f 2603//2603 2678//2678 2659//2659
f 417//417 2627//2627 3463//3463
f 105//105 2688//2688 993//993
f 994//994 105//105 993//993
f 2665//2665 2674//2674 2672//2672
f 338//338 2953//2953 2952//2952
f 2627//2627 3212//3212 3463//3463
f 2581//2581 2665//2665 2672//2672
f 483//483 3212//3212 2627//2627
f 1127//1127 483//483 2627//2627
f 85//85 3212//3212 483//483
f 461//461 2665//2665 2581//2581
f 2043//2043 2041//2041 3019//3019
f 2727//2727 2836//2836 2771//2771
f 2707//2707 3471//3471 2664//2664
f 2694//2694 2668//2668 515//515
f 2665//2665 1139//1139 515//515
f 515//515 1139//1139 2714//2714
f 2674//2674 2665//2665 2666//2666
f 2666//2666 2667//2667 2674//2674
f 2667//2667 2666//2666 2668//2668
f 2714//2714 2708//2708 2713//2713
f 2714//2714 1140//1140 2708//2708
f 1139//1139 1140//1140 2714//2714
f 2711//2711 2708//2708 2685//2685
f 2713//2713 2708//2708 2711//2711
f 2623//2623 2504//2504 2506//2506
f 2505//2505 514//514 516//516
f 2505//2505 516//516 2713//2713
f 2504//2504 2641//2641 3464//3464
f 2710//2710 2505//2505 3445//3445
f 3445//3445 2505//2505 2735//2735
f 2639//2639 2781//2781 2782//2782
f 2720//2720 2781//2781 2639//2639
f 2720//2720 2777//2777 2776//2776
f 2715//2715 2505//2505 2712//2712
f 2712//2712 2505//2505 2713//2713
f 2713//2713 2711//2711 2712//2712
f 2836//2836 2757//2757 2841//2841
f 2756//2756 2757//2757 2836//2836
f 2695//2695 2669//2669 2688//2688
f 2669//2669 2668//2668 2692//2692
f 2694//2694 2692//2692 2668//2668
f 2450//2450 2782//2782 2722//2722
f 2952//2952 2450//2450 2722//2722
f 2669//2669 2663//2663 2688//2688
f 2688//2688 2663//2663 993//993
f 1532//1532 1531//1531 2638//2638
f 2678//2678 2603//2603 974//974
f 491//491 3220//3220 2687//2687
f 2687//2687 3220//3220 3221//3221
f 500//500 3220//3220 491//491
f 1146//1146 1531//1531 1144//1144
f 2720//2720 2776//2776 2781//2781
f 3222//3222 1145//1145 1144//1144
f 2715//2715 1145//1145 3222//3222
f 778//778 3007//3007 968//968
f 2964//2964 1464//1464 1463//1463
f 2686//2686 2715//2715 2712//2712
f 2541//2541 2749//2749 2736//2736
f 1144//1144 2505//2505 3222//3222
f 3170//3170 1532//1532 2638//2638
f 2720//2720 2639//2639 1146//1146
f 2422//2422 2976//2976 2424//2424
f 1144//1144 2736//2736 2505//2505
f 2696//2696 2697//2697 3170//3170
f 2893//2893 2885//2885 2343//2343
f 2767//2767 3170//3170 2697//2697
f 2687//2687 2716//2716 2686//2686
f 399//399 2730//2730 400//400
f 937//937 3477//3477 2450//2450
f 2450//2450 3477//3477 2782//2782
f 2638//2638 3477//3477 3170//3170
f 3170//3170 3477//3477 937//937
f 3477//3477 2639//2639 2782//2782
f 2639//2639 3477//3477 2638//2638
f 2723//2723 2725//2725 2737//2737
f 1532//1532 2767//2767 2541//2541
f 1532//1532 3170//3170 2767//2767
f 1532//1532 2541//2541 2736//2736
f 2741//2741 3454//3454 2755//2755
f 2758//2758 2756//2756 2878//2878
f 2878//2878 2756//2756 2726//2726
f 2849//2849 2840//2840 550//550
f 504//504 506//506 398//398
f 504//504 398//398 400//400
f 1144//1144 1532//1532 2736//2736
f 505//505 2753//2753 2761//2761
f 2734//2734 2761//2761 2753//2753
f 2736//2736 2761//2761 2734//2734
f 2749//2749 2761//2761 2736//2736
f 2777//2777 3221//3221 932//932
f 3221//3221 2777//2777 2719//2719
f 2253//2253 2777//2777 2252//2252
f 2722//2722 2782//2782 2725//2725
f 2282//2282 1510//1510 353//353
f 2719//2719 1145//1145 3221//3221
f 3221//3221 1145//1145 2716//2716
f 2737//2737 2725//2725 2781//2781
f 2950//2950 2903//2903 2982//2982
f 2723//2723 294//294 2724//2724
f 927//927 294//294 2723//2723
f 338//338 2724//2724 294//294
f 2906//2906 1727//1727 566//566
f 2906//2906 2699//2699 1727//1727
f 1727//1727 2699//2699 1725//1725
f 935//935 2450//2450 2747//2747
f 2952//2952 2747//2747 2450//2450
f 1725//1725 2747//2747 2952//2952
f 2724//2724 2952//2952 2722//2722
f 2742//2742 2738//2738 1892//1892
f 2597//2597 2982//2982 2903//2903
f 2966//2966 2982//2982 2597//2597
f 2544//2544 2542//2542 2802//2802
f 2883//2883 2422//2422 2993//2993
f 2983//2983 2984//2984 3478//3478
f 2698//2698 2596//2596 2904//2904
f 2961//2961 2746//2746 2747//2747
f 2699//2699 2961//2961 2747//2747
f 3479//3479 2540//2540 2738//2738
f 3479//3479 2698//2698 2540//2540
f 2746//2746 2961//2961 3479//3479
f 3479//3479 2961//2961 2698//2698
f 2742//2742 2746//2746 3479//3479
f 2738//2738 2742//2742 3479//3479
f 2728//2728 2727//2727 2552//2552
f 2728//2728 2550//2550 2943//2943
f 2802//2802 2973//2973 2943//2943
f 2943//2943 2973//2973 2908//2908
f 1895//1895 2943//2943 2550//2550
f 1895//1895 2550//2550 2909//2909
f 2876//2876 2877//2877 970//970
f 2748//2748 2768//2768 2730//2730
f 2749//2749 398//398 506//506
f 2697//2697 2744//2744 2767//2767
f 2748//2748 2744//2744 2745//2745
f 2768//2768 2551//2551 2552//2552
f 2552//2552 2717//2717 2768//2768
f 2551//2551 2768//2768 2748//2748
f 2551//2551 2748//2748 2745//2745
f 2778//2778 2551//2551 2745//2745
f 2551//2551 2909//2909 2550//2550
f 2909//2909 2551//2551 2778//2778
f 3453//3453 2771//2771 3454//3454
f 3454//3454 2705//2705 2755//2755
f 2803//2803 2704//2704 2841//2841
f 2784//2784 2613//2613 481//481
f 2836//2836 2841//2841 2771//2771
f 2771//2771 2841//2841 3454//3454
f 2841//2841 2705//2705 3454//3454
f 2771//2771 2769//2769 2727//2727
f 2648//2648 2773//2773 2772//2772
f 2863//2863 542//542 2843//2843
f 2764//2764 2771//2771 3453//3453
f 2510//2510 2519//2519 2513//2513
f 2509//2509 2510//2510 3438//3438
f 561//561 504//504 560//560
f 2718//2718 2650//2650 560//560
f 2513//2513 3438//3438 2510//2510
f 2772//2772 2709//2709 2648//2648
f 2762//2762 2709//2709 2772//2772
f 2764//2764 2709//2709 2762//2762
f 3453//3453 2709//2709 2764//2764
f 2796//2796 2795//2795 969//969
f 2765//2765 2572//2572 3444//3444
f 3444//3444 2572//2572 3445//3445
f 2718//2718 2762//2762 2773//2773
f 2710//2710 3445//3445 2572//2572
f 2654//2654 2350//2350 480//480
f 3480//3480 3481//3481 3482//3482
f 3483//3483 2877//2877 3452//3452
f 2063//2063 613//613 2062//2062
f 2826//2826 613//613 2063//2063
f 3441//3441 550//550 549//549
f 2757//2757 2645//2645 2803//2803
f 2757//2757 2803//2803 2841//2841
f 2532//2532 3484//3484 2534//2534
f 2063//2063 2534//2534 2826//2826
f 2902//2902 971//971 2534//2534
f 3481//3481 2543//2543 2544//2544
f 559//559 2543//2543 3481//3481
f 3481//3481 556//556 559//559
f 2061//2061 2890//2890 2533//2533
f 2533//2533 2063//2063 2061//2061
f 2645//2645 3485//3485 2532//2532
f 3481//3481 2544//2544 3482//3482
f 2743//2743 2891//2891 2703//2703
f 2442//2442 2832//2832 2831//2831
f 1008//1008 2891//2891 2890//2890
f 2061//2061 1008//1008 2890//2890
f 3020//3020 3485//3485 2645//2645
f 2645//2645 2758//2758 3020//3020
f 2645//2645 2757//2757 2758//2758
f 3487//3487 754//754 3486//3486
f 3023//3023 586//586 727//727
f 2933//2933 2934//2934 2971//2971
f 2821//2821 3011//3011 2911//2911
f 2871//2871 2823//2823 2884//2884
f 2343//2343 2884//2884 540//540
f 3030//3030 2920//2920 2918//2918
f 2069//2069 2820//2820 3483//3483
f 3488//3488 701//701 3094//3094
f 3094//3094 701//701 702//702
f 2845//2845 2752//2752 3019//3019
f 3483//3483 3489//3489 2877//2877
f 614//614 613//613 2795//2795
f 3489//3489 969//969 970//970
f 3489//3489 2911//2911 969//969
f 2821//2821 2911//2911 3489//3489
f 2815//2815 2844//2844 2793//2793
f 2043//2043 3019//3019 2752//2752
f 2750//2750 2043//2043 2752//2752
f 2880//2880 2047//2047 1937//1937
f 2048//2048 2047//2047 2879//2879
f 2877//2877 3489//3489 970//970
f 2826//2826 2795//2795 613//613
f 3489//3489 3483//3483 2821//2821
f 2820//2820 2821//2821 3483//3483
f 2342//2342 2967//2967 2851//2851
f 2879//2879 2047//2047 2880//2880
f 2819//2819 2956//2956 3011//3011
f 3011//3011 2956//2956 2852//2852
f 614//614 2796//2796 2967//2967
f 614//614 2967//2967 2342//2342
f 3011//3011 2967//2967 2796//2796
f 2852//2852 2967//2967 3011//3011
f 3490//3490 2442//2442 2831//2831
f 2442//2442 3490//3490 2443//2443
f 2007//2007 2865//2865 2788//2788
f 2858//2858 2701//2701 2702//2702
f 2864//2864 2863//2863 2870//2870
f 540//540 2884//2884 2857//2857
f 2818//2818 2817//2817 2823//2823
f 2843//2843 540//540 2857//2857
f 969//969 2827//2827 971//971
f 2823//2823 2871//2871 2818//2818
f 2758//2758 2801//2801 3020//3020
f 2849//2849 2042//2042 2840//2840
f 2041//2041 2907//2907 3019//3019
f 2793//2793 2844//2844 2907//2907
f 2825//2825 2793//2793 2907//2907
f 541//541 2343//2343 540//540
f 2864//2864 2870//2870 2912//2912
f 3439//3439 2842//2842 2862//2862
f 3390//3390 3439//3439 2862//2862
f 2575//2575 405//405 404//404
f 2868//2868 2702//2702 2794//2794
f 2750//2750 2868//2868 2794//2794
f 3441//3441 2848//2848 2849//2849
f 2787//2787 3442//3442 2530//2530
f 1009//1009 2832//2832 2798//2798
f 2798//2798 2832//2832 2837//2837
f 2798//2798 2837//2837 477//477
f 3440//3440 628//628 2521//2521
f 2443//2443 3490//3490 2521//2521
f 2848//2848 3490//3490 2831//2831
f 3441//3441 3490//3490 2848//2848
f 3441//3441 3440//3440 3490//3490
f 2521//2521 3490//3490 3440//3440
f 3442//3442 2873//2873 2874//2874
f 2818//2818 2871//2871 3442//3442
f 2873//2873 3442//3442 2871//2871
f 2875//2875 520//520 2874//2874
f 521//521 520//520 2875//2875
f 2874//2874 520//520 2530//2530
f 2874//2874 2530//2530 3442//3442
f 2863//2863 2843//2843 2870//2870
f 2885//2885 2892//2892 2875//2875
f 2885//2885 2893//2893 2892//2892
f 2875//2875 2892//2892 521//521
f 521//521 2892//2892 2784//2784
f 2907//2907 2041//2041 2847//2847
f 541//541 2146//2146 2842//2842
f 2856//2856 2828//2828 2839//2839
f 3390//3390 2855//2855 2783//2783
f 2575//2575 404//404 2862//2862
f 2854//2854 2855//2855 3385//3385
f 3385//3385 2057//2057 2854//2854
f 2535//2535 2864//2864 2858//2858
f 2858//2858 2536//2536 2535//2535
f 529//529 2536//2536 3108//3108
f 2047//2047 733//733 1937//1937
f 2858//2858 3108//3108 2536//2536
f 3491//3491 3097//3097 3096//3096
f 406//406 2869//2869 404//404
f 2862//2862 2869//2869 3390//3390
f 2788//2788 2790//2790 2007//2007
f 2858//2858 2838//2838 2132//2132
f 3389//3389 2132//2132 358//358
f 2036//2036 3492//3492 2023//2023
f 2071//2071 3492//3492 2036//2036
f 2898//2898 2790//2790 2899//2899
f 2838//2838 2858//2858 2702//2702
f 617//617 2790//2790 2898//2898
f 616//616 2799//2799 2751//2751
f 2851//2851 2789//2789 2788//2788
f 2812//2812 2789//2789 2851//2851
f 1983//1983 1818//1818 3119//3119
f 1983//1983 3119//3119 2812//2812
f 2890//2890 2743//2743 2644//2644
f 2910//2910 2851//2851 2788//2788
f 2751//2751 3493//3493 3079//3079
f 3493//3493 2752//2752 2845//2845
f 2752//2752 3493//3493 2751//2751
f 2814//2814 2866//2866 3493//3493
f 3493//3493 2845//2845 2814//2814
f 2845//2845 2815//2815 2814//2814
f 2888//2888 618//618 2897//2897
f 2865//2865 2007//2007 3079//3079
f 3493//3493 2866//2866 3079//3079
f 3079//3079 2866//2866 2865//2865
f 3484//3484 2532//2532 3485//3485
f 3465//3465 2964//2964 3482//3482
f 2964//2964 1463//1463 2949//2949
f 3482//3482 2964//2964 2949//2949
f 2542//2542 2780//2780 3020//3020
f 2069//2069 3483//3483 3452//3452
f 2902//2902 2534//2534 3484//3484
f 3484//3484 3485//3485 3494//3494
f 3484//3484 3494//3494 2902//2902
f 2780//2780 3494//3494 3485//3485
f 2780//2780 3485//3485 3020//3020
f 2543//2543 3494//3494 2780//2780
f 2996//2996 3121//3121 2995//2995
f 701//701 3488//3488 3074//3074
f 2876//2876 2902//2902 3494//3494
f 970//970 2902//2902 2876//2876
f 1028//1028 3495//3495 3161//3161
f 1027//1027 1028//1028 3161//3161
f 3496//3496 591//591 2919//2919
f 2424//2424 2966//2966 3497//3497
f 557//557 3498//3498 2853//2853
f 612//612 557//557 2853//2853
f 3452//3452 557//557 612//612
f 2971//2971 3498//3498 3480//3480
f 556//556 3498//3498 557//557
f 3480//3480 3498//3498 556//556
f 2543//2543 559//559 3494//3494
f 3494//3494 559//559 2876//2876
f 558//558 2876//2876 559//559
f 558//558 557//557 3452//3452
f 558//558 3452//3452 2877//2877
f 2939//2939 2850//2850 734//734
f 2931//2931 2934//2934 2933//2933
f 3498//3498 2934//2934 2853//2853
f 2921//2921 2922//2922 2881//2881
f 2881//2881 2883//2883 2921//2921
f 2971//2971 2934//2934 3498//3498
f 2937//2937 2936//2936 2938//2938
f 2937//2937 611//611 2785//2785
f 2931//2931 2937//2937 2785//2785
f 2932//2932 2922//2922 2923//2923
f 2936//2936 2932//2932 2923//2923
f 2051//2051 2052//2052 2131//2131
f 732//732 2850//2850 3094//3094
f 2850//2850 3488//3488 3094//3094
f 2938//2938 3488//3488 2850//2850
f 3074//3074 3488//3488 3182//3182
f 3182//3182 3488//3488 2938//2938
f 2938//2938 2936//2936 3182//3182
f 3182//3182 2936//2936 2935//2935
f 3497//3497 2966//2966 2822//2822
f 2423//2423 3497//3497 2981//2981
f 3497//3497 2423//2423 2424//2424
f 3073//3073 3071//3071 3122//3122
f 3482//3482 3499//3499 3480//3480
f 3499//3499 3482//3482 2949//2949
f 2544//2544 3465//3465 3482//3482
f 2802//2802 3465//3465 2544//2544
f 2883//2883 2985//2985 2983//2983
f 2945//2945 2983//2983 3478//3478
f 2982//2982 2968//2968 2950//2950
f 3480//3480 556//556 3481//3481
f 3499//3499 2969//2969 3480//3480
f 3480//3480 2969//2969 2971//2971
f 2949//2949 2969//2969 3499//3499
f 2968//2968 2969//2969 2950//2950
f 2950//2950 2969//2969 2949//2949
f 2944//2944 3465//3465 2802//2802
f 2802//2802 2943//2943 2944//2944
f 2422//2422 2423//2423 2993//2993
f 2903//2903 1465//1465 2904//2904
f 1463//1463 1465//1465 2903//2903
f 2904//2904 1465//1465 2540//2540
f 2904//2904 2540//2540 2698//2698
f 2988//2988 2984//2984 2985//2985
f 3497//3497 2972//2972 2981//2981
f 2980//2980 2981//2981 2972//2972
f 2942//2942 2940//2940 954//954
f 1726//1726 566//566 1727//1727
f 3497//3497 2822//2822 2972//2972
f 956//956 2958//2958 2957//2957
f 956//956 2957//2957 2942//2942
f 566//566 1726//1726 3225//3225
f 955//955 3500//3500 3225//3225
f 567//567 3225//3225 3500//3500
f 566//566 3225//3225 567//567
f 2972//2972 567//567 3500//3500
f 2972//2972 3500//3500 3168//3168
f 2980//2980 2972//2972 3168//3168
f 3168//3168 3500//3500 954//954
f 955//955 954//954 3500//3500
f 3168//3168 928//928 770//770
f 3168//3168 954//954 928//928
f 954//954 2940//2940 928//928
f 2935//2935 2923//2923 3166//3166
f 2935//2935 3166//3166 3167//3167
f 3501//3501 3166//3166 2923//2923
f 3501//3501 2923//2923 2945//2945
f 577//577 3502//3502 579//579
f 3501//3501 2945//2945 3478//3478
f 3501//3501 3478//3478 35//35
f 2983//2983 2945//2945 2921//2921
f 2921//2921 2883//2883 2983//2983
f 3501//3501 3071//3071 3166//3166
f 2954//2954 769//769 768//768
f 2733//2733 2732//2732 721//721
f 2997//2997 3503//3503 2998//2998
f 2989//2989 2998//2998 3503//3503
f 2988//2988 2989//2989 3504//3504
f 3503//3503 3504//3504 2989//2989
f 2988//2988 3478//3478 2984//2984
f 35//35 3478//3478 3504//3504
f 2988//2988 3504//3504 3478//3478
f 2997//2997 3504//3504 3503//3503
f 35//35 3504//3504 2997//2997
f 2997//2997 34//34 35//35
f 3037//3037 2955//2955 3172//3172
f 3172//3172 2955//2955 768//768
f 753//753 3002//3002 755//755
f 3163//3163 3031//3031 3030//3030
f 591//591 592//592 2918//2918
f 3030//3030 3003//3003 3163//3163
f 3047//3047 3045//3045 386//386
f 3163//3163 3003//3003 3171//3171
f 3160//3160 3163//3163 3171//3171
f 3171//3171 3003//3003 3002//3002
f 3002//3002 753//753 3159//3159
f 756//756 3159//3159 307//307
f 3014//3014 3159//3159 753//753
f 307//307 3159//3159 3014//3014
f 3505//3505 592//592 755//755
f 2760//2760 591//591 3496//3496
f 2760//2760 3496//3496 3008//3008
f 3486//3486 754//754 755//755
f 3486//3486 755//755 592//592
f 3013//3013 3014//3014 754//754
f 753//753 754//754 3014//3014
f 2918//2918 3505//3505 3030//3030
f 3003//3003 3030//3030 3505//3505
f 3003//3003 3505//3505 755//755
f 3487//3487 3184//3184 3013//3013
f 3184//3184 581//581 3013//3013
f 3013//3013 581//581 3012//3012
f 387//387 3026//3026 1883//1883
f 3487//3487 3013//3013 754//754
f 3001//3001 34//34 3037//3037
f 3486//3486 2926//2926 3487//3487
f 3068//3068 2809//2809 3506//3506
f 701//701 3073//3073 3122//3122
f 3184//3184 3487//3487 2926//2926
f 2924//2924 3184//3184 2926//2926
f 581//581 3184//3184 36//36
f 420//420 3000//3000 419//419
f 3045//3045 3226//3226 386//386
f 3226//3226 3045//3045 3022//3022
f 3505//3505 2918//2918 592//592
f 3060//3060 3059//3059 3502//3502
f 3122//3122 2925//2925 700//700
f 2919//2919 2920//2920 3008//3008
f 3008//3008 3496//3496 2919//2919
f 2924//2924 2925//2925 3122//3122
f 3081//3081 3374//3374 3082//3082
f 3340//3340 3507//3507 3374//3374
f 3082//3082 3374//3374 3507//3507
f 3042//3042 3374//3374 3044//3044
f 3044//3044 3374//3374 3081//3081
f 2733//2733 3155//3155 2731//2731
f 3046//3046 3307//3307 1028//1028
f 1028//1028 3307//3307 3495//3495
f 1027//1027 3022//3022 1029//1029
f 3045//3045 1029//1029 3022//3022
f 3118//3118 2929//2929 2927//2927
f 3023//3023 3027//3027 586//586
f 3508//3508 2045//2045 3082//3082
f 586//586 3027//3027 387//387
f 3058//3058 3307//3307 3046//3046
f 3008//3008 2920//2920 3031//3031
f 3161//3161 3509//3509 3143//3143
f 3495//3495 3307//3307 3306//3306
f 727//727 3226//3226 3154//3154
f 720//720 3155//3155 2733//2733
f 1645//1645 1//1 220//220
f 3023//3023 591//591 3027//3027
f 590//590 591//591 3023//3023
f 3226//3226 3022//3022 3154//3154
f 35//35 3071//3071 3501//3501
f 1882//1882 1883//1883 3155//3155
f 723//723 2732//2732 2731//2731
f 3021//3021 3059//3059 3047//3047
f 3047//3047 3059//3059 3046//3046
f 2045//2045 2046//2046 3082//3082
f 3027//3027 591//591 2731//2731
f 3027//3027 2731//2731 3026//3026
f 723//723 83//83 82//82
f 2804//2804 2806//2806 3035//3035
f 720//720 3502//3502 3155//3155
f 719//719 3502//3502 720//720
f 3052//3052 2925//2925 3072//3072
f 700//700 2925//2925 3052//3052
f 3486//3486 592//592 2926//2926
f 2860//2860 2861//2861 3035//3035
f 3147//3147 3006//3006 2860//2860
f 3059//3059 1884//1884 3502//3502
f 577//577 3060//3060 3502//3502
f 3502//3502 719//719 579//579
f 3502//3502 1884//1884 1882//1882
f 3502//3502 1882//1882 3155//3155
f 700//700 3053//3053 702//702
f 3040//3040 3342//3342 418//418
f 2808//2808 3066//3066 2810//2810
f 3051//3051 3066//3066 2808//2808
f 3041//3041 3341//3341 3040//3040
f 3109//3109 3341//3341 3041//3041
f 3053//3053 3075//3075 3077//3077
f 3077//3077 3075//3075 2995//2995
f 3062//3062 3510//3510 3120//3120
f 2044//2044 3510//3510 3062//3062
f 3306//3306 3063//3063 3495//3495
f 3061//3061 3068//3068 3506//3506
f 3383//3383 3061//3061 3382//3382
f 3382//3382 3061//3061 3506//3506
f 2045//2045 3510//3510 2044//2044
f 3124//3124 3061//3061 3063//3063
f 3062//3062 3061//3061 2044//2044
f 3063//3063 3161//3161 3495//3495
f 3509//3509 3161//3161 3063//3063
f 3120//3120 3509//3509 3063//3063
f 590//590 3511//3511 3078//3078
f 3512//3512 3061//3061 3383//3383
f 3061//3061 3512//3512 2044//2044
f 2809//2809 3382//3382 3506//3506
f 3068//3068 3124//3124 3058//3058
f 2809//2809 3068//3068 712//712
f 297//297 2809//2809 712//712
f 1767//1767 2809//2809 297//297
f 3123//3123 418//418 3342//3342
f 3004//3004 2804//2804 3000//3000
f 3118//3118 3005//3005 2929//2929
f 2929//2929 3004//3004 420//420
f 420//420 3004//3004 3000//3000
f 3513//3513 3082//3082 1981//1981
f 3513//3513 1981//1981 3099//3099
f 1988//1988 2809//2809 1767//1767
f 1988//1988 2808//2808 2809//2809
f 3382//3382 2809//2809 2810//2810
f 1980//1980 1982//1982 3066//3066
f 3036//3036 3049//3049 2927//2927
f 3049//3049 3036//3036 3050//3050
f 3111//3111 334//334 332//332
f 3043//3043 3044//3044 3110//3110
f 334//334 3110//3110 3057//3057
f 3513//3513 3099//3099 3083//3083
f 3513//3513 3083//3083 3082//3082
f 3057//3057 1981//1981 333//333
f 3111//3111 2914//2914 2915//2915
f 332//332 2914//2914 3111//3111
f 3084//3084 2915//2915 3050//3050
f 3050//3050 2915//2915 2913//2913
f 3111//3111 2915//2915 3084//3084
f 3043//3043 3111//3111 3084//3084
f 3177//3177 2805//2805 3005//3005
f 3102//3102 1987//1987 3064//3064
f 2927//2927 3114//3114 3118//3118
f 3087//3087 3114//3114 3106//3106
f 3087//3087 3089//3089 3114//3114
f 3049//3049 3114//3114 2927//2927
f 2900//2900 3092//3092 524//524
f 2091//2091 3070//3070 2073//2073
f 2090//2090 3107//3107 3101//3101
f 2068//2068 3330//3330 3051//3051
f 332//332 3091//3091 2914//2914
f 3091//3091 3102//3102 3370//3370
f 3370//3370 3102//3102 2074//2074
f 2074//2074 3102//3102 3064//3064
f 332//332 3102//3102 3091//3091
f 3101//3101 3070//3070 2091//2091
f 3101//3101 3039//3039 3070//3070
f 3039//3039 3101//3101 3112//3112
f 3101//3101 3106//3106 3112//3112
f 2075//2075 2036//2036 2023//2023
f 2075//2075 3514//3514 595//595
f 2023//2023 3514//3514 2075//2075
f 3095//3095 2071//2071 2050//2050
f 3515//3515 3095//3095 1819//1819
f 3377//3377 3515//3515 1819//1819
f 3095//3095 3515//3515 3492//3492
f 2071//2071 3095//3095 3492//3492
f 3492//3492 3515//3515 2023//2023
f 2023//2023 2021//2021 3514//3514
f 3107//3107 2090//2090 3097//3097
f 2022//2022 2023//2023 3515//3515
f 3069//3069 2022//2022 2896//2896
f 3096//3096 595//595 3514//3514
f 3514//3514 2021//2021 3096//3096
f 2894//2894 3516//3516 3117//3117
f 3051//3051 3330//3330 1980//1980
f 3329//3329 1987//1987 3330//3330
f 2021//2021 2022//2022 3069//3069
f 2022//2022 3377//3377 2896//2896
f 3377//3377 2022//2022 3515//3515
f 3121//3121 3116//3116 2995//2995
f 3106//3106 3107//3107 3087//3087
f 3088//3088 3087//3087 3491//3491
f 3107//3107 3491//3491 3087//3087
f 3491//3491 3107//3107 3097//3097
f 3491//3491 3104//3104 3088//3088
f 3491//3491 3069//3069 3104//3104
f 3069//3069 3032//3032 3104//3104
f 2021//2021 3069//3069 3491//3491
f 3491//3491 3096//3096 2021//2021
f 3077//3077 3116//3116 3098//3098
f 1987//1987 1980//1980 3330//3330
f 1987//1987 3329//3329 3064//3064
f 1981//1981 3065//3065 1982//1982
f 3064//3064 3329//3329 1985//1985
f 1985//1985 3329//3329 1971//1971
f 1971//1971 1972//1972 1985//1985
f 2810//2810 3381//3381 3382//3382
f 3065//3065 3381//3381 3066//3066
f 3066//3066 3381//3381 2810//2810
f 3375//3375 3383//3383 3381//3381
f 3375//3375 3381//3381 3065//3065
f 3065//3065 1981//1981 3375//3375
f 3084//3084 3036//3036 3517//3517
f 3517//3517 3043//3043 3084//3084
f 3034//3034 3121//3121 3055//3055
f 3121//3121 2996//2996 3105//3105
f 3105//3105 3055//3055 3121//3121
f 3118//3118 3177//3177 3005//3005
f 3067//3067 2811//2811 2894//2894
f 1936//1936 3516//3516 2811//2811
f 2811//2811 3516//3516 2894//2894
f 3116//3116 3117//3117 3098//3098
f 3516//3516 3098//3098 3117//3117
f 3098//3098 3516//3516 1935//1935
f 1935//1935 3516//3516 1936//1936
f 2996//2996 2807//2807 2805//2805
f 2996//2996 3177//3177 3105//3105
f 2805//2805 3177//3177 2996//2996
f 3518//3518 2928//2928 3123//3123
f 3518//3518 3517//3517 2928//2928
f 2928//2928 3517//3517 3036//3036
f 3518//3518 3123//3123 3342//3342
f 3517//3517 3518//3518 3042//3042
f 3043//3043 3517//3517 3042//3042
f 3042//3042 3518//3518 3342//3342
f 3512//3512 3383//3383 2046//2046
f 2046//2046 3383//3383 3375//3375
f 3511//3511 3143//3143 3509//3509
f 590//590 3143//3143 3511//3511
f 3511//3511 3509//3509 3120//3120
f 3512//3512 2046//2046 2044//2044
f 3510//3510 2045//2045 3508//3508
f 3510//3510 3508//3508 3511//3511
f 3120//3120 3510//3510 3511//3511
f 3109//3109 3508//3508 3341//3341
f 3519//3519 3341//3341 3508//3508
f 3519//3519 3508//3508 3507//3507
f 3507//3507 3341//3341 3519//3519
f 3507//3507 3340//3340 3341//3341
f 3507//3507 3508//3508 3082//3082
f 3511//3511 3508//3508 3109//3109
f 3109//3109 3078//3078 3511//3511
f 3375//3375 3082//3082 2046//2046
