# Generated by multiview-laplacian-refinement
v -0.376612237 -0.108667132 -0.566557288
v -0.377192397 -0.093665793 -0.548007951
v -0.363922048 -0.14116402 -0.538146163
v -0.371508447 0.163891088 0.594502806
v -0.385955846 0.12863392 0.58271994
v -0.30211494 0.114815212 0.681712236
v -0.00817007044 -0.405405321 0.494634617
v 0.0143261745 -0.405389041 0.506457731
v 0.0216553281 -0.404699532 0.488062865
v -0.30320382 -0.257288614 -0.533596219
v -0.307404766 -0.254232551 -0.54625458
v -0.323367966 -0.230161404 -0.526879126
v -0.331024867 -0.235932099 -0.423713236
v -0.318667185 -0.25238106 -0.398999022
v -0.337791806 -0.22658832 -0.395013007
v 0.411755071 0.0289206044 0.181276377
v 0.407705263 0.0612003875 0.197580001
v 0.408350429 0.0657211907 0.166055813
v 0.0155803491 -0.405348328 -0.604170316
v -0.0160590799 -0.40450121 -0.603629454
v 0.0119010708 -0.403422355 -0.598742226
v -0.334225209 -0.224109853 -0.601819968
v -0.325695547 -0.240463491 -0.604785844
v -0.343958765 -0.21217597 -0.602321651
v -0.215497231 -0.343671305 -0.356431673
v -0.188044497 -0.359143322 -0.35753856
v -0.20658504 -0.34885206 -0.334441099
v -0.274886655 -0.290233721 -0.565786438
v -0.365194284 -0.161667341 -0.598367023
v -0.352398362 -0.186728154 -0.586484968
v -0.38256302 -0.163290576 -0.0485028069
v -0.381403758 -0.166492901 -0.0176722094
v -0.3893134 -0.148853418 -0.0251239646
v 0.131027803 -0.382922752 -0.249229965
v 0.160989049 -0.37199014 -0.2227143
v 0.159269579 -0.372662373 -0.279072456
v -0.261587691 -0.306795268 -0.604128208
v -0.216250856 -0.333238955 -0.563358099
v -0.15348217 -0.372906185 -0.599825831
v -0.316607591 -0.264321939 -0.0972225846
v -0.319171741 -0.263337229 -0.0641780431
v -0.303507563 -0.277989181 -0.0648803881
v -0.251985475 -0.319105563 -0.565514136
v -0.239414159 -0.328907757 -0.585019421
v -0.231974551 -0.333936264 -0.561204039
v -0.651452788 0.0301283375 0.205635905
v -0.627408553 0.0203295504 0.206872796
v -0.631274069 0.0486604726 0.202162346
v -0.264452976 -0.308576723 -0.33710884
v -0.278057695 -0.296546455 -0.359395734
v -0.289624165 -0.285460517 -0.333511147
v -0.307179615 -0.266356833 0.25773006
v -0.308736379 -0.265373316 0.225598428
v -0.283798201 -0.29110664 0.234800387
v -0.249253734 -0.319583494 -0.616141823
v -0.267615213 -0.304896714 -0.608714997
v -0.246068547 -0.323228979 -0.606143891
v 0.712867518 -0.0137362636 -0.207327863
v 0.698436686 -0.0170053078 -0.208537859
v 0.695149891 -0.0496424722 -0.203161446
v -0.149087813 -0.376123885 -0.394901278
v -0.165749787 -0.369343141 -0.420223405
v -0.139804075 -0.379210621 -0.41541224
v -0.319752065 -0.250482825 -0.558727383
v -0.321733584 -0.247190885 -0.587190547
v -0.306613372 -0.266401125 -0.58271938
v -0.06649033 -0.397849324 0.0221502617
v -0.0810075588 -0.395651321 -0.00484821764
v -0.0947357825 -0.392609699 0.022269824
v -0.324755192 -0.242571684 0.578699103
v -0.340773286 -0.220843963 0.593069427
v -0.314019006 -0.258103 0.597589024
v -0.350992318 -0.217410045 0.152699221
v -0.331979478 -0.242071631 0.155516345
v -0.346924642 -0.220757743 0.177617755
v -0.048761241 -0.401140051 -0.0921236787
v -0.0743946504 -0.397136865 -0.103387402
v -0.0732232091 -0.397322948 -0.070927487
v -0.0699361709 -0.289557241 0.679986688
v -0.0762944656 -0.264327423 0.680117223
v -0.0913083255 -0.276471088 0.679685571
v -0.00887656476 -0.406030752 -0.603619026
v -0.0232152709 -0.40622483 -0.589217865
v -0.0364443915 -0.404260096 -0.603328002
v 0.0557599553 -0.402431135 0.589719714
v 0.0228642282 -0.406038779 0.590172303
v 0.0351279833 -0.404078731 0.57791279
v -0.259354065 -0.312739321 0.480080986
v -0.28482587 -0.289572882 0.494396185
v -0.256938639 -0.314591013 0.512461637
v -0.12176265 -0.385235326 0.0093484414
v -0.11558671 -0.387219106 0.0417489869
v -0.209985571 -0.347028608 -0.378305694
v -0.209386422 -0.347341996 -0.40103807
v -0.236475211 -0.329884817 -0.39438951
v -0.2935221 -0.28104462 -0.562304706
v -0.112687144 -0.387814649 0.166853963
v -0.0920631915 -0.392864772 0.171339724
v -0.120165358 -0.385330774 0.19001244
v -0.0776743846 -0.398038149 0.531212896
v -0.105880069 -0.391839376 0.532162464
v -0.0911943231 -0.395139126 0.499563823
v -0.0933229899 -0.394786262 0.551108316
v -0.113319728 -0.389426847 0.557529215
v 0.0978678469 -0.393809479 0.539536293
v 0.076999134 -0.398454682 0.523046381
v 0.0771569795 -0.398227575 0.552009297
v -0.677333892 0.0496450714 0.201622477
v -0.670108972 -0.00197187962 0.207410112
v -0.688891747 0.0236750178 0.205743962
v 0.545638265 0.145510693 0.148622649
v 0.550577733 0.17778893 0.107540851
v 0.546038785 0.172929477 0.117018938
v -0.0702049328 -0.399700307 0.557466635
v -0.415301822 -0.0162574284 0.155351622
v -0.415579073 -0.00359217399 0.158654173
v -0.414251172 -0.0205093983 0.164468549
v -0.369125665 -0.190662548 -0.103802819
v -0.369130193 -0.189255148 -0.129438244
v -0.380569233 -0.163314873 -0.1255491
v -0.400206974 0.067323332 0.522196481
v -0.396760248 0.0859037172 0.556002926
v -0.389829474 0.11313413 0.526740963
v -0.727977719 0.208904219 -0.0087482664
v -0.72638246 0.202618834 -0.0435147181
v -0.726115344 0.20454987 -0.0426889322
v -0.234895719 -0.3313436 -0.341766084
v -0.245738998 -0.323544398 -0.312782924
v -0.259110549 -0.313564608 0.153882163
v -0.264303331 -0.309035326 0.184467076
v -0.28068395 -0.295278133 0.164166179
v -0.190147689 -0.358449267 -0.0181156758
v -0.223966376 -0.339538855 -0.0139010793
v -0.213021552 -0.346094138 -0.0434470034
v -0.319876966 0.0251806201 0.681345149
v -0.403495447 0.0501431475 0.589583526
v -0.406669239 0.0163279925 0.59336921
v -0.403082509 0.0450806517 0.554234296
v -0.405560823 0.0133979865 0.496183292
v -0.404272441 -0.0468755424 0.341616351
v -0.40633101 -0.0193843013 0.352822644
v -0.407368685 -0.0162609952 0.31487035
v -0.257820682 -0.313856889 -0.369178772
v -0.15244695 -0.374994954 0.134770412
v -0.17434648 -0.365468152 0.164949612
v -0.200306286 -0.352680655 0.135016869
v -0.230715253 -0.216077473 0.681751073
v -0.305301433 -0.268894525 0.602314321
v -0.0936410806 -0.394729959 0.570160676
v -0.232625071 -0.332573263 0.376299647
v -0.223234665 -0.338846968 0.402710433
v -0.248294061 -0.321331349 0.395850472
v -0.0754747982 -0.396221566 0.312821279
v -0.0874857331 -0.393854731 0.336205899
v -0.0490292566 -0.400756847 0.343259615
v -0.399278662 -0.0958327154 0.24493913
v -0.390246131 -0.126167078 0.249395227
v -0.39397662 -0.112334605 0.265670669
v 0.349478083 0.216056757 0.215243119
v 0.360773135 0.198578371 0.213400892
v 0.350131589 0.219057875 0.198828148
v -0.240046616 -0.327568135 0.424508586
v -0.30230901 0.0651043416 0.680493706
v -0.296359569 0.0909443989 0.680299383
v -0.281744685 0.0825779531 0.680057131
v -0.324460163 -0.243977495 0.513283486
v -0.312669189 -0.258414914 0.538275109
v -0.301184613 -0.272233863 0.515863623
v -0.399625621 0.0702690219 0.571016238
v -0.312671408 -0.260253672 -0.346884526
v -0.308028167 -0.265926926 -0.317744113
v -0.325092079 -0.244959387 -0.319499187
v -0.545751056 0.192019432 0.085140779
v -0.54652147 0.171560441 0.122593892
v -0.385397623 0.145857382 0.0727486171
v -0.335335721 -0.235633811 0.180606667
v 0.273907504 0.300320278 0.565359354
v 0.264467253 0.308813673 0.552693156
v 0.278717194 0.296008603 0.5526045
v -0.241988664 -0.327784282 -0.039160583
v -0.29305274 -0.282667207 0.194399025
v -0.26874977 -0.305324596 0.210308394
v -0.707949773 0.0404708251 0.201852801
v -0.7020809 -0.000875252743 0.205181272
v -0.701834814 0.0259777896 0.20458275
v -0.0358349938 -0.401807871 0.0407658292
v -0.0815874717 -0.395006079 0.0439467804
v -0.279948898 0.110805299 0.680123336
v -0.150590526 -0.375358591 -0.325400598
v -0.126583871 -0.383156667 -0.334914746
v -0.125710967 -0.383406198 -0.308464812
v -0.361264433 -0.184469209 0.495457251
v -0.369032037 -0.168928424 0.441497048
v -0.382532705 -0.133960352 0.518230658
v -0.71350395 0.0884315114 0.185062009
v -0.722330215 0.118714721 0.169222077
v -0.724073342 0.170963249 0.116488621
v -0.218286659 0.343743819 0.603133358
v -0.23897931 0.328640722 0.593887623
v -0.219622661 0.341253231 0.586972384
v -0.373754691 -0.13597335 -0.597569295
v -0.366900948 -0.152021554 -0.588350146
v -0.138414886 0.381215887 0.20610461
v -0.0802649122 0.397314395 0.205781156
v -0.0943357403 0.395174476 0.152981136
v -0.229703785 -0.334452125 -0.465521833
v -0.235607149 -0.330314849 -0.439852306
v -0.217368687 -0.342414421 -0.44168442
v -0.679702044 -0.125135897 -0.167738656
v -0.681955491 -0.151251937 -0.144892585
v -0.699363154 -0.129565257 -0.163785368
v -0.702234897 0.00612076177 -0.207899713
v -0.69625234 0.100648579 -0.182338199
v -0.646954119 0.0817302401 -0.192647604
v -0.365345897 -0.151529526 -0.572961103
v -0.355437339 -0.172636274 -0.554644186
v -0.357182944 -0.172969714 -0.573535952
v -0.376768824 -0.132742371 -0.604197735
v -0.374398479 -0.127461608 -0.587303878
v -0.391933134 -0.0555250498 -0.597384057
v -0.621933705 -0.127430298 -0.166026727
v -0.668204158 -0.097848242 -0.184596982
v -0.647821006 -0.0687878912 -0.197116444
v -0.343533549 -0.233241379 -0.120581189
v -0.344713122 -0.232890846 -0.0932380987
v -0.354587652 -0.2175187 -0.105789162
v -0.177037228 -0.364151482 -0.328878565
v -0.285203261 -0.289634246 0.263156576
v -0.380140621 -0.166168632 -0.0836225648
v -0.37168284 -0.185967083 -0.0645678733
v -0.270493844 -0.303632828 -0.274667383
v -0.268506433 -0.30532567 -0.306383057
v -0.291503065 -0.283831309 -0.297246095
v -0.643266799 0.159610857 0.135743599
v -0.628507367 0.165587254 0.12841251
v -0.672687782 0.157849701 0.137287439
v -0.161676022 -0.370596065 -0.30279699
v -0.196392958 -0.354625996 -0.425716526
v -0.201508319 -0.35185985 -0.458391807
v -0.318267298 -0.264668038 0.0252267453
v -0.310285257 -0.272711336 -0.00426644153
v -0.305514664 -0.276991226 0.0263847304
v -0.0844288801 -0.394900739 0.367470923
v -0.203111521 -0.219807523 0.680300941
v -0.214344632 -0.240703846 0.68168828
v -0.306912411 -0.26617681 0.468525625
v -0.302580451 -0.271114178 0.437536831
v -0.323731819 -0.245259415 0.446480435
v -0.69119143 -0.00189905531 0.206409149
v -0.545516137 0.167933879 0.124751374
v -0.223358636 -0.338353672 -0.420115315
v -0.289429103 -0.291154058 -0.0375568507
v -0.284146427 -0.295050283 -0.061732321
v -0.181350785 -0.362115837 -0.391972507
v -0.267235281 -0.306175293 -0.530167852
v -0.289248998 -0.285494071 -0.532856144
v -0.270432437 -0.303360687 -0.553883831
v -0.106554963 -0.389806782 -0.0874753197
v -0.130931941 -0.382702946 -0.0782493597
v -0.135483449 -0.380983416 -0.108483559
v -0.397147612 -0.120641494 0.0186482481
v -0.395193886 -0.134102151 0.0147742883
v -0.396207331 -0.124073945 -0.00759196484
v -0.241528845 0.312417829 -0.559347875
v -0.284236849 0.275701083 -0.56834279
v -0.28327131 0.272981666 -0.554209043
v -0.230099497 -0.334413963 -0.494299303
v -0.205851082 -0.349851699 -0.486288087
v -0.361375724 0.176902183 -0.625681098
v -0.339701808 0.213312311 -0.62590652
v -0.309802552 0.257064872 -0.627244922
v -0.330675064 -0.237245282 -0.343688314
v -0.325586168 -0.243979405 -0.36973175
v -0.15640251 -0.372867494 -0.137092347
v -0.168728683 -0.368075614 -0.112245762
v -0.196487818 -0.3544988 -0.134465449
v -0.250760293 -0.320084736 -0.544846448
v -0.353166664 0.20176145 -0.606560265
v -0.374146204 0.160846405 -0.541834342
v -0.33833972 0.225290741 -0.601603894
v 0.34114406 0.221690776 -0.48159958
v 0.319378562 0.252012909 -0.52050132
v 0.343361655 0.217908001 -0.507161132
v 0.102984724 0.370628494 -0.455657755
v -0.0311674412 0.381024648 -0.452063423
v 0.0692041113 0.377459478 -0.469633549
v 0.349811289 0.226752054 0.0800891401
v 0.326891575 0.25699118 0.0603710303
v 0.350321351 0.226189132 0.05063633
v -0.544295691 -0.198604471 -0.0652276468
v -0.544936613 -0.188305535 -0.0935200477
v -0.546248284 -0.199713441 -0.06956978
v 0.0448102231 -0.401191551 0.0982756415
v 0.0706250132 -0.397206947 0.113473346
v 0.066604347 -0.397881354 0.0810585841
v 0.00694727303 0.38514865 -0.436969928
v 0.327764466 0.218763248 -0.466233827
v -0.193492619 0.335794473 -0.436973078
v 0.011436849 -0.404081863 -0.413342542
v -0.00443144488 -0.404629324 -0.437454727
v -0.0237051873 -0.402622747 -0.416659828
v 0.393099083 0.0957006635 -0.610252887
v 0.382904751 0.132927897 -0.609856918
v 0.393699066 0.0987382197 -0.585390277
v 0.0626704064 -0.399440851 -0.31611551
v 0.0927393896 -0.393823897 -0.314745594
v 0.0683560914 -0.399276916 -0.343695386
v 0.382875088 0.159665742 -0.0556500104
v 0.38867534 0.143404995 -0.090292616
v 0.375995533 0.176095823 -0.0883394191
v 0.5650824 0.160351838 0.131991009
v 0.383764838 0.133540959 -0.548948017
v 0.373115885 0.16124037 -0.568230126
v 0.383972739 0.132231558 -0.57870194
v -0.178852351 0.334837413 -0.415584445
v -0.279487011 0.256157465 -0.410657987
v 0.334658163 0.218917296 -0.544661487
v 0.352430621 0.189322954 -0.558240804
v 0.350797725 0.189978937 -0.531179317
v 0.356528674 0.196395217 -0.388554721
v 0.334721413 0.230950321 -0.407040668
v 0.34235727 0.219885551 -0.380392337
v 0.402292194 0.0947260412 -0.110524655
v 0.399943116 0.101486607 -0.128960866
v 0.396028233 0.118551513 -0.112445615
v 0.407032671 0.00377032844 -0.349841993
v 0.407152655 0.0184797426 -0.324781594
v 0.406282053 0.0253470647 -0.345282614
v 0.347320589 0.227274426 0.176746565
v 0.34726495 0.225700349 0.185321472
v 0.331910082 0.245483552 0.190873379
v 0.387454551 -0.12052545 -0.524372058
v 0.383682019 -0.133683356 -0.553893506
v 0.37936151 -0.145416983 -0.531960775
v 0.35321816 -0.208629362 0.207983345
v 0.363485662 -0.190472594 0.221880239
v 0.357524936 -0.198775726 0.235323254
v 0.0999755639 -0.391431648 0.0917252987
v 0.318380192 0.253576136 -0.451788987
v 0.303113939 0.270947176 -0.426635975
v 0.393027856 0.132339531 -0.0537125498
v 0.399560969 0.112582824 -0.0564635926
v 0.398551904 0.116539138 -0.029627814
v -0.305195464 -0.265095446 -0.611425474
v -0.0682608729 0.398173546 0.557132849
v -0.0278612424 0.40221218 0.531662967
v -0.0374228854 0.40235346 0.558350074
v 0.347148937 0.211172379 0.490357123
v 0.360192076 0.189047029 0.481618357
v 0.357769413 0.192647998 0.507875481
v 0.326607155 0.241014609 0.31856079
v 0.337403834 0.226830118 0.281981426
v 0.347609474 0.210265489 0.300578047
v 0.398664023 -0.079635247 0.413586974
v 0.402866175 -0.0556569227 0.435950422
v 0.403143827 -0.0527256027 0.399889499
v 0.406190865 0.0859557505 -0.0655647081
v 0.403880016 0.0955474225 -0.00134463092
v 0.399198543 0.109904903 -0.0819731239
v 0.39030547 0.1132563 0.486727418
v 0.39736303 0.0874445611 0.489025976
v 0.394350982 0.0972540362 0.511776321
v 0.0486477747 -0.402832167 0.540502402
v 0.0236519439 -0.405172586 0.524677892
v 0.0437709721 -0.403290414 0.51055705
v 0.318956269 0.251482653 0.551358868
v 0.338535106 0.223835693 0.541254187
v 0.33352751 0.230313874 0.568741027
v 0.371608103 0.163706606 0.503305468
v 0.38108042 0.141345273 0.48244487
v 0.371621639 0.165507498 0.475854992
v 0.405146358 0.0298249969 0.522354897
v 0.405520898 -0.00203907352 0.545250404
v 0.403872382 0.037607645 0.551171277
v 0.688975258 0.0209064418 0.206214242
v 0.677260482 -0.0184843209 0.206814562
v 0.657410557 0.0181968326 0.206800248
v 0.26232687 0.0753565268 0.680567138
v 0.273582265 0.055548358 0.680392785
v 0.237528397 0.0544632144 0.680761465
v 0.384949209 0.130956965 0.515475027
v 0.374771494 0.155444575 0.535275192
v -0.405012472 -0.0202946197 0.557803703
v -0.40431946 -0.0416167066 0.590811619
v -0.406525156 -0.0112119276 0.592089572
v 0.178468653 -0.363218948 -0.608976292
v 0.148392893 -0.376811884 -0.607230395
v 0.157831893 -0.370667164 -0.603167981
v 0.404943341 0.0368739104 0.377364196
v 0.402848321 0.0568915659 0.353704786
v 0.400905753 0.0674623546 0.383089465
v 0.404893267 0.0507682729 -0.314765038
v 0.404481536 0.0476371995 -0.341347932
v -0.25091344 -0.319578898 -0.288543717
v 0.401177041 0.104115506 0.0882585003
v 0.40054508 0.11308059 0.0922309249
v 0.400021114 0.113203835 0.0554311177
v 0.308775227 -0.26552714 0.199731091
v 0.306852928 -0.268859512 0.175627294
v 0.319884317 -0.253745908 0.185764087
v 0.414508892 0.032978578 0.153325743
v 0.412905458 0.0378831997 0.149711294
v 0.41094153 0.0611629282 0.141399032
v 0.701847212 -0.112730718 -0.176097746
v 0.675701878 -0.109274262 -0.178609276
v 0.701685463 -0.0862550564 -0.190035454
v 0.336970519 0.226184412 0.341996713
v 0.362864691 0.183624269 0.324992742
v 0.545793367 0.117852045 0.172309047
v 0.546873665 0.144813605 0.15177641
v 0.342152006 0.219805235 0.514404524
v 0.652941402 0.144034321 0.149846299
v 0.62433436 0.133437632 0.159825426
v 0.62689582 0.159135575 0.13430944
v 0.137073895 -0.287277887 0.681178363
v 0.119834546 -0.268780461 0.680064842
v 0.108346174 -0.294570047 0.681313193
v 0.317960305 -0.250354747 -0.449337408
v 0.302227336 -0.268592206 -0.424870497
v 0.321901291 -0.24438971 -0.420604933
v 0.684253019 0.152545889 0.140678092
v 0.657844111 0.172742502 0.116476842
v 0.686224077 0.179960225 0.103086573
v 0.54519398 -0.132535084 0.159910698
v 0.545598319 -0.154990568 0.138392412
v 0.556921501 -0.126765966 0.164656013
v 0.704800156 0.207274099 -0.0129317377
v 0.713926493 0.202558475 -0.0426127086
v 0.712612253 0.206686732 0.00561180112
v 0.304570777 -0.268141779 0.41224437
v 0.318695178 -0.251490777 0.386303797
v 0.32438855 -0.244014102 0.407606338
v 0.392766328 -0.129983883 0.134283466
v 0.392547414 -0.129776616 0.166965219
v 0.39954885 -0.10491833 0.154714222
v 0.409108633 0.0363358517 0.263754754
v 0.410603069 0.00970192662 0.257013259
v 0.410281532 0.0293372418 0.243342906
v -0.209614428 -0.347034509 0.38215308
v -0.215246674 -0.343641599 0.357836557
v 0.412240522 0.0407110873 0.161386236
v 0.545504954 -0.0932453171 0.185873588
v 0.397986769 0.0828705237 0.592881718
v 0.391353542 0.107116144 0.570988607
v 0.388139322 0.120604421 0.596750993
v 0.381176238 0.137543157 0.580598735
v 0.712652344 0.0155225912 0.205450647
v 0.704428607 -0.0105143468 0.206477042
v -0.133904272 -0.245192079 0.680142784
v -0.101632973 -0.252574247 0.680282359
v -0.118886951 -0.278045302 0.680388907
v 0.389938595 0.128605473 0.252115013
v 0.385740823 0.13588151 0.274319935
v 0.379513125 0.154266802 0.254203848
v 0.203873051 -0.350919946 0.54132644
v 0.194273449 -0.356007306 0.563955653
v 0.17703974 -0.365138521 0.544953374
v 0.39074729 0.11281538 0.341777276
v 0.398127458 0.0847762292 0.339158051
v 0.395804688 0.097065712 0.318441162
v 0.0581540586 -0.40008583 0.409252158
v 0.0162144661 -0.403804988 0.423396964
v 0.0199937239 -0.403237244 0.393025134
v 0.0504480137 -0.400840301 0.377196318
v 0.405731055 -0.0245049933 0.411822009
v 0.400024917 -0.110423271 0.0854028723
v 0.545510697 -0.179611431 0.107371836
v 0.54581915 -0.154930467 0.140544262
v 0.166632598 -0.275200867 0.681337713
v 0.146217918 -0.267185481 0.680082
v 0.163521986 -0.252674707 0.680081333
v 0.408117035 -0.0811244006 0.126052582
v 0.404710313 -0.0966875091 0.116071302
v 0.404895765 -0.0912549985 0.127879772
v 0.396273243 -0.124398981 0.0591507081
v 0.394975367 -0.132955919 0.0714312271
v 0.394199712 -0.136273336 0.0505218237
v 0.723602455 -0.180340443 0.101248446
v 0.715017963 -0.194298413 0.0717081798
v 0.707503888 -0.169620236 0.118846908
v 0.723520314 -0.148286887 0.143597922
v 0.0264127139 -0.31806969 0.681548421
v 0.0498465319 -0.309405968 0.681295492
v -0.0402881918 -0.404913136 0.583396543
v -0.0248741152 -0.315924112 0.681108871
v -0.0551910395 -0.316564241 0.681239399
v -0.407298258 0.0106364591 0.325914937
v 0.39183947 -0.10873375 0.482552878
v 0.392755298 -0.105268604 0.460475344
v 0.384969424 -0.13053913 0.465431498
v 0.0612171092 -0.399463959 0.297914009
v 0.0457360936 -0.401346898 0.31886655
v 0.0697606819 -0.397596722 0.325652306
v 0.365375007 0.194592169 0.196873233
v 0.236109972 -0.177847531 0.679930714
v 0.251558005 -0.158478525 0.68001276
v 0.253891097 -0.184702513 0.680378519
v 0.409999681 -0.068552209 0.139049398
v 0.0114388708 -0.403544392 0.273046723
v 0.0477559635 -0.40101682 0.275185478
v 0.0352707886 -0.402032231 0.255102325
v 0.404837206 0.094943029 0.113432766
v 0.341165277 -0.222795387 0.249089497
v 0.326907795 -0.243642927 0.213404773
v 0.319736031 -0.251203386 0.245015094
v 0.311224045 -0.262007856 0.222324548
v 0.412833088 2.00618672e-05 0.169400293
v 0.414089357 0.0144858831 0.161541238
v 0.388365135 -0.150532168 0.0594169598
v 0.391102425 -0.1420956 0.0819128113
v 0.405224025 -0.0723365468 0.221508635
v 0.400591076 -0.0955669579 0.191157104
v 0.408025251 -0.0543641051 0.195478522
v 0.168534138 -0.368346314 0.41679306
v 0.122793681 -0.385227053 0.429749961
v 0.155950021 -0.37338292 0.389540684
v 0.360157257 -0.189902964 0.59183324
v 0.272721107 -0.167678527 0.681517993
v 0.346642096 -0.211913697 0.586152063
v 0.710131291 -0.206091189 0.0271832437
v 0.727844738 -0.206367934 0.0187888088
v 0.546194325 -0.191620059 0.0871527174
v 0.409662883 0.0294021902 -0.219360527
v 0.410798707 0.0198041612 -0.203534671
v 0.408124924 0.0502565779 -0.196491678
v 0.702548326 0.0935726405 -0.186021845
v 0.708409966 0.121578818 -0.167993552
v 0.673236259 0.12205057 -0.16862764
v 0.680408496 -0.0776575068 -0.194325297
v 0.399545886 -0.0759266592 0.383074691
v 0.379098803 0.147256233 0.5985096
v 0.371323041 0.163510797 0.588656111
v 0.289399936 0.133596933 0.682177275
v 0.546708675 -0.0310135609 0.206642128
v 0.546640703 -0.0656033606 0.198664963
v 0.413820938 -0.0325486741 0.151278278
v 0.714261417 0.170646974 -0.117356429
v 0.710147389 0.152538403 -0.14037294
v 0.705065021 0.168411084 -0.121750748
v 0.667506629 -0.182460953 -0.102568569
v 0.691786591 -0.172570017 -0.117878223
v 0.666418965 -0.164894414 -0.12921112
v 0.406175941 0.0656676574 -0.166811063
v 0.406147605 0.0705807103 -0.14329875
v 0.410147359 0.0434100587 -0.147280515
v 0.035061069 -0.403140042 -0.186929709
v 0.0262755274 -0.40333935 -0.219014569
v 0.060291717 -0.399972885 -0.196676869
v 0.587900923 -0.208544151 0.014325447
v 0.575604081 -0.208212157 -0.019835902
v 0.602152625 -0.208455027 -0.0198748073
v 0.372842747 0.183929213 -0.0019343661
v 0.366025091 0.197750178 -0.023141825
v 0.377519789 0.172855387 -0.0246940128
v -0.00601277452 -0.403432374 -0.392649001
v 0.307491362 -0.27489666 -0.0624636992
v 0.31043445 -0.270548489 -0.0928015505
v 0.321735044 -0.260710041 -0.0766396974
v 0.320455791 -0.262414523 -0.0484910017
v 0.336987746 -0.233452499 0.184495694
v 0.343137665 -0.221912102 0.21757806
v -0.206785567 -0.349963517 -0.601035366
v -0.20371257 -0.349861292 -0.610674174
v -0.230030077 -0.334293621 -0.61267439
v 0.175230264 -0.364979538 -0.00442511095
v 0.144247477 -0.377759724 0.0186795695
v 0.135497629 -0.381371888 -0.0102871828
v 0.400618862 0.0652739741 -0.577668914
v 0.403646067 0.0444293603 -0.552714459
v 0.397261109 0.0836331149 -0.555313668
v -0.0692139585 -0.397410394 -0.600373774
v -0.0971483002 -0.3889212 -0.595772331
v -0.11702565 -0.388128442 -0.6041073
v -0.112778313 -0.387468033 -0.395268439
v -0.115738972 -0.387337779 -0.43093052
v -0.0900610987 -0.393182542 -0.417835843
v -0.0737394743 -0.39083337 -0.57582676
v -0.0184052119 -0.401791705 -0.595300008
v 0.0166389955 -0.400745213 -0.592121739
v 0.135405072 -0.381835973 -0.295482701
v 0.144286541 -0.378929951 -0.310681033
v 0.306031511 0.268139616 -0.502851977
v -0.308465766 -0.264201666 -0.508644656
v -0.279254666 -0.294980044 -0.505207445
v -0.298262642 -0.275936715 -0.487259992
v 0.170548317 -0.368434386 -0.611676523
v -0.215926939 -0.344677838 -0.579933436
v -0.224991446 -0.338273369 -0.599735099
v -0.263452923 -0.302681618 -0.592117139
v 0.228904028 -0.335731147 -0.549327919
v 0.119014362 -0.389100969 -0.551773318
v 0.165948266 -0.370661091 -0.452175247
v 0.406887801 0.0701237211 -0.121755829
v 0.410907365 0.0519948226 -0.111319125
v 0.403724469 -0.0560359004 -0.31761185
v 0.402753277 -0.058858825 -0.339715156
v 0.407098136 -0.0244871811 -0.325533155
v -0.102306258 -0.393179889 -0.596011554
v -0.131584588 -0.384901352 -0.591591238
v -0.102336804 -0.393742644 -0.567350605
v 0.373570216 0.159926289 -0.595040911
v 0.382394312 0.142092412 -0.301127364
v 0.375541577 0.156925836 -0.321569803
v 0.368738047 0.174051676 -0.305259475
v -0.544677093 -0.185439743 -0.0962016442
v 0.404504145 0.0341944298 -0.463973279
v 0.405564263 0.010852563 -0.451247392
v 0.405765945 0.00982370899 -0.483884352
v -0.142228995 -0.379064758 -0.44356837
v 0.325662973 -0.25122997 -0.147181408
v 0.314487876 -0.262291935 -0.151570848
v 0.315804581 -0.263580376 -0.124626193
v 0.374149701 -0.183228244 -0.062267414
v 0.372697043 -0.185647252 -0.0952199437
v 0.380980764 -0.166365315 -0.0877270693
v 0.404260873 -0.0958739879 -0.117459891
v 0.404770336 -0.0858106518 -0.137551993
v 0.409012049 -0.0716570371 -0.125390074
v -0.19035759 -0.35930956 -0.577186123
v -0.201283513 -0.351350735 -0.233102757
v -0.19957981 -0.352572174 -0.261178786
v -0.217967326 -0.341977133 -0.251551351
v -0.287848663 -0.285203646 -0.611818148
v 0.40032674 0.0674139079 -0.529238127
v 0.406604344 -0.00135820169 -0.376993576
v 0.405265861 -0.0313721836 -0.356813583
v 0.617127526 -0.204941627 0.0416714924
v 0.583241997 -0.19894701 0.062381597
v 0.609396049 -0.19437534 0.0758498537
v -0.21046188 -0.348138087 -0.55330093
v -0.23030394 -0.334959594 -0.539563344
v -0.221380224 -0.341183403 0.0512000849
v -0.23331057 -0.333467841 0.0176749283
v -0.204443234 -0.350941312 0.0325073078
v -0.393725546 -0.137708742 -0.00917168594
v -0.258378345 -0.312981332 -0.451880289
v -0.254413107 -0.316582128 -0.485312508
v -0.19746489 -0.35397301 -0.304527949
v -0.222774121 -0.3392243 -0.31619162
v -0.281121968 -0.292943332 -0.472143189
v -0.249091675 -0.320521338 -0.421339476
v -0.307609218 -0.264481116 -0.602121346
v -0.295764694 -0.278855383 -0.36630392
v -0.278960408 -0.295536334 -0.380448066
v -0.349694459 -0.205846189 -0.526930924
v -0.328262855 -0.238998266 -0.527154622
v -0.339899691 -0.22183668 -0.551469524
v -0.355190798 -0.196094511 -0.553372358
v -0.060816645 -0.39840049 -0.395898326
v -0.245952569 -0.323463295 -0.517784225
v -0.362974554 -0.181748921 -0.489524036
v -0.346943564 -0.211632957 -0.440163763
v -0.346068503 -0.212677919 -0.462297931
v -0.294266668 -0.280369026 -0.397792252
v 0.281735826 0.293929218 -0.60458659
v 0.321734335 0.249526091 -0.594762013
v 0.300892251 0.274597961 -0.59324416
v -0.266246815 -0.306608365 -0.400362345
v -0.20994552 -0.347971549 -0.520829183
v -0.288596059 0.277544928 -0.608825943
v -0.239647253 0.322145258 -0.613888078
v -0.271221597 0.297911483 -0.626024646
v -0.337918814 -0.2253694 -0.472885618
v -0.336143487 -0.227875433 -0.500232295
v -0.342537429 -0.218873955 -0.413820249
v -0.338112998 -0.223586791 -0.592652737
v -0.333000783 -0.232195444 -0.572156794
v -0.294306206 -0.279931189 -0.450695436
v -0.276800263 -0.297186556 -0.450768838
v -0.327420819 -0.225682685 -0.542136371
v -0.343301554 -0.201062111 -0.562940167
v -0.340247652 -0.202834631 -0.536863772
v -0.232741421 -0.332641462 -0.367984019
v 0.0299773329 -0.402070432 -0.33830911
v 0.371158079 0.187421211 -0.0540166403
v -0.0249223927 0.403039493 -0.54711954
v -0.0617539825 0.398715961 -0.546617122
v -0.0558290587 0.400795641 -0.562365614
v -0.150464078 -0.376049455 0.0247704282
v -0.0320455589 -0.401527818 -0.397041652
v -0.031156616 -0.40108282 -0.377239488
v -0.126425864 -0.378994023 -0.586885163
v -0.177771286 -0.364742382 -0.500194504
v -0.156193713 -0.374207186 -0.476223006
v -0.139288771 -0.381404292 -0.510566584
v -0.328311251 0.206521814 -0.542290144
v -0.355777871 0.148852018 -0.53445636
v -0.31828849 0.216618153 -0.523792917
v -0.197741579 -0.353457604 -0.205648193
v -0.158633637 -0.371765115 -0.218940657
v -0.0866736597 -0.396723118 -0.600529574
v -0.148389953 -0.377342177 -0.602968912
v -0.093341249 -0.391742628 -0.37104455
v -0.0943559451 -0.391310607 -0.346706008
v -0.125092877 -0.383828548 -0.363743011
v -0.0833015896 -0.394936784 -0.203078268
v -0.0477641812 -0.400267714 -0.213689863
v -0.0599087593 -0.398850634 -0.197447061
v -0.154470711 -0.373579871 -0.346237492
v 0.283718561 -0.290140787 -0.282158827
v 0.283883097 -0.290562472 -0.244109192
v 0.302992745 -0.27070494 -0.255205356
v -0.183122949 -0.361950856 -0.474322875
v -0.0984095627 -0.393438238 -0.499137898
v -0.109884256 -0.391241774 -0.529221948
v -0.0919493457 -0.395443533 -0.517980459
v -0.172916327 -0.366409186 -0.450843092
v -0.0239560151 -0.40135279 -0.295476129
v -0.0592471568 -0.398421423 -0.272745071
v -0.0247207011 -0.401758895 -0.259803391
v -0.369090703 0.122570403 -0.44745566
v 0.189513487 -0.35251094 -0.500676416
v -0.0617028915 -0.399672107 -0.459079237
v -0.071407861 -0.398927582 -0.484671225
v -0.084955051 -0.395952779 -0.468673066
v -0.0400116288 -0.403631086 -0.484427841
v -0.0745264892 -0.399230459 -0.521973448
v -0.0293645336 -0.405566324 -0.538355112
v 0.0473560982 -0.39879603 -0.59458004
v 0.0660223402 -0.396878669 -0.597589287
v 0.0416083493 -0.401741785 -0.599847454
v -0.138611347 -0.379397341 -0.379358506
v 0.0212064799 -0.406225997 -0.5990154
v -0.104833515 -0.390084029 -0.115819647
v -0.081089845 -0.395566441 -0.138992042
v -0.313425992 0.214239704 -0.420784794
v 0.189789461 -0.35905234 -0.613486771
v -0.286578953 -0.289701151 -0.200195283
v -0.257215765 -0.314784675 -0.212394107
v -0.281311977 -0.294332578 -0.228149668
v -0.116742533 -0.387572408 -0.467202995
v 0.330687237 -0.238731296 -0.21758775
v 0.346189321 -0.219141745 -0.207480789
v 0.33058893 -0.240392963 -0.191633774
v 0.0113959672 -0.404610357 -0.101158895
v 0.0405707724 -0.403033595 -0.101107225
v 0.0262544517 -0.404014942 -0.121084657
v 0.00564511845 -0.402905074 -0.363957844
v 0.356138658 0.196250827 -0.36147922
v -0.0355618185 -0.402507456 -0.191609509
v -0.0160180465 -0.402989763 -0.210957877
v -0.37364935 -0.158654133 -0.547595317
v 0.128882279 0.380432777 -0.607387468
v 0.0610206632 0.397037856 -0.609899812
v 0.0677831958 0.392677475 -0.583798908
v 0.333603951 0.232845219 -0.455707771
v 0.354962403 0.199276392 -0.443164298
v -0.00097395244 -0.404963947 -0.130103565
v 0.0245720925 -0.404353274 -0.135058576
v -0.0875457264 0.388769738 -0.588285401
v -0.126340084 0.377014927 -0.579823024
v -0.0963510103 0.384542932 -0.570106391
v 0.103377 -0.392562319 -0.379208008
v 0.127455726 -0.384873845 -0.368718773
v 0.120387875 -0.38763751 -0.407513831
v 0.0435635662 -0.402147803 -0.36599518
v -0.120188656 -0.385763922 0.113299238
v -0.154509087 -0.373967909 0.10190757
v -0.123172672 -0.384793583 -0.13834549
v -0.00731869112 -0.406840351 0.587287256
v -0.266785645 -0.308182266 -0.12006446
v -0.284939749 -0.293313681 -0.111620533
v -0.274768251 -0.301260073 -0.144878291
v -0.265459779 -0.306851843 0.537332094
v -0.28031267 -0.293702024 0.523352563
v 0.0717518966 -0.398185976 -0.28689676
v 0.046865562 -0.400561665 -0.27424511
v 0.0648209934 -0.399434802 -0.257041196
v 0.038038032 -0.401960514 -0.250577479
v 0.0557311931 -0.400723516 -0.0753401721
v 0.0201107939 -0.40377153 -0.0741528925
v -0.297302495 -0.282887253 -0.0885089691
v -0.158920272 -0.372410386 -0.0865502979
v -0.0821738835 -0.394081801 -0.260857676
v -0.101999613 -0.389643222 -0.282112497
v -0.104928354 -0.389569218 -0.252094371
v -0.131312634 -0.381387643 -0.265704395
v 0.0200255666 -0.404461387 -0.158188603
v -0.00105855667 -0.404918386 -0.158071918
v -0.206594637 -0.348675236 -0.164201973
v -0.230791624 -0.334071902 -0.169570719
v -0.217275683 -0.342151278 -0.187003062
v -0.0480597332 -0.401086456 -0.0514317341
v -0.0156374299 -0.403674895 -0.0513416838
v -0.0441058356 -0.401330903 -0.0272316406
v -0.0807081718 -0.395612893 -0.0373918546
v -0.10740086 -0.389650889 -0.0577099093
v -0.137557951 -0.379621376 -0.190497561
v -0.103737094 -0.390214995 -0.167704619
v -0.242815946 -0.325749975 -0.187020133
v -0.240520486 -0.327184483 -0.263827062
v -0.260369022 -0.312125038 -0.244825137
v -0.235260131 -0.330933753 -0.236338891
v -0.226934034 -0.336257007 -0.210950753
v -0.355131228 -0.191335267 -0.608669508
v -0.165939671 -0.368729897 -0.252750465
v -0.176376834 -0.364931212 -0.0722960803
v -0.191003247 -0.357855792 -0.0964162244
v -0.193988492 -0.355379669 -0.184386527
v -0.122987062 -0.385363416 -0.0260072668
v -0.160288312 -0.371957689 -0.0292994667
v -0.154293885 -0.37464082 -0.00443905738
v -0.0320847897 -0.402315988 0.00331589427
v -0.377340707 -0.147224561 -0.612657027
v -0.385957656 -0.112481749 -0.618165171
v -0.385901824 -0.121959413 -0.616671192
v -0.134506329 -0.38089155 -0.286907409
v -0.338064961 -0.237669995 -0.143664646
v -0.33041192 -0.248514761 -0.118869685
v -0.303581199 -0.271966048 -0.216733983
v -0.090170098 -0.393315699 0.228518459
v -0.0468781028 -0.400499568 0.242526581
v -0.0548303212 -0.399424483 0.210926591
v -0.227760425 -0.336127452 -0.1455632
v -0.2286226 -0.335985122 -0.110233968
v -0.35265401 -0.217279592 -0.148024788
v -0.353487123 -0.218146735 -0.129346557
v -0.299754099 -0.278885964 -0.137451511
v -0.305046338 -0.274692812 -0.113878819
v -0.320495815 -0.257996298 -0.136844646
v -0.352311599 -0.222746741 -0.0234996448
v -0.362523096 -0.205104998 -0.0336515251
v -0.362629441 -0.204850036 -0.0145777717
v -0.54532646 -0.208165533 -0.0231285314
v -0.546153129 -0.206568724 -0.0426239818
v -0.265556396 -0.307704972 -0.58524831
v -0.227229149 -0.336366646 -0.290211877
v -0.347806512 -0.217126867 0.196908214
v -0.260182708 -0.313270269 0.103939878
v -0.27578892 -0.301120336 0.0890105923
v -0.258415184 -0.3153407 0.0751513926
v -0.213502304 -0.345622921 -0.0868336066
v 0.026981167 -0.405167955 -0.468079633
v 0.0411377435 -0.403627955 -0.454567578
v 0.023027768 -0.404788919 -0.445469996
v -0.333369987 -0.247113285 -0.0896468359
v -0.339815774 -0.240892571 0.0174295323
v -0.358381774 -0.2124446 0.0377375687
v -0.349828077 -0.226971075 0.0166958842
v -0.343309618 -0.216689304 0.422725888
v -0.319858311 -0.250346442 0.416259578
v -0.206889862 -0.349775627 0.00612747381
v -0.193381612 -0.356666322 0.0628442193
v -0.173642523 -0.366605249 0.0435580614
v -0.336531446 -0.205970812 -0.52269528
v -0.350688804 -0.178438657 -0.534311084
v -0.341061826 -0.238622754 -0.0729708586
v -0.386933023 -0.153395649 0.0890103468
v -0.363960699 -0.20192206 0.079992487
v -0.3811061 -0.169469499 0.0560578975
v -0.332287424 -0.249969751 -0.0552581225
v -0.336975084 -0.244413328 -0.0199512069
v -0.344343675 -0.234530476 -0.0488278403
v -0.345497924 -0.233006036 -0.000566629927
v -0.350430894 -0.225487828 -0.0752853985
v -0.393988938 -0.132559369 -0.0332805764
v -0.362837508 -0.188626443 -0.243371584
v -0.38473236 -0.135694841 -0.317956418
v -0.353568758 -0.203191868 -0.286394295
v -0.295849373 -0.27952761 -0.27029583
v -0.353456842 -0.20200176 0.271845702
v -0.355953136 -0.196454682 0.295963731
v -0.366094182 -0.178661228 0.279676877
v -0.250704166 -0.320064639 -0.160034293
v -0.25099533 -0.320143574 -0.132603603
v -0.273927689 -0.303623789 0.0397297509
v -0.287042325 -0.293073417 0.0151197294
v -0.292971497 -0.287154658 0.0458370777
v 0.0302312242 -0.402452891 0.297781223
v -0.355595155 -0.21724166 -0.0518886818
v -0.361094625 -0.206902657 -0.0749537252
v -0.231342515 -0.334702041 -0.0723653115
v -0.332035371 -0.238210399 0.198675475
v -0.268547973 -0.308101435 -0.0366660224
v -0.276190802 -0.302137387 -0.011358648
v -0.136175443 -0.379790286 -0.24286926
v -0.269832409 -0.30503105 -0.178052359
v -0.295682019 -0.281568352 -0.168526584
v -0.280869779 -0.294298745 -0.251043672
v -0.25239979 -0.32044519 -0.0119010462
v -0.173040944 -0.365780741 -0.165572535
v -0.147124788 -0.377166886 -0.0561962929
v -0.306904357 -0.275696151 -0.0368599442
v -0.29529531 -0.286219241 -0.0123195736
v -0.321693313 -0.261282342 -0.0307705855
v -0.279270187 -0.298655818 -0.0833740334
v -0.26203737 -0.312850173 -0.0644005064
v -0.393253711 -0.130762244 -0.113257555
v -0.400643651 -0.112027326 -0.104701808
v -0.393646182 -0.132501545 -0.0898458185
v -0.164030694 -0.370549452 0.072380037
v -0.365115184 -0.200070683 -0.0512459902
v -0.371983362 -0.186575026 -0.031610974
v -0.20016647 -0.353140681 -0.0695834939
v -0.32508486 -0.258308681 0.00231336101
v -0.177192477 -0.364685069 0.116112949
v -0.141056867 -0.378943294 0.215006155
v -0.156735207 -0.373009675 0.236020365
v -0.124860186 -0.384059229 0.241350865
v -0.125734484 -0.384400265 0.0769672307
v -0.236786057 -0.192118917 0.681129243
v -0.257701253 -0.179083794 0.681525759
v -0.0633534373 -0.398266329 0.14511294
v -0.0162067803 -0.402821566 0.129776885
v -0.0481814203 -0.399934787 0.120510224
v -0.2445494 -0.324172586 0.295857714
v -0.251501705 -0.31905535 0.274835294
v -0.231327304 -0.333663865 0.277262151
v 0.0523616733 -0.40203645 0.487336113
v -0.592747084 0.168643704 0.123927611
v -0.551257377 0.172026178 0.119238306
v -0.56471086 0.151912577 0.143438347
v -0.108946869 -0.38857598 0.146190361
v -0.136953671 -0.380298014 0.165552349
v -0.235618017 -0.331575575 0.0694438594
v -0.250673297 -0.321359558 0.0454212319
v -0.313950315 -0.258317745 0.282767476
v -0.328052716 -0.240351617 0.269938218
v -0.321751017 -0.256343092 0.118900168
v -0.334647781 -0.243246379 0.110752162
v -0.336587196 -0.238749079 0.135645357
v -0.00773305203 -0.403364889 0.341767436
v 0.0384501617 -0.401984311 0.345190458
v 0.0222760066 -0.403008849 0.321203814
v 0.0332809183 -0.401940668 0.126228837
v 0.0381218855 -0.40168828 0.158185634
v 0.0649156937 -0.398317377 0.13994753
v 0.0410118821 -0.402154387 -0.0478559909
v -0.0661921834 -0.397817989 0.069990685
v -0.0575796045 -0.398914368 0.0983125859
v -0.0227799711 -0.402326096 0.0760607225
v 0.0677126592 -0.398355311 0.254264701
v -0.153051945 -0.37449099 0.190354669
v -0.146576702 -0.377168579 0.0532441527
v 0.203878714 -0.350237857 0.106636083
v 0.229595511 -0.335002876 0.11971765
v 0.207854713 -0.347752658 0.138528128
v -0.359640963 0.190241236 0.599663815
v -0.343957372 0.216971164 0.595582244
v -0.274087288 0.162420116 0.681062814
v -0.21690391 0.123905029 0.680425662
v -0.149845586 0.12962464 0.680797847
v -0.219119193 0.165424695 0.680435726
v -0.0331803019 -0.401878749 0.310523327
v 0.000118575766 -0.403797338 0.305394267
v -0.021437205 -0.402737053 0.285014773
v -0.272014241 0.265490741 -0.460328116
v -0.240011908 0.296965044 -0.484777857
v -0.322151031 0.202854072 -0.491796673
v -0.0895598444 -0.393306257 0.197471833
v -0.0563283896 -0.399199377 0.179026638
v -0.0286931202 -0.402193431 0.103820179
v 0.00518063871 -0.402803621 0.0979329615
v 0.0691638955 -0.398310576 -0.0205470774
v 0.0877285297 -0.394728198 4.53256198e-05
v 0.0657911448 -0.39840759 0.00475724453
v -0.0207576051 -0.402701734 0.192599166
v -0.0229305046 -0.402292286 0.161528542
v 0.0140729923 -0.403098973 0.180732298
v 0.0107520721 -0.403100816 0.14914421
v 0.035949123 -0.401800564 0.0744359232
v -0.0917814257 -0.392861593 0.258280205
v -0.0569850877 -0.399610363 0.279036787
v -0.0978655472 -0.391393882 0.289382446
v -0.168923164 -0.368721257 0.557610431
v -0.172813953 -0.367132987 0.531953042
v -0.192299687 -0.356890573 0.552338173
v 0.0528823957 -0.401523558 -0.134535833
v 0.356772459 -0.216628993 -0.0854125431
v 0.345906342 -0.233024897 -0.0761590271
v 0.353263262 -0.223128872 -0.0614280372
v -0.0238112215 -0.238725753 0.68075037
v -0.0814651303 -0.220662426 0.68067893
v -0.0371110113 -0.121833389 0.680958316
v -0.263863361 -0.30787286 0.563213558
v -0.235589491 -0.330002179 0.565637316
v -0.251219258 -0.319516199 0.586029061
v -0.249476143 0.310735315 -0.588213501
v -0.387769336 -0.154088883 0.0041568325
v -0.372361066 -0.186861763 0.00284546201
v -0.112638066 -0.387686836 0.215170695
v -0.066464256 0.399463943 0.571729133
v -0.0452092016 0.403303549 0.582143126
v -0.0370680184 0.403605075 0.571857426
v -0.0570309534 -0.401935654 0.506010828
v -0.0479666641 -0.402833713 0.540096848
v -0.0313970646 -0.404437644 0.521630306
v -0.0108554549 -0.293714524 0.679870162
v -0.0251809856 -0.275304107 0.680355182
v -0.00633664644 -0.271830406 0.680293251
v 0.0207570611 -0.403245282 0.368136786
v 0.119523884 -0.387019093 0.569592444
v 0.122474681 -0.386741897 0.54624219
v 0.100229886 -0.392881014 0.557220599
v 0.0684561645 -0.39810115 0.354741328
v -0.140227867 -0.3806147 0.545600866
v -0.1227219 -0.386724803 0.508223007
v 0.154143874 -0.376151981 0.591728446
v 0.184604186 -0.362363584 0.585227461
v 0.0564713631 -0.401662923 0.567865068
v 0.0869580275 -0.395981863 0.576168752
v -0.0279211016 -0.402611422 0.358661319
v -0.0460021417 -0.400713809 0.375407253
v -0.00735227421 -0.403842121 0.374234547
v -0.126754516 -0.386245225 0.580886884
v -0.214288618 -0.344764132 0.433993499
v -0.192095292 -0.357320009 0.403469614
v 0.38302182 -0.165046364 0.00988743024
v 0.391758786 -0.143733791 0.00297143818
v 0.387102771 -0.155424634 -0.0231864862
v -0.0074194799 -0.405781171 0.518645423
v -0.189352226 -0.358229726 0.371301636
v -0.18360608 -0.361194528 0.244685349
v -0.171820884 -0.366374523 0.216758929
v -0.709754342 0.0839820298 0.188510824
v -0.344062268 -0.21615197 0.310974922
v -0.328753736 -0.23893437 0.297119012
v -0.327161372 -0.240891989 0.329347825
v -0.365658454 -0.186963602 0.206594645
v -0.386519616 -0.141709736 0.203635966
v -0.382359293 -0.1571532 0.170548671
v -0.155426803 -0.374935197 0.442848019
v -0.146382046 -0.378416011 0.468253567
v -0.171650268 -0.367881706 0.466352788
v -0.217032613 -0.342749214 0.546332096
v -0.211328762 -0.346123888 0.566532038
v 0.235248161 -0.33005034 -0.605929903
v 0.243527784 -0.320773462 -0.609402629
v 0.224324291 -0.335114603 -0.60988648
v -0.298154714 -0.282378357 0.0702040245
v -0.310224196 -0.271196957 0.0596437203
v -0.28739036 -0.289360149 0.136730524
v -0.298311655 -0.278371806 0.160834118
v -0.0350300312 -0.403538228 0.478211552
v -0.0578186556 -0.400899878 0.453047097
v -0.0675496433 -0.399742231 0.478759432
v -0.159764736 -0.374463206 0.592409602
v -0.149188973 -0.280195805 0.681597662
v -0.0869385878 -0.395783888 0.464017449
v -0.0314858369 -0.404512399 0.502466844
v -0.00159394191 -0.405094289 0.468180012
v -0.0471782324 -0.401194231 0.426013887
v -0.0205086917 -0.403508866 0.404909082
v -0.0631205579 -0.399367785 0.399864001
v -0.230926628 -0.334066356 0.230259901
v -0.211987375 -0.345822849 0.257439166
v -0.240866546 -0.326969601 0.255155282
v -0.0493181622 -0.267526595 0.680039024
v -0.181143046 -0.161793425 0.680636044
v -0.217870967 -0.058673196 0.680757449
v -0.283166976 -0.291530835 0.459160223
v -0.383783313 -0.129663293 0.570517808
v -0.370362524 -0.164215177 0.578529811
v -0.380603761 -0.141332525 0.596262854
v 0.211008893 -0.347396425 0.580965723
v -0.550125958 -0.142550014 -0.153077076
v -0.545373338 -0.170800761 -0.120913545
v -0.545943277 -0.155283714 -0.141141706
v -0.616118985 -0.1777857 0.107898982
v -0.611030861 -0.192057099 0.0804133974
v -0.639862089 -0.185041222 0.0948204296
v -0.314909942 -0.256624844 0.385229291
v -0.298541864 -0.275782929 0.408709359
v -0.290721085 -0.283669008 0.380792465
v -0.185560961 -0.359840427 0.325460053
v -0.148909803 -0.375969074 0.329863792
v -0.169329466 -0.367753822 0.352836569
v -0.666404463 -0.17480785 0.111853693
v -0.670002123 -0.193398044 0.0764911317
v -0.281532364 -0.292925811 0.42743472
v -0.332917265 -0.232716489 0.361194012
v -0.31139074 -0.261075408 0.358104608
v -0.180050135 -0.363898455 0.497222952
v -0.214486998 -0.344839329 0.49199972
v -0.197906794 -0.354750487 0.464804523
v -0.342626008 -0.219003163 0.283249429
v -0.150239165 -0.377266949 0.509641005
v -0.545671152 0.148637859 0.147540552
v -0.40190503 0.100802642 0.116962394
v -0.28884968 -0.285749758 0.351260312
v -0.269964016 -0.303556083 0.342003754
v -0.263982368 -0.308600843 0.367863046
v -0.156914505 -0.374074746 0.573267121
v -0.190105571 -0.358535082 0.579916532
v -0.138043591 -0.380596318 0.39767572
v -0.165664587 -0.369437618 0.383114254
v -0.148010968 -0.37639391 0.370606913
v -0.186395423 -0.359906724 0.191813577
v -0.200132087 -0.35284634 0.167170372
v -0.213035018 -0.345129041 0.188419685
v -0.294433819 -0.279117743 0.538490118
v -0.545813946 0.154782324 0.140228311
v -0.305788836 -0.267561049 0.335059324
v -0.399940677 -0.088053624 0.274774717
v -0.408462245 0.00649585856 0.303059345
v -0.107355731 -0.301902662 0.681236481
v -0.345988103 -0.211880175 0.512834878
v -0.335201776 -0.228381896 0.537103706
v -0.350662101 -0.203822897 0.540883236
v -0.358928326 -0.187885765 0.559795569
v -0.371128236 -0.162959416 0.550687974
v -0.363559448 -0.179719349 0.530335604
v -0.408853111 -0.0137604401 0.289087438
v -0.409122561 0.0199810219 0.280071186
v -0.275418058 -0.298559325 0.585636237
v -0.224165255 -0.338424424 0.584783328
v -0.225918271 -0.337499522 0.158918632
v -0.238847234 -0.328724043 0.182432422
v -0.0950514672 -0.29327376 0.679871023
v -0.0928596344 -0.396455078 0.586903858
v -0.0849534142 -0.309690388 0.680944451
v -0.22431594 -0.338528684 0.205123113
v -0.202870509 -0.351121147 0.218401699
v -0.262599857 -0.309952639 0.317582182
v -0.289804146 -0.284728539 0.32556575
v -0.256601393 -0.315041183 0.233077274
v -0.102115059 -0.390914723 0.399011128
v -0.117263215 -0.387630985 0.425315766
v -0.141989953 -0.379117382 0.425843957
v -0.0855431861 -0.395444278 0.429554871
v -0.0183879039 -0.405189796 0.563116854
v 0.0118354409 -0.405495857 0.546392108
v -0.0197902673 -0.405490842 0.536999294
v -0.244215821 -0.324066231 0.540826231
v 0.0222562796 -0.29754284 0.680011332
v 0.00234687303 -0.316576676 0.681080701
v 0.0549790652 -0.284021184 0.680329043
v 0.0031988887 -0.222585875 0.680920848
v 0.0140837206 -0.261936443 0.680642882
v 0.0323189532 -0.241212543 0.680817539
v -0.280164323 -0.294372057 0.404009047
v -0.262613753 -0.309967079 0.415216965
v -0.26955889 -0.304150854 0.391484423
v -0.118742866 -0.385921403 0.34664423
v -0.0403857849 -0.294124094 0.679907634
v -0.115822968 -0.389093416 0.474346131
v -0.138950125 -0.381391993 0.491050573
v -0.129567002 -0.38413732 0.44762188
v 0.0961119643 -0.392918237 0.412061706
v 0.087270614 -0.394213312 0.380164542
v -0.400776279 -0.0710983182 0.320867141
v -0.39906172 -0.0767069258 0.354029567
v -0.396164038 -0.0919329306 0.334159734
v 0.193446129 -0.355633047 0.254825909
v 0.143040153 -0.377824918 0.266191655
v 0.152170521 -0.374439861 0.229396648
v -0.240099237 -0.101044182 0.680403918
v -0.276291528 -0.0804335182 0.680221855
v -0.255318328 -0.0710102407 0.680559051
v -0.217110471 -0.200563129 0.68040576
v -0.211352668 -0.18465578 0.680326461
v -0.231630903 -0.170115699 0.680331657
v -0.667517762 0.0954781685 0.185174149
v -0.691227741 0.0951964576 0.184862839
v -0.242999164 -0.325015481 0.345295686
v -0.248026442 -0.321759077 0.208001667
v -0.156206448 -0.215367474 0.680507139
v -0.179154096 -0.218288915 0.680197753
v -0.175250888 -0.199541852 0.680354789
v -0.257497545 -0.314280224 0.44690021
v -0.236713916 -0.330428962 0.471185289
v -0.2342451 -0.331779728 0.448004405
v -0.234880712 -0.149402402 0.680277024
v -0.259642757 -0.154190989 0.680363768
v -0.143677659 -0.377824099 0.352818469
v -0.410649509 0.0411659737 0.170158128
v -0.413703594 0.0274897281 0.159397978
v -0.411068358 0.0540944766 0.15349389
v -0.194923988 -0.355138055 0.348092011
v -0.393625606 -0.109167013 0.28673193
v -0.384342509 -0.139589018 0.268355436
v -0.625608682 0.154651591 0.141080737
v -0.648395749 0.152578726 0.143268744
v -0.265705959 -0.307536377 0.258211264
v -0.30825192 -0.264898237 0.30826935
v -0.271431471 -0.30238566 0.28532768
v -0.383093231 -0.146710521 0.23906977
v -0.392682839 -0.122066141 0.226851109
v -0.667201979 -0.107362648 0.176805272
v -0.68713494 -0.129840792 0.159513812
v -0.681684491 -0.0879020021 0.186757708
v -0.184604575 -0.361154787 0.437860583
v -0.414332491 0.0116756927 0.152728088
v -0.414021813 0.0379873919 0.149318871
v -0.415564829 0.0147069462 0.155776822
v -0.296557819 -0.277854052 0.28305949
v -0.158126607 -0.374170498 0.486592928
v -0.211354818 -0.346130626 0.298309339
v -0.728067896 0.204804272 0.0391340005
v -0.241969556 -0.326653599 0.129290704
v -0.263008101 -0.312292707 0.0151657528
v -0.267652864 -0.30719811 0.12574094
v -0.283293436 -0.294087152 0.109544448
v -0.327838672 -0.241192511 0.244162056
v -0.328327836 -0.24135319 0.220911614
v -0.340640275 -0.223959675 0.238031721
v -0.286830218 -0.287897199 0.303284702
v -0.316186177 -0.257494472 0.201934863
v -0.280679401 -0.29740839 0.0667245654
v -0.314409176 -0.267935609 0.0417386281
v -0.408262041 -0.080674447 0.138779577
v -0.402429442 -0.104151755 0.122846721
v -0.405133423 -0.0899447862 0.117906745
v -0.360489665 -0.205941055 -0.130450074
v -0.356240791 -0.21649694 0.00382868465
v -0.26543777 -0.309975732 0.0563940853
v -0.545317089 -0.143039179 0.150707127
v -0.545873215 -0.119901487 0.169610107
v -0.55164874 -0.142822581 0.151044597
v -0.317107475 -0.257730168 0.175712365
v -0.235727648 -0.330268107 0.318468603
v -0.21342494 -0.344941764 0.331888823
v -0.167753075 -0.368577317 0.299378553
v -0.139313494 -0.379217784 0.307717726
v -0.143601297 -0.377985989 0.289419011
v -0.157698309 -0.372390713 0.266363513
v -0.32813264 -0.254620823 0.0312703795
v -0.33785103 -0.242339249 0.0509943193
v -0.311042427 -0.266195971 0.14264358
v -0.302418261 -0.276374322 0.114182599
v -0.346481869 -0.216888838 0.218514229
v -0.692300056 -0.0628785352 0.196002402
v -0.699586906 -0.0743422931 0.191092768
v -0.545767947 0.00304161363 0.207817874
v -0.553859537 0.00966053408 0.207528753
v -0.546751091 -0.0222712181 0.206637982
v -0.387378122 -0.127306117 0.295574286
v -0.377893523 -0.152199728 0.289581749
v -0.400093668 -0.108312098 0.158560869
v -0.57357293 -0.205107378 0.0344015948
v -0.603147868 -0.204378614 0.0385328601
v -0.580806656 -0.194835718 0.0718244426
v -0.366562746 -0.188419253 0.183955017
v -0.680684824 -0.0623173404 0.196954622
v -0.684973167 -0.0322127438 0.203959044
v -0.713077832 0.191335983 -0.0842796458
v -0.666436595 0.176530804 -0.115030064
v -0.704616052 0.201313355 -0.0598944474
v -0.238168384 -0.129142147 0.680320611
v -0.322673758 -0.257896891 0.0868938891
v -0.324032863 -0.258223748 0.0540809806
v -0.346859996 -0.227910595 0.101214522
v -0.364532421 -0.198502483 0.123853245
v -0.27163342 -0.0542351295 0.68033901
v -0.406527257 0.082561198 0.14041832
v -0.401180506 0.10440028 0.134572635
v -0.401988708 0.0981695613 0.146764388
v -0.633928816 -0.0607597146 0.198561702
v -0.635792223 -0.106533008 0.178386266
v -0.610939617 -0.0867087889 0.188768096
v -0.599134404 -0.122261981 0.167866027
v -0.604416535 -0.156475377 0.137320931
v -0.626479703 -0.135854372 0.156650455
v -0.704392516 -0.153598525 -0.14131512
v -0.713523281 -0.119195552 -0.170198757
v -0.711340846 -0.171107927 -0.118338008
v -0.724413879 -0.166579375 -0.123883165
v -0.640563448 -0.161011167 0.131602272
v -0.669924158 -0.151369046 0.141070262
v -0.163732184 -0.37075096 0.414716206
v -0.39318652 0.121443151 0.232054443
v -0.400285965 0.0937986319 0.246779387
v -0.4012285 0.0927416461 0.220327892
v -0.54584707 0.135215813 0.158590167
v -0.569848935 0.122822498 0.168186045
v -0.643007232 0.139043277 0.156246547
v -0.628461995 0.112204696 0.175821911
v -0.619279071 0.131373291 0.16256633
v -0.616701185 0.183927808 0.100914872
v -0.606590044 0.0346415391 0.205115597
v -0.308590979 -0.271483603 0.0894886278
v -0.299492933 -0.272906153 0.56787236
v -0.324462451 -0.243193816 0.557379054
v -0.600134843 -0.0495572296 0.201807825
v -0.403544306 0.0991068704 0.127022901
v -0.398909029 0.115468774 0.127375275
v -0.0967255379 -0.391822159 0.0666354175
v -0.0898390109 -0.393255996 0.0918998315
v -0.625086577 -0.147965645 -0.148500535
v -0.645948914 -0.13006994 -0.164568109
v -0.637346517 -0.150843412 -0.145964452
v -0.388394278 -0.117437657 0.593415216
v -0.311026161 -0.0967837626 0.682250194
v -0.637412399 -0.00334182056 0.207909522
v -0.607173804 -0.00142483931 0.207904112
v -0.610831649 0.0742647593 0.194687074
v -0.585623873 0.051017156 0.201613287
v -0.654055456 -0.129118683 0.162175589
v -0.581593662 0.0192860475 0.207056353
v -0.560111965 0.0466254056 0.202782343
v -0.565033667 -0.0560656959 0.200023051
v -0.580272993 -0.0873719549 0.188505455
v -0.64300507 0.0839234072 0.190831682
v -0.654272359 0.0596725599 0.199316666
v -0.640688948 -0.202601219 0.0474160275
v -0.710652841 0.16275562 0.12950499
v -0.711810472 0.172907927 0.117092846
v -0.364888903 0.19357852 0.180646321
v -0.367779849 0.186338941 0.209289609
v -0.351823373 0.21310157 0.192778756
v -0.336881564 -0.226824942 0.390478015
v -0.413610437 0.040273933 0.15227954
v -0.545672618 -0.0534909091 0.200984742
v -0.545615191 -0.0201363765 0.207027716
v -0.546174509 0.00272034536 0.208622762
v -0.292611539 -0.286066631 0.0897261356
v -0.0823094515 -0.395106593 0.118091231
v -0.581715855 0.204811856 0.0451107746
v -0.551723653 0.205140457 0.0441925801
v -0.573910563 0.193116245 0.0815319629
v -0.546731852 -0.0290724953 0.207461462
v -0.411098448 0.0114473309 0.219156588
v -0.409590323 0.0408374018 0.198941229
v -0.408370695 0.0465015472 0.233580313
v -0.410165681 0.0195107754 0.25062856
v -0.408104605 0.0416962681 0.26207437
v -0.546466568 -0.0776171773 0.194337387
v -0.386401907 0.145616148 0.207314515
v -0.377880717 0.1651831 0.214984927
v -0.382523462 0.151621058 0.231305569
v -0.407993994 -0.0765429232 0.127712086
v -0.410502108 -0.0631396062 0.138987761
v -0.547183789 0.0644529815 0.199346797
v -0.54615161 0.0325330824 0.205857058
v -0.545679732 -0.208367708 0.0178488875
v -0.546941078 -0.206328667 0.0424164673
v -0.043864776 0.401919076 0.566793826
v -0.0144332937 0.404158724 0.562919273
v -0.404054528 -0.0649019945 0.282367458
v -0.400415497 -0.0808185264 0.298157623
v -0.377324843 -0.147767422 0.55592549
v -0.625691829 -0.0307219179 0.20541607
v -0.324680563 0.2502617 0.162674066
v -0.347124391 0.221747669 0.158221313
v -0.405840576 -0.0463921198 0.301578598
v -0.408198231 -0.0385482458 0.267857888
v -0.303311851 -0.114744325 0.682056436
v -0.282402978 -0.133652666 0.680969915
v -0.371475584 -0.165754714 0.599039693
v -0.370312883 -0.167541317 0.312090217
v -0.410720605 0.00228196044 0.24199772
v -0.410637338 -0.0195196578 0.236964061
v -0.373738554 -0.168767758 0.230629848
v -0.360319756 -0.191757468 0.246425277
v -0.5755084 -0.0149607537 0.207310567
v -0.292645116 -0.0994538879 0.680454025
v -0.267246586 -0.110133227 0.680289701
v -0.268899218 0.302395229 0.542396677
v -0.404438807 -0.0691158162 0.261737834
v -0.350662686 -0.203990148 -0.574587183
v -0.412966963 -0.0501289755 0.152094669
v -0.407821755 -0.0751143455 0.160462986
v -0.348296543 -0.208424948 0.49202181
v -0.351167771 -0.203357441 0.471923398
v -0.41112934 -0.0508195578 0.17074156
v -0.41152193 -0.0254792738 0.194621819
v -0.305682359 -0.0624702535 0.680924826
v -0.407068609 0.0836473812 0.129399586
v -0.410020117 0.0614019425 0.138913064
v -0.411256506 0.0608954949 0.144144038
v -0.358403023 -0.191808786 0.59594724
v -0.274942424 -0.162243051 0.68182155
v -0.353964388 -0.197582217 0.579986808
v -0.331883788 -0.233873962 0.481696747
v -0.347716116 -0.209715949 0.340425307
v -0.357758228 -0.192298627 0.320334276
v -0.349186508 -0.207198924 0.365135845
v -0.365472145 -0.176872963 0.345300628
v -0.113352146 0.387295361 0.530627871
v -0.101804913 0.391188822 0.564157985
v -0.139547687 0.379394739 0.563449023
v -0.23817809 -0.32892425 0.49649755
v -0.313708175 0.0857465878 0.681897973
v -0.293171587 -0.0294988336 0.680134556
v -0.265191961 -0.0258588763 0.680581035
v 0.0313441587 0.405441688 0.597706019
v -0.101812534 0.394542995 0.601500442
v -0.112613184 -0.387961276 0.317969598
v -0.343122412 0.216825881 0.568167102
v -0.339998515 0.220559444 0.501125052
v -0.358087208 0.190360421 0.570559719
v -0.358883155 -0.189577858 0.386298209
v -0.385456219 -0.127526678 0.359844637
v -0.184564981 -0.241619425 0.680166224
v -0.160293297 -0.241504617 0.67999779
v -0.123791331 0.213752058 0.680538744
v -0.168429983 0.224817229 0.680851145
v -0.204927352 0.215588077 0.680648536
v -0.277901654 0.0287399502 0.680401819
v -0.251177183 0.00507808865 0.680551693
v -0.252483006 0.0449885905 0.680728074
v -0.274352889 0.0616467168 0.680178263
v -0.371965482 0.161969132 0.529482535
v -0.369764768 0.166953182 0.57617962
v -0.393794542 -0.0954784034 0.58352255
v -0.393247797 -0.0973740213 0.551742965
v -0.674869187 0.0200093632 -0.207035027
v -0.697677533 -0.0297602706 -0.205742272
v -0.400517536 -0.0609449942 0.563722448
v -0.373225605 -0.165383622 0.266813576
v -0.37444555 -0.164521926 0.249663611
v -0.39373771 -0.104203305 0.316050204
v -0.258814081 -0.133075654 0.680193914
v -0.569281078 0.209240317 0.0190062864
v -0.545014722 0.207886192 -0.0334979105
v -0.394721201 -0.0978845382 0.598384334
v -0.400080811 -0.0714937931 0.592967275
v -0.322585455 -0.0453522951 0.682127994
v -0.71125599 0.180447148 0.0988123088
v -0.405183114 0.0172081745 0.568451078
v -0.694559233 -0.0943283592 0.182780473
v -0.716706617 0.207908329 -0.0278526968
v -0.722468566 0.20988535 0.0012774877
v -0.403457894 -0.0389521511 0.516321305
v -0.401151104 -0.0613338797 0.422921054
v -0.230367316 -0.335055904 0.099607503
v -0.370626263 0.169128476 0.602809814
v -0.1858672 -0.359996348 0.27340292
v -0.394943677 0.112584656 0.256265946
v -0.401169642 0.0671988472 0.396305379
v -0.406238037 0.0104482742 0.382338002
v -0.283822588 -0.00110311928 0.680259625
v -0.30331925 -0.00809017842 0.680273008
v -0.287089478 0.137328342 0.681339671
v -0.328556077 0.239331434 0.58289987
v -0.309055295 0.262837889 0.568352778
v -0.269576227 0.136700728 0.680338738
v -0.259677329 0.121089439 0.680089031
v -0.16162995 0.20761575 0.680583993
v -0.395951776 0.090676364 0.58070245
v -0.251020438 0.182280882 0.680370755
v -0.206545792 0.351378745 0.607057641
v -0.168670644 0.281931232 0.682600081
v -0.181487629 0.364918198 0.60553687
v -0.264719829 0.310167044 0.611538385
v -0.263845831 0.309402994 0.599011186
v -0.164070301 0.371979338 0.597899539
v -0.146705722 0.37854672 0.587796162
v -0.182809955 0.362427472 0.591251737
v -0.197479861 0.355538396 0.600148903
v -0.545919998 0.102639562 0.182094995
v -0.546804409 0.127246148 0.16721461
v -0.207563765 0.0510931622 0.681010355
v -0.299028958 0.276538079 0.603266609
v -0.282816319 0.292619249 0.607354713
v -0.226266942 0.250743809 0.682953264
v -0.357922561 0.201349151 0.213878379
v -0.392685398 0.116012663 0.271986235
v -0.386935989 0.135806696 0.253308629
v -0.67635612 -0.205127496 0.0323756162
v -0.693929777 -0.199053141 0.0580131163
v 0.246894757 0.321987294 0.516133293
v 0.241972517 0.326066421 0.565016586
v 0.0934914202 0.281229944 0.679880405
v 0.0706185269 0.288787124 0.68013929
v 0.0700776228 0.265140853 0.680154859
v 0.286176011 0.28892872 0.557956931
v 0.296561304 0.277763293 0.530402549
v 0.300348437 0.273088316 0.561036154
v 0.0129033334 0.140117581 0.680723077
v 0.022111709 0.248303523 0.680184348
v -0.054056164 0.243591626 0.681054419
v 0.256593623 -0.316931859 0.00915629767
v 0.262891958 -0.312630623 0.0414176489
v 0.243476615 -0.326814978 0.0206650689
v -0.0348187 0.293154984 0.681274954
v 0.202992722 0.351500753 0.592832125
v 0.181794757 0.36399502 0.599392862
v 0.207428082 0.350620181 0.600730155
v -0.191654014 0.355927417 0.562506811
v -0.724305598 0.13660538 0.155856199
v -0.713037671 0.147785583 0.146248732
v -0.289087203 0.284621529 0.592216964
v -0.389949001 0.140821696 0.108497892
v -0.33459654 0.238124144 0.0712826175
v 0.0905778816 0.39693342 0.603589547
v 0.0651997053 0.30650861 0.681019509
v 0.0466505042 0.322023571 0.682128371
v -0.171538025 0.366854946 0.244846417
v 0.0600389116 0.40285039 0.604162567
v 0.0384652559 0.40288499 0.563286387
v 0.117858807 0.386802633 0.520796459
v 0.0285072797 0.403005929 0.545136313
v 0.0389661159 0.293822143 0.680373362
v -0.00012155977 0.318396472 0.682079966
v -0.310698994 -0.261567951 0.493914699
v 0.311874809 0.259318376 0.425386502
v 0.337990631 0.225101726 0.429036708
v 0.314712548 0.256922694 0.471272719
v -0.402980761 0.0651051984 0.315534088
v -0.396407934 0.0952072409 0.334788453
v -0.404518261 0.0498515795 0.331306488
v -0.299941295 0.0388631881 0.680201469
v -0.31778345 0.0457900618 0.681458906
v 0.0849711687 0.304010037 0.681175212
v -0.344078919 -0.215463975 0.452219145
v 0.0634945464 0.227220449 0.68054755
v -0.0662746992 -0.397056054 -0.240469241
v -0.545872479 -0.124953855 0.167744867
v -0.544564167 -0.161073469 0.132201636
v -0.00265415305 0.405250068 0.573613897
v 0.0588160912 0.40129773 0.574997038
v -0.366055982 0.182775188 0.250639605
v -0.339884163 0.225024738 0.247527717
v -0.357863183 0.198701949 0.226985612
v 0.108967859 0.388868232 0.464834901
v 0.269983902 0.301934036 0.386598642
v -0.00733007991 0.403777991 0.399197668
v 0.152204863 0.287999084 0.681752752
v 0.34930578 0.210057109 0.264953203
v 0.359659721 0.194542836 0.244254984
v 0.344596227 0.219876586 0.23282386
v -0.40060581 0.11140613 0.121181219
v -0.393754963 0.131202695 0.128376213
v -0.545988331 0.0779199892 0.19294194
v 0.357587842 0.201337684 0.226551113
v 0.362334689 0.205112214 0.147494301
v 0.36459692 0.198990913 0.172928673
v 0.355297855 0.216397682 0.164556843
v 0.353095652 0.201986284 -0.315888227
v 0.327415054 0.240785693 -0.338799524
v 0.33390156 0.231502372 -0.360897577
v -0.206510194 0.347092474 0.494877682
v -0.228500463 0.3377233 0.144131197
v -0.302980001 0.272169372 0.21935562
v -0.203892829 0.350933907 0.210654962
v -0.12548249 -0.384162873 0.273610993
v 0.363474966 0.181410158 0.45465602
v 0.376324733 0.153970432 0.455103243
v 0.369500308 0.169704742 0.424521168
v 0.185997236 -0.35919627 0.212253412
v 0.232889972 -0.33171732 0.202137472
v -0.254488375 0.205396041 0.681815411
v -0.572435596 0.088312911 0.188472813
v -0.545869102 0.108861444 0.177336118
v -0.384510684 0.132138325 0.411092345
v -0.365407193 0.178133044 0.355686141
v -0.289375647 0.283766125 0.328301184
v -0.374358038 0.162372964 0.286926526
v -0.377986478 0.147738835 0.566208854
v -0.407790554 -0.080943407 -0.117433468
v -0.398060702 -0.109136045 -0.173947418
v -0.378320068 -0.148064845 0.332448689
v -0.342405224 -0.220164711 0.258428776
v -0.39614199 0.114756062 0.200229206
v -0.400366535 0.0779265024 0.600258818
v -0.714060636 0.201797216 0.0562551683
v -0.708086097 0.209062356 0.0205321128
v -0.72517185 0.208212266 0.0242397258
v -0.412980377 -0.03957548 0.148078453
v -0.596312572 0.144030337 0.151375866
v -0.709206114 0.122519041 0.16733558
v -0.633445952 0.0549638536 -0.202091234
v -0.545309983 0.126572278 0.165591493
v -0.654171596 0.115654687 0.17388466
v -0.405684803 -0.0934643808 -0.103107978
v -0.617357674 0.205167238 0.0451041955
v -0.583218659 0.200725112 -0.0644449867
v -0.700088104 0.0546630658 0.199335346
v -0.373568097 0.171940707 0.226596187
v -0.366036257 0.186166204 0.22461542
v -0.648217326 -0.025126734 0.206153554
v -0.663879458 -0.0446227159 0.202529743
v -0.702245548 -0.159692186 0.129883564
v -0.705676404 -0.184965182 0.0913533947
v -0.705166454 -0.171106259 0.114615583
v -0.579253998 -0.143689774 0.149970065
v -0.571190716 -0.163062903 0.128460073
v -0.545556494 -0.0950724083 0.185097366
v -0.414899197 0.00443170184 0.160232572
v -0.567286502 -0.116380885 0.172073252
v -0.702419758 0.187350694 0.0936170269
v -0.721268969 0.190897447 0.0843957767
v -0.563339692 -0.208039005 0.00293994516
v -0.545587408 -0.20785782 -0.0121998177
v -0.567832762 -0.204812608 -0.0387905983
v -0.601098937 0.110741089 0.176428569
v -0.545956285 0.203114986 0.0523054709
v -0.545231534 -0.203710089 -0.0435391526
v -0.546337727 -0.122248376 -0.170254504
v -0.547577826 -0.119196876 -0.17408525
v -0.562518392 -0.0580126575 -0.201887984
v -0.369884572 -0.182171609 -0.173971869
v -0.354974305 -0.2062975 -0.201420616
v -0.351157226 -0.213875818 -0.186782237
v -0.546042446 -0.158739585 0.137428311
v -0.545784727 -0.181148301 0.106614581
v -0.544805849 -0.185886403 0.0923903148
v -0.545215993 -0.198915296 0.0643055694
v -0.410259486 -0.00455722971 0.261148563
v -0.700256468 -0.206522176 0.0179471049
v -0.68671708 -0.20763677 -0.0105861809
v -0.593419793 -0.116238428 -0.174004596
v -0.582770412 -0.153154688 -0.142740758
v -0.714504879 0.111430763 -0.175919497
v -0.720394573 0.200546313 -0.0594242822
v -0.701860799 0.166303579 -0.128538115
v -0.645675074 0.142204053 -0.15629529
v -0.642128874 0.190662487 0.0878104771
v -0.676470911 0.200313857 0.0632483453
v -0.713174326 0.206787275 -0.0280705114
v -0.715653609 0.168050449 -0.123636594
v -0.404786496 0.00248473107 -0.606333074
v -0.40207529 0.0445076923 -0.631387248
v -0.40339223 0.00555190007 -0.628823407
v 0.380248552 0.16477788 -0.144321491
v 0.368909523 0.191169271 -0.147213675
v 0.37442539 0.178458266 -0.167800292
v -0.403468852 -0.0306332864 -0.600110706
v -0.716064847 -0.185303 -0.0929757588
v -0.712279114 -0.205251271 -0.0316943789
v -0.7066476 -0.197367013 -0.0640494151
v -0.367089091 -0.183626852 -0.203551461
v -0.343493452 -0.221907055 -0.222556791
v -0.653836162 0.109861224 -0.178618668
v -0.323045993 0.245283981 -0.444345899
v -0.543844601 0.0821129404 -0.236790695
v -0.360209049 0.190095199 -0.447086797
v -0.704760994 -0.139384155 0.152485711
v -0.696918932 -0.103966735 -0.180937909
v -0.40593182 -0.0842603452 -0.106235758
v -0.5469831 -0.173657703 -0.121081291
v -0.40280607 0.0463329107 -0.593642604
v -0.658308482 -0.142282887 -0.153833676
v -0.54564457 -0.196001729 -0.0718593484
v -0.30143691 -0.272247791 -0.468998903
v -0.70850987 0.135726884 -0.158439758
v -0.596519093 -0.197206535 -0.0700413404
v -0.571592244 -0.192034964 -0.0829045341
v -0.597749703 -0.20564576 -0.0359574469
v -0.544782827 -0.174367828 -0.116284201
v -0.639417928 -0.206882807 -0.0285477004
v -0.651213476 -0.199358292 -0.0636062732
v -0.62197168 -0.202458357 -0.0523626707
v 0.376162981 0.154805034 -0.369560479
v 0.380112257 0.144749624 -0.342392405
v 0.387961347 0.122412922 -0.366932919
v -0.666893156 -0.18392247 -0.100432114
v -0.680035442 -0.196904717 -0.0693453177
v -0.629097134 -0.187183989 -0.0941470322
v -0.692488256 -0.0639704405 -0.198368958
v -0.691838842 -0.172002972 -0.119120298
v -0.698821653 -0.187612958 -0.0904839523
v -0.28892717 -0.285238009 -0.596673435
v -0.386899516 -0.0482306038 -0.565308698
v -0.707912446 -0.201260005 0.0470768978
v -0.280043714 -0.293542328 0.54726989
v -0.388126448 -0.14618498 -0.0952388389
v -0.673541233 -0.167503115 -0.125967501
v -0.39032923 -0.147210857 0.0336144796
v -0.392211226 -0.141524981 0.0586721878
v -0.396275725 -0.124527548 0.0435710424
v -0.410052125 -0.0698629481 -0.111028613
v -0.692680911 -0.202902055 -0.0460707265
v -0.703433243 -0.205488189 -0.0276446953
v -0.69603452 -0.197042426 -0.0672358341
v -0.65254079 -0.168140808 -0.12576971
v -0.125949022 -0.223250242 0.680411019
v -0.684731967 -0.0349474119 -0.204964988
v -0.657701782 -0.013767682 -0.207936027
v -0.545014038 -0.199597196 0.0583899749
v -0.30492105 -0.271419768 -0.193137842
v -0.316510646 -0.259203305 -0.178364813
v -0.545675893 -0.163091539 0.128452411
v -0.252693161 0.147586466 0.680273099
v -0.399536291 -0.112189351 0.0955820367
v -0.396355684 -0.124666216 0.072434792
v -0.559595897 -0.183300626 0.0981849569
v -0.403522997 -0.085850747 0.197886882
v -0.396085666 -0.127155237 -0.0609232094
v -0.413425004 0.00660613766 0.170480428
v -0.545917686 -0.205355431 0.0307812777
v -0.379451742 -0.172850624 0.0281279436
v -0.277949957 -0.296012088 -0.42949232
v -0.397797093 -0.0719392126 -0.608896305
v -0.394931154 -0.126827215 0.135283877
v -0.311256856 -0.266335908 -0.156466533
v -0.299444533 -0.282497334 0.00553553148
v -0.36073436 -0.176352319 -0.607203957
v -0.307992943 -0.264973069 -0.537919835
v -0.30694259 -0.249857763 -0.526976313
v -0.337737099 -0.199360237 -0.523100945
v -0.304604876 -0.246977326 -0.524360894
v -0.301243521 -0.264732569 -0.590576894
v -0.39559529 -0.128168207 0.113052234
v 0.356208481 0.194966231 0.360113771
v 0.331095544 0.234277294 0.370564955
v -0.314087765 -0.259126302 -0.293232035
v -0.204657835 -0.349688046 -0.279946784
v -0.270337518 -0.281566476 -0.531717621
v -0.332330455 -0.242583123 -0.160280875
v -0.283002535 0.269469953 -0.545274413
v -0.247580168 0.304038576 -0.548674605
v -0.13639028 -0.380329728 -0.159864254
v -0.358225716 0.158870996 -0.570408879
v -0.332646005 0.20496389 -0.553721881
v -0.341460993 0.198154847 -0.579782096
v -0.373856648 -0.157939855 -0.602795389
v -0.366770748 -0.174007872 -0.586654432
v -0.383106265 -0.132997812 -0.589817123
v 0.360157866 0.187421601 -0.619832577
v 0.359677166 0.18657512 -0.63560879
v 0.336224452 0.226591761 -0.63523054
v -0.068491073 -0.39629293 -0.298787629
v -0.332970141 -0.22157343 -0.58321873
v -0.365315142 -0.145931052 -0.556192801
v -0.0862366002 -0.394894098 -0.444966139
v -0.0609616365 -0.399089751 -0.431248303
v 0.00144740143 -0.402881543 -0.321184956
v -0.00128693709 -0.402433187 -0.340411305
v -0.277609205 -0.290094797 -0.590453052
v -0.369226631 -0.162863736 -0.610857829
v -0.309924713 -0.263401942 -0.377225816
v -0.375820367 0.0931743792 -0.552198427
v -0.354355674 0.159565389 -0.553682353
v -0.399379993 -0.0406911154 -0.622923192
v -0.15461364 -0.373250424 -0.277096077
v -0.367278478 -0.171247587 -0.605254503
v -0.181315312 -0.362844254 -0.0481562222
v -0.180123601 -0.362351401 -0.278909451
v -0.401002376 -0.064443957 -0.512889678
v -0.36240105 -0.184522781 -0.406613025
v -0.170780278 -0.366433205 -0.192555447
v -0.357142339 -0.207374568 -0.168610969
v 0.146168958 -0.377267 0.0662413439
v 0.122655814 -0.38508078 0.0444033673
v 0.152874981 -0.374419199 0.0404048685
v 0.33158904 0.235685704 -0.537549636
v -0.305285171 0.271231199 0.183748293
v -0.22010723 0.311226547 -0.459731074
v -0.23148761 0.301152334 -0.437197052
v -0.308201166 0.265446659 -0.611314224
v -0.268369336 0.304625468 -0.569069312
v -0.333684832 0.233000482 -0.540232716
v -0.398278228 0.0708999328 -0.632063379
v -0.0374318805 0.396892739 -0.590731684
v -0.0605991068 0.392318375 -0.573231697
v -0.0319653632 0.395254618 -0.568998149
v -0.389879206 0.108093906 -0.604555599
v -0.293082068 0.245812341 -0.505274384
v -0.266866764 0.278728517 -0.521590244
v -0.218733244 0.315912668 -0.499937531
v -0.346754592 -0.176849398 -0.522845424
v -0.292177304 0.270403977 -0.587500332
v 0.393162553 0.102722191 -0.53017518
v -0.312367952 0.246939484 -0.595989169
v -0.311640717 0.246019547 -0.582573372
v -0.363292655 0.179531985 -0.613562336
v -0.324940603 0.243414447 -0.625072732
v -0.345880052 0.197847454 -0.6093348
v -0.323912601 0.235318457 -0.61350604
v -0.201322833 0.35382369 -0.59864571
v -0.202404142 0.350365342 -0.56138539
v -0.175530202 0.366397703 -0.587771617
v -0.171131045 0.369732524 -0.603138423
v -0.244267922 0.322975192 -0.628054463
v -0.225025347 0.339501804 -0.613801501
v -0.273019812 0.301261539 -0.616678661
v -0.161307722 0.371266345 -0.630304353
v -0.193931982 0.353034489 -0.623048182
v -0.137744292 0.377684643 -0.617821993
v -0.141379933 0.381481133 -0.589809485
v -0.134982824 0.370512885 -0.555582065
v -0.18547101 0.351100083 -0.576248624
v -0.195191042 0.349157487 -0.600502094
v 0.202264568 0.338857382 -0.475464776
v 0.340911985 0.196258095 -0.482512376
v 0.193732369 0.337196625 -0.48988004
v -0.715889002 0.153153266 -0.142781562
v -0.249813937 0.321392112 -0.607521622
v 0.310889023 0.248511164 -0.422595152
v 0.298450704 0.265541579 -0.451821496
v 0.295729158 0.267355874 -0.417427819
v -0.062937278 0.401799721 -0.58854957
v -0.0448891365 0.403535532 -0.579158815
v -0.0327318836 0.405294296 -0.587348086
v -0.168036333 0.364156096 -0.610356034
v -0.20261572 0.336078441 -0.549763792
v -0.146109616 0.361327455 -0.530267135
v -0.23477603 0.310652628 -0.532802559
v 0.375365416 -0.175511109 0.129601435
v 0.3853603 -0.153510851 0.120582431
v 0.38153793 -0.164344901 0.0918647442
v -0.0981863776 0.394791119 -0.592585556
v -0.115412842 0.389102202 -0.576789508
v 0.0417081398 0.403060799 -0.614220135
v -0.0438552804 0.404544796 -0.602962449
v -0.0553623041 0.40039688 -0.623040195
v -0.381611549 0.0641551808 -0.491503702
v -0.339472703 -0.191475092 -0.500981489
v 0.375654914 0.174809781 -0.191323784
v 0.384684089 0.152655147 -0.175922355
v 0.399348731 0.0742597606 -0.487791271
v 0.401611458 0.059757337 -0.505485274
v 0.4032117 0.0468687918 -0.485768396
v 0.253508497 0.307358485 -0.428444374
v 0.275140312 0.288934658 -0.42904612
v 0.263433843 0.299670914 -0.452497198
v -0.313510642 0.231712348 -0.546153902
v -0.290702474 0.257014258 -0.531705168
v -0.314671124 0.234203562 -0.55412542
v -0.0815612575 0.393098213 -0.6106629
v -0.115631827 0.382593173 -0.59811924
v -0.383159539 0.0265187677 -0.525323365
v -0.352696106 0.147024471 -0.520754083
v -0.379468586 0.0647477948 -0.540962428
v -0.328102049 0.194440837 -0.509232121
v -0.357388809 -0.190791617 -0.598557038
v -0.191845765 0.336089781 -0.520283335
v 0.265869487 0.296334321 -0.406403558
v -0.111699425 0.390468583 -0.626460419
v -0.0906406246 0.395104728 -0.632194393
v -0.108265002 0.389617702 -0.62979727
v 0.199051431 0.349851365 -0.621166146
v 0.17510966 0.360483326 -0.60350885
v 0.203903997 0.345644089 -0.607718917
v 0.401228904 -0.092901291 -0.204350499
v 0.394224847 -0.120404505 -0.201281816
v 0.394212175 -0.118174274 -0.231097344
v -0.398927781 0.0627030152 -0.633860995
v -0.395328365 0.0605724339 -0.622189413
v -0.0961544311 0.392914227 -0.559298779
v -0.373073757 -0.105433931 -0.528602184
v -0.383999933 -0.0390797395 -0.540764823
v -0.365007537 -0.128743733 -0.522927506
v -0.376955407 0.169570821 0.193511563
v -0.383450145 0.154999764 0.183568703
v 0.201153844 0.330189386 -0.470249938
v -0.0316445614 0.40037384 -0.609970478
v 0.014204055 0.399382007 -0.597634361
v -0.00544820661 0.384358041 -0.489723593
v 0.358886518 0.191504406 -0.588988883
v 0.345044995 0.216160043 -0.571980446
v 0.359569193 0.190030197 -0.550841833
v -0.150811987 0.370163186 -0.597664194
v -0.0590288505 0.390266578 -0.555822003
v 0.351602241 0.204848001 -0.524432365
v 0.367672081 0.173020595 -0.52103809
v -0.373825851 0.128267121 -0.597467508
v 0.00708563554 0.402492211 -0.613936619
v -0.176019785 0.339974733 -0.479779801
v -0.16186509 0.344994325 -0.445247131
v 0.365284943 0.187153211 -0.263687076
v 0.375249487 0.167590912 -0.26060347
v 0.375155826 0.163432322 -0.27938814
v -0.350731561 0.154427714 -0.45869345
v -0.384096414 -0.0261357786 -0.522885604
v -0.382744056 0.0361834999 -0.502954116
v -0.100621417 0.369808291 -0.473184332
v -0.0769906142 0.384095384 -0.542711143
v -0.242835065 0.290699125 -0.416790931
v -0.202575855 0.321274396 -0.424110126
v 0.0431649146 0.403914995 -0.575975032
v 0.00419217569 0.406363593 -0.584240461
v 0.0186990283 0.404490628 -0.560188493
v 0.039318585 0.404247206 -0.596486885
v 0.35864653 0.205951829 -0.210241831
v 0.347314882 0.224928634 -0.19424332
v 0.362911862 0.201492282 -0.178945211
v -0.109298426 0.389667101 0.283382672
v 0.0949126448 0.395469471 0.225962271
v -0.264033119 0.271242986 -0.404672693
v -0.279141308 0.254649224 -0.412192369
v -0.0424193522 0.385836237 -0.522135982
v -0.0122217285 0.390775948 -0.53314927
v -0.313342207 0.240491765 -0.569770099
v -0.378800341 0.16732461 0.151486216
v -0.011429922 0.406076169 -0.576644094
v -0.0198714834 0.404413444 -0.56594697
v 0.268268757 0.292823334 -0.383768035
v 0.246964583 0.310919003 -0.39042473
v 0.396895132 0.111726061 -0.20222954
v 0.399765878 0.0979694341 -0.222601534
v 0.402554213 0.0877159371 -0.190866381
v 0.724920745 0.189749218 -0.0821908902
v 0.712532464 0.186798781 -0.0888360041
v 0.346470646 0.21365355 -0.420839627
v 0.380271197 0.158672683 -0.246048891
v 0.384373034 0.144994121 -0.260226221
v 0.388433184 0.137230225 -0.242531697
v 0.357490771 0.197660356 -0.285013136
v 0.108665989 -0.386061951 -0.59705268
v 0.127005767 -0.382111087 -0.600840947
v 0.118558573 -0.381237931 -0.591801991
v 0.360342835 0.188798854 -0.465270625
v 0.405785329 -0.00614379883 -0.509533899
v 0.404256446 -0.0290660294 -0.489915399
v 0.334134427 0.21716113 -0.48745931
v 0.32504091 0.232468522 -0.508768058
v 0.68294393 0.0770574675 -0.194018204
v 0.701536367 0.0592248608 -0.199655866
v 0.252696566 -0.319065499 0.100997139
v 0.275233943 -0.301717651 0.0952999241
v 0.263636326 -0.311418189 0.0746244262
v 0.283888263 -0.295560838 0.0686933131
v -0.399886573 0.0716749137 -0.513629679
v 0.342104628 0.220601189 -0.591420514
v 0.382951874 0.136304977 -0.486785016
v 0.392036269 0.107249606 -0.495207563
v 0.381430962 0.140487088 -0.517642173
v 0.401222056 0.0628191789 -0.457969518
v 0.401616701 0.0617342892 -0.423552603
v 0.39604422 0.0916132037 -0.438689968
v 0.307914739 0.266101048 -0.554355109
v 0.27582297 0.295629038 -0.633650741
v 0.305052909 0.268787756 -0.622039162
v 0.229608702 0.32639134 -0.522088008
v 0.207184313 0.339353968 -0.492648944
v 0.192791986 0.348452376 -0.518489267
v 0.109451264 0.390032209 -0.546763961
v 0.0729293064 0.398999706 -0.568971676
v 0.0787162519 0.39691994 -0.531259854
v 0.0494439961 0.383858815 -0.505812787
v 0.09681197 0.372984948 -0.490477677
v 0.164013401 0.362169982 -0.533696083
v 0.162768762 0.364104689 -0.556839049
v 0.133190181 0.375195266 -0.560238183
v 0.195272162 0.348706061 -0.571437681
v 0.152065548 0.369557454 -0.584390567
v 0.192608472 0.35095044 -0.594772726
v 0.388868873 0.141242876 -0.126479054
v 0.364491259 0.201095208 -0.0788446708
v 0.368004192 0.194314462 -0.102685795
v 0.36564707 0.178661688 -0.339563426
v 0.358225228 0.213053582 -0.100543146
v 0.363017532 0.2035545 -0.12434598
v 0.350744972 0.224690459 -0.125836552
v 0.0454110433 0.392714043 -0.556188737
v 0.065052552 0.388035598 -0.538563441
v 0.0223555874 0.392390507 -0.5457144
v 0.0966951108 0.394075668 -0.595742664
v 0.0748087033 0.399617676 -0.587995917
v -0.0822610035 0.397536183 -0.578054858
v -0.194266993 0.358202158 -0.61053228
v 0.358205041 -0.19945721 -0.220916751
v 0.36744025 -0.185438896 -0.211987408
v 0.358991248 -0.201266913 -0.19559174
v -0.171553329 0.363883238 -0.513113389
v -0.224841993 0.33544603 -0.471533043
v -0.126016039 0.38232148 -0.442624911
v 0.235724539 0.330111775 -0.401790188
v 0.162293291 0.371234884 -0.499523205
v 0.0546709933 0.399795414 -0.46304743
v 0.057785805 0.400468859 -0.552830122
v 0.385108612 0.118347574 -0.613774047
v 0.387160787 0.117168981 -0.616012356
v 0.114956576 0.382160731 -0.590112475
v 0.3279252 0.235748779 -0.636510144
v 0.342295117 0.211682134 -0.619117234
v 0.31083259 0.256876498 -0.632995784
v 0.405047092 -0.0336719366 -0.385759829
v 0.5457666 -0.0527372754 0.201246125
v 0.565025579 -0.0398905633 0.203843021
v 0.551302418 -0.0660744006 0.19709863
v 0.337022939 0.227427437 -0.623762433
v 0.295204616 0.273132273 -0.619608519
v 0.231518872 0.329280984 -0.625215954
v 0.238679861 0.325372895 -0.632884174
v 0.253385773 0.312378046 -0.619577873
v 0.224750515 0.333062876 -0.615227828
v 0.115644948 0.381639296 -0.577393018
v 0.0978480965 0.386469825 -0.580908461
v 0.404495124 0.0315577008 -0.515193055
v 0.687456705 0.00442470986 -0.208870818
v 0.707688715 0.0190030559 -0.207631372
v 0.693238822 0.0338649587 -0.206591208
v 0.377258721 0.144601673 -0.622655003
v 0.371278105 0.162181471 -0.628290666
v 0.365206986 0.164332182 -0.579394293
v 0.402152768 -0.0478123097 -0.608585367
v 0.401307992 -0.0594491854 -0.59550793
v 0.404333961 -0.0325772167 -0.584866767
v 0.404089095 -0.0359351616 -0.52102748
v 0.405124212 0.0336856951 -0.40289553
v 0.405886618 -0.00595012212 -0.405316044
v 0.404935557 0.0355885235 -0.367622615
v 0.391356848 0.11174044 -0.338470252
v 0.3843952 0.134950436 -0.322271375
v 0.397678268 0.081757818 -0.509791224
v 0.381558098 -0.135250545 -0.596927713
v 0.371317801 -0.165096967 -0.585404769
v 0.373273722 -0.15689136 -0.599233268
v 0.387353773 -0.141104753 -0.207671414
v 0.404831931 -0.0305283052 -0.553614775
v 0.401902195 -0.0571773641 -0.570529553
v 0.358131444 0.187038192 -0.633048473
v 0.389142705 -0.11566476 -0.576459443
v 0.397533151 -0.0386389113 -0.586178681
v 0.396232125 0.0303660698 -0.554044648
v 0.398604573 0.0104132238 -0.580420849
v 0.397789094 0.048194448 -0.598434136
v 0.400608283 0.0532026295 -0.61655981
v 0.398880604 0.0802667915 -0.361631279
v 0.368781355 0.188003703 -0.208746975
v 0.370547684 0.168157188 -0.444224734
v 0.365205922 0.179097242 -0.370998653
v 0.281579658 0.279770568 -0.37925052
v 0.294928222 0.267051412 -0.395238959
v 0.289388722 0.271202606 -0.383724664
v 0.388792306 0.129305451 -0.276820649
v 0.675448939 0.0263172137 -0.207433909
v 0.681840599 0.0524894643 -0.202331663
v 0.637001875 0.0538030636 -0.202335451
v 0.36007017 0.189295559 -0.493461978
v 0.372496671 0.163243529 -0.474814191
v 0.373939378 0.159991457 -0.49783291
v 0.398849003 -0.113286476 -0.12432149
v 0.713448487 0.0894188034 -0.187332895
v 0.715037067 -0.0586080792 -0.199410496
v 0.311277327 0.245054813 -0.411136616
v 0.382352779 0.13892051 -0.458955695
v 0.401962125 -0.0543646144 -0.497383343
v 0.396890558 -0.0822843381 -0.492693993
v 0.401009089 -0.0601463803 -0.468402264
v 0.40299375 -0.0451443181 -0.436337255
v 0.405211038 -0.021372728 -0.459826445
v 0.405907371 -0.0122277656 -0.432039398
v 0.405331646 -0.00688664159 -0.603399837
v 0.400998561 0.0673228127 -0.393625968
v 0.396941941 0.0876419433 -0.412807933
v 0.395564254 -0.0993905125 -0.302701959
v 0.39350096 -0.11251328 -0.2773611
v 0.401909108 -0.078732615 -0.281235526
v 0.404278273 0.0399912295 -0.441635711
v 0.694644492 0.153298235 -0.141384809
v 0.659944567 0.170905956 -0.118712083
v 0.685751996 0.184728394 -0.0961450062
v 0.383123506 0.136400344 -0.43221968
v 0.409122288 0.0446898416 -0.171792187
v 0.410888332 0.0201925622 -0.178136244
v 0.405739759 0.00778277614 -0.574267555
v 0.405767844 0.00233501653 -0.537596694
v 0.403990749 0.0403062887 -0.42319642
v 0.405754598 0.0188212309 -0.426114825
v 0.408008062 0.0504101317 -0.229768078
v 0.406444662 -0.0529861414 -0.270265896
v 0.409494546 -0.0222667722 -0.276177176
v 0.409217508 -0.0345003309 -0.252731458
v 0.399989106 0.0836416607 -0.30268841
v 0.405500929 0.0516032685 -0.292202616
v 0.544329557 -0.201202866 -0.0587170194
v 0.544985454 -0.195391484 -0.0742083034
v 0.544876965 -0.187030942 -0.0963138851
v 0.322557673 -0.245081368 -0.611254292
v 0.329573968 -0.237928123 -0.597729548
v 0.339133196 -0.222549395 -0.605373969
v 0.343975913 -0.224996253 -0.182788758
v 0.329075429 -0.245142064 -0.168861482
v 0.406310447 -0.0662032845 -0.193615806
v 0.406251852 -0.0643415535 -0.220449965
v 0.412348095 0.00807230141 -0.154897857
v 0.413271548 0.02128328 -0.131176303
v 0.401586367 0.0930138778 -0.15330309
v 0.404630082 0.0727562184 -0.217544315
v 0.7150534 0.0474281931 -0.202155041
v 0.71830052 0.0199713471 -0.20650631
v 0.723933138 0.0471437685 -0.201641719
v 0.390879537 0.110578566 -0.559390629
v 0.401352285 -0.0356292706 -0.613235586
v 0.397677887 -0.0653874581 -0.609048919
v 0.376615505 -0.17885483 -0.0122585978
v 0.378875481 -0.173424053 -0.0372056
v 0.369391836 -0.19370781 -0.0340608015
v 0.559269911 0.0724873463 0.19468762
v 0.546020155 0.113850993 0.173716201
v 0.572512613 0.106721631 0.178309622
v 0.410282304 -0.00249959001 -0.254922281
v 0.397237044 -0.0779169165 -0.603749715
v 0.331597111 -0.245902375 -0.133732449
v 0.40857011 -0.043758773 -0.231150132
v 0.406712867 -0.0594402693 -0.246045081
v 0.384304274 0.102703812 -0.551112591
v 0.404319853 -0.0364283815 -0.409899317
v 0.40116503 -0.0615786008 -0.543189053
v 0.406506429 -0.0443444179 -0.297230502
v 0.408547627 -0.00704861342 -0.300660497
v 0.409534492 0.00556928156 -0.280975826
v 0.370997655 0.167118205 -0.394750929
v 0.398050539 0.0964945533 -0.274772027
v 0.392688929 0.113328297 -0.294042558
v 0.393828748 0.100955275 -0.392720119
v 0.395473233 0.119134637 -0.141958362
v 0.408242927 0.0260922552 -0.296959006
v 0.4049687 0.0642407848 -0.274115349
v 0.408891669 0.0310104633 -0.271257167
v 0.407340763 0.0488398864 -0.253680253
v 0.399361686 0.0794166222 -0.330890295
v 0.395735552 0.0977529566 -0.32189984
v 0.404252958 0.0289411247 -0.607077287
v 0.400817398 -0.0670827126 -0.36877461
v 0.401530728 -0.0585368538 -0.3948134
v 0.404821797 0.00871381878 -0.618050744
v 0.363676455 0.195260325 -0.230844475
v 0.342793668 0.227431831 -0.228802245
v 0.36012898 0.198887198 -0.248121664
v 0.387852702 -0.125488284 0.30251071
v 0.389389124 -0.118352976 0.336431557
v 0.395729114 -0.0970044169 0.314014109
v 0.403685007 0.0775694079 -0.246870803
v 0.344774853 0.215279895 0.462267326
v 0.344076262 0.216565614 -0.547879396
v 0.403547167 0.0855302485 -0.13045003
v 0.61418261 0.169822292 -0.121390306
v 0.63401997 0.194864878 -0.0716467064
v 0.631050389 0.206025462 -0.0272695782
v -0.388971628 0.122588417 0.31279698
v 0.222886714 0.337683189 -0.632670794
v 0.315116834 0.245444288 -0.473932844
v 0.297204748 0.267204496 -0.495384046
v 0.707206737 0.182695895 -0.0990541614
v 0.394813538 0.114581896 -0.251011654
v 0.393292468 0.123454414 -0.224456868
v 0.403653666 0.0410391121 -0.583080183
v 0.384782829 0.149188952 -0.222498311
v 0.389200137 0.139377803 -0.153620957
v 0.545209004 0.074496998 0.19434848
v 0.102383006 0.384161322 -0.565656821
v 0.346975041 0.228010536 -0.162576383
v 0.325170401 0.244807467 -0.306077047
v 0.383510387 0.158816428 0.00761085751
v 0.373262677 0.182029897 -0.12079247
v 0.381874351 0.161461692 -0.114749092
v 0.334475511 0.250289723 -0.00755364447
v 0.342809749 0.238913203 -0.0260300327
v 0.32726618 0.258451111 -0.0316486338
v 0.334444699 0.246094549 -0.142389437
v 0.337518335 0.243618119 -0.119983781
v 0.355226926 0.218580689 -0.0739155922
v 0.342973336 0.237345584 -0.0922303318
v 0.348784882 0.229307722 -0.0533808195
v 0.413683263 -0.00816468882 -0.140039132
v 0.414850306 0.0264988514 -0.0951018979
v 0.372521337 0.184082558 0.0235334841
v 0.381974488 0.162535245 0.0383867322
v 0.371232097 0.186736618 0.0507200679
v 0.308298961 0.278359291 0.0151896989
v 0.334561925 0.249386508 0.00988069939
v 0.35549992 0.196299607 0.41116269
v 0.355830034 0.196588345 0.433361193
v 0.389297933 0.144384238 -0.0240373196
v 0.395753776 0.127401371 0.0132171425
v 0.687791326 0.2083923 -0.00415021383
v 0.70533749 0.207663465 0.00584596298
v 0.70502156 0.205779102 0.0262064323
v 0.361987074 0.206411623 0.0363714227
v 0.689215647 -0.154174721 -0.141369005
v 0.600591284 0.196485753 0.0672282718
v 0.629318588 0.183298728 0.0974929344
v 0.589868262 0.174000842 0.114404309
v 0.709164674 0.113212798 0.172233221
v 0.72314379 0.118931745 0.168839184
v 0.711324974 0.0895414417 0.185636647
v 0.359657932 0.210451613 -0.0491323953
v 0.353270563 0.199849442 0.533097729
v 0.36355871 0.202795775 0.00764438315
v 0.178594252 0.354219187 -0.503812433
v 0.147106537 0.367626766 -0.517437352
v 0.402063853 0.0958470739 0.159309121
v 0.40349975 0.087629668 0.18588509
v 0.394982072 0.119808391 -0.173902258
v 0.313881425 0.27102868 -0.0997818385
v -0.406312612 0.0741954798 0.158492074
v 0.4112441 0.00838341527 0.232239011
v 0.389695562 0.142767927 0.0309511216
v 0.381869223 0.161056525 0.157516069
v 0.378900527 0.169774578 0.125520443
v 0.389971471 0.139301209 0.137053021
v 0.37226544 0.184237051 0.152643793
v 0.372232375 0.178248821 0.215193963
v 0.381511992 0.156009718 0.221984857
v 0.378438109 0.166202688 0.201520059
v 0.610357039 -0.128848462 0.163359059
v 0.586076333 -0.0980021547 0.183305368
v 0.583017703 -0.135857839 0.157345045
v 0.707871942 0.19307272 0.0739119169
v 0.690789437 0.203151831 0.0440560605
v 0.631330028 0.0158982765 0.207400806
v 0.613423637 0.00381705694 0.208171851
v 0.6087772 0.0429345811 0.203565966
v 0.393541259 0.132180456 0.0811445503
v 0.396157352 0.124652148 0.112320011
v 0.387627392 0.147241607 0.10534491
v 0.374875713 0.173629764 -0.229464284
v 0.690028513 0.197192334 -0.0681950061
v 0.695896199 0.203266484 -0.0438601547
v 0.702564966 0.194595454 -0.0728718172
v 0.334942756 0.249033471 -0.0583600644
v 0.353926416 0.221386326 -0.0156995361
v 0.373813471 0.164279729 0.272164881
v 0.377464925 0.152937519 0.300579284
v 0.684968669 0.193803469 0.0751746054
v 0.662950706 0.189533528 0.0856917004
v 0.57394027 0.186995935 0.0897559074
v 0.557975445 0.202127586 0.0503811056
v 0.409585651 0.0148189357 0.283804574
v 0.410201479 -0.0128999217 0.269239088
v 0.403370649 0.0836515584 0.216355635
v 0.39729756 0.111001243 0.205296136
v 0.39582128 0.12035645 0.15807961
v 0.398737749 0.108418765 0.176923232
v 0.714799321 0.20210138 0.0423070511
v 0.40702497 0.0831461883 0.141656116
v 0.407676969 0.0839952372 0.12852123
v 0.660098682 -0.148026347 0.146193153
v 0.645188718 -0.161085786 0.132183869
v 0.635903725 -0.141271164 0.152930197
v 0.352258148 0.222196717 0.141130148
v 0.400034021 0.0658257294 0.569969282
v 0.3753543 0.176284462 0.17921775
v 0.639613618 -0.0158170838 0.207598949
v 0.164603844 0.370503688 0.568922491
v 0.384921248 0.151969349 0.182408558
v 0.328054549 0.255144422 0.097159778
v 0.354819987 0.215187438 0.182613736
v 0.257196978 0.314778092 0.578467993
v 0.284831761 0.290255603 0.582321404
v 0.255496432 0.317392683 0.593992647
v 0.29674159 -0.0260199247 0.679975905
v 0.277142528 -0.0221097622 0.680556337
v 0.271924583 -0.0496782292 0.680460603
v 0.379023344 0.168505394 0.0937861929
v 0.325142286 0.243428453 0.524386854
v 0.547562321 0.190003809 0.0898471325
v 0.34851368 0.228212749 0.113015952
v 0.360647619 0.208388891 0.0977360653
v 0.339856088 0.242288183 0.0256980717
v 0.639865805 0.203133574 0.0445351584
v 0.262162016 0.317665331 0.101111269
v 0.149666659 0.375880279 -0.615621161
v 0.240474949 0.327188024 -0.595989465
v 0.177365911 0.365068121 -0.546303938
v 0.404149411 -0.0407120449 0.495721315
v 0.404020964 -0.0428522875 0.514538792
v 0.400838218 -0.0664798841 0.516332178
v 0.371203895 0.175672548 0.233565199
v 0.388607446 0.140325055 0.204795404
v 0.0420087288 0.401285908 0.501942413
v 0.406043202 0.0517715878 0.28757071
v 0.406458035 0.0227607868 0.354297964
v 0.406437306 0.00242246966 0.382147033
v 0.358412118 0.212401876 0.124096727
v 0.382194725 0.138027384 0.430533002
v 0.38712971 0.125449258 0.45906594
v 0.405949407 -0.0276924133 0.35886169
v 0.405520628 -0.0306620871 0.383226933
v 0.403172454 -0.0525973567 0.370079382
v 0.403724589 -0.053570807 0.337375218
v 0.406223289 -0.0377698767 0.311610436
v 0.4022932 -0.0690615912 0.308609236
v 0.367399805 0.195149474 0.125082783
v 0.392617592 0.128515222 0.181749686
v 0.0485569719 -0.400670869 0.233561747
v 0.066469734 -0.398273941 0.204660075
v 0.0329675268 -0.402125735 0.208518726
v 0.347332349 -0.210411986 0.352899701
v 0.334225627 -0.230484341 0.352194787
v 0.341523027 -0.219581707 0.325266412
v 0.310017546 0.262581655 0.294658729
v 0.0483661846 0.404256223 0.143709824
v 0.37027792 0.189215432 0.078770501
v 0.37977957 0.167180086 0.0658091355
v 0.342321362 0.234837424 0.162728971
v 0.364202544 0.178562248 0.549356806
v 0.350311493 0.204983536 0.559744883
v 0.320349749 0.263198935 0.124105859
v 0.33301773 0.239402134 0.216129016
v 0.328039507 0.241313934 0.255787415
v 0.190078837 0.358631889 0.584288609
v 0.213904219 0.344899642 0.572364504
v 0.320167222 0.248829591 0.389608658
v 0.343919492 0.215871366 0.390887666
v 0.38379241 0.14782855 0.239421026
v 0.338479969 0.241147015 0.139877352
v 0.298169745 0.284342145 0.169229836
v -0.130764868 0.383471869 0.577514224
v 0.37904487 0.146842756 0.40429561
v 0.405560965 -0.0278384529 0.585504809
v 0.405164555 -0.0122947432 0.57005064
v 0.402453782 -0.0495999929 0.567490614
v 0.377180085 0.15226186 0.329761074
v 0.386229638 0.12888324 0.321124216
v 0.362939001 0.184834271 0.286986057
v 0.362663161 0.186757752 0.262342364
v 0.370193111 0.174432176 0.252423892
v 0.329219049 0.238349295 0.497409059
v 0.128468044 0.386682647 0.603093511
v 0.101230252 0.257654698 0.68016345
v 0.131249975 0.275852366 0.680025416
v 0.677186046 0.202934331 -0.0481963038
v 0.373128387 0.159241218 0.564999098
v 0.38355169 0.131414119 0.551543021
v 0.410100691 0.0364920976 0.217329681
v 0.147573742 0.378006076 0.588773654
v 0.127901474 0.385203877 0.594663482
v 0.153793541 0.376092133 0.596230641
v 0.405857571 0.0346892016 0.333134385
v 0.184638525 0.269405856 0.681006246
v 0.217006347 0.243553118 0.681824986
v 0.128355862 0.301480051 0.68202169
v 0.106921993 0.297045393 0.680939457
v 0.398610293 -0.0795562453 0.464332812
v 0.145405239 0.231058829 0.680265799
v 0.140025332 0.19776603 0.680549921
v 0.105364447 0.210385622 0.680562712
v 0.347433724 0.208788661 0.583236387
v 0.361074981 0.183792192 0.574540147
v 0.128809297 0.250376084 0.67996669
v 0.15447819 0.112769211 0.680777623
v 0.30338823 0.272049473 0.599799881
v 0.233133707 0.148442767 0.680181349
v 0.209742613 0.134749168 0.68049718
v 0.217799398 0.178931112 0.680102928
v 0.187099981 0.182321708 0.680370483
v 0.387224768 0.123483127 0.387953073
v 0.395187703 0.0965195303 0.366255115
v 0.394772379 0.0973732988 0.400848109
v 0.160089025 0.251453062 0.680108264
v 0.179201093 0.22949223 0.679953942
v 0.211767282 0.215925541 0.68048267
v 0.197489354 0.241940007 0.680249317
v 0.718515244 0.1935025 0.0692045767
v 0.35842634 0.191607132 0.595824285
v 0.345301581 0.215243044 0.599122117
v 0.273786376 0.154411871 0.681441467
v 0.671938375 0.200018577 0.056481406
v 0.669745483 0.205994209 0.0297103679
v 0.36557967 0.177806345 0.526840593
v 0.330236332 0.236695547 0.593845768
v 0.314103173 0.256860483 0.579791226
v 0.389695015 0.13982696 0.163294347
v 0.352684355 0.223068247 0.0197205785
v 0.325325857 0.259666044 -0.084666371
v 0.401045132 0.0628124075 0.540826186
v 0.229794014 0.335514855 0.592169413
v 0.387827999 0.12316167 0.41109052
v 0.269416174 0.132501823 0.680387575
v 0.288373978 0.10403357 0.681146721
v 0.265547284 -0.0319571446 0.680806874
v 0.401147805 0.0638849346 0.476545621
v 0.400318675 0.0678138378 0.510140828
v 0.403124876 0.0627873199 0.319786455
v 0.378668648 -0.170492454 -0.111888461
v 0.697211817 -0.189005879 -0.0882540334
v 0.714689575 -0.170310502 -0.118788852
v 0.403549676 -0.0552114876 0.590030075
v 0.319253347 -0.0215817307 0.681554872
v 0.406805162 0.00700179082 0.591216141
v 0.397775016 0.121775533 0.070107105
v 0.39527772 0.128843662 0.0493766529
v 0.691074728 -0.187158863 0.0906147796
v 0.0287632046 -0.275337899 0.680227836
v 0.299059304 -0.274266665 0.471766757
v 0.302571862 -0.270600938 0.498511149
v 0.27843597 -0.295807048 0.488723266
v 0.36568789 0.177149151 0.389045842
v 0.378470428 0.148653878 0.379828591
v 0.410914594 -0.0228399174 0.202517078
v 0.40912144 -0.0403368246 0.223572742
v 0.410240067 -0.0309928671 0.185167406
v 0.407375024 0.0296304309 0.309355455
v 0.405540011 0.0291771272 0.400220156
v 0.403065538 0.0503788753 0.424664561
v 0.398480678 0.0798337988 0.421492325
v 0.400497102 0.0703928486 0.405404721
v 0.655903075 -0.0400329303 0.203953346
v 0.655614461 -0.0753472563 0.193975555
v 0.680291105 -0.0541285071 0.200759205
v 0.381597536 -0.146650219 0.272582459
v 0.373502138 -0.168704087 0.243755718
v 0.382874415 -0.145731394 0.255771835
v 0.405076843 0.0238372425 0.571462906
v 0.702258832 0.0540680605 0.199233488
v 0.695641973 -0.0419791701 0.203024453
v 0.70038678 -0.0720446209 0.194484864
v 0.311317936 0.00337555693 0.680682218
v 0.359517735 -0.189267929 0.337413436
v 0.374972838 -0.156920401 0.324508452
v 0.369455876 -0.169310612 0.349759601
v 0.405943875 -0.0197606063 0.444964868
v 0.20128342 -0.211158129 0.680010287
v 0.21496301 -0.182666925 0.680124775
v 0.193576398 -0.184030149 0.680539669
v 0.310326782 -0.0483290104 0.680234281
v 0.289188592 0.000852314216 0.680199318
v 0.403989002 0.0461236649 0.590219444
v 0.679488238 -0.0929125853 0.185696136
v 0.319219704 0.025232783 0.681474348
v 0.404607209 0.0398099019 0.496582124
v 0.339403637 -0.222799154 0.440592376
v 0.324289732 -0.24417705 0.460001708
v 0.322229166 -0.246506664 0.429541946
v 0.245618501 0.107016923 0.680421032
v 0.394920486 0.0962733805 0.464908983
v 0.314378224 0.0483209142 0.681310326
v 0.404719104 -0.0285707695 0.55437157
v 0.293573616 -0.280380844 0.533803455
v 0.282077591 -0.29202092 0.512335632
v 0.304473688 -0.268805486 0.520578027
v 0.391348924 0.106835651 0.540139452
v 0.254768504 -0.129965533 0.680096863
v 0.274269184 -0.143410392 0.680462087
v 0.336273117 -0.227480254 0.41780676
v 0.406109858 -0.0124917278 0.5126541
v 0.319386587 -0.250854069 0.486711673
v 0.238870941 0.172736778 0.6801244
v 0.2372147 0.19566868 0.680759551
v 0.25874664 0.179115046 0.681114009
v 0.403917794 -0.0452420206 0.468454933
v 0.382530647 0.138175633 0.341942657
v 0.373237114 0.160748481 0.356462269
v 0.403624854 -0.0404092605 0.536938742
v 0.408472073 0.00378899285 0.305176418
v 0.407419468 0.00730460541 0.328445334
v 0.406917663 -0.00616483096 0.351459712
v 0.303376707 0.0276778816 0.680134
v 0.411851475 -0.0252868988 0.169332104
v 0.41175004 -0.00673587835 0.184013262
v 0.403672666 0.0767382355 0.247869178
v 0.396842422 0.101806882 0.268902863
v 0.403200759 0.0747420931 0.27349845
v 0.573444836 -0.0699389426 0.195557926
v 0.191583102 -0.35706811 -0.0889202391
v 0.169762947 -0.367763603 -0.0773672985
v 0.186341257 -0.35955932 -0.0654771771
v 0.405377253 0.0292412029 0.446496947
v 0.403501408 0.0488496426 0.454921868
v 0.405510936 0.0272378051 0.47274019
v 0.390684613 0.129875996 0.227989059
v 0.397997926 0.104653643 0.23799889
v 0.391300641 0.116050319 0.296708278
v 0.399939305 0.0843156792 0.294368643
v 0.57072844 0.135371776 0.158134102
v 0.40631987 0.0112244885 0.423049974
v 0.411063629 -0.0136490878 0.222248342
v 0.411459809 0.00630908506 0.206728075
v 0.408711999 -0.0197581296 0.291469865
v 0.408034435 -0.0141241541 0.313183907
v 0.414777121 0.0160215988 0.153979928
v 0.546160923 0.0494161177 0.203240553
v 0.546467205 0.0123735227 0.20909236
v 0.415208663 -0.0123543309 0.154165359
v 0.546246896 -0.203342089 0.0542932403
v 0.544705518 -0.191943668 0.0812090149
v 0.414058122 -0.0168242083 0.159248345
v 0.323590499 0.249116894 0.234647129
v 0.280774465 0.295452953 0.261733638
v 0.546569978 0.190627311 0.0840389458
v 0.415759533 -0.000501956194 0.156274074
v 0.414640424 -0.0361049162 0.149711178
v 0.170021396 -0.367070339 0.126611745
v 0.385417896 0.129364636 0.363045685
v 0.719592596 0.154763778 0.135377998
v 0.7170627 0.130075094 0.160166303
v 0.70811771 0.144178178 0.147933498
v 0.410576485 -0.0213031794 0.245744104
v 0.407810281 -0.0429493338 0.269674375
v 0.40709043 0.0626804199 0.224683853
v 0.718725819 0.0482473205 0.200128091
v 0.399530892 0.110736494 0.136504146
v 0.402801497 0.102600269 0.120310208
v 0.720752866 0.205737961 0.00878018009
v 0.56122802 -0.0926383097 0.185858704
v 0.670312437 0.122564927 0.168030423
v 0.64236808 0.112869309 0.175040759
v 0.54672518 0.0903131189 0.189396044
v 0.407578475 0.0757912773 0.127581303
v 0.699696337 -0.117204406 0.171065809
v 0.674133456 -0.122805619 0.167801526
v 0.388378968 0.146182338 0.0571893843
v 0.411296243 0.0563706329 0.151596473
v 0.406996852 -0.0569331925 0.244407283
v 0.400839871 -0.0897266161 0.245852237
v 0.400257082 -0.0969527295 0.222572308
v 0.545810953 -0.00180426383 0.207906229
v 0.613115143 -0.028104243 0.206029829
v 0.589088006 -0.0172331602 0.207473412
v 0.407977808 0.0509199713 0.243991773
v 0.412343814 -0.0473622465 0.142950097
v 0.595752413 0.0791056001 0.192332496
v 0.587901899 0.0183825963 0.207017256
v 0.568477089 0.000868608886 0.207863827
v 0.563239657 0.0314718904 0.205397514
v 0.40636167 0.0588923753 0.26428306
v 0.371893123 0.185561762 0.103893057
v 0.68872497 0.0907154798 0.186097577
v 0.673555008 0.0560090503 0.199813562
v 0.396410187 0.0855377745 0.552237199
v 0.404255342 -0.0714665351 0.262234733
v 0.40678721 -0.0221664676 0.332848253
v 0.711270099 -0.0406709194 0.202759601
v 0.396601673 -0.089814148 0.441515207
v 0.324284918 -0.243991362 0.365164281
v 0.340408588 -0.220887339 0.383933718
v 0.6249942 -0.0906845019 0.187138378
v 0.634054153 -0.117897448 0.171364957
v 0.654027927 -0.104751795 0.179772285
v 0.718567292 -0.0318970073 0.203668971
v 0.399465477 -0.0756745354 0.490698715
v 0.717855986 -0.086589344 0.187300975
v 0.708881641 0.168729575 0.119560149
v 0.372948616 -0.174703765 0.215612057
v 0.378143342 -0.16125921 0.231078827
v 0.382759678 -0.152125877 0.219160532
v 0.267134897 -0.305390081 0.405579874
v 0.214963287 -0.343022459 0.341000059
v 0.277147139 -0.295898798 0.365881166
v 0.546123468 -0.180341682 0.103242589
v 0.569219846 -0.186656407 0.0920354168
v 0.569785537 -0.160911168 0.131371306
v 0.59537701 -0.180581873 0.103994222
v 0.716218059 -0.126250343 0.163541589
v 0.710963111 -0.146224263 0.146460481
v 0.621122144 -0.162163394 0.130703348
v 0.237443114 -0.329303441 0.50127378
v 0.230333944 -0.334217485 0.531546091
v 0.256115722 -0.315354698 0.517744605
v 0.652597671 -0.12747545 0.164352623
v 0.317176435 -0.0656097269 0.680929237
v 0.621727334 -0.185372168 0.0956535916
v 0.405988726 -0.0874024837 0.114617781
v 0.549031696 -0.196065733 0.0702928404
v 0.716848605 0.152367542 -0.140171875
v 0.547099178 -0.103924974 0.182304339
v 0.546005942 -0.127836139 0.165225986
v 0.583230597 0.0485577196 0.202289373
v 0.399592558 -0.113960526 0.113883177
v 0.402080202 -0.107050705 0.104671037
v 0.410843119 -0.0634286453 0.135183115
v 0.379131871 -0.164041789 0.194625676
v 0.683820369 -0.206467284 0.0307328121
v 0.690294655 -0.198966241 0.0611164723
v 0.35236764 -0.223947991 -0.00447678595
v 0.364078509 -0.203488316 -0.00803775177
v 0.356601836 -0.217394148 -0.0360719227
v 0.637441681 -0.12206802 -0.170027918
v 0.651482356 -0.0895385181 -0.189627197
v 0.355292856 -0.196816141 0.449927535
v 0.371452994 -0.165324503 0.465416535
v 0.368184212 -0.1723181 0.434317027
v 0.234083039 -0.332869261 0.0428680702
v 0.282613944 -0.292456163 0.187613479
v 0.319248171 -0.264538273 0.00183999513
v 0.319888779 -0.264113485 -0.0211527775
v 0.304935064 -0.278188626 -0.00712228734
v 0.23119005 -0.197626286 0.679847712
v 0.381349267 -0.14136692 0.397241345
v 0.392588307 -0.106124585 0.396083092
v 0.386077887 -0.12721783 0.419895934
v 0.362340732 -0.195996431 0.200601529
v 0.302153909 -0.278546937 0.0876781243
v 0.300235528 -0.27906158 0.117678308
v 0.317692918 -0.262432792 0.113398181
v 0.374862138 -0.159493039 0.295235205
v 0.362122856 -0.187152285 0.271394533
v 0.406814288 -0.0669959563 0.1758366
v 0.361000634 -0.187448131 0.307359956
v 0.345301535 -0.214749585 0.288764559
v 0.326348807 -0.24200621 0.275221094
v 0.39696025 -0.124997295 0.0926620136
v 0.391241815 -0.138873089 0.105542179
v 0.38524514 -0.143292478 0.239271102
v 0.358040513 -0.191449633 0.365921494
v 0.400842229 -0.10531587 0.13265281
v 0.383990716 -0.154713746 0.148743996
v 0.383216745 -0.154112494 0.175894772
v 0.359164849 -0.190058661 0.390108005
v 0.35089844 -0.204595909 0.503213016
v 0.354474063 -0.198571699 0.47742551
v 0.366989005 -0.174091745 0.496848031
v 0.263077748 0.113473667 0.680413194
v 0.258879924 -0.00938470493 0.680814613
v 0.316131263 -0.254365521 0.333638502
v -0.145221517 -0.262126633 0.680124129
v -0.16757267 -0.261377543 0.680654541
v 0.691303667 -0.130567694 -0.163516814
v 0.66780172 -0.139943297 -0.156372551
v 0.27784642 -0.113561994 0.679750849
v 0.391192843 -0.109008968 0.515702581
v 0.393568824 -0.102913131 0.423173475
v 0.64192448 0.0508914781 0.201819217
v 0.0423702762 -0.40215428 0.436351997
v 0.398308305 -0.0840765633 0.33501818
v 0.38986346 -0.116379502 0.443167103
v 0.225312743 -0.160518399 0.680326329
v 0.23573498 -0.140317357 0.680477669
v 0.372321233 -0.16277579 0.374790382
v 0.369714444 -0.168514708 0.406023612
v 0.385614781 -0.128620834 0.368781611
v 0.378781558 -0.147255184 0.350371876
v 0.396449334 -0.0913276368 0.579835748
v 0.305337324 -0.0699778473 0.679502943
v 0.293160154 -0.0885512876 0.679481709
v 0.311357521 -0.0863624189 0.68063845
v 0.300558824 -0.11012043 0.68080811
v 0.183193919 0.249480091 0.679973875
v 0.195587123 -0.355400245 0.0186769002
v 0.209257346 -0.347932004 -0.0102515451
v 0.29177167 -0.0603426817 0.679566785
v 0.272977779 -0.0834246254 0.679942169
v 0.381363892 -0.141254705 0.49083464
v 0.400362319 -0.0718750259 0.357409453
v -0.0685475902 -0.400372611 0.578807122
v 0.110735804 -0.10623898 0.681302901
v 0.380118068 -0.144529506 0.441836872
v 0.377558231 -0.15045569 0.516054908
v 0.387047381 -0.125762665 0.582494888
v 0.373419152 -0.160752983 0.582352895
v 0.38138888 -0.139218853 0.560542659
v 0.362160687 -0.183891865 0.541290474
v 0.351386275 -0.202475987 0.553910339
v 0.366339564 -0.17451227 0.559887516
v 0.356714793 -0.193262848 0.576068917
v 0.730304114 -0.0497375175 0.200425619
v 0.377805662 -0.150474902 0.419873705
v 0.403296722 0.0507055257 0.397461827
v 0.39476588 -0.0973105296 0.361721655
v 0.40310951 -0.0703908349 0.281411126
v 0.39777663 -0.0938504218 0.292165172
v 0.39206955 -0.115625133 0.279845752
v 0.382513896 -0.136405354 0.536167934
v 0.331449287 -0.236291238 0.589513106
v 0.303574444 -0.26922686 0.362580144
v 0.294759695 -0.278443775 0.385905819
v 0.303074098 -0.270154774 0.444154913
v 0.336367965 -0.226352273 0.567839431
v 0.309968983 -0.262492899 0.575835665
v 0.0790043179 -0.301236958 0.681313484
v 0.0883699402 -0.279429268 0.680351148
v 0.211629264 -0.055024908 0.681165121
v 0.247476705 -0.207357398 0.681474347
v 0.179785082 -0.149791816 0.6810789
v 0.21415768 -0.133865094 0.680901057
v 0.14282402 -0.242854254 0.680214714
v 0.337531404 -0.225532449 0.483913435
v 0.29193693 -0.281879573 0.554873597
v 0.28144393 -0.2920429 0.574580852
v 0.270199973 -0.302760209 0.558112447
v 0.197499509 -0.353183243 0.185968633
v 0.155391308 -0.373180641 0.191795731
v 0.290844967 -0.131216906 0.681213783
v 0.284579669 -0.28878767 0.429256272
v 0.189235222 -0.246899443 0.680916071
v 0.170326892 -0.227858733 0.680154404
v 0.358938152 -0.212478347 0.0224698417
v 0.34496704 -0.234340934 0.0224547588
v -0.0466167487 -0.403134532 0.565484846
v 0.369047558 -0.18466205 0.191848085
v 0.372490446 -0.181287904 0.164533196
v 0.291220982 -0.284485124 0.59166686
v 0.351609227 -0.213688156 0.1878552
v 0.154106105 -0.374898709 0.563823559
v 0.265082222 -0.308714631 0.589524024
v 0.236222562 -0.331036355 0.586467764
v 0.673175931 -0.172525897 0.116428424
v 0.64427745 -0.180419596 0.104834428
v 0.255330237 -0.315385315 0.571780435
v 0.252275141 -0.317827143 0.546779559
v 0.0351438709 -0.404064943 0.561692082
v 0.104107547 -0.214754668 0.680985975
v 0.118194744 -0.24282807 0.680658514
v 0.130782272 -0.206079974 0.680975425
v 0.183534031 -0.361900271 0.525964409
v 0.149338448 -0.37709031 0.522022225
v 0.181464936 -0.362983068 0.498674685
v 0.0785085981 -0.396766047 0.437891062
v 0.100428018 -0.392398364 0.456388318
v 0.100355768 -0.392400799 0.475932878
v 0.12417936 -0.385575833 0.467577675
v 0.120218333 -0.387209518 0.49473492
v 0.236114479 -0.109176692 0.680733985
v 0.25764271 -0.105502779 0.680299044
v 0.0571252971 -0.400728122 0.450700866
v 0.0359292788 -0.403235097 0.463275601
v 0.0726041841 -0.398288297 0.466080369
v 0.0722294709 -0.262954901 0.680418273
v 0.204355505 -0.165164735 0.680773297
v 0.0605929236 -0.223728841 0.681064206
v 0.0657705493 -0.177332682 0.681280008
v 0.110805083 -0.389753047 0.586572293
v 0.213609816 -0.231688442 0.681319062
v 0.133588078 -0.382695692 0.584092402
v -0.405821477 0.0347366685 0.342051896
v -0.406779812 0.0345418023 0.305194488
v 0.397187686 0.0860373723 0.531272658
v 0.0980553249 -0.392249259 0.341652383
v 0.125597832 -0.383768692 0.317907549
v 0.0955378718 -0.392693471 0.300470821
v 0.109476878 -0.39051359 0.519673437
v 0.0130464382 -0.404280961 0.446644503
v -0.0190253349 -0.404120439 0.442446818
v -0.189196779 -0.261971342 0.681785638
v 0.1530688 -0.375404625 0.482439144
v 0.0660860434 -0.399970397 0.503035729
v 0.15117046 -0.375939838 0.451819149
v 0.0864457577 -0.396226907 0.495580829
v 0.230154239 -0.334131659 0.141734195
v 0.251326295 -0.319310902 0.138747635
v 0.209628267 -0.347704327 0.0421648449
v 0.179624049 -0.362623844 0.047370353
v 0.546101617 -0.146235972 -0.148986675
v 0.552702232 -0.13378558 -0.161074397
v 0.546450458 -0.130639231 -0.163965423
v 0.369022993 -0.19224703 0.0538638246
v 0.360032324 -0.209982648 0.0514630185
v 0.362595255 -0.205204918 0.0695795158
v -0.200306666 -0.353155468 0.523733499
v 0.199741878 -0.352655673 0.445431079
v 0.118667957 -0.386348866 0.364010978
v 0.363669207 -0.200390581 0.137143475
v 0.282755105 -0.290617489 0.344164339
v 0.129149788 -0.383035133 0.343173998
v 0.154648667 -0.373858167 0.332053243
v 0.148793701 -0.375806293 0.361164164
v 0.123902934 -0.385143207 0.392143834
v 0.154876514 -0.373578659 0.30391992
v 0.122665766 -0.385321105 0.287901495
v 0.32912738 -0.247204916 0.146694648
v 0.345531033 -0.225142104 0.16492054
v 0.121901681 -0.385349672 0.241027268
v 0.118599248 -0.385831774 0.214259256
v -0.021617091 -0.402624536 0.263213998
v 0.126507886 -0.383533071 0.132811669
v 0.0941258476 -0.392509426 0.137932028
v 0.106331029 -0.389522531 0.114596978
v 0.112397141 -0.387714489 0.158468049
v 0.326623966 -0.256019676 0.0719444656
v 0.33050715 -0.249746212 0.10006791
v 0.315968298 -0.266535204 0.0810423637
v 0.404856165 -0.0816473037 0.162674985
v 0.318170093 -0.257729319 0.162385459
v 0.0829881575 -0.397646252 -0.597362921
v 0.0451781157 -0.403194057 -0.604042304
v 0.0671149684 -0.399069106 -0.602438197
v 0.289603504 -0.284328989 0.261456418
v 0.282273633 -0.291295098 0.288319208
v 0.26472415 -0.307419136 0.246837259
v 0.0802690606 -0.395296506 0.170933017
v 0.243986555 -0.325954474 0.0695927161
v 0.272442382 -0.303523333 0.120565316
v 0.330875884 -0.248089439 0.123457463
v 0.368862534 -0.191792287 0.107392389
v 0.227012051 -0.336843085 0.0915347895
v 0.367446155 -0.196335382 0.0337431356
v 0.277304673 -0.298245695 0.149046946
v 0.287398512 -0.289955892 0.129227015
v 0.206202114 -0.349319879 0.082509095
v 0.178586545 -0.363318206 0.0848960285
v 0.298663535 -0.278658332 0.151030196
v 0.294755172 -0.279858903 0.218914996
v 0.545829166 -0.168989441 -0.125616927
v 0.402135947 -0.103227339 -0.101166392
v 0.397886393 -0.114800942 -0.0773487335
v 0.306932245 -0.265880498 0.266432377
v 0.378308363 -0.173366365 0.057007618
v 0.370588012 -0.188450017 0.0801460404
v 0.333221479 -0.24901164 0.058547894
v 0.343236395 -0.236931188 0.0520956399
v 0.333865129 -0.248473956 0.0355584173
v 0.0329334364 -0.405572437 -0.561552733
v 0.0629962696 -0.401999389 -0.52903295
v 0.29997196 -0.273794209 0.242387482
v 0.353563761 -0.216194698 0.152357846
v 0.341699211 -0.233314885 0.140491008
v 0.349543171 -0.223675798 0.12941204
v 0.328391436 -0.239220374 0.304098338
v 0.342263149 -0.218638037 0.462741686
v 0.256435499 -0.31510237 0.167392238
v 0.31359937 -0.264397525 0.136575462
v 0.339219243 -0.238417182 0.120208898
v 0.390039162 -0.135026168 0.198933969
v 0.346934668 -0.229410736 0.101982382
v 0.361709856 -0.201201019 0.15904939
v 0.360211416 -0.202967095 0.1752938
v 0.544676353 -0.171897878 0.117244589
v 0.385589893 -0.158286376 -0.0584543905
v 0.0947201862 -0.392474867 0.201244931
v 0.089452161 -0.393686006 0.23099336
v 0.285848328 -0.292086706 0.111551437
v 0.207489717 -0.348941741 0.515483838
v 0.329426157 -0.253717954 -0.0100259177
v 0.119297945 -0.385766992 0.184212003
v 0.142519421 -0.377854141 0.159403175
v 0.733304701 -0.158424184 -0.133848876
v 0.733213454 -0.195998114 0.0657650243
v 0.301706177 -0.276318637 -0.133654043
v 0.638350246 -0.197235963 0.0685283506
v 0.652354959 -0.207426932 0.0255653644
v 0.390949046 -0.13617812 -0.131666712
v 0.390093319 -0.136893575 -0.160449517
v 0.397873428 -0.112007828 -0.148653298
v -0.0387295869 -0.401883629 -0.0703257498
v -0.0175883638 -0.404094746 -0.0921561479
v 0.392810097 -0.137900875 -0.0222488672
v 0.545221999 -0.152866257 -0.143272754
v 0.366056253 -0.200089244 -0.0773850943
v 0.365296774 -0.200554434 -0.105268014
v 0.383048636 -0.163429871 0.0363417837
v 0.391435792 -0.144902189 0.0294941424
v 0.406651151 -0.0833479875 -0.114412616
v 0.40956686 -0.0384025271 -0.20338049
v 0.321683923 -0.262042736 0.0266327227
v 0.306393952 -0.277169037 0.0226453212
v 0.352653544 -0.222920931 0.0446028507
v 0.314150921 -0.254571718 -0.376052189
v 0.327832339 -0.23692457 -0.349294235
v 0.301780845 -0.270281401 -0.345392116
v 0.319839371 -0.248745157 -0.320590591
v 0.377553559 -0.131694823 -0.592435731
v 0.368959517 -0.145966697 -0.554067599
v 0.362847346 -0.16807042 -0.595318703
v 0.377430621 -0.164764742 -0.214393886
v 0.380127459 -0.162074542 -0.17989877
v 0.370810387 -0.180334698 -0.197065035
v 0.39271414 -0.139133659 -0.0711578562
v 0.392829942 -0.140203878 -0.0454439488
v 0.623941434 -0.209280811 0.00579293415
v 0.624283242 -0.206666378 -0.0349811266
v 0.649435517 -0.209088806 -0.0152320082
v 0.356602093 -0.212744614 -0.147531987
v 0.345329135 -0.22896154 -0.143486835
v 0.352451312 -0.220106667 -0.128398289
v 0.160407163 -0.371527618 -0.0304660522
v 0.646928051 -0.202913648 -0.0523888945
v 0.622343211 -0.198967764 -0.0658559623
v 0.394143239 -0.130022616 -0.00164503025
v 0.365796818 -0.200820843 -0.0536764039
v 0.359124949 -0.213292548 -0.0621075488
v 0.596209856 -0.202132377 -0.0541623833
v 0.666379471 -0.201783097 0.0538639441
v 0.546246718 -0.161181101 -0.133130377
v 0.545644975 -0.210193303 0.00641034331
v 0.394099408 -0.13213832 0.0193383659
v 0.550351241 -0.179877368 -0.106662621
v 0.574254769 -0.172465165 -0.118202995
v 0.575582604 -0.144836299 -0.150686567
v 0.338326613 -0.24225616 0.0773252287
v 0.394418344 -0.13266238 0.0407364167
v 0.411805343 -0.0518050839 -0.116750804
v 0.572332744 -0.190232941 -0.0867555402
v 0.564241755 -0.202475283 -0.0533009058
v 0.351080501 -0.22395531 0.0718123634
v 0.709565819 -0.161422523 -0.131716935
v 0.644452977 -0.173713026 -0.117893657
v 0.393926318 -0.130495701 -0.0413085368
v 0.396039342 -0.127860501 -0.0630447508
v 0.545337199 -0.176953934 -0.111527509
v 0.544490148 -0.206956251 -0.0299887891
v 0.544911975 -0.208851072 -0.00114920303
v 0.546281002 -0.20659189 -0.0285879488
v 0.315157956 -0.25872504 -0.202265699
v 0.38167066 -0.161751779 -0.13967854
v 0.372075033 -0.183525482 -0.153603147
v 0.299596384 -0.280107589 -0.109137301
v 0.730872666 -0.0261962261 -0.205325519
v 0.726475973 -0.0824211429 -0.189647383
v 0.60155599 -0.184845277 -0.098797692
v 0.637757063 -0.188718477 -0.0910696857
v 0.59146111 -0.0880196418 -0.190236368
v 0.277942664 -0.294018912 -0.413567912
v 0.258859287 -0.31222588 -0.425089181
v 0.291391439 -0.281069999 -0.402543458
v 0.709911305 -0.135629712 -0.15809657
v 0.639449806 -0.155528686 -0.140441195
v 0.606935636 -0.145464963 -0.151071855
v 0.392833266 -0.133756516 -0.10787607
v 0.395132243 -0.130927646 -0.0915562389
v 0.388228181 -0.147657947 -0.0868178167
v 0.546870723 -0.147342198 -0.151210158
v 0.715868616 -0.105471759 -0.17889806
v 0.619422309 -0.169169251 -0.12372115
v 0.674200209 -0.205766979 -0.0382041061
v 0.692939035 -0.201511625 -0.0553377649
v 0.698761738 -0.206899982 -0.0280094332
v 0.70136546 -0.208503966 0.00116199681
v 0.716025224 -0.207626274 -0.008979327
v 0.33338683 -0.249039081 -0.0621076993
v 0.335596774 -0.244867023 -0.0910195757
v 0.324490771 -0.25943675 0.0489111844
v 0.338470765 -0.235143595 -0.158125841
v 0.354306341 -0.212968209 -0.167860063
v 0.228643285 -0.335441376 -0.120865618
v 0.214879883 -0.34402591 -0.0994471056
v 0.194477306 -0.355769377 -0.120299058
v 0.67052129 -0.197561266 -0.0696529846
v 0.713348011 -0.200950233 -0.0527797596
v 0.40870376 -0.0509492529 -0.172916053
v 0.411750874 -0.0165052393 -0.171270686
v 0.413384523 -0.0348516865 -0.127772662
v 0.410981686 -0.0400506857 -0.149808228
v 0.371399915 -0.189040479 0.0134614171
v 0.375372075 -0.17976129 0.0333663466
v 0.727417553 -0.20501753 -0.0296687184
v 0.720270659 -0.190670727 -0.0815076149
v 0.379113648 -0.157463598 -0.241329902
v 0.387218094 -0.136938437 -0.245986328
v 0.384010134 -0.141088446 -0.265618521
v 0.409658052 -0.0589056661 -0.137222899
v 0.403878544 -0.0834577352 -0.168899388
v 0.396569924 -0.113742463 -0.177188719
v 0.410854541 -0.00605315041 -0.201848771
v 0.656617228 -0.0140841508 -0.209350713
v 0.344967771 -0.234744445 -0.0490240588
v 0.239839944 -0.329483532 -0.0083620868
v 0.222506548 -0.339823243 0.0164446015
v 0.360612051 0.207926923 0.0642741517
v 0.169719016 -0.367819596 0.0239788471
v 0.545889517 -0.208778335 -0.0320564886
v 0.315972211 -0.267264875 0.0601792784
v 0.289952661 -0.289095264 0.0954869866
v 0.385643241 -0.153272834 -0.111357498
v 0.358090807 -0.213526741 -0.112231309
v 0.595711422 -0.165346366 -0.128255752
v 0.391608177 -0.104321771 -0.46457118
v 0.3894167 -0.113077152 -0.497461068
v 0.383521902 -0.130672133 -0.476515518
v 0.342813372 -0.220916152 -0.234233862
v 0.368144183 -0.189409249 -0.176845169
v 0.115197687 -0.389992606 -0.485678954
v 0.0982165182 -0.39467287 -0.514962367
v 0.0886054091 -0.396638734 -0.487220404
v 0.215842914 -0.343225685 -0.147729179
v 0.244263835 -0.324810115 -0.141362816
v 0.241415672 -0.326560457 -0.173918511
v 0.211084902 -0.346300241 -0.304624805
v 0.26724646 -0.304776453 -0.333927251
v 0.195461032 -0.355146438 -0.369759564
v 0.361899274 -0.180067995 -0.412601303
v 0.352830189 -0.197716871 -0.434956203
v 0.343893931 -0.212161797 -0.409664694
v 0.257880104 -0.315165174 -0.116246303
v 0.284267875 -0.293121188 -0.124309637
v 0.266965452 -0.306750774 -0.148471199
v 0.274284634 -0.301941233 -0.101185745
v 0.287312205 -0.29117657 -0.0995301855
v 0.260728795 -0.311046328 -0.193083037
v 0.273393373 -0.301413737 -0.176941216
v 0.295702534 -0.281405005 -0.156536262
v 0.295823214 -0.279281328 -0.186580841
v 0.314389867 -0.260932417 -0.176448201
v 0.035531375 -0.402503012 -0.0237278139
v 0.00911881195 -0.403833747 -0.00926644703
v 0.0396340108 -0.401889777 -0.000348005484
v 0.303360434 -0.279221267 0.0563489575
v 0.286803659 -0.293490631 0.0337270299
v 0.204136663 -0.350418525 -0.170053377
v 0.0466553544 -0.400785765 0.184960465
v 0.0297640695 -0.402191883 0.0539457336
v 0.010457007 -0.403362566 0.0700735228
v 0.2649106 -0.31105686 -0.0197733387
v 0.24796116 -0.323439697 -0.0373616866
v 0.0737657932 -0.397835173 -0.105050171
v 0.134130037 -0.380899995 0.0984150934
v 0.118263644 -0.386059979 0.0727223141
v 0.0522120638 -0.400411133 -0.237370474
v 0.0837162443 -0.39591378 -0.23414313
v 0.362982406 -0.20036952 -0.157724351
v 0.0477227107 -0.401157566 0.0287049365
v 0.0822036929 -0.395483253 0.0159939904
v 0.083785767 -0.395000993 0.0380623213
v 0.0606707972 -0.399202093 0.0559731526
v 0.198095822 -0.353962259 0.0645664089
v 0.634892215 0.0853559835 0.189800695
v 0.620861799 0.0681892048 0.196594891
v 0.275281052 -0.303609057 0.0102100674
v 0.0117460457 -0.403785872 -0.0348586099
v 0.191006565 -0.357888492 -0.0396413151
v 0.372660327 -0.184359775 -0.1240518
v 0.243448122 -0.326308707 -0.0638131486
v 0.266385941 -0.309462683 -0.0540322871
v 0.25957059 -0.314153103 -0.0855838354
v 0.279419337 -0.299027378 -0.0786564649
v 0.131127824 -0.382854524 -0.045472233
v 0.313689607 -0.269747521 0.0416963976
v -0.0707662202 -0.400616503 -0.581479031
v 0.237183048 -0.32997394 -0.0929066612
v 0.214940017 -0.344388069 -0.0701625207
v -0.0222238568 -0.402648807 0.219092566
v 0.138081478 -0.380518405 -0.101308626
v 0.120240207 -0.386216265 -0.110979019
v 0.116556478 -0.387176444 -0.0807400882
v 0.146531186 -0.376851035 -0.0763372661
v 0.225619828 -0.337784138 -0.0394469806
v 0.182857129 -0.36136538 -0.151208264
v 0.160151389 -0.371878124 -0.157400931
v 0.151826955 -0.375048286 -0.130240121
v -0.0278022731 -0.400835309 -0.33265996
v 0.100148999 -0.392346682 -0.134315904
v 0.135720668 -0.3813517 -0.161154181
v 0.0964161531 -0.393066142 -0.176289969
v 0.07887271 -0.396843437 -0.152653383
v -0.0961320815 -0.391225736 -0.315631268
v 0.408095237 -0.0626341754 -0.151015506
v 0.164089567 -0.369809248 -0.100190284
v 0.0985572307 -0.392656903 -0.103019434
v 0.338975181 -0.223446666 -0.299331095
v 0.342367696 -0.216502144 -0.328586916
v 0.115667981 -0.387777688 -0.219664044
v 0.0876736964 -0.394905727 -0.207681917
v -0.063738706 -0.397364186 -0.323633486
v 0.311744962 -0.256976433 -0.404980444
v 0.11286657 -0.389173763 -0.2801542
v 0.0844454358 -0.396771917 -0.398931462
v 0.0939996349 -0.39517483 -0.424278564
v 0.325839978 -0.238816111 -0.396541701
v 0.3371172 -0.22297636 -0.377556427
v 0.284148977 -0.288608874 -0.425754822
v 0.0563193228 -0.401209692 -0.168248375
v 0.071716875 -0.400422388 -0.506787993
v 0.0384118726 -0.404538196 -0.494724749
v 0.362224106 0.185010579 -0.417524059
v 0.36359414 -0.202164354 -0.133723336
v 0.121866261 -0.386643471 -0.314209637
v 0.136264422 -0.381797481 -0.338358663
v 0.10543013 -0.391564213 -0.347431784
v 0.299023914 -0.273264886 -0.453375203
v -0.00464197538 -0.405177519 -0.462076578
v -0.0315719852 -0.403265403 -0.44863363
v 0.0197469588 -0.403268623 -0.383180691
v 0.54614996 -0.198220547 -0.0742015152
v 0.331814753 -0.251773077 0.011310354
v 0.145991533 -0.372584268 -0.59634191
v 0.211483006 -0.345833561 -0.613622525
v 0.192642826 -0.357657805 -0.599729271
v 0.0183822407 -0.406277221 -0.522891204
v 0.0478153189 -0.4026051 -0.3960948
v 0.118491997 -0.387268156 -0.605521974
v 0.140112096 -0.381462622 -0.600642058
v -0.189414221 -0.359747985 -0.549070766
v -0.0591011115 -0.401535078 -0.598279632
v 0.0940751935 -0.395317137 -0.455926825
v 0.0627673621 -0.401506658 -0.467054186
v 0.376288648 -0.155083099 -0.29968716
v 0.377433845 -0.154252591 -0.280499465
v 0.368244442 -0.173827011 -0.28889289
v 0.28472052 -0.287364525 -0.374197474
v 0.367611574 -0.169291762 -0.440103799
v 0.104467161 -0.39138117 -0.247687965
v -0.0243988028 -0.401642025 -0.353650788
v 0.396661736 -0.0829934874 -0.431000094
v 0.314497428 -0.255845505 -0.481135631
v 0.297490461 -0.276280292 -0.492488544
v 0.350838333 -0.20342955 -0.486481962
v 0.366780653 -0.173354681 -0.492574016
v 0.360269071 -0.187399645 -0.51308872
v 0.201747386 -0.349350945 -0.608298232
v 0.214549045 -0.33727211 -0.597524527
v 0.174288437 -0.360752653 -0.597637709
v 0.382452613 -0.132607308 -0.415914841
v 0.373646435 -0.155173643 -0.419488913
v 0.38129868 -0.136250944 -0.445604661
v 0.38789237 -0.108277818 -0.603461223
v 0.289649381 -0.283864673 -0.304594255
v 0.310281882 -0.261355484 -0.278946103
v 0.306124822 -0.266303589 -0.304704563
v 0.369124138 -0.169565883 -0.315800953
v 0.683994186 -0.0260415119 -0.207478334
v 0.371329319 -0.165714864 -0.555367678
v 0.242115606 -0.31404425 -0.575488412
v 0.150244858 -0.366962925 -0.573611446
v -0.135730053 -0.367182872 -0.530406482
v 0.316358913 -0.246404854 -0.60348568
v 0.305191644 -0.265725325 -0.612715468
v 0.284706522 -0.285633044 -0.611817019
v 0.397271279 -0.0843543137 -0.563615869
v 0.367064697 -0.170807079 -0.602498274
v 0.371037592 -0.157320744 -0.602614175
v 0.385053742 -0.144648086 -0.229192302
v 0.306963383 -0.251581862 -0.572638703
v 0.386293623 -0.131551693 -0.296129237
v 0.401188737 -0.0619478662 -0.413616018
v 0.215282826 -0.343550053 -0.24553617
v 0.294799767 -0.277558718 -0.322601615
v 0.254782952 -0.316011123 -0.233469158
v 0.275027912 -0.298535147 -0.218816311
v 0.321214862 -0.247609219 -0.295543916
v 0.323494247 -0.246900159 -0.246109685
v 0.33742841 -0.227537726 -0.267907494
v 0.276475794 -0.297484594 -0.508296239
v 0.39863088 -0.117539713 -0.104710324
v 0.395295314 0.0944560084 -0.465964769
v 0.361133064 -0.187208113 -0.542846328
v 0.350345667 -0.207045867 -0.574086785
v 0.362644365 -0.184692768 -0.567776045
v 0.372741674 -0.158820573 -0.468721213
v -0.283093843 0.251704902 -0.431008631
v 0.403170476 0.00328316189 -0.618180033
v 0.381271994 -0.137796779 -0.363773129
v 0.375920839 -0.153361699 -0.339017058
v 0.366914571 -0.171303062 -0.36177906
v 0.389954791 0.115372277 -0.447770761
v 0.394483284 -0.0949834249 -0.514979938
v 0.410763761 0.0071771822 -0.225289651
v 0.410007341 0.026402287 -0.2426489
v 0.310544772 -0.262286092 -0.227683238
v 0.402090897 -0.0855751859 -0.237663158
v 0.399448733 -0.0814237533 -0.323166931
v 0.396864034 -0.0875014144 -0.345310331
v 0.356446796 -0.199561935 -0.247619494
v 0.36790185 -0.174061301 -0.574281265
v 0.655554442 0.198211198 -0.0648919195
v 0.396133962 -0.0869888732 -0.397187157
v 0.393801726 -0.0987110536 -0.542150521
v 0.389060273 -0.112752716 -0.434086122
v 0.379424248 -0.145927069 -0.317511612
v 0.359560055 -0.187141924 -0.335633173
v 0.386366749 -0.121906102 -0.390447246
v 0.392753881 -0.103417796 -0.36656142
v 0.660521428 -0.0593921777 -0.200355738
v 0.29977828 -0.274773386 -0.534984299
v 0.369918727 -0.167774035 -0.523108849
v 0.37914257 -0.143822766 -0.502938621
v 0.390695701 -0.107791776 -0.414125085
v 0.389086902 0.117776391 -0.471711766
v 0.374722916 -0.153516829 -0.392136177
v 0.410697537 -0.0200597111 -0.228782656
v 0.355127126 -0.198123098 -0.277906823
v 0.370753301 -0.172157827 -0.260954256
v 0.356304872 -0.191263285 -0.384000504
v 0.39030646 -0.134472271 -0.185201255
v 0.292811298 -0.280704347 -0.609708033
v 0.355316528 -0.19674173 -0.307435271
v 0.252136416 -0.317586465 -0.273695733
v 0.337036921 -0.223209325 -0.439643031
v 0.278955221 -0.285234513 -0.597641646
v 0.400369909 0.0634918606 -0.599456457
v -0.335848238 -0.228472584 -0.448464806
v -0.294843609 -0.27052289 -0.570852806
v -0.718313474 -0.156366684 -0.136649648
v -0.412582238 -0.03312555 -0.141489583
v -0.162977383 -0.372622469 -0.586090362
v -0.177129203 -0.36508049 -0.600221865
v -0.317729979 -0.252893068 -0.481307172
v -0.172323896 -0.368721008 -0.561347128
v -0.340763379 -0.222229003 -0.365027395
v -0.358161771 -0.193815377 -0.347850757
v -0.396606474 -0.118009384 -0.0725361827
v -0.593196104 -0.179083589 -0.108999495
v -0.319282951 -0.251260156 -0.454018701
v -0.30577571 -0.267517764 -0.425693146
v -0.319782599 -0.239747691 -0.564437635
v -0.172169043 -0.368345956 -0.532629914
v -0.0732084093 -0.400016667 -0.553408676
v 0.260499691 -0.311196119 -0.600949279
v -0.0598470594 -0.397652348 -0.358640916
v -0.15729448 -0.372709943 -0.371391301
v -0.611474764 0.0363661154 -0.206349836
v 0.283047292 -0.290325621 -0.459545341
v 0.00990783278 -0.402661345 -0.246270611
v -0.0196274089 -0.403031062 -0.231788784
v 0.0622519782 -0.399689199 -0.217538637
v 0.0144296269 -0.404747093 -0.429528118
v 0.0219160607 -0.403535792 -0.363730906
v -0.00189761382 -0.404410227 -0.18500416
v 0.201436329 -0.352576128 -0.615363304
v 0.0917496485 -0.392546221 -0.599256904
v 0.00207289995 -0.40599814 -0.492319988
v -0.219643274 -0.341065416 -0.269730167
v -0.140846996 -0.381303275 -0.559870811
v 0.0728906311 -0.398436854 -0.371578369
v 0.0491706229 -0.403083856 -0.440787243
v 0.263202731 -0.307164004 -0.614328099
v 0.00653943859 -0.403356037 0.0181978829
v 0.0751020452 -0.39897431 -0.439888516
v 0.0355880698 -0.40349598 -0.423678566
v -0.0112820115 -0.403570916 -0.0220434951
v 0.238266628 -0.328758379 -0.2088677
v 0.261536603 -0.310906224 -0.211196004
v 0.0876937446 -0.394851955 -0.0528132484
v 0.0857897801 -0.395434714 -0.0840372397
v 0.226778972 -0.336080347 0.16231139
v 0.0644418851 -0.400483985 -0.419089805
v 0.0873405514 -0.39467448 -0.261605309
v 0.0336287188 -0.40193104 -0.300609808
v 0.0080014479 -0.403609133 0.23853477
v -0.114582195 -0.386699379 -0.224481607
v -0.0426235044 -0.401907665 -0.122680781
v 0.349578909 -0.204170652 -0.356439939
v -0.0534677094 -0.400598579 -0.149512541
v 0.013605604 -0.403970445 -0.0506173829
v -0.0649153025 -0.398335753 -0.174605109
v -0.258583015 -0.315138977 -0.0962142801
v 0.277996741 -0.296812573 -0.200666771
v -0.210222676 -0.347619706 0.0811408347
v 0.166436699 -0.369618193 -0.327176666
v -0.197117431 0.341984038 -0.557678203
v -0.0274283 -0.403242898 -0.15885961
v 0.0909189011 -0.39347303 0.0647841433
v 0.0101755644 -0.403296124 -0.271948514
v -0.00520203288 0.39480412 -0.554816271
v -0.366086529 -0.19355582 -0.149482777
v -0.299872513 -0.27545021 -0.244761888
v -0.399172882 -0.117499114 -0.0859152397
v -0.396099571 -0.128687181 -0.0769318604
v -0.332697659 -0.234974887 -0.293521579
v -0.33580294 -0.231580491 -0.24785946
v -0.320538844 -0.252275979 -0.234528449
v -0.324212897 -0.24877197 -0.205966171
v -0.391687237 -0.141295254 -0.0515311239
v -0.347643796 -0.22843445 0.073243271
v -0.555036611 -0.176183991 -0.112506203
v -0.323469721 -0.252479947 -0.162397863
v -0.334259123 -0.23800402 -0.182440649
v -0.341556012 -0.226413698 -0.203609531
v -0.345045812 -0.225814355 -0.168238102
v -0.339764352 -0.225498318 -0.269328456
v -0.31995285 -0.252240493 -0.263236366
v -0.251641265 -0.319912389 -0.116051531
v -0.180871941 -0.362891037 0.0131281095
v -0.22775415 -0.33603249 0.519764486
v -0.201752428 -0.352126241 0.10485518
v -0.182935045 -0.362099644 0.0915483817
v 0.0893895714 -0.396436827 0.59454961
v 0.00217025137 -0.403218845 0.208592222
v 0.00289945037 -0.403275859 0.0473973262
v -0.124811889 -0.384210928 0.296726058
v -0.395207917 0.123914244 0.145129923
v -0.400002969 0.102075066 0.170840629
v -0.39030588 0.136157638 0.17581624
v -0.336848127 0.232631911 0.206223756
v 0.0728082573 -0.397229303 0.276548702
v 0.102753261 -0.390504458 0.264131807
v 0.175207501 -0.364814051 0.289453745
v -0.107914063 -0.390412941 0.448452024
v 0.0130362222 -0.40548615 0.571010077
v 0.110148225 -0.388939771 0.0129888858
v 0.200494508 -0.352080241 -0.612362511
v -0.123011635 -0.38520121 0.370856499
v -0.342625098 -0.216508274 0.563501833
v -0.193107945 -0.197205456 0.680434159
v -0.293695424 -0.280932751 0.596074813
v -0.220153522 -0.341233247 0.462689848
v -0.317709548 -0.0256325435 0.681008102
v -0.211818804 -0.348147879 0.596350499
v 0.00774147541 -0.279776191 0.680331193
v -0.301420025 0.0135781085 0.679994317
v -0.382934103 -0.137081286 0.317313391
v -0.346293911 -0.226787962 0.126293397
v -0.38471731 -0.134484829 0.605448869
v -0.592406875 -0.208291987 -0.0050526933
v -0.614738494 -0.207284869 -0.0247404701
v -0.35834933 -0.204283042 0.178479866
v -0.35703927 -0.204315564 0.19253997
v -0.368389093 -0.187932812 0.158390262
v -0.333943763 -0.245987512 0.0806314025
v -0.689549453 -0.183927774 0.0952762642
v -0.405862466 0.0678431268 0.210112454
v -0.404556944 0.0701371805 0.260142669
v -0.398830078 0.0958265021 0.266241861
v -0.405936459 0.0532154518 0.284050445
v -0.399728652 0.0872811852 0.284152141
v -0.549199492 -0.0912189825 0.186784929
v -0.412028567 0.0146186227 0.188215804
v -0.406470372 0.0685853939 0.18198315
v -0.404463025 0.073387378 0.234901178
v -0.407270288 -0.0558030597 0.233809166
v -0.240382547 0.107150478 0.680632571
v -0.105620223 0.391953232 0.58563129
v -0.0927907329 0.394653075 0.576457749
v -0.246455709 0.0691243978 0.680726219
v -0.238864729 0.0844660133 0.680661961
v -0.260284843 0.095223867 0.680501109
v -0.398366145 -0.0754165999 0.519818245
v -0.343217574 0.220996039 0.223523695
v -0.319493617 0.00237100896 0.681213992
v -0.270740856 0.188499085 0.68180639
v 0.374506686 0.159252766 -0.41707671
v -0.240262057 0.325060539 0.544004958
v -0.671935024 0.209875217 -0.0162121063
v 0.268202605 0.307270097 -0.238561802
v 0.338593745 0.229030875 -0.264734588
v -0.358092761 0.205267406 0.145983767
v -0.0279942047 0.391981319 -0.548252465
v 0.358952368 0.210144614 -0.147823858
v -0.402202525 0.0884270961 0.195385127
v -0.661044284 -0.0771009621 0.192344604
v -0.708194192 0.00820758848 0.204992151
v -0.17188715 0.364682278 -0.542108801
v -0.0902697419 0.392370404 -0.522094347
v -0.70422708 -0.193685047 0.0729175271
v -0.667891701 0.133765002 -0.162362014
v -0.361297126 -0.185088941 -0.567518975
v -0.370891003 0.167924883 -0.469476949
v -0.621566433 -0.166816829 -0.127312641
v -0.388944179 -0.146169549 -0.0721098403
v -0.346460243 -0.214218262 -0.322861318
v -0.604622475 -0.15705009 -0.138770811
v -0.625165808 -0.208370464 0.00676654707
v -0.667902154 -0.205365105 -0.0374471364
v -0.657798257 -0.208426823 0.00318367596
v -0.687459283 -0.165059286 0.124386438
v -0.550528891 -0.197267224 0.0643014756
v -0.591122383 -0.179898638 0.104311779
v -0.384299462 -0.156088863 0.128132404
v -0.326143592 0.225104257 -0.583329038
v -0.382748538 -0.134782245 -0.522806099
v -0.375079754 0.107752244 -0.567787402
v -0.329896122 0.222158949 -0.59717078
v 0.0819360235 0.387175935 -0.554256522
v 0.337050894 0.208930749 -0.465495195
v 0.329230185 0.22136249 -0.438710452
v 0.0360762221 0.38758852 -0.522821129
v 0.355627621 0.176741733 -0.497568785
v 0.320937707 0.235849723 -0.451243141
v -0.364425537 -0.127703691 -0.525588702
v -0.386609538 0.0342761005 -0.556152312
v 0.273132697 -0.293984781 -0.604219245
v 0.254966004 -0.307795811 -0.598824816
v -0.391644348 -0.00563822155 -0.581163963
v -0.387068132 0.0597948251 -0.580717009
v -0.393356764 0.0311209803 -0.597245912
v 0.101044777 0.376781157 -0.509674813
v 0.102156974 0.373753445 -0.498570262
v 0.39139744 0.11095419 -0.419677399
v -0.176497289 0.367002867 -0.621028223
v 0.00920092434 0.397299029 -0.576170582
v -0.324582776 0.229404628 -0.588386469
v -0.126471056 0.387106316 -0.607789825
v 0.0317077922 0.397233296 -0.584735336
v -0.234030572 0.332335218 -0.59876932
v 0.120191292 0.390975131 -0.0213151193
v -0.147244909 0.377207554 -0.566243786
v -0.160269484 0.370086324 -0.553080037
v -0.177620542 0.364116559 -0.261157474
v -0.129705146 0.363092525 -0.498755091
v 0.125741325 0.376046829 -0.543871653
v 0.1155178 0.376391676 -0.523695944
v 0.236289739 0.31881696 -0.420481048
v 0.0889217813 0.381799591 -0.526483902
v 0.396944595 -0.0824574874 -0.5873379
v 0.390828504 -0.106043739 -0.595645316
v 0.354837736 0.205134374 -0.260959439
v 0.343477859 0.237925313 0.00490324065
v 0.0584414287 0.386855385 -0.530260132
v 0.311851577 0.251699247 -0.59383039
v 0.232259374 0.326155387 -0.594226194
v 0.378476328 0.167543873 -0.21223491
v 0.306815726 0.279883136 -0.0512810269
v 0.252639962 0.30561062 -0.383000044
v 0.284536346 0.275246697 -0.394850113
v 0.332415781 -0.233248355 -0.502643987
v 0.317075279 -0.254162879 -0.522653652
v 0.333315907 -0.230098057 -0.468334668
v 0.34329108 0.218866967 -0.607752621
v 0.330721618 0.23750893 -0.563001977
v 0.313904432 0.2594242 -0.570859633
v 0.231494766 0.323475255 -0.453073593
v 0.243012618 0.316579375 -0.482405986
v 0.264467655 0.299792031 -0.513372972
v 0.271260318 0.293452351 -0.477940826
v 0.383148597 0.13647809 -0.399248745
v 0.226315204 0.32945828 -0.556262036
v 0.193841096 0.348580148 -0.542312001
v 0.192149896 0.356877737 -0.496849775
v 0.249874355 0.311941254 -0.544249935
v 0.264719945 0.300069214 -0.573280317
v 0.303087447 0.260923849 -0.547841924
v 0.298027718 0.267247852 -0.567141998
v 0.325743665 0.232540518 -0.567114016
v 0.288575374 0.287422642 -0.581872868
v 0.240436019 0.32736927 -0.511534364
v 0.271771049 0.302954471 -0.550221739
v 0.26596573 0.308328549 -0.5801831
v 0.268298079 0.305850676 -0.525709377
v 0.245913978 0.320712693 -0.639088432
v 0.0979157811 0.391123127 -0.616974826
v 0.272995852 0.293982314 -0.599558818
v 0.326952193 0.242478759 -0.614536673
v 0.287301957 0.28813868 -0.555736706
v 0.275494178 0.289953962 -0.545243942
v 0.399593584 -0.070412186 -0.518063453
v 0.373588938 0.160941757 -0.541526047
v 0.404067731 -0.0147807764 -0.616462644
v 0.370281627 0.160335447 -0.624580077
v 0.34818466 -0.209365636 -0.526664244
v 0.356440518 -0.192963654 -0.599473993
v 0.400366266 -0.0610196744 -0.607787525
v 0.391913645 -0.121759924 -0.25671237
v 0.289575557 0.275847847 -0.525152051
v 0.30728107 0.256000687 -0.524034911
v 0.348796416 0.196313441 -0.565103201
v 0.357129 -0.186204911 -0.603494022
v 0.344059342 -0.203444591 -0.59711998
v 0.341807329 -0.214152634 -0.608410824
v 0.356907114 0.181031838 -0.568845618
v 0.725455604 -0.0234363605 -0.205856761
v 0.722397046 0.124411185 -0.165495764
v 0.40576683 0.0821070016 -0.096885338
v 0.699242634 0.125079437 0.16471592
v 0.552859644 0.204066858 -0.0445737275
v 0.724767019 -0.127100836 -0.163769023
v 0.403543832 0.0247728839 -0.620528376
v 0.390871625 0.115103766 -0.31328348
v 0.383119309 0.155859718 -0.200207386
v 0.720497058 0.203589718 -0.0315364068
v 0.36996113 0.180856371 -0.247062017
v 0.390685841 0.134431986 -0.200757714
v 0.314622875 0.26657303 -0.158093536
v 0.640009851 0.203618145 -0.0430044818
v 0.598398159 0.207098556 0.0068008583
v 0.65312501 0.207722773 -0.0105959361
v 0.39601248 -0.114268155 0.215596368
v 0.718418427 0.174439136 0.109539127
v 0.630986822 -0.0491144903 0.2022421
v 0.409333954 -0.0469365537 0.174874307
v 0.596347311 0.120458127 0.169342194
v 0.659531145 0.0861474185 0.189182986
v 0.620240957 0.103813588 0.180506078
v 0.174990598 0.366011789 0.590135532
v 0.580495443 0.157552985 0.136055676
v 0.597751686 0.147920751 0.145972734
v 0.386312951 0.15165868 0.0803423063
v 0.392352443 0.106125132 0.433169483
v 0.0839255693 0.247015705 0.68011536
v 0.102387384 0.392476272 0.589424228
v 0.160422394 0.196466753 0.680485443
v 0.317015936 0.254520493 0.597683241
v 0.255345641 0.200138021 0.682320483
v 0.250143454 0.130988585 0.680176891
v 0.252829634 0.153808163 0.680159229
v 0.278332766 0.0296788934 0.680382815
v 0.269359276 0.0932049622 0.680457236
v 0.304991526 0.0746443598 0.681427992
v 0.406361956 -0.0106008073 0.478255715
v 0.406194666 0.00683099517 0.454342609
v 0.405643846 0.0142499359 0.497261164
v 0.284579524 0.073809342 0.680461431
v 0.295296625 0.0507303853 0.680290774
v 0.249596505 -0.0767686114 0.680706791
v 0.251829669 -0.0468765126 0.681003721
v 0.399627037 0.0759441543 0.446291835
v 0.406252951 -0.0486821078 0.291229725
v 0.409819208 -0.0539134749 0.15820369
v 0.3917951 -0.121505455 0.258050968
v 0.545232223 0.0389633145 0.2042444
v 0.598500084 -0.0560470772 0.200191083
v 0.545763023 0.0450161813 0.202676345
v 0.723257253 0.184795996 0.0907330353
v 0.59640832 -0.153207939 0.140798778
v 0.721206793 -0.151112482 -0.142182783
v 0.562680504 -0.205466423 0.0368656844
v 0.554280372 -0.208804278 0.00412560324
v 0.678248613 -0.209098994 -0.00626396818
v 0.314349825 -0.256399751 0.544712579
v 0.307898691 -0.264298579 0.296977102
v 0.284944685 -0.288651529 0.320254816
v 0.687428195 -0.146160093 0.147624659
v 0.666656426 -0.191524395 0.0823015268
v 0.40509795 -0.0839813488 0.144157339
v 0.394542932 -0.115979742 0.236447226
v 0.352765616 -0.201342545 0.418882136
v 0.390317732 -0.131671326 0.22284294
v 0.325114268 -0.255745572 -0.105496888
v 0.357901345 -0.211087476 0.115134638
v 0.359669191 -0.209175843 0.0922091485
v 0.398798127 -0.0939882346 0.27057915
v 0.327525873 -0.239854083 0.51438699
v 0.348693847 -0.207877434 0.529869331
v 0.364080874 -0.180341012 0.520127604
v 0.336758019 -0.226716494 0.5432134
v 0.372638425 -0.160957434 0.539149805
v 0.173497356 -0.198953526 0.6807006
v 0.150546897 -0.181603555 0.681035162
v 0.120534351 -0.388151204 0.595981476
v 0.261391605 -0.310558935 0.46151725
v 0.291937078 -0.289801719 0.00813813635
v 0.390218011 -0.111120064 0.564853776
v 0.388686251 -0.116959157 0.545152849
v 0.39688532 -0.0853472824 0.546601015
v 0.152383849 -0.216110166 0.680684269
v 0.226432669 -0.216782493 0.680607385
v 0.216389564 -0.343405661 0.485384733
v 0.225588234 -0.337268048 0.561977046
v 0.259657769 -0.312141829 0.492586421
v 0.274288751 -0.299230511 0.537238465
v 0.266465369 -0.306376894 0.501130797
v 0.0961614854 -0.254798806 0.68065852
v 0.185194959 -0.359646766 0.161157451
v 0.168090002 -0.368481868 -0.17865312
v 0.220663292 -0.34073601 0.0654635969
v 0.288716576 -0.291507856 -0.0524356018
v 0.305517493 -0.277447015 -0.0339208102
v 0.287175539 -0.293216261 -0.0182569322
v 0.340379054 -0.237802665 -0.117887828
v 0.346097124 -0.233114742 -0.0248512747
v 0.341049304 -0.239933231 -0.00675293086
v 0.154722324 -0.375153353 -0.39032923
v 0.154248483 -0.375304914 -0.358060309
v 0.294863038 -0.280107639 -0.213273574
v 0.348698195 -0.228029543 -0.102473241
v 0.545603701 -0.205969031 0.0331941238
v 0.389028402 -0.117666563 -0.332712972
v 0.403376323 -0.076024395 -0.260313256
v 0.397673104 -0.123433886 -0.084831046
v 0.33374151 -0.24914122 -0.0314774353
v 0.262701102 -0.304998274 -0.60744454
v 0.0890469251 -0.396970704 -0.529052688
v 0.162669126 -0.370573 -0.0541908727
v 0.295704957 -0.284523566 -0.082284158
v 0.276841996 -0.301883473 -0.035546303
v 0.103436771 -0.390470195 -0.017916652
v 0.206197522 -0.348865165 -0.20047606
v 0.0617305327 -0.393992699 -0.583692807
v 0.109310275 -0.389847071 -0.198355356
v 0.130945175 -0.382893068 -0.192500024
v 0.118693343 -0.388447244 -0.445251112
v 0.331362034 -0.220122602 -0.585251235
v 0.332054355 -0.234915292 -0.537882611
v 0.317527029 -0.254624127 -0.566231488
v 0.277036532 -0.296337614 -0.611122319
v 0.309946798 -0.262897685 -0.601884021
v 0.285770929 -0.289424382 -0.580287446
v 0.332161915 -0.230114118 -0.610941147
v 0.363119388 -0.183695254 -0.578332157
v 0.402012412 -0.0712901972 -0.303903447
v 0.398204425 -0.0987795726 -0.259264862
v 0.368123577 -0.179998181 -0.23259622
v 0.360149163 -0.184872764 -0.46185743
v 0.347683096 -0.207493313 -0.457381491
v 0.321438839 -0.249638382 -0.542288935
v 0.0370981185 0.401717348 -0.521917165
v 0.254035401 0.302988747 -0.413996812
vn 0.966443629 0.217087321 -0.137331014
vn 0.974296782 0.189691585 -0.121502602
vn 0.934300828 0.286467961 -0.212174623
vn -0.955851829 0.268073723 0.120348495
vn -0.901296426 0.274954252 0.334760978
vn -0.43171877 0.0317880223 0.90144796
vn -0.0163557773 -0.999648117 -0.020883724
vn 0.0384513952 -0.999133514 -0.0159283017
vn 0.0548007039 -0.998329539 -0.0183033944
vn 0.590789143 0.723794411 -0.356496618
vn 0.770923995 0.63264498 -0.0737327848
vn 0.791422572 0.557622631 -0.250414284
vn -0.811654604 -0.584082288 -0.00804267315
vn -0.779677272 -0.626085929 -0.010943529
vn -0.832031766 -0.55470663 -0.00486774915
vn 0.996590585 0.0559418572 0.0606441661
vn 0.989448399 0.142468967 0.0263526033
vn 0.983352575 0.167054951 0.0714867569
vn -0.0142504328 0.286646775 -0.957930348
vn 0.0207950494 0.62006339 -0.784276073
vn -0.0177604581 0.939152597 -0.343040763
vn 0.70696985 0.470496042 -0.528040819
vn -0.728718982 -0.460370046 -0.506979355
vn -0.734025335 -0.467599722 -0.492501073
vn -0.517029542 -0.855965111 0.00204495469
vn -0.444947405 -0.895554199 0.0021172966
vn -0.495233486 -0.868758157 0.00174896012
vn 0.614660425 0.751430017 -0.239886414
vn 0.910805504 0.373928064 -0.174960385
vn 0.898749619 0.42844274 -0.0931983987
vn -0.914288031 -0.404471036 -0.021922057
vn -0.908154684 -0.418321194 -0.0162002808
vn -0.933739148 -0.357377608 -0.0203088241
vn 0.323079129 -0.946357908 0.00515627566
vn 0.391674699 -0.920103743 0.000182268488
vn 0.39100953 -0.920340153 0.00924929502
vn 0.636772193 0.706778604 -0.308196655
vn 0.462239347 0.806708572 -0.368179393
vn 0.320854654 0.789511681 -0.523186005
vn -0.704932461 -0.708413511 -0.0349359872
vn -0.705716068 -0.708084301 -0.0241133757
vn -0.672453172 -0.739754916 -0.0238620173
vn -0.623970721 -0.781446674 0.00127873456
vn -0.590899008 -0.806674036 -0.0107407172
vn -0.574078742 -0.818785917 0.00481865907
vn -0.0196645464 0.133955054 0.990792283
vn -0.00194441237 0.100935559 0.994891065
vn 0.00135192059 0.234795471 0.972043856
vn -0.642404832 -0.766358806 -0.00319573169
vn -0.67860167 -0.734496364 -0.00385547443
vn -0.706760913 -0.7074387 -0.00441559648
vn -0.751660078 -0.659528157 0.00545317579
vn -0.752256304 -0.65858893 0.0192633004
vn -0.693223454 -0.720674218 0.00836140126
vn -0.160627522 0.000169736959 -0.987015081
vn -0.617362914 -0.653262795 -0.438304407
vn -0.610161164 -0.790806962 -0.0482462732
vn 0.0868065205 -0.0836606474 -0.992706162
vn 0.0482132798 -0.0730579827 -0.996161639
vn 0.0473592319 -0.238630701 -0.969954892
vn -0.345848857 -0.938283066 0.00366820956
vn -0.393175853 -0.919448256 0.00525856167
vn -0.325081004 -0.945610661 0.0119506871
vn -0.790306971 -0.612706627 -0.00234101412
vn -0.80049935 -0.598605605 -0.0295316788
vn -0.760180933 -0.649582312 -0.0129525566
vn -0.154390026 -0.98797729 0.00803703218
vn -0.192026405 -0.981386542 0.0025128975
vn -0.22068868 -0.975337148 0.00373542041
vn -0.800430482 -0.599017907 -0.0221040581
vn -0.781961117 -0.539072457 0.312949993
vn -0.753663983 -0.534636248 0.382301821
vn -0.824239866 -0.563677833 0.0538139702
vn -0.766941119 -0.63928436 0.0558285482
vn -0.806484632 -0.587916811 0.0627404272
vn -0.125314319 -0.992090278 0.00729389314
vn -0.189070419 -0.981956617 -0.00368508243
vn -0.176546183 -0.984287801 0.00299490749
vn -0.00341477145 0.0213759069 0.999765678
vn -0.00448111348 -0.0136180746 0.999897229
vn 0.00365470123 -0.00674807172 0.999970553
vn -0.0207726864 -0.810507525 -0.585359759
vn -0.0606265375 -0.998015685 -0.0170033853
vn -0.119232384 -0.694943447 -0.709110177
vn 0.147228736 -0.941715766 0.302481595
vn 0.03789931 -0.936699648 0.348076732
vn 0.0936135711 -0.995115286 -0.03133794
vn -0.640336642 -0.768079715 0.00474731895
vn -0.704165142 -0.710019704 0.0048448956
vn -0.633228476 -0.773929929 0.00735946876
vn -0.28086132 -0.959747064 -0.00157836742
vn -0.268366217 -0.963316779 0.000598122387
vn -0.507918857 -0.861394202 -0.00429701913
vn -0.508279101 -0.861189848 -0.00209792503
vn -0.575048976 -0.818104795 -0.00481863816
vn -0.724959067 -0.688773101 -0.00509583407
vn -0.267787117 -0.963476447 0.00178748061
vn -0.215620874 -0.976475923 0.00155226731
vn -0.280387721 -0.959881392 0.00323108113
vn -0.191544205 -0.981479237 -0.00305363111
vn -0.260805767 -0.965391286 0.00013306133
vn -0.220747494 -0.975322082 -0.00416905957
vn -0.228614842 -0.973516751 0.00062361336
vn -0.274348473 -0.961600913 -0.00752321099
vn 0.243448281 -0.969905563 0.00401656464
vn 0.187095412 -0.982324338 -0.00584819045
vn 0.192620581 -0.981238903 0.00821750916
vn -0.0208771941 0.236212979 0.971477005
vn -0.0250266734 -0.0105917668 0.999630672
vn -0.0333354472 0.110511384 0.993315651
vn 0.730190062 0.496946961 0.468898914
vn 0.104507115 0.850951399 0.514742635
vn 0.455971049 0.731457097 0.507011753
vn -0.177336695 -0.984097438 -0.0101945496
vn -0.942849981 -0.0800902746 0.323449318
vn -0.990007028 0.00188095346 0.141005485
vn -0.991569118 -0.0370847561 0.124158787
vn -0.899180019 -0.437268031 -0.0164912795
vn -0.902876125 -0.428518155 -0.0344513218
vn -0.924489502 -0.379298539 -0.0381022313
vn -0.987095716 0.160098407 -0.00324761345
vn -0.97893493 0.203952126 -0.00948330661
vn -0.960277411 0.278873573 -0.00983995687
vn -0.623042308 0.78117004 -0.0398954905
vn -0.955016918 -0.203305758 -0.215892232
vn -0.618416609 0.744938873 -0.250253818
vn -0.568124477 -0.822940823 -0.00172635558
vn -0.594894443 -0.803803268 -0.000952263322
vn -0.620448699 -0.784215354 0.00704911771
vn -0.639848279 -0.76846705 0.00725071615
vn -0.670277006 -0.741998425 0.0129256318
vn -0.44688334 -0.894591443 -0.00119577877
vn -0.525264206 -0.850937656 -0.00161844218
vn -0.499936809 -0.866060577 -0.00150488563
vn -0.358922264 0.0311589836 0.932847215
vn -0.96523999 0.0932240096 0.244174213
vn -0.901322736 0.0384509574 0.431438117
vn -0.994094398 0.107720856 -0.013135625
vn -0.99968016 0.0251624159 -0.00253582863
vn -0.992051431 -0.123328751 0.0249795463
vn -0.998523122 -0.0469535029 0.0273302744
vn -0.998144121 -0.0450611597 0.0409610359
vn -0.626421194 -0.779464966 -0.00555474467
vn -0.359775384 -0.933005322 0.00792098011
vn -0.406998282 -0.913422698 -0.00337253478
vn -0.478968635 -0.877805098 0.00687437444
vn -0.317011979 -0.2000113 0.927091627
vn -0.644074292 -0.574291643 0.505329016
vn -0.232888067 -0.971887835 -0.0346003621
vn -0.567266035 -0.823518508 -0.00514905882
vn -0.54200958 -0.840358673 -0.00478704139
vn -0.603650992 -0.797230542 -0.00537982174
vn -0.179866389 -0.983688154 -0.00238680929
vn -0.212077543 -0.977249903 -0.00239644076
vn -0.123120536 -0.992374151 -0.0059057941
vn -0.970687821 -0.237897762 0.0342024831
vn -0.947561004 -0.316563835 0.043766224
vn -0.955793041 -0.289861356 0.0493969389
vn 0.827860231 0.549112854 0.114553535
vn 0.852554983 0.510293538 0.112918141
vn 0.82469008 0.553127318 0.118052707
vn -0.585066501 -0.810975874 -0.00391419007
vn -0.144588958 0.00857061764 0.989454687
vn 0.0589868992 -0.0185385462 0.998086603
vn 0.00113802175 0.00157673162 0.999998109
vn -0.800392988 -0.599409463 0.00890851125
vn -0.774304351 -0.63268055 0.0129651114
vn -0.744788739 -0.667248149 0.0083451656
vn -0.986015415 0.166457064 -0.0081023124
vn -0.763599629 -0.645681697 -0.00327909191
vn -0.750932058 -0.660346414 -0.00660747704
vn -0.795850359 -0.605457771 -0.00656452376
vn 0.163230545 0.910894201 0.378982246
vn -0.286584646 0.719385223 0.632735444
vn -0.146981613 0.903748896 0.402037733
vn -0.783627859 -0.618324841 0.0600147454
vn 0.670880082 0.741523224 0.00795133053
vn 0.647119257 0.762037118 -0.0231537939
vn 0.679718298 0.733135617 -0.0222531326
vn -0.567085762 -0.823646939 -0.00441108655
vn -0.7056916 -0.708329643 0.0163854453
vn -0.653074062 -0.757274716 0.00541047042
vn -0.490184957 0.137168739 0.860757483
vn -0.310236478 -0.0750218787 0.947694595
vn -0.125185669 0.089792337 0.98806168
vn -0.0907974152 -0.995850605 0.00611570866
vn -0.186257869 -0.982481509 0.00617181463
vn 0.0259550395 -0.0145531546 0.999557173
vn -0.347382518 -0.937720202 0.00249172644
vn -0.283314843 -0.959022359 -0.00296887762
vn -0.291923613 -0.956438063 0.0026144208
vn -0.894230569 -0.447568093 0.00587294215
vn -0.912571307 -0.408917555 0.00020932847
vn -0.943467204 -0.331326238 -0.00962072475
vn -0.938021778 -0.119168787 0.325444226
vn -0.741115086 0.225259982 0.632460568
vn -0.923099022 0.28087049 0.262678443
vn -0.604682255 0.759829666 0.238784943
vn -0.596544981 0.763848825 0.246310898
vn -0.525955398 0.845470248 -0.0924715057
vn 0.924255812 0.320074739 -0.208094581
vn 0.932208919 0.335951315 -0.134622604
vn -0.346324629 0.938099115 0.00541306774
vn -0.156092062 0.986331637 0.0527747077
vn -0.264178847 0.95740269 -0.11657455
vn -0.561721964 -0.827311853 0.00485108491
vn -0.575857762 -0.817549161 0.00109885548
vn -0.529759619 -0.848136709 0.00434392959
vn -0.0163593673 -0.596409043 -0.802513941
vn -0.021605709 -0.720650657 -0.692961632
vn -0.0541203943 -0.622674582 -0.780607038
vn -0.589473244 0.146697209 -0.794355855
vn -0.0579667609 0.426102579 -0.902815843
vn -0.202581252 0.295369784 -0.933658143
vn 0.938702757 0.328744181 -0.103751612
vn 0.921039743 0.376547639 -0.0994870259
vn 0.918957476 0.383749282 -0.0908495814
vn 0.915169137 0.293780933 -0.275967776
vn 0.94932545 0.275597624 -0.151086531
vn 0.977730498 0.114318172 -0.175995537
vn 0.0213896014 -0.58629622 -0.809814317
vn 0.00707603204 -0.468178218 -0.88360573
vn 0.00355079615 -0.339116951 -0.940737522
vn -0.796185511 -0.603358877 -0.0452404503
vn -0.805829757 -0.591446836 -0.0287930908
vn -0.855071878 -0.51800809 -0.0227969826
vn -0.419493527 -0.907751306 0.00357034478
vn -0.701441443 -0.712718382 0.0035226938
vn -0.918407985 -0.394961955 -0.0230613698
vn -0.90367625 -0.427879821 -0.0169733108
vn -0.655954545 -0.754800373 -0.000179893232
vn -0.654690167 -0.755888515 -0.00365216965
vn -0.710971995 -0.703215527 -0.00259715266
vn -0.00200988421 0.753737696 0.657172311
vn -0.00428703622 0.797119678 0.603806127
vn -0.0244342761 0.745795471 0.665726732
vn -0.379112428 -0.925335074 0.0053636037
vn -0.476029434 -0.87942464 0.0028776725
vn -0.491195081 -0.871008736 0.00843654259
vn -0.700181373 -0.713814352 0.014666827
vn -0.685765633 -0.72782243 -8.4532245e-05
vn -0.673765575 -0.738727876 0.0179185755
vn -0.202732372 -0.979172472 -0.0109934031
vn 0.0292820952 0.0156441917 0.999448757
vn -0.274901175 -0.333107953 0.90192485
vn -0.758715396 -0.65140778 0.00434182776
vn -0.74741515 -0.664355311 0.00161691194
vn -0.802191239 -0.597067179 5.17716589e-06
vn -0.0820502989 -0.0216535293 0.996392931
vn -0.692122752 0.571076958 0.441403674
vn -0.544698874 -0.838631683 0.000189692182
vn -0.647537352 -0.761949922 -0.0113002078
vn -0.643253799 -0.765470416 -0.0167209957
vn -0.434388913 -0.900725414 -3.80674837e-06
vn -0.659287103 -0.75182206 0.0102032617
vn -0.711735597 -0.702425463 0.00555951524
vn -0.669371193 -0.742927365 -0.00106570395
vn -0.252759081 -0.967519838 -0.00426724327
vn -0.31011012 -0.9506981 -0.00219916898
vn -0.322889557 -0.94640398 -0.00786388775
vn -0.170959131 -0.984989652 0.0238403153
vn -0.970885406 -0.239538003 0.00175317273
vn -0.261157723 -0.962894482 0.0680504245
vn 0.600258357 -0.780885773 -0.172937312
vn 0.717857652 -0.680229418 -0.148217174
vn 0.711377963 -0.668833486 -0.215877655
vn -0.564071445 -0.825676799 0.00901270877
vn -0.503397369 -0.863993708 0.0102937469
vn -0.00825066451 -0.103638473 -0.994580813
vn 0.835155443 -0.521112124 0.175947548
vn 0.779702016 -0.623930068 -0.0526880949
vn -0.809437774 -0.587193864 -0.00372231914
vn -0.798994268 -0.601310153 -0.00585315207
vn -0.373301389 -0.927685645 -0.00673920523
vn -0.396603403 -0.91789616 -0.0131293391
vn -0.46181604 -0.886930166 -0.00899031022
vn -0.617790186 -0.786332829 0.00399590024
vn -0.86783963 0.491775114 -0.0707927515
vn -0.885899492 0.458386936 -0.0711583237
vn -0.833919148 0.551885211 -0.0012523877
vn 0.836927153 0.547312336 -0.00146545463
vn 0.784975203 0.619473291 0.00817143324
vn 0.839878015 0.542750461 0.00518240096
vn -0.254164894 -0.895615428 -0.365066037
vn 0.0987767502 -0.988816901 -0.111733117
vn -0.184998251 -0.981500234 -0.0493248098
vn 0.831091616 0.556124925 0.00343422694
vn 0.757728838 0.652255878 0.0202306054
vn 0.840207546 0.542035316 0.0157796058
vn -0.968217594 -0.239336528 -0.0726134821
vn -0.999883051 -0.015093808 -0.00246186939
vn 0.0643254211 -0.901456476 -0.42806362
vn 0.100175308 -0.994968531 0.0015904166
vn 0.173535838 -0.984822676 0.00310007757
vn 0.161034802 -0.986943926 0.00307880314
vn -0.167859963 -0.531514403 -0.830250247
vn -0.419996255 -0.151630281 -0.894768911
vn -0.438460688 0.621880746 -0.648857891
vn -0.000580965603 -0.999588698 0.0286722554
vn -0.0330172584 -0.999049681 0.0284533873
vn -0.0788867637 -0.996528699 0.0265975663
vn 0.938295777 0.186933488 -0.290958598
vn 0.948298152 0.311706008 -0.0597492991
vn 0.970955473 0.237569295 -0.0283954116
vn 0.123411141 -0.992330162 0.00710917178
vn 0.210502755 -0.977553747 0.00878983676
vn 0.144721917 -0.98936335 0.0146877105
vn 0.929143903 0.369619864 -0.00853012369
vn 0.944840931 0.327327818 -0.0114941336
vn 0.920770885 0.390100444 -0.00161917543
vn -0.0279286375 0.769216816 0.638377225
vn 0.946102801 0.323837985 -0.00429538743
vn 0.921022433 0.389454485 -0.00654843453
vn 0.94786276 0.318300306 -0.0155275287
vn 0.388649464 -0.849970938 -0.355669789
vn -0.568417343 0.522714064 0.63535166
vn -0.835440755 -0.549201395 -0.0204101299
vn -0.886332714 -0.461300276 -0.0402041689
vn -0.895233585 -0.443624647 -0.0418807967
vn 0.873138231 0.487468394 0.00204786518
vn 0.81389513 0.580858543 0.0133443236
vn 0.827324722 0.561570592 0.0131253344
vn 0.972787342 0.229025525 -0.0351012268
vn 0.972085309 0.233523353 -0.0227375537
vn 0.962463517 0.270749675 -0.0189365476
vn 0.999638318 0.00753557389 -0.0258156512
vn 0.998490201 0.0433202961 -0.0337738201
vn 0.997676995 0.0628588442 -0.0262560351
vn 0.81191642 0.57941683 0.0711889254
vn 0.81030174 0.575415863 0.110939962
vn 0.778869473 0.621409198 0.0849291077
vn 0.955642976 -0.29422173 0.0134192245
vn 0.947038051 -0.321092877 -0.00427720429
vn 0.936322772 -0.350788648 0.0157159279
vn 0.823574645 -0.562465235 0.0731960608
vn 0.858596939 -0.506253926 0.0807357383
vn 0.849913996 -0.523492759 0.0600127478
vn 0.240325145 -0.970683713 0.00411744643
vn 0.775617609 0.63116768 0.00668457629
vn 0.725202014 0.687794321 0.0319532667
vn 0.946007759 0.323513081 -0.020214032
vn 0.958846818 0.282877914 -0.0243488114
vn 0.959751705 0.280773908 -0.00653283771
vn -0.227731657 -0.0433637364 -0.972757873
vn -0.164220102 0.984292407 -0.0648090717
vn -0.0758651971 0.996183752 -0.043155571
vn -0.103370654 0.994017841 -0.0352567645
vn 0.852209603 0.523199939 -0.000785541821
vn 0.884225086 0.467051687 0.00295259257
vn 0.880142905 0.474667717 0.0062470226
vn 0.797117656 0.603121985 0.0291086409
vn 0.817338301 0.575570836 0.0260060477
vn 0.846093144 0.532504791 0.0237705805
vn 0.980976677 -0.19412385 -0.00083055581
vn 0.990827145 -0.135118612 0.00212814093
vn 0.991600472 -0.129305039 0.00295154077
vn 0.977766257 0.209064883 -0.0162794975
vn 0.230596989 0.967634869 -0.102507507
vn 0.961488643 0.272971584 -0.0320328511
vn 0.959918553 0.280169362 0.00784219686
vn 0.977340605 0.211594906 0.00573912471
vn 0.969785676 0.243676823 0.0117195987
vn 0.11625845 -0.993215281 0.002716406
vn 0.0567991313 -0.998385588 -0.000274781034
vn 0.109571047 -0.993929843 -0.00988198188
vn 0.789986135 0.613055946 0.00918223454
vn 0.833551999 0.552142997 0.0181432079
vn 0.825176091 0.564874527 0.00108970968
vn 0.915906148 0.401255296 0.0104935815
vn 0.936752549 0.349843755 0.0101984305
vn 0.913656921 0.406474712 0.00305594191
vn 0.997400869 0.0709265562 0.0126858362
vn 0.999979734 -0.00350279168 0.0053162483
vn 0.996050643 0.0878853204 0.012620861
vn 0.0288669342 0.100619629 0.994506104
vn 0.0184532594 -0.0806266521 0.99657354
vn 0.0181731207 0.0896787256 0.995804933
vn 0.00481389195 0.00128635337 0.999987586
vn 0.0066039115 -0.00262497852 0.999974749
vn 0.00657162508 0.00313736716 0.999973485
vn 0.946451685 0.322554679 0.0136998568
vn 0.924636403 0.380536941 0.0154647286
vn -0.998154931 -0.0569479105 -0.0210634692
vn -0.937274842 -0.0462652451 0.345507451
vn -0.93270618 -0.0423381503 0.358143356
vn -0.433575748 0.820246217 -0.373106171
vn -0.313789226 0.552521497 -0.772176351
vn -0.37285356 0.846301027 -0.380466549
vn 0.995603353 0.093382902 0.00732105602
vn 0.989366795 0.143974097 0.0206107856
vn 0.986141999 0.165902574 0.000541596531
vn 0.990900018 0.128862269 -0.0388801963
vn 0.99247231 0.119744823 -0.0256883675
vn -0.607350494 -0.794424549 0.00387470874
vn 0.0551609356 0.907825697 0.415703951
vn 0.969165476 0.246299373 -0.00740943138
vn 0.808380765 0.588256433 -0.0217923965
vn 0.737256525 -0.675030932 0.0280367124
vn 0.723880635 -0.688584224 0.0429952528
vn 0.753384578 -0.655900961 0.046963884
vn 0.991847216 0.0423986204 -0.120172613
vn 0.319881781 0.314850193 0.893613452
vn 0.929754674 0.290049303 0.226776647
vn 0.0599010575 -0.539969494 -0.839550361
vn 0.00654087774 -0.51863042 -0.854973511
vn 0.0587647168 -0.406154418 -0.911912988
vn 0.816803525 0.576831692 0.00985907034
vn 0.886019339 0.46344024 0.0138879578
vn 0.891032118 0.242854558 0.383514575
vn -0.0036444373 0.743337707 0.6689064
vn 0.843208896 0.53748263 0.0105441642
vn 0.0122146023 0.691449245 0.722321774
vn -0.00301640466 0.639062096 0.76914923
vn -0.00107304217 0.769930551 0.638126786
vn 0.151852621 -0.33009887 0.931652037
vn 0.00334962903 0.0134505542 0.999903927
vn 0.110563808 -0.327091768 0.938502328
vn 0.790996499 -0.61144785 0.0213556827
vn 0.761408642 -0.64818531 0.0106152885
vn 0.801018584 -0.598554906 0.0100624861
vn 0.0236938152 0.734235167 0.678481631
vn 0.00993844217 0.821977553 0.569433166
vn 0.0396470415 0.863229423 0.503252497
vn 0.961538684 -0.162646542 0.22133563
vn 0.63388474 -0.582064071 0.509304971
vn 0.00034063393 -0.611812841 0.791002485
vn 0.0977738618 0.992072989 -0.0789395738
vn 0.106380596 0.975956009 -0.190244678
vn 0.154072221 0.987766484 0.0240650093
vn 0.743175313 -0.66908792 -0.00343642303
vn 0.779894414 -0.62590989 -0.00123010706
vn 0.797689767 -0.603067349 0.000898992089
vn 0.948954695 -0.312638048 0.041742524
vn 0.95340712 -0.300801593 0.0230925111
vn 0.966349473 -0.254041825 0.0403911663
vn 0.9952921 0.0879543986 0.0407143543
vn 0.999390616 0.0186303086 0.0295179151
vn 0.997519915 0.0665937377 0.0227880138
vn -0.510322051 -0.859963175 -0.00589417203
vn -0.518718542 -0.854943865 -0.00143571813
vn 0.985860511 0.11034981 0.126103021
vn 0.858081831 -0.241410269 0.453229141
vn 0.909950352 0.187234506 0.370045397
vn 0.964366609 0.264171219 -0.0145124533
vn 0.877388384 0.279580194 0.389903244
vn 0.938883358 0.342604586 -0.033468448
vn 0.171284429 0.0683258465 0.982849542
vn 0.0522554999 -0.0556102975 0.997084178
vn -0.00505705251 -0.00462977107 0.999976495
vn 0.000920690626 -0.0111243054 0.999937699
vn -0.0632331965 -0.11522827 0.991324371
vn 0.943424304 0.324895293 0.0662844729
vn 0.934926553 0.349957206 0.0586710681
vn 0.913474588 0.400270742 0.0731266671
vn 0.499869818 -0.866070136 0.00725844526
vn 0.472490321 -0.88115305 -0.0179499146
vn 0.433107938 -0.901295577 0.00915409894
vn 0.959070052 0.282719535 0.0159467922
vn 0.975914434 0.21687137 0.0236183544
vn 0.967508959 0.250579363 0.0337104785
vn 0.134913441 -0.990799539 -0.0107068838
vn 0.0385788714 -0.999101269 -0.0175592061
vn 0.0467259472 -0.998907626 -0.000490068197
vn 0.121180204 -0.99263052 -9.70887753e-05
vn 0.998414809 -0.0561738507 0.00351686143
vn 0.462182737 -0.791645677 0.399605103
vn 0.998953922 0.0450558068 -0.00781261213
vn 0.912532405 -0.300901356 0.277025241
vn 0.239286088 -0.364151248 0.900075573
vn -0.0151990928 0.0331556374 0.999334624
vn -0.0221341276 0.0193751268 0.999567249
vn 0.981502377 -0.191426209 0.00301497036
vn 0.971782292 -0.235229686 0.0174977639
vn 0.956652464 -0.271710444 0.104830805
vn 0.469435585 -0.826855082 0.30974329
vn 0.960872035 -0.27693582 0.00561099154
vn 0.968534213 -0.248736089 -0.00847562662
vn 0.201549483 -0.839613269 0.504407934
vn 0.0343069892 -0.936703212 0.348439555
vn 0.0359636072 -0.820789531 0.570097505
vn 0.468592225 -0.60968436 0.639301422
vn 0.0562796224 -0.433576669 0.89935748
vn 0.0737262342 -0.340280094 0.937429411
vn -0.110093029 -0.937497708 0.330117515
vn -0.0210876121 -0.371555883 0.928171072
vn -0.0443004049 -0.448913038 0.892476643
vn -0.999368407 0.0176391296 0.0308488111
vn 0.964610766 -0.263594137 0.00664835313
vn 0.966696847 -0.255823885 0.0071656652
vn 0.946104681 -0.323827119 0.00468295641
vn 0.146390964 -0.989226804 0.000126574831
vn 0.107044325 -0.994249467 0.0030836772
vn 0.166602025 -0.986015908 0.00404911979
vn 0.876980359 0.47352256 0.0817424884
vn -0.00170799361 -0.0045039378 0.999988399
vn -0.0155567725 0.00449614781 0.999868877
vn 0.178493845 -0.113938474 0.977321836
vn 0.971420137 -0.214060828 0.10257134
vn 0.0227335513 -0.999738905 -0.00230369052
vn 0.107776755 -0.994171732 -0.00259566175
vn 0.0848106676 -0.996379919 -0.00584880673
vn 0.822751352 0.520535083 0.228305586
vn 0.820660333 -0.570485214 0.0326073424
vn 0.776917438 -0.628526822 0.0367876239
vn 0.772417202 -0.634795218 0.0201667655
vn 0.74933461 -0.661831708 0.0218273552
vn 0.99298842 -0.0197883417 0.116543633
vn 0.9831749 0.0228859214 0.181227345
vn 0.922571004 -0.385161453 0.0226582758
vn 0.930521569 -0.364340492 0.0372238407
vn 0.98598385 -0.166068595 0.0160333749
vn 0.975292047 -0.219958979 0.0205784186
vn 0.992069647 -0.124319513 0.0185060562
vn 0.40369589 -0.914828597 -0.0108750064
vn 0.30204777 -0.953243837 -0.0096608087
vn 0.382220311 -0.924007951 -0.0108138813
vn 0.779019874 -0.408892935 0.475325787
vn 0.419271609 -0.248251629 0.873259667
vn 0.820838931 -0.517040802 0.242677271
vn 0.059017725 -0.986615065 0.152011912
vn 0.262209878 -0.959634478 0.101723395
vn 0.193731174 -0.85013176 0.489636828
vn 0.997440283 0.0710066863 -0.00842215107
vn 0.998739794 0.0485678797 -0.0126485155
vn 0.993264609 0.115474453 -0.00954287373
vn 0.033928046 0.457964127 -0.888322996
vn 0.0439891348 0.606153114 -0.794130567
vn -0.0584006616 0.589689611 -0.805515689
vn 0.017892257 -0.372590912 -0.927823194
vn 0.982252153 -0.18753566 0.00332943689
vn 0.834404299 0.325386937 0.444851445
vn 0.879018271 0.428654849 0.208762783
vn 0.420846329 0.202781934 0.884176371
vn 0.72324812 -0.070922738 0.686936767
vn 0.744773544 -0.347843562 0.569488564
vn -0.812211004 -0.0749704554 0.578526331
vn 0.159734672 0.818029359 -0.552551177
vn 0.0702721648 0.732097151 -0.677565926
vn 0.0333680458 0.811066806 -0.584001036
vn 0.0187749647 -0.873000631 -0.487357567
vn 0.0355290673 -0.827832866 -0.559848578
vn 0.0139095388 -0.786044169 -0.618013825
vn 0.98759704 0.155745897 -0.0198822156
vn 0.984330796 0.173773257 -0.0299289083
vn 0.991730469 0.120518022 -0.0441144447
vn 0.0771709931 -0.996878096 -0.0166942804
vn 0.0508979812 -0.998557835 -0.0170776111
vn 0.149139544 -0.988762559 -0.0102955022
vn -0.00483824289 -0.996423146 0.0843653067
vn -0.007136197 -0.994984158 -0.0997777533
vn -0.00887665826 -0.996113502 -0.0876304497
vn 0.908903782 0.417005794 -0.000287981654
vn 0.898082936 0.4398242 -0.00130888053
vn 0.91770974 0.397233598 -0.00378191841
vn -0.0442373909 -0.998759492 0.0228589018
vn 0.678856458 -0.733844746 -0.0250159616
vn 0.685829462 -0.726794991 -0.037509868
vn 0.710716368 -0.70288307 -0.028941905
vn 0.707995415 -0.705999324 -0.0175341613
vn 0.781256562 -0.620561625 0.0673903052
vn 0.812359769 -0.580828843 0.0520524799
vn -0.496746244 -0.865005345 -0.0707737479
vn -0.131699193 -0.504898485 -0.853072589
vn -0.466802257 -0.763282424 -0.446649296
vn 0.409180721 -0.912451861 -0.0016551449
vn 0.344679443 -0.938719669 0.00121009169
vn 0.330220979 -0.943889248 0.00521463189
vn 0.986581476 0.162768406 -0.0127842656
vn 0.994479075 0.104934958 -0.000154417632
vn 0.980503921 0.196461963 -0.00384152772
vn 0.118416706 0.541649903 -0.832221645
vn 0.267217488 0.950445228 -0.158898342
vn -0.141018861 -0.572592298 -0.807621038
vn -0.260847314 -0.96531316 0.0113657935
vn -0.271200995 -0.962332565 0.0191325466
vn -0.208645386 -0.977586004 0.0281550701
vn 0.190167993 0.911105942 -0.365680319
vn 0.0513334344 0.941354583 -0.333491271
vn -0.0391311686 0.909947161 -0.412873972
vn 0.330391699 -0.943604761 0.0212457311
vn 0.352163144 -0.935929908 0.00404065454
vn 0.751543646 0.65965285 0.00634555673
vn -0.762340811 -0.647174118 0.00146568005
vn -0.685736332 -0.72783853 0.00409359314
vn -0.734237628 -0.678891685 -0.00108884002
vn 0.207249231 -0.723884586 -0.658056884
vn -0.533380709 -0.84584341 -0.0073447739
vn -0.557374006 -0.829696424 -0.030627782
vn 0.822952396 0.567972775 0.0125012739
vn 0.557256095 -0.830314626 0.00657765076
vn 0.300525564 -0.953740764 -0.00793347932
vn 0.418855514 -0.908050936 -0.00188545036
vn 0.981445168 0.186906379 -0.0427947211
vn 0.987051593 0.154352363 -0.0436405795
vn 0.989074154 -0.141093102 -0.0427206454
vn 0.988464517 -0.148060731 -0.0318734689
vn 0.997282911 -0.0637435191 -0.0369264133
vn -0.251999432 -0.966261865 -0.0532380928
vn -0.321626352 -0.9456645 -0.0476984544
vn -0.251677653 -0.967807029 0.00281322172
vn 0.923849166 0.381716544 -0.0281992524
vn 0.934716637 0.352056248 -0.0485922458
vn 0.922380792 0.385288855 -0.0276798338
vn 0.902005216 0.429958387 -0.0390176424
vn -0.669786241 -0.667310372 -0.32570425
vn 0.996915875 0.0782378349 -0.00613023321
vn 0.999719614 0.0223153767 -0.00791936541
vn 0.999837372 0.0179079018 -0.00212977406
vn -0.343524691 -0.939031023 0.0145439187
vn 0.735887369 -0.673684295 -0.0679650759
vn 0.717096205 -0.694777462 -0.0552929547
vn 0.705611501 -0.706337732 -0.0565633938
vn 0.90791216 -0.419022192 -0.0107662812
vn 0.912086604 -0.409668219 -0.0164309909
vn 0.924241835 -0.380972 -0.0252461042
vn 0.972558074 -0.230851653 -0.0289535355
vn 0.974941674 -0.20938433 -0.075146094
vn 0.98519028 -0.164525133 -0.0482865704
vn -0.469093642 -0.883033371 -0.0142555704
vn -0.476759557 -0.879014422 0.00582836873
vn -0.470695327 -0.882282571 0.00483467196
vn -0.52184987 -0.852995834 0.00841555123
vn -0.486533946 -0.491379835 -0.722378417
vn 0.986954722 0.160974579 -0.00274980671
vn 0.999904231 -0.00371844045 -0.0133305137
vn 0.996507253 -0.0808389609 -0.0209369727
vn -0.00495979222 -0.977476359 0.210986656
vn -0.00223347577 -0.951042081 0.309053348
vn -0.0159290043 -0.929214536 0.369197256
vn -0.519512298 -0.854452958 0.00413695655
vn -0.567598688 -0.823214028 0.0122635188
vn -0.524398739 -0.851467659 0.00296436157
vn -0.548460998 -0.836172091 0.00260160184
vn -0.479926094 -0.877308297 0.00104715211
vn -0.962316243 -0.270610914 -0.0267802408
vn -0.630507149 -0.776182393 -0.00127614395
vn -0.624830108 -0.780726638 0.0072975045
vn -0.469091713 -0.883134065 0.00521423013
vn -0.532731053 -0.846283777 0.00118055766
vn -0.687426628 -0.72625383 -7.48590846e-05
vn -0.608971667 -0.793190656 -0.00144656607
vn -0.765424233 -0.638713966 -0.0785507073
vn -0.72160631 -0.692301268 -0.00181348098
vn -0.680943693 -0.732286809 -0.00846855104
vn -0.865017244 -0.501739477 0.00163273209
vn -0.811581953 -0.584228326 0.00346368719
vn -0.840656689 -0.541567983 0.000671996186
vn -0.876776731 -0.480781337 0.0105768476
vn -0.150758767 -0.988374456 0.0196908163
vn -0.604860452 -0.796220293 0.0133071142
vn -0.899498354 -0.43672516 0.0131850327
vn -0.853346452 -0.521305884 -0.00632525008
vn -0.852608365 -0.522304246 -0.0160390332
vn -0.719537003 -0.694375943 -0.0104188065
vn 0.682064619 0.723820466 -0.104267869
vn 0.791689502 0.610539526 -0.0216614723
vn 0.745021883 0.665491197 -0.0454297322
vn -0.650327709 -0.759619779 -0.00718767815
vn -0.513172187 -0.858143834 0.0156034085
vn 0.720057929 -0.682998749 -0.122593992
vn 0.597196205 -0.783339794 -0.172439727
vn 0.692773036 -0.720656401 0.0268304294
vn -0.832218571 -0.554323165 -0.0117506825
vn -0.828647137 -0.559768004 -0.00192454114
vn -0.849224173 -0.528025648 -0.00268673036
vn -0.839045965 -0.541045238 -0.0572006959
vn -0.826875262 -0.562252155 -0.012239902
vn -0.723867358 -0.68993815 0.00118210555
vn -0.67695325 -0.736021625 -0.00254250421
vn 0.841312883 0.536744151 -0.0640183568
vn 0.881675517 0.46618358 -0.0729462375
vn 0.886673059 0.451733095 -0.0987324577
vn -0.562539352 -0.826751178 -0.00565395308
vn 0.0395077529 -0.999040899 0.0188791028
vn 0.908149282 0.418646462 -0.000148674365
vn -0.0699284328 0.991969829 0.105384407
vn -0.14959731 0.985657826 0.0780979814
vn -0.137883032 0.98745676 0.0769247423
vn -0.346642495 -0.937997305 0.000189980085
vn -0.0921908875 -0.995510802 0.0214262282
vn -0.0854904522 -0.996141781 0.0198225957
vn 0.298570663 0.906668552 -0.298006202
vn -0.434742302 -0.900487575 0.0110117554
vn -0.377102633 -0.92608345 0.0127690392
vn -0.340603726 -0.93999486 0.0199691097
vn 0.841757821 -0.487401048 -0.23212925
vn 0.908818382 -0.354886667 -0.219327614
vn 0.814171268 -0.520200039 -0.257909027
vn -0.466445463 -0.884532092 -0.00562216856
vn -0.378949712 -0.92541603 -0.00151222677
vn -0.153137427 -0.874323667 -0.460550815
vn -0.289037218 -0.614128107 -0.734373308
vn -0.208835371 -0.977891871 0.0107367234
vn -0.213729233 -0.976892619 -0.000790745115
vn -0.286927777 -0.957919316 0.00793945824
vn -0.206613355 -0.978309022 -0.0149123678
vn -0.123600824 -0.992052616 -0.0235466071
vn -0.152313956 -0.98815101 -0.018921976
vn -0.358765577 -0.933423895 -0.0026632809
vn 0.699845942 -0.714196355 -0.0117993436
vn 0.689962271 -0.723798248 -0.00825596721
vn 0.740164172 -0.67228467 -0.0137957258
vn -0.446327463 -0.894789663 0.0119688926
vn -0.242089994 -0.969927797 0.0251496053
vn -0.265922799 -0.963918126 0.0121206661
vn -0.220699679 -0.975270299 0.0118108578
vn -0.421874084 -0.906560183 0.0130725249
vn -0.0686416172 -0.997609603 -0.00796289508
vn -0.147779055 -0.988959997 -0.0109304815
vn -0.068471458 -0.997620545 -0.00805647182
vn 0.536491892 0.351864899 -0.767051199
vn -0.269245266 0.578962216 -0.769616619
vn -0.154844973 -0.987432163 0.031634768
vn -0.177189176 -0.983885272 0.0239534526
vn -0.211231797 -0.977020434 0.0284991085
vn -0.104149266 -0.994288474 0.0233101228
vn -0.186608226 -0.982312923 0.0154496596
vn -0.0730998593 -0.997300293 0.00696683841
vn -0.116357117 0.937462503 -0.328062612
vn -0.15665107 0.925507828 -0.344812561
vn -0.102104288 0.916575467 -0.386605908
vn -0.314957573 -0.949071632 0.00804767475
vn 0.0618882058 -0.995703966 -0.0688727951
vn -0.253661089 -0.967271369 -0.00649240758
vn -0.205719304 -0.978602782 -0.00402033271
vn 0.814873939 -0.573395477 -0.0848415622
vn -0.354850132 0.48756059 -0.797725551
vn -0.685651611 -0.727768618 -0.0153201584
vn -0.61682398 -0.787086293 -0.00483166926
vn -0.680539038 -0.732666464 -0.00815293884
vn -0.284080627 -0.958610394 0.019086903
vn 0.784801185 -0.618583425 -0.0379690053
vn 0.809917665 -0.583340207 -0.0612174724
vn 0.773679665 -0.630879163 -0.0584059832
vn 0.0248120917 -0.999588891 0.0143669672
vn 0.0986981224 -0.995067269 0.00999048993
vn 0.0607379941 -0.998138973 0.00543011984
vn -0.0312974109 -0.999295051 0.020733359
vn 0.864492955 0.501926465 0.0268654902
vn -0.101860992 -0.994623853 -0.0186474817
vn -0.0486569706 -0.998579781 -0.0217007051
vn -0.923750298 -0.382963605 -0.00492592056
vn -0.314312755 -0.928372128 -0.198324691
vn -0.144536444 -0.933394666 -0.328456412
vn -0.161952531 -0.98256948 -0.0912611306
vn 0.821186874 0.570628417 -0.00594364913
vn 0.870885318 0.491484351 -0.00137690931
vn -0.0141826199 -0.999892998 0.00358416304
vn 0.0627417464 -0.998019631 0.00450433054
vn 0.215486248 -0.969946933 -0.112998337
vn 0.321719076 -0.93824385 -0.127260811
vn 0.240325631 -0.958551456 -0.153044757
vn 0.24588274 -0.969265043 0.00818256756
vn 0.318547328 -0.947886675 0.00620093301
vn 0.300294927 -0.953832089 0.00522519285
vn 0.0827417534 -0.99643057 0.0167308293
vn -0.279144698 -0.960238602 0.00447946113
vn -0.358087944 -0.933685225 0.00221939545
vn -0.291731083 -0.956487022 -0.00505492436
vn -0.0363692026 -0.937210688 0.346862232
vn -0.621181492 -0.783526837 -0.014807048
vn -0.65537031 -0.755083606 -0.0183985081
vn -0.643937321 -0.764908676 -0.0161072702
vn -0.653472526 -0.756849314 0.0123601302
vn -0.692055332 -0.72180981 0.00707218661
vn 0.156297604 -0.987709991 -0.000178437771
vn 0.0831190063 -0.996459585 -0.0126303605
vn 0.136443898 -0.990647172 -0.00111478995
vn 0.0693106384 -0.997546522 -0.00984737997
vn 0.139424336 -0.99013809 0.0136900661
vn 0.0396266556 -0.999136032 0.0125266456
vn -0.670280731 -0.741767421 -0.0224685311
vn -0.376399433 -0.926426907 -0.00752679175
vn -0.193743735 -0.981022188 -0.00767019695
vn -0.231105676 -0.972918359 -0.00447583237
vn -0.246086948 -0.969247188 -0.00104984544
vn -0.311884526 -0.950102791 0.00572097322
vn 0.0540885626 -0.998494113 -0.0091615338
vn -0.0207816252 -0.999735108 -0.00989131113
vn -0.490218485 -0.871581745 -0.00557659582
vn -0.544301868 -0.838863077 -0.0066493772
vn -0.515202551 -0.857043886 -0.00648905021
vn -0.121611622 -0.992573941 0.00275411604
vn -0.0427666644 -0.999066915 0.00602592014
vn -0.111428056 -0.993741329 0.00787149291
vn -0.193059776 -0.981159777 0.00730850644
vn -0.258431234 -0.966025947 0.00267695038
vn -0.324331538 -0.945922632 -0.00627913287
vn -0.253947118 -0.967180164 -0.00856689407
vn -0.575539994 -0.817734408 -0.00800957177
vn -0.580939425 -0.813944103 0.00209340809
vn -0.628929797 -0.777453134 -0.00373294132
vn -0.559507561 -0.828811114 0.0048402028
vn -0.537935045 -0.842982639 -0.00248137983
vn -0.344121066 -0.328708972 -0.87950617
vn -0.39020537 -0.920716621 0.00454666781
vn -0.41457287 -0.910006825 -0.00411258267
vn -0.452763635 -0.891550613 -0.0119413095
vn -0.461522325 -0.887122058 -0.00340566159
vn -0.286427719 -0.958098459 0.00255050165
vn -0.377163562 -0.926146608 -0.000327413161
vn -0.363734693 -0.931500838 -0.00180587929
vn -0.0801163452 -0.996749678 0.0084528629
vn -0.760210025 -0.384089098 -0.523981186
vn 0.258549097 0.00497534183 -0.965985305
vn -0.832884585 -0.249177273 -0.494180083
vn -0.312305923 -0.949968539 0.00497859854
vn -0.77218231 -0.632087347 -0.064807911
vn -0.741246352 -0.669547567 -0.0475384204
vn -0.731605285 -0.6814865 -0.0181619721
vn -0.209176692 -0.97787043 0.00381222479
vn -0.114640353 -0.993404661 -0.00218374962
vn -0.133926483 -0.990989939 -0.00162433233
vn -0.54076551 -0.841158552 -0.00499531501
vn -0.539563873 -0.841849605 -0.0126518594
vn -0.837580308 -0.542432388 -0.0650102458
vn -0.844201303 -0.534219043 -0.0439792479
vn -0.692142626 -0.721165082 -0.0293173808
vn -0.690946738 -0.722233646 -0.0311635225
vn -0.728174242 -0.683667757 -0.0485867401
vn -0.844689107 -0.535251622 -0.00245239216
vn -0.877866145 -0.478905835 -0.000482539442
vn -0.877929012 -0.478774592 -0.00394223842
vn -0.463840536 -0.882332852 -0.0796284776
vn -0.199641557 -0.967611499 0.154503188
vn -0.660966223 -0.750292607 -0.0135888598
vn -0.542028143 -0.840359691 0.00104041744
vn -0.816838855 -0.571217908 0.0805256923
vn -0.613699337 -0.789426071 0.0134015642
vn -0.644255216 -0.764582458 0.0186783601
vn -0.605740365 -0.795568033 0.0122521554
vn -0.50259585 -0.864461135 -0.0102155023
vn 0.0552184211 -0.998344213 0.0161169998
vn 0.0839319238 -0.996450336 0.00649303072
vn 0.0362797892 -0.999180888 0.017925652
vn -0.750707254 -0.65968447 -0.0354262457
vn -0.794219163 -0.607417286 0.0161295248
vn -0.856819116 -0.515408995 0.0146482223
vn -0.831210169 -0.555776532 0.0142162627
vn -0.848521506 -0.529156291 0.00220777438
vn -0.792405049 -0.609992094 0.00197077007
vn -0.487731786 -0.872993366 0.000535710455
vn -0.458079695 -0.888910095 0.00135536104
vn -0.410111398 -0.912035237 0.000606647187
vn 0.667420707 0.31664863 -0.674005375
vn 0.904579251 0.308925534 -0.293770987
vn -0.79225448 -0.609861122 -0.0200561857
vn -0.932117514 -0.361272789 0.0252767279
vn -0.872491785 -0.487913759 0.0264244125
vn -0.908574764 -0.417503668 0.0135123866
vn -0.755458129 -0.655067946 -0.0130000365
vn -0.782983115 -0.622032392 -0.00362574751
vn -0.814631448 -0.579974014 -0.00239721529
vn -0.822360793 -0.568912158 -0.00785386157
vn -0.838683578 -0.544436019 -0.0141165311
vn -0.57833238 -0.814972036 -0.0367727885
vn -0.880565655 -0.473118805 -0.0276174403
vn -0.890310521 -0.454756893 -0.0233097646
vn -0.865889767 -0.499634485 -0.0245008649
vn -0.720833831 -0.693091021 -0.00483989796
vn -0.860129459 -0.509462676 0.0250019137
vn -0.871943173 -0.48907776 0.0227606635
vn -0.890004566 -0.454561553 0.0355762083
vn -0.594397742 -0.804161209 -0.004009325
vn -0.592808285 -0.805250204 -0.0122656528
vn -0.62834247 -0.777850533 0.0115882874
vn -0.642013685 -0.766630718 0.00978621147
vn -0.657449564 -0.753314978 0.0166317658
vn 0.0703020859 -0.997521771 -0.00281674325
vn -0.860274706 -0.509800009 -0.00560196423
vn -0.880226052 -0.474326622 -0.0147089381
vn -0.545883442 -0.837843889 -0.00537451897
vn -0.787498013 -0.614429205 0.0482040565
vn -0.615008046 -0.788485032 -0.00751384915
vn -0.625837115 -0.779952503 0.00141402059
vn -0.321778652 -0.946814869 -0.000322222193
vn -0.640398744 -0.767980305 -0.00978267462
vn -0.699010646 -0.714740493 -0.0230248712
vn -0.682813688 -0.730559597 -0.00693858076
vn -0.585549786 -0.810633404 0.00222086739
vn -0.409133527 -0.912457937 -0.00550191666
vn -0.349476615 -0.936945056 -0.000239661613
vn -0.679871038 -0.733245731 -0.0112280763
vn -0.655823906 -0.754913876 -0.000209292824
vn -0.71708601 -0.696947175 -0.00723119668
vn -0.639583156 -0.768569058 -0.0153293613
vn -0.607377262 -0.794344921 -0.0104406556
vn -0.935420271 -0.350855806 -0.0434640004
vn -0.953392142 -0.298879688 -0.0414047724
vn -0.929256716 -0.366212264 -0.0486881144
vn -0.382064108 -0.924121827 0.00508589207
vn -0.887771486 -0.460135225 -0.0117202553
vn -0.898639407 -0.438585032 -0.00950710858
vn -0.47591452 -0.879490908 -0.00105459527
vn -0.72980919 -0.683650588 0.000647800209
vn -0.42113565 -0.906900697 0.0132623743
vn -0.331648012 -0.943401458 -0.00181277085
vn -0.368635894 -0.929570266 0.00258794471
vn -0.294177772 -0.95574483 0.00335544971
vn -0.293692818 -0.955887896 0.00478103349
vn -0.153082598 -0.111207611 0.981936141
vn -0.235512188 -0.235158471 0.942992313
vn -0.145517313 -0.989355323 -0.000870336121
vn -0.041858525 -0.999123454 0.000432334991
vn -0.116473278 -0.993175039 0.00610881395
vn -0.593145221 -0.805052726 0.00829793017
vn -0.612973024 -0.790092756 0.00418448104
vn -0.56085404 -0.827904917 0.00402417107
vn 0.133465754 -0.990892123 -0.0178799563
vn 0.0108309254 0.798706438 0.601623401
vn -0.00191282474 0.817698475 0.575643592
vn 9.56263945e-05 0.71265577 0.701513895
vn -0.25503109 -0.966929896 -0.00239164498
vn -0.32277836 -0.946474273 -0.000762345992
vn -0.558190096 -0.829681359 0.00725661442
vn -0.586618683 -0.809848719 0.00485512094
vn -0.771450776 -0.636270799 0.00481355336
vn -0.802324171 -0.596821341 0.00895607427
vn -0.723330506 -0.688579058 0.0514962128
vn -0.763834354 -0.643549519 0.0490009917
vn -0.771818835 -0.632532447 0.0647949789
vn -0.0165241156 -0.99984582 -0.00594053295
vn 0.0891659462 -0.996014961 -0.00190566188
vn 0.0469574462 -0.998882374 0.00538536258
vn 0.0715605982 -0.997427106 -0.0042719133
vn 0.0982853728 -0.995157762 0.00100724453
vn 0.154265556 -0.98802942 5.39410087e-05
vn 0.100399241 -0.99492264 0.00699524002
vn -0.153277407 -0.988178142 0.00316160849
vn -0.135098157 -0.990828941 -0.00254903066
vn -0.0618256603 -0.998082849 0.00286592928
vn 0.162647491 -0.986668163 -0.00563286253
vn -0.362461095 -0.931998845 0.00032898257
vn -0.338314729 -0.94103072 0.00208028529
vn 0.479960897 -0.877222508 0.0108723823
vn 0.54261461 -0.839902293 0.0115552465
vn 0.491732775 -0.870672367 0.0113361137
vn -0.809496798 0.464602907 0.358969459
vn -0.794437981 0.498852016 0.346431755
vn -0.268905238 0.115925055 0.95616492
vn -0.00228104268 0.00482299937 0.999985768
vn -0.00161736429 0.00192953989 0.99999683
vn -0.00474414922 -0.00185446853 0.999987027
vn -0.0881660197 -0.996105774 0.000197471892
vn -0.00548340037 -0.999984693 0.000738634173
vn -0.0575246807 -0.998329644 -0.00536959452
vn 0.734778875 -0.677753836 -0.0273814296
vn 0.665486326 -0.742010183 -0.0809248885
vn 0.861348582 -0.508001306 0.00364607725
vn -0.210694733 -0.977548361 -0.00263260519
vn -0.135732695 -0.990745057 -0.00093177828
vn -0.0714989714 -0.997439578 -0.00147851482
vn 0.0127188755 -0.999899017 0.00633916917
vn 0.163553604 -0.986530025 0.00295429963
vn 0.209724427 -0.977749358 0.00467528621
vn 0.153582958 -0.988096549 0.00880252464
vn -0.0573459529 -0.998337862 -0.00574061894
vn -0.0578967399 -0.998319438 -0.00250341703
vn 0.0253353856 -0.999675698 -0.00257240163
vn 0.0155409628 -0.999865655 -0.00521054238
vn 0.0847439788 -0.996389174 0.00520306308
vn -0.216687868 -0.976234487 -0.00354868768
vn -0.13730833 -0.990527347 -0.00141302171
vn -0.230312334 -0.973113565 -0.00249351749
vn -0.419351397 -0.9078231 -0.00127476567
vn -0.424969459 -0.905149827 0.010234743
vn -0.475869398 -0.879511046 0.00293880871
vn 0.137111883 -0.99055405 0.00173343793
vn 0.853878117 -0.520115773 -0.0192806433
vn 0.799706288 -0.59992628 -0.023628608
vn 0.835658419 -0.54921092 -0.00650939464
vn -0.00499551306 -0.0099633024 0.999937887
vn -0.00279955809 -0.00937238688 0.999952159
vn -0.00179679506 -0.00106163843 0.999997822
vn -0.655863411 -0.754849877 -0.00669702417
vn -0.579742923 -0.814703683 -0.0124920289
vn -0.581193355 -0.741993477 0.334155597
vn 0.62105882 -0.774575278 -0.119662362
vn -0.922087753 -0.386830799 -0.0107753847
vn -0.892517565 -0.45094999 -0.00751679318
vn -0.265856801 -0.964009836 -0.00227997459
vn -0.166032844 0.982879901 -0.0798761223
vn -0.0966171863 0.994420792 0.0423368292
vn -0.093889469 0.991019195 -0.095214087
vn -0.138646795 -0.990317056 -0.00701384428
vn -0.116774619 -0.993158145 0.000766398092
vn -0.0809338008 -0.996715871 -0.00268185004
vn -0.000805159588 0.011036808 0.999938768
vn -0.0037599201 -0.0155087665 0.999872662
vn -0.00370244544 -0.0161116338 0.999863344
vn 0.0460873388 -0.998912517 -0.00705276652
vn 0.294527205 -0.9556298 0.00504095775
vn 0.304568313 -0.952441374 0.00967323792
vn 0.253616073 -0.967134146 0.0181777617
vn 0.16538333 -0.986227866 -0.00171794338
vn -0.346842616 -0.937918348 -0.00306144745
vn -0.297988518 -0.95456051 0.0041322559
vn 0.3583312 -0.862207386 0.358046331
vn 0.445946661 -0.830893927 0.332786504
vn 0.141458612 -0.989927875 -0.00568013911
vn 0.226897796 -0.973797074 -0.0153833988
vn -0.0720360079 -0.997399319 -0.00232628345
vn -0.107538914 -0.994190472 -0.00454829635
vn -0.0266222636 -0.999644259 -0.00161597595
vn -0.290416888 -0.927895613 0.233811381
vn -0.521928098 -0.852946401 -0.0085730913
vn -0.467258182 -0.884089364 -0.00746919417
vn 0.911824285 -0.410447249 0.0104655683
vn 0.962668557 -0.27058253 -0.00737187832
vn 0.928443916 -0.371454335 -0.00368404935
vn -0.0161273201 -0.999854675 -0.00552623029
vn -0.460477491 -0.887636755 -0.00784040704
vn -0.432989041 -0.901399177 0.000120989719
vn -0.407118152 -0.913375185 -0.000763134112
vn -0.211124 0.36647602 0.906157814
vn -0.846230512 -0.532682665 0.0119624106
vn -0.807275809 -0.590087825 0.0101057965
vn -0.806072391 -0.591807005 0.00343063472
vn -0.876401977 -0.476624066 0.0689135242
vn -0.933857201 -0.35551705 0.0389660691
vn -0.920646163 -0.387116226 0.0505140638
vn -0.373849575 -0.927347221 -0.0162365714
vn -0.351478736 -0.936139506 -0.0102724603
vn -0.41848335 -0.908179791 -0.00900844702
vn -0.536246667 -0.844001636 0.0100374603
vn -0.521983756 -0.852933545 -0.00610942411
vn 0.533718472 -0.737457049 -0.413886089
vn -0.469795805 0.52857256 -0.707038153
vn -0.230434858 0.503008683 -0.832995823
vn -0.669211462 -0.742598293 0.0265291147
vn -0.686356388 -0.726744086 0.0275307726
vn -0.676031498 -0.736546286 0.0219313036
vn -0.707773212 -0.706088443 0.0222753394
vn -0.0824110426 -0.996380377 -0.020846197
vn -0.134789078 -0.990606978 -0.0230156197
vn -0.16105634 -0.986850565 -0.013668097
vn -0.381841188 -0.789888076 0.479868872
vn -0.160116758 -0.441818589 0.882699812
vn -0.209006999 -0.977778593 -0.0162818337
vn -0.0702843374 -0.997446166 -0.0126987338
vn 0.00237417598 -0.999823062 -0.0186603571
vn -0.116023863 -0.993126233 -0.015451514
vn -0.0508567978 -0.998642177 -0.0112866892
vn -0.150325609 -0.98856193 -0.0121458343
vn -0.559056536 -0.829117466 0.00447404875
vn -0.51068708 -0.859766168 0.000917908607
vn -0.585251408 -0.810851587 -0.000702334844
vn -0.00568524484 -0.0101122649 0.999932708
vn -0.00508524976 -0.00415415521 0.999978441
vn -0.00521739052 -0.00184863251 0.999984681
vn -0.696663044 -0.717396437 0.00171907316
vn -0.948857631 -0.315387528 -0.0141387182
vn -0.914213048 -0.404016772 -0.0313839321
vn -0.924027991 -0.294059709 0.244338208
vn 0.495810515 -0.832362942 0.247676939
vn -0.152638433 -0.669982247 -0.726515862
vn -0.342718836 -0.766859822 -0.542650728
vn -0.27793441 -0.718966552 -0.637055383
vn -0.00280408927 -0.849075859 0.528263497
vn 0.000818192037 -0.925447203 0.378875712
vn -0.00760428077 -0.89032164 0.455268659
vn -0.777819853 -0.628487175 -0.000384816334
vn -0.73683577 -0.676071584 -0.000510433808
vn -0.714727021 -0.699373335 -0.00649803074
vn -0.442026401 -0.89699537 -0.00345941328
vn -0.35094163 -0.936397056 -0.000725283016
vn -0.40204127 -0.915593843 -0.00712255996
vn -0.016900181 -0.836706358 0.547390951
vn -0.0101670903 -0.931121694 0.364566894
vn -0.691443233 -0.722423235 0.00330523838
vn -0.820525473 -0.571609068 0.00101049315
vn -0.765780425 -0.643093958 0.00324068846
vn -0.446165837 -0.894935623 0.00512599484
vn -0.525746167 -0.850627427 0.00489366916
vn -0.483485412 -0.875340685 -0.00453227411
vn -0.838518445 -0.544616943 0.0167093611
vn -0.36973369 -0.929095246 0.00888948523
vn -0.568221668 0.579549515 0.584163073
vn -0.19342362 0.648973667 0.735812804
vn -0.709740687 -0.704442305 0.00540338597
vn -0.659929971 -0.751326381 0.00104991496
vn -0.645371511 -0.763859017 -0.0038749526
vn -0.395937541 -0.917688926 -0.0328709471
vn -0.444303141 -0.886112824 0.131904444
vn -0.329624047 -0.944054486 -0.0104458089
vn -0.397689322 -0.91748068 -0.00850916315
vn -0.354381986 -0.935029543 -0.0115395907
vn -0.442456453 -0.896776183 0.00497645558
vn -0.478360808 -0.87816226 0.00140791813
vn -0.510225097 -0.860040669 0.00063140344
vn -0.729271435 -0.68407007 0.014536638
vn -0.288856666 0.713003373 0.638895935
vn -0.752648086 -0.65842116 0.00156047621
vn -0.972920741 -0.226115069 0.0479291852
vn -0.998739515 0.0145496645 0.0480384015
vn -0.198472046 -0.373963291 0.905958224
vn -0.855009336 -0.518582576 0.00558101213
vn -0.824823979 -0.565342495 0.00729840135
vn -0.86552526 -0.500777676 0.00936718353
vn -0.886922251 -0.461835614 0.00876281979
vn -0.915151984 -0.403108653 0.00051048991
vn -0.898340151 -0.4393003 -0.000468875494
vn -0.998344763 -0.0353523046 0.0453646143
vn -0.997917041 0.0478571354 0.043258222
vn -0.623376621 -0.742074624 0.246428165
vn -0.601099289 -0.779025777 0.178321293
vn -0.543642614 -0.839316575 -0.000628578956
vn -0.576090035 -0.817386242 5.22705205e-05
vn 0.0230062747 0.0469087916 0.998634206
vn -0.191260606 -0.900834534 0.389764703
vn -0.130629367 -0.35715037 0.924867332
vn -0.541667915 -0.840592571 -2.19964052e-05
vn -0.483181401 -0.875518381 0.00181594674
vn -0.642663413 -0.766135367 0.00450954204
vn -0.707504864 -0.706708074 -0.000751694489
vn -0.625039827 -0.780578377 0.00475518659
vn -0.242822261 -0.969969788 -0.0139985491
vn -0.279882173 -0.959872782 -0.0176128404
vn -0.336454864 -0.941500099 -0.0193826766
vn -0.199826317 -0.979649284 -0.0188871023
vn -0.0431221606 -0.998788079 -0.0237245084
vn 0.0303712467 -0.999527884 0.00464710279
vn -0.0505027057 -0.998716063 0.00396262508
vn -0.601523616 -0.798751473 0.0128617015
vn -0.00891815562 0.028209 0.999562264
vn -0.0243276494 -0.362423318 0.931696036
vn -0.00819062903 0.013477262 0.999875631
vn -0.000859922258 -0.00397006012 0.99999175
vn -0.000170655501 -0.0143556765 0.999896937
vn 0.000869997302 -0.0100077771 0.999949542
vn -0.689905671 -0.723899127 0.000466767865
vn -0.643633184 -0.765328654 0.00289415974
vn -0.661200671 -0.750164547 -0.00817463206
vn -0.278966855 -0.96028015 -0.00628713779
vn 0.000248193129 0.0208386911 0.99978282
vn -0.280643376 -0.959757516 -0.0102374629
vn -0.33360691 -0.942707462 -0.00301168857
vn -0.312437427 -0.949741334 -0.0193456166
vn 0.230912069 -0.972963669 -0.00461694302
vn 0.211675811 -0.977336718 -0.00250821287
vn -0.981394736 -0.188542502 0.0362780505
vn -0.977489829 -0.209436351 0.0254960525
vn -0.972288438 -0.231699964 0.0311499635
vn 0.474080169 -0.880480034 0.00170375349
vn 0.353267809 -0.935494285 -0.00723168291
vn 0.370956005 -0.928650081 -0.000817888479
vn -0.00626695256 -0.00456610251 0.999969938
vn 0.00286467962 -0.00335887763 0.999990256
vn -0.00921495593 -0.00332273442 0.999952021
vn 0.0284638054 0.0137113123 0.999500781
vn 0.00826362526 0.0038664695 0.999958381
vn 0.0132287102 0.0175328601 0.999758771
vn -0.0572054152 0.45650256 0.88788116
vn -0.0157984411 0.453392238 0.891171077
vn -0.58931284 -0.807904314 0.00099816873
vn -0.600699642 -0.799468169 0.00325377101
vn -0.00757099803 -0.0108248718 0.999912747
vn -0.000748009036 -0.00764678753 0.999970483
vn -0.0055637096 -0.00791716253 0.999953181
vn -0.632548566 -0.774517345 -0.00227887456
vn -0.580349833 -0.814366652 0.00101408319
vn -0.571087484 -0.820840062 -0.00898215745
vn -0.00288887142 0.00125907121 0.999995035
vn 0.0340079513 0.0277409599 0.999036485
vn -0.337754774 -0.941191811 -0.00892679279
vn -0.989156368 0.117932605 0.0875304531
vn -0.977311767 0.0953038383 0.189153083
vn -0.969638101 0.179659608 0.165904727
vn -0.467563932 -0.883955755 -0.00248837462
vn -0.957593966 -0.28376659 0.0499030901
vn -0.931212295 -0.360738741 0.0520693928
vn 0.0119868142 0.721135574 0.692690263
vn -0.0083757385 0.711182729 0.702957305
vn -0.64775231 -0.76185009 -0.00117686581
vn -0.757130116 -0.653245252 0.00496258916
vn -0.664921123 -0.746896235 0.00509062971
vn -0.925529811 -0.375894099 0.0458060728
vn -0.951855192 -0.304917155 0.0315788317
vn -0.0494989031 -0.518212082 0.853818538
vn -0.228964613 -0.598917852 0.767380357
vn -0.0556988213 -0.443046035 0.894766926
vn -0.447958843 -0.893984373 -0.0111721489
vn 0.00877035364 0.101248006 0.994822558
vn -0.903003723 0.19586922 0.382386617
vn -0.999387068 0.0347812985 -0.00396845938
vn -0.724948029 -0.688799052 0.00249440999
vn -0.385158317 -0.922839201 -0.00456955495
vn -0.506490293 -0.862235224 0.00424290381
vn -0.755938929 0.629099512 0.181080481
vn -0.574863219 -0.818218263 0.00715211176
vn -0.6049101 -0.796279563 0.00475693756
vn -0.634379694 -0.772878688 0.0148639511
vn -0.659001016 -0.751887396 0.0195705168
vn -0.794351133 -0.607098649 0.0209166951
vn -0.790982626 -0.610985416 0.032300267
vn -0.823387442 -0.56645798 0.0340364097
vn -0.703380261 -0.710804477 0.00363371765
vn -0.759357097 -0.650010809 0.0293725828
vn -0.643349257 -0.765351198 0.0184194816
vn -0.692888066 -0.720611006 0.025018116
vn -0.982940508 -0.183465699 -0.0129728549
vn -0.96709182 -0.254409884 -0.0030039073
vn -0.505346575 -0.649180857 0.568497189
vn -0.875727101 -0.481276744 -0.0384023436
vn -0.8606359 -0.509212817 -0.00285566467
vn -0.618722094 -0.785529676 0.011229336
vn -0.231090798 -0.68260117 0.693291198
vn -0.473872162 -0.50780208 0.719431874
vn 0.000395777272 -0.688337328 0.72539063
vn -0.747819982 -0.662691515 0.040065326
vn -0.572349792 -0.82000622 0.00234814273
vn -0.516306908 -0.856402247 0.00153869697
vn -0.399705924 -0.916635553 0.00379967136
vn -0.329981268 -0.943959629 0.00725132543
vn -0.338904802 -0.940816465 0.00281334655
vn -0.369091354 -0.929382669 -0.00440766392
vn -0.742124887 -0.670051065 0.0167994891
vn -0.789245567 -0.613766198 0.0195573166
vn -0.719438555 -0.693563264 0.037123642
vn -0.691739825 -0.72145709 0.0315544297
vn -0.826677903 -0.560439428 0.050112792
vn -0.13933467 -0.293299631 0.945812442
vn -0.491385462 -0.332683973 0.804898566
vn -0.715704411 -0.0152489058 0.698236827
vn -0.0216899097 0.0408574675 0.998929535
vn -0.0621248862 -0.107395814 0.992273469
vn -0.942476802 -0.331157235 0.0455232272
vn -0.918502627 -0.39297769 0.0438344497
vn -0.95831056 -0.281238846 0.0504537632
vn -0.000155752846 -0.98489705 0.173140914
vn 0.0063515822 -0.981158484 0.193100198
vn 0.00587297597 -0.940227992 0.34049498
vn -0.885592588 -0.460033388 0.0639925802
vn -0.052070419 -0.301828907 0.951939065
vn -0.0964239384 -0.161167147 0.982205465
vn -0.340850128 0.827346657 -0.446451229
vn 0.00336170831 0.872100842 -0.489314643
vn 0.0199773263 0.954588653 -0.297256471
vn -0.00573391236 -0.00381724563 0.999976275
vn -0.714985186 -0.697821224 0.042915309
vn -0.720165522 -0.69325895 0.0274526617
vn -0.820370708 -0.570623699 0.037155023
vn -0.87230515 -0.48754106 0.0372483635
vn -0.00242349473 0.000652537114 0.99999685
vn -0.965910415 0.236285852 0.105764198
vn -0.961739771 0.259392428 0.0881599798
vn -0.96830053 0.240394943 0.0678553963
vn -0.00938872159 -0.29788302 0.95455621
vn -0.00926946086 -0.504698056 0.86324617
vn -0.00179770679 -0.416478152 0.909143947
vn -0.00249334565 -0.583902136 0.811820226
vn 0.00172764529 -0.747450877 0.664314836
vn -0.00749459703 -0.652788653 0.757503007
vn -0.14637382 -0.718877788 -0.679550903
vn -0.420848511 -0.451450233 -0.786815873
vn -0.109122356 -0.804840623 -0.583372851
vn 0.771304202 -0.634874999 0.0449840385
vn -0.0157726327 -0.768757529 0.639345826
vn -0.041229608 -0.727106913 0.685285091
vn -0.39072755 -0.920396837 -0.0142001839
vn -0.954219584 0.296324261 0.040705246
vn -0.973656648 0.225671982 0.0326326204
vn -0.976674275 0.213940092 0.0183574905
vn -0.32540367 0.598011018 0.732458377
vn 0.000294132821 0.58362008 0.812026795
vn -0.0175087447 0.645485543 0.763571776
vn 0.00539419699 0.520209422 0.854021698
vn 0.011382561 0.620671485 0.783988103
vn -0.00226661466 0.878130707 0.478415431
vn 0.000115317419 0.166443908 0.986050918
vn -0.69203939 -0.720827407 0.0385918558
vn -0.738920065 -0.67371536 -0.0102348199
vn -0.798251549 -0.602232646 0.0105025813
vn 0.00280012776 -0.235760222 0.971807222
vn -0.965473902 0.250982684 0.0697698914
vn -0.956516629 0.28111593 0.0777802854
vn -0.219677181 -0.975569722 0.00237767629
vn -0.210088345 -0.977682297 0.000462461673
vn 0.0231311771 -0.694309266 -0.719304937
vn 0.00375288624 -0.615449492 -0.788167393
vn -0.000522976966 -0.716364697 -0.697725839
vn -0.920725314 -0.301629121 0.247557609
vn -0.488346563 0.0426259469 0.871608091
vn -0.00752868188 -0.0137523821 0.999877088
vn 0.00635883453 -0.0181342619 0.99981534
vn 0.00298082139 0.356345785 0.934349397
vn 0.00557915379 0.248631858 0.968581991
vn -0.0213670076 -0.634839943 0.772348172
vn 0.00346486057 0.0945242333 0.995516531
vn -0.00917563483 0.221825633 0.975043177
vn -0.0058920664 -0.262583488 0.964891287
vn -0.00745306042 -0.422473052 0.906344842
vn 0.00129710481 0.39625246 0.918140678
vn -0.0179907879 0.28716189 0.957713099
vn -0.00501070953 -0.971982219 0.235000976
vn -0.0973754592 0.757792258 0.645189053
vn -0.0754923989 0.820790729 0.566218577
vn -0.863721724 0.503557516 0.0203620087
vn -0.86977258 0.489000243 0.0661394126
vn -0.822285878 0.567223016 0.0458692099
vn -0.833273862 -0.552840256 0.00472467517
vn -0.98267221 0.126607501 0.13537307
vn -0.606839735 -0.219585249 0.763889949
vn -0.995362478 -0.0288694295 0.0917610723
vn -0.995638951 0.0313277483 0.0878729316
vn -0.667466272 -0.744112223 0.0280316838
vn -0.189269468 -0.981924883 0.000769702348
vn 0.00310801144 0.971469297 0.237144987
vn 0.0728488711 0.982253158 0.17283453
vn -0.0105339074 0.922122713 0.386754107
vn 0.0980497189 -0.0423906968 0.994278272
vn -0.999237191 0.0314990156 0.0230835138
vn -0.9943033 0.10248574 0.0292851614
vn -0.993811058 0.109256271 0.0200660911
vn -0.998523497 0.0475397244 0.0262830897
vn -0.994467271 0.0993384083 0.0341573793
vn 0.821792999 -0.184092156 0.539227544
vn -0.937834469 0.344905734 0.038814226
vn -0.907773056 0.414898634 0.0617025376
vn -0.920352372 0.383135302 0.0784783555
vn -0.527971502 -0.587346323 0.613408828
vn -0.558025406 -0.493736209 0.666957421
vn 0.110583747 0.219050306 0.969426737
vn -0.255504712 0.141151561 0.95644842
vn -0.648566681 -0.758688214 0.06126544
vn 0.250456442 -0.966733872 0.0519344993
vn -0.114151999 0.989117076 -0.0928263501
vn -0.0349244794 0.997022309 -0.0687516919
vn -0.985681444 -0.161475598 0.0485563819
vn -0.977188451 -0.205094446 0.0551271198
vn -0.931807859 -0.362858196 0.00824881897
vn 0.00529779062 -0.145394458 0.989359583
vn -0.751007695 0.660293347 -0.000370335456
vn -0.816484863 0.577157442 0.0155485077
vn -0.991579934 -0.120422093 0.0476209502
vn -0.994676105 -0.0952628158 0.0392993804
vn -0.35155439 -0.332551088 0.875111013
vn -0.196928988 -0.127950625 0.972032721
vn -0.790523598 -0.422460813 0.443395198
vn -0.906406677 -0.421852854 0.0216126135
vn -0.999735924 0.00533447127 0.0223522894
vn -0.998719039 -0.0431927036 0.0263566391
vn -0.900092233 -0.433203266 0.0465714758
vn -0.867768501 -0.495095754 0.0431047938
vn -0.00268362435 -0.081754436 0.99664889
vn 0.0560125279 0.0194412932 0.998240769
vn 0.00720356152 0.00398546357 0.999966112
vn -0.650488885 0.759395784 -0.0135001022
vn -0.984518217 -0.171477931 0.0363207908
vn -0.862860772 -0.505185407 -0.0160932347
vn -0.994277012 -0.106829544 -0.000819499927
vn -0.97838172 -0.194751736 0.069577088
vn -0.860677368 -0.509142772 0.00284696249
vn -0.867490086 -0.497439393 -0.00387306745
vn -0.988110568 -0.125607473 0.0886581568
vn -0.996882899 -0.054869919 0.0566901942
vn -0.19758591 -0.0427337723 0.979353681
vn -0.88391702 0.359195648 0.299448141
vn -0.130813393 0.477128148 0.869043489
vn -0.989323053 0.14573523 -0.00106731695
vn -0.825866356 -0.433615312 0.360447671
vn -0.355329545 -0.218634441 0.908812355
vn -0.876650609 -0.479835449 -0.0352370719
vn -0.820857147 -0.571130032 0.00200775084
vn -0.856684826 -0.515809501 0.00562739848
vn -0.879070978 -0.476532919 0.0122716421
vn -0.862042673 -0.506827115 0.00295056952
vn -0.899615873 -0.43634831 0.0170714201
vn -0.284830662 0.956121641 -0.0685777087
vn -0.251181613 0.965769979 -0.064777662
vn -0.353710065 0.93382199 -0.0535320458
vn -0.586048787 -0.810222121 0.00932388966
vn -0.467807007 0.161199278 0.869005982
vn 0.00970742121 0.00514818036 0.999939629
vn -0.0104036375 -0.00066576129 0.999945659
vn 0.0358026134 0.971675027 0.233593268
vn -0.233222531 0.887006895 0.398529823
vn -0.268895533 -0.963168596 0.00120329338
vn -0.853012384 0.521515187 -0.0197934865
vn -0.834057106 0.551336402 -0.0194143175
vn -0.884550915 0.465768559 -0.0250864016
vn -0.88794786 -0.459900166 0.00635893289
vn -0.946547956 -0.321066247 0.0310391883
vn 0.0289576949 0.0330999501 0.999032455
vn 0.00230712394 0.00300420777 0.999992826
vn 0.000797543716 -0.00933109469 0.999956146
vn 0.00122812053 -0.00520735133 0.999985688
vn -0.109244792 0.013785226 0.993919284
vn -0.0118597432 -0.000106550015 0.999929665
vn -0.0075190178 -0.00107246617 0.999971157
vn -0.0122989582 0.00129586256 0.999923525
vn -0.00883011387 0.00267086202 0.999957447
vn -0.911376837 0.411443004 -0.0103400075
vn -0.906890936 0.421275272 -0.0087163763
vn -0.968167123 -0.244245614 -0.0547403099
vn -0.969808266 -0.24385908 -0.00216259105
vn -0.025447759 0.0823111976 -0.996281726
vn -0.216329671 -0.140729427 -0.966124579
vn -0.986628464 -0.16178537 -0.0197425257
vn -0.902751416 -0.42804837 0.0425966374
vn -0.901764131 -0.428753633 0.0546971168
vn -0.963149494 -0.26578086 0.0412745194
vn 0.0113650809 0.00270075976 0.999931768
vn -0.0167032105 0.998828276 0.0454211195
vn 0.0832345924 0.995474601 0.0458510838
vn -0.890761814 -0.16389311 0.423889655
vn -0.913045319 -0.224542858 0.340483113
vn -0.53859794 -0.107637564 0.835659269
vn -0.496292883 -0.787728883 -0.364933667
vn -0.998846717 0.0379405413 -0.0294236502
vn -0.300434878 -0.471312946 0.829218301
vn -0.0194788767 0.991068021 -0.131927068
vn -0.0520893158 0.998639258 -0.00251699189
vn -0.995441979 -0.095332242 -0.00265146622
vn -0.986397347 -0.163968218 0.0116058948
vn -0.550516194 -0.834740481 0.0118427237
vn -0.834553085 0.223252971 0.503665821
vn -0.444302339 -0.895872423 0.00283426164
vn -0.955662743 0.28959393 0.0533298851
vn -0.987650298 0.155818485 0.0163550922
vn -0.999634478 0.0151276857 0.0224067627
vn -0.00870640251 0.00161596087 0.999960793
vn 0.0308714962 0.00454958921 0.999513007
vn -0.274586999 0.183954679 0.943802234
vn -0.765911308 0.583686202 0.269611361
vn -0.73808482 0.672411891 -0.0556151653
vn 0.0299331145 -0.0189006529 0.999373191
vn -0.00664426583 0.00238094901 0.999975092
vn 0.00120002446 -0.00608942472 0.999980739
vn -0.943142176 0.302620385 0.137490866
vn 0.0297871674 -0.0262857478 0.99921058
vn -0.510973645 0.793562962 0.330399394
vn -0.196328889 0.468716127 0.861254991
vn -0.391579275 0.878573085 0.273450188
vn -0.394467958 0.835613647 0.382288979
vn -0.515048799 0.854628278 0.0658425479
vn -0.399959009 0.914995352 -0.0530687946
vn -0.362786864 0.929020805 -0.0728425419
vn -0.450283734 0.889046166 -0.0827131968
vn -0.476212513 0.871325829 -0.11837627
vn -0.975238453 0.12541805 0.18215453
vn -0.0193342026 0.471429437 0.881691825
vn -0.00438454106 0.00194460304 0.999988497
vn -0.754860442 0.516391325 0.404383125
vn -0.708661064 0.66487215 0.236102776
vn -0.511885293 0.226657846 0.828613099
vn -0.831824498 0.54704389 0.093866857
vn -0.950065028 0.305783533 0.0622324076
vn -0.930760056 0.36019072 0.0628359988
vn -0.0140927748 -0.98703604 0.159878861
vn -0.0190489257 -0.959951846 0.279516712
vn 0.589177235 0.806802354 -0.0440470917
vn 0.583185089 0.812155614 -0.0172745662
vn -0.00277274211 -0.0253268053 0.99967538
vn -0.000961507848 -0.0325907397 0.999468318
vn 0.00475839556 0.00354358482 0.9999824
vn 0.710862429 0.703330805 -0.000621463354
vn 0.726826474 0.686457562 -0.022344859
vn 0.751978481 0.659128014 0.0088670948
vn -9.38781407e-05 0.00165131223 0.999998632
vn 0.00477362118 -0.000401706941 0.999988526
vn 0.00667651875 -0.00945567 0.999933005
vn 0.590602953 -0.806961112 -0.00138410108
vn 0.599529433 -0.800308236 0.00843721034
vn 0.565719445 -0.824593234 0.00274011937
vn -0.0578138872 0.167730296 0.984136221
vn 0.48374744 0.871650474 -0.0788280732
vn 0.411748445 0.857291136 0.309055217
vn 0.49618404 0.776920415 0.387551374
vn -0.469163482 0.882864083 -0.0208959034
vn -0.405724498 0.596209982 0.692763516
vn -0.0734985176 0.708563414 0.701808988
vn -0.694058206 0.716560816 -0.0694536096
vn -0.805136542 0.575792358 0.142191099
vn -0.706399011 0.704832396 0.0648978504
vn 0.253113319 0.912997655 0.319951449
vn 0.113745941 0.20902883 0.971271748
vn 0.0847991027 0.447996639 0.890004564
vn -0.401862036 0.912170616 0.0803222986
vn 0.0859755465 0.905420707 0.415718112
vn 0.0821945203 0.994794265 -0.060236454
vn 0.290249594 0.955977882 -0.0431446772
vn 0.0724479181 0.996776799 -0.0344573977
vn 0.00634714693 -0.0341886879 0.999395241
vn -0.0894595412 0.37561799 0.922446809
vn -0.766050196 -0.642775863 0.00250736011
vn 0.756496022 0.653954901 -0.00753373471
vn 0.827200887 0.561812701 -0.0102558136
vn 0.76197208 0.647464068 -0.0137415365
vn -0.987837155 0.153031053 0.027554516
vn -0.971028936 0.237707942 0.0244487046
vn -0.993593568 0.110982678 0.0213229042
vn 0.031900376 -0.00657065094 0.999469456
vn -0.412300121 0.0750777989 0.907949301
vn 0.0762619281 0.305380896 0.949171548
vn -0.853040128 -0.521837805 -0.0028008675
vn 0.00209636141 0.00838661029 0.999962634
vn -0.162690918 -0.986649234 -0.00741304757
vn 0.121073087 -0.568685437 0.813595834
vn -0.994461668 -0.0901021203 0.0541072908
vn 0.00892700417 0.998342446 0.0568565709
vn 0.144731862 0.98942449 0.00958476264
vn -0.872075716 0.482055385 0.0843003658
vn -0.818316516 0.572382316 0.0523121818
vn -0.834331248 0.546042904 0.0756869579
vn 0.282632906 0.952925174 -0.109782759
vn 0.62750775 0.777340496 -0.0444497036
vn -0.00897021129 0.999308242 -0.0360911753
vn 0.210222143 0.372763225 0.903799883
vn 0.847614755 0.529114082 0.039843635
vn 0.861490419 0.502464653 0.0732361257
vn 0.825015456 0.559189083 0.081590849
vn -0.964655954 0.257474738 -0.0560860925
vn -0.941764676 0.334635279 0.0331440028
vn -0.807266695 0.199411932 0.555477601
vn 0.848389645 0.519544145 0.101532709
vn 0.880698014 0.473374935 0.0169463419
vn 0.885659069 0.462344355 0.0429617452
vn 0.845747485 0.532246495 0.03774731
vn 0.85400394 0.519648022 -0.0253614535
vn 0.778863606 0.626539206 -0.0286374976
vn 0.803363948 0.595280562 0.0157295703
vn -0.474367235 0.877072252 -0.0756306261
vn -0.549851632 0.821559196 -0.150677373
vn -0.717409302 0.695414665 0.0415010391
vn -0.5041945 0.863589056 -0.00135943673
vn -0.293307549 -0.956005507 -0.00491455905
vn 0.892240577 0.451527073 -0.00548226324
vn 0.924114525 0.382084668 -0.00486324793
vn 0.90718978 0.420715512 -0.00227191165
vn 0.453558687 -0.891226403 -0.000128776978
vn 0.560123395 -0.828240683 0.0167078883
vn -0.305794991 0.312715415 0.89927665
vn 0.00249837505 0.413059721 0.910700513
vn -0.575675363 0.436632109 0.691339481
vn -0.939591423 0.342122505 0.0109612979
vn -0.882991704 0.469364086 0.00479630195
vn -0.671606701 0.738790656 0.0559714668
vn -0.89885166 0.436244327 0.0419115761
vn -0.926510053 0.375934252 -0.0158921064
vn -0.97826155 -0.19597612 -0.0678063431
vn -0.931529701 -0.36333002 0.0156113246
vn -0.923778649 -0.382096593 0.0252032051
vn -0.832831366 -0.553113052 0.0213978426
vn -0.965258717 0.260331449 0.0224309202
vn -0.796307571 0.202917119 0.569841114
vn -0.0455849863 0.95971015 0.277269612
vn 0.0238734627 0.995752295 0.0889236999
vn -0.192766788 0.973696787 0.121472356
vn -0.311741993 -0.330009031 0.891016817
vn 0.0121498138 0.67019129 0.742088954
vn -0.0105655176 0.573367354 0.819230277
vn -0.195450101 0.138638863 -0.970864833
vn -0.983501793 0.118794215 0.136426384
vn -0.0556594944 0.554961515 0.83001189
vn -0.839150244 -0.435470286 -0.325871905
vn -0.000719151527 0.980508114 0.196477278
vn 0.0210938514 0.963138098 -0.268179146
vn -0.061842823 0.252071645 0.965730475
vn -0.890449411 0.447162725 0.084530134
vn -0.856700822 0.507980338 0.0895526534
vn -0.0162724943 -0.139906813 0.990030954
vn -0.0272342682 -0.213226532 0.976623131
vn -0.0254640752 -0.774144872 0.632496085
vn -0.423862923 -0.785591686 0.450761494
vn -0.843176561 -0.410420449 0.347287118
vn -0.000855664892 -0.682043062 0.731311513
vn 0.00695608747 -0.785331333 0.619036599
vn -0.85733766 -0.21792144 0.466350064
vn -0.975900928 0.0352228972 0.215352562
vn -0.00512290589 -0.567804952 0.823147188
vn 0.0145062635 0.891226377 0.453326718
vn -0.250241973 0.874129856 0.416264278
vn 0.00559024442 -0.999827486 0.0177129341
vn -0.629507413 -0.775997023 -0.0393578041
vn 0.00502636973 -0.983689047 -0.179807103
vn 0.011292807 0.529381515 0.84830872
vn 0.370629943 0.905553409 0.206413345
vn -0.277467578 -0.938319662 -0.206320031
vn -0.897605668 -0.338907841 -0.281860853
vn 0.105222021 -0.45949895 -0.881923489
vn -0.115959696 -0.3400024 -0.93324794
vn -0.898827005 -0.433063713 -0.0675709647
vn -0.85737961 -0.510544364 -0.0651510329
vn -0.839471957 -0.538334131 -0.0740486033
vn -0.204083764 -0.660370813 0.722675727
vn -0.381645447 -0.88986828 0.249962391
vn -0.707308847 -0.625754483 0.328854865
vn -0.99745797 -0.0409332261 0.0583272546
vn -0.999266847 -0.0119489187 0.0363729522
vn -0.0887082437 -0.993068481 0.0771092742
vn -0.0309169773 -0.998818668 -0.0374887847
vn 0.0170647262 -0.542652042 -0.839784232
vn 0.0138837883 -0.726069094 -0.687481572
vn -0.857624949 0.160446338 -0.488606609
vn -0.44091308 0.81901491 -0.36716513
vn -0.0425982948 0.773265016 -0.632650457
vn -0.0561917542 0.736608068 -0.673981484
vn -0.0187991024 0.901389854 0.432600191
vn 0.0113648472 0.950898938 0.309292821
vn -0.913126782 -0.396998972 0.0926892421
vn -0.565779402 0.676618483 -0.471254811
vn -0.999881206 0.00385612152 -0.0149232983
vn -0.959577679 0.0679060205 -0.273129001
vn -0.766911716 -0.11116318 -0.632051555
vn 0.931392383 0.363935329 -0.00770097345
vn 0.902443387 0.430597074 -0.0134941701
vn 0.915030272 0.403148751 -0.0138089009
vn -0.995184286 -0.0819861985 -0.0537261655
vn -0.510276619 -0.80606136 -0.299804697
vn -0.912426382 -0.408887694 -0.016998591
vn -0.0942196949 -0.953848286 -0.285124703
vn -0.89582135 -0.439423872 -0.0664136229
vn -0.830775871 -0.554250441 -0.0511654355
vn -0.172862993 0.456555961 -0.872739961
vn -0.725846685 0.686096645 -0.0491730038
vn -0.612340239 0.394963754 -0.684867188
vn -0.810631393 0.557811783 -0.178108842
vn -0.836251211 -0.331645663 0.436686463
vn -0.0700619246 -0.482880641 -0.872878922
vn 0.565071434 -0.456930794 -0.686955984
vn 0.18704438 -0.686595519 -0.70256743
vn -0.994284831 0.106588208 0.00605214097
vn -0.0159082057 -0.689487361 -0.724122992
vn -0.0912450076 -0.935530133 -0.34125902
vn -0.742425373 -0.669922513 0.00289698528
vn -0.255555764 0.534466312 -0.805628334
vn 0.00870908905 -0.945730115 -0.324836424
vn 0.0144720408 -0.924962427 -0.379782923
vn 0.0155667045 -0.98602409 -0.165873962
vn -0.999505634 0.0248049309 0.019318443
vn -0.00608416518 -0.992287219 -0.123810573
vn -0.00482292907 -0.954900241 -0.296887639
vn -0.000422202268 -0.969376287 -0.245579796
vn 0.925692734 0.378273985 0.00132484887
vn 0.933918113 0.357225172 -0.0136797126
vn 0.954233768 0.299036256 -0.00390297553
vn -0.0125838082 -0.88505463 -0.465317041
vn -0.0210863224 -0.947554374 -0.31889822
vn 0.000950194323 -0.89865419 -0.438656751
vn -0.133795258 -0.312138667 -0.940568063
vn -0.0395910092 -0.821224521 -0.569230039
vn -0.0523200884 -0.904021537 -0.424273106
vn -0.713731636 -0.699774237 -0.0300527609
vn 0.981920674 0.0939476549 -0.16433389
vn -0.480250949 -0.851266239 0.211435136
vn -0.692563056 -0.720936241 0.024644471
vn -0.929275282 -0.368028129 -0.0316661809
vn -0.0208556408 -0.805530098 -0.592187726
vn -0.941147622 -0.337860064 0.00957763336
vn -0.953318462 -0.301670654 0.0133688944
vn -0.437997642 -0.893331116 0.100586199
vn -0.696273969 -0.499743723 -0.515226912
vn -0.0415834969 -0.977466218 -0.206955566
vn -0.0329884781 -0.992137672 -0.120725312
vn -0.0494148903 -0.947634169 -0.315511727
vn -0.00611739816 -0.794951917 -0.606641597
vn -0.00294083007 -0.00813722896 0.999962568
vn 0.00413157178 -0.191484057 -0.981487028
vn 0.00242750136 -0.0867165919 -0.996230064
vn -0.735466917 -0.649756037 0.192108058
vn -0.730903844 -0.682031901 -0.0247397786
vn -0.744033904 -0.667023935 -0.0386344505
vn -0.149738868 -0.787269688 0.598151075
vn 0.00426062919 -0.00456396319 0.999980508
vn -0.598962086 -0.712148146 0.366182247
vn -0.634642306 -0.754910724 0.16534492
vn 0.0118738908 -0.880770818 0.473393891
vn -0.97671766 -0.208982428 0.0484660509
vn -0.799219279 -0.58481189 -0.138721291
vn -0.993165837 0.037613684 0.110484527
vn -0.294163929 -0.943410028 0.153117934
vn -0.903312603 -0.428982794 0.000320901418
vn -0.680560679 -0.732691684 0.00024231094
vn -0.971166018 -0.161113016 -0.175724673
vn -0.945038891 -0.324258031 0.0419311788
vn -0.723601229 -0.688794049 -0.0443172636
vn -0.661331194 -0.750082926 0.00408112838
vn 0.822450329 0.362764328 -0.438152369
vn -0.762735994 -0.64670917 0.00102618756
vn 0.323913725 0.526588549 -0.78599262
vn 0.524834252 0.188346926 -0.830105079
vn 0.242502514 0.361746037 -0.900184612
vn 0.765398636 0.643518089 -0.00702837023
vn -0.950535313 -0.310352851 0.0127955891
vn 0.867576126 0.497303696 0.000836362556
vn 0.794726887 0.606338945 -0.0276090307
vn -0.764578343 -0.644512474 -0.00486088212
vn -0.485901553 -0.874013536 -0.000142648764
vn 0.00569483879 0.37319928 -0.927733726
vn -0.760580016 -0.645904518 -0.0657677163
vn 0.711428134 -0.657121872 -0.249120163
vn 0.622998651 -0.74683807 -0.232606059
vn -0.331760866 -0.943326601 -0.00834580236
vn 0.910942587 -0.377939729 -0.165363735
vn 0.855397911 -0.46901583 -0.219814844
vn 0.869656205 -0.472426763 -0.143216757
vn -0.919812721 -0.390173776 -0.0413398405
vn -0.901174678 -0.433239399 -0.0137048143
vn -0.951046672 -0.309043143 -0.00160116764
vn 0.892996959 0.447660939 -0.0464339819
vn 0.211745627 -0.0305134593 -0.97684836
vn 0.722006623 0.530902818 -0.443676271
vn -0.159348404 -0.987220303 -0.00203948962
vn 0.84058292 0.536027527 -0.0780694899
vn 0.945556151 0.29962554 -0.127075178
vn -0.210614114 -0.977173659 0.0278089128
vn -0.148666797 -0.988465951 0.028866016
vn -0.0188781104 -0.999820219 0.00177413839
vn -0.026294697 -0.999644347 0.00444626129
vn 0.697423991 0.713932595 -0.0624501911
vn -0.00478061105 -0.194273271 -0.980935799
vn -0.757628585 -0.652637174 -0.00797784189
vn 0.954916986 -0.23962723 -0.175249366
vn 0.907805719 -0.369606003 -0.198192277
vn 0.414503328 -0.104486632 -0.90402961
vn -0.364250255 -0.931247484 0.00999379611
vn -0.847800046 -0.471530697 -0.24268062
vn -0.427362532 -0.904078756 -0.00169364353
vn -0.426976534 -0.904259318 0.00247495556
vn -0.978404331 -0.202430303 -0.0417963735
vn -0.893486389 -0.448995833 -0.00920953011
vn -0.406639797 -0.913574555 -0.00506033707
vn -0.859313384 -0.504879137 -0.0817163639
vn 0.352672246 -0.935728282 0.00590503064
vn 0.290724034 -0.956803439 0.0025913605
vn 0.365510578 -0.930783874 0.00658767693
vn 0.814403572 0.580229208 0.00899379303
vn -0.715638263 0.698468197 0.00201350474
vn 0.585075987 -0.809128233 -0.0547502711
vn 0.618886335 -0.784985595 -0.0278804357
vn -0.755044222 0.655072896 -0.0280664333
vn -0.657624514 0.752447523 0.0367793942
vn -0.822832972 0.568280773 0.00169233236
vn -0.940977883 0.222408789 -0.255137129
vn 0.095324742 -0.989186095 -0.111463283
vn 0.158859004 -0.981331755 -0.108405733
vn 0.0781695052 -0.989626491 -0.120536039
vn -0.882376238 0.371076937 -0.289333856
vn 0.776704072 -0.62532344 -0.0755074904
vn 0.678879359 -0.700014861 -0.221589734
vn 0.58290671 -0.805111091 -0.109617056
vn 0.530380535 0.180520981 -0.828316765
vn 0.734333933 -0.670814852 -0.103735769
vn 0.96898177 0.247125177 -0.00186472306
vn 0.790400159 -0.606527561 -0.0859761959
vn 0.787444231 -0.600597026 -0.138617443
vn -0.900348531 0.405827721 -0.157087181
vn -0.752723041 0.559278884 -0.347296924
vn 0.866268966 -0.471807311 -0.164243538
vn 0.812761183 -0.569003288 -0.125118013
vn -0.499657396 0.864566967 0.0535391956
vn -0.481967744 0.874742029 0.0503336576
vn -0.429020172 0.899901061 0.0782289698
vn -0.415754868 0.909112332 0.0257421416
vn -0.388481161 0.420303703 -0.820016576
vn -0.559756515 0.82513515 -0.0763192467
vn -0.668573299 0.730560278 -0.138893572
vn 0.0974816466 -0.0820654442 -0.991848069
vn 0.473884445 -0.872593917 -0.11837816
vn 0.345869816 -0.927207904 -0.143734384
vn -0.34516042 0.93707927 0.0524092088
vn 0.339635876 -0.921263827 -0.189526866
vn 0.469424139 -0.873936575 -0.125999366
vn 0.491140802 -0.860352582 -0.136287002
vn 0.144949913 -0.727950744 -0.670132253
vn -0.127948772 0.620673763 -0.773558784
vn -0.249554996 -0.770474987 -0.586592361
vn -0.28266025 0.672915078 -0.683585021
vn -0.613399127 0.789667859 -0.0128912065
vn -0.818793654 -0.570329743 -0.0655815238
vn -0.748206265 -0.663233293 -0.0175779412
vn -0.739812317 -0.671848615 -0.0360163018
vn -0.154958458 0.98739476 0.0322407345
vn -0.113556291 0.990051941 0.083079019
vn -0.0738769323 0.996982462 0.023836309
vn 0.416909605 -0.903281867 -0.101332378
vn 0.501049686 -0.830329636 -0.243930129
vn 0.377416408 -0.910017369 -0.171537877
vn 0.598158966 -0.774782826 -0.204737452
vn 0.912944609 -0.407406986 0.0234880393
vn 0.931304856 -0.362942454 0.0307252441
vn 0.917479174 -0.396981899 0.0252455306
vn -0.235946545 0.971763402 0.00226264248
vn -0.282262219 0.95614942 0.0781429902
vn 0.17252436 0.910438887 -0.375947308
vn -0.099369755 0.99223718 -0.0747731896
vn 0.139953282 -0.893081906 -0.427571969
vn 0.861972745 -0.0660510375 -0.502633314
vn 0.592673318 0.257778792 -0.763078261
vn 0.91478818 0.403631825 -0.0156184435
vn 0.940456003 0.339843059 -0.0070144332
vn 0.983998307 0.178148204 -0.00324798275
vn 0.990008981 0.140866425 -0.00623438497
vn 0.994381496 0.105827313 -0.00245347782
vn -0.608404619 -0.79307041 -0.0297177536
vn -0.684669168 -0.7285824 -0.0198951631
vn -0.646275667 -0.762972463 -0.0141698148
vn 0.791791821 -0.553596735 -0.258062721
vn 0.746352481 -0.623646831 -0.232427633
vn 0.796107781 -0.564335534 -0.218489829
vn 0.209434714 -0.965576614 -0.15426893
vn 0.288814941 -0.95097526 -0.110598307
vn 0.979607476 -0.0483342628 -0.195020492
vn 0.914204294 -0.351577838 -0.201552802
vn 0.965103367 -0.162769421 -0.205138019
vn 0.831925993 -0.524147314 0.182122857
vn -0.851190452 -0.500668787 -0.157497875
vn 0.521159334 -0.838149249 -0.160930991
vn -0.656132047 -0.753631843 -0.0391124219
vn -0.272063545 0.944712415 -0.183029728
vn -0.224896576 0.728431036 -0.647155125
vn 0.159009873 -0.741168774 -0.652215232
vn -0.505206636 -0.843580777 -0.182037709
vn -0.432076112 -0.900192658 -0.0544372288
vn -0.505885481 -0.858603982 -0.0829402315
vn 0.976266265 -0.21566654 -0.0198021286
vn 0.959939813 -0.279217152 -0.0235231137
vn 0.957696604 -0.285901194 -0.0328286791
vn 0.584287218 -0.0121570438 -0.811455885
vn 0.917226098 -0.0604552151 -0.393753034
vn -0.234576166 0.969053541 0.0768716911
vn 0.932390382 0.214059472 -0.291250267
vn 0.907121315 -0.0108945962 -0.420728212
vn -0.275368793 -0.22635312 -0.934310598
vn -0.906475094 0.421079833 0.0315385069
vn -0.93068162 0.365430342 0.0170993191
vn -0.493985513 -0.862605438 -0.109042063
vn 0.0784389303 -0.982169859 -0.170849942
vn -0.0358715542 -0.991835158 -0.122377495
vn 0.0302205703 -0.995976394 -0.0843666982
vn 0.886212862 0.463209864 -0.00796143357
vn 0.847919375 0.530110146 0.00399588974
vn 0.886266739 0.463171014 0.00196958686
vn 0.382865939 -0.914899222 -0.12795736
vn 0.158490188 -0.971432533 -0.17663435
vn 0.86507764 0.501635324 -0.00163673337
vn 0.905605299 0.42412145 -0.00019402791
vn 0.941655583 -0.301649942 -0.149305309
vn 0.00220378484 -0.969685784 -0.244345296
vn 0.477779313 -0.875652084 -0.0704297991
vn 0.425731225 -0.900509035 -0.0885234602
vn 0.878369701 0.469845899 -0.0878151422
vn 0.908760302 0.408776345 -0.0840036569
vn 0.911631977 0.403432664 -0.0785444055
vn 0.903591353 -0.425933953 0.045857761
vn 0.797281728 0.0545916743 -0.601133592
vn 0.993010753 -0.0716116263 0.0938158765
vn 0.264178906 -0.960863644 -0.0833700389
vn 0.189710182 -0.958347424 -0.213495342
vn 0.613913035 -0.742906428 -0.266834827
vn 0.550838112 -0.8318809 -0.0674651138
vn 0.10344279 0.993972396 0.0363106799
vn 0.0149820339 0.99983687 -0.0100881989
vn 0.0293511327 0.996829838 0.0739512349
vn 0.103126806 0.992958834 -0.0582890704
vn 0.850614733 0.522857264 -0.0554513888
vn 0.810142078 0.583954463 -0.0516429922
vn 0.874335051 0.48424029 -0.0323969031
vn -0.26106691 0.960031704 0.100911817
vn 0.254193264 0.965598626 0.0548185983
vn 0.323736073 -0.584472614 0.744034085
vn 0.648157553 -0.74391214 0.162746779
vn 0.115253072 -0.97285427 -0.200677099
vn 0.0309486184 -0.982338787 -0.184533712
vn 0.798734948 -0.577307769 -0.169523517
vn -0.911448228 0.4113986 -0.00364964697
vn -0.0398818678 0.996493258 0.0735569458
vn -0.0603727208 0.994179325 0.0892334314
vn -0.661090695 -0.744261857 -0.0950440949
vn -0.484502231 -0.856186717 -0.17944886
vn 0.969355854 0.245279469 -0.0136824956
vn 0.975444473 0.219162971 -0.0218099375
vn 0.9816619 0.190409692 -0.00916855404
vn 0.816133112 0.526462411 -0.23825212
vn 0.105025248 0.908767183 -0.403871149
vn 0.845670494 0.533684631 0.00470428725
vn 0.923509806 0.378846286 -0.0600427319
vn 0.935594044 0.344388343 -0.0778489196
vn 0.946380117 0.319369332 -0.0486611173
vn 0.861212064 0.504157485 -0.0643351497
vn -0.265569543 0.881769271 -0.389815047
vn -0.309053664 0.863354465 -0.398879557
vn -0.285639592 0.906833432 -0.30994056
vn 0.886668034 0.462365717 -0.00614344327
vn 0.999847685 -0.0173174536 0.00217069022
vn 0.997354972 -0.0724082635 0.0063326889
vn -0.863172073 -0.503407115 -0.0389261971
vn -0.822250568 -0.568905325 -0.0158346339
vn -0.0067805507 0.394822154 -0.918732546
vn 0.0603364619 0.293277295 -0.954121554
vn 0.590753297 -0.806703238 0.0155057361
vn 0.633967881 -0.773024621 0.0227521579
vn 0.607605874 -0.794037908 0.0178578492
vn 0.640733193 -0.767436205 0.0224197594
vn -0.974163937 0.124272322 -0.188576284
vn 0.842773319 0.538268576 -0.000268872315
vn 0.943115608 0.332413189 -0.00586702448
vn 0.966159843 0.257889332 -0.00531505572
vn 0.940329304 0.340261555 -0.0016951355
vn 0.98873735 0.149581869 -0.00486996422
vn 0.98942435 0.144927129 -0.0059651056
vn 0.977413732 0.211274104 -0.00506445712
vn 0.755558145 0.654939221 0.0136567801
vn 0.0167562542 0.0339099732 -0.999284415
vn 0.724626453 0.675389318 -0.136988223
vn -0.554694905 -0.831826866 -0.0194326497
vn -0.469664598 -0.880218185 -0.0680522785
vn -0.46090626 -0.886730358 -0.0357028173
vn 0.270994891 0.962256746 0.0249744402
vn 0.167586634 0.985370225 0.030987745
vn 0.167805282 0.985433894 0.0275939909
vn -0.0931614166 -0.977192925 -0.190826984
vn -0.231756593 -0.951184175 -0.203807623
vn -0.37463889 -0.925650385 -0.0530760467
vn -0.397643114 -0.916669082 -0.0399718451
vn -0.309766627 -0.948494005 -0.066360822
vn -0.478135341 -0.878007241 -0.0221332488
vn -0.371970271 -0.926634023 -0.0546580787
vn -0.476779799 -0.876759377 -0.0630398106
vn 0.949287488 0.314168255 -0.0123114905
vn 0.894660254 0.446745099 0.00135847513
vn 0.90141464 0.43293583 -0.00426773134
vn 0.893789874 0.448438524 -0.00652312683
vn 0.869337772 0.494143307 -0.00861575553
vn 0.885445198 0.464497978 -0.0151138703
vn 0.837080216 0.54644924 -0.0262667296
vn -0.0889506407 -0.988305849 -0.12385206
vn -0.129632737 -0.977385761 -0.16707013
vn -0.031493153 -0.980311969 -0.194927227
vn 0.25329419 0.964261847 -0.0777247955
vn 0.188942697 0.981734776 -0.0223044019
vn -0.196710425 0.977548117 0.0755293804
vn -0.48359674 0.875055596 -0.0202952447
vn 0.84644208 -0.528102949 -0.0681401545
vn 0.8750085 -0.479461505 -0.0669088124
vn 0.844252596 -0.531053751 -0.0722458882
vn -0.398724125 0.916783131 0.0229730804
vn -0.540021989 0.841209304 0.0272609076
vn -0.277772969 0.960156499 0.0306867327
vn 0.532858981 0.84389866 0.062420807
vn 0.359118549 0.931333856 0.060424471
vn 0.114646349 0.986869906 0.113771716
vn 0.117932691 0.991776131 0.0497190738
vn -0.815210018 -0.350762891 -0.460866599
vn 0.29256886 -0.147446096 -0.944808505
vn -0.262838309 -0.963919793 -0.0421266622
vn -0.691167787 -0.523859765 -0.497853429
vn -0.839479183 -0.524100979 -0.143502145
vn -0.768774518 -0.63932702 -0.0157067392
vn 0.995986439 -0.0886096945 -0.0126227781
vn 0.848424523 -0.148317878 0.508111834
vn -0.00371578082 -0.187785052 0.982203119
vn -0.0125411029 -0.333702363 0.942595063
vn 0.82691345 0.555569623 -0.0869283573
vn -0.736454972 -0.67036334 -0.0908133592
vn -0.564389921 -0.820575862 -0.0901070017
vn -0.595264756 -0.787025424 -0.162021149
vn -0.625979988 -0.773782072 -0.0970070073
vn -0.558858456 -0.826224471 -0.0709249583
vn -0.281599386 -0.958329425 -0.0480260182
vn -0.227074568 -0.973421906 -0.0297814357
vn 0.99721535 0.0745317935 -0.00256070747
vn 0.00918787312 0.0210999572 -0.999735152
vn 0.0679686622 0.0964786332 -0.993011649
vn 0.0363278113 0.163638985 -0.985851192
vn -0.427589548 -0.414820128 -0.803175846
vn 0.743113018 0.085880747 -0.663632081
vn -0.907747532 -0.419147459 -0.0176018712
vn 0.920699417 -0.145754799 -0.362033317
vn 0.987462115 -0.154548501 -0.0321454813
vn 0.997023653 -0.0750946633 -0.0174535735
vn 0.996099403 -0.0881177387 0.00460898852
vn 0.997156151 0.074850393 -0.00877667873
vn 0.999835161 -0.016655139 -0.00722896397
vn 0.995929326 0.0884627696 -0.01729497
vn 0.960759116 0.276221366 -0.0253708087
vn 0.941973031 0.334583698 -0.0272131819
vn 0.980645023 0.195745938 -0.0043435279
vn 0.922114843 -0.310175511 -0.23129066
vn 0.91369093 -0.397365398 -0.0852620976
vn 0.896700955 -0.318724526 -0.307151549
vn 0.939378945 -0.341176656 -0.0341421505
vn 0.997445295 -0.0714343325 0.000137887104
vn 0.98972796 -0.142730641 -0.00815650355
vn -0.765940796 -0.455509339 -0.453702478
vn 0.958943636 -0.282131008 -0.0287957929
vn -0.943054394 0.138921097 -0.302240532
vn -0.895838013 0.0509994937 -0.441444567
vn -0.99758021 -0.054252038 -0.0434792027
vn -0.983825829 -0.126899649 -0.126424752
vn 0.518703041 0.190239727 -0.833520247
vn 0.980150042 0.197868121 -0.012413785
vn 0.8889632 0.456355142 -0.0385280856
vn 0.912091748 0.409983121 -0.00157606272
vn 0.898187035 0.4396077 0.00226292906
vn -0.611958369 -0.572393073 -0.545777541
vn -0.771143826 -0.629888991 -0.0926124118
vn -0.27832929 0.466377953 -0.839657318
vn 0.946485331 0.316577745 -0.0628016723
vn -0.0217799918 0.120607745 -0.992461286
vn 0.00841630034 0.256439699 -0.966523588
vn -0.199497291 0.276356233 -0.940121303
vn 0.884993367 0.465603246 -0.000598639574
vn 0.916951263 0.398977375 -0.00417556331
vn 0.919975854 0.391931018 -0.00587406237
vn 0.956095143 -0.286726474 -0.0605805874
vn 0.137593043 0.417432128 -0.898230802
vn 0.0862723636 -0.289848398 -0.953176261
vn -0.415144679 0.484899995 -0.769757683
vn 0.940665796 0.339320877 -0.00303368808
vn 0.990836682 -0.134865654 0.00734334255
vn 0.978335916 -0.206577477 0.013586077
vn 0.988351149 -0.152171475 0.00241853272
vn 0.992406118 -0.122389858 -0.0122808755
vn 0.998224451 -0.0589290993 -0.00867799895
vn 0.999304462 -0.0367502037 -0.00632569034
vn 0.99909409 -0.0263695382 -0.0334013096
vn 0.986618147 0.163036075 -0.00196752157
vn 0.978364807 0.206882374 -0.00140981443
vn 0.965529947 -0.25582933 -0.0479924496
vn 0.956031021 -0.287580549 -0.0574640256
vn 0.978276426 -0.200683457 -0.0519748507
vn 0.996040042 0.0888023863 -0.00428615174
vn 0.00646430552 0.741121989 -0.671339266
vn -0.0175978318 0.82750224 -0.561186564
vn -0.0195270931 0.88623222 -0.462829499
vn 0.942000319 0.3356075 -0.0017336204
vn 0.993399647 0.111830895 -0.0255145324
vn 0.998436481 0.0500294977 -0.0249327764
vn 0.999855881 0.0155591399 -0.00679200367
vn 0.999991729 0.00388118572 0.00121562794
vn 0.995329614 0.0964101024 -0.00490429604
vn 0.99913332 0.041275265 -0.00538159455
vn 0.993122459 0.116333466 -0.013202526
vn 0.990466344 -0.130518314 -0.0440612132
vn 0.997791972 -0.053856266 -0.0388675005
vn 0.996466776 -0.0800061082 -0.0255536059
vn 0.976562923 0.210410717 -0.0453010849
vn 0.990520819 0.129206388 -0.0466285046
vn 0.975679973 0.216707507 0.0329612944
vn 0.310507692 -0.89377659 -0.323648544
vn 0.632149437 -0.697551221 -0.337356464
vn 0.654107783 -0.45717439 -0.602606492
vn 0.813055778 -0.579933371 -0.0511623675
vn 0.837382711 -0.495242088 -0.23135572
vn 0.794115449 -0.602563918 -0.079356018
vn 0.75268203 -0.654340122 -0.0728612826
vn 0.988557701 -0.149982002 -0.0160956799
vn 0.988751798 -0.149070693 -0.012157711
vn 0.997418901 0.0424393839 -0.057917482
vn 0.995663143 0.0721633358 -0.0587142054
vn 0.977918861 0.2084749 -0.0145917098
vn 0.986234332 0.165130654 -0.00858543967
vn 0.0646581059 0.239233809 -0.968806747
vn 0.169867989 0.0821095899 -0.982040163
vn 0.659090474 0.186944164 -0.728458391
vn 0.96361624 0.26716181 -0.00826496155
vn -0.297823426 -0.134433238 -0.945107883
vn 0.255789205 -0.175283253 -0.950709032
vn 0.902201587 -0.4313146 -0.000109815583
vn 0.908589846 -0.417624815 -0.00734887859
vn 0.894274458 -0.447518905 0.000149904185
vn -0.000486770127 0.348631094 0.937259902
vn 0.378274147 0.484573328 0.788731488
vn -0.00372078561 0.504831947 0.863209628
vn 0.99970889 -0.000130095891 -0.0241271462
vn 0.911761061 -0.252066322 -0.324275094
vn 0.742083587 -0.666592534 -0.070472293
vn 0.994666467 -0.102479814 -0.0116835899
vn 0.989786782 -0.140405712 -0.0246649877
vn -0.963022395 -0.13470717 -0.233327765
vn 0.995528736 -0.0940351591 -0.00894006753
vn 0.988253304 -0.152595298 0.00837147341
vn 0.992221973 -0.115098461 -0.0474120363
vn 0.998608449 -0.0162275349 -0.0501780037
vn 0.999206517 0.0140219717 -0.0372789561
vn 0.911585718 0.411107263 0.00151564038
vn 0.96987686 0.239113299 -0.0465156624
vn 0.957044867 0.284103062 -0.0578841316
vn 0.969218922 0.246198967 0.000865492351
vn 0.964622094 0.263387292 -0.0114608325
vn 0.99686795 0.0641744843 -0.0462160773
vn 0.987223273 0.153668996 -0.0421432004
vn 0.996401521 0.0779296052 -0.0333314541
vn 0.992665786 0.117694861 -0.0276144289
vn 0.979743091 0.196780309 -0.0371616203
vn 0.967606293 0.249620089 -0.0377872156
vn 0.996073436 0.0778750613 -0.0421092034
vn 0.985274905 -0.170039721 -0.0178845039
vn 0.988253467 -0.152566497 -0.00886276848
vn 0.881029658 -0.0281977181 -0.472219896
vn 0.866640697 0.495004036 -0.0624892496
vn 0.800653985 0.595281291 -0.0677744871
vn 0.855469289 0.512224956 -0.0761438803
vn 0.945766096 -0.322381554 0.0399578027
vn 0.953700993 -0.300398017 0.0146781233
vn 0.967635003 -0.24987394 0.0352918548
vn 0.982897312 0.182061016 -0.0276886447
vn 0.846119565 0.532970159 -0.00494884593
vn 0.848288184 0.529472518 0.00812459112
vn 0.978305964 0.205433454 -0.0267308018
vn -0.223793115 0.793531065 -0.565884344
vn -0.142975616 0.92831499 -0.343204388
vn -0.163629885 0.97579812 -0.145063055
vn -0.946824279 0.320756957 0.0252736851
vn 0.126120424 0.120037667 -0.984725646
vn -0.8042028 -0.594048208 -0.0190940661
vn -0.743923851 -0.668220077 -0.00769631719
vn 0.0804147084 0.877853385 -0.472130182
vn 0.96248731 0.266810173 -0.0493002102
vn 0.960045159 0.278425757 -0.0281494516
vn 0.994889321 0.0995751379 -0.0167341029
vn 0.939581931 0.340378309 -0.0364472319
vn 0.950811909 0.309672778 -0.0077125699
vn 0.874477811 0.17084501 0.453982975
vn -0.230210277 -0.968888421 -0.0908760435
vn 0.811399316 0.582101336 -0.0528127348
vn 0.782688858 0.621648595 -0.0308411404
vn 0.925116829 0.379679532 0.00151852708
vn 0.91520548 0.402857545 -0.0102336485
vn 0.93297383 0.359868083 -0.00740242111
vn 0.774347483 0.632700615 0.00871250212
vn 0.815239013 0.579076255 -0.00748606675
vn 0.753124743 0.657831499 -0.00780003908
vn 0.771995688 0.633522827 -0.0516864144
vn 0.78366079 0.620617042 -0.0266505754
vn 0.864705631 0.502257261 -0.00467065287
vn 0.810226549 0.58557369 -0.0252268358
vn 0.84423869 0.535909014 -0.0079096557
vn 0.998500711 -0.0106377872 -0.0536951421
vn 0.636215906 0.402031676 -0.658482993
vn 0.90970795 0.415240087 0.00266753247
vn 0.922871256 0.385095849 0.00313557931
vn 0.907305526 0.420462431 0.00283317162
vn 0.685330546 0.728209619 0.00572657564
vn 0.769104672 0.638445933 0.0294073607
vn 0.870406726 0.492227398 -0.0102136792
vn 0.871902083 0.489650071 -0.00543737401
vn 0.935972932 0.35195189 -0.00919449069
vn 0.948914417 0.315513388 -0.00356813649
vn 0.00587587991 0.999971056 -0.00483337817
vn 0.0779761836 0.99634694 0.0348208204
vn 0.0556104753 0.986549724 0.153711149
vn 0.886882538 0.461954933 0.00608299449
vn 0.0320031521 -0.733630504 -0.67879458
vn 0.0077433617 0.945722857 0.324882005
vn -0.00752687269 0.891906006 0.452158184
vn 0.00794829205 0.838487584 0.544862732
vn 0.00936295193 0.537020738 0.843517079
vn 0.74033181 0.379130226 0.555129789
vn 0.0990127981 0.412945427 0.905357686
vn 0.883044629 0.469289019 3.02210195e-05
vn 0.869549856 0.493505279 0.0183190269
vn 0.891972239 0.45208983 -0.000558026534
vn -0.382717822 -0.916107115 -0.119477285
vn -0.282204181 -0.943118022 -0.175753226
vn 0.969887808 0.239250769 0.0455709296
vn 0.977767463 0.207910931 0.0272732894
vn 0.96442902 0.264274838 -0.00595616065
vn 0.682631537 0.729136699 -0.0487222518
vn -0.977171659 0.194570063 0.0853114292
vn 0.999806057 0.0135698132 0.0142726313
vn 0.930599309 0.366039449 0.000218575943
vn 0.931704931 0.363030145 0.0116204354
vn 0.924640189 0.380818523 0.00421576198
vn 0.942848193 0.332754981 0.0176467698
vn 0.910155007 0.413988009 0.0152246907
vn 0.890662965 0.445779195 0.0894449059
vn 0.921723589 0.381941291 0.067427553
vn 0.918038435 0.39348953 0.0486972406
vn -0.00727540663 -0.619348107 0.785082792
vn 0.00218480269 -0.479025414 0.877798313
vn -0.0166078304 -0.648402329 0.761116679
vn 0.0593452864 0.929173115 0.364849913
vn 0.0361550367 0.97643496 0.212761797
vn 0.00921657078 0.0897233616 0.99592408
vn -0.00239782672 0.020920527 0.999778266
vn -0.00655450872 0.200203487 0.979732414
vn 0.934827085 0.354945997 0.0105669585
vn 0.943621887 0.32995991 0.0265366192
vn 0.932636839 0.360647416 0.0110438843
vn 0.908072772 0.415157402 -0.0552102601
vn -0.00121376001 0.94442016 -0.328738631
vn 0.0429988573 0.979249457 -0.19804444
vn 0.0837418398 0.933595368 -0.348406361
vn 0.780439428 0.625099951 -0.0128199093
vn 0.867731709 0.497032498 -0.00061345678
vn 0.90251555 0.427206531 0.0544082954
vn 0.921295634 0.387490981 0.0326357849
vn 0.0295201761 0.931725781 0.361960811
vn -0.0107204498 0.915725055 0.401662414
vn -0.00922881968 0.910243574 0.413970368
vn -0.144999305 0.963343059 0.225710771
vn 0.998209879 0.0337602331 0.0493688616
vn 0.998545052 -0.0347364366 0.0412451019
vn 0.979349461 0.200309943 0.0273963527
vn 0.964476937 0.26250301 0.0296041719
vn 0.959177905 0.281729809 0.0246183049
vn 0.966242949 0.256729837 0.021548877
vn 0.169195903 0.965284654 0.198993176
vn 0.971355425 0.22697126 0.0703753209
vn 0.987371981 0.148414705 -0.0554043915
vn 0.0194518429 -0.704972153 0.708968187
vn 0.00533382266 -0.770417144 0.637517823
vn -0.00919319185 -0.677250405 0.735695164
vn 0.833422765 0.552307683 0.0190451706
vn 0.986871192 0.160946958 -0.0134657906
vn 0.914100912 0.403945395 0.0353219581
vn 0.00936805752 -0.0700556867 0.997499093
vn 0.383585995 0.920521634 -0.0741734843
vn 0.937593236 0.346745914 0.0261953179
vn 0.752495748 0.658540073 0.00866730454
vn 0.844546517 0.528717228 0.0848485317
vn 0.629515478 0.776736057 -0.0197828563
vn 0.681738896 0.717761285 0.1416009
vn 0.594730899 0.69398168 0.405813486
vn -0.0135703414 -0.00901787233 0.999867253
vn 0.0245006163 -0.00139211894 0.999698846
vn 0.0299731343 -0.0122353499 0.999475816
vn 0.922303005 0.386466451 0.000922071761
vn 0.797540435 0.603228509 0.00667982811
vn -0.344131591 0.929849691 0.130203689
vn 0.818239133 0.574828541 0.00754119994
vn 0.878219881 0.47825525 -0.00132512125
vn 0.794622961 0.60660709 0.0245395221
vn -0.025200563 0.979694938 0.198903897
vn 0.57645796 0.817068849 0.00973223633
vn 0.27441652 0.939479108 -0.205120889
vn 0.573385029 0.817174659 -0.058780823
vn 0.445805065 0.895061739 -0.011060189
vn 0.994774986 -0.102087644 0.000916390528
vn 0.994886036 -0.10030907 0.0118265123
vn 0.986487684 -0.163333465 0.0128151926
vn 0.885590689 0.455393885 0.0913539383
vn 0.943958939 0.327916697 0.0375787419
vn 0.108309588 0.994062562 -0.0104238336
vn 0.989924899 0.131197398 0.0532535083
vn 0.998182773 0.0572540604 0.018791596
vn 0.999946957 0.00399572556 0.00949303053
vn 0.866539188 0.499106233 0.00167431239
vn 0.93955269 0.342403367 0.000823189036
vn 0.951622052 0.307270884 -0.000271269118
vn 0.997563476 -0.0677313197 0.016720658
vn 0.997270025 -0.0735772519 0.00623573061
vn 0.991503233 -0.129769239 0.00901577757
vn 0.990916577 -0.132407208 0.0235089072
vn 0.994172084 -0.0986524426 0.043469108
vn 0.983211699 -0.177594456 0.0418922918
vn 0.89942338 0.437073804 0.00201849901
vn 0.955152752 0.295066955 0.0248739524
vn 0.117528141 -0.993054138 -0.00553307905
vn 0.158423374 -0.987368966 -0.00213543706
vn 0.0742988224 -0.997233503 -0.00224171519
vn 0.85414876 -0.520005824 0.00488249249
vn 0.819060342 -0.573705791 -0.00134975088
vn 0.837915928 -0.545749048 0.00740771173
vn 0.769003799 0.638835803 0.022846754
vn 0.125100885 0.992121825 -0.00663727838
vn 0.906731628 0.421704331 -0.00179188465
vn 0.920498002 0.390737925 0.0027024134
vn 0.787486014 0.615226622 0.0369050172
vn 0.897040466 0.441471559 0.0205247544
vn 0.864251068 0.502854638 0.0143980705
vn 0.738454056 0.67419473 0.0121273969
vn 0.793742675 0.600017359 0.0997583856
vn 0.795072904 0.605285837 0.0385763308
vn 0.461837362 0.886772124 -0.0184783842
vn 0.506694584 0.861072151 -0.0426069151
vn 0.771266543 0.636009229 -0.0253017825
vn 0.837800225 0.545966922 -0.00330194542
vn 0.923324114 0.377642689 0.0697035136
vn 0.779173047 0.626103439 0.0297295358
vn 0.672054485 0.738994981 0.0472142695
vn -0.327798461 0.941721716 -0.075553816
vn 0.930353711 0.366662331 -0.000841576415
vn 0.968480983 -0.0559069833 0.24273235
vn 0.999139321 -0.0318433312 -0.0265822996
vn 0.993071571 -0.113468341 -0.0305579948
vn 0.923387657 0.383660142 0.0126542472
vn 0.945756071 0.324172567 0.0213916054
vn 0.882671725 0.468994629 0.0305722833
vn 0.876370083 0.47870486 0.0530766761
vn 0.886232343 0.457900418 0.0701387299
vn 0.806452942 0.591288239 -0.0034453772
vn 0.236075649 0.841330004 0.486242854
vn 0.00133381462 0.00590566827 0.999981672
vn -0.0163614731 -0.0407290585 0.999036259
vn -0.0239300412 0.971663906 -0.235152304
vn 0.920250924 0.391306711 0.00415872157
vn 0.944714435 0.327596891 0.0139611239
vn 0.996675699 0.0793250286 0.0185766019
vn 0.348742483 0.933924612 -0.078507959
vn 0.302618202 0.945007318 -0.124029804
vn 0.387938934 0.906618262 0.165972019
vn 0.995738103 0.0869033192 0.0308778866
vn 0.198451271 0.24860487 0.948057336
vn 0.36892986 0.296622285 0.880855254
vn 0.143738283 0.45171809 0.880505578
vn -0.00556066254 0.235510194 0.971855971
vn 0.98110579 -0.19342769 0.00414208748
vn 0.00343797789 0.00899291242 0.999953653
vn 0.00293779664 0.00552968234 0.999980396
vn 0.00158615006 0.00785666262 0.999967878
vn 0.855241263 0.516528547 -0.0419600128
vn 0.889920158 0.455995702 -0.0104896065
vn 0.00123464343 0.00617841391 0.999980151
vn 0.00223273892 0.00311621066 0.999992652
vn 0.56459917 0.623081493 0.541292186
vn 0.00466505479 0.00490025686 0.999977112
vn 0.00673844015 0.00616706548 0.999958279
vn -0.000842524929 -0.00572706792 0.999983245
vn 0.00381869588 0.00376252905 0.99998563
vn 0.951983778 0.306115904 -0.00446529842
vn 0.970850811 0.239598069 0.00643959212
vn 0.972166412 0.234290991 -0.000446559704
vn -0.00233803806 -0.0108184738 0.999938745
vn -0.00187280979 0.00417142547 0.999989546
vn 0.148349188 0.042242947 0.988032414
vn -0.0463757517 -0.0284353848 0.998519263
vn 0.240259542 0.917341449 0.317427186
vn 0.836242602 0.41634012 0.356874228
vn 0.75200857 0.482408091 0.449183197
vn 0.277923197 0.171434178 0.945182003
vn -0.00495968834 0.960454091 0.278394218
vn -0.00631160036 0.991088309 0.13305686
vn 0.900109594 0.435398607 0.0151911696
vn 0.811154543 0.507922715 0.289901401
vn 0.779461777 0.625814494 -0.0282056048
vn 0.947332881 0.319769568 0.0175452353
vn 0.858065103 0.513458333 0.00920974639
vn 0.751236384 0.658953657 -0.0377355699
vn 0.988553233 0.150128439 0.0149651773
vn 0.569439741 0.807392774 0.154451577
vn 0.95225372 0.305304453 0.00142931683
vn -0.0471507763 -0.013533769 0.998796096
vn 0.224287989 0.0508982331 0.973192822
vn 0.0208682118 -0.00288982672 0.999778059
vn 0.98846639 0.151418864 0.00255415501
vn 0.986919672 0.160956513 0.00908635544
vn 0.986373469 0.160355875 0.0367882233
vn 0.924493306 -0.380638215 -0.0206561751
vn 0.0496399285 -0.907302279 -0.417538564
vn 0.0808177928 -0.830569676 -0.551019507
vn 0.880502104 -0.0878733448 0.465826492
vn 0.489218866 -0.0215220345 0.871895466
vn 0.911441297 -0.00742404259 0.411363155
vn 0.947407423 0.320028577 0.000940165649
vn 0.940083486 0.340943927 0.000526718064
vn 0.0396454237 -0.894812804 0.444677734
vn 0.00248416471 -0.0150677879 0.999883389
vn 0.735342039 -0.677582653 -0.0124029663
vn 0.746138416 -0.665790245 -0.000902736513
vn 0.688473708 -0.725210229 -0.00860678791
vn 0.895991826 0.44405828 -0.00330031193
vn 0.930327026 0.366730531 0.000585233463
vn 0.998149878 -0.0600962118 0.00923396973
vn 0.99520923 -0.0968896771 0.0130759208
vn 0.99631556 -0.0782100053 0.0351923295
vn 0.996256708 0.0722068006 0.0475262983
vn 0.997237013 0.0740087423 0.00640669564
vn 0.992852338 0.119326487 0.00232917902
vn 0.981033236 0.193817556 0.00292317246
vn 0.985455248 0.169808086 0.00657024759
vn 0.00716292534 -0.201635878 0.97943436
vn 0.00434620436 -0.353141096 0.93555998
vn 0.013692245 -0.266351281 0.96377877
vn 0.924009067 -0.378476923 0.0544285185
vn 0.894319183 -0.441438331 0.0729753308
vn 0.924046711 -0.377035501 0.0631023538
vn 0.997734684 0.0601762263 -0.0300719402
vn 0.0431050357 0.263247895 0.963764754
vn 0.0335705072 -0.187970241 0.98160084
vn 0.0474982098 -0.353549546 0.934209098
vn 0.203457431 -0.0042325176 0.979074645
vn 0.881653184 -0.471888475 0.00298833531
vn 0.919205991 -0.393521692 0.0141783009
vn 0.905842233 -0.423604354 0.00303335596
vn 0.998951132 -0.0457827196 -0.000761223446
vn -0.00162947382 0.013915338 0.999901849
vn 0.0166402382 -0.0149450292 0.999749843
vn 0.0156860569 -0.015262764 0.999760469
vn 0.202191954 -0.00592277518 0.979328001
vn 0.00563395456 0.000877783746 0.999983744
vn 0.928863031 0.116028068 0.351782541
vn 0.0251368648 -0.443283616 0.896028891
vn 0.427126315 -0.0131663904 0.9040961
vn 0.995234271 0.097394014 0.00481170962
vn 0.832252758 -0.554393779 -0.00169824531
vn 0.796017604 -0.605268043 -0.00256323398
vn 0.792464913 -0.609915659 0.00149988923
vn 0.00349503029 0.00669286225 0.999971495
vn 0.972840351 0.231473475 -0.00129650124
vn 0.345043205 0.0713543289 0.935870582
vn 0.998023467 -0.0625136878 0.00641858736
vn 0.724767629 -0.688916101 0.0103193507
vn 0.696640696 -0.717414328 0.00290222527
vn 0.751246269 -0.660021874 0.000410865599
vn 0.963257155 0.268121334 0.0157036496
vn 0.0118488208 -0.00209416482 0.999927607
vn 0.177262196 -0.0914604725 0.979904636
vn 0.825037607 -0.565077571 0.000534691517
vn 0.999504678 -0.0286857615 0.0129431637
vn 0.78368634 -0.621154596 -0.00163975732
vn -0.0179573075 -0.0164919427 0.999702731
vn 8.0499456e-05 0.211013895 0.977483059
vn 0.245955628 0.124315222 0.961276003
vn 0.993740067 -0.111623281 0.00457414779
vn 0.93938303 0.342487179 0.0161881088
vn 0.915928569 0.401302908 0.00555278797
vn 0.995027989 -0.0985339677 0.0145037624
vn 0.998898869 0.00769946461 0.0462792288
vn 0.999272331 0.0166439468 0.0343189071
vn 0.999710964 -0.0129647321 0.0202460663
vn -0.0386859711 -0.00570475553 0.999235133
vn 0.992612482 -0.0747590708 0.0955590981
vn 0.998760367 -0.0292595832 0.0402691631
vn 0.980583463 0.192596451 0.0369144787
vn 0.963579112 0.262008569 0.0535425554
vn 0.979453476 0.195336072 0.050146858
vn 0.00837046894 -0.341674844 0.939780951
vn 0.456376082 -0.88978461 -0.00205392438
vn 0.406193002 -0.913785784 -0.00166950972
vn 0.44470401 -0.895676823 -0.00117111229
vn 0.997494293 0.0705794057 -0.00486653758
vn 0.99295125 0.118448253 0.00422208464
vn 0.997872235 0.0650034166 0.00505546025
vn 0.948147562 0.314444868 0.0462668953
vn 0.966065433 0.254639779 0.043314686
vn 0.952843238 0.300508131 0.0422448472
vn 0.974549892 0.218822374 0.0486752163
vn -0.00639625372 0.654980919 0.755618345
vn 0.999596679 0.0283125912 0.00220826474
vn 0.999223365 -0.0381590503 0.00982614995
vn 0.999873694 0.003580199 0.0154847736
vn 0.997517203 -0.0520859656 0.0473970585
vn 0.998346866 -0.0368533975 0.0441062612
vn 0.702721869 0.127972615 0.699860689
vn 0.736288355 0.0371631154 0.675646624
vn 0.746804312 -0.0038649835 0.665032617
vn -0.829498144 0.116805094 0.546158767
vn 0.346549617 -0.913723539 0.212161867
vn 0.953179987 -0.27211774 0.131908487
vn 0.973881497 -0.06322315 0.218077195
vn 0.781516595 0.620439436 0.0654730299
vn 0.652591689 0.755779087 0.0540560731
vn 0.0263814858 0.950353966 0.31005057
vn 0.979514124 0.0329230542 -0.198665932
vn 0.836325037 0.110516147 -0.536979156
vn 0.403863134 -0.914810824 0.00396551613
vn 0.946499186 0.322680014 0.00411089413
vn 0.333065353 0.710758652 0.619588258
vn 0.0773529989 0.642948711 0.76199309
vn 0.0452946156 0.706697626 0.706064348
vn 0.998252535 -0.055237516 0.0209926751
vn 0.992933938 -0.110718195 0.0427045254
vn 0.988588432 0.148332525 0.0262749849
vn 0.392564353 0.227064998 0.891254574
vn 0.956230845 0.288382714 0.0495780257
vn 0.960567495 0.275709637 0.0359761445
vn 0.529123861 0.846695831 0.0559831274
vn 0.00310061242 -0.446781563 0.894637704
vn 0.0258170671 0.581226254 0.813332355
vn 0.0111932441 0.544990756 0.838367334
vn -0.150378696 0.491986067 0.857517322
vn 0.115018944 0.63688469 0.762330987
vn 0.0356677721 -0.556511922 0.830073666
vn 0.0173171018 -0.592292852 0.805536651
vn 0.930071835 0.367369725 0.00242230291
vn 0.984472693 0.155134591 0.0821387539
vn 0.990234397 -0.137454767 0.0232814509
vn 0.974419773 -0.221325971 0.0389989801
vn 0.973297497 -0.227863325 0.0277540633
vn 0.725127162 0.0232770103 0.688221461
vn -0.00585364547 -0.136669733 0.990599374
vn -0.00792266722 -0.0844796009 0.996393712
vn 0.991605356 0.126506105 0.0267399285
vn -0.163870988 -0.410958504 0.896805111
vn -0.0045580967 0.389577543 0.920982389
vn -0.00105565032 0.0886928573 0.996058463
vn -0.0101426627 -0.00463641799 0.999937813
vn -0.0157491321 0.15504314 0.987782157
vn 0.988246827 0.148003668 0.0382507888
vn 0.909726068 0.415203551 -0.00211961249
vn 0.0323560599 0.443436552 0.895721558
vn 0.0273303192 0.263880679 0.964168056
vn 0.976875459 0.212401642 0.0244924501
vn 0.982977333 -0.178232308 0.04459604
vn 0.998013327 -0.0557328605 0.0293810553
vn 0.0900252524 -0.217859155 0.971819347
vn 0.976509195 -0.215447076 0.00351422049
vn 0.795702493 -0.605685891 0.00146406408
vn 0.835827159 -0.548992618 0.00025703525
vn -0.0137612342 -0.435802979 0.899936882
vn -0.0122933313 -0.565736848 0.824494204
vn 0.00597194427 -0.504479641 0.863402935
vn 0.103922934 -0.142971663 0.984255621
vn 0.983180156 -0.182488281 0.00740320305
vn 0.212932346 -0.405480255 0.88895758
vn 0.0457508862 0.816737606 0.575192611
vn 0.891396073 -0.448785782 0.0632800379
vn 0.910592675 -0.407643804 0.0681726381
vn 0.925087928 -0.37693484 0.0461784789
vn 0.652798053 -0.7575054 -0.00634591425
vn 0.527412438 -0.849607149 -0.00195263763
vn 0.670571657 -0.74174766 -0.0120025392
vn 0.108673546 -0.85326208 0.510033218
vn -0.00297613597 -0.88640848 0.462894317
vn -0.0114406314 -0.773837897 0.633280365
vn -0.015892464 -0.861562386 0.507402881
vn 0.188685492 -0.583907091 0.789588687
vn 0.0284884695 -0.697142161 0.716366676
vn -0.0124658838 -0.776442373 0.630064952
vn 0.580953995 -0.813893758 -0.00833108076
vn 0.566352802 -0.824146078 0.00526748172
vn 0.633940622 -0.773370789 0.00411212187
vn 0.00720172844 -0.612529126 0.790415211
vn 0.430362862 -0.0513340597 0.901195107
vn -0.00073474023 -0.881299003 0.472558491
vn 0.519253089 -0.660665596 0.542122864
vn -0.00183188222 -0.938497155 0.345282109
vn 0.258124303 0.713809305 -0.651036189
vn -0.109243568 -0.515380112 0.849970107
vn 0.991865108 -0.100736694 0.0778185412
vn -0.00659926528 0.234128176 0.97218334
vn 0.951168474 -0.30213883 0.0631716795
vn 0.973621529 -0.226077646 -0.0308223239
vn 0.90889583 -0.331453185 0.253075397
vn 0.917514795 -0.396054253 0.0361611715
vn 0.022563832 -0.988866154 0.147087058
vn 0.0384128626 -0.953503806 0.298922972
vn 0.84084044 -0.541234457 0.00725373189
vn 0.880972992 -0.473119736 0.00665598322
vn 0.857180805 -0.514973115 0.00661504512
vn -0.0153798632 -0.587302998 -0.809221013
vn -0.000803535602 -0.429608268 -0.903015
vn 0.871438367 -0.490502413 -0.00159838077
vn 0.910851726 -0.412723014 0.00297445423
vn 0.90213177 -0.431457078 -0.0017490623
vn 0.541611649 -0.840601309 0.00680153569
vn 0.673901965 -0.738393083 0.0251355695
vn 0.708234058 -0.705975882 -0.00160411221
vn 0.70992003 -0.704239367 -0.00777595233
vn 0.671450072 -0.741015921 -0.00708554601
vn -0.0242007467 0.0251702502 0.999390205
vn 0.936599622 -0.350374001 -0.00438262743
vn 0.964401957 -0.264428833 -0.00250156421
vn 0.949166665 -0.314745658 -0.0042204127
vn 0.852355896 -0.517589581 0.0747693188
vn 0.669742115 -0.741580402 0.0387815223
vn 0.680211569 -0.732008123 0.0384230394
vn 0.705457978 -0.706597145 0.0552224154
vn 0.912895351 -0.406670423 0.0352313128
vn 0.87758336 -0.477851665 0.0387973137
vn 0.986439224 -0.15602058 0.0509434538
vn 0.881640072 -0.471396905 0.0222652352
vn 0.840353589 -0.541782512 0.016659979
vn 0.79233222 -0.609948734 0.013122296
vn 0.955001512 -0.296099932 0.0172320271
vn 0.936891156 -0.346888827 0.0436245758
vn 0.929537333 -0.362969696 0.0649102929
vn 0.878911411 -0.476958053 0.00507422923
vn 0.960584649 -0.268885585 0.0705526324
vn 0.931925235 -0.361806487 0.0247269424
vn 0.932471245 -0.360602176 0.0215278542
vn 0.880621349 -0.473797825 -0.00465402201
vn 0.860656173 -0.509173767 0.0036091999
vn 0.870281728 -0.49254874 0.00233490964
vn 0.901168496 -0.433463864 0.00210244892
vn -0.0144830699 0.00402782051 0.999887002
vn 0.0124623818 0.0038235054 0.999915031
vn 0.772131052 -0.635462341 0.00111889306
vn 0.014497002 0.0359512695 0.999248389
vn -0.061582458 -0.175262243 0.982593887
vn 0.0271642501 -0.628432096 -0.777389995
vn 0.00189770162 -0.668692513 -0.743536631
vn -0.0151235397 0.0181679084 0.999720564
vn 0.962991334 -0.269356998 0.00972100395
vn 0.967375002 -0.253314341 -0.00417722779
vn 0.0153540042 0.25104186 0.967854451
vn 0.102778451 -0.99448299 -0.0209803116
vn 0.97627875 -0.215339272 0.0225566164
vn 0.957613952 -0.288043025 0.00259497089
vn 0.0172823899 -0.0153255524 0.999733188
vn 0.0185712133 -0.0103976176 0.999773474
vn 0.914094988 -0.405496404 -0.00173784545
vn 0.905158579 -0.425065894 -0.00263309332
vn 0.946605999 -0.322385076 0.00222371086
vn 0.930467271 -0.366360281 0.00328665389
vn 0.934791316 -0.237081636 0.264494789
vn -0.0655697317 0.00528100318 0.997834015
vn -0.0237710422 0.0195971111 0.999525333
vn 0.360999178 -0.108662452 0.926213834
vn 0.353511732 -0.141719827 0.92463233
vn -0.0139243749 -0.0249719683 0.999591173
vn 0.460663048 -0.887572989 0.0019355246
vn 0.489167432 -0.872188926 -0.00130401512
vn 0.00841025908 -0.0122425098 0.999889688
vn 0.0279656375 -0.00681768384 0.999585635
vn 0.937656078 -0.347493547 0.00702239236
vn 0.983271824 -0.181790956 0.011338787
vn -0.14785339 -0.96986399 0.193657468
vn 0.000640484184 -0.000707712541 0.999999544
vn 0.934078518 -0.357058426 0.00256969631
vn 0.928966565 -0.370083641 0.00769550015
vn 0.896653419 -0.298007956 0.327420073
vn 0.888973077 -0.362930561 0.279299618
vn 0.938225193 -0.345784739 -0.0128996517
vn 0.888492458 -0.458657345 0.0146489703
vn 0.864269915 -0.502760866 0.0164020036
vn 0.900773444 -0.43428886 0.00062304419
vn 0.873423097 -0.484936297 -0.0443720764
vn 0.767652724 -0.108314902 0.631646402
vn 0.927194134 -0.37457862 -0.00137673727
vn 0.992269176 0.124048586 0.00371886909
vn 0.969939459 -0.243238023 0.00726020249
vn 0.982695436 -0.178757735 0.0485319685
vn 0.968322999 -0.244702577 0.0497113441
vn 0.95262067 -0.299101144 0.0552482155
vn 0.942897206 -0.333055256 0.00436520908
vn 0.71591317 -0.522654745 0.462925859
vn 0.741533434 -0.670906202 -0.00361029465
vn 0.722252997 -0.69162435 0.00252317046
vn 0.739507232 -0.673144172 0.00244477813
vn 0.830855527 -0.555927131 -0.0249823717
vn 0.760153842 -0.632207952 0.149930791
vn 0.079755541 -0.33002072 0.940598415
vn -0.0030769029 0.019401105 0.999807046
vn 0.00519204423 -0.00101123241 0.99998601
vn 0.389290785 -0.306941297 0.868469761
vn 0.00645943013 -0.0067031516 0.999956671
vn 0.0136508785 -0.00800994253 0.999874739
vn 0.00906343489 -0.0132895481 0.999870613
vn 0.829282842 -0.558820554 0.00309132109
vn 0.717705136 -0.696334741 0.00415517152
vn 0.691933263 -0.721106267 -0.0351299318
vn 0.668348811 -0.743812681 0.0072499457
vn 0.475401418 -0.879755543 0.00486587387
vn 0.378110854 -0.925759141 -0.00148156362
vn 0.382808624 -0.210923281 0.899426999
vn 0.702416926 -0.711760472 -0.00273737352
vn 0.185774207 -0.236806688 0.953630189
vn 0.000995474046 -0.00547165051 0.999984535
vn 0.867681742 -0.497084128 0.00598030088
vn 0.815263402 -0.579078202 0.00374457248
vn -0.116693156 -0.992724767 -0.0296689172
vn 0.885077884 -0.462491858 0.0523299176
vn 0.901243885 -0.432132238 0.0319560544
vn 0.63603976 -0.611186992 0.471066751
vn 0.811302806 -0.57893179 0.0813986469
vn 0.372205532 -0.928062459 -0.0127716277
vn 0.579780213 -0.733302589 0.3551369
vn 0.55271256 -0.756948759 0.348622147
vn 0.0228112242 -0.820224648 0.571586543
vn 0.000893838783 -0.862647221 0.505805272
vn 0.632338214 -0.774249734 -0.0261864983
vn 0.620134357 -0.784463458 0.00710368757
vn 0.0835548414 -0.996502411 -0.00123863003
vn 0.00349260277 -0.00651478882 0.999972679
vn 0.0113164647 -0.0155300287 0.999815361
vn 0.0062251487 -0.0099398796 0.999931221
vn 0.446928711 -0.894569395 -0.000570430758
vn 0.366322087 -0.930485352 -0.00226667535
vn 0.445578221 -0.895204876 -0.00826308825
vn 0.194336126 -0.980789797 -0.0168773123
vn 0.242772226 -0.969931667 -0.0171524649
vn 0.245985846 -0.969205327 -0.0114889979
vn 0.304223022 -0.952530168 -0.0116031099
vn 0.295898108 -0.955188754 -0.00766509218
vn 0.0177479531 -0.0070560653 0.999817594
vn 0.0247633298 -0.007499465 0.999665212
vn 0.140845518 -0.989910327 -0.0154946482
vn 0.0889238113 -0.995925647 -0.0149887168
vn 0.177519882 -0.984028952 -0.0131800562
vn -0.000807899057 -0.0113879945 0.999934828
vn 0.0165152641 -0.0156382283 0.999741312
vn -0.00125478612 -0.0093796991 0.999955222
vn -0.000101772549 -0.00274701068 0.999996222
vn 0.275285788 -0.959257986 -0.0635755523
vn 0.283845957 -0.323512689 0.902646671
vn 0.309638336 -0.949195585 -0.0561412808
vn -0.996780466 0.0757378392 0.0263150491
vn -0.995928202 0.0819210836 0.0376291556
vn 0.976931297 0.213077425 0.0142566351
vn 0.240771188 -0.970580495 -0.00165452072
vn 0.306431151 -0.951892248 -0.00104810957
vn 0.229508303 -0.973306699 8.91745825e-05
vn 0.274344378 -0.961599698 -0.00782191452
vn 0.0357508999 -0.999164527 -0.0198020412
vn -0.0464577631 -0.998718203 -0.0200904782
vn -0.288809094 -0.404399536 0.867784722
vn 0.376042615 -0.926537191 -0.0109902643
vn 0.160015888 -0.987049752 -0.0113005261
vn 0.372925071 -0.927801209 -0.0105738774
vn 0.212988167 -0.976933954 -0.0153652248
vn 0.547764082 -0.836498907 0.014969621
vn 0.594412266 -0.803958945 0.0180020425
vn 0.489123302 -0.872211793 0.0022324636
vn 0.42162801 -0.906744552 0.00664369493
vn 0.350818908 -0.665224128 -0.659092522
vn 0.0479574981 -0.66206397 -0.747911344
vn 0.129635765 -0.549130386 -0.825621213
vn 0.896505682 -0.442917916 0.0100639365
vn 0.874767524 -0.484357948 0.0133849276
vn 0.879157199 -0.476298766 0.0149031545
vn -0.492961547 -0.870009165 0.00854206725
vn 0.494854312 -0.868888732 -0.0123118587
vn 0.288143638 -0.95758664 0.001034297
vn 0.875887224 -0.481424247 0.0324386199
vn 0.682739221 -0.730588387 -0.0103809834
vn 0.314694853 -0.949185907 -0.00364185004
vn 0.381836954 -0.924229007 0.00113296797
vn 0.372653007 -0.927970088 -0.0011191922
vn 0.297292665 -0.954755026 -0.00774025448
vn 0.379406259 -0.925208972 0.0062649092
vn 0.302746631 -0.953066389 -0.00298927374
vn 0.741944519 -0.666217968 0.0753123539
vn 0.790716675 -0.606362659 0.0842108386
vn 0.294548893 -0.955632543 -0.00271905078
vn 0.294363571 -0.955684848 -0.00406931692
vn -0.0571772539 -0.998340264 -0.0068904804
vn 0.307659846 -0.951495269 0.00147375658
vn 0.228785951 -0.973475641 0.00147169749
vn 0.255603999 -0.966776582 0.00310419519
vn 0.271608045 -0.962398653 0.00423124006
vn 0.73427906 -0.677873019 0.036365273
vn 0.749068063 -0.661181265 0.0416697945
vn 0.698106914 -0.714765099 0.0419236158
vn 0.979233454 -0.198402664 0.0416920298
vn 0.73607498 -0.674606467 0.0556752877
vn 0.179089894 -0.939650485 -0.291519768
vn 0.117361655 -0.607496037 -0.78560474
vn 0.00722472691 0.412614228 -0.910877216
vn 0.706043487 -0.708167168 0.00136290632
vn 0.684689467 -0.728724429 0.012690183
vn 0.641290174 -0.767230965 0.0101763611
vn 0.194986225 -0.98080278 -0.00250587294
vn 0.565338078 -0.82477767 0.0116040026
vn 0.637080094 -0.770425807 0.0239380602
vn 0.743346167 -0.666210522 0.0600001385
vn 0.894310483 -0.447067151 0.0184315534
vn 0.5328194 -0.846184975 0.00862987316
vn 0.892370412 -0.451078506 0.0142558606
vn 0.650915127 -0.758763345 0.0242421854
vn 0.665871662 -0.745341254 0.0328838042
vn 0.487156922 -0.873258738 0.00986460827
vn 0.418426913 -0.908203546 0.00923240683
vn 0.69642683 -0.716605231 0.0382963829
vn 0.712898631 -0.7009868 0.0198254598
vn 0.620511439 -0.680196846 -0.390253514
vn 0.638736991 -0.65080443 -0.410449328
vn 0.0824617043 -0.869367198 -0.48723787
vn 0.746076183 -0.665725436 0.0134154123
vn 0.905531967 -0.424053215 0.013810375
vn 0.898339431 -0.439059237 0.0146032024
vn 0.763885645 -0.645113238 0.017539424
vn 0.804337976 -0.594005698 0.0140588269
vn 0.766196291 -0.642582666 0.00554631034
vn 0.0883018632 -0.996082685 -0.00469750835
vn 0.149600753 -0.988488045 -0.0226053077
vn 0.724597793 -0.689083786 0.0110260412
vn 0.834063103 -0.548739305 0.0567795378
vn 0.780782842 -0.620742519 0.0711117309
vn 0.827282787 -0.560402562 0.0393974463
vn 0.802093932 -0.597116638 0.00985114887
vn 0.839657272 -0.543115701 -0.00100072454
vn 0.611103533 -0.791287935 0.020393023
vn 0.714143664 -0.697846039 0.0548610394
vn 0.782931936 -0.620584071 0.0435085539
vn 0.947593793 -0.318746947 0.0215960065
vn 0.819356054 -0.572515697 0.029688951
vn 0.87151865 -0.488408018 0.0437361434
vn 0.852110135 -0.519859202 0.0604543548
vn 0.997617957 -0.0689270375 -0.00273416774
vn 0.921840293 -0.386734324 -0.0254369162
vn 0.2355327 -0.971854427 -0.00482909255
vn 0.217460029 -0.976058979 -0.00447262797
vn 0.65899611 -0.751638434 0.0276367825
vn 0.511790932 -0.859109091 -0.00126927046
vn 0.743718529 -0.668483055 -0.00362695874
vn 0.285784063 -0.958291927 -0.00201295632
vn 0.348122363 -0.937449103 1.74076499e-05
vn 0.874904162 -0.369502262 -0.313066742
vn 0.793623102 -0.567228944 0.220031127
vn 0.692849737 -0.719627973 -0.0457692192
vn 0.00315006867 -0.942138893 0.33520797
vn 0.0034461624 -0.991218344 0.132190459
vn 0.946782877 -0.319938823 -0.0352325513
vn 0.94874438 -0.315105352 -0.0243458238
vn 0.963767899 -0.263989394 -0.0382235089
vn -0.105091206 -0.994443578 0.00614886574
vn -0.0527397823 -0.998540988 0.0115935807
vn 0.764691893 -0.64438467 0.00383471336
vn 0.964773484 -0.205765135 -0.163929356
vn 0.890588308 -0.454664068 -0.0115347211
vn 0.888594664 -0.458253271 -0.0200864081
vn 0.909986836 -0.414293534 0.0168767895
vn 0.950145112 -0.311807562 -0.000556810226
vn 0.758379377 -0.337572163 -0.557589236
vn 0.996009077 -0.0880976365 -0.0143082286
vn 0.715753479 -0.698343129 0.00371904974
vn 0.677539023 -0.735459862 0.00629789547
vn 0.847681006 -0.530399251 0.0106558282
vn 0.779300464 -0.626603456 -0.00767427816
vn 0.811039254 -0.584764797 -0.0162930006
vn 0.748109319 -0.663488474 -0.010746712
vn 0.788507114 -0.614567236 -0.0237411734
vn -0.922480798 0.303677228 -0.238347057
vn -0.847590657 0.345075791 -0.403128735
vn -0.865224374 0.42090088 -0.272450423
vn 0.908244825 -0.415049856 -0.0531503088
vn 0.923838521 -0.38086374 -0.0382779162
vn 0.889921742 -0.452453968 -0.0576602206
vn 0.94184991 -0.335210094 -0.023514695
vn 0.964629151 -0.263291166 0.0129755031
vn -0.000168547639 -0.999740434 0.0227823803
vn -0.00459308077 -0.98724845 -0.159120717
vn 0.0050435191 -0.997496079 -0.0705417262
vn 0.838764178 -0.541143537 -0.0603185349
vn 0.788421523 -0.610702962 -0.0737115553
vn 0.823650509 -0.564897176 -0.0499101137
vn 0.383918074 -0.923365677 0.00165516639
vn 0.00586008293 -0.967316593 -0.25350398
vn -0.00787672062 -0.947946126 -0.318333314
vn 0.218457048 -0.973357756 0.0696505325
vn 0.889444321 -0.457042581 0.000937951906
vn 0.871334158 -0.490665007 -0.00496346284
vn -0.00861770261 -0.964662816 -0.263346514
vn 0.00603121111 -0.964199509 0.265109281
vn 0.0679010189 -0.76530941 -0.640071057
vn 0.966741286 -0.251702744 -0.0453543308
vn 0.441669998 -0.897175996 -0.00168699739
vn -0.00293693532 -0.861617734 -0.507549263
vn -0.00515763051 -0.821686804 -0.569915955
vn 0.000108750796 -0.693721326 -0.720243507
vn 0.78500597 -0.61859046 0.0333387074
vn 0.675555857 -0.731473795 0.0925762969
vn 0.386639873 -0.200905502 -0.900081434
vn 0.00125101638 -0.911552506 -0.411181789
vn -0.0154307684 -0.967576402 -0.25210672
vn 0.843433584 -0.536699446 0.0239477265
vn 0.0613150062 -0.764975637 -0.641133952
vn -0.000415730579 -0.828517315 -0.55996329
vn 0.232872048 -0.949772907 -0.209050314
vn 0.787570087 -0.592487518 -0.169386831
vn 0.6828676 -0.622076382 -0.38303109
vn 0.993415905 -0.103234715 -0.0496732691
vn 0.695883237 -0.717652071 -0.0268705307
vn 0.0882277078 -0.985897019 -0.142207381
vn 0.749329242 -0.661348383 -0.0335261495
vn 0.931248905 -0.363418137 -0.0265091334
vn 0.904078499 -0.425625665 -0.0385338924
vn 0.676106802 -0.735883003 -0.0368211564
vn 0.675250591 -0.0958377499 -0.731335603
vn 0.379426228 -0.362438208 -0.851278029
vn -0.0114915143 -0.886233075 -0.463097054
vn -0.000716332069 -0.902709997 -0.430248937
vn -0.139920994 -0.306244634 -0.941613689
vn 0.682130237 -0.730779954 0.0256709666
vn 0.640397219 -0.767991717 0.00895120839
vn 0.725242378 -0.688421502 0.00996636041
vn 0.0625197416 -0.651007811 -0.756491977
vn -0.00280595379 -0.732008723 -0.68128948
vn -0.0151350798 -0.682161228 -0.731045134
vn 0.939113881 -0.339907778 -0.0502774421
vn 0.938287078 -0.342533882 -0.0478319833
vn 0.927300609 -0.371974336 -0.0418171407
vn -0.100472116 -0.326693097 -0.939774959
vn 0.0950105259 -0.487839156 -0.867747635
vn -0.011123345 -0.810984598 -0.584961754
vn 0.0120173541 -0.983449117 -0.180785558
vn 0.0415685405 -0.961702375 -0.27092545
vn 0.0476461507 -0.990293137 -0.130573149
vn 0.0388116539 -0.999056522 0.0194864594
vn 0.0650489299 -0.99670155 -0.0485248068
vn 0.750508286 -0.660566176 -0.0197393114
vn 0.758451424 -0.650810123 -0.0346066714
vn 0.725644145 -0.687978669 0.011221627
vn 0.770494053 -0.632401869 -0.08004243
vn 0.822513301 -0.562013183 -0.0872528022
vn 0.540559939 -0.841288157 -0.00540273085
vn 0.511175257 -0.859459277 -0.00544128145
vn 0.463634089 -0.886020826 -0.00324459652
vn 0.0126287173 -0.940658005 -0.33912097
vn 0.073860768 -0.966168931 -0.247107637
vn 0.992219518 -0.12049858 -0.0313132593
vn 0.998562297 -0.0328026285 -0.0423948955
vn 0.995733294 -0.0822508818 -0.0418329864
vn 0.993141031 -0.0968363416 -0.0655256878
vn 0.894054547 -0.447805094 0.0117074725
vn 0.901690311 -0.43208473 0.0160427158
vn 0.553030123 -0.818352549 -0.156386662
vn 0.225229905 -0.893489992 -0.388519142
vn 0.910388982 -0.409147467 -0.0615650261
vn 0.934883849 -0.350714112 -0.054697365
vn 0.926448716 -0.370675787 -0.0655151694
vn 0.985716366 -0.144126998 -0.0871243576
vn 0.981090394 -0.191119201 -0.0305792571
vn 0.965312739 -0.260230847 -0.021241989
vn 0.999903519 -0.00948537007 -0.0101479057
vn -0.0709033548 -0.049941348 -0.99623219
vn 0.8036541 -0.595094358 -0.00167132741
vn 0.555831316 -0.831293454 -0.0016556989
vn 0.515092627 -0.857134164 0.000781424233
vn 0.880637171 0.473782873 0.00282164677
vn 0.398988738 -0.916944502 0.00455711567
vn 0.268522218 -0.961363185 0.0606353377
vn 0.694608744 -0.719011523 0.0232620383
vn 0.658761588 -0.751748165 0.0301308373
vn 0.934918465 -0.353960674 -0.0252844896
vn 0.850498392 -0.524625666 -0.0376881347
vn -0.0169818912 -0.788109549 -0.615300703
vn 0.965903855 -0.258829828 0.00607152072
vn 0.959886984 -0.280143298 0.0116923282
vn 0.945531453 -0.325346597 0.0109482427
vn 0.817861163 -0.573836902 -0.0425949244
vn 0.878815353 -0.472354354 -0.0675643396
vn 0.286030658 -0.958193963 0.00712691246
vn 0.237047202 -0.971473605 0.00690354228
vn 0.217547037 -0.976009635 0.00885884955
vn 0.51752063 -0.855665669 -0.00294286418
vn 0.579746298 -0.814717308 -0.0113990194
vn 0.579522238 -0.814926129 -0.00702710815
vn 0.521134262 -0.853463289 -0.00441538256
vn 0.658793204 -0.752220779 -0.0124665044
vn 0.49626691 -0.868158949 -0.00438110645
vn 0.890633001 -0.454694309 0.00509331925
vn 0.870917717 -0.491129614 0.0171473602
vn 0.846958972 -0.531654271 0.00205827964
vn 0.606492013 -0.79497871 -0.0132773706
vn 0.656337858 -0.753941416 -0.0281594966
vn 0.634953442 -0.772346147 -0.0177638899
vn 0.632606249 -0.774034581 -0.0260730022
vn 0.65108839 -0.758426546 -0.0295479931
vn 0.624033081 -0.781396749 -0.00135447835
vn 0.653954341 -0.756376584 -0.0154331997
vn 0.692834451 -0.720401737 -0.0316506215
vn 0.708547275 -0.705258624 -0.0238962818
vn 0.735578707 -0.675787461 -0.0472786751
vn 0.0823843363 -0.996575725 0.0070458871
vn 0.0159692984 -0.999785495 0.0131888556
vn 0.0922983275 -0.995689034 0.0091850768
vn 0.667870829 -0.743926348 0.0228504865
vn 0.638640626 -0.769362701 0.0148049356
vn 0.491925717 -0.87063416 -0.00229086127
vn 0.112643985 -0.993612146 -0.00679974819
vn 0.0680805059 -0.997676762 -0.00247447135
vn 0.0206717528 -0.999764074 0.00666902403
vn 0.602256276 -0.798297202 -0.00299259573
vn 0.573742625 -0.818967289 -0.010582083
vn 0.181224092 -0.98344146 0.000850559305
vn 0.325739021 -0.945441829 0.00581702391
vn 0.284780985 -0.958583267 0.00423213213
vn 0.118346223 -0.992972192 -0.000631031383
vn 0.192927769 -0.981212133 0.00127552187
vn 0.867334686 -0.493845649 -0.0620243313
vn 0.109775998 -0.993946296 0.00447103559
vn 0.192184629 -0.981250466 0.0145805113
vn 0.207171994 -0.978297636 0.0036744248
vn 0.142134247 -0.989819567 0.00742159294
vn 0.4673269 -0.884081757 0.00223958672
vn 0.00595863785 0.404426361 0.914551154
vn -0.00949614675 0.34387355 0.938967947
vn 0.615950977 -0.787784444 0.000252534443
vn 0.0238503062 -0.999700563 0.00547245214
vn 0.450498945 -0.892767986 -0.00400296734
vn 0.911015719 -0.411638717 -0.0245749041
vn 0.564636702 -0.825275487 -0.0102842349
vn 0.60745096 -0.794241197 -0.0135739755
vn 0.601934421 -0.798379429 -0.0162862208
vn 0.63575056 -0.771493134 -0.0248911744
vn 0.317362603 -0.948302611 -0.00177102868
vn 0.691006195 -0.722779903 0.0099825247
vn -0.170490571 -0.985227886 -0.0160928065
vn 0.55626824 -0.830942746 -0.00998986367
vn 0.504692399 -0.863278466 -0.00598940583
vn -0.0595096095 -0.998223532 0.00289608557
vn 0.340588864 -0.940202529 0.00429299418
vn 0.302237686 -0.953202075 -0.00762786967
vn 0.288305809 -0.957496149 0.00899363046
vn 0.353684969 -0.935363467 0.00145864255
vn 0.523416209 -0.852044195 -0.00749413044
vn 0.442902981 -0.89654409 0.00675600367
vn 0.389588614 -0.920974442 0.00517573233
vn 0.367058723 -0.930197556 0.000632088304
vn -0.0818852574 -0.996634902 0.00369824353
vn 0.250847407 -0.968026399 0.00068523419
vn 0.3298921 -0.944018542 0.000442213565
vn 0.236117978 -0.971724391 8.70472485e-05
vn 0.194866135 -0.98082056 0.00426840523
vn -0.220328467 -0.975425719 0.000183353753
vn 0.987361341 -0.148555548 -0.055216218
vn 0.39814612 -0.917309536 -0.00478356913
vn 0.247799298 -0.968785176 0.00712679599
vn 0.82942494 -0.557894801 -0.0284193608
vn 0.83915554 -0.543264568 -0.0261072499
vn 0.283822123 -0.958875842 0.0014568854
vn 0.210672442 -0.977555225 -0.00170416603
vn -0.144432389 -0.989514654 0.000186792582
vn 0.777000974 -0.629498987 -0.000715235573
vn 0.270199913 -0.962784397 0.00618164824
vn 0.197482938 -0.980239357 0.0114582803
vn 0.223799484 -0.974545608 0.0132154436
vn 0.808329289 -0.588724508 -0.0026858773
vn 0.830951823 -0.556249191 -0.0102910912
vn 0.71061249 -0.703437813 0.0143224278
vn 0.14511575 -0.989389241 -0.00709576423
vn 0.178689061 -0.983861437 0.00932160196
vn 0.0884311398 -0.996033367 0.00987245863
vn 0.891638969 0.452746811 0.000523928499
vn 0.873693046 -0.484658772 -0.0420278045
vn 0.291849301 -0.956448334 0.00552899635
vn 0.33520064 -0.942143515 0.00247553656
vn 0.249600448 -0.9682967 0.0100556928
vn 0.749409678 -0.661766053 0.0212326462
vn -0.0269585501 -0.999401177 0.0216915527
vn -0.0925795479 -0.995168744 0.0326832904
vn 0.0139273094 -0.999861657 0.00909378358
vn -0.168302734 -0.872390824 -0.458920951
vn 0.754668521 -0.656103514 0.00189785109
vn -0.354786854 0.885876506 -0.298913207
vn 0.00593256481 0.257723235 -0.966200569
vn 0.478772329 -0.877555429 0.0259523686
vn 0.0423825194 -0.999089599 0.00486786491
vn 0.0932106711 -0.995532535 0.0150579509
vn -0.122940628 -0.0505490857 -0.99112582
vn 0.330036766 -0.939682941 -0.0898426599
vn -0.471372639 -0.881855049 0.0118113225
vn -0.140566789 -0.931100008 -0.336591375
vn 0.225034285 -0.974333739 0.00577375103
vn 0.144378845 -0.989488352 0.00821887657
vn 0.915930733 -0.399494579 -0.0384053832
vn 0.915599977 -0.399217808 -0.0479773265
vn 0.895053315 -0.444161961 -0.0399964382
vn 0.717330472 -0.696722855 -0.00377578076
vn 0.905963974 -0.423183134 0.0120545861
vn 0.249042397 -0.968488093 0.00294937895
vn -0.0727895835 -0.997283485 0.0112839209
vn 0.977175878 -0.212152788 -0.0108856937
vn 0.782128397 -0.622667175 0.0236803569
vn 0.737861786 -0.674724762 0.0175065754
vn 0.86490048 -0.501418305 0.0229530735
vn 0.90440858 -0.426122696 0.0215538585
vn 0.886395781 -0.462420414 0.0216767345
vn -0.488489722 0.794041363 -0.361768027
vn -0.528249821 0.803814414 -0.273558977
vn -0.433025063 0.845958329 -0.311197366
vn 0.941830578 -0.336076483 -0.00278584204
vn 0.919852222 -0.392265075 -2.09794922e-05
vn 0.938834086 -0.344320224 0.00584322074
vn 0.298986793 -0.164758239 -0.939926391
vn 0.719953659 -0.693868221 -0.0146157624
vn 0.758907043 -0.65105099 -0.0138819673
vn 0.755645595 -0.65463953 -0.0211381506
vn 0.902584643 -0.429188964 -0.033731235
vn -0.00301761263 -0.129253106 -0.991607043
vn 0.919924596 -0.392047096 0.00614922985
vn -0.607229866 0.783760732 -0.130349546
vn -0.335230307 0.905583882 -0.259881655
vn 0.18109899 0.696648938 -0.694178229
vn -0.741753763 0.583277764 -0.331041394
vn 0.337593271 -0.28994664 -0.89552316
vn -0.396986152 0.417754749 -0.817241069
vn 0.978782518 -0.204740735 -0.00812488576
vn 0.791948415 -0.348081054 -0.50165455
vn 0.027492854 0.0675328638 -0.997338185
vn 0.932174216 -0.359495864 -0.0425905524
vn -0.748071186 0.625964643 -0.220358266
vn 0.936984725 -0.346105426 -0.0476514313
vn 0.98688136 -0.161170521 -0.00944689123
vn 0.520867104 -0.853617375 -0.00590229715
vn 0.731486249 -0.681351655 -0.026225757
vn 0.623801828 -0.781423188 -0.0157822958
vn 0.670673823 -0.741406244 -0.0226584015
vn 0.789803228 -0.613155976 -0.0158307031
vn 0.781119258 -0.624001299 -0.0217964092
vn 0.816417231 -0.57666203 -0.0303941945
vn 0.677174714 -0.735795161 0.00631568337
vn 0.958653099 -0.281949589 -0.0385832334
vn 0.974581532 0.22401166 -0.00310058178
vn 0.888640613 -0.458358106 0.0150235535
vn 0.854787902 -0.516191198 -0.0537055855
vn 0.891811148 -0.452352687 0.00706557263
vn 0.920899144 -0.389501967 0.0152638302
vn 0.746490332 -0.665370939 0.00580501103
vn -0.67456496 -0.0707666922 -0.734815753
vn 0.935639565 -0.352378992 -0.0201903658
vn 0.919268289 -0.392662421 -0.0276050051
vn 0.900220609 -0.434926061 -0.0210279963
vn 0.960445242 0.278440058 -0.00400886814
vn 0.971532494 -0.2365868 0.0123003895
vn 0.999707988 0.0208399131 -0.012232591
vn 0.997848134 0.0633985363 -0.016725017
vn 0.748030545 -0.663333209 -0.0209608851
vn 0.977945313 -0.207445884 -0.02427283
vn 0.976843213 -0.210337664 -0.039184237
vn 0.97396001 -0.225105127 -0.0270107457
vn 0.85572812 -0.514855628 -0.0515079345
vn 0.909399723 -0.415763959 -0.011509714
vn -0.00764528622 0.94880168 -0.315779862
vn 0.974184093 -0.225512521 -0.0104621511
vn 0.971136093 -0.238462441 0.00550935899
vn 0.957890855 -0.287125042 -0.00207854379
vn 0.925837785 -0.375953569 -0.0385137641
vn 0.881780578 -0.470895466 -0.0268416223
vn 0.95034015 -0.310984166 -0.0119351769
vn 0.963561492 -0.266813718 -0.0189655305
vn -0.0188129539 -0.260361778 -0.965327829
vn 0.735195248 -0.677795344 0.00902320914
vn 0.913926981 -0.405397026 0.019766776
vn 0.936606519 -0.34994328 0.0175478838
vn 0.960858771 -0.276983708 -0.00551787192
vn 0.958189488 0.286061687 -0.00645107403
vn 0.91905765 -0.394002447 -0.00975231111
vn 0.999023061 -0.0424905576 -0.0121440119
vn 0.861573087 -0.506134335 -0.0389852696
vn 0.893528518 -0.445325242 -0.057377838
vn 0.877106944 -0.480111018 -0.013297292
vn 0.94902264 -0.314361479 -0.0230843798
vn 0.674197656 -0.639404909 -0.369619916
vn 0.868302208 -0.49517428 -0.02921828
vn 0.617376985 -0.786615567 -0.00903372194
vn 0.831461394 -0.555207281 0.0204162692
vn -0.684189116 0.688336109 -0.240995134
vn 0.985838634 0.160389452 -0.0489633587
vn -0.8268954 -0.562319922 -0.00634842322
vn 0.740145264 0.669846491 -0.0590818675
vn -0.786964249 0.471571819 0.397878487
vn -0.460051112 -0.579144747 -0.673011393
vn -0.399902434 -0.915917939 -0.0342399175
vn -0.405801159 -0.849032616 -0.33833273
vn -0.784115844 -0.620596876 -0.00467554381
vn -0.42207313 -0.906559782 0.00190616333
vn -0.841360056 -0.540366098 -0.010850625
vn -0.881707177 -0.471764033 0.00558138381
vn 0.196864936 -0.900721721 -0.387226779
vn 0.0120083306 -0.851770232 -0.523777883
vn -0.78355419 -0.62131244 -0.00369921706
vn -0.750721699 -0.660604445 -0.00432408922
vn 0.8120951 0.581405159 -0.0496949569
vn -0.422295317 -0.906242943 0.0197583663
vn -0.172713812 -0.984901904 0.0117549769
vn 0.628800485 -0.776258797 -0.0450802513
vn -0.139157996 -0.990218686 0.010099823
vn -0.364725116 -0.93107465 0.00869407162
vn -0.119193502 -0.0328365143 -0.992327906
vn 0.705428759 -0.708624934 0.0148650584
vn 0.000760152011 -0.999937175 -0.0111834189
vn -0.0578440959 -0.99816615 -0.0178436914
vn 0.142537982 -0.989753008 -0.0084798243
vn 0.0170840912 -0.99943429 0.0289695204
vn 0.0128523133 -0.999736146 0.0190383132
vn -0.0138849543 -0.999675378 -0.0213622506
vn 0.0684561113 -0.134353801 -0.988566041
vn -0.212866388 0.701345285 -0.680296033
vn -0.00537696915 -0.999858908 0.0159138814
vn -0.520989839 -0.853557968 0.00289544672
vn -0.343924136 -0.938960494 0.00832947369
vn 0.167676882 -0.985762819 0.0124951124
vn 0.103954559 -0.994457752 0.0157235309
vn 0.185346151 -0.328897046 -0.92599867
vn 0.00959158238 -0.999893769 0.010975081
vn 0.175656751 -0.984379091 0.0119377617
vn 0.065122764 -0.997526666 0.026449493
vn -0.0368608056 -0.999295166 0.00710291606
vn 0.581304671 -0.813684467 -0.00157077174
vn 0.638513015 -0.769591155 -0.0055301655
vn 0.214170408 -0.976762118 0.00817315215
vn 0.214540208 -0.976670333 0.00935738094
vn 0.535899683 -0.844218323 0.0103417997
vn 0.145929279 -0.989167419 0.0158890784
vn 0.205613164 -0.978603729 -0.00761370418
vn 0.0509478873 -0.998696451 0.00311648414
vn 0.00881663311 -0.999953573 -0.00388824758
vn -0.27267435 -0.962106164 -0.0006539569
vn -0.117923723 -0.993022585 -0.000375124467
vn 0.858013099 -0.513306173 -0.0181739923
vn -0.142724135 -0.989736179 -0.00721918969
vn 0.0273048771 -0.999602333 0.00704408938
vn -0.164164666 -0.986395961 -0.00854232709
vn -0.6046875 -0.796376699 -0.0117124319
vn 0.671449509 -0.740889825 -0.0154215196
vn -0.501625105 -0.865069546 0.00518985553
vn 0.414717296 -0.909938344 0.00466632268
vn 0.483280633 -0.851119964 -0.205023501
vn -0.0864774554 -0.996224361 -0.00765978851
vn 0.221630939 -0.975129991 0.00110801054
vn 0.0128499259 -0.999893874 -0.00686442442
vn 0.0233638367 -0.985261951 -0.169449161
vn -0.89039059 -0.451852501 -0.0550809897
vn -0.728962491 -0.684468579 -0.0107912208
vn -0.829582534 -0.526938648 -0.184738952
vn -0.945946274 -0.32381854 -0.0180886436
vn -0.814124921 -0.580596434 -0.0104112664
vn -0.819722869 -0.572384084 -0.0207576184
vn -0.776177021 -0.630247301 -0.0183731103
vn -0.772420213 -0.633951529 -0.0383728291
vn -0.942692931 -0.333602809 -0.00626134876
vn -0.822464793 -0.568393886 0.021910145
vn -0.0213813849 -0.845267794 -0.533914968
vn -0.747508537 -0.661807833 -0.0569331176
vn -0.781820884 -0.620527916 -0.0608375758
vn -0.813653188 -0.578815237 -0.0542347696
vn -0.806196409 -0.586469826 -0.0781056565
vn -0.828275084 -0.560217132 -0.0108236259
vn -0.778507053 -0.627536294 -0.0111788825
vn -0.590522387 -0.806930399 -0.012109557
vn -0.42599318 -0.904724447 -0.00186710414
vn -0.562683714 -0.826630273 0.00833239257
vn -0.483191091 -0.875459451 0.00985490143
vn -0.433023842 -0.901380261 0.00199438477
vn 0.197186255 -0.909600263 0.365711558
vn 0.00121520713 -0.999984781 -0.00538154356
vn 0.00556827096 -0.999980675 -0.00276479155
vn -0.294143277 -0.955754681 0.00356683996
vn -0.955198586 0.291356025 0.0520319827
vn -0.972425972 0.230684342 0.0342412395
vn -0.950163955 0.31124417 0.0177630212
vn -0.794519517 0.602937442 0.0721469206
vn 0.184887877 -0.982750814 -0.00416053456
vn 0.251523198 -0.967837532 -0.00515678338
vn 0.419640069 -0.90768452 0.00332020401
vn -0.251925204 -0.967537228 -0.0201346243
vn 0.0404994293 -0.998665536 -0.0320459627
vn 0.264980752 -0.964216342 0.00848810515
vn -0.482788695 0.79916889 -0.358111939
vn -0.291145793 -0.956595411 -0.0126232262
vn -0.845747146 -0.533579403 -0.002187846
vn 0.000213835344 -0.00450144156 0.999989846
vn -0.629651835 -0.697763363 0.341562373
vn -0.536832095 -0.843676531 -0.00460578383
vn -0.30158153 0.0209859728 0.953209405
vn -0.388719774 -0.730619448 0.561330704
vn -0.00258193981 -0.0173983092 0.999845304
vn 0.027607821 -0.000833229983 0.999618484
vn -0.935405747 -0.352444722 0.028263155
vn -0.814950418 -0.57742359 0.0493742305
vn -0.709167538 -0.266100621 0.652894986
vn 0.0121052709 -0.999919912 -0.00369212839
vn 0.00178929869 -0.994753008 -0.102290034
vn -0.851122234 -0.521955278 0.056157201
vn -0.843196327 -0.529950062 0.0904040171
vn -0.885042912 -0.463686344 0.0411584582
vn -0.769052781 -0.638305961 0.033515968
vn -0.0326401053 -0.888548783 0.457619584
vn -0.987189326 0.15846087 0.0186383227
vn -0.985067579 0.167832642 0.0383936181
vn -0.968686001 0.240593848 0.061335408
vn -0.990709443 0.128235904 0.0452808168
vn -0.973736773 0.222894199 0.0464206103
vn -0.0163139425 -0.434106427 0.900713864
vn -0.997950208 0.0454075115 0.0450947966
vn -0.985741169 0.165602046 0.0298380611
vn -0.985695308 0.167271544 0.0206152854
vn -0.990113958 -0.137811051 0.0261240019
vn -0.00949913791 0.00600486122 0.999936852
vn -0.256958265 0.964502351 -0.0608905957
vn -0.226576923 0.972506023 -0.0538045817
vn -0.0110996438 0.00363198561 0.999931801
vn -0.0065717976 0.00352293494 0.9999722
vn -0.0133563888 0.00509419481 0.999897823
vn -0.979776948 -0.200081865 -0.00209274741
vn -0.807357037 0.587282986 0.0572128448
vn -0.356341869 -0.019004743 0.934162348
vn -0.378252248 0.271846149 0.884886947
vn 0.921237076 0.389001494 -0.000297178281
vn -0.593762623 0.798764783 0.0970606524
vn 0.0308732944 0.995517984 -0.0893911803
vn 0.565729542 0.823728401 -0.0377042001
vn 0.797688901 0.600824058 -0.051989127
vn -0.857552434 0.514047355 -0.0189509836
vn 0.075449115 -0.974976258 -0.209114147
vn 0.865766071 0.499798225 -0.0255116608
vn -0.979117672 0.202528775 0.0176261198
vn -0.0163032657 -0.381212658 0.924343612
vn -0.875865779 -0.05276757 0.479661047
vn -0.383915892 0.922538099 0.0391413439
vn -0.220909053 0.971616911 0.0846154167
vn -0.174265416 -0.916271449 0.360663549
vn -0.101914824 0.631237167 -0.768864752
vn -0.886822449 -0.462094289 0.00384873874
vn -0.767764946 0.632333797 -0.10339708
vn 0.00856574853 -0.793879273 -0.608015072
vn -0.922756457 -0.383663397 -0.0363719494
vn -0.853016025 -0.521879795 -0.00226722686
vn 0.0240988767 -0.737968134 -0.674405128
vn -0.000898973945 -0.999137007 0.0415262851
vn -0.0175554062 -0.986326422 -0.163865789
vn -0.012199791 -0.999639468 0.0239186013
vn -0.056959621 -0.784881417 0.617022497
vn -0.0263996915 -0.950671159 0.309075079
vn 0.00629538584 -0.863016744 0.505136088
vn -0.920713394 -0.388621016 0.0355042637
vn 0.838126705 -0.519457585 -0.166455531
vn -0.95504072 -0.295529684 0.0236522387
vn 0.951725265 -0.251717805 -0.175662082
vn 0.845205411 -0.52299128 -0.110036057
vn -0.183731649 -0.976526653 -0.112420533
vn -0.943188753 -0.161045651 -0.290618779
vn -0.943048931 -0.184645025 -0.276703685
vn -0.0544620801 -0.977820945 -0.202237684
vn -0.858723292 0.0042130351 -0.512422246
vn -0.835174499 -0.548696016 -0.0376329532
vn -0.202531588 -0.209713045 -0.956557053
vn 0.980160788 -0.0870700287 -0.178055157
vn -0.652704618 0.691521532 -0.309474801
vn -0.615914296 0.741307116 -0.266670846
vn 0.986686678 -0.00959395692 -0.162349484
vn 0.979405139 -0.14669334 -0.138732251
vn 0.98604475 -0.0846624715 -0.143345793
vn -0.145831646 -0.947793879 -0.283584017
vn -0.246667934 -0.938616725 -0.24115052
vn 0.962990088 0.269533077 0.00141822592
vn -0.431108075 0.888228089 -0.158734653
vn -0.0264177794 -0.991715035 -0.125711532
vn 0.826468908 -0.551180597 -0.114669499
vn -0.296559049 0.954418439 -0.0337368443
vn -0.0945880669 -0.986842668 -0.131128359
vn -0.569543811 0.819361928 0.0653136927
vn 0.212424684 0.970046376 -0.117837944
vn -0.364773611 0.926200713 0.0953543503
vn -0.389759962 0.917837845 0.0752387012
vn -0.263099471 0.964084081 0.0363394245
vn 0.337453529 -0.934198507 -0.115750877
vn -0.267406232 -0.959484366 -0.088789968
vn -0.208845364 -0.960299809 -0.184953752
vn -0.386449121 -0.903096908 -0.187278005
vn -0.157941892 -0.970354289 -0.18293964
vn 0.97663955 -0.212627093 -0.0310629646
vn 0.953169427 -0.269782842 -0.136694047
vn 0.840746334 0.535740893 -0.0782770605
vn 0.821117392 0.570631834 0.0120639286
vn -0.0907800705 -0.976479657 -0.195567019
vn -0.78013315 -0.624711917 -0.0335751146
vn -0.572150712 -0.818445771 -0.0528212315
vn 0.921644613 0.386610142 -0.0332235726
vn 0.661245091 0.749879424 -0.0208753353
vn 0.688305592 0.576444458 -0.440394367
vn 0.700445448 0.706440951 -0.101574394
vn 0.820848029 -0.570623825 0.0244328301
vn 0.776372556 -0.629879848 0.0222942048
vn 0.823354436 -0.566987716 0.0247467558
vn 0.846628567 0.531907341 -0.0171653638
vn 0.817288076 0.576180339 0.00751116541
vn 0.768615286 0.639600912 0.0118833938
vn -0.518933657 -0.8534925 -0.0475227537
vn -0.589763999 -0.807398551 -0.0169117059
vn -0.657063353 -0.753773719 -0.00964001244
vn -0.677528124 -0.735400571 -0.0119013397
vn 0.943511772 0.331330269 0.00240594833
vn -0.561782999 -0.827150894 -0.0148748611
vn -0.472613686 -0.880729969 -0.0308387037
vn 0.484854487 0.874512167 0.0120248338
vn -0.62012705 -0.784458543 -0.00819980274
vn -0.662969341 -0.748599436 -0.00839867393
vn -0.763435973 -0.645829069 -0.0083862701
vn -0.740736778 -0.671788446 -0.0030511909
vn -0.819490008 -0.572082203 0.0340305707
vn 0.713810223 0.700287888 0.00847583638
vn 0.587055966 0.80945525 0.0121445634
vn 0.687686224 0.725928317 0.01075804
vn 0.654310048 0.756209288 -0.00508664887
vn 0.662378314 0.749031071 0.014402212
vn -0.615723949 -0.781675137 -0.0993377999
vn -0.238581493 -0.969663671 -0.0532093652
vn -0.67915746 -0.731803186 -0.0566501675
vn 0.801282795 0.596713516 -0.0433458399
vn 0.714070538 0.699982806 0.0112844016
vn -0.692398893 -0.721496856 -0.00510486925
vn 0.985019853 -0.172350529 0.0055843596
vn 0.919825096 0.392326808 0.00121156397
vn 0.71201568 -0.125497178 -0.690857532
vn -0.862985414 -0.424147262 -0.274509151
vn 0.857052281 -0.514936719 0.0173655727
vn 0.854069517 -0.440089335 -0.277284396
vn 0.918830791 -0.197521949 -0.341665124
vn 0.948902731 -0.309916285 -0.0594600932
vn -0.721954187 -0.691908997 -0.00664017402
vn -0.776759396 -0.62978925 -0.00321587173
vn -0.86336088 -0.502407695 0.0468454815
vn -0.22697017 0.159101983 -0.960817933
vn -0.823701458 0.505802024 -0.256281526
vn 0.0521583661 0.154499953 -0.986615056
vn -0.890379102 -0.455211743 0.00270605054
vn 0.157528584 -0.0960099293 -0.98283612
vn 0.516519262 0.511857495 -0.686447199
vn 0.975625949 0.215489561 -0.0414518608
vn 0.0224771775 0.601249769 0.798744948
vn -0.349253158 0.886582633 -0.303304246
vn 0.242188866 -0.581222495 -0.776868692
vn 0.708088275 0.0209076993 -0.705814326
vn 0.95647007 0.290085898 -0.0318618344
vn 0.936865104 0.349215711 -0.0182253811
vn 0.424376175 0.897338049 -0.121199377
vn 0.891609405 0.447087403 -0.0717323032
vn 0.953077572 0.302219919 -0.0175003545
vn 0.696813381 0.715745836 -0.0464651502
vn -0.0288771173 0.97721312 -0.210287018
vn -0.0167165251 0.999550145 -0.0249011205
vn -0.0217015198 0.997887811 -0.0612287532
vn 0.962641436 -0.270020183 0.0202624231
vn 0.102291573 0.859443812 0.500891973
vn -0.00150963652 -0.244950777 0.969534341
vn 0.993138618 -0.103962264 0.0535493607
vn -0.00478782115 0.570883374 0.821017204
vn 0.0218837535 0.414560774 0.909758466
vn -0.0162982956 0.488557767 0.872379317
vn 0.428290388 0.902013865 -0.0542063781
vn -0.000493972206 0.752415772 0.658688289
vn 0.00684381342 0.710941516 0.703217835
vn 0.928578207 0.371083766 0.00627307442
vn 0.966001956 0.258530236 0.00152933473
vn 0.00269273944 0.00714604092 0.999970841
vn 0.249676442 0.962018578 -0.110371783
vn 0.00651098381 0.00706224222 0.999953865
vn 0.773647667 0.528897354 0.348908121
vn 0.396566765 0.360453958 0.844279424
vn -0.00321559151 0.0054424336 0.99998002
vn -0.0284634037 -0.0137983545 0.999499595
vn 0.0110936601 0.000322657782 0.999938411
vn -0.0101203106 -0.00309322929 0.999944004
vn 0.321024064 0.108633305 0.940820044
vn 0.999758727 -0.0215637006 0.00418268902
vn 0.999858539 0.0167177206 0.00184936082
vn 0.999537098 0.0296880641 0.00664896993
vn -0.0175203786 -0.0121852376 0.999772252
vn -0.0235710453 -0.0148018041 0.999612581
vn 0.0204862035 -0.0089443502 0.999750126
vn 0.0142649446 -0.00502746683 0.999885611
vn 0.98314081 0.182846319 -0.00117072098
vn 0.991225999 -0.12352763 0.047031312
vn 0.980472461 -0.153085472 0.123444693
vn 0.950235611 -0.306074265 0.0580588252
vn 0.998674078 0.0184415585 -0.0480624101
vn -0.00288995716 -0.277076217 0.960843597
vn 0.142214948 0.212145173 0.966834698
vn 0.744899074 0.59666522 0.298523005
vn -0.00240005024 -0.74028178 0.672292441
vn 0.0682377816 -0.726561206 -0.683704921
vn -0.000928769988 -0.982384483 0.186868576
vn -0.00596232081 -0.999708894 0.0233790077
vn 0.0140066647 -0.999789024 -0.0150240056
vn 0.776797739 -0.629692173 0.00854635897
vn 0.751756562 -0.65940834 0.00653545023
vn 0.687654806 -0.726011299 0.00620169935
vn 0.0253951213 -0.707770094 0.705986247
vn 0.0144626443 -0.913080964 0.407521761
vn 0.968747972 -0.231401394 0.0893351043
vn 0.95821056 -0.281335574 0.051795916
vn 0.866513471 -0.49915155 -0.00146103866
vn 0.94540307 -0.322882497 0.0442710684
vn 0.722149407 -0.690010717 -0.0488410103
vn 0.858931822 -0.511506679 0.0244344533
vn 0.868203776 -0.495770174 0.0208359717
vn 0.969293167 -0.240649636 0.0505817012
vn 0.807170272 -0.590313376 0.0025037865
vn 0.857135236 -0.515071786 0.00449917977
vn 0.894736571 -0.446583372 0.00312414282
vn 0.828562404 -0.559751587 0.0127477339
vn 0.918152517 -0.396014776 0.0129712133
vn 0.0134517395 -0.0139386422 0.999812365
vn 0.00529626674 -0.0068126026 0.999962768
vn 0.274662577 -0.894019699 0.35396221
vn 0.642200061 -0.766364228 -0.0162773397
vn 0.647698652 -0.761896056 -0.000924884693
vn 0.960498181 -0.276888042 -0.0278613702
vn 0.95917704 -0.282709171 0.00741152492
vn 0.978723404 -0.205177134 -0.00168573338
vn 0.0102672189 -0.0164164445 0.999812525
vn 0.15706975 -0.205101585 0.966055088
vn 0.535014791 -0.844620656 -0.0193680211
vn 0.557122142 -0.830281718 -0.0157221732
vn 0.635939079 -0.771694596 -0.00830288308
vn 0.676350452 -0.736547368 0.00693107598
vn 0.661637075 -0.749815235 0.00367354271
vn 0.004173002 -0.0142423599 0.999889865
vn 0.44364584 -0.896187364 0.00515525774
vn 0.408931084 -0.912559087 -0.00335880986
vn 0.518531821 -0.855026613 0.00736493903
vn 0.646795159 -0.762478052 -0.0168298013
vn 0.672092275 -0.74031966 -0.0147910453
vn 0.641201684 -0.767317472 -0.00918137337
vn 0.77353923 -0.631506081 -0.0532647021
vn 0.812581849 -0.582847098 -7.86164258e-06
vn 0.792275317 -0.610163767 -7.0133982e-06
vn 0.379510877 -0.925181848 0.00316896204
vn 0.38382214 -0.923398202 0.004040512
vn 0.711588559 -0.702327268 -0.0194456126
vn 0.808155552 -0.58780766 -0.0369696918
vn 0.659188821 -0.738889856 0.13968493
vn 0.952583945 -0.302458104 -0.0332102908
vn 0.981585128 -0.186791406 -0.0399950944
vn 0.974884297 -0.221904747 0.0189443971
vn 0.758306261 -0.651879796 -0.00493420877
vn -0.630588163 0.722312533 -0.283942202
vn 0.211715887 -0.977116745 -0.0204755862
vn 0.39066162 -0.920534146 0.000620809164
vn 0.664611432 -0.746669987 -0.0278491319
vn 0.626084963 -0.779696795 -0.00951462987
vn 0.252400869 -0.967615253 -0.00381104741
vn 0.495639364 -0.86851964 -0.00390598253
vn -0.148250175 0.896241037 -0.418059673
vn 0.26808184 -0.963395898 0.000686207745
vn 0.323024846 -0.946377382 0.00497997548
vn 0.301340976 -0.953487462 0.00743483738
vn -0.823877196 0.537512815 -0.179739646
vn 0.820605392 -0.571419212 0.00932068603
vn 0.781054886 -0.62445224 -0.00355864125
vn 0.643999698 -0.660087552 -0.386715417
vn 0.760370883 -0.64467454 -0.0789357774
vn 0.69470182 -0.7192442 -0.00878419176
vn 0.0813444779 0.0411240381 -0.995837281
vn 0.875250576 -0.467984603 -0.122175451
vn 0.98218758 -0.182477946 -0.0448258625
vn 0.968438915 -0.245329215 -0.044041393
vn 0.880467076 -0.469163353 -0.0682896459
vn 0.888909105 -0.457691087 0.0189597384
vn 0.856566446 -0.51555297 0.022339628
vn 0.790317304 -0.612509543 0.0151861215
vn 0.0303386157 0.996994733 0.0712816273
vn 0.696037895 0.710586596 -0.102946286
f 1//1 2//2 3//3
f 4//4 5//5 6//6
f 9//9 8//8 7//7
f 10//10 11//11 12//12
f 13//13 14//14 15//15
f 18//18 17//17 16//16
f 19//19 20//20 21//21
f 22//22 23//23 24//24
f 25//25 26//26 27//27
f 11//11 10//10 28//28
f 29//29 30//30 22//22
f 31//31 32//32 33//33
f 36//36 35//35 34//34
f 37//37 38//38 39//39
f 42//42 41//41 40//40
f 43//43 44//44 45//45
f 46//46 47//47 48//48
f 51//51 50//50 49//49
f 52//52 53//53 54//54
f 57//57 56//56 55//55
f 60//60 59//59 58//58
f 61//61 62//62 63//63
f 64//64 65//65 66//66
f 69//69 68//68 67//67
f 72//72 71//71 70//70
f 73//73 74//74 75//75
f 78//78 77//77 76//76
f 79//79 80//80 81//81
f 82//82 83//83 84//84
f 85//85 86//86 87//87
f 90//90 89//89 88//88
f 92//92 91//91 69//69
f 95//95 94//94 93//93
f 64//64 66//66 96//96
f 97//97 98//98 99//99
f 100//100 101//101 102//102
f 104//104 101//101 103//103
f 107//107 106//106 105//105
f 110//110 109//109 108//108
f 111//111 112//112 113//113
f 103//103 101//101 100//100
f 100//100 114//114 103//103
f 117//117 116//116 115//115
f 120//120 119//119 118//118
f 121//121 122//122 123//123
f 126//126 125//125 124//124
f 127//127 128//128 49//49
f 129//129 130//130 131//131
f 132//132 133//133 134//134
f 135//135 136//136 137//137
f 121//121 139//139 138//138
f 140//140 141//141 142//142
f 127//127 49//49 143//143
f 144//144 145//145 146//146
f 72//72 148//148 147//147
f 104//104 103//103 149//149
f 150//150 151//151 152//152
f 114//114 149//149 103//103
f 155//155 154//154 153//153
f 156//156 157//157 158//158
f 159//159 160//160 161//161
f 162//162 152//152 151//151
f 165//165 164//164 163//163
f 168//168 167//167 166//166
f 121//121 169//169 122//122
f 170//170 171//171 172//172
f 173//173 174//174 175//175
f 176//176 75//75 74//74
f 179//179 178//178 177//177
f 134//134 133//133 180//180
f 54//54 181//181 182//182
f 183//183 184//184 185//185
f 67//67 186//186 187//187
f 164//164 165//165 188//188
f 189//189 190//190 191//191
f 194//194 193//193 192//192
f 195//195 196//196 197//197
f 200//200 199//199 198//198
f 29//29 201//201 202//202
f 203//203 204//204 205//205
f 208//208 207//207 206//206
f 209//209 210//210 211//211
f 212//212 213//213 214//214
f 215//215 216//216 217//217
f 220//220 219//219 218//218
f 221//221 222//222 223//223
f 224//224 225//225 226//226
f 227//227 27//27 26//26
f 228//228 52//52 54//54
f 230//230 31//31 229//229
f 233//233 232//232 231//231
f 234//234 235//235 236//236
f 237//237 189//189 191//191
f 239//239 238//238 208//208
f 240//240 241//241 242//242
f 243//243 154//154 155//155
f 245//245 244//244 147//147
f 248//248 247//247 246//246
f 185//185 184//184 249//249
f 174//174 173//173 250//250
f 95//95 251//251 94//94
f 252//252 42//42 253//253
f 254//254 62//62 61//61
f 255//255 256//256 257//257
f 258//258 259//259 260//260
f 263//263 262//262 261//261
f 266//266 265//265 264//264
f 268//268 206//206 267//267
f 271//271 270//270 269//269
f 170//170 272//272 273//273
f 274//274 275//275 276//276
f 277//277 257//257 43//43
f 202//202 215//215 217//217
f 278//278 279//279 280//280
f 283//283 282//282 281//281
f 284//284 285//285 286//286
f 289//289 288//288 287//287
f 290//290 291//291 292//292
f 295//295 294//294 293//293
f 296//296 297//297 298//298
f 301//301 300//300 299//299
f 302//302 303//303 304//304
f 307//307 306//306 305//305
f 25//25 93//93 26//26
f 308//308 309//309 310//310
f 311//311 112//112 111//111
f 314//314 313//313 312//312
f 298//298 316//316 315//315
f 317//317 318//318 319//319
f 320//320 321//321 322//322
f 323//323 324//324 325//325
f 328//328 327//327 326//326
f 331//331 330//330 329//329
f 334//334 333//333 332//332
f 335//335 336//336 337//337
f 338//338 294//294 295//295
f 340//340 321//321 339//339
f 343//343 342//342 341//341
f 37//37 344//344 22//22
f 347//347 346//346 345//345
f 350//350 349//349 348//348
f 353//353 352//352 351//351
f 356//356 355//355 354//354
f 358//358 357//357 343//343
f 325//325 309//309 359//359
f 362//362 361//361 360//360
f 363//363 364//364 365//365
f 368//368 367//367 366//366
f 369//369 370//370 371//371
f 374//374 373//373 372//372
f 377//377 376//376 375//375
f 380//380 379//379 378//378
f 382//382 381//381 369//369
f 383//383 384//384 385//385
f 386//386 387//387 388//388
f 389//389 390//390 391//391
f 392//392 327//327 393//393
f 128//128 394//394 232//232
f 232//232 394//394 231//231
f 397//397 396//396 395//395
f 398//398 399//399 400//400
f 401//401 402//402 403//403
f 404//404 405//405 406//406
f 408//408 353//353 407//407
f 409//409 111//111 410//410
f 411//411 350//350 348//348
f 414//414 413//413 412//412
f 415//415 416//416 417//417
f 420//420 419//419 418//418
f 423//423 422//422 421//421
f 424//424 425//425 426//426
f 429//429 428//428 427//427
f 430//430 431//431 432//432
f 435//435 434//434 433//433
f 436//436 437//437 438//438
f 150//150 440//440 439//439
f 441//441 18//18 16//16
f 424//424 426//426 442//442
f 443//443 444//444 445//445
f 446//446 445//445 444//444
f 375//375 448//448 447//447
f 451//451 450//450 449//449
f 454//454 453//453 452//452
f 455//455 456//456 457//457
f 458//458 459//459 460//460
f 461//461 462//462 463//463
f 461//461 463//463 464//464
f 465//465 355//355 356//356
f 466//466 467//467 468//468
f 471//471 470//470 469//469
f 474//474 473//473 472//472
f 475//475 476//476 477//477
f 480//480 479//479 478//478
f 481//481 480//480 478//478
f 85//85 482//482 86//86
f 483//483 482//482 85//85
f 484//484 485//485 486//486
f 487//487 142//142 141//141
f 490//490 489//489 488//488
f 493//493 492//492 491//491
f 161//161 160//160 494//494
f 497//497 496//496 495//495
f 474//474 472//472 498//498
f 501//501 500//500 499//499
f 395//395 396//396 502//502
f 505//505 504//504 503//503
f 504//504 505//505 506//506
f 508//508 16//16 507//507
f 509//509 476//476 510//510
f 511//511 512//512 513//513
f 514//514 515//515 516//516
f 517//517 518//518 519//519
f 479//479 520//520 521//521
f 466//466 475//475 522//522
f 525//525 524//524 523//523
f 528//528 527//527 526//526
f 529//529 60//60 406//406
f 530//530 356//356 354//354
f 531//531 532//532 533//533
f 536//536 535//535 534//534
f 537//537 538//538 539//539
f 542//542 541//541 540//540
f 543//543 544//544 545//545
f 546//546 547//547 548//548
f 549//549 550//550 551//551
f 554//554 553//553 552//552
f 301//301 299//299 555//555
f 556//556 557//557 558//558
f 558//558 559//559 556//556
f 561//561 560//560 335//335
f 564//564 563//563 562//562
f 565//565 566//566 567//567
f 570//570 569//569 568//568
f 572//572 571//571 39//39
f 39//39 571//571 573//573
f 574//574 575//575 576//576
f 579//579 578//578 577//577
f 580//580 581//581 36//36
f 582//582 281//281 282//282
f 583//583 584//584 585//585
f 55//55 56//56 37//37
f 386//386 586//586 387//387
f 588//588 587//587 44//44
f 589//589 28//28 37//37
f 592//592 591//591 590//590
f 545//545 544//544 593//593
f 593//593 594//594 545//545
f 595//595 596//596 597//597
f 600//600 599//599 598//598
f 601//601 314//314 303//303
f 602//602 603//603 604//604
f 44//44 587//587 45//45
f 605//605 291//291 290//290
f 606//606 607//607 608//608
f 609//609 575//575 63//63
f 612//612 611//611 610//610
f 613//613 614//614 615//615
f 616//616 617//617 618//618
f 619//619 587//587 562//562
f 622//622 621//621 620//620
f 56//56 623//623 37//37
f 624//624 569//569 570//570
f 326//326 626//626 625//625
f 549//549 627//627 628//628
f 629//629 628//628 627//627
f 631//631 45//45 630//630
f 632//632 633//633 634//634
f 263//263 635//635 262//262
f 239//239 208//208 206//206
f 206//206 636//636 637//637
f 638//638 639//639 27//27
f 128//128 232//232 49//49
f 49//49 232//232 51//51
f 208//208 238//238 251//251
f 636//636 640//640 637//637
f 297//297 296//296 284//284
f 641//641 251//251 95//95
f 344//344 623//623 642//642
f 588//588 44//44 57//57
f 564//564 588//588 57//57
f 50//50 643//643 644//644
f 562//562 588//588 564//564
f 647//647 646//646 645//645
f 648//648 647//647 645//645
f 576//576 649//649 574//574
f 650//650 277//277 631//631
f 653//653 652//652 651//651
f 643//643 654//654 644//644
f 657//657 656//656 655//655
f 95//95 658//658 641//641
f 650//650 631//631 659//659
f 267//267 650//650 659//659
f 662//662 661//661 660//660
f 663//663 651//651 664//664
f 652//652 13//13 665//665
f 45//45 631//631 277//277
f 667//667 666//666 65//65
f 640//640 669//669 668//668
f 23//23 65//65 666//666
f 630//630 587//587 619//619
f 670//670 12//12 11//11
f 670//670 671//671 672//672
f 277//277 43//43 45//45
f 647//647 64//64 646//646
f 23//23 344//344 642//642
f 127//127 143//143 673//673
f 674//674 307//307 305//305
f 667//667 65//65 64//64
f 310//310 675//675 308//308
f 571//571 577//577 578//578
f 28//28 38//38 37//37
f 678//678 677//677 676//676
f 1//1 219//219 220//220
f 251//251 238//238 94//94
f 62//62 254//254 238//238
f 638//638 27//27 227//227
f 92//92 679//679 91//91
f 680//680 681//681 649//649
f 39//39 682//682 572//572
f 254//254 26//26 93//93
f 685//685 684//684 683//683
f 688//688 687//687 686//686
f 638//638 227//227 237//237
f 689//689 620//620 690//690
f 573//573 691//691 598//598
f 573//573 692//692 39//39
f 680//680 301//301 555//555
f 693//693 694//694 695//695
f 22//22 344//344 23//23
f 696//696 697//697 698//698
f 699//699 190//190 189//189
f 702//702 701//701 700//700
f 239//239 206//206 268//268
f 703//703 239//239 268//268
f 704//704 705//705 706//706
f 20//20 19//19 82//82
f 238//238 707//707 62//62
f 63//63 575//575 574//574
f 710//710 709//709 708//708
f 695//695 190//190 699//699
f 712//712 711//711 298//298
f 715//715 714//714 713//713
f 716//716 717//717 718//718
f 719//719 720//720 721//721
f 704//704 706//706 717//717
f 574//574 695//695 722//722
f 723//723 82//82 19//19
f 721//721 579//579 719//719
f 682//682 577//577 572//572
f 38//38 577//577 682//682
f 579//579 21//21 578//578
f 724//724 725//725 77//77
f 578//578 21//21 20//20
f 20//20 571//571 578//578
f 316//316 298//298 726//726
f 727//727 586//586 386//386
f 730//730 729//729 728//728
f 704//704 731//731 685//685
f 705//705 704//704 685//685
f 717//717 714//714 704//704
f 732//732 733//733 734//734
f 714//714 717//717 716//716
f 737//737 736//736 735//735
f 600//600 717//717 705//705
f 555//555 681//681 680//680
f 738//738 681//681 555//555
f 320//320 322//322 739//739
f 714//714 715//715 704//704
f 697//697 741//741 740//740
f 239//239 707//707 238//238
f 742//742 648//648 645//645
f 745//745 744//744 743//743
f 746//746 747//747 281//281
f 737//737 735//735 748//748
f 737//737 748//748 749//749
f 260//260 724//724 258//258
f 752//752 751//751 750//750
f 755//755 754//754 753//753
f 674//674 756//756 307//307
f 758//758 757//757 144//144
f 274//274 759//759 260//260
f 760//760 485//485 484//484
f 761//761 762//762 763//763
f 765//765 90//90 764//764
f 768//768 767//767 766//766
f 768//768 769//769 767//767
f 770//770 771//771 736//736
f 42//42 40//40 772//772
f 773//773 275//275 260//260
f 776//776 775//775 774//774
f 777//777 775//775 776//776
f 721//721 21//21 579//579
f 748//748 779//779 778//778
f 780//780 781//781 782//782
f 748//748 778//778 749//749
f 783//783 784//784 785//785
f 785//785 786//786 783//783
f 786//786 787//787 78//78
f 789//789 788//788 696//696
f 782//782 781//781 790//790
f 793//793 792//792 791//791
f 794//794 620//620 689//689
f 24//24 795//795 22//22
f 690//690 620//620 796//796
f 798//798 773//773 797//797
f 275//275 773//773 798//798
f 275//275 274//274 260//260
f 799//799 782//782 689//689
f 802//802 801//801 800//800
f 67//67 803//803 186//186
f 806//806 805//805 804//804
f 583//583 664//664 646//646
f 237//237 191//191 807//807
f 808//808 809//809 224//224
f 232//232 233//233 51//51
f 730//730 728//728 810//810
f 813//813 812//812 811//811
f 815//815 814//814 276//276
f 816//816 224//224 817//817
f 233//233 171//171 51//51
f 818//818 819//819 820//820
f 730//730 792//792 729//729
f 823//823 822//822 821//821
f 14//14 273//273 15//15
f 825//825 824//824 290//290
f 57//57 44//44 826//826
f 394//394 827//827 791//791
f 226//226 817//817 224//224
f 75//75 176//176 828//828
f 829//829 830//830 831//831
f 621//621 796//796 620//620
f 793//793 794//794 729//729
f 815//815 798//798 832//832
f 833//833 834//834 835//835
f 40//40 836//836 809//809
f 837//837 838//838 839//839
f 840//840 841//841 248//248
f 842//842 133//133 132//132
f 844//844 843//843 634//634
f 672//672 846//846 845//845
f 225//225 836//836 847//847
f 850//850 849//849 848//848
f 851//851 852//852 853//853
f 854//854 852//852 837//837
f 855//855 847//847 853//853
f 225//225 847//847 855//855
f 127//127 673//673 25//25
f 263//263 825//825 856//856
f 857//857 858//858 859//859
f 233//233 231//231 860//860
f 861//861 862//862 863//863
f 864//864 814//814 865//865
f 763//763 762//762 818//818
f 868//868 867//867 866//866
f 259//259 773//773 260//260
f 40//40 819//819 772//772
f 869//869 499//499 500//500
f 870//870 871//871 855//855
f 872//872 134//134 180//180
f 873//873 828//828 176//176
f 252//252 253//253 874//874
f 874//874 875//875 252//252
f 876//876 796//796 777//777
f 729//729 877//877 728//728
f 864//864 877//877 790//790
f 877//877 878//878 728//728
f 763//763 864//864 865//865
f 865//865 761//761 763//763
f 864//864 763//763 877//877
f 860//860 231//231 879//879
f 879//879 231//231 792//792
f 180//180 880//880 874//874
f 780//780 782//782 799//799
f 276//276 780//780 881//881
f 881//881 274//274 276//276
f 793//793 729//729 792//792
f 796//796 876//876 690//690
f 882//882 773//773 259//259
f 884//884 883//883 252//252
f 252//252 883//883 42//42
f 41//41 885//885 851//851
f 772//772 886//886 253//253
f 772//772 253//253 42//42
f 874//874 253//253 887//887
f 882//882 797//797 773//773
f 890//890 889//889 888//888
f 844//844 891//891 843//843
f 893//893 892//892 822//822
f 781//781 814//814 864//864
f 780//780 814//814 781//781
f 894//894 832//832 798//798
f 798//798 797//797 894//894
f 895//895 837//837 852//852
f 758//758 144//144 896//896
f 899//899 898//898 897//897
f 900//900 757//757 758//758
f 900//900 758//758 891//891
f 72//72 147//147 901//901
f 72//72 901//901 902//902
f 905//905 904//904 903//903
f 906//906 907//907 908//908
f 909//909 365//365 9//9
f 912//912 911//911 910//910
f 914//914 913//913 97//97
f 913//913 914//914 144//144
f 144//144 914//914 145//145
f 632//632 915//915 916//916
f 917//917 918//918 52//52
f 921//921 920//920 919//919
f 924//924 923//923 922//922
f 927//927 926//926 925//925
f 771//771 770//770 928//928
f 927//927 925//925 294//294
f 931//931 930//930 929//929
f 932//932 500//500 501//501
f 914//914 933//933 145//145
f 99//99 933//933 914//914
f 891//891 934//934 900//900
f 935//935 936//936 937//937
f 940//940 939//939 938//938
f 941//941 942//942 943//943
f 946//946 945//945 944//944
f 869//869 491//491 492//492
f 257//257 826//826 43//43
f 949//949 948//948 947//947
f 950//950 98//98 951//951
f 952//952 953//953 904//904
f 904//904 905//905 952//952
f 954//954 955//955 956//956
f 99//99 914//914 97//97
f 951//951 813//813 950//950
f 957//957 813//813 951//951
f 925//925 904//904 953//953
f 959//959 957//957 958//958
f 925//925 926//926 960//960
f 959//959 960//960 926//926
f 786//786 68//68 800//800
f 91//91 68//68 69//69
f 68//68 91//91 800//800
f 929//929 186//186 931//931
f 293//293 961//961 295//295
f 962//962 963//963 964//964
f 967//967 966//966 965//965
f 737//737 749//749 968//968
f 971//971 970//970 969//969
f 974//974 973//973 972//972
f 975//975 976//976 977//977
f 957//957 951//951 958//958
f 960//960 904//904 925//925
f 913//913 144//144 757//757
f 903//903 958//958 951//951
f 661//661 978//978 660//660
f 979//979 33//33 32//32
f 979//979 32//32 980//980
f 981//981 897//897 99//99
f 99//99 897//897 933//933
f 982//982 983//983 984//984
f 987//987 986//986 985//985
f 990//990 989//989 988//988
f 151//151 150//150 439//439
f 463//463 991//991 464//464
f 994//994 993//993 992//992
f 995//995 464//464 923//923
f 923//923 464//464 991//991
f 996//996 997//997 101//101
f 923//923 493//493 995//995
f 415//415 998//998 999//999
f 85//85 1000//1000 1001//1001
f 1004//1004 1003//1003 1002//1002
f 149//149 1005//1005 104//104
f 155//155 153//153 944//944
f 151//151 1007//1007 1006//1006
f 1010//1010 1009//1009 1008//1008
f 8//8 1011//1011 7//7
f 247//247 248//248 841//841
f 1012//1012 439//439 440//440
f 997//997 102//102 101//101
f 493//493 923//923 492//492
f 1013//1013 1014//1014 898//898
f 183//183 1015//1015 195//195
f 1016//1016 1017//1017 1018//1018
f 1019//1019 1020//1020 1021//1021
f 1022//1022 1023//1023 1024//1024
f 81//81 80//80 450//450
f 1025//1025 967//967 1026//1026
f 960//960 959//959 958//958
f 183//183 195//195 184//184
f 144//144 146//146 896//896
f 1029//1029 1028//1028 1027//1027
f 1030//1030 1031//1031 868//868
f 131//131 1033//1033 1032//1032
f 1032//1032 129//129 131//131
f 1036//1036 1035//1035 1034//1034
f 1038//1038 1037//1037 451//451
f 1005//1005 996//996 104//104
f 243//243 155//155 1003//1003
f 1039//1039 1035//1035 1036//1036
f 1034//1034 7//7 1040//1040
f 1040//1040 7//7 1011//1011
f 9//9 7//7 1041//1041
f 492//492 923//923 924//924
f 90//90 765//765 89//89
f 1003//1003 155//155 1002//1002
f 1044//1044 1043//1043 1042//1042
f 8//8 364//364 1011//1011
f 1045//1045 1046//1046 1047//1047
f 1048//1048 80//80 79//79
f 974//974 1050//1050 1049//1049
f 246//246 247//247 1051//1051
f 1052//1052 1053//1053 1054//1054
f 1055//1055 469//469 999//999
f 1058//1058 1057//1057 1056//1056
f 1051//1051 88//88 89//89
f 1061//1061 1060//1060 1059//1059
f 1063//1063 841//841 1062//1062
f 1062//1062 1064//1064 1063//1063
f 1065//1065 1066//1066 1067//1067
f 976//976 1025//1025 1026//1026
f 1061//1061 1068//1068 1069//1069
f 1070//1070 1051//1051 247//247
f 1062//1062 1071//1071 1072//1072
f 1073//1073 1074//1074 1075//1075
f 918//918 1017//1017 1076//1076
f 1077//1077 996//996 966//966
f 1079//1079 174//174 1078//1078
f 1080//1080 1081//1081 1082//1082
f 1080//1080 1082//1082 1064//1064
f 965//965 1083//1083 1084//1084
f 965//965 1084//1084 967//967
f 1085//1085 1086//1086 1087//1087
f 1090//1090 1089//1089 1088//1088
f 996//996 965//965 966//966
f 765//765 1091//1091 168//168
f 765//765 168//168 89//89
f 1092//1092 250//250 911//911
f 1072//1072 1093//1093 1080//1080
f 156//156 158//158 1094//1094
f 1080//1080 1064//1064 1072//1072
f 487//487 1095//1095 142//142
f 1096//1096 451//451 1037//1037
f 1097//1097 1098//1098 1099//1099
f 1100//1100 1101//1101 1102//1102
f 1103//1103 1095//1095 1104//1104
f 977//977 1105//1105 975//975
f 1026//1026 1106//1106 976//976
f 1107//1107 1089//1089 1090//1090
f 1108//1108 1107//1107 1090//1090
f 451//451 1096//1096 1109//1109
f 1110//1110 486//486 1111//1111
f 996//996 101//101 104//104
f 1113//1113 1045//1045 1112//1112
f 451//451 81//81 450//450
f 1081//1081 1115//1115 1114//1114
f 1109//1109 81//81 451//451
f 1045//1045 1047//1047 1116//1116
f 1085//1085 1117//1117 1118//1118
f 1085//1085 1118//1118 1119//1119
f 1120//1120 1118//1118 1117//1117
f 1123//1123 1122//1122 1121//1121
f 1122//1122 1123//1123 1011//1011
f 975//975 1124//1124 976//976
f 986//986 1123//1123 1121//1121
f 1025//1025 976//976 1124//1124
f 482//482 1125//1125 1126//1126
f 483//483 1125//1125 482//482
f 1127//1127 1125//1125 483//483
f 1128//1128 1129//1129 1130//1130
f 365//365 8//8 9//9
f 364//364 1122//1122 1011//1011
f 1133//1133 1132//1132 1131//1131
f 975//975 764//764 1124//1124
f 1134//1134 154//154 243//243
f 921//921 74//74 73//73
f 79//79 1109//1109 1111//1111
f 988//988 989//989 1135//1135
f 985//985 1036//1036 1034//1034
f 1023//1023 1136//1136 1137//1137
f 1138//1138 1136//1136 1023//1023
f 1048//1048 989//989 972//972
f 79//79 81//81 1109//1109
f 972//972 989//989 990//990
f 1048//1048 972//972 973//973
f 1140//1140 1139//1139 461//461
f 1143//1143 1142//1142 1141//1141
f 1144//1144 1145//1145 1146//1146
f 1149//1149 1148//1148 1147//1147
f 147//147 1150//1150 901//901
f 1012//1012 1067//1067 1086//1086
f 973//973 450//450 80//80
f 973//973 80//80 1048//1048
f 1049//1049 1152//1152 1151//1151
f 236//236 1154//1154 1153//1153
f 1155//1155 440//440 150//150
f 182//182 1156//1156 1116//1116
f 1087//1087 1086//1086 1067//1067
f 1159//1159 1158//1158 1157//1157
f 1162//1162 1161//1161 1160//1160
f 1164//1164 1152//1152 1163//1163
f 1165//1165 1087//1087 1067//1067
f 1165//1165 1067//1067 1066//1066
f 1160//1160 1132//1132 162//162
f 1168//1168 1167//1167 1166//1166
f 181//181 130//130 182//182
f 131//131 130//130 181//181
f 1169//1169 1067//1067 1012//1012
f 1088//1088 1089//1089 145//145
f 1170//1170 158//158 1171//1171
f 1172//1172 234//234 1173//1173
f 1116//1116 54//54 182//182
f 1174//1174 228//228 54//54
f 1116//1116 1174//1174 54//54
f 1116//1116 1047//1047 1174//1174
f 1037//1037 1084//1084 1083//1083
f 1093//1093 1072//1072 1018//1018
f 1093//1093 1018//1018 1175//1175
f 1176//1176 907//907 906//906
f 906//906 1114//1114 1176//1176
f 152//152 162//162 1132//1132
f 152//152 1132//1132 1133//1133
f 157//157 1178//1178 1177//1177
f 1108//1108 130//130 129//129
f 1072//1072 1064//1064 1062//1062
f 1088//1088 1113//1113 1090//1090
f 1181//1181 1180//1180 1179//1179
f 151//151 1006//1006 162//162
f 1022//1022 1024//1024 1182//1182
f 1185//1185 1184//1184 1183//1183
f 907//907 1174//1174 1047//1047
f 1176//1176 228//228 1174//1174
f 1007//1007 1012//1012 1086//1086
f 439//439 1012//1012 1007//1007
f 1175//1175 917//917 1186//1186
f 962//962 812//812 963//963
f 1077//1077 1187//1187 1137//1137
f 908//908 1046//1046 1188//1188
f 897//897 1014//1014 933//933
f 898//898 1014//1014 897//897
f 1089//1089 1107//1107 146//146
f 145//145 1089//1089 146//146
f 125//125 1189//1189 124//124
f 634//634 633//633 842//842
f 54//54 53//53 181//181
f 129//129 1190//1190 1107//1107
f 129//129 1107//1107 1108//1108
f 866//866 1191//1191 916//916
f 811//811 812//812 962//962
f 1193//1193 829//829 1192//1192
f 829//829 1193//1193 830//830
f 679//679 92//92 934//934
f 903//903 98//98 913//913
f 242//242 867//867 868//868
f 1196//1196 1195//1195 1194//1194
f 99//99 98//98 950//950
f 97//97 913//913 98//98
f 813//813 811//811 950//950
f 981//981 950//950 811//811
f 950//950 981//981 99//99
f 908//908 1188//1188 906//906
f 1186//1186 1176//1176 1197//1197
f 1186//1186 228//228 1176//1176
f 1114//1114 1197//1197 1176//1176
f 1198//1198 181//181 53//53
f 918//918 1194//1194 52//52
f 1194//1194 1195//1195 53//53
f 1194//1194 53//53 52//52
f 902//902 1152//1152 1164//1164
f 830//830 1199//1199 831//831
f 916//916 633//633 632//632
f 242//242 868//868 1031//1031
f 242//242 1031//1031 1200//1200
f 1203//1203 1202//1202 1201//1201
f 118//118 1204//1204 226//226
f 1205//1205 839//839 838//838
f 837//837 839//839 854//854
f 831//831 1206//1206 916//916
f 916//916 915//915 831//831
f 922//922 945//945 924//924
f 1207//1207 1208//1208 1209//1209
f 873//873 176//176 1210//1210
f 873//873 1210//1210 1198//1198
f 1211//1211 1212//1212 1155//1155
f 1211//1211 1155//1155 1114//1114
f 980//980 1205//1205 838//838
f 247//247 841//841 1063//1063
f 41//41 836//836 40//40
f 1215//1215 1214//1214 1213//1213
f 1213//1213 1216//1216 1215//1215
f 837//837 1217//1217 1218//1218
f 1219//1219 74//74 919//919
f 919//919 1220//1220 1219//1219
f 89//89 246//246 1051//1051
f 240//240 1217//1217 895//895
f 906//906 1211//1211 1114//1114
f 1018//1018 1017//1017 1175//1175
f 1115//1115 1197//1197 1114//1114
f 1195//1195 1221//1221 873//873
f 1221//1221 1195//1195 1196//1196
f 52//52 1186//1186 917//917
f 1223//1223 1222//1222 184//184
f 1224//1224 1225//1225 1226//1226
f 918//918 917//917 1017//1017
f 133//133 633//633 880//880
f 1186//1186 52//52 228//228
f 1227//1227 1171//1171 1228//1228
f 51//51 171//171 170//170
f 1015//1015 196//196 195//195
f 1229//1229 1201//1201 1202//1202
f 1232//1232 1231//1231 1230//1230
f 1019//1019 1021//1021 1233//1233
f 1222//1222 1234//1234 1235//1235
f 1238//1238 1237//1237 1236//1236
f 1163//1163 1152//1152 1049//1049
f 1163//1163 1049//1049 1239//1239
f 1240//1240 1241//1241 1031//1031
f 1243//1243 849//849 1242//1242
f 791//791 622//622 793//793
f 1244//1244 1148//1148 1149//1149
f 119//119 1204//1204 118//118
f 1247//1247 1246//1246 1245//1245
f 1248//1248 1249//1249 1250//1250
f 1253//1253 1252//1252 1251//1251
f 1256//1256 1255//1255 1254//1254
f 1255//1255 1256//1256 1257//1257
f 110//110 249//249 109//109
f 1259//1259 1068//1068 1258//1258
f 1050//1050 1147//1147 1049//1049
f 1085//1085 1119//1119 1260//1260
f 1085//1085 1260//1260 1086//1086
f 1263//1263 1262//1262 1261//1261
f 912//912 1265//1265 1264//1264
f 1266//1266 1267//1267 1268//1268
f 235//235 1269//1269 236//236
f 47//47 1270//1270 48//48
f 1177//1177 1171//1171 157//157
f 919//919 1271//1271 1220//1220
f 70//70 1273//1273 1272//1272
f 1266//1266 1172//1172 1173//1173
f 1268//1268 1172//1172 1266//1266
f 1248//1248 1250//1250 1274//1274
f 1275//1275 1246//1246 1276//1276
f 1278//1278 900//900 1277//1277
f 1281//1281 1280//1280 1279//1279
f 1283//1283 1282//1282 1054//1054
f 1284//1284 1285//1285 47//47
f 1287//1287 1286//1286 1270//1270
f 1179//1179 1288//1288 1249//1249
f 1290//1290 1287//1287 1289//1289
f 1289//1289 1225//1225 1290//1290
f 1292//1292 1291//1291 1274//1274
f 46//46 1284//1284 47//47
f 1293//1293 1286//1286 1267//1267
f 48//48 1294//1294 46//46
f 1295//1295 1231//1231 1060//1060
f 236//236 1297//1297 1296//1296
f 1298//1298 1299//1299 1300//1300
f 1301//1301 1071//1071 1062//1062
f 1184//1184 1185//1185 1302//1302
f 868//868 1199//1199 1030//1030
f 1304//1304 1226//1226 1303//1303
f 1226//1226 1304//1304 1224//1224
f 1253//1253 1251//1251 1249//1249
f 1249//1249 1251//1251 1250//1250
f 1304//1304 1305//1305 1224//1224
f 1199//1199 1306//1306 1030//1030
f 830//830 1306//1306 1199//1199
f 913//913 1307//1307 903//903
f 903//903 1307//1307 905//905
f 1310//1310 1309//1309 1308//1308
f 1311//1311 1305//1305 1304//1304
f 1314//1314 1313//1313 1312//1312
f 1210//1210 1219//1219 1033//1033
f 1315//1315 1104//1104 1316//1316
f 1311//1311 1303//1303 1317//1317
f 1269//1269 235//235 910//910
f 1320//1320 1319//1319 1318//1318
f 169//169 121//121 138//138
f 1304//1304 1303//1303 1311//1311
f 1201//1201 1322//1322 1321//1321
f 1321//1321 1203//1203 1201//1201
f 1183//1183 1323//1323 1324//1324
f 261//261 1326//1326 1325//1325
f 1183//1183 1305//1305 1311//1311
f 1185//1185 1183//1183 115//115
f 1311//1311 115//115 1183//1183
f 1327//1327 1328//1328 347//347
f 1329//1329 1094//1094 1330//1330
f 110//110 185//185 249//249
f 1331//1331 1101//1101 1053//1053
f 1226//1226 1291//1291 1303//1303
f 1332//1332 1285//1285 1284//1284
f 1171//1171 158//158 157//157
f 166//166 167//167 1098//1098
f 1333//1333 1334//1334 1300//1300
f 1258//1258 1253//1253 1288//1288
f 1288//1288 1259//1259 1258//1258
f 1336//1336 1329//1329 1335//1335
f 1103//1103 1336//1336 1335//1335
f 1270//1270 1285//1285 1289//1289
f 1339//1339 1338//1338 1337//1337
f 1228//1228 863//863 1340//1340
f 1341//1341 1312//1312 1342//1342
f 1019//1019 1344//1344 1343//1343
f 1289//1289 1285//1285 1345//1345
f 1346//1346 1347//1347 1148//1148
f 1348//1348 199//199 200//200
f 1183//1183 1324//1324 1305//1305
f 1349//1349 156//156 1094//1094
f 1350//1350 666//666 667//667
f 1352//1352 1351//1351 1201//1201
f 1101//1101 1100//1100 1053//1053
f 1354//1354 1353//1353 192//192
f 1356//1356 117//117 1355//1355
f 1102//1102 1097//1097 1099//1099
f 1346//1346 1357//1357 1283//1283
f 1358//1358 1359//1359 1360//1360
f 71//71 1362//1362 1361//1361
f 1363//1363 71//71 1361//1361
f 1301//1301 1062//1062 841//841
f 1070//1070 1131//1131 1132//1132
f 1063//1063 1131//1131 1070//1070
f 1097//1097 1353//1353 1364//1364
f 1071//1071 1365//1365 1018//1018
f 1016//1016 1365//1365 1366//1366
f 1018//1018 1365//1365 1016//1016
f 192//192 1102//1102 194//194
f 1272//1272 1273//1273 167//167
f 1071//1071 1367//1367 1365//1365
f 1071//1071 1301//1301 1367//1367
f 1365//1365 1367//1367 1368//1368
f 1371//1371 1370//1370 1369//1369
f 142//142 1095//1095 1103//1103
f 142//142 1103//1103 1335//1335
f 1214//1214 1066//1066 1213//1213
f 1331//1331 1053//1053 1052//1052
f 1065//1065 1067//1067 1169//1169
f 1372//1372 90//90 88//88
f 6//6 1373//1373 164//164
f 1375//1375 1374//1374 1244//1244
f 1160//1160 1161//1161 88//88
f 1155//1155 150//150 1082//1082
f 983//983 1377//1377 1376//1376
f 1378//1378 154//154 1134//1134
f 153//153 154//154 1378//1378
f 1379//1379 1380//1380 1381//1381
f 1383//1383 1368//1368 1382//1382
f 193//193 1383//1383 1382//1382
f 1147//1147 1347//1347 1239//1239
f 1024//1024 1023//1023 1187//1187
f 1170//1170 1094//1094 158//158
f 1330//1330 1094//1094 1170//1170
f 1346//1346 1148//1148 1357//1357
f 1158//1158 1384//1384 1385//1385
f 415//415 470//470 416//416
f 1388//1388 1387//1387 1386//1386
f 1389//1389 1390//1390 1391//1391
f 1391//1391 1392//1392 1389//1389
f 1394//1394 1381//1381 1393//1393
f 1052//1052 1282//1282 1395//1395
f 1395//1395 1396//1396 1052//1052
f 1331//1331 194//194 1101//1101
f 212//212 1397//1397 1398//1398
f 1395//1395 1399//1399 1396//1396
f 1400//1400 1171//1171 1401//1401
f 140//140 142//142 1335//1335
f 1141//1141 140//140 1335//1335
f 1402//1402 1170//1170 1227//1227
f 1315//1315 1314//1314 1312//1312
f 1239//1239 1347//1347 1403//1403
f 1339//1339 1337//1337 1054//1054
f 1227//1227 1170//1170 1171//1171
f 1404//1404 1309//1309 1405//1405
f 1283//1283 1357//1357 1406//1406
f 109//109 46//46 108//108
f 384//384 1399//1399 1407//1407
f 1407//1407 1395//1395 1406//1406
f 1408//1408 1407//1407 1357//1357
f 1357//1357 1407//1407 1406//1406
f 197//197 125//125 1409//1409
f 1409//1409 195//195 197//197
f 383//383 385//385 1410//1410
f 1181//1181 1411//1411 1180//1180
f 124//124 1413//1413 1412//1412
f 139//139 1414//1414 383//383
f 140//140 1415//1415 141//141
f 1415//1415 140//140 1142//1142
f 1142//1142 140//140 1141//1141
f 1401//1401 1171//1171 1177//1177
f 1076//1076 1017//1017 1016//1016
f 1416//1416 831//831 915//915
f 861//861 1076//1076 862//862
f 4//4 6//6 1417//1417
f 1418//1418 1188//1188 1046//1046
f 1262//1262 1419//1419 1261//1261
f 139//139 121//121 1420//1420
f 139//139 1421//1421 1415//1415
f 1420//1420 1421//1421 139//139
f 1423//1423 1374//1374 1422//1422
f 139//139 1415//1415 1414//1414
f 1422//1422 1375//1375 1390//1390
f 1422//1422 1374//1374 1375//1375
f 1417//1417 6//6 1424//1424
f 1426//1426 1380//1380 1425//1425
f 1245//1245 1246//1246 1275//1275
f 188//188 1428//1428 1427//1427
f 1427//1427 1424//1424 188//188
f 1388//1388 1429//1429 1387//1387
f 123//123 122//122 1430//1430
f 1431//1431 943//943 1388//1388
f 1432//1432 1433//1433 1434//1434
f 910//910 235//235 1172//1172
f 1433//1433 1436//1436 1435//1435
f 1377//1377 1438//1438 1437//1437
f 1438//1438 1439//1439 1437//1437
f 198//198 1432//1432 1440//1440
f 1440//1440 200//200 198//198
f 1359//1359 1442//1442 1441//1441
f 941//941 1443//1443 942//942
f 1437//1437 1439//1439 1440//1440
f 1446//1446 1445//1445 1444//1444
f 1300//1300 1299//1299 1447//1447
f 6//6 188//188 1424//1424
f 1449//1449 1419//1419 1448//1448
f 1451//1451 1450//1450 1069//1069
f 198//198 1433//1433 1432//1432
f 1377//1377 1434//1434 1433//1433
f 1453//1453 178//178 1452//1452
f 1388//1388 1386//1386 1433//1433
f 1454//1454 1455//1455 1456//1456
f 1459//1459 1458//1458 1457//1457
f 1460//1460 1461//1461 1462//1462
f 1463//1463 1464//1464 1465//1465
f 1462//1462 1433//1433 1386//1386
f 1461//1461 1466//1466 1462//1462
f 1467//1467 1468//1468 1469//1469
f 1438//1438 1470//1470 1439//1439
f 5//5 1430//1430 1373//1373
f 197//197 1471//1471 1472//1472
f 1348//1348 1426//1426 1473//1473
f 1474//1474 1475//1475 175//175
f 1462//1462 1466//1466 1433//1433
f 951//951 98//98 903//903
f 1478//1478 1477//1477 1476//1476
f 1479//1479 204//204 203//203
f 1480//1480 1376//1376 1478//1478
f 1481//1481 1482//1482 1483//1483
f 1444//1444 1473//1473 1426//1426
f 345//345 1369//1369 1370//1370
f 1327//1327 984//984 1328//1328
f 1484//1484 1485//1485 1466//1466
f 869//869 924//924 945//945
f 492//492 924//924 869//869
f 1357//1357 1148//1148 1244//1244
f 1086//1086 1260//1260 1007//1007
f 89//89 1486//1486 246//246
f 168//168 1486//1486 89//89
f 1013//1013 1418//1418 1046//1046
f 908//908 1047//1047 1046//1046
f 907//907 1047//1047 908//908
f 1489//1489 1488//1488 1487//1487
f 1427//1427 940//940 1424//1424
f 136//136 138//138 1410//1410
f 1439//1439 200//200 1440//1440
f 1420//1420 1491//1491 1490//1490
f 1490//1490 1492//1492 1420//1420
f 163//163 1494//1494 1493//1493
f 1495//1495 1455//1455 1454//1454
f 1496//1496 1354//1354 193//193
f 1461//1461 1460//1460 1497//1497
f 697//697 696//696 1498//1498
f 1499//1499 1207//1207 1500//1500
f 1501//1501 1502//1502 1481//1481
f 1222//1222 1223//1223 1411//1411
f 1181//1181 1222//1222 1411//1411
f 1446//1446 1444//1444 1388//1388
f 1503//1503 1504//1504 1505//1505
f 1506//1506 1507//1507 1508//1508
f 1466//1466 1461//1461 1484//1484
f 1501//1501 1328//1328 984//984
f 1509//1509 1469//1469 1468//1468
f 1510//1510 1511//1511 1512//1512
f 236//236 1296//1296 1472//1472
f 1513//1513 1276//1276 1514//1514
f 984//984 983//983 1501//1501
f 1515//1515 1324//1324 1323//1323
f 1512//1512 1511//1511 1516//1516
f 1519//1519 1518//1518 1517//1517
f 1522//1522 1521//1521 1520//1520
f 1369//1369 1508//1508 1523//1523
f 1369//1369 1523//1523 1470//1470
f 1524//1524 1525//1525 1526//1526
f 234//234 1172//1172 235//235
f 1216//1216 1527//1527 1215//1215
f 1011//1011 987//987 1040//1040
f 153//153 963//963 944//944
f 1528//1528 1529//1529 1530//1530
f 962//962 1527//1527 899//899
f 964//964 1527//1527 962//962
f 1531//1531 1532//1532 1144//1144
f 903//903 904//904 958//958
f 1392//1392 165//165 163//163
f 163//163 1493//1493 1392//1392
f 911//911 912//912 1092//1092
f 1323//1323 1441//1441 1515//1515
f 1388//1388 1444//1444 1533//1533
f 1515//1515 1535//1535 1534//1534
f 1534//1534 1290//1290 1515//1515
f 123//123 1393//1393 1536//1536
f 123//123 1536//1536 1420//1420
f 1537//1537 1538//1538 1539//1539
f 5//5 4//4 1540//1540
f 1542//1542 889//889 1541//1541
f 899//899 1527//1527 1216//1216
f 1216//1216 898//898 899//899
f 1211//1211 1188//1188 1212//1212
f 1368//1368 1543//1543 1340//1340
f 1194//1194 918//918 1544//1544
f 1261//1261 1545//1545 1263//1263
f 1294//1294 1293//1293 1153//1153
f 136//136 1494//1494 1546//1546
f 109//109 1284//1284 46//46
f 1547//1547 1548//1548 1549//1549
f 1324//1324 1515//1515 1290//1290
f 1311//1311 1317//1317 1550//1550
f 1311//1311 1550//1550 115//115
f 1550//1550 1351//1351 115//115
f 1332//1332 1274//1274 1285//1285
f 1345//1345 1285//1285 1274//1274
f 1551//1551 1172//1172 1268//1268
f 1552//1552 1154//1154 236//236
f 1553//1553 1397//1397 212//212
f 1472//1472 1296//1296 197//197
f 197//197 1189//1189 125//125
f 1442//1442 1078//1078 1554//1554
f 194//194 1415//1415 193//193
f 1153//1153 1555//1555 236//236
f 1541//1541 889//889 1556//1556
f 156//156 1178//1178 157//157
f 1444//1444 1425//1425 1533//1533
f 910//910 911//911 1310//1310
f 1286//1286 48//48 1270//1270
f 1471//1471 197//197 196//196
f 45//45 587//587 630//630
f 1558//1558 1557//1557 1404//1404
f 1442//1442 1554//1554 1441//1441
f 1154//1154 1015//1015 1559//1559
f 183//183 185//185 1559//1559
f 47//47 1285//1285 1270//1270
f 1560//1560 1561//1561 1299//1299
f 1562//1562 1284//1284 109//109
f 1562//1562 109//109 1563//1563
f 1293//1293 1555//1555 1153//1153
f 1267//1267 1555//1555 1293//1293
f 1566//1566 1565//1565 1564//1564
f 1015//1015 1552//1552 196//196
f 1535//1535 1554//1554 1264//1264
f 1015//1015 1154//1154 1552//1552
f 1555//1555 1267//1267 1266//1266
f 1180//1180 1288//1288 1179//1179
f 1568//1568 1209//1209 1567//1567
f 1222//1222 1181//1181 1234//1234
f 1351//1351 1322//1322 1201//1201
f 1189//1189 1549//1549 124//124
f 183//183 1559//1559 1015//1015
f 1317//1317 1569//1569 1499//1499
f 1569//1569 1208//1208 1499//1499
f 1570//1570 1167//1167 1185//1185
f 1020//1020 1019//1019 1343//1343
f 1020//1020 1177//1177 1178//1178
f 1177//1177 1020//1020 1343//1343
f 1208//1208 1571//1571 1209//1209
f 1297//1297 1572//1572 1573//1573
f 1576//1576 1575//1575 1574//1574
f 185//185 110//110 1559//1559
f 1559//1559 110//110 108//108
f 1286//1286 1577//1577 1267//1267
f 1449//1449 1448//1448 1539//1539
f 1405//1405 1309//1309 1578//1578
f 1092//1092 912//912 1264//1264
f 1551//1551 1265//1265 912//912
f 1079//1079 1078//1078 1442//1442
f 1551//1551 912//912 910//910
f 1551//1551 910//910 1172//1172
f 1358//1358 1442//1442 1359//1359
f 1269//1269 1310//1310 1557//1557
f 824//824 1575//1575 1579//1579
f 1582//1582 1581//1581 1580//1580
f 1557//1557 1310//1310 1308//1308
f 911//911 173//173 1310//1310
f 250//250 1092//1092 1078//1078
f 1513//1513 1275//1275 1276//1276
f 236//236 1266//1266 1173//1173
f 1308//1308 1404//1404 1557//1557
f 174//174 1474//1474 175//175
f 1474//1474 174//174 1079//1079
f 1583//1583 1584//1584 1585//1585
f 1309//1309 1310//1310 1578//1578
f 1586//1586 1499//1499 1500//1500
f 1587//1587 1588//1588 1589//1589
f 1303//1303 1569//1569 1317//1317
f 1590//1590 1341//1341 1342//1342
f 1534//1534 1535//1535 1265//1265
f 1544//1544 861//861 1344//1344
f 1221//1221 828//828 873//873
f 1270//1270 1289//1289 1287//1287
f 1268//1268 1267//1267 1577//1577
f 883//883 884//884 241//241
f 241//241 885//885 883//883
f 1450//1450 1591//1591 1592//1592
f 109//109 1235//1235 1563//1563
f 173//173 1405//1405 1578//1578
f 173//173 1578//1578 1310//1310
f 1535//1535 1264//1264 1265//1265
f 1515//1515 1441//1441 1535//1535
f 1593//1593 1594//1594 221//221
f 126//126 124//124 1412//1412
f 212//212 1595//1595 213//213
f 1547//1547 1573//1573 1572//1572
f 1412//1412 1238//1238 1596//1596
f 1236//1236 1596//1596 1238//1238
f 1598//1598 1597//1597 1237//1237
f 1557//1557 1599//1599 1269//1269
f 1600//1600 1599//1599 1557//1557
f 1599//1599 236//236 1269//1269
f 1409//1409 125//125 1601//1601
f 1602//1602 1595//1595 125//125
f 1603//1603 1604//1604 1605//1605
f 1608//1608 1607//1607 1606//1606
f 1079//1079 1442//1442 1358//1358
f 854//854 839//839 1205//1205
f 1603//1603 1605//1605 1609//1609
f 1612//1612 1611//1611 1610//1610
f 1613//1613 1614//1614 1584//1584
f 213//213 1615//1615 214//214
f 1618//1618 1617//1617 1616//1616
f 1601//1601 1611//1611 1619//1619
f 123//123 1420//1420 121//121
f 221//221 223//223 1593//1593
f 214//214 1553//1553 212//212
f 211//211 1620//1620 209//209
f 1058//1058 1621//1621 1622//1622
f 1604//1604 1603//1603 1623//1623
f 210//210 209//209 1624//1624
f 1624//1624 209//209 1280//1280
f 290//290 1579//1579 1625//1625
f 1451//1451 1591//1591 1450//1450
f 668//668 1626//1626 640//640
f 213//213 1595//1595 1627//1627
f 1628//1628 1629//1629 1576//1576
f 1628//1628 1576//1576 1630//1630
f 1622//1622 1631//1631 1058//1058
f 1632//1632 1633//1633 1634//1634
f 1240//1240 1271//1271 919//919
f 1635//1635 1636//1636 1637//1637
f 851//851 853//853 847//847
f 226//226 1204//1204 817//817
f 1633//1633 1639//1639 1638//1638
f 1640//1640 1633//1633 1638//1638
f 1641//1641 222//222 1620//1620
f 1280//1280 222//222 221//221
f 1638//1638 1643//1643 1642//1642
f 209//209 222//222 1280//1280
f 1620//1620 222//222 209//209
f 1644//1644 642//642 623//623
f 2//2 1//1 1645//1645
f 1611//1611 1591//1591 1646//1646
f 1647//1647 1091//1091 765//765
f 967//967 1084//1084 1026//1026
f 888//888 120//120 1648//1648
f 211//211 1254//1254 1255//1255
f 1638//1638 1642//1642 1649//1649
f 1272//1272 1091//1091 1647//1647
f 1583//1583 120//120 1542//1542
f 1650//1650 1651//1651 1652//1652
f 893//893 32//32 31//31
f 250//250 1078//1078 174//174
f 1653//1653 1541//1541 1556//1556
f 1612//1612 1610//1610 1643//1643
f 1654//1654 1655//1655 1612//1612
f 1654//1654 1612//1612 1656//1656
f 1234//1234 1563//1563 1235//1235
f 1450//1450 1295//1295 1069//1069
f 1074//1074 1372//1372 1161//1161
f 88//88 1161//1161 1372//1372
f 1638//1638 1657//1657 1640//1640
f 1649//1649 1657//1657 1638//1638
f 1655//1655 1592//1592 1591//1591
f 1114//1114 1155//1155 1081//1081
f 1082//1082 1081//1081 1155//1155
f 449//449 450//450 1658//1658
f 210//210 1649//1649 1642//1642
f 852//852 885//885 895//895
f 1654//1654 1656//1656 1639//1639
f 1153//1153 108//108 1294//1294
f 1325//1325 1575//1575 824//824
f 1641//1641 1398//1398 1659//1659
f 210//210 1657//1657 1649//1649
f 1281//1281 1657//1657 1624//1624
f 1617//1617 1598//1598 1237//1237
f 1558//1558 1617//1617 1237//1237
f 1398//1398 1660//1660 1659//1659
f 210//210 1642//1642 1254//1254
f 1222//1222 1235//1235 184//184
f 1235//1235 109//109 249//249
f 184//184 1235//1235 249//249
f 1325//1325 1589//1589 1661//1661
f 1567//1567 1209//1209 1571//1571
f 1662//1662 878//878 1663//1663
f 1207//1207 1209//1209 1664//1664
f 1500//1500 1587//1587 1586//1586
f 1587//1587 1500//1500 1588//1588
f 1250//1250 1292//1292 1274//1274
f 941//941 943//943 1665//1665
f 1662//1662 728//728 878//878
f 850//850 1651//1651 1650//1650
f 1667//1667 1666//1666 1587//1587
f 1587//1587 1666//1666 1586//1586
f 1567//1567 1571//1571 1251//1251
f 1251//1251 1571//1571 1292//1292
f 1664//1664 1668//1668 1588//1588
f 1250//1250 1251//1251 1292//1292
f 1185//1185 1167//1167 1302//1302
f 1669//1669 1229//1229 1020//1020
f 1021//1021 1020//1020 1229//1229
f 1178//1178 1669//1669 1020//1020
f 1205//1205 823//823 821//821
f 821//821 854//854 1205//1205
f 1499//1499 1321//1321 1322//1322
f 1288//1288 1253//1253 1249//1249
f 1325//1325 1326//1326 1589//1589
f 856//856 292//292 1670//1670
f 1671//1671 1167//1167 1570//1570
f 261//261 262//262 1652//1652
f 261//261 1652//1652 1326//1326
f 1574//1574 1672//1672 1230//1230
f 1650//1650 979//979 1673//1673
f 1673//1673 979//979 980//980
f 1325//1325 1661//1661 1672//1672
f 27//27 639//639 127//127
f 127//127 25//25 27//27
f 636//636 207//207 641//641
f 1674//1674 636//636 641//641
f 1675//1675 1609//1609 1605//1605
f 1676//1676 1021//1021 1229//1229
f 878//878 1677//1677 1663//1663
f 242//242 241//241 1678//1678
f 241//241 240//240 895//895
f 1205//1205 980//980 823//823
f 1679//1679 29//29 22//22
f 646//646 1680//1680 583//583
f 1681//1681 1682//1682 1683//1683
f 41//41 851//851 836//836
f 635//635 263//263 856//856
f 642//642 65//65 23//23
f 22//22 1684//1684 37//37
f 584//584 640//640 585//585
f 240//240 242//242 1200//1200
f 1581//1581 1621//1621 1058//1058
f 1058//1058 1580//1580 1581//1581
f 1366//1366 862//862 1016//1016
f 1202//1202 1685//1685 1676//1676
f 1687//1687 1686//1686 407//407
f 1343//1343 1401//1401 1177//1177
f 233//233 1688//1688 171//171
f 638//638 1689//1689 827//827
f 258//258 78//78 787//787
f 1683//1683 1690//1690 38//38
f 860//860 1688//1688 233//233
f 808//808 1691//1691 820//820
f 1693//1693 1692//1692 266//266
f 1631//1631 1057//1057 1058//1058
f 1580//1580 1058//1058 1056//1056
f 789//789 1694//1694 788//788
f 1697//1697 1696//1696 1695//1695
f 203//203 1526//1526 1479//1479
f 636//636 206//206 207//207
f 1698//1698 1699//1699 1700//1700
f 643//643 51//51 170//170
f 1701//1701 1702//1702 1703//1703
f 37//37 623//623 344//344
f 1704//1704 709//709 775//775
f 1705//1705 30//30 671//671
f 219//219 1706//1706 215//215
f 202//202 219//219 215//215
f 38//38 28//28 1681//1681
f 576//576 1707//1707 1708//1708
f 658//658 1674//1674 641//641
f 1679//1679 218//218 29//29
f 1710//1710 674//674 1709//1709
f 38//38 1681//1681 1683//1683
f 1711//1711 28//28 589//589
f 1712//1712 805//805 218//218
f 1713//1713 14//14 654//654
f 1714//1714 1715//1715 687//687
f 666//666 24//24 23//23
f 1675//1675 1605//1605 1716//1716
f 777//777 1717//1717 807//807
f 1712//1712 1718//1718 804//804
f 894//894 134//134 872//872
f 1719//1719 894//894 797//797
f 134//134 894//894 1719//1719
f 1720//1720 1717//1717 796//796
f 224//224 816//816 808//808
f 858//858 1721//1721 1722//1722
f 394//394 791//791 231//231
f 231//231 791//791 792//792
f 827//827 394//394 128//128
f 827//827 128//128 639//639
f 881//881 780//780 799//799
f 881//881 799//799 1723//1723
f 777//777 796//796 1717//1717
f 1585//1585 1724//1724 1583//1583
f 1725//1725 1726//1726 1727//1727
f 283//283 1728//1728 282//282
f 952//952 931//931 953//953
f 930//930 931//931 952//952
f 805//805 220//220 218//218
f 1524//1524 1729//1729 1525//1525
f 1549//1549 1413//1413 124//124
f 1275//1275 1358//1358 1245//1245
f 1730//1730 1731//1731 947//947
f 1734//1734 1733//1733 1732//1732
f 888//888 1542//1542 120//120
f 889//889 1542//1542 888//888
f 1681//1681 28//28 10//10
f 1675//1675 805//805 806//806
f 1681//1681 12//12 845//845
f 1623//1623 1735//1735 1604//1604
f 1738//1738 1737//1737 1736//1736
f 1513//1513 1514//1514 1474//1474
f 804//804 1718//1718 1698//1698
f 22//22 795//795 1679//1679
f 1735//1735 1623//1623 1739//1739
f 1740//1740 1741//1741 1742//1742
f 1743//1743 1690//1690 1683//1683
f 978//978 1744//1744 660//660
f 570//570 1745//1745 624//624
f 660//660 1744//1744 1746//1746
f 1747//1747 1746//1746 1744//1744
f 278//278 1748//1748 279//279
f 280//280 1732//1732 1749//1749
f 270//270 1751//1751 1750//1750
f 1752//1752 1753//1753 1754//1754
f 1754//1754 1755//1755 1752//1752
f 1758//1758 1757//1757 1756//1756
f 271//271 1751//1751 270//270
f 1761//1761 1760//1760 1759//1759
f 1755//1755 1754//1754 1762//1762
f 751//751 752//752 1763//1763
f 1764//1764 751//751 1763//1763
f 1764//1764 978//978 1765//1765
f 1766//1766 1767//1767 1768//1768
f 1287//1287 1290//1290 1534//1534
f 1309//1309 1404//1404 1308//1308
f 1412//1412 1596//1596 126//126
f 1597//1597 1769//1769 1602//1602
f 1549//1549 1548//1548 1413//1413
f 1757//1757 1758//1758 1770//1770
f 1773//1773 1772//1772 1771//1771
f 1774//1774 1775//1775 1776//1776
f 1761//1761 1777//1777 1760//1760
f 1765//1765 1760//1760 1777//1777
f 1778//1778 1779//1779 1780//1780
f 1783//1783 1782//1782 1781//1781
f 1784//1784 1762//1762 1785//1785
f 1788//1788 1787//1787 1786//1786
f 1790//1790 1789//1789 712//712
f 661//661 662//662 1756//1756
f 1791//1791 1608//1608 1792//1792
f 1318//1318 1545//1545 1261//1261
f 1320//1320 1318//1318 1261//1261
f 1795//1795 1794//1794 1793//1793
f 1798//1798 1797//1797 1796//1796
f 1692//1692 1800//1800 1799//1799
f 1692//1692 1799//1799 1801//1801
f 1802//1802 750//750 1803//1803
f 1806//1806 1805//1805 1804//1804
f 1805//1805 1806//1806 687//687
f 949//949 1807//1807 1740//1740
f 1718//1718 1808//1808 1699//1699
f 750//750 1802//1802 1736//1736
f 1780//1780 1779//1779 1809//1809
f 1797//1797 1773//1773 1810//1810
f 1810//1810 1796//1796 1797//1797
f 1811//1811 1812//1812 1813//1813
f 1788//1788 1813//1813 1812//1812
f 1816//1816 1815//1815 1814//1814
f 1740//1740 1805//1805 688//688
f 1817//1817 1818//1818 1819//1819
f 1605//1605 1820//1820 1821//1821
f 1822//1822 677//677 678//678
f 1823//1823 1824//1824 1825//1825
f 1360//1360 1168//1168 1245//1245
f 1604//1604 1820//1820 1605//1605
f 1318//1318 1826//1826 1827//1827
f 1696//1696 686//686 1715//1715
f 1695//1695 1696//1696 1715//1715
f 1828//1828 297//297 284//284
f 1803//1803 750//750 751//751
f 1830//1830 1736//1736 1829//1829
f 285//285 1831//1831 286//286
f 1832//1832 1833//1833 1834//1834
f 1765//1765 1777//1777 1835//1835
f 1780//1780 1741//1741 1800//1800
f 1836//1836 1737//1737 1738//1738
f 1838//1838 1834//1834 1837//1837
f 1750//1750 269//269 270//270
f 1750//1750 1839//1839 269//269
f 1821//1821 269//269 1839//1839
f 744//744 1830//1830 1840//1840
f 1820//1820 1739//1739 1821//1821
f 1730//1730 1841//1841 1842//1842
f 1843//1843 1844//1844 1845//1845
f 947//947 1846//1846 949//949
f 1847//1847 1804//1804 1805//1805
f 1848//1848 1847//1847 1805//1805
f 1841//1841 1849//1849 1842//1842
f 1842//1842 1849//1849 285//285
f 1779//1779 1763//1763 1850//1850
f 315//315 1851//1851 1852//1852
f 1853//1853 1854//1854 1855//1855
f 1853//1853 1856//1856 1854//1854
f 1857//1857 1858//1858 1859//1859
f 204//204 1860//1860 1861//1861
f 1862//1862 1863//1863 315//315
f 1850//1850 1865//1865 1864//1864
f 265//265 266//266 1866//1866
f 661//661 1765//1765 978//978
f 1867//1867 1475//1475 1474//1474
f 1514//1514 1867//1867 1474//1474
f 1868//1868 1775//1775 1869//1869
f 1871//1871 1810//1810 1870//1870
f 1874//1874 1873//1873 1872//1872
f 537//537 1876//1876 1875//1875
f 1877//1877 321//321 320//320
f 339//339 321//321 1877//1877
f 1798//1798 1772//1772 1797//1797
f 1842//1842 1731//1731 1730//1730
f 1767//1767 297//297 1828//1828
f 1880//1880 1879//1879 1878//1878
f 1881//1881 604//604 1520//1520
f 1884//1884 1883//1883 1882//1882
f 315//315 1842//1842 285//285
f 1885//1885 281//281 747//747
f 1887//1887 1886//1886 608//608
f 1888//1888 1889//1889 319//319
f 526//526 1891//1891 1890//1890
f 1894//1894 1893//1893 1892//1892
f 1895//1895 1893//1893 1894//1894
f 279//279 1896//1896 1617//1617
f 1833//1833 1832//1832 1897//1897
f 1898//1898 1899//1899 1900//1900
f 1903//1903 1902//1902 1901//1901
f 282//282 1728//1728 1904//1904
f 1905//1905 1906//1906 1703//1703
f 1907//1907 1908//1908 1909//1909
f 1910//1910 1911//1911 1912//1912
f 1697//1697 1801//1801 1696//1696
f 1913//1913 1831//1831 1864//1864
f 1831//1831 1913//1913 1914//1914
f 1917//1917 1916//1916 1915//1915
f 1918//1918 1919//1919 1920//1920
f 325//325 1921//1921 309//309
f 1815//1815 743//743 1814//1814
f 1923//1923 1922//1922 310//310
f 1520//1520 1924//1924 1522//1522
f 1925//1925 1926//1926 1927//1927
f 1739//1739 269//269 1821//1821
f 1928//1928 1929//1929 1930//1930
f 1910//1910 1931//1931 1932//1932
f 1933//1933 1822//1822 678//678
f 1755//1755 1934//1934 1752//1752
f 1935//1935 1936//1936 1937//1937
f 1938//1938 1939//1939 1940//1940
f 1896//1896 279//279 1739//1739
f 1896//1896 1739//1739 1623//1623
f 1941//1941 1942//1942 1943//1943
f 1944//1944 1911//1911 1853//1853
f 302//302 1945//1945 1946//1946
f 745//745 743//743 1947//1947
f 1734//1734 1616//1616 1733//1733
f 1756//1756 662//662 271//271
f 660//660 271//271 662//662
f 1948//1948 1949//1949 1950//1950
f 1951//1951 625//625 626//626
f 1954//1954 1953//1953 1952//1952
f 1906//1906 1955//1955 1703//1703
f 1956//1956 1950//1950 1949//1949
f 1957//1957 1958//1958 1959//1959
f 1957//1957 1959//1959 1960//1960
f 1932//1932 1856//1856 1911//1911
f 1912//1912 1911//1911 1944//1944
f 1961//1961 1962//1962 1947//1947
f 608//608 1886//1886 1963//1963
f 1966//1966 1965//1965 1964//1964
f 303//303 1967//1967 1968//1968
f 1949//1949 1945//1945 1969//1969
f 1972//1972 1971//1971 1970//1970
f 1973//1973 1886//1886 1887//1887
f 625//625 1975//1975 1974//1974
f 1974//1974 1976//1976 625//625
f 1977//1977 1636//1636 1978//1978
f 1637//1637 1636//1636 1977//1977
f 1979//1979 1899//1899 1793//1793
f 1980//1980 1981//1981 1982//1982
f 624//624 1794//1794 1963//1963
f 1963//1963 569//569 624//624
f 1983//1983 1819//1819 1818//1818
f 1984//1984 1985//1985 1972//1972
f 1986//1986 1968//1968 1967//1967
f 333//333 1981//1981 1987//1987
f 1702//1702 1701//1701 1968//1968
f 1988//1988 1989//1989 1990//1990
f 1945//1945 1992//1992 1991//1991
f 1637//1637 1977//1977 1993//1993
f 1857//1857 1859//1859 1994//1994
f 1885//1885 747//747 1995//1995
f 1877//1877 746//746 339//339
f 1941//1941 1521//1521 1522//1522
f 1941//1941 1522//1522 340//340
f 603//603 1636//1636 1924//1924
f 320//320 739//739 1996//1996
f 604//604 603//603 1924//1924
f 1924//1924 1520//1520 604//604
f 1635//1635 1996//1996 1924//1924
f 1870//1870 1998//1998 1997//1997
f 1997//1997 1998//1998 1999//1999
f 1635//1635 1924//1924 1636//1636
f 522//522 467//467 466//466
f 602//602 1845//1845 2000//2000
f 2003//2003 2002//2002 2001//2001
f 2004//2004 2005//2005 2006//2006
f 2007//2007 617//617 616//616
f 2008//2008 1891//1891 526//526
f 2009//2009 406//406 60//60
f 1999//1999 1998//1998 2010//2010
f 317//317 319//319 1889//1889
f 2011//2011 2005//2005 1995//1995
f 2014//2014 2013//2013 2012//2012
f 2015//2015 2016//2016 2017//2017
f 1972//1972 1970//1970 2018//2018
f 1902//1902 2020//2020 2019//2019
f 2023//2023 2022//2022 2021//2021
f 2014//2014 2012//2012 1887//1887
f 2014//2014 1887//1887 2016//2016
f 1885//1885 1995//1995 2005//2005
f 2024//2024 606//606 1901//1901
f 2025//2025 2026//2026 2027//2027
f 1901//1901 1795//1795 1793//1793
f 606//606 1795//1795 1901//1901
f 1998//1998 1771//1771 2010//2010
f 2011//2011 1995//1995 2028//2028
f 326//326 327//327 597//597
f 1976//1976 328//328 326//326
f 326//326 625//625 1976//1976
f 2030//2030 525//525 2029//2029
f 1984//1984 2031//2031 2032//2032
f 2034//2034 2033//2033 1974//1974
f 525//525 523//523 2035//2035
f 2036//2036 2037//2037 2038//2038
f 392//392 2039//2039 2040//2040
f 524//524 525//525 2030//2030
f 2043//2043 2042//2042 2041//2041
f 2046//2046 2045//2045 2044//2044
f 734//734 2047//2047 2048//2048
f 2050//2050 2049//2049 1817//1817
f 2030//2030 545//545 2051//2051
f 2051//2051 545//545 2052//2052
f 2053//2053 544//544 543//543
f 393//393 328//328 1976//1976
f 2054//2054 1874//1874 525//525
f 1874//1874 2054//2054 1873//1873
f 2006//2006 1898//1898 1900//1900
f 2057//2057 2056//2056 2055//2055
f 327//327 328//328 393//393
f 304//304 2058//2058 570//570
f 304//304 570//570 568//568
f 1922//1922 675//675 310//310
f 2060//2060 1988//1988 2059//2059
f 314//314 2058//2058 304//304
f 2063//2063 2062//2062 2061//2061
f 545//545 2030//2030 2029//2029
f 2066//2066 2065//2065 2064//2064
f 602//602 1978//1978 603//603
f 2037//2037 2067//2067 2038//2038
f 1980//1980 1987//1987 1981//1981
f 1970//1970 2068//2068 2060//2060
f 612//612 610//610 2069//2069
f 2038//2038 2070//2070 2071//2071
f 1991//1991 1990//1990 2072//2072
f 2073//2073 1975//1975 1951//1951
f 1985//1985 1984//1984 2074//2074
f 2075//2075 2076//2076 2037//2037
f 2037//2037 2036//2036 2075//2075
f 2076//2076 2077//2077 2037//2037
f 2067//2067 2037//2037 2077//2077
f 57//57 55//55 564//564
f 608//608 1795//1795 606//606
f 1795//1795 608//608 1963//1963
f 1794//1794 1795//1795 1963//1963
f 1862//1862 315//315 316//316
f 1951//1951 1975//1975 625//625
f 596//596 626//626 597//597
f 1988//1988 1990//1990 1991//1991
f 2078//2078 1996//1996 1635//1635
f 2016//2016 2015//2015 2014//2014
f 2080//2080 2079//2079 2039//2039
f 2081//2081 2019//2019 2020//2020
f 324//324 2082//2082 325//325
f 2083//2083 392//392 2040//2040
f 2008//2008 2055//2055 1891//1891
f 2077//2077 2076//2076 2083//2083
f 1965//1965 2055//2055 2056//2056
f 2085//2085 2040//2040 2084//2084
f 2086//2086 2085//2085 2084//2084
f 2088//2088 2087//2087 1977//1977
f 1977//1977 2087//2087 1993//1993
f 326//326 597//597 626//626
f 327//327 2083//2083 2076//2076
f 2076//2076 597//597 327//327
f 2083//2083 327//327 392//392
f 2087//2087 392//392 393//393
f 2087//2087 393//393 1993//1993
f 2018//2018 2089//2089 2031//2031
f 1951//1951 626//626 2090//2090
f 2090//2090 2091//2091 1951//1951
f 2039//2039 392//392 2087//2087
f 1921//1921 325//325 2082//2082
f 2092//2092 2089//2089 2018//2018
f 2095//2095 2094//2094 2093//2093
f 1965//1965 1891//1891 2055//2055
f 2039//2039 2084//2084 2040//2040
f 2094//2094 1857//1857 2093//2093
f 2098//2098 2097//2097 2096//2096
f 2084//2084 2099//2099 2086//2086
f 349//349 1528//1528 2100//2100
f 2101//2101 1834//1834 1833//1833
f 2053//2053 2102//2102 544//544
f 544//544 2102//2102 593//593
f 675//675 553//553 554//554
f 1860//1860 1538//1538 1508//1508
f 2105//2105 2104//2104 2103//2103
f 1539//1539 1448//1448 2106//2106
f 2106//2106 1537//1537 1539//1539
f 2107//2107 1958//1958 1814//1814
f 2109//2109 2108//2108 1772//1772
f 2110//2110 539//539 2027//2027
f 2112//2112 1873//1873 2111//2111
f 1994//1994 2093//2093 1857//1857
f 2027//2027 539//539 2025//2025
f 2113//2113 2031//2031 2089//2089
f 1880//1880 1878//1878 2114//2114
f 1792//1792 1606//1606 2115//2115
f 2064//2064 2065//2065 2116//2116
f 2111//2111 1879//1879 1880//1880
f 1961//1961 2117//2117 1962//1962
f 1859//1859 1858//1858 2118//2118
f 1881//1881 1520//1520 2119//2119
f 1878//1878 1879//1879 1844//1844
f 2000//2000 1879//1879 2111//2111
f 281//281 2004//2004 283//283
f 2004//2004 281//281 1885//1885
f 1923//1923 1926//1926 1925//1925
f 554//554 552//552 2120//2120
f 1606//1606 1792//1792 1608//1608
f 1791//1791 1859//1859 1608//1608
f 1859//1859 1791//1791 1994//1994
f 2122//2122 2121//2121 310//310
f 1606//1606 2121//2121 2122//2122
f 2123//2123 2124//2124 2125//2125
f 2126//2126 2127//2127 1927//1927
f 2078//2078 320//320 1996//1996
f 2128//2128 2129//2129 2130//2130
f 2052//2052 2132//2132 2131//2131
f 2135//2135 2134//2134 2133//2133
f 2136//2136 2137//2137 2123//2123
f 2138//2138 2139//2139 1530//1530
f 982//982 345//345 1370//1370
f 554//554 2120//2120 2140//2140
f 343//343 2140//2140 2141//2141
f 2144//2144 2143//2143 2142//2142
f 2133//2133 2145//2145 2135//2135
f 1881//1881 1843//1843 1845//1845
f 541//541 542//542 2146//2146
f 342//342 357//357 359//359
f 2149//2149 2148//2148 2147//2147
f 2152//2152 2151//2151 2150//2150
f 2133//2133 2134//2134 2120//2120
f 2142//2142 2143//2143 427//427
f 675//675 2153//2153 553//553
f 2154//2154 411//411 367//367
f 552//552 553//553 2155//2155
f 1915//1915 2156//2156 2157//2157
f 341//341 342//342 359//359
f 309//309 341//341 359//359
f 18//18 2158//2158 2159//2159
f 113//113 410//410 111//111
f 2153//2153 675//675 1922//1922
f 2053//2053 2160//2160 2082//2082
f 2129//2129 2127//2127 2161//2161
f 410//410 113//113 395//395
f 1247//1247 1245//1245 2162//2162
f 675//675 554//554 308//308
f 324//324 323//323 2102//2102
f 2102//2102 2053//2053 324//324
f 438//438 437//437 2163//2163
f 2133//2133 2155//2155 2145//2145
f 2164//2164 2120//2120 2134//2134
f 2167//2167 2166//2166 2165//2165
f 1518//1518 2168//2168 1517//1517
f 2169//2169 2170//2170 2171//2171
f 554//554 2140//2140 308//308
f 2172//2172 2173//2173 2174//2174
f 2144//2144 2176//2176 2175//2175
f 2179//2179 2178//2178 2177//2177
f 2182//2182 2181//2181 2180//2180
f 2114//2114 1878//1878 2183//2183
f 2184//2184 2185//2185 2186//2186
f 1965//1965 2056//2056 58//58
f 1489//1489 2100//2100 1488//1488
f 2176//2176 2144//2144 2142//2142
f 2124//2124 2187//2187 2125//2125
f 2188//2188 2130//2130 2124//2124
f 2189//2189 2190//2190 453//453
f 2192//2192 423//423 2191//2191
f 1380//1380 1426//1426 1348//1348
f 2194//2194 112//112 2193//2193
f 531//531 445//445 446//446
f 2187//2187 2130//2130 2129//2129
f 436//436 2195//2195 437//437
f 437//437 2195//2195 2196//2196
f 369//369 381//381 370//370
f 2198//2198 2197//2197 2159//2159
f 396//396 2180//2180 2181//2181
f 2200//2200 2158//2158 2199//2199
f 112//112 311//311 2149//2149
f 502//502 410//410 395//395
f 2175//2175 2201//2201 2144//2144
f 2202//2202 403//403 2203//2203
f 2206//2206 2205//2205 2204//2204
f 2207//2207 1519//1519 1517//1517
f 2202//2202 2158//2158 18//18
f 444//444 443//443 2208//2208
f 2209//2209 1518//1518 494//494
f 2171//2171 494//494 2169//2169
f 160//160 2169//2169 494//494
f 1455//1455 1484//1484 1456//1456
f 376//376 377//377 2210//2210
f 2209//2209 2168//2168 1518//1518
f 2211//2211 1482//1482 1502//1502
f 2171//2171 2212//2212 2209//2209
f 2213//2213 287//287 288//288
f 2214//2214 494//494 1518//1518
f 2217//2217 2216//2216 2215//2215
f 2218//2218 2219//2219 2220//2220
f 2175//2175 2176//2176 2191//2191
f 2175//2175 2191//2191 423//423
f 1954//1954 1952//1952 442//442
f 2166//2166 2182//2182 2221//2221
f 2222//2222 1458//1458 366//366
f 358//358 397//397 2223//2223
f 287//287 2224//2224 2225//2225
f 2226//2226 2137//2137 2136//2136
f 2148//2148 2192//2192 2227//2227
f 2136//2136 2228//2228 288//288
f 2226//2226 2136//2136 288//288
f 2231//2231 2230//2230 2229//2229
f 288//288 2228//2228 2213//2213
f 2232//2232 2233//2233 2234//2234
f 2169//2169 2235//2235 2170//2170
f 2171//2171 2236//2236 2212//2212
f 1508//1508 346//346 2237//2237
f 2237//2237 346//346 1483//1483
f 346//346 1369//1369 345//345
f 436//436 2238//2238 2195//2195
f 2236//2236 2171//2171 2170//2170
f 2239//2239 389//389 2240//2240
f 2224//2224 2241//2241 2225//2225
f 453//453 454//454 2189//2189
f 1529//1529 2242//2242 1530//1530
f 2242//2242 1529//1529 2243//2243
f 2209//2209 494//494 2171//2171
f 2168//2168 2209//2209 2165//2165
f 2244//2244 2245//2245 2246//2246
f 2249//2249 2248//2248 2247//2247
f 2165//2165 2166//2166 2168//2168
f 2250//2250 2168//2168 2166//2166
f 2236//2236 2251//2251 2212//2212
f 2250//2250 1517//1517 2168//2168
f 2254//2254 2253//2253 2252//2252
f 2255//2255 2256//2256 2257//2257
f 351//351 2258//2258 1507//1507
f 1861//1861 2259//2259 204//204
f 2261//2261 2135//2135 2260//2260
f 1519//1519 2262//2262 329//329
f 2264//2264 2263//2263 2154//2154
f 2224//2224 2213//2213 2265//2265
f 161//161 2266//2266 159//159
f 1510//1510 1512//1512 2267//2267
f 2268//2268 1467//1467 2269//2269
f 351//351 1507//1507 407//407
f 407//407 353//353 351//351
f 2270//2270 1687//1687 1507//1507
f 2271//2271 1687//1687 2270//2270
f 160//160 159//159 1516//1516
f 2170//2170 2235//2235 2272//2272
f 408//408 407//407 1686//1686
f 2265//2265 2274//2274 2273//2273
f 2273//2273 2224//2224 2265//2265
f 2273//2273 2262//2262 2207//2207
f 2275//2275 1371//1371 1470//1470
f 1438//1438 2275//2275 1470//1470
f 161//161 330//330 331//331
f 331//331 2266//2266 161//161
f 2276//2276 1530//1530 2242//2242
f 2279//2279 2278//2278 2277//2277
f 2190//2190 2280//2280 2281//2281
f 2189//2189 2282//2282 2190//2190
f 2283//2283 2282//2282 2189//2189
f 2235//2235 1511//1511 2284//2284
f 2283//2283 1511//1511 1510//1510
f 408//408 2282//2282 353//353
f 2222//2222 2285//2285 1458//1458
f 1861//1861 2228//2228 2259//2259
f 370//370 381//381 360//360
f 353//353 1510//1510 352//352
f 1476//1476 1495//1495 2286//2286
f 2288//2288 1454//1454 2287//2287
f 1476//1476 1376//1376 1480//1480
f 2185//2185 2289//2289 2142//2142
f 2290//2290 2291//2291 382//382
f 2292//2292 16//16 17//17
f 983//983 1376//1376 1502//1502
f 1477//1477 1478//1478 1484//1484
f 1461//1461 1456//1456 1484//1484
f 2210//2210 377//377 2177//2177
f 1860//1860 1479//1479 1538//1538
f 1860//1860 204//204 1479//1479
f 2293//2293 2294//2294 2295//2295
f 390//390 2239//2239 2296//2296
f 2298//2298 2217//2217 2297//2297
f 2299//2299 2288//2288 1509//1509
f 2300//2300 2288//2288 2299//2299
f 2269//2269 1452//1452 2211//2211
f 488//488 489//489 2301//2301
f 2304//2304 2303//2303 2302//2302
f 465//465 356//356 2245//2245
f 2306//2306 2264//2264 2305//2305
f 2307//2307 2288//2288 2287//2287
f 2304//2304 2308//2308 2303//2303
f 2309//2309 2216//2216 2298//2298
f 2298//2298 2216//2216 2217//2217
f 2222//2222 411//411 2285//2285
f 2312//2312 2311//2311 2310//2310
f 2312//2312 2313//2313 2311//2311
f 2316//2316 2315//2315 2314//2314
f 1452//1452 2269//2269 1453//1453
f 366//366 367//367 2222//2222
f 2297//2297 1469//1469 1509//1509
f 2307//2307 2302//2302 2317//2317
f 2297//2297 2288//2288 2317//2317
f 2307//2307 2317//2317 2288//2288
f 2317//2317 2302//2302 2318//2318
f 2318//2318 2319//2319 2320//2320
f 2321//2321 2201//2201 2175//2175
f 2322//2322 533//533 532//532
f 532//532 2306//2306 2322//2322
f 2100//2100 348//348 349//349
f 2306//2306 2263//2263 2264//2264
f 2322//2322 2323//2323 2324//2324
f 1459//1459 1457//1457 2216//2216
f 178//178 2215//2215 177//177
f 1453//1453 2215//2215 178//178
f 2325//2325 2227//2227 2192//2192
f 2326//2326 2227//2227 2325//2325
f 2327//2327 382//382 369//369
f 2329//2329 2328//2328 368//368
f 369//369 349//349 350//350
f 371//371 349//349 369//369
f 1489//1489 2285//2285 2100//2100
f 2284//2284 1511//1511 2283//2283
f 2283//2283 2189//2189 2284//2284
f 2165//2165 2330//2330 2167//2167
f 2331//2331 2226//2226 289//289
f 2213//2213 2228//2228 2265//2265
f 2213//2213 2224//2224 287//287
f 2129//2129 2332//2332 2187//2187
f 1457//1457 179//179 177//177
f 1458//1458 179//179 1457//1457
f 372//372 2333//2333 374//374
f 2334//2334 1467//1467 1469//1469
f 1469//1469 2297//2297 2334//2334
f 2242//2242 2335//2335 2276//2276
f 368//368 2264//2264 367//367
f 2336//2336 2337//2337 533//533
f 531//531 533//533 2337//2337
f 2216//2216 1457//1457 177//177
f 2220//2220 2219//2219 2338//2338
f 361//361 2340//2340 2339//2339
f 2216//2216 2329//2329 1459//1459
f 348//348 2100//2100 2285//2285
f 2263//2263 2306//2306 2290//2290
f 2296//2296 2341//2341 390//390
f 2342//2342 615//615 614//614
f 2343//2343 541//541 2344//2344
f 2345//2345 2277//2277 2346//2346
f 2347//2347 2346//2346 2277//2277
f 2180//2180 396//396 2348//2348
f 2349//2349 2180//2180 2348//2348
f 2276//2276 2335//2335 2314//2314
f 479//479 480//480 2350//2350
f 2351//2351 1125//1125 1127//1127
f 2352//2352 2353//2353 2354//2354
f 2356//2356 2355//2355 2276//2276
f 2357//2357 2358//2358 513//513
f 2357//2357 513//513 2359//2359
f 2360//2360 2341//2341 2296//2296
f 389//389 2361//2361 2240//2240
f 2364//2364 2363//2363 2362//2362
f 376//376 2210//2210 2365//2365
f 2365//2365 2366//2366 2367//2367
f 2368//2368 2369//2369 2370//2370
f 2347//2347 2277//2277 2278//2278
f 2278//2278 2371//2371 2347//2347
f 2371//2371 2278//2278 373//373
f 373//373 374//374 2371//2371
f 375//375 447//447 2372//2372
f 2373//2373 2367//2367 2374//2374
f 458//458 460//460 2281//2281
f 2034//2034 2024//2024 2033//2033
f 2375//2375 2346//2346 2347//2347
f 2376//2376 2377//2377 2378//2378
f 2379//2379 355//355 465//465
f 2380//2380 2381//2381 2382//2382
f 2243//2243 370//370 360//360
f 2383//2383 2346//2346 2218//2218
f 2375//2375 2384//2384 2218//2218
f 2208//2208 443//443 2385//2385
f 2367//2367 2366//2366 2386//2386
f 2376//2376 2255//2255 2257//2257
f 2347//2347 2387//2387 2375//2375
f 1546//1546 163//163 1373//1373
f 381//381 362//362 360//360
f 2340//2340 2388//2388 2339//2339
f 2389//2389 2390//2390 2391//2391
f 2311//2311 2392//2392 2310//2310
f 2243//2243 360//360 2393//2393
f 2387//2387 2385//2385 2394//2394
f 2278//2278 2279//2279 2395//2395
f 178//178 179//179 1458//1458
f 178//178 1458//1458 1452//1452
f 2396//2396 2397//2397 2398//2398
f 1389//1389 1392//1392 1493//1493
f 390//390 389//389 2239//2239
f 2399//2399 362//362 381//381
f 2401//2401 2400//2400 496//496
f 2389//2389 2391//2391 2402//2402
f 2394//2394 2385//2385 443//443
f 2403//2403 372//372 373//373
f 2278//2278 2395//2395 373//373
f 2322//2322 2306//2306 2305//2305
f 2385//2385 2347//2347 2371//2371
f 2347//2347 2385//2385 2387//2387
f 2404//2404 2352//2352 2390//2390
f 2407//2407 2406//2406 2405//2405
f 355//355 2379//2379 2408//2408
f 2410//2410 2409//2409 2280//2280
f 2395//2395 2279//2279 2411//2411
f 2409//2409 2281//2281 2280//2280
f 2413//2413 2412//2412 2360//2360
f 458//458 2281//2281 2409//2409
f 2413//2413 2239//2239 2414//2414
f 1530//1530 2139//2139 1528//1528
f 2375//2375 2387//2387 2415//2415
f 2394//2394 2415//2415 2387//2387
f 2384//2384 2375//2375 2415//2415
f 465//465 2245//2245 2240//2240
f 507//507 2417//2417 2416//2416
f 16//16 2417//2417 507//507
f 2418//2418 2419//2419 2420//2420
f 2421//2421 1953//1953 1954//1954
f 2240//2240 2414//2414 2239//2239
f 2424//2424 2423//2423 2422//2422
f 2159//2159 2200//2200 2198//2198
f 2425//2425 2426//2426 2427//2427
f 2429//2429 2198//2198 2428//2428
f 453//453 2430//2430 2419//2419
f 2419//2419 2430//2430 2431//2431
f 453//453 2190//2190 2430//2430
f 2316//2316 2363//2363 2364//2364
f 111//111 2432//2432 311//311
f 465//465 2240//2240 2433//2433
f 448//448 375//375 376//376
f 2163//2163 2434//2434 2435//2435
f 2356//2356 2276//2276 2314//2314
f 2431//2431 2420//2420 2419//2419
f 2340//2340 361//361 362//362
f 2346//2346 2375//2375 2218//2218
f 2434//2434 2357//2357 2435//2435
f 2413//2413 2360//2360 2296//2296
f 2296//2296 2239//2239 2413//2413
f 2437//2437 2248//2248 2436//2436
f 2440//2440 2439//2439 2438//2438
f 2441//2441 2440//2440 2438//2438
f 522//522 475//475 2442//2442
f 522//522 2442//2442 2443//2443
f 2444//2444 507//507 2416//2416
f 2235//2235 2169//2169 160//160
f 2445//2445 2446//2446 2267//2267
f 2235//2235 1516//1516 1511//1511
f 2223//2223 113//113 2447//2447
f 2448//2448 2444//2444 2449//2449
f 935//935 937//937 2450//2450
f 452//452 453//453 2419//2419
f 408//408 2410//2410 2280//2280
f 2410//2410 2451//2451 2409//2409
f 2454//2454 2453//2453 2452//2452
f 2456//2456 2455//2455 2196//2196
f 2457//2457 2292//2292 17//17
f 2241//2241 2250//2250 2225//2225
f 2458//2458 2372//2372 447//447
f 409//409 2065//2065 111//111
f 2459//2459 2181//2181 2167//2167
f 2459//2459 2460//2460 2181//2181
f 2202//2202 2460//2460 2459//2459
f 2198//2198 2251//2251 2236//2236
f 429//429 2144//2144 2201//2201
f 429//429 2201//2201 2461//2461
f 426//426 2462//2462 442//442
f 1686//1686 2410//2410 408//408
f 2464//2464 2463//2463 412//412
f 2465//2465 2466//2466 403//403
f 2124//2124 2130//2130 2187//2187
f 2386//2386 2468//2468 2467//2467
f 2134//2134 2469//2469 2164//2164
f 112//112 2149//2149 2193//2193
f 2470//2470 401//401 403//403
f 403//403 2202//2202 2470//2470
f 441//441 401//401 2470//2470
f 511//511 2471//2471 2472//2472
f 511//511 2472//2472 2473//2473
f 412//412 2463//2463 421//421
f 2464//2464 412//412 413//413
f 535//535 442//442 1952//1952
f 1952//1952 534//534 535//535
f 2151//2151 2453//2453 2150//2150
f 401//401 2438//2438 402//402
f 2434//2434 2358//2358 2357//2357
f 1952//1952 1953//1953 2474//2474
f 2474//2474 534//534 1952//1952
f 2475//2475 2178//2178 2476//2476
f 2292//2292 2477//2477 438//438
f 536//536 2449//2449 2478//2478
f 2066//2066 2064//2064 2479//2479
f 2440//2440 534//534 2474//2474
f 2481//2481 2476//2476 2480//2480
f 2482//2482 2481//2481 2480//2480
f 2480//2480 2178//2178 2179//2179
f 2178//2178 2480//2480 2476//2476
f 2238//2238 436//436 2483//2483
f 2238//2238 2360//2360 2195//2195
f 2372//2372 2458//2458 2152//2152
f 2469//2469 2349//2349 2164//2164
f 2198//2198 2200//2200 2251//2251
f 2203//2203 2460//2460 2202//2202
f 2262//2262 2273//2273 2274//2274
f 2484//2484 2260//2260 2225//2225
f 2250//2250 2484//2484 2225//2225
f 2485//2485 2486//2486 2372//2372
f 2486//2486 377//377 375//375
f 444//444 2208//2208 2487//2487
f 2116//2116 2065//2065 409//409
f 373//373 2411//2411 2403//2403
f 2456//2456 2488//2488 2471//2471
f 2413//2413 2414//2414 2489//2489
f 448//448 2373//2373 2490//2490
f 376//376 2373//2373 448//448
f 2301//2301 2491//2491 355//355
f 2395//2395 2411//2411 373//373
f 2492//2492 2493//2493 431//431
f 432//432 431//431 2493//2493
f 2494//2494 2495//2495 2496//2496
f 448//448 2490//2490 2497//2497
f 448//448 2497//2497 447//447
f 375//375 2372//2372 2486//2486
f 488//488 2301//2301 2498//2498
f 2449//2449 2441//2441 2448//2448
f 422//422 423//423 2192//2192
f 2490//2490 2499//2499 2497//2497
f 421//421 2500//2500 423//423
f 2503//2503 2502//2502 2501//2501
f 2504//2504 2505//2505 2506//2506
f 2507//2507 2508//2508 2509//2509
f 2510//2510 2509//2509 2508//2508
f 2374//2374 2386//2386 2467//2467
f 2374//2374 2467//2467 2499//2499
f 2512//2512 481//481 2511//2511
f 2500//2500 421//421 2454//2454
f 2513//2513 2205//2205 2206//2206
f 2516//2516 2515//2515 2514//2514
f 2206//2206 2517//2517 2495//2495
f 2208//2208 2385//2385 2371//2371
f 374//374 2208//2208 2371//2371
f 2383//2383 2518//2518 2345//2345
f 607//607 2016//2016 608//608
f 608//608 2016//2016 1887//1887
f 629//629 2519//2519 2510//2510
f 468//468 2520//2520 466//466
f 477//477 476//476 509//509
f 2521//2521 2508//2508 2507//2507
f 538//538 2522//2522 527//527
f 2524//2524 2523//2523 2520//2520
f 2116//2116 409//409 2465//2465
f 2439//2439 2116//2116 2465//2465
f 2179//2179 2479//2479 2525//2525
f 2471//2471 511//511 2358//2358
f 2455//2455 2471//2471 2358//2358
f 2471//2471 2455//2455 2456//2456
f 2434//2434 2455//2455 2358//2358
f 2434//2434 2163//2163 2455//2455
f 2522//2522 538//538 537//537
f 2191//2191 2176//2176 2325//2325
f 2527//2527 473//473 2526//2526
f 536//536 2478//2478 535//535
f 2460//2460 396//396 2181//2181
f 2449//2449 2528//2528 2478//2478
f 2529//2529 2503//2503 2501//2501
f 511//511 513//513 2358//2358
f 2530//2530 520//520 2531//2531
f 2534//2534 2533//2533 2532//2532
f 2348//2348 396//396 397//397
f 2536//2536 405//405 2535//2535
f 2052//2052 545//545 594//594
f 1876//1876 2110//2110 2186//2186
f 2186//2186 2110//2110 2027//2027
f 2539//2539 2538//2538 2537//2537
f 2540//2540 1465//1465 1464//1464
f 337//337 561//561 335//335
f 2541//2541 399//399 398//398
f 2544//2544 2543//2543 2542//2542
f 18//18 441//441 2470//2470
f 2202//2202 18//18 2470//2470
f 2159//2159 17//17 18//18
f 495//495 2381//2381 2545//2545
f 498//498 472//472 2528//2528
f 2528//2528 2449//2449 498//498
f 2546//2546 2547//2547 2548//2548
f 2549//2549 336//336 335//335
f 2552//2552 2551//2551 2550//2550
f 2159//2159 2158//2158 2200//2200
f 2377//2377 2553//2553 2096//2096
f 2369//2369 337//337 336//336
f 2554//2554 337//337 2369//2369
f 503//503 337//337 2554//2554
f 512//512 2555//2555 513//513
f 2557//2557 2554//2554 2556//2556
f 2557//2557 503//503 2554//2554
f 2558//2558 503//503 2557//2557
f 2526//2526 2560//2560 2559//2559
f 2501//2501 2369//2369 336//336
f 2501//2501 2502//2502 2369//2369
f 2561//2561 2502//2502 2503//2503
f 401//401 508//508 2448//2448
f 401//401 2448//2448 2438//2438
f 2444//2444 508//508 507//507
f 2199//2199 2158//2158 2459//2459
f 2459//2459 2158//2158 2202//2202
f 2376//2376 2378//2378 2562//2562
f 2562//2562 2255//2255 2376//2376
f 433//433 2560//2560 2526//2526
f 2526//2526 2563//2563 433//433
f 499//499 945//945 946//946
f 945//945 499//499 869//869
f 958//958 904//904 960//960
f 2565//2565 2564//2564 434//434
f 2520//2520 472//472 473//473
f 2566//2566 2493//2493 2562//2562
f 2488//2488 2472//2472 2471//2471
f 355//355 2408//2408 2301//2301
f 2567//2567 2568//2568 2569//2569
f 2336//2336 2570//2570 2337//2337
f 496//496 497//497 518//518
f 496//496 518//518 2401//2401
f 1129//1129 2351//2351 1130//1130
f 2338//2338 2219//2219 2571//2571
f 2572//2572 2256//2256 2492//2492
f 2574//2574 1038//1038 2573//2573
f 2576//2576 2575//2575 2146//2146
f 2577//2577 2400//2400 2401//2401
f 2256//2256 2572//2572 2257//2257
f 2578//2578 2498//2498 2234//2234
f 2547//2547 354//354 2579//2579
f 2512//2512 2511//2511 2467//2467
f 469//469 470//470 415//415
f 2580//2580 2177//2177 377//377
f 2580//2580 377//377 2486//2486
f 2498//2498 2301//2301 2408//2408
f 2581//2581 462//462 461//461
f 2392//2392 2311//2311 380//380
f 2582//2582 2097//2097 2098//2098
f 2417//2417 2357//2357 2359//2359
f 2583//2583 2548//2548 2579//2579
f 2538//2538 2568//2568 2537//2537
f 496//496 2585//2585 2584//2584
f 2585//2585 496//496 2400//2400
f 2546//2546 2587//2587 2586//2586
f 2546//2546 2586//2586 2588//2588
f 2589//2589 2588//2588 2586//2586
f 2377//2377 2556//2556 2553//2553
f 2590//2590 2279//2279 2345//2345
f 2518//2518 2590//2590 2345//2345
f 2547//2547 2579//2579 2548//2548
f 2378//2378 2586//2586 2562//2562
f 489//489 2491//2491 2301//2301
f 2591//2591 2592//2592 2593//2593
f 2593//2593 2592//2592 2594//2594
f 2568//2568 2538//2538 2569//2569
f 2317//2317 2595//2595 2297//2297
f 565//565 2597//2597 2596//2596
f 2378//2378 2589//2589 2586//2586
f 2376//2376 2257//2257 2556//2556
f 2218//2218 2384//2384 2219//2219
f 489//489 2583//2583 2491//2491
f 2220//2220 2599//2599 2598//2598
f 2232//2232 2234//2234 2498//2498
f 2232//2232 2498//2498 2408//2408
f 488//488 2600//2600 490//490
f 2496//2496 2386//2386 2366//2366
f 2582//2582 2247//2247 2601//2601
f 2602//2602 484//484 486//486
f 488//488 2498//2498 2578//2578
f 1460//1460 974//974 2603//2603
f 2604//2604 2583//2583 490//490
f 490//490 2583//2583 489//489
f 2600//2600 2569//2569 2538//2538
f 2600//2600 488//488 2578//2578
f 2605//2605 2600//2600 2578//2578
f 2606//2606 2593//2593 2594//2594
f 2606//2606 2607//2607 2608//2608
f 2611//2611 2610//2610 2609//2609
f 2610//2610 2611//2611 2612//2612
f 2499//2499 481//481 2613//2613
f 2499//2499 2613//2613 2497//2497
f 480//480 481//481 2512//2512
f 2240//2240 2244//2244 2414//2414
f 2245//2245 2244//2244 2240//2240
f 354//354 2547//2547 530//530
f 2604//2604 2614//2614 2548//2548
f 2614//2614 2604//2604 2539//2539
f 389//389 391//391 2615//2615
f 2588//2588 2616//2616 2547//2547
f 2546//2546 2588//2588 2547//2547
f 2547//2547 2616//2616 530//530
f 2617//2617 2249//2249 2618//2618
f 2556//2556 2377//2377 2376//2376
f 2593//2593 2518//2518 2591//2591
f 2345//2345 2346//2346 2383//2383
f 2489//2489 2414//2414 2244//2244
f 2499//2499 2490//2490 2374//2374
f 2583//2583 2604//2604 2548//2548
f 2569//2569 2600//2600 2605//2605
f 2594//2594 2607//2607 2606//2606
f 2377//2377 2097//2097 2589//2589
f 2097//2097 2582//2582 2616//2616
f 2616//2616 2582//2582 2601//2601
f 2096//2096 2368//2368 2619//2619
f 2620//2620 2605//2605 2578//2578
f 2538//2538 490//490 2600//2600
f 994//994 992//992 1001//1001
f 1001//1001 107//107 994//994
f 2621//2621 518//518 497//497
f 2622//2622 431//431 2623//2623
f 2390//2390 2352//2352 2624//2624
f 2626//2626 2625//2625 2621//2621
f 2493//2493 2492//2492 2256//2256
f 2493//2493 2256//2256 2255//2255
f 2255//2255 2562//2562 2493//2493
f 2628//2628 2627//2627 417//417
f 1460//1460 2603//2603 2308//2308
f 2308//2308 2603//2603 2629//2629
f 497//497 2630//2630 2621//2621
f 517//517 519//519 2612//2612
f 2632//2632 2629//2629 2631//2631
f 470//470 471//471 2633//2633
f 415//415 999//999 469//469
f 2534//2534 2063//2063 2533//2533
f 2634//2634 2568//2568 2567//2567
f 1128//1128 974//974 972//972
f 2635//2635 2636//2636 2637//2637
f 1531//1531 2639//2639 2638//2638
f 1146//1146 2639//2639 1531//1531
f 2607//2607 2640//2640 517//517
f 2577//2577 2401//2401 2640//2640
f 2577//2577 2640//2640 2594//2594
f 2398//2398 2397//2397 2353//2353
f 2397//2397 2354//2354 2353//2353
f 430//430 2641//2641 2504//2504
f 2623//2623 430//430 2504//2504
f 2380//2380 2643//2643 2642//2642
f 2645//2645 2532//2532 2644//2644
f 114//114 986//986 2646//2646
f 2647//2647 2648//2648 2529//2529
f 2390//2390 2624//2624 2391//2391
f 2391//2391 430//430 432//432
f 430//430 2624//2624 2641//2641
f 2391//2391 2624//2624 430//430
f 2636//2636 2626//2626 2649//2649
f 2626//2626 2636//2636 2635//2635
f 335//335 2650//2650 2549//2549
f 560//560 2650//2650 335//335
f 1055//1055 999//999 456//456
f 456//456 999//999 2651//2651
f 457//457 456//456 2651//2651
f 2652//2652 2636//2636 2649//2649
f 2653//2653 2642//2642 469//469
f 2655//2655 2654//2654 2205//2205
f 2652//2652 2656//2656 2636//2636
f 2657//2657 2637//2637 2656//2656
f 2636//2636 2656//2656 2637//2637
f 363//363 1000//1000 2658//2658
f 2659//2659 2660//2660 2661//2661
f 2662//2662 2663//2663 2664//2664
f 2666//2666 2665//2665 515//515
f 2667//2667 2668//2668 2669//2669
f 1011//1011 1123//1123 987//987
f 976//976 1106//1106 977//977
f 2400//2400 2671//2671 2670//2670
f 2673//2673 2581//2581 2672//2672
f 2672//2672 2674//2674 2673//2673
f 2675//2675 1127//1127 2628//2628
f 2676//2676 2632//2632 2631//2631
f 2677//2677 2659//2659 2678//2678
f 992//992 2679//2679 1001//1001
f 1150//1150 147//147 244//244
f 2649//2649 2680//2680 2652//2652
f 2640//2640 2607//2607 2594//2594
f 2401//2401 517//517 2640//2640
f 999//999 998//998 2651//2651
f 2632//2632 2670//2670 2629//2629
f 2651//2651 998//998 2681//2681
f 464//464 1140//1140 461//461
f 995//995 1140//1140 464//464
f 2683//2683 2682//2682 1492//1492
f 2682//2682 2683//2683 487//487
f 2380//2380 2545//2545 2381//2381
f 2400//2400 2670//2670 2585//2585
f 2577//2577 2599//2599 2671//2671
f 2598//2598 2599//2599 2592//2592
f 2383//2383 2218//2218 2598//2598
f 1385//1385 2574//2574 2573//2573
f 1127//1127 2675//2675 1130//1130
f 1130//1130 2351//2351 1127//1127
f 2684//2684 2340//2340 362//362
f 2684//2684 362//362 2399//2399
f 1140//1140 995//995 2685//2685
f 2686//2686 2685//2685 2687//2687
f 2687//2687 2685//2685 493//493
f 493//493 491//491 2687//2687
f 87//87 1000//1000 85//85
f 1000//1000 107//107 1001//1001
f 107//107 1000//1000 363//363
f 105//105 106//106 2688//2688
f 992//992 993//993 2651//2651
f 2670//2670 2632//2632 2585//2585
f 462//462 2581//2581 2689//2689
f 2689//2689 2690//2690 462//462
f 2689//2689 2581//2581 2673//2673
f 245//245 977//977 2691//2691
f 1127//1127 2627//2627 2628//2628
f 2681//2681 992//992 2651//2651
f 2663//2663 2692//2692 2664//2664
f 2693//2693 106//106 365//365
f 2668//2668 2666//2666 515//515
f 514//514 2694//2694 515//515
f 106//106 2695//2695 2688//2688
f 2695//2695 106//106 2693//2693
f 2697//2697 2696//2696 936//936
f 2596//2596 2698//2698 2699//2699
f 2702//2702 2701//2701 2700//2700
f 2663//2663 2669//2669 2692//2692
f 1042//1042 1043//1043 2690//2690
f 2705//2705 2704//2704 2703//2703
f 470//470 2633//2633 416//416
f 2642//2642 2652//2652 2680//2680
f 2381//2381 2584//2584 2676//2676
f 2706//2706 1074//1074 1073//1073
f 2707//2707 2694//2694 514//514
f 495//495 2584//2584 2381//2381
f 457//457 2662//2662 455//455
f 2662//2662 457//457 2663//2663
f 2651//2651 2663//2663 457//457
f 993//993 2663//2663 2651//2651
f 1140//1140 2685//2685 2708//2708
f 2685//2685 995//995 493//493
f 432//432 2402//2402 2391//2391
f 1781//1781 2648//2648 2709//2709
f 2505//2505 2710//2710 2506//2506
f 2711//2711 2686//2686 2712//2712
f 2685//2685 2686//2686 2711//2711
f 401//401 441//441 508//508
f 16//16 508//508 441//441
f 2417//2417 16//16 2435//2435
f 1043//1043 1044//1044 1003//1003
f 516//516 2714//2714 2713//2713
f 510//510 2559//2559 2560//2560
f 2716//2716 2715//2715 2686//2686
f 2715//2715 2716//2716 1145//1145
f 560//560 2717//2717 2718//2718
f 2719//2719 2720//2720 1146//1146
f 2721//2721 946//946 963//963
f 963//963 946//946 944//944
f 2722//2722 2723//2723 2724//2724
f 2722//2722 2725//2725 2723//2723
f 2726//2726 2727//2727 2728//2728
f 2555//2555 512//512 2729//2729
f 400//400 2730//2730 560//560
f 2561//2561 2369//2369 2502//2502
f 2731//2731 2732//2732 2733//2733
f 2243//2243 1529//1529 370//370
f 2283//2283 1510//1510 2282//2282
f 2734//2734 2735//2735 2736//2736
f 927//927 2723//2723 2737//2737
f 1894//1894 1892//1892 2738//2738
f 2435//2435 16//16 2292//2292
f 2697//2697 1892//1892 2739//2739
f 2717//2717 2552//2552 2740//2740
f 1781//1781 2709//2709 2741//2741
f 400//400 560//560 504//504
f 1783//1783 510//510 2560//2560
f 2742//2742 936//936 935//935
f 2704//2704 2743//2743 2703//2703
f 2744//2744 2739//2739 2745//2745
f 2697//2697 2739//2739 2744//2744
f 2369//2369 2561//2561 2370//2370
f 2444//2444 2448//2448 508//508
f 2707//2707 514//514 2505//2505
f 466//466 476//476 475//475
f 2747//2747 2746//2746 935//935
f 935//935 2746//2746 2742//2742
f 2730//2730 399//399 2748//2748
f 2369//2369 2368//2368 2554//2554
f 510//510 1783//1783 509//509
f 398//398 2749//2749 2541//2541
f 2752//2752 2751//2751 2750//2750
f 2734//2734 2753//2753 2735//2735
f 509//509 1783//1783 2754//2754
f 2754//2754 1783//1783 2755//2755
f 510//510 476//476 2559//2559
f 1782//1782 1783//1783 2560//2560
f 2758//2758 2757//2757 2756//2756
f 2730//2730 2717//2717 560//560
f 591//591 2759//2759 2731//2731
f 2759//2759 591//591 2760//2760
f 2749//2749 506//506 2761//2761
f 2492//2492 2622//2622 2572//2572
f 2710//2710 2572//2572 2622//2622
f 2492//2492 431//431 2622//2622
f 2762//2762 2763//2763 2764//2764
f 2572//2572 2765//2765 2257//2257
f 2257//2257 2765//2765 2557//2557
f 2556//2556 2257//2257 2557//2557
f 2557//2557 2765//2765 2558//2558
f 2568//2568 2766//2766 2537//2537
f 2537//2537 2766//2766 2389//2389
f 2390//2390 2389//2389 2766//2766
f 505//505 503//503 2558//2558
f 2767//2767 2744//2744 2541//2541
f 506//506 505//505 2761//2761
f 2623//2623 431//431 430//430
f 2763//2763 2762//2762 2718//2718
f 2768//2768 2717//2717 2730//2730
f 2763//2763 2769//2769 2764//2764
f 2565//2565 2770//2770 2529//2529
f 2504//2504 2707//2707 2505//2505
f 2764//2764 2769//2769 2771//2771
f 2772//2772 2773//2773 2762//2762
f 2173//2173 2172//2172 2494//2494
f 2517//2517 2496//2496 2495//2495
f 2564//2564 2648//2648 1781//1781
f 2495//2495 2494//2494 2172//2172
f 2206//2206 2204//2204 2517//2517
f 2468//2468 2517//2517 2204//2204
f 2172//2172 2206//2206 2495//2495
f 2520//2520 468//468 2524//2524
f 2507//2507 2774//2774 2443//2443
f 399//399 2541//2541 2748//2748
f 2748//2748 2541//2541 2744//2744
f 2770//2770 2565//2565 434//434
f 2775//2775 613//613 615//615
f 2763//2763 2718//2718 2717//2717
f 2776//2776 2777//2777 2253//2253
f 2739//2739 2778//2778 2745//2745
f 2662//2662 2664//2664 2779//2779
f 2542//2542 2543//2543 2780//2780
f 1893//1893 2778//2778 2739//2739
f 2719//2719 2777//2777 2720//2720
f 2781//2781 2725//2725 2782//2782
f 2703//2703 2755//2755 2705//2705
f 2662//2662 2779//2779 455//455
f 2783//2783 2613//2613 2784//2784
f 2062//2062 613//613 2775//2775
f 2507//2507 2443//2443 2521//2521
f 612//612 2785//2785 611//611
f 107//107 363//363 106//106
f 365//365 106//106 363//363
f 2787//2787 2786//2786 627//627
f 2788//2788 2789//2789 2790//2790
f 2792//2792 784//784 2791//2791
f 2793//2793 1009//1009 1010//1010
f 2794//2794 2702//2702 2700//2700
f 2795//2795 2796//2796 614//614
f 509//509 2797//2797 2798//2798
f 509//509 2798//2798 477//477
f 618//618 2799//2799 616//616
f 2049//2049 2050//2050 2800//2800
f 2802//2802 2542//2542 2801//2801
f 2704//2704 2803//2803 2644//2644
f 2804//2804 2805//2805 2806//2806
f 2807//2807 2806//2806 2805//2805
f 2810//2810 2809//2809 2808//2808
f 2811//2811 2812//2812 2813//2813
f 1983//1983 2812//2812 2811//2811
f 2775//2775 2814//2814 2815//2815
f 2816//2816 551//551 2817//2817
f 2816//2816 2817//2817 2818//2818
f 2798//2798 2797//2797 1008//1008
f 2803//2803 2645//2645 2644//2644
f 2821//2821 2820//2820 2819//2819
f 2704//2704 2644//2644 2743//2743
f 565//565 567//567 2822//2822
f 2797//2797 509//509 2754//2754
f 2824//2824 2823//2823 2817//2817
f 2825//2825 1009//1009 2793//2793
f 2827//2827 2826//2826 2534//2534
f 2828//2828 2817//2817 551//551
f 2828//2828 551//551 550//550
f 2787//2787 2530//2530 2829//2829
f 1010//1010 2061//2061 2062//2062
f 2061//2061 1010//1010 1008//1008
f 2830//2830 2794//2794 2700//2700
f 2795//2795 2826//2826 2827//2827
f 2786//2786 629//629 627//627
f 2831//2831 2832//2832 2825//2825
f 2830//2830 2834//2834 2833//2833
f 2835//2835 2834//2834 2830//2830
f 2533//2533 2644//2644 2532//2532
f 2756//2756 2836//2836 2726//2726
f 2837//2837 2832//2832 2442//2442
f 2442//2442 475//475 2837//2837
f 618//618 2838//2838 2799//2799
f 2833//2833 2839//2839 2042//2042
f 2775//2775 1010//1010 2062//2062
f 2828//2828 550//550 2840//2840
f 2815//2815 2793//2793 1010//1010
f 1781//1781 2741//2741 1783//1783
f 2075//2075 595//595 597//597
f 2076//2076 2075//2075 597//597
f 2841//2841 2704//2704 2705//2705
f 468//468 425//425 424//424
f 2774//2774 425//425 468//468
f 529//529 406//406 405//405
f 2081//2081 1993//1993 2019//2019
f 2559//2559 2527//2527 2526//2526
f 2520//2520 2527//2527 466//466
f 551//551 2816//2816 549//549
f 549//549 2816//2816 627//627
f 541//541 2842//2842 2344//2344
f 540//540 2843//2843 542//542
f 2845//2845 2844//2844 2815//2815
f 971//971 2827//2827 2534//2534
f 2794//2794 2846//2846 2750//2750
f 2849//2849 2848//2848 2847//2847
f 2700//2700 2701//2701 2830//2830
f 734//734 2850//2850 732//732
f 2851//2851 2852//2852 2812//2812
f 2853//2853 2785//2785 612//612
f 2008//2008 2057//2057 2055//2055
f 2854//2854 2783//2783 2855//2855
f 2857//2857 2824//2824 2856//2856
f 2835//2835 2701//2701 2858//2858
f 2861//2861 2860//2860 2859//2859
f 2847//2847 2848//2848 2831//2831
f 2146//2146 2575//2575 2862//2862
f 2576//2576 2863//2863 2535//2535
f 2863//2863 2864//2864 2535//2535
f 2865//2865 2866//2866 2867//2867
f 2838//2838 2702//2702 2868//2868
f 404//404 2869//2869 2862//2862
f 2857//2857 2856//2856 2870//2870
f 2857//2857 2870//2870 2843//2843
f 2871//2871 2872//2872 2873//2873
f 238//238 254//254 94//94
f 2874//2874 2873//2873 2875//2875
f 558//558 2877//2877 2876//2876
f 2817//2817 2828//2828 2824//2824
f 2824//2824 2828//2828 2856//2856
f 2801//2801 2758//2758 2878//2878
f 2880//2880 2820//2820 2879//2879
f 2881//2881 2882//2882 2883//2883
f 2872//2872 2884//2884 2343//2343
f 2343//2343 2885//2885 2872//2872
f 2886//2886 2800//2800 2887//2887
f 2813//2813 1936//1936 2811//2811
f 2888//2888 2838//2838 618//618
f 2856//2856 2839//2839 2834//2834
f 2889//2889 2887//2887 2131//2131
f 2743//2743 2890//2890 2891//2891
f 2830//2830 2701//2701 2835//2835
f 2868//2868 2751//2751 2799//2799
f 2783//2783 2892//2892 2893//2893
f 2896//2896 2895//2895 2894//2894
f 2889//2889 2131//2131 2888//2888
f 2897//2897 2889//2889 2888//2888
f 2069//2069 610//610 2879//2879
f 2820//2820 2069//2069 2879//2879
f 2899//2899 1817//1817 2898//2898
f 2873//2873 2872//2872 2885//2885
f 2029//2029 543//543 545//545
f 2886//2886 2887//2887 2889//2889
f 2008//2008 526//526 527//527
f 2887//2887 2900//2900 2030//2030
f 2003//2003 2001//2001 2901//2901
f 607//607 606//606 2024//2024
f 2790//2790 2789//2789 2899//2899
f 2868//2868 2799//2799 2838//2838
f 2858//2858 2003//2003 2901//2901
f 2902//2902 970//970 971//971
f 2751//2751 2868//2868 2750//2750
f 1008//1008 1009//1009 2798//2798
f 969//969 2795//2795 2827//2827
f 596//596 2090//2090 626//626
f 479//479 2531//2531 520//520
f 2350//2350 2531//2531 479//479
f 2597//2597 2903//2903 2904//2904
f 2904//2904 2596//2596 2597//2597
f 2225//2225 2905//2905 287//287
f 287//287 2905//2905 289//289
f 2906//2906 566//566 565//565
f 1519//1519 2207//2207 2262//2262
f 2155//2155 2331//2331 2145//2145
f 2847//2847 2831//2831 2907//2907
f 2907//2907 2831//2831 2825//2825
f 2754//2754 2755//2755 2703//2703
f 2836//2836 2727//2727 2726//2726
f 2726//2726 2728//2728 2908//2908
f 2552//2552 2550//2550 2728//2728
f 2909//2909 2778//2778 1893//1893
f 1895//1895 2909//2909 1893//1893
f 2867//2867 2910//2910 2865//2865
f 2911//2911 2796//2796 969//969
f 2856//2856 2834//2834 2912//2912
f 2912//2912 2870//2870 2856//2856
f 2915//2915 2914//2914 2913//2913
f 2916//2916 733//733 732//732
f 2852//2852 2917//2917 2812//2812
f 2918//2918 2919//2919 591//591
f 2920//2920 2919//2919 2918//2918
f 2923//2923 2922//2922 2921//2921
f 2867//2867 2775//2775 615//615
f 2875//2875 2873//2873 2885//2885
f 2926//2926 2925//2925 2924//2924
f 2929//2929 2928//2928 2927//2927
f 2932//2932 2931//2931 2930//2930
f 2930//2930 2931//2931 2933//2933
f 2851//2851 2910//2910 2342//2342
f 2934//2934 2931//2931 2853//2853
f 2853//2853 2931//2931 2785//2785
f 2865//2865 2910//2910 2788//2788
f 2912//2912 2834//2834 2835//2835
f 1937//1937 1936//1936 2813//2813
f 2936//2936 2923//2923 2935//2935
f 2932//2932 2936//2936 2937//2937
f 2881//2881 2922//2922 2930//2930
f 2937//2937 2938//2938 2939//2939
f 2937//2937 2939//2939 611//611
f 2942//2942 2941//2941 2940//2940
f 2943//2943 1895//1895 2944//2944
f 1464//1464 2944//2944 1895//1895
f 1046//1046 1113//1113 1013//1013
f 1113//1113 1046//1046 1045//1045
f 2048//2048 2939//2939 734//734
f 611//611 2939//2939 2048//2048
f 2923//2923 2921//2921 2945//2945
f 959//959 2946//2946 2254//2254
f 2947//2947 961//961 2948//2948
f 2948//2948 961//961 953//953
f 953//953 961//961 293//293
f 2903//2903 2950//2950 2949//2949
f 1463//1463 2903//2903 2949//2949
f 736//736 968//968 2951//2951
f 638//638 237//237 1720//1720
f 1725//1725 2952//2952 2953//2953
f 2596//2596 2906//2906 565//565
f 2739//2739 1892//1892 1893//1893
f 778//778 968//968 749//749
f 1464//1464 2738//2738 2540//2540
f 289//289 2905//2905 2145//2145
f 289//289 2145//2145 2331//2331
f 784//784 783//783 2791//2791
f 956//956 2942//2942 954//954
f 768//768 2955//2955 2954//2954
f 2956//2956 2917//2917 2852//2852
f 2596//2596 2699//2699 2906//2906
f 338//338 2952//2952 2724//2724
f 2957//2957 2958//2958 2959//2959
f 2959//2959 2960//2960 2957//2957
f 2880//2880 2819//2819 2820//2820
f 542//542 2863//2863 2576//2576
f 2576//2576 2146//2146 542//542
f 2961//2961 2699//2699 2698//2698
f 2883//2883 2882//2882 2422//2422
f 2580//2580 2962//2962 2963//2963
f 2145//2145 2905//2905 2135//2135
f 1894//1894 2738//2738 1464//1464
f 1464//1464 1895//1895 1894//1894
f 2964//2964 2944//2944 1464//1464
f 2941//2941 2965//2965 2940//2940
f 2940//2940 2965//2965 928//928
f 1145//1145 2719//2719 1146//1146
f 2908//2908 2728//2728 2943//2943
f 403//403 2466//2466 2203//2203
f 2966//2966 2597//2597 565//565
f 2822//2822 2966//2966 565//565
f 2930//2930 2922//2922 2932//2932
f 2852//2852 2851//2851 2967//2967
f 2970//2970 2969//2969 2968//2968
f 2971//2971 2969//2969 2970//2970
f 567//567 2972//2972 2822//2822
f 2973//2973 2801//2801 2878//2878
f 2917//2917 2880//2880 1937//1937
f 2917//2917 1937//1937 2813//2813
f 2917//2917 2956//2956 2880//2880
f 598//598 2974//2974 600//600
f 2121//2121 1607//1607 1926//1926
f 2882//2882 2881//2881 2975//2975
f 2976//2976 2882//2882 2975//2975
f 957//957 2977//2977 813//813
f 2956//2956 2819//2819 2880//2880
f 2931//2931 2932//2932 2937//2937
f 2938//2938 2850//2850 2939//2939
f 2968//2968 2976//2976 2975//2975
f 2970//2970 2968//2968 2975//2975
f 1720//1720 237//237 1717//1717
f 807//807 1717//1717 237//237
f 2980//2980 2979//2979 2978//2978
f 2981//2981 2980//2980 2978//2978
f 2966//2966 2976//2976 2982//2982
f 2976//2976 2966//2966 2424//2424
f 2985//2985 2984//2984 2983//2983
f 708//708 2986//2986 1709//1709
f 2989//2989 2988//2988 2987//2987
f 2990//2990 2989//2989 2987//2987
f 1704//1704 775//775 2991//2991
f 2991//2991 775//775 191//191
f 2879//2879 610//610 2048//2048
f 2898//2898 2992//2992 617//617
f 2048//2048 610//610 611//611
f 931//931 2948//2948 953//953
f 925//925 953//953 293//293
f 293//293 294//294 925//925
f 2978//2978 2979//2979 2985//2985
f 2985//2985 2993//2993 2978//2978
f 2994//2994 2979//2979 2980//2980
f 2993//2993 2423//2423 2981//2981
f 2993//2993 2981//2981 2978//2978
f 2996//2996 2995//2995 2807//2807
f 737//737 968//968 736//736
f 2998//2998 2955//2955 2997//2997
f 2979//2979 2987//2987 2985//2985
f 2985//2985 2987//2987 2988//2988
f 1704//1704 2999//2999 708//708
f 2987//2987 2979//2979 2994//2994
f 2883//2883 2993//2993 2985//2985
f 3000//3000 2861//2861 419//419
f 36//36 34//34 3001//3001
f 755//755 3002//3002 3003//3003
f 3001//3001 580//580 36//36
f 3004//3004 3005//3005 2804//2804
f 2859//2859 3006//3006 2861//2861
f 2998//2998 2989//2989 548//548
f 3007//3007 778//778 546//546
f 3008//3008 3009//3009 2760//2760
f 1707//1707 576//576 575//575
f 1877//1877 320//320 3010//3010
f 2819//2819 3011//3011 2821//2821
f 3014//3014 3013//3013 3012//3012
f 2971//2971 2970//2970 2933//2933
f 770//770 736//736 2951//2951
f 2930//2930 2933//2933 2970//2970
f 419//419 3015//3015 418//418
f 581//581 580//580 3012//3012
f 3012//3012 580//580 3001//3001
f 571//571 572//572 577//577
f 3017//3017 3016//3016 300//300
f 1682//1682 3//3 1743//1743
f 3018//3018 738//738 555//555
f 19//19 21//21 721//721
f 3019//3019 2844//2844 2845//2845
f 2042//2042 2839//2839 2840//2840
f 2801//2801 2542//2542 3020//3020
f 2907//2907 2844//2844 3019//3019
f 388//388 387//387 1883//1883
f 1883//1883 3021//3021 388//388
f 777//777 807//807 775//775
f 2911//2911 3011//3011 2796//2796
f 2823//2823 2824//2824 2857//2857
f 2839//2839 2828//2828 2840//2840
f 3023//3023 3022//3022 1027//1027
f 718//718 2759//2759 3024//3024
f 3025//3025 3018//3018 299//299
f 3027//3027 3026//3026 387//387
f 20//20 82//82 84//84
f 20//20 84//84 571//571
f 619//619 3028//3028 630//630
f 2872//2872 2871//2871 2884//2884
f 2823//2823 2857//2857 2884//2884
f 84//84 3029//3029 571//571
f 315//315 1863//1863 1851//1851
f 2926//2926 592//592 2860//2860
f 2930//2930 2975//2975 2881//2881
f 793//793 622//622 620//620
f 3031//3031 2920//2920 3030//3030
f 2733//2733 721//721 720//720
f 3032//3032 3033//3033 3034//3034
f 2861//2861 3000//3000 2804//2804
f 2861//2861 2804//2804 3035//3035
f 590//590 3023//3023 1027//1027
f 2928//2928 3036//3036 2927//2927
f 128//128 127//127 639//639
f 2017//2017 2073//2073 2015//2015
f 2997//2997 2955//2955 3037//3037
f 219//219 202//202 201//201
f 2047//2047 734//734 733//733
f 2975//2975 2930//2930 2970//2970
f 738//738 1710//1710 3038//3038
f 3039//3039 2014//2014 2015//2015
f 746//746 582//582 339//339
f 2976//2976 2968//2968 2982//2982
f 3040//3040 3015//3015 3041//3041
f 3044//3044 3043//3043 3042//3042
f 3046//3046 1029//1029 3045//3045
f 3047//3047 3046//3046 3045//3045
f 3048//3048 3049//3049 3050//3050
f 1837//1837 1728//1728 283//283
f 2101//2101 1728//1728 1837//1837
f 563//563 564//564 37//37
f 2060//2060 3051//3051 1988//1988
f 3053//3053 700//700 3052//3052
f 3054//3054 3053//3053 3052//3052
f 306//306 307//307 3014//3014
f 3055//3055 3032//3032 3034//3034
f 201//201 218//218 219//219
f 805//805 1675//1675 1716//1716
f 59//59 60//60 3056//3056
f 3057//3057 333//333 334//334
f 712//712 3058//3058 3059//3059
f 3059//3059 3060//3060 712//712
f 3061//3061 3062//3062 3063//3063
f 2576//2576 405//405 2575//2575
f 2074//2074 3064//3064 1985//1985
f 3066//3066 1982//1982 3065//3065
f 3067//3067 1819//1819 1983//1983
f 3068//3068 3058//3058 712//712
f 1896//1896 1623//1623 1721//1721
f 418//418 3015//3015 3040//3040
f 836//836 225//225 224//224
f 3032//3032 3069//3069 3033//3033
f 2015//2015 3070//3070 3039//3039
f 36//36 3071//3071 35//35
f 569//569 1963//1963 2032//2032
f 2807//2807 3072//3072 2806//2806
f 2925//2925 2806//2806 3072//3072
f 3071//3071 36//36 2924//2924
f 3074//3074 3073//3073 701//701
f 3054//3054 2807//2807 3075//3075
f 3054//3054 3052//3052 3072//3072
f 3054//3054 3072//3072 2807//2807
f 3053//3053 3077//3077 3076//3076
f 1818//1818 1817//1817 2899//2899
f 3075//3075 3053//3053 3054//3054
f 2049//2049 2898//2898 1817//1817
f 2861//2861 3006//3006 419//419
f 3035//3035 2806//2806 2925//2925
f 3078//3078 2860//2860 590//590
f 592//592 590//590 2860//2860
f 3033//3033 3069//3069 2896//2896
f 2750//2750 2846//2846 2043//2043
f 2038//2038 2071//2071 2036//2036
f 616//616 2751//2751 3079//3079
f 1988//1988 3051//3051 2808//2808
f 3080//3080 1793//1793 1899//1899
f 1963//1963 1886//1886 2032//2032
f 3081//3081 3082//3082 3083//3083
f 3081//3081 3083//3083 3057//3057
f 3050//3050 3036//3036 3084//3084
f 1699//1699 1808//1808 1350//1350
f 3085//3085 1846//1846 947//947
f 1974//1974 2019//2019 1976//1976
f 2059//2059 1988//1988 3086//3086
f 2060//2060 2068//2068 3051//3051
f 3087//3087 3088//3088 3089//3089
f 1743//1743 1825//1825 1690//1690
f 3006//3006 3015//3015 419//419
f 1682//1682 1743//1743 1683//1683
f 3080//3080 1903//1903 1901//1901
f 3090//3090 1903//1903 3080//3080
f 269//269 1748//1748 1749//1749
f 563//563 37//37 39//39
f 3091//3091 2013//2013 2914//2914
f 2914//2914 2013//2013 2913//2913
f 2014//2014 3039//3039 2913//2913
f 2001//2001 1966//1966 1964//1964
f 1819//1819 3067//3067 2895//2895
f 2886//2886 2898//2898 2049//2049
f 2122//2122 309//309 1921//1921
f 309//309 2122//2122 310//310
f 3093//3093 3092//3092 2067//2067
f 1520//1520 1521//1521 2119//2119
f 2800//2800 2886//2886 2049//2049
f 732//732 3094//3094 3076//3076
f 2916//2916 732//732 3076//3076
f 1817//1817 1819//1819 3095//3095
f 702//702 3053//3053 3076//3076
f 2867//2867 615//615 2910//2910
f 3096//3096 3097//3097 596//596
f 596//596 3097//3097 2090//2090
f 2910//2910 615//615 2342//2342
f 2867//2867 2866//2866 2814//2814
f 2814//2814 2775//2775 2867//2867
f 2043//2043 2846//2846 2042//2042
f 2833//2833 2846//2846 2830//2830
f 3098//3098 1935//1935 2916//2916
f 3057//3057 3083//3083 3099//3099
f 2794//2794 2830//2830 2846//2846
f 2289//2289 2027//2027 3100//3100
f 2051//2051 2887//2887 2030//2030
f 2090//2090 3101//3101 2091//2091
f 3051//3051 1980//1980 3066//3066
f 333//333 3102//3102 332//332
f 296//296 315//315 285//285
f 296//296 285//285 284//284
f 3099//3099 1981//1981 3057//3057
f 333//333 1987//1987 3102//3102
f 3039//3039 3103//3103 2913//2913
f 3055//3055 3088//3088 3104//3104
f 3089//3089 3088//3088 3105//3105
f 3105//3105 3088//3088 3055//3055
f 3101//3101 3107//3107 3106//3106
f 1965//1965 1966//1966 1891//1891
f 3056//3056 2901//2901 1964//1964
f 59//59 3056//3056 1964//1964
f 2073//2073 2017//2017 1975//1975
f 2916//2916 3076//3076 3077//3077
f 2894//2894 2895//2895 3067//3067
f 3108//3108 2901//2901 3056//3056
f 2858//2858 2901//2901 3108//3108
f 3103//3103 3048//3048 3050//3050
f 3041//3041 3078//3078 3109//3109
f 1817//1817 3095//3095 2050//2050
f 3043//3043 3110//3110 3111//3111
f 2775//2775 2815//2815 1010//1010
f 2916//2916 3077//3077 3098//3098
f 2917//2917 2813//2813 2812//2812
f 3094//3094 702//702 3076//3076
f 3048//3048 3112//3112 3106//3106
f 3080//3080 1899//1899 3113//3113
f 3106//3106 3114//3114 3048//3048
f 2073//2073 1951//1951 2091//2091
f 3092//3092 2900//2900 3115//3115
f 3032//3032 3055//3055 3104//3104
f 766//766 305//305 306//306
f 3117//3117 3116//3116 3034//3034
f 617//617 2007//2007 2790//2790
f 2896//2896 2894//2894 3117//3117
f 3114//3114 3049//3049 3048//3048
f 3118//3118 3114//3114 3089//3089
f 1937//1937 733//733 1935//1935
f 2042//2042 2846//2846 2833//2833
f 3079//3079 2007//2007 616//616
f 2789//2789 2812//2812 3119//3119
f 1983//1983 2811//2811 3067//3067
f 2842//2842 2146//2146 2862//2862
f 2009//2009 2869//2869 406//406
f 3119//3119 1818//1818 2899//2899
f 2886//2886 2992//2992 2898//2898
f 1935//1935 733//733 2916//2916
f 3117//3117 3033//3033 2896//2896
f 3034//3034 3033//3033 3117//3117
f 3075//3075 2807//2807 2995//2995
f 3063//3063 3062//3062 3120//3120
f 2995//2995 3116//3116 3077//3077
f 3116//3116 3121//3121 3034//3034
f 3111//3111 3110//3110 334//334
f 700//700 701//701 3122//3122
f 2928//2928 2929//2929 3123//3123
f 420//420 3123//3123 2929//2929
f 3068//3068 3061//3061 3124//3124
f 3125//3125 302//302 304//304
f 3057//3057 3110//3110 3081//3081
f 3081//3081 3110//3110 3044//3044
f 3009//3009 3008//3008 3031//3031
f 653//653 3126//3126 652//652
f 268//268 659//659 683//683
f 703//703 268//268 683//683
f 43//43 826//826 44//44
f 268//268 267//267 659//659
f 206//206 637//637 267//267
f 254//254 93//93 94//94
f 257//257 96//96 826//826
f 636//636 1674//1674 669//669
f 1896//1896 1721//1721 1617//1617
f 251//251 207//207 208//208
f 684//684 707//707 703//703
f 684//684 703//703 683//683
f 588//588 562//562 587//587
f 1579//1579 1575//1575 1576//1576
f 1713//1713 654//654 643//643
f 64//64 647//647 667//667
f 51//51 643//643 50//50
f 658//658 95//95 143//143
f 658//658 143//143 644//644
f 673//673 93//93 25//25
f 673//673 143//143 95//95
f 95//95 93//93 673//673
f 226//226 855//855 871//871
f 644//644 143//143 50//50
f 584//584 637//637 640//640
f 650//650 637//637 584//584
f 1641//1641 223//223 222//222
f 56//56 57//57 826//826
f 650//650 267//267 637//637
f 650//650 584//584 255//255
f 650//650 255//255 277//277
f 1711//1711 3127//3127 28//28
f 216//216 1706//1706 846//846
f 277//277 255//255 257//257
f 826//826 1644//1644 56//56
f 1644//1644 623//623 56//56
f 1255//1255 3128//3128 212//212
f 1398//1398 1255//1255 212//212
f 636//636 669//669 640//640
f 1700//1700 1721//1721 1675//1675
f 826//826 96//96 1644//1644
f 256//256 584//584 583//583
f 171//171 1688//1688 172//172
f 584//584 256//256 255//255
f 257//257 256//256 96//96
f 96//96 256//256 1680//1680
f 3129//3129 1581//1581 1582//1582
f 870//870 821//821 822//822
f 883//883 41//41 42//42
f 885//885 41//41 883//883
f 1604//1604 1735//1735 1820//1820
f 646//646 64//64 1680//1680
f 619//619 3131//3131 3130//3130
f 563//563 3131//3131 562//562
f 562//562 3131//3131 619//619
f 3132//3132 583//583 585//585
f 3028//3028 619//619 3133//3133
f 809//809 836//836 224//224
f 3135//3135 1722//1722 3134//3134
f 291//291 3136//3136 292//292
f 808//808 820//820 809//809
f 15//15 665//665 13//13
f 3133//3133 619//619 3130//3130
f 3137//3137 1629//1629 1628//1628
f 1700//1700 806//806 804//804
f 3132//3132 663//663 664//664
f 664//664 651//651 645//645
f 646//646 664//664 645//645
f 664//664 583//583 3132//3132
f 12//12 1681//1681 10//10
f 1626//1626 3132//3132 585//585
f 1684//1684 1711//1711 37//37
f 1711//1711 589//589 37//37
f 256//256 583//583 1680//1680
f 3138//3138 1626//1626 668//668
f 668//668 3139//3139 3138//3138
f 3127//3127 11//11 28//28
f 64//64 96//96 1680//1680
f 1684//1684 3127//3127 1711//1711
f 3140//3140 11//11 3127//3127
f 315//315 296//296 298//298
f 658//658 654//654 1674//1674
f 836//836 851//851 847//847
f 96//96 66//66 1644//1644
f 66//66 65//65 642//642
f 66//66 642//642 1644//1644
f 3130//3130 3131//3131 692//692
f 3130//3130 692//692 599//599
f 3131//3131 39//39 692//692
f 683//683 659//659 3141//3141
f 3142//3142 2974//2974 718//718
f 3142//3142 718//718 717//717
f 590//590 1027//1027 3143//3143
f 718//718 83//83 2759//2759
f 571//571 691//691 573//573
f 3028//3028 3141//3141 659//659
f 3028//3028 659//659 630//630
f 630//630 659//659 631//631
f 2925//2925 2860//2860 3035//3035
f 2926//2926 2860//2860 2925//2925
f 3144//3144 3038//3038 2986//2986
f 254//254 3145//3145 26//26
f 699//699 3145//3145 695//695
f 227//227 699//699 189//189
f 237//237 227//227 189//189
f 3145//3145 699//699 26//26
f 26//26 699//699 227//227
f 1397//1397 3146//3146 1660//1660
f 651//651 742//742 645//645
f 38//38 682//682 39//39
f 1863//1863 726//726 3085//3085
f 609//609 63//63 62//62
f 3//3 1682//1682 846//846
f 1681//1681 845//845 1682//1682
f 695//695 694//694 190//190
f 1706//1706 1//1 3//3
f 738//738 3038//3038 681//681
f 3038//3038 3144//3144 681//681
f 694//694 2999//2999 2991//2991
f 1707//1707 713//713 1708//1708
f 1710//1710 2986//2986 3038//3038
f 715//715 713//713 1707//1707
f 3017//3017 716//716 3016//3016
f 691//691 2974//2974 598//598
f 1823//1823 1825//1825 1743//1743
f 1743//1743 3//3 1823//1823
f 2860//2860 3078//3078 3147//3147
f 3148//3148 547//547 3149//3149
f 3148//3148 3149//3149 710//710
f 2991//2991 2999//2999 1704//1704
f 741//741 697//697 3149//3149
f 854//854 821//821 852//852
f 853//853 852//852 821//821
f 782//782 790//790 794//794
f 689//689 782//782 794//794
f 280//280 1734//1734 1732//1732
f 61//61 722//722 3145//3145
f 254//254 61//61 3145//3145
f 722//722 695//695 3145//3145
f 740//740 698//698 697//697
f 574//574 722//722 61//61
f 61//61 63//63 574//574
f 2998//2998 3150//3150 2955//2955
f 649//649 301//301 680//680
f 300//300 835//835 3151//3151
f 300//300 3151//3151 299//299
f 555//555 299//299 3018//3018
f 649//649 576//576 1708//1708
f 649//649 1708//1708 301//301
f 386//386 388//388 3047//3047
f 3047//3047 388//388 3021//3021
f 738//738 3152//3152 674//674
f 738//738 674//674 1710//1710
f 694//694 693//693 3144//3144
f 3144//3144 693//693 649//649
f 649//649 693//693 574//574
f 649//649 681//681 3144//3144
f 715//715 731//731 704//704
f 1617//1617 1721//1721 858//858
f 731//731 715//715 1707//1707
f 1707//1707 575//575 731//731
f 575//575 609//609 731//731
f 693//693 695//695 574//574
f 716//716 3017//3017 713//713
f 714//714 716//716 713//713
f 3006//3006 2859//2859 2860//2860
f 3021//3021 1884//1884 3059//3059
f 298//298 711//711 726//726
f 1708//1708 3017//3017 301//301
f 301//301 3017//3017 300//300
f 713//713 3017//3017 1708//1708
f 740//740 741//741 3153//3153
f 2669//2669 2695//2695 2667//2667
f 3029//3029 83//83 2974//2974
f 3154//3154 3022//3022 3023//3023
f 727//727 3154//3154 3023//3023
f 2732//2732 723//723 19//19
f 2732//2732 19//19 721//721
f 3026//3026 3155//3155 1883//1883
f 3029//3029 691//691 571//571
f 2759//2759 723//723 2731//2731
f 691//691 3029//3029 2974//2974
f 600//600 2974//2974 3142//3142
f 3142//3142 717//717 600//600
f 83//83 3029//3029 84//84
f 3131//3131 563//563 39//39
f 708//708 2999//2999 2986//2986
f 55//55 37//37 564//564
f 3024//3024 3156//3156 718//718
f 2991//2991 190//190 694//694
f 706//706 705//705 717//717
f 692//692 573//573 599//599
f 3157//3157 1689//1689 621//621
f 599//599 600//600 3158//3158
f 598//598 599//599 573//573
f 3158//3158 3130//3130 599//599
f 600//600 705//705 3158//3158
f 685//685 3158//3158 705//705
f 3158//3158 685//685 3141//3141
f 3158//3158 3133//3133 3130//3130
f 3141//3141 3133//3133 3158//3158
f 3028//3028 3133//3133 3141//3141
f 3152//3152 756//756 674//674
f 1709//1709 2986//2986 1710//1710
f 731//731 609//609 684//684
f 685//685 731//731 684//684
f 707//707 684//684 609//609
f 3141//3141 685//685 683//683
f 2974//2974 83//83 718//718
f 723//723 2759//2759 83//83
f 2999//2999 694//694 3144//3144
f 2999//2999 3144//3144 2986//2986
f 3153//3153 778//778 779//779
f 546//546 778//778 3153//3153
f 716//716 718//718 3156//3156
f 833//833 3016//3016 3156//3156
f 835//835 300//300 3016//3016
f 833//833 3031//3031 834//834
f 3009//3009 3031//3031 833//833
f 3156//3156 3016//3016 716//716
f 835//835 3016//3016 833//833
f 769//769 547//547 3148//3148
f 3159//3159 3025//3025 3002//3002
f 834//834 3160//3160 835//835
f 3143//3143 1027//1027 3161//3161
f 3024//3024 3009//3009 3156//3156
f 3162//3162 2941//2941 2942//2942
f 2957//2957 3162//3162 2942//2942
f 3018//3018 3152//3152 738//738
f 833//833 3156//3156 3009//3009
f 3160//3160 834//834 3031//3031
f 3160//3160 3031//3031 3163//3163
f 3024//3024 2759//2759 2760//2760
f 3024//3024 2760//2760 3009//3009
f 299//299 3151//3151 3164//3164
f 3164//3164 835//835 3160//3160
f 835//835 3164//3164 3151//3151
f 3025//3025 299//299 3164//3164
f 3152//3152 3018//3018 756//756
f 756//756 3018//3018 3025//3025
f 3025//3025 3159//3159 756//756
f 2994//2994 2951//2951 2987//2987
f 2951//2951 968//968 2987//2987
f 968//968 2990//2990 2987//2987
f 784//784 3165//3165 785//785
f 785//785 3165//3165 803//803
f 709//709 710//710 1498//1498
f 547//547 741//741 3149//3149
f 774//774 709//709 1498//1498
f 774//774 775//775 709//709
f 3166//3166 3071//3071 3073//3073
f 3073//3073 3167//3167 3166//3166
f 3007//3007 546//546 548//548
f 3001//3001 766//766 306//306
f 3001//3001 306//306 3012//3012
f 547//547 3150//3150 548//548
f 3150//3150 547//547 2954//2954
f 2954//2954 547//547 769//769
f 3150//3150 2998//2998 548//548
f 2990//2990 3007//3007 2989//2989
f 968//968 3007//3007 2990//2990
f 771//771 735//735 736//736
f 3168//3168 770//770 3169//3169
f 3168//3168 3169//3169 2980//2980
f 937//937 2696//2696 3170//3170
f 936//936 2696//2696 937//937
f 3007//3007 548//548 2989//2989
f 3164//3164 3171//3171 3025//3025
f 3160//3160 3171//3171 3164//3164
f 3002//3002 3025//3025 3171//3171
f 3172//3172 3001//3001 3037//3037
f 788//788 1694//1694 881//881
f 1723//1723 788//788 881//881
f 3001//3001 3172//3172 766//766
f 770//770 2951//2951 3169//3169
f 708//708 1709//1709 3173//3173
f 274//274 881//881 1694//1694
f 3153//3153 741//741 547//547
f 546//546 3153//3153 547//547
f 2252//2252 3174//3174 2254//2254
f 2252//2252 932//932 501//501
f 788//788 3175//3175 696//696
f 725//725 3176//3176 77//77
f 787//787 882//882 259//259
f 258//258 787//787 259//259
f 786//786 785//785 68//68
f 3105//3105 3177//3177 3089//3089
f 3178//3178 3176//3176 725//725
f 784//784 771//771 3179//3179
f 3180//3180 3178//3178 725//725
f 191//191 775//775 807//807
f 790//790 729//729 794//794
f 877//877 729//729 790//790
f 1723//1723 799//799 689//689
f 689//689 690//690 1723//1723
f 884//884 1678//1678 241//241
f 260//260 759//759 724//724
f 928//928 2965//2965 3179//3179
f 3179//3179 771//771 928//928
f 258//258 724//724 77//77
f 76//76 77//77 3176//3176
f 91//91 802//802 800//800
f 3181//3181 762//762 761//761
f 2935//2935 3167//3167 3182//3182
f 876//876 3175//3175 690//690
f 634//634 843//843 632//632
f 632//632 843//843 3183//3183
f 632//632 3183//3183 915//915
f 926//926 2946//2946 959//959
f 814//814 780//780 276//276
f 3149//3149 697//697 1498//1498
f 1498//1498 710//710 3149//3149
f 622//622 791//791 3157//3157
f 621//621 622//622 3157//3157
f 876//876 777//777 776//776
f 36//36 3184//3184 2924//2924
f 1779//1779 1778//1778 1763//1763
f 1763//1763 1778//1778 3185//3185
f 190//190 2991//2991 191//191
f 690//690 788//788 1723//1723
f 779//779 3186//3186 3153//3153
f 740//740 3153//3153 3186//3186
f 3180//3180 696//696 698//698
f 789//789 696//696 3180//3180
f 787//787 786//786 800//800
f 698//698 740//740 3180//3180
f 3186//3186 3180//3180 740//740
f 3180//3180 3186//3186 3178//3178
f 779//779 748//748 3186//3186
f 3176//3176 3186//3186 748//748
f 3178//3178 3186//3186 3176//3176
f 783//783 786//786 78//78
f 2791//2791 76//76 2792//2792
f 78//78 76//76 2791//2791
f 2791//2791 783//783 78//78
f 735//735 771//771 2792//2792
f 735//735 2792//2792 748//748
f 803//803 67//67 68//68
f 34//34 2997//2997 3037//3037
f 803//803 3165//3165 2941//2941
f 2941//2941 3162//3162 803//803
f 3165//3165 784//784 2965//2965
f 2965//2965 784//784 3179//3179
f 2954//2954 2955//2955 3150//3150
f 2941//2941 3165//3165 2965//2965
f 3176//3176 748//748 2792//2792
f 3176//3176 2792//2792 76//76
f 690//690 3175//3175 788//788
f 2792//2792 771//771 784//784
f 1726//1726 2953//2953 3187//3187
f 955//955 2958//2958 956//956
f 1725//1725 2953//2953 1726//1726
f 1498//1498 3175//3175 776//776
f 774//774 1498//1498 776//776
f 696//696 3175//3175 1498//1498
f 776//776 3175//3175 876//876
f 709//709 1704//1704 708//708
f 769//769 3148//3148 3188//3188
f 3188//3188 710//710 708//708
f 3148//3148 710//710 3188//3188
f 3173//3173 3188//3188 708//708
f 3012//3012 306//306 3014//3014
f 3173//3173 305//305 766//766
f 3188//3188 3173//3173 767//767
f 3188//3188 767//767 769//769
f 305//305 3173//3173 674//674
f 1709//1709 674//674 3173//3173
f 3173//3173 766//766 767//767
f 1720//1720 1689//1689 638//638
f 759//759 725//725 724//724
f 789//789 3180//3180 725//725
f 1694//1694 789//789 759//759
f 759//759 789//789 725//725
f 864//864 790//790 781//781
f 621//621 1720//1720 796//796
f 1689//1689 1720//1720 621//621
f 1780//1780 1800//1800 1692//1692
f 22//22 30//30 1705//1705
f 132//132 801//801 802//802
f 882//882 800//800 801//801
f 787//787 800//800 882//882
f 801//801 132//132 1719//1719
f 1719//1719 132//132 134//134
f 801//801 1719//1719 882//882
f 882//882 1719//1719 797//797
f 762//762 886//886 772//772
f 820//820 819//819 40//40
f 40//40 809//809 820//820
f 772//772 819//819 762//762
f 878//878 818//818 1677//1677
f 763//763 818//818 878//878
f 763//763 878//878 877//877
f 1677//1677 818//818 820//820
f 1738//1738 3189//3189 1836//1836
f 119//119 3190//3190 1204//1204
f 1204//1204 3190//3190 816//816
f 879//879 792//792 730//730
f 810//810 3191//3191 730//730
f 852//852 851//851 885//885
f 3//3 2//2 1823//1823
f 3191//3191 860//860 879//879
f 3134//3134 273//273 272//272
f 118//118 230//230 229//229
f 3192//3192 3193//3193 1670//1670
f 172//172 1688//1688 3194//3194
f 652//652 3126//3126 13//13
f 1693//1693 264//264 1778//1778
f 266//266 264//264 1693//1693
f 1614//1614 3195//3195 3196//3196
f 1614//1614 3196//3196 3197//3197
f 817//817 1204//1204 816//816
f 816//816 3190//3190 1724//1724
f 3085//3085 947//947 1731//1731
f 849//849 850//850 838//838
f 241//241 895//895 885//885
f 180//180 874//874 887//887
f 180//180 887//887 872//872
f 821//821 870//870 853//853
f 855//855 853//853 870//870
f 3198//3198 1670//1670 3193//3193
f 3199//3199 838//838 1218//1218
f 849//849 838//838 3199//3199
f 837//837 1218//1218 838//838
f 822//822 823//823 893//893
f 871//871 118//118 226//226
f 118//118 871//871 230//230
f 230//230 893//893 31//31
f 870//870 892//892 871//871
f 822//822 892//892 870//870
f 3200//3200 1625//1625 1629//1629
f 804//804 1698//1698 1700//1700
f 1648//1648 120//120 229//229
f 1057//1057 605//605 3200//3200
f 820//820 3201//3201 1677//1677
f 728//728 1662//1662 810//810
f 3201//3201 1663//1663 1677//1677
f 3197//3197 1662//1662 1663//1663
f 3197//3197 1663//1663 3202//3202
f 810//810 1662//1662 3197//3197
f 810//810 3197//3197 3196//3196
f 1584//1584 1614//1614 3203//3203
f 3203//3203 1585//1585 1584//1584
f 671//671 30//30 217//217
f 1724//1724 1585//1585 3204//3204
f 3194//3194 3205//3205 859//859
f 3206//3206 3205//3205 3194//3194
f 1688//1688 3206//3206 3194//3194
f 3202//3202 3204//3204 1585//1585
f 3202//3202 1585//1585 3203//3203
f 3202//3202 3203//3203 3197//3197
f 3203//3203 1614//1614 3197//3197
f 3206//3206 3195//3195 3205//3205
f 3195//3195 3206//3206 3196//3196
f 1691//1691 3204//3204 3202//3202
f 3202//3202 3201//3201 1691//1691
f 3202//3202 1663//1663 3201//3201
f 820//820 1691//1691 3201//3201
f 810//810 3196//3196 3191//3191
f 3191//3191 879//879 730//730
f 860//860 3191//3191 3206//3206
f 860//860 3206//3206 1688//1688
f 3206//3206 3191//3191 3196//3196
f 1724//1724 3204//3204 816//816
f 816//816 3204//3204 808//808
f 762//762 3181//3181 886//886
f 798//798 815//815 276//276
f 276//276 275//275 798//798
f 865//865 815//815 3207//3207
f 815//815 3181//3181 3207//3207
f 242//242 1678//1678 867//867
f 865//865 814//814 815//815
f 133//133 880//880 180//180
f 1032//1032 1193//1193 1192//1192
f 1192//1192 129//129 1032//1032
f 856//856 825//825 292//292
f 831//831 1199//1199 1206//1206
f 639//639 638//638 827//827
f 3157//3157 827//827 1689//1689
f 827//827 3157//3157 791//791
f 793//793 620//620 794//794
f 872//872 832//832 894//894
f 887//887 3181//3181 872//872
f 886//886 3181//3181 887//887
f 815//815 832//832 872//872
f 815//815 872//872 3181//3181
f 253//253 886//886 887//887
f 634//634 3208//3208 844//844
f 802//802 679//679 3208//3208
f 679//679 844//844 3208//3208
f 934//934 844//844 679//679
f 891//891 844//844 934//934
f 1372//1372 3209//3209 90//90
f 3183//3183 1416//1416 915//915
f 634//634 842//842 3208//3208
f 3210//3210 3183//3183 3211//3211
f 758//758 896//896 3211//3211
f 758//758 3211//3211 891//891
f 843//843 3211//3211 3183//3183
f 891//891 3211//3211 843//843
f 842//842 132//132 3208//3208
f 132//132 802//802 3208//3208
f 462//462 2690//2690 1043//1043
f 1001//1001 2679//2679 3212//3212
f 3212//3212 85//85 1001//1001
f 3174//3174 3213//3213 2254//2254
f 1188//1188 1211//1211 906//906
f 1183//1183 1184//1184 1323//1323
f 900//900 1278//1278 757//757
f 931//931 186//186 3214//3214
f 931//931 3214//3214 2948//2948
f 1190//1190 129//129 1192//1192
f 757//757 1307//1307 913//913
f 2957//2957 2960//2960 2947//2947
f 811//811 899//899 981//981
f 962//962 899//899 811//811
f 897//897 981//981 899//899
f 1214//1214 1378//1378 1066//1066
f 3215//3215 1378//1378 1214//1214
f 3215//3215 1214//1214 1215//1215
f 1527//1527 3215//3215 1215//1215
f 964//964 3215//3215 1527//1527
f 1378//1378 3215//3215 964//964
f 1277//1277 92//92 187//187
f 900//900 92//92 1277//1277
f 934//934 92//92 900//900
f 187//187 92//92 69//69
f 69//69 67//67 187//187
f 802//802 91//91 679//679
f 1449//1449 1539//1539 1503//1503
f 1449//1449 1503//1503 1320//1320
f 3216//3216 3217//3217 3218//3218
f 929//929 930//930 1278//1278
f 1277//1277 929//929 1278//1278
f 1278//1278 930//930 1307//1307
f 1307//1307 757//757 1278//1278
f 3187//3187 338//338 295//295
f 338//338 3187//3187 2953//2953
f 926//926 2737//2737 2946//2946
f 927//927 2737//2737 926//926
f 2948//2948 3214//3214 2947//2947
f 2947//2947 3214//3214 2957//2957
f 2957//2957 3214//3214 3162//3162
f 3162//3162 3214//3214 186//186
f 803//803 3162//3162 186//186
f 2947//2947 2960//2960 961//961
f 803//803 68//68 785//785
f 1300//1300 1334//1334 1298//1298
f 295//295 961//961 2960//2960
f 295//295 2960//2960 3187//3187
f 1538//1538 1526//1526 1525//1525
f 1479//1479 1526//1526 1538//1538
f 3219//3219 1300//1300 1447//1447
f 2980//2980 3169//3169 2994//2994
f 2994//2994 3169//3169 2951//2951
f 2253//2253 2946//2946 2737//2737
f 2254//2254 2946//2946 2253//2253
f 959//959 3213//3213 957//957
f 3213//3213 959//959 2254//2254
f 922//922 155//155 944//944
f 944//944 945//945 922//922
f 2677//2677 974//974 1130//1130
f 2675//2675 2677//2677 1130//1130
f 1042//1042 2690//2690 1035//1035
f 2658//2658 1000//1000 87//87
f 1002//1002 155//155 922//922
f 3213//3213 2977//2977 957//957
f 3221//3221 3220//3220 932//932
f 2687//2687 3221//3221 2716//2716
f 491//491 869//869 500//500
f 3222//3222 2505//2505 2715//2715
f 2689//2689 1041//1041 2690//2690
f 1725//1725 2699//2699 2747//2747
f 2252//2252 501//501 3174//3174
f 946//946 2721//2721 499//499
f 3213//3213 3174//3174 2977//2977
f 3174//3174 501//501 499//499
f 499//499 2721//2721 3174//3174
f 2721//2721 812//812 3174//3174
f 3174//3174 812//812 2977//2977
f 2977//2977 812//812 813//813
f 812//812 2721//2721 963//963
f 1044//1044 1120//1120 1117//1117
f 922//922 923//923 991//991
f 1034//1034 1041//1041 7//7
f 463//463 1043//1043 1004//1004
f 462//462 1043//1043 463//463
f 991//991 463//463 1004//1004
f 1039//1039 3223//3223 1120//1120
f 1044//1044 1042//1042 1120//1120
f 1034//1034 1040//1040 985//985
f 3223//3223 1118//1118 1120//1120
f 3224//3224 86//86 760//760
f 1034//1034 1035//1035 2690//2690
f 1041//1041 1034//1034 2690//2690
f 236//236 1572//1572 1297//1297
f 261//261 1325//1325 263//263
f 1666//1666 1685//1685 1202//1202
f 2958//2958 3225//3225 2959//2959
f 3225//3225 2958//2958 955//955
f 1043//1043 1003//1003 1004//1004
f 922//922 1004//1004 1002//1002
f 991//991 1004//1004 922//922
f 86//86 3224//3224 87//87
f 1126//1126 485//485 760//760
f 1126//1126 760//760 86//86
f 86//86 482//482 1126//1126
f 909//909 2673//2673 2674//2674
f 139//139 383//383 1410//1410
f 1443//1443 1390//1390 1050//1050
f 1443//1443 1050//1050 974//974
f 1130//1130 974//974 1128//1128
f 2673//2673 909//909 9//9
f 9//9 1041//1041 2673//2673
f 3224//3224 2658//2658 87//87
f 985//985 1040//1040 987//987
f 1122//1122 363//363 2658//2658
f 364//364 363//363 1122//1122
f 365//365 364//364 8//8
f 386//386 3226//3226 727//727
f 1139//1139 2665//2665 461//461
f 994//994 107//107 105//105
f 909//909 2693//2693 365//365
f 2695//2695 2693//2693 909//909
f 2674//2674 2695//2695 909//909
f 2674//2674 2667//2667 2695//2695
f 988//988 485//485 1126//1126
f 1135//1135 486//486 485//485
f 1135//1135 485//485 988//988
f 484//484 1121//1121 760//760
f 100//100 102//102 985//985
f 1121//1121 3224//3224 760//760
f 114//114 2646//2646 2602//2602
f 114//114 2602//2602 149//149
f 986//986 100//100 985//985
f 2646//2646 1121//1121 484//484
f 986//986 1121//1121 2646//2646
f 1122//1122 3224//3224 1121//1121
f 2658//2658 3224//3224 1122//1122
f 987//987 1123//1123 986//986
f 114//114 100//100 986//986
f 2646//2646 484//484 2602//2602
f 486//486 1110//1110 2602//2602
f 2602//2602 1110//1110 149//149
f 1083//1083 996//996 1005//1005
f 1083//1083 1005//1005 1037//1037
f 996//996 1083//1083 965//965
f 997//997 1077//1077 1137//1137
f 1077//1077 966//966 1073//1073
f 2706//2706 967//967 1025//1025
f 1272//1272 167//167 1091//1091
f 1187//1187 1023//1023 1137//1137
f 1138//1138 3223//3223 1136//1136
f 90//90 3209//3209 1124//1124
f 997//997 1136//1136 102//102
f 997//997 1137//1137 1136//1136
f 102//102 1039//1039 1036//1036
f 1136//1136 1039//1039 102//102
f 1039//1039 1136//1136 3223//3223
f 985//985 102//102 1036//1036
f 966//966 967//967 2706//2706
f 1075//1075 1024//1024 1073//1073
f 1073//1073 1024//1024 1187//1187
f 1035//1035 1120//1120 1042//1042
f 1120//1120 1035//1035 1039//1039
f 1164//1164 1403//1403 1338//1338
f 487//487 2683//2683 1095//1095
f 2215//2215 2216//2216 177//177
f 243//243 1003//1003 1044//1044
f 243//243 3227//3227 1134//1134
f 1117//1117 243//243 1044//1044
f 1117//1117 1085//1085 3227//3227
f 1117//1117 3227//3227 243//243
f 1085//1085 1087//1087 3227//3227
f 1052//1052 1396//1396 194//194
f 3228//3228 1273//1273 70//70
f 1395//1395 1407//1407 1399//1399
f 1007//1007 151//151 439//439
f 1496//1496 840//840 248//248
f 88//88 1051//1051 1160//1160
f 1273//1273 1098//1098 167//167
f 1213//1213 1065//1065 1188//1188
f 1213//1213 1066//1066 1065//1065
f 1024//1024 1075//1075 1182//1182
f 1066//1066 1378//1378 1134//1134
f 1165//1165 3227//3227 1087//1087
f 1134//1134 3227//3227 1165//1165
f 1165//1165 1066//1066 1134//1134
f 79//79 1111//1111 486//486
f 79//79 486//486 1135//1135
f 1111//1111 1096//1096 1005//1005
f 1096//1096 1111//1111 1109//1109
f 1110//1110 1111//1111 1005//1005
f 1005//1005 149//149 1110//1110
f 1138//1138 1118//1118 3223//3223
f 1119//1119 1118//1118 1138//1138
f 1022//1022 1119//1119 1138//1138
f 1022//1022 1138//1138 1023//1023
f 1119//1119 1022//1022 1260//1260
f 1104//1104 1095//1095 2683//2683
f 1536//1536 1393//1393 1380//1380
f 1375//1375 1050//1050 1390//1390
f 1339//1339 1054//1054 1053//1053
f 1260//1260 1022//1022 1182//1182
f 1158//1158 1385//1385 1157//1157
f 1147//1147 1148//1148 1347//1347
f 3229//3229 1150//1150 244//244
f 1260//1260 1182//1182 1007//1007
f 1007//1007 1182//1182 1006//1006
f 248//248 1364//1364 1496//1496
f 1133//1133 1064//1064 1082//1082
f 1647//1647 975//975 1272//1272
f 764//764 975//975 1647//1647
f 765//765 764//764 1647//1647
f 1063//1063 1070//1070 247//247
f 1272//1272 975//975 1105//1105
f 1384//1384 2691//2691 2574//2574
f 245//245 2691//2691 1384//1384
f 1384//1384 244//244 245//245
f 1005//1005 1096//1096 1037//1037
f 1105//1105 977//977 245//245
f 245//245 3230//3230 1105//1105
f 3230//3230 147//147 148//148
f 3230//3230 245//245 147//147
f 1105//1105 3230//3230 1272//1272
f 148//148 72//72 3230//3230
f 3230//3230 72//72 1272//1272
f 72//72 70//70 1272//1272
f 1142//1142 1383//1383 1415//1415
f 1099//1099 1100//1100 1102//1102
f 1049//1049 1147//1147 1239//1239
f 1074//1074 1161//1161 3231//3231
f 1364//1364 1353//1353 1354//1354
f 1354//1354 1496//1496 1364//1364
f 1158//1158 3229//3229 244//244
f 1159//1159 3229//3229 1158//1158
f 90//90 1124//1124 764//764
f 246//246 1364//1364 248//248
f 71//71 1363//1363 3228//3228
f 3228//3228 70//70 71//71
f 449//449 1658//1658 1157//1157
f 1157//1157 1385//1385 449//449
f 384//384 1408//1408 3232//3232
f 973//973 1658//1658 450//450
f 384//384 3232//3232 385//385
f 1282//1282 1052//1052 1054//1054
f 902//902 71//71 72//72
f 449//449 2573//2573 451//451
f 1364//1364 1486//1486 166//166
f 1151//1151 1152//1152 901//901
f 902//902 901//901 1152//1152
f 1384//1384 1158//1158 244//244
f 234//234 236//236 1173//1173
f 2574//2574 1385//1385 1384//1384
f 1124//1124 3209//3209 1025//1025
f 1084//1084 1037//1037 1038//1038
f 1038//1038 3233//3233 1084//1084
f 108//108 46//46 1294//1294
f 2574//2574 2691//2691 3233//3233
f 3233//3233 1038//1038 2574//2574
f 1082//1082 152//152 1133//1133
f 150//150 152//152 1082//1082
f 451//451 2573//2573 1038//1038
f 449//449 1385//1385 2573//2573
f 1135//1135 989//989 1048//1048
f 79//79 1135//1135 1048//1048
f 1403//1403 1163//1163 1239//1239
f 990//990 988//988 3234//3234
f 3234//3234 988//988 1125//1125
f 1125//1125 988//988 1126//1126
f 2351//2351 1129//1129 3234//3234
f 2351//2351 3234//3234 1125//1125
f 1175//1175 1115//1115 1093//1093
f 1063//1063 1064//1064 1131//1131
f 1093//1093 1115//1115 1080//1080
f 1075//1075 3231//3231 1006//1006
f 1006//1006 1182//1182 1075//1075
f 1162//1162 1006//1006 3231//3231
f 162//162 1006//1006 1162//1162
f 3233//3233 2691//2691 1106//1106
f 1025//1025 3209//3209 2706//2706
f 977//977 1106//1106 2691//2691
f 1073//1073 966//966 2706//2706
f 1084//1084 3233//3233 1106//1106
f 1026//1026 1084//1084 1106//1106
f 2706//2706 3209//3209 1074//1074
f 1074//1074 3209//3209 1372//1372
f 1160//1160 162//162 1162//1162
f 1129//1129 990//990 3234//3234
f 1128//1128 972//972 1129//1129
f 1129//1129 972//972 990//990
f 1041//1041 2689//2689 2673//2673
f 1074//1074 3231//3231 1075//1075
f 1493//1493 3235//3235 1389//1389
f 1050//1050 1149//1149 1147//1147
f 1081//1081 1080//1080 1115//1115
f 1115//1115 1175//1175 1197//1197
f 1175//1175 1186//1186 1197//1197
f 1113//1113 1112//1112 1090//1090
f 1090//1090 1112//1112 1108//1108
f 130//130 1156//1156 182//182
f 1116//1116 1156//1156 1045//1045
f 440//440 1169//1169 1012//1012
f 1169//1169 1212//1212 1065//1065
f 1065//1065 1212//1212 1188//1188
f 1535//1535 1441//1441 1554//1554
f 1212//1212 1169//1169 440//440
f 1155//1155 1212//1212 440//440
f 1014//1014 1088//1088 933//933
f 933//933 1088//1088 145//145
f 1088//1088 1014//1014 1113//1113
f 1113//1113 1014//1014 1013//1013
f 842//842 633//633 133//133
f 1418//1418 1213//1213 1188//1188
f 1213//1213 1418//1418 1216//1216
f 1216//1216 1418//1418 1013//1013
f 898//898 1216//1216 1013//1013
f 1368//1368 1366//1366 1365//1365
f 153//153 1378//1378 964//964
f 831//831 1416//1416 829//829
f 3210//3210 1416//1416 3183//3183
f 1340//1340 1543//1543 3236//3236
f 963//963 153//153 964//964
f 146//146 1107//1107 1190//1190
f 1416//1416 3210//3210 146//146
f 1190//1190 1416//1416 146//146
f 829//829 1416//1416 1190//1190
f 1192//1192 829//829 1190//1190
f 866//866 1206//1206 1199//1199
f 1199//1199 868//868 866//866
f 1500//1500 1207//1207 1664//1664
f 1664//1664 1588//1588 1500//1500
f 916//916 1206//1206 866//866
f 1210//1210 176//176 74//74
f 1219//1219 1210//1210 74//74
f 1175//1175 1017//1017 917//917
f 1072//1072 1071//1071 1018//1018
f 863//863 862//862 1340//1340
f 1196//1196 1194//1194 1544//1544
f 873//873 1198//1198 1195//1195
f 53//53 1195//1195 1198//1198
f 181//181 1033//1033 131//131
f 1210//1210 1033//1033 181//181
f 181//181 1198//1198 1210//1210
f 1330//1330 1170//1170 1402//1402
f 1383//1383 1543//1543 1368//1368
f 3236//3236 1543//1543 1383//1383
f 1076//1076 1016//1016 862//862
f 1340//1340 862//862 1366//1366
f 1368//1368 1340//1340 1366//1366
f 1143//1143 1402//1402 1383//1383
f 1033//1033 1219//1219 1032//1032
f 1032//1032 1219//1219 1220//1220
f 1322//1322 1351//1351 1550//1550
f 1032//1032 1220//1220 1193//1193
f 1399//1399 384//384 383//383
f 1414//1414 1399//1399 383//383
f 156//156 1669//1669 1178//1178
f 1344//1344 1401//1401 1343//1343
f 1352//1352 1669//1669 1355//1355
f 1221//1221 1344//1344 1019//1019
f 921//921 73//73 3237//3237
f 3236//3236 1402//1402 1227//1227
f 1054//1054 3238//3238 1283//1283
f 1337//1337 3238//3238 1054//1054
f 1208//1208 1207//1207 1499//1499
f 1574//1574 3239//3239 1576//1576
f 3240//3240 1630//1630 3239//3239
f 1217//1217 240//240 1241//1241
f 1200//1200 1241//1241 240//240
f 1077//1077 1073//1073 1187//1187
f 996//996 1077//1077 997//997
f 1061//1061 1069//1069 1295//1295
f 1061//1061 1295//1295 1060//1060
f 1232//1232 1060//1060 1231//1231
f 1233//1233 3241//3241 3242//3242
f 1233//1233 3242//3242 1019//1019
f 1233//1233 3243//3243 3241//3241
f 3237//3237 73//73 1243//1243
f 1652//1652 1651//1651 1667//1667
f 828//828 3242//3242 75//75
f 75//75 3242//3242 3241//3241
f 1019//1019 3242//3242 828//828
f 1019//1019 828//828 1221//1221
f 75//75 3241//3241 73//73
f 1243//1243 73//73 3243//3243
f 3241//3241 3243//3243 73//73
f 921//921 3237//3237 920//920
f 3199//3199 1218//1218 3244//3244
f 3210//3210 3211//3211 896//896
f 896//896 146//146 3210//3210
f 1240//1240 919//919 920//920
f 1108//1108 1156//1156 130//130
f 1112//1112 1045//1045 1156//1156
f 1108//1108 1112//1112 1156//1156
f 1176//1176 1174//1174 907//907
f 1064//1064 1133//1133 1131//1131
f 1132//1132 1160//1160 1070//1070
f 1160//1160 1051//1051 1070//1070
f 1068//1068 3245//3245 1069//1069
f 3244//3244 1241//1241 1240//1240
f 1031//1031 1241//1241 1200//1200
f 1217//1217 1241//1241 1218//1218
f 1218//1218 1241//1241 3244//3244
f 1031//1031 1030//1030 1271//1271
f 1217//1217 837//837 895//895
f 1242//1242 849//849 3199//3199
f 1314//1314 3246//3246 1313//1313
f 1262//1262 3247//3247 3248//3248
f 3250//3250 3247//3247 3249//3249
f 3249//3249 1490//1490 3250//3250
f 1248//1248 1274//1274 1332//1332
f 1225//1225 1224//1224 1324//1324
f 1305//1305 1324//1324 1224//1224
f 1345//1345 1291//1291 1226//1226
f 1226//1226 1225//1225 1345//1345
f 1345//1345 1225//1225 1289//1289
f 1291//1291 1345//1345 1274//1274
f 1303//1303 1291//1291 3251//3251
f 1303//1303 3251//3251 1569//1569
f 1208//1208 1569//1569 3251//3251
f 1208//1208 3251//3251 1571//1571
f 1291//1291 1292//1292 3251//3251
f 1292//1292 1571//1571 3251//3251
f 1499//1499 1322//1322 1317//1317
f 1620//1620 1255//1255 1641//1641
f 1317//1317 1322//1322 1550//1550
f 115//115 116//116 1185//1185
f 1595//1595 1601//1601 125//125
f 1352//1352 1355//1355 1351//1351
f 1351//1351 1355//1355 117//117
f 117//117 1570//1570 116//116
f 117//117 1671//1671 1570//1570
f 1356//1356 1671//1671 117//117
f 1441//1441 1323//1323 1359//1359
f 1671//1671 1166//1166 1167//1167
f 848//848 1651//1651 850//850
f 2683//2683 1492//1492 1490//1490
f 1166//1166 3252//3252 1313//1313
f 1313//1313 3253//3253 1166//1166
f 1233//1233 1021//1021 3243//3243
f 1344//1344 1400//1400 1401//1401
f 1203//1203 1586//1586 1666//1666
f 1220//1220 1271//1271 1306//1306
f 3229//3229 1151//1151 1150//1150
f 192//192 1353//1353 1097//1097
f 1097//1097 1102//1102 192//192
f 1342//1342 1336//1336 1590//1590
f 1103//1103 1590//1590 1336//1336
f 1315//1315 1312//1312 1341//1341
f 1341//1341 1590//1590 1315//1315
f 1590//1590 1104//1104 1315//1315
f 1104//1104 1590//1590 1103//1103
f 3249//3249 2683//2683 1490//1490
f 1400//1400 1344//1344 863//863
f 1430//1430 136//136 1546//1546
f 863//863 1344//1344 861//861
f 1651//1651 848//848 1667//1667
f 1667//1667 848//848 1666//1666
f 290//290 292//292 825//825
f 1202//1202 1676//1676 1229//1229
f 1196//1196 1544//1544 1344//1344
f 1196//1196 1344//1344 1221//1221
f 1229//1229 1669//1669 1352//1352
f 1229//1229 1352//1352 1201//1201
f 1316//1316 1104//1104 3249//3249
f 1228//1228 1171//1171 1400//1400
f 1499//1499 1203//1203 1321//1321
f 1586//1586 1203//1203 1499//1499
f 1166//1166 1671//1671 3252//3252
f 1671//1671 1356//1356 3252//3252
f 824//824 263//263 1325//1325
f 1650//1650 262//262 979//979
f 863//863 1228//1228 1400//1400
f 1330//1330 1141//1141 1335//1335
f 1329//1329 1330//1330 1335//1335
f 1141//1141 1330//1330 1402//1402
f 1141//1141 1402//1402 1143//1143
f 1227//1227 1228//1228 3236//3236
f 585//585 640//640 1626//1626
f 3254//3254 3246//3246 1314//1314
f 3247//3247 3254//3254 1314//1314
f 1324//1324 1290//1290 1225//1225
f 1316//1316 3247//3247 1314//1314
f 1315//1315 1316//1316 1314//1314
f 115//115 1351//1351 117//117
f 1669//1669 1356//1356 1355//1355
f 3255//3255 1342//1342 1356//1356
f 1356//1356 1342//1342 1312//1312
f 1669//1669 3255//3255 1356//1356
f 1312//1312 3252//3252 1356//1356
f 1336//1336 3255//3255 1349//1349
f 1349//1349 1329//1329 1336//1336
f 3255//3255 1336//1336 1342//1342
f 1349//1349 1094//1094 1329//1329
f 3255//3255 1669//1669 156//156
f 1349//1349 3255//3255 156//156
f 167//167 168//168 1091//1091
f 1301//1301 1382//1382 1367//1367
f 1301//1301 840//840 1382//1382
f 1301//1301 841//841 840//840
f 1382//1382 1368//1368 1367//1367
f 141//141 1415//1415 1421//1421
f 1496//1496 193//193 840//840
f 902//902 1164//1164 1362//1362
f 1406//1406 1282//1282 1283//1283
f 1395//1395 1282//1282 1406//1406
f 1100//1100 1099//1099 3228//3228
f 3228//3228 1363//1363 1100//1100
f 193//193 1382//1382 840//840
f 1338//1338 1346//1346 1337//1337
f 1346//1346 1338//1338 1347//1347
f 1338//1338 1403//1403 1347//1347
f 1098//1098 3228//3228 1099//1099
f 1273//1273 3228//3228 1098//1098
f 1102//1102 1101//1101 194//194
f 1283//1283 3238//3238 1337//1337
f 1283//1283 1337//1337 1346//1346
f 3256//3256 1443//1443 941//941
f 983//983 3258//3258 3257//3257
f 1377//1377 983//983 3257//3257
f 164//164 188//188 6//6
f 1392//1392 1391//1391 3259//3259
f 1104//1104 2683//2683 3249//3249
f 1391//1391 1443//1443 3259//3259
f 1391//1391 1390//1390 1443//1443
f 1244//1244 1149//1149 1050//1050
f 1244//1244 1050//1050 1375//1375
f 71//71 902//902 1362//1362
f 1377//1377 3257//3257 1438//1438
f 136//136 169//169 138//138
f 1417//1417 938//938 4//4
f 4//4 938//938 1381//1381
f 1163//1163 1403//1403 1164//1164
f 1354//1354 192//192 193//193
f 1159//1159 1157//1157 1049//1049
f 3256//3256 3261//3261 3260//3260
f 1389//1389 3235//3235 1422//1422
f 135//135 1493//1493 1494//1494
f 1157//1157 1658//1658 1049//1049
f 1658//1658 973//973 1049//1049
f 974//974 1049//1049 973//973
f 1161//1161 1162//1162 3231//3231
f 246//246 1486//1486 1364//1364
f 1364//1364 166//166 1097//1097
f 1097//1097 166//166 1098//1098
f 1151//1151 901//901 1150//1150
f 3229//3229 1049//1049 1151//1151
f 1159//1159 1049//1049 3229//3229
f 1486//1486 168//168 166//166
f 1053//1053 1100//1100 1363//1363
f 1053//1053 1363//1363 1361//1361
f 1053//1053 1361//1361 1339//1339
f 1339//1339 1361//1361 1338//1338
f 1362//1362 1338//1338 1361//1361
f 1164//1164 1338//1338 1362//1362
f 138//138 139//139 1410//1410
f 1407//1407 1408//1408 384//384
f 1374//1374 3232//3232 1357//1357
f 1374//1374 1357//1357 1244//1244
f 3232//3232 1408//1408 1357//1357
f 136//136 135//135 1494//1494
f 194//194 1331//1331 1052//1052
f 1399//1399 3262//3262 1396//1396
f 1414//1414 3262//3262 1399//1399
f 1415//1415 3262//3262 1414//1414
f 194//194 3262//3262 1415//1415
f 1396//1396 3262//3262 194//194
f 1383//1383 1402//1402 3236//3236
f 1504//1504 1525//1525 3263//3263
f 1544//1544 1076//1076 861//861
f 1340//1340 3236//3236 1228//1228
f 1415//1415 1383//1383 193//193
f 1142//1142 1143//1143 1383//1383
f 3232//3232 3264//3264 385//385
f 1423//1423 3264//3264 3232//3232
f 1374//1374 1423//1423 3232//3232
f 2682//2682 1421//1421 1420//1420
f 1420//1420 1492//1492 2682//2682
f 2682//2682 487//487 1421//1421
f 1421//1421 487//487 141//141
f 2518//2518 2383//2383 2591//2591
f 135//135 137//137 3264//3264
f 385//385 3264//3264 137//137
f 1386//1386 1429//1429 942//942
f 1387//1387 1429//1429 1386//1386
f 385//385 137//137 1410//1410
f 1410//1410 137//137 136//136
f 1428//1428 1665//1665 1427//1427
f 3256//3256 1428//1428 3261//3261
f 3261//3261 1428//1428 188//188
f 983//983 982//982 3258//3258
f 3235//3235 1493//1493 135//135
f 3235//3235 135//135 3264//3264
f 3264//3264 1423//1423 3235//3235
f 1422//1422 3235//3235 1423//1423
f 974//974 942//942 1443//1443
f 2220//2220 2598//2598 2218//2218
f 1430//1430 1546//1546 1373//1373
f 1422//1422 1390//1390 1389//1389
f 163//163 164//164 1373//1373
f 165//165 3261//3261 188//188
f 163//163 1546//1546 1494//1494
f 5//5 1373//1373 6//6
f 3260//3260 1443//1443 3256//3256
f 3259//3259 1443//1443 3260//3260
f 3260//3260 3261//3261 3259//3259
f 3261//3261 1392//1392 3259//3259
f 1392//1392 3261//3261 165//165
f 1381//1381 1380//1380 1393//1393
f 1433//1433 1446//1446 1388//1388
f 1424//1424 940//940 938//938
f 1424//1424 938//938 1417//1417
f 1445//1445 1435//1435 1436//1436
f 1445//1445 1436//1436 1473//1473
f 1425//1425 1379//1379 939//939
f 199//199 1436//1436 1433//1433
f 1433//1433 198//198 199//199
f 1394//1394 1540//1540 4//4
f 3258//3258 1370//1370 2275//2275
f 2275//2275 1370//1370 1371//1371
f 1540//1540 1393//1393 123//123
f 1393//1393 1540//1540 1394//1394
f 1437//1437 1440//1440 1434//1434
f 1432//1432 1434//1434 1440//1440
f 1434//1434 1377//1377 1437//1437
f 1425//1425 1444//1444 1426//1426
f 3248//3248 3247//3247 3250//3250
f 1503//1503 1561//1561 1560//1560
f 1379//1379 1381//1381 939//939
f 1381//1381 938//938 939//939
f 942//942 1388//1388 943//943
f 1533//1533 1431//1431 1388//1388
f 1533//1533 1425//1425 3265//3265
f 939//939 3265//3265 1425//1425
f 1665//1665 1431//1431 940//940
f 940//940 1427//1427 1665//1665
f 1444//1444 1445//1445 1473//1473
f 1445//1445 1446//1446 1435//1435
f 3265//3265 939//939 940//940
f 1431//1431 3265//3265 940//940
f 1431//1431 1533//1533 3265//3265
f 1431//1431 1665//1665 943//943
f 1433//1433 1466//1466 1377//1377
f 1433//1433 1435//1435 1446//1446
f 1376//1376 1485//1485 1478//1478
f 1478//1478 1485//1485 1484//1484
f 942//942 1429//1429 1388//1388
f 1328//1328 346//346 347//347
f 347//347 345//345 1327//1327
f 1466//1466 1485//1485 1377//1377
f 1327//1327 345//345 982//982
f 1376//1376 1377//1377 1485//1485
f 1501//1501 1481//1481 1328//1328
f 1328//1328 1481//1481 1483//1483
f 2317//2317 2318//2318 2595//2595
f 2320//2320 2595//2595 2318//2318
f 942//942 974//974 1460//1460
f 1369//1369 1470//1470 1371//1371
f 1381//1381 1394//1394 4//4
f 3266//3266 2028//2028 1995//1995
f 159//159 1512//1512 1516//1516
f 1505//1505 1561//1561 1503//1503
f 123//123 5//5 1540//1540
f 1436//1436 1348//1348 1473//1473
f 199//199 1348//1348 1436//1436
f 123//123 1430//1430 5//5
f 1430//1430 122//122 169//169
f 1430//1430 169//169 136//136
f 1665//1665 3256//3256 941//941
f 1665//1665 1428//1428 3256//3256
f 1508//1508 1538//1538 1523//1523
f 1481//1481 1502//1502 1482//1482
f 1483//1483 1482//1482 2237//2237
f 1506//1506 1508//1508 2237//2237
f 1503//1503 1560//1560 1320//1320
f 1369//1369 346//346 1508//1508
f 2162//2162 1245//1245 1168//1168
f 1425//1425 1380//1380 1379//1379
f 1810//1810 1998//1998 1870//1870
f 1348//1348 3267//3267 1523//1523
f 1523//1523 3267//3267 1470//1470
f 1348//1348 1470//1470 3267//3267
f 200//200 1470//1470 1348//1348
f 2031//2031 1972//1972 2018//2018
f 205//205 1524//1524 1526//1526
f 1526//1526 203//203 205//205
f 983//983 1502//1502 1501//1501
f 3219//3219 1729//1729 1333//1333
f 1557//1557 3268//3268 1600//1600
f 1483//1483 346//346 1328//1328
f 1729//1729 3219//3219 1525//1525
f 1525//1525 3219//3219 3263//3263
f 204//204 2259//2259 205//205
f 3257//3257 2275//2275 1438//1438
f 3257//3257 3258//3258 2275//2275
f 200//200 1439//1439 1470//1470
f 982//982 1370//1370 3258//3258
f 984//984 1327//1327 982//982
f 3270//3270 3269//3269 2094//2094
f 929//929 187//187 186//186
f 1277//1277 187//187 929//929
f 1323//1323 1184//1184 1359//1359
f 1360//1360 1359//1359 1184//1184
f 1334//1334 3271//3271 1298//1298
f 1930//1930 1865//1865 3272//3272
f 3272//3272 3189//3189 1930//1930
f 1166//1166 3253//3253 2162//2162
f 1166//1166 2162//2162 1168//1168
f 1926//1926 3273//3273 1927//1927
f 930//930 905//905 1307//1307
f 905//905 930//930 952//952
f 1641//1641 1659//1659 223//223
f 1821//1821 1716//1716 1605//1605
f 1558//1558 3268//3268 1557//1557
f 1615//1615 213//213 1627//1627
f 1447//1447 1561//1561 1505//1505
f 1505//1505 3263//3263 3219//3219
f 3216//3216 1247//1247 3217//3217
f 3263//3263 1505//1505 1504//1504
f 1333//1333 1729//1729 1524//1524
f 1537//1537 1380//1380 1538//1538
f 1538//1538 1380//1380 1348//1348
f 1348//1348 1523//1523 1538//1538
f 1293//1293 48//48 1286//1286
f 1536//1536 1380//1380 1537//1537
f 911//911 250//250 173//173
f 3219//3219 1333//1333 1300//1300
f 1313//1313 3252//3252 1312//1312
f 1276//1276 3216//3216 1514//1514
f 1503//1503 1538//1538 1504//1504
f 1412//1412 3268//3268 1238//1238
f 3219//3219 1447//1447 1505//1505
f 1261//1261 1419//1419 1449//1449
f 1261//1261 1449//1449 1320//1320
f 2106//2106 1536//1536 1537//1537
f 3246//3246 3253//3253 1313//1313
f 918//918 1076//1076 1544//1544
f 3271//3271 1867//1867 1298//1298
f 1299//1299 1826//1826 1319//1319
f 1298//1298 1826//1826 1299//1299
f 1299//1299 1319//1319 1560//1560
f 1534//1534 1577//1577 1286//1286
f 1867//1867 1826//1826 1298//1298
f 1560//1560 1319//1319 1320//1320
f 1827//1827 1826//1826 1867//1867
f 1867//1867 1514//1514 3216//3216
f 1867//1867 3218//3218 1827//1827
f 3216//3216 3218//3218 1867//1867
f 1513//1513 1358//1358 1275//1275
f 1561//1561 1447//1447 1299//1299
f 3218//3218 1545//1545 1318//1318
f 3218//3218 1318//1318 1827//1827
f 3217//3217 1545//1545 3218//3218
f 1318//1318 1319//1319 1826//1826
f 1293//1293 1294//1294 48//48
f 1420//1420 1536//1536 1491//1491
f 2106//2106 1491//1491 1536//1536
f 2106//2106 3250//3250 1491//1491
f 3250//3250 1490//1490 1491//1491
f 3249//3249 3247//3247 1316//1316
f 1263//1263 3274//3274 3246//3246
f 3254//3254 1263//1263 3246//3246
f 3253//3253 3246//3246 3274//3274
f 1552//1552 1471//1471 196//196
f 1472//1472 1471//1471 1552//1552
f 1262//1262 3254//3254 3247//3247
f 1287//1287 1534//1534 1286//1286
f 1262//1262 3248//3248 1419//1419
f 1448//1448 3248//3248 3250//3250
f 3250//3250 2106//2106 1448//1448
f 1419//1419 3248//3248 1448//1448
f 3254//3254 1262//1262 1263//1263
f 1545//1545 3274//3274 1263//1263
f 3217//3217 3274//3274 1545//1545
f 1539//1539 1538//1538 1503//1503
f 633//633 916//916 1191//1191
f 1191//1191 880//880 633//633
f 3274//3274 3217//3217 3253//3253
f 1525//1525 1504//1504 1538//1538
f 2162//2162 3217//3217 1247//1247
f 3217//3217 2162//2162 3253//3253
f 1358//1358 1360//1360 1245//1245
f 1168//1168 1360//1360 1302//1302
f 1167//1167 1168//1168 1302//1302
f 1659//1659 1660//1660 223//223
f 1268//1268 1577//1577 1551//1551
f 1302//1302 1360//1360 1184//1184
f 1265//1265 1577//1577 1534//1534
f 1551//1551 1577//1577 1265//1265
f 1358//1358 1513//1513 1079//1079
f 1078//1078 1092//1092 1264//1264
f 1264//1264 1554//1554 1078//1078
f 108//108 1154//1154 1559//1559
f 1153//1153 1154//1154 108//108
f 1266//1266 236//236 1555//1555
f 236//236 1472//1472 1552//1552
f 1595//1595 1611//1611 1601//1601
f 212//212 1611//1611 1595//1595
f 1474//1474 1079//1079 1513//1513
f 1180//1180 1223//1223 1619//1619
f 1547//1547 1549//1549 1189//1189
f 1547//1547 1189//1189 1573//1573
f 125//125 126//126 1596//1596
f 125//125 1596//1596 1236//1236
f 1573//1573 1189//1189 197//197
f 1573//1573 197//197 1297//1297
f 197//197 1296//1296 1297//1297
f 1411//1411 1223//1223 1180//1180
f 1180//1180 1566//1566 1564//1564
f 1237//1237 1238//1238 3268//3268
f 1619//1619 1566//1566 1180//1180
f 1180//1180 1259//1259 1288//1288
f 1256//1256 1642//1642 1643//1643
f 1068//1068 1061//1061 1258//1258
f 1179//1179 3275//3275 1181//1181
f 3275//3275 1179//1179 1249//1249
f 3275//3275 1234//1234 1181//1181
f 3275//3275 1563//1563 1234//1234
f 1563//1563 3275//3275 1248//1248
f 1562//1562 1563//1563 1248//1248
f 184//184 3276//3276 1223//1223
f 1619//1619 1223//1223 3276//3276
f 3276//3276 184//184 195//195
f 1258//1258 1252//1252 1253//1253
f 3275//3275 1249//1249 1248//1248
f 1332//1332 1284//1284 1562//1562
f 1332//1332 1562//1562 1248//1248
f 1310//1310 1269//1269 910//910
f 1600//1600 236//236 1599//1599
f 236//236 1600//1600 1572//1572
f 1600//1600 1547//1547 1572//1572
f 175//175 1475//1475 1405//1405
f 175//175 1405//1405 173//173
f 1333//1333 1475//1475 1334//1334
f 1333//1333 1524//1524 1475//1475
f 1334//1334 1475//1475 3271//3271
f 3271//3271 1475//1475 1867//1867
f 2119//2119 1521//1521 1941//1941
f 2119//2119 1941//1941 3269//3269
f 1753//1753 1938//1938 3277//3277
f 1558//1558 1404//1404 1405//1405
f 3276//3276 195//195 1409//1409
f 1801//1801 1799//1799 1696//1696
f 266//266 1801//1801 1866//1866
f 280//280 279//279 1734//1734
f 1615//1615 1617//1617 214//214
f 1938//1938 3278//3278 3277//3277
f 1914//1914 286//286 1831//1831
f 712//712 1789//1789 1846//1846
f 660//660 1751//1751 271//271
f 1237//1237 1597//1597 1602//1602
f 3245//3245 3279//3279 1451//1451
f 1398//1398 1397//1397 1660//1660
f 1256//1256 1610//1610 1257//1257
f 1627//1627 1595//1595 1602//1602
f 3276//3276 1409//1409 1601//1601
f 1672//1672 1575//1575 1325//1325
f 210//210 1254//1254 211//211
f 1570//1570 1185//1185 116//116
f 1600//1600 1548//1548 1547//1547
f 1412//1412 1548//1548 3268//3268
f 1600//1600 3268//3268 1548//1548
f 1413//1413 1548//1548 1412//1412
f 1236//1236 1237//1237 1602//1602
f 1236//1236 1602//1602 125//125
f 3268//3268 1558//1558 1237//1237
f 1769//1769 1627//1627 1602//1602
f 3146//3146 1397//1397 1553//1553
f 3134//3134 1722//1722 15//15
f 273//273 3134//3134 15//15
f 1582//1582 1580//1580 1056//1056
f 1597//1597 3280//3280 1769//1769
f 1598//1598 3280//3280 1597//1597
f 1598//1598 1617//1617 3280//3280
f 1615//1615 3280//3280 1617//1617
f 3280//3280 1627//1627 1769//1769
f 1615//1615 1627//1627 3280//3280
f 1553//1553 214//214 1617//1617
f 742//742 3281//3281 648//648
f 1617//1617 1618//1618 3282//3282
f 3282//3282 1618//1618 1734//1734
f 1256//1256 1643//1643 1610//1610
f 1617//1617 3146//3146 1553//1553
f 1256//1256 1254//1254 1642//1642
f 1655//1655 1654//1654 1592//1592
f 859//859 3205//3205 857//857
f 218//218 201//201 29//29
f 1593//1593 1582//1582 1056//1056
f 3128//3128 1611//1611 212//212
f 1619//1619 3276//3276 1601//1601
f 1281//1281 1624//1624 1280//1280
f 120//120 118//118 229//229
f 3283//3283 1281//1281 1279//1279
f 1621//1621 1653//1653 1556//1556
f 1622//1622 1621//1621 1556//1556
f 3284//3284 31//31 3198//3198
f 1621//1621 1581//1581 1653//1653
f 3192//3192 889//889 3193//3193
f 3193//3193 889//889 890//890
f 889//889 3192//3192 1556//1556
f 1741//1741 1740//1740 688//688
f 3194//3194 859//859 3285//3285
f 251//251 641//641 207//207
f 1640//1640 1634//1634 1633//1633
f 3283//3283 3286//3286 3137//3137
f 1653//1653 1581//1581 3129//3129
f 1715//1715 686//686 687//687
f 1722//1722 3135//3135 858//858
f 3146//3146 1582//1582 1660//1660
f 1660//1660 1582//1582 223//223
f 223//223 1582//1582 1593//1593
f 1646//1646 3279//3279 1565//1565
f 1582//1582 1617//1617 3129//3129
f 1617//1617 1582//1582 3146//3146
f 1628//1628 1634//1634 1640//1640
f 1629//1629 1625//1625 1576//1576
f 1542//1542 1541//1541 3129//3129
f 3129//3129 1617//1617 1542//1542
f 3129//3129 1541//1541 1653//1653
f 652//652 1722//1722 651//651
f 3281//3281 742//742 1699//1699
f 1700//1700 1675//1675 806//806
f 1706//1706 219//219 1//1
f 846//846 1706//1706 3//3
f 3283//3283 3137//3137 1640//1640
f 1640//1640 3137//3137 1628//1628
f 3286//3286 3283//3283 1279//1279
f 1281//1281 3283//3283 1657//1657
f 1594//1594 1593//1593 1056//1056
f 221//221 1594//1594 3286//3286
f 3286//3286 1279//1279 221//221
f 3200//3200 1594//1594 1056//1056
f 1279//1279 1280//1280 221//221
f 1638//1638 1639//1639 1643//1643
f 1620//1620 211//211 1255//1255
f 1565//1565 1611//1611 1646//1646
f 1655//1655 1611//1611 1612//1612
f 1656//1656 1643//1643 1639//1639
f 1257//1257 3128//3128 1255//1255
f 1641//1641 1255//1255 1398//1398
f 1611//1611 1566//1566 1619//1619
f 3287//3287 1632//1632 3240//3240
f 1624//1624 1657//1657 210//210
f 1056//1056 1057//1057 3200//3200
f 1625//1625 1579//1579 1576//1576
f 3136//3136 1622//1622 3192//3192
f 3192//3192 1622//1622 1556//1556
f 1640//1640 1657//1657 3283//3283
f 3286//3286 1594//1594 3137//3137
f 1594//1594 3200//3200 3137//3137
f 3137//3137 3200//3200 1629//1629
f 1584//1584 1583//1583 1613//1613
f 663//663 653//653 651//651
f 3198//3198 856//856 1670//1670
f 892//892 230//230 871//871
f 290//290 1625//1625 605//605
f 3200//3200 605//605 1625//1625
f 3198//3198 31//31 33//33
f 1667//1667 1587//1587 1652//1652
f 1589//1589 1652//1652 1587//1587
f 893//893 230//230 892//892
f 824//824 1579//1579 290//290
f 890//890 1648//1648 3284//3284
f 888//888 1648//1648 890//890
f 856//856 3198//3198 33//33
f 1326//1326 1652//1652 1589//1589
f 3192//3192 1670//1670 3136//3136
f 3287//3287 3239//3239 1231//1231
f 1678//1678 884//884 867//867
f 292//292 3136//3136 1670//1670
f 3193//3193 3284//3284 3198//3198
f 890//890 3284//3284 3193//3193
f 1801//1801 266//266 1692//1692
f 1246//1246 1247//1247 3216//3216
f 3216//3216 1276//1276 1246//1246
f 818//818 762//762 819//819
f 3181//3181 761//761 3207//3207
f 824//824 825//825 263//263
f 264//264 265//265 978//978
f 653//653 663//663 3126//3126
f 605//605 1631//1631 291//291
f 1622//1622 291//291 1631//1631
f 120//120 1583//1583 3190//3190
f 3190//3190 1583//1583 1724//1724
f 1622//1622 3136//3136 291//291
f 119//119 120//120 3190//3190
f 855//855 226//226 225//225
f 979//979 635//635 33//33
f 3140//3140 670//670 11//11
f 1631//1631 605//605 1057//1057
f 808//808 3204//3204 1691//1691
f 875//875 867//867 884//884
f 867//867 875//875 1191//1191
f 875//875 880//880 1191//1191
f 880//880 875//875 874//874
f 229//229 31//31 3284//3284
f 3284//3284 1648//1648 229//229
f 252//252 875//875 884//884
f 647//647 1350//1350 667//667
f 1592//1592 1654//1654 3288//3288
f 3288//3288 1654//1654 1639//1639
f 3288//3288 1639//1639 1633//1633
f 1612//1612 1643//1643 1656//1656
f 1610//1610 3128//3128 1257//1257
f 1611//1611 3128//3128 1610//1610
f 1574//1574 1575//1575 1672//1672
f 1628//1628 1630//1630 1634//1634
f 1630//1630 3240//3240 1634//1634
f 1634//1634 3240//3240 1632//1632
f 1632//1632 3289//3289 3288//3288
f 3288//3288 1633//1633 1632//1632
f 3288//3288 3289//3289 1592//1592
f 3279//3279 3245//3245 1565//1565
f 3240//3240 3239//3239 3287//3287
f 1655//1655 1591//1591 1611//1611
f 1059//1059 1258//1258 1061//1061
f 1059//1059 1252//1252 1258//1258
f 1231//1231 1295//1295 3287//3287
f 3287//3287 1295//1295 3289//3289
f 1632//1632 3287//3287 3289//3289
f 1180//1180 3290//3290 1259//1259
f 1069//1069 3245//3245 1451//1451
f 1672//1672 3291//3291 1230//1230
f 1564//1564 3290//3290 1180//1180
f 1588//1588 3291//3291 1661//1661
f 1588//1588 1661//1661 1589//1589
f 3289//3289 1450//1450 1592//1592
f 3289//3289 1295//1295 1450//1450
f 3245//3245 3290//3290 1565//1565
f 1565//1565 3290//3290 1564//1564
f 3290//3290 1068//1068 1259//1259
f 1068//1068 3290//3290 3245//3245
f 1611//1611 1565//1565 1566//1566
f 1451//1451 3279//3279 1646//1646
f 1591//1591 1451//1451 1646//1646
f 1252//1252 1568//1568 1567//1567
f 1252//1252 1567//1567 1251//1251
f 1060//1060 1232//1232 3292//3292
f 3292//3292 1059//1059 1060//1060
f 1568//1568 1252//1252 3292//3292
f 1059//1059 3292//3292 1252//1252
f 1668//1668 1664//1664 1568//1568
f 1568//1568 1664//1664 1209//1209
f 1650//1650 1652//1652 262//262
f 1203//1203 1666//1666 1202//1202
f 671//671 670//670 3140//3140
f 1661//1661 3291//3291 1672//1672
f 1668//1668 3292//3292 1232//1232
f 1568//1568 3292//3292 1668//1668
f 1232//1232 3291//3291 1668//1668
f 1668//1668 3291//3291 1588//1588
f 1230//1230 3291//3291 1232//1232
f 3239//3239 1630//1630 1576//1576
f 1243//1243 848//848 849//849
f 979//979 262//262 635//635
f 33//33 635//635 856//856
f 1808//1808 24//24 666//666
f 921//921 919//919 74//74
f 3243//3243 1021//1021 3293//3293
f 1676//1676 3293//3293 1021//1021
f 1685//1685 3293//3293 1676//1676
f 848//848 3293//3293 1685//1685
f 1685//1685 1666//1666 848//848
f 3293//3293 1243//1243 3243//3243
f 1242//1242 3237//3237 1243//1243
f 3293//3293 848//848 1243//1243
f 3237//3237 1242//1242 920//920
f 1306//1306 830//830 1193//1193
f 1220//1220 1306//1306 1193//1193
f 1306//1306 1271//1271 1030//1030
f 1240//1240 1031//1031 1271//1271
f 3239//3239 1574//1574 1230//1230
f 3244//3244 920//920 1242//1242
f 3244//3244 1242//1242 3199//3199
f 850//850 1673//1673 838//838
f 838//838 1673//1673 980//980
f 1240//1240 920//920 3244//3244
f 893//893 980//980 32//32
f 823//823 980//980 893//893
f 1231//1231 3239//3239 1230//1230
f 866//866 867//867 1191//1191
f 1650//1650 1673//1673 850//850
f 1808//1808 1712//1712 795//795
f 24//24 1808//1808 795//795
f 804//804 805//805 1712//1712
f 3281//3281 1699//1699 1350//1350
f 1350//1350 648//648 3281//3281
f 1350//1350 647//647 648//648
f 671//671 3140//3140 1705//1705
f 3127//3127 1684//1684 3140//3140
f 22//22 1705//1705 1684//1684
f 1684//1684 1705//1705 3140//3140
f 670//670 672//672 12//12
f 845//845 12//12 672//672
f 846//846 1682//1682 845//845
f 671//671 217//217 216//216
f 216//216 672//672 671//671
f 216//216 846//846 672//672
f 654//654 14//14 3139//3139
f 3205//3205 3195//3195 857//857
f 1614//1614 857//857 3195//3195
f 1542//1542 857//857 1613//1613
f 1613//1613 1583//1583 1542//1542
f 3139//3139 14//14 13//13
f 654//654 658//658 644//644
f 13//13 3126//3126 3138//3138
f 49//49 50//50 143//143
f 3139//3139 13//13 3138//3138
f 1609//1609 1721//1721 1603//1603
f 3194//3194 3285//3285 172//172
f 3285//3285 272//272 172//172
f 859//859 858//858 3285//3285
f 3285//3285 858//858 3135//3135
f 272//272 3285//3285 3134//3134
f 3285//3285 3135//3135 3134//3134
f 1542//1542 858//858 857//857
f 1747//1747 1866//1866 3294//3294
f 1542//1542 1617//1617 858//858
f 272//272 170//170 172//172
f 947//947 948//948 1730//1730
f 1699//1699 742//742 1700//1700
f 1674//1674 668//668 669//669
f 668//668 1674//1674 3139//3139
f 1721//1721 1609//1609 1675//1675
f 3139//3139 1674//1674 654//654
f 1626//1626 3138//3138 3132//3132
f 3132//3132 3138//3138 663//663
f 3126//3126 663//663 3138//3138
f 652//652 665//665 1722//1722
f 665//665 15//15 1722//1722
f 215//215 1706//1706 216//216
f 170//170 273//273 1713//1713
f 273//273 14//14 1713//1713
f 170//170 1713//1713 643//643
f 609//609 62//62 707//707
f 707//707 239//239 703//703
f 1722//1722 1721//1721 651//651
f 651//651 1721//1721 3295//3295
f 3295//3295 742//742 651//651
f 1721//1721 742//742 3295//3295
f 742//742 1721//1721 1700//1700
f 29//29 202//202 30//30
f 217//217 30//30 202//202
f 1805//1805 687//687 688//688
f 2011//2011 3090//3090 3113//3113
f 1800//1800 688//688 686//686
f 1799//1799 686//686 1696//1696
f 1800//1800 686//686 1799//1799
f 1695//1695 1715//1715 3296//3296
f 1839//1839 1695//1695 3296//3296
f 1697//1697 1695//1695 1839//1839
f 3297//3297 1750//1750 1751//1751
f 1697//1697 1750//1750 3297//3297
f 949//949 1740//1740 948//948
f 1767//1767 1766//1766 3521//3521
f 1790//1790 1848//1848 1789//1789
f 949//949 1848//1848 1805//1805
f 949//949 1805//1805 1807//1807
f 949//949 1846//1846 1789//1789
f 1789//1789 1848//1848 949//949
f 1742//1742 948//948 1740//1740
f 3123//3123 420//420 418//418
f 1745//1745 1900//1900 1899//1899
f 286//286 1828//1828 284//284
f 746//746 281//281 582//582
f 1979//1979 1793//1793 1794//1794
f 577//577 38//38 1690//1690
f 577//577 1690//1690 3060//3060
f 2072//2072 1989//1989 1767//1767
f 1928//1928 745//745 3298//3298
f 1808//1808 1718//1718 1712//1712
f 3299//3299 1767//1767 3300//3300
f 2010//2010 3300//3300 1767//1767
f 3050//3050 2913//2913 3103//3103
f 3048//3048 3103//3103 3112//3112
f 1712//1712 1679//1679 795//795
f 747//747 1877//1877 3010//3010
f 1988//1988 1767//1767 1989//1989
f 3010//3010 1995//1995 747//747
f 624//624 1745//1745 1979//1979
f 1899//1899 1979//1979 1745//1745
f 2078//2078 3010//3010 320//320
f 3301//3301 1864//1864 1865//1865
f 1712//1712 218//218 1679//1679
f 766//766 3172//3172 768//768
f 1698//1698 1718//1718 1699//1699
f 1847//1847 1848//1848 3060//3060
f 1888//1888 319//319 3302//3302
f 3266//3266 1995//1995 3010//3010
f 739//739 322//322 1522//1522
f 3303//3303 1888//1888 3299//3299
f 604//604 1845//1845 602//602
f 1845//1845 604//604 1881//1881
f 1693//1693 1778//1778 1780//1780
f 1780//1780 1692//1692 1693//1693
f 316//316 1863//1863 1862//1862
f 1863//1863 316//316 726//726
f 1741//1741 1809//1809 1742//1742
f 1847//1847 3304//3304 1804//1804
f 1694//1694 759//759 274//274
f 1824//1824 1823//1823 2//2
f 3060//3060 1690//1690 3304//3304
f 1884//1884 3021//3021 1883//1883
f 1846//1846 711//711 712//712
f 1739//1739 1820//1820 1735//1735
f 726//726 711//711 1846//1846
f 1846//1846 3085//3085 726//726
f 1848//1848 1790//1790 3060//3060
f 1824//1824 2//2 1645//1645
f 3305//3305 1824//1824 1645//1645
f 1806//1806 3305//3305 1714//1714
f 1806//1806 1714//1714 687//687
f 3305//3305 1806//1806 1824//1824
f 1749//1749 278//278 280//280
f 1824//1824 1806//1806 1804//1804
f 1690//1690 1825//1825 3304//3304
f 1748//1748 269//269 1739//1739
f 1836//1836 1763//1763 752//752
f 3085//3085 1731//1731 1851//1851
f 3085//3085 1851//1851 1863//1863
f 1763//1763 3185//3185 1764//1764
f 1613//1613 857//857 1614//1614
f 1824//1824 1804//1804 3304//3304
f 1825//1825 1824//1824 3304//3304
f 3207//3207 761//761 865//865
f 1730//1730 948//948 1841//1841
f 1741//1741 688//688 1800//1800
f 1741//1741 1780//1780 1809//1809
f 1851//1851 1731//1731 1852//1852
f 1852//1852 1731//1731 1842//1842
f 1855//1855 1869//1869 676//676
f 1771//1771 1998//1998 1773//1773
f 1868//1868 1869//1869 1855//1855
f 78//78 258//258 77//77
f 1623//1623 1603//1603 1721//1721
f 666//666 1350//1350 1808//1808
f 279//279 1748//1748 1739//1739
f 1756//1756 1749//1749 1758//1758
f 1756//1756 271//271 1749//1749
f 269//269 1749//1749 271//271
f 3124//3124 3306//3306 3307//3307
f 3124//3124 3307//3307 3058//3058
f 2929//2929 3005//3005 3004//3004
f 220//220 3308//3308 1645//1645
f 1645//1645 3308//3308 3305//3305
f 3309//3309 3305//3305 3308//3308
f 3309//3309 3308//3308 3310//3310
f 3310//3310 3308//3308 220//220
f 220//220 1821//1821 3310//3310
f 1821//1821 1839//1839 3310//3310
f 1840//1840 1830//1830 1829//1829
f 1839//1839 1750//1750 1697//1697
f 3309//3309 1839//1839 3296//3296
f 3309//3309 3296//3296 3305//3305
f 1714//1714 3305//3305 3296//3296
f 1714//1714 3296//3296 1715//1715
f 3312//3312 1913//1913 3311//3311
f 1913//1913 3312//3312 1914//1914
f 752//752 1737//1737 1836//1836
f 1847//1847 3060//3060 3304//3304
f 1802//1802 1829//1829 1736//1736
f 1807//1807 1805//1805 1740//1740
f 1835//1835 1803//1803 751//751
f 1905//1905 2230//2230 1906//1906
f 3282//3282 1734//1734 279//279
f 1865//1865 1850//1850 3272//3272
f 2805//2805 2804//2804 3005//3005
f 1029//1029 3046//3046 1028//1028
f 3313//3313 2020//2020 1903//1903
f 3090//3090 3313//3313 1903//1903
f 1905//1905 1703//1703 1948//1948
f 1950//1950 1905//1905 1948//1948
f 1949//1949 1948//1948 1986//1986
f 1991//1991 3086//3086 1988//1988
f 1986//1986 1702//1702 1968//1968
f 2040//2040 2085//2085 2083//2083
f 661//661 1756//1756 1760//1760
f 1786//1786 1787//1787 1856//1856
f 3310//3310 1839//1839 3309//3309
f 220//220 1716//1716 1821//1821
f 220//220 805//805 1716//1716
f 1749//1749 1732//1732 1758//1758
f 3147//3147 3015//3015 3006//3006
f 1749//1749 1748//1748 278//278
f 1788//1788 1786//1786 1840//1840
f 1840//1840 1786//1786 744//744
f 1747//1747 265//265 1866//1866
f 661//661 1760//1760 1765//1765
f 1732//1732 1733//1733 1758//1758
f 1758//1758 1733//1733 1770//1770
f 1813//1813 1788//1788 1802//1802
f 750//750 1737//1737 752//752
f 265//265 1747//1747 1744//1744
f 1761//1761 1759//1759 1813//1813
f 1788//1788 1840//1840 1829//1829
f 1802//1802 1788//1788 1829//1829
f 1813//1813 1759//1759 1811//1811
f 1760//1760 1756//1756 1759//1759
f 1759//1759 3314//3314 1811//1811
f 1759//1759 1756//1756 3314//3314
f 1756//1756 1757//1757 3314//3314
f 1934//1934 3314//3314 1757//1757
f 1755//1755 3314//3314 1934//1934
f 1850//1850 1763//1763 1836//1836
f 1761//1761 1813//1813 1802//1802
f 1736//1736 3315//3315 1738//1738
f 3316//3316 1746//1746 1747//1747
f 2123//2123 2125//2125 2136//2136
f 1830//1830 3315//3315 1736//1736
f 745//745 1830//1830 744//744
f 1764//1764 1765//1765 1835//1835
f 1764//1764 1835//1835 751//751
f 3294//3294 1697//1697 3297//3297
f 3317//3317 1762//1762 1784//1784
f 3317//3317 1755//1755 1762//1762
f 1755//1755 3317//3317 3314//3314
f 3318//3318 3315//3315 1830//1830
f 745//745 1928//1928 3315//3315
f 1802//1802 1803//1803 1761//1761
f 1855//1855 1854//1854 1868//1868
f 1784//1784 1774//1774 1787//1787
f 1774//1774 1776//1776 1787//1787
f 1784//1784 1787//1787 3317//3317
f 1787//1787 1788//1788 1811//1811
f 1811//1811 1788//1788 1812//1812
f 3317//3317 1787//1787 1811//1811
f 3317//3317 1811//1811 3314//3314
f 745//745 3318//3318 1830//1830
f 1854//1854 1856//1856 1787//1787
f 1869//1869 678//678 676//676
f 678//678 1869//1869 1775//1775
f 3319//3319 1752//1752 1757//1757
f 1524//1524 3320//3320 1475//1475
f 1868//1868 1854//1854 1776//1776
f 1776//1776 1854//1854 1787//1787
f 1775//1775 1868//1868 1776//1776
f 1835//1835 1777//1777 1761//1761
f 1752//1752 1934//1934 1757//1757
f 1803//1803 1835//1835 1761//1761
f 1774//1774 1784//1784 1933//1933
f 1785//1785 1933//1933 1784//1784
f 1785//1785 1822//1822 1933//1933
f 3321//3321 1762//1762 1754//1754
f 1841//1841 948//948 1742//1742
f 1753//1753 3321//3321 1754//1754
f 3322//3322 3321//3321 1753//1753
f 1775//1775 1933//1933 678//678
f 1774//1774 1933//1933 1775//1775
f 3315//3315 3189//3189 1738//1738
f 2185//2185 2142//2142 427//427
f 1928//1928 3189//3189 3315//3315
f 3297//3297 1746//1746 3316//3316
f 3316//3316 3294//3294 3297//3297
f 660//660 1746//1746 1751//1751
f 1734//1734 1618//1618 1616//1616
f 1938//1938 1753//1753 1939//1939
f 3282//3282 279//279 1617//1617
f 3294//3294 3316//3316 1747//1747
f 3297//3297 1751//1751 1746//1746
f 1753//1753 1752//1752 3319//3319
f 1733//1733 3319//3319 1770//1770
f 1770//1770 3319//3319 1757//1757
f 1785//1785 1762//1762 3321//3321
f 3322//3322 3278//3278 3321//3321
f 3321//3321 3278//3278 1822//1822
f 3321//3321 1822//1822 1785//1785
f 1822//1822 3278//3278 677//677
f 1940//1940 3278//3278 1938//1938
f 1939//1939 1733//1733 1616//1616
f 1939//1939 1753//1753 1733//1733
f 1733//1733 1753//1753 3319//3319
f 1753//1753 3277//3277 3322//3322
f 1836//1836 3189//3189 3272//3272
f 1944//1944 1855//1855 3520//3520
f 1853//1853 1855//1855 1944//1944
f 1940//1940 1943//1943 3278//3278
f 676//676 677//677 3278//3278
f 1941//1941 1943//1943 3323//3323
f 1940//1940 1939//1939 3323//3323
f 1616//1616 3323//3323 1939//1939
f 1831//1831 3324//3324 1864//1864
f 1778//1778 264//264 3185//3185
f 1764//1764 3185//3185 264//264
f 978//978 265//265 1744//1744
f 1902//1902 2033//2033 2024//2024
f 1962//1962 745//745 1947//1947
f 1773//1773 1998//1998 1810//1810
f 1910//1910 1912//1912 1943//1943
f 340//340 322//322 321//321
f 3059//3059 3058//3058 3046//3046
f 1522//1522 322//322 340//340
f 1838//1838 2004//2004 2006//2006
f 3326//3326 3298//3298 3325//3325
f 3327//3327 1810//1810 1871//1871
f 1929//1929 3326//3326 3328//3328
f 1979//1979 1794//1794 624//624
f 3113//3113 1899//1899 1898//1898
f 3329//3329 3330//3330 2068//2068
f 1768//1768 1767//1767 1828//1828
f 1837//1837 2004//2004 1838//1838
f 1837//1837 283//283 2004//2004
f 3118//3118 3089//3089 3177//3177
f 1984//1984 1972//1972 2031//2031
f 1866//1866 1697//1697 3294//3294
f 1928//1928 1930//1930 3189//3189
f 264//264 978//978 1764//1764
f 1866//1866 1801//1801 1697//1697
f 2013//2013 2014//2014 2913//2913
f 3322//3322 3277//3277 3278//3278
f 1616//1616 1617//1617 3323//3323
f 1617//1617 1558//1558 1405//1405
f 1405//1405 3323//3323 1617//1617
f 1475//1475 3323//3323 1405//1405
f 3324//3324 1779//1779 1864//1864
f 1864//1864 1779//1779 1850//1850
f 3270//3270 3331//3331 1881//1881
f 2119//2119 3269//3269 3270//3270
f 3270//3270 1881//1881 2119//2119
f 1842//1842 315//315 1852//1852
f 1779//1779 3324//3324 1809//1809
f 3324//3324 1742//1742 1809//1809
f 1742//1742 3324//3324 1841//1841
f 1841//1841 3324//3324 1849//1849
f 3324//3324 1831//1831 1849//1849
f 1849//1849 1831//1831 285//285
f 1606//1606 1607//1607 2121//2121
f 2124//2124 2123//2123 3332//3332
f 2137//2137 3332//3332 2123//2123
f 1836//1836 3272//3272 1850//1850
f 3298//3298 3326//3326 1929//1929
f 1929//1929 1928//1928 3298//3298
f 1909//1909 1908//1908 2156//2156
f 2156//2156 1908//1908 1766//1766
f 1736//1736 1737//1737 750//750
f 1913//1913 1864//1864 3301//3301
f 3333//3333 3311//3311 3301//3301
f 1913//1913 3301//3301 3311//3311
f 3333//3333 3301//3301 1865//1865
f 1865//1865 1930//1930 3333//3333
f 3333//3333 1929//1929 3328//3328
f 1969//1969 3334//3334 1949//1949
f 1920//1920 3335//3335 1918//1918
f 1920//1920 1919//1919 1815//1815
f 3318//3318 745//745 3315//3315
f 2121//2121 1923//1923 310//310
f 1923//1923 2121//2121 1926//1926
f 2128//2128 2130//2130 2153//2153
f 2153//2153 2130//2130 2188//2188
f 553//553 2153//2153 2188//2188
f 1994//1994 3336//3336 2183//2183
f 2117//2117 745//745 1962//1962
f 1796//1796 1810//1810 3327//3327
f 1922//1922 2128//2128 2153//2153
f 2161//2161 3320//3320 3337//3337
f 2133//2133 2120//2120 552//552
f 2267//2267 1512//1512 2445//2445
f 1475//1475 3320//3320 3323//3323
f 205//205 3320//3320 1524//1524
f 2136//2136 3337//3337 3320//3320
f 2136//2136 3320//3320 2228//2228
f 3320//3320 2259//2259 2228//2228
f 2259//2259 3320//3320 205//205
f 1870//1870 3338//3338 1871//1871
f 3124//3124 3063//3063 3306//3306
f 3521//3521 3338//3338 3339//3339
f 1871//1871 3338//3338 3521//3521
f 3040//3040 3341//3341 3340//3340
f 3342//3342 3040//3040 3340//3340
f 1871//1871 3521//3521 3327//3327
f 1997//1997 3339//3339 3338//3338
f 1997//1997 3338//3338 1870//1870
f 1999//1999 3339//3339 1997//1997
f 3302//3302 1767//1767 3299//3299
f 3302//3302 3299//3299 1888//1888
f 3339//3339 1999//1999 2010//2010
f 2024//2024 2034//2034 607//607
f 2034//2034 1974//1974 1975//1975
f 3167//3167 3073//3073 3074//3074
f 3167//3167 3074//3074 3182//3182
f 3026//3026 2731//2731 3155//3155
f 1965//1965 59//59 1964//1964
f 341//341 309//309 308//308
f 2140//2140 341//341 308//308
f 3187//3187 2960//2960 2959//2959
f 3225//3225 1726//1726 2959//2959
f 2959//2959 1726//1726 3187//3187
f 3122//3122 3071//3071 2924//2924
f 1940//1940 3323//3323 1943//1943
f 1834//1834 2101//2101 1837//1837
f 302//302 1992//1992 1945//1945
f 3343//3343 1832//1832 1701//1701
f 3344//3344 2101//2101 1833//1833
f 1728//1728 2101//2101 3344//3344
f 3344//3344 3345//3345 1728//1728
f 1728//1728 3345//3345 1904//1904
f 3346//3346 1796//1796 3327//3327
f 1772//1772 2108//2108 3303//3303
f 3339//3339 1767//1767 3521//3521
f 1838//1838 2006//2006 1900//1900
f 3347//3347 1907//1907 3348//3348
f 1772//1772 3349//3349 2109//2109
f 1798//1798 3349//3349 1772//1772
f 1943//1943 1942//1942 1910//1910
f 3350//3350 3313//3313 2028//2028
f 3298//3298 2117//2117 3325//3325
f 3333//3333 1930//1930 1929//1929
f 2157//2157 3326//3326 3325//3325
f 3328//3328 3326//3326 3311//3311
f 3311//3311 3333//3333 3328//3328
f 1798//1798 3346//3346 3347//3347
f 1798//1798 3347//3347 3349//3349
f 3325//3325 1917//1917 1915//1915
f 2157//2157 3325//3325 1915//1915
f 3348//3348 3349//3349 3347//3347
f 1771//1771 1772//1772 3303//3303
f 3352//3352 3351//3351 1907//1907
f 1816//1816 1960//1960 3335//3335
f 1911//1911 1856//1856 1853//1853
f 1942//1942 3353//3353 2231//2231
f 1941//1941 2231//2231 3353//3353
f 1941//1941 3353//3353 1942//1942
f 2032//2032 1886//1886 1973//1973
f 1973//1973 1984//1984 2032//2032
f 1855//1855 676//676 3520//3520
f 1943//1943 3520//3520 3278//3278
f 3326//3326 2157//2157 1766//1766
f 3346//3346 1798//1798 1796//1796
f 1932//1932 1911//1911 1910//1910
f 2160//2160 2053//2053 1874//1874
f 1872//1872 2160//2160 1874//1874
f 3326//3326 1766//1766 3311//3311
f 1907//1907 1909//1909 3352//3352
f 3352//3352 1909//1909 1915//1915
f 3520//3520 676//676 3278//3278
f 1912//1912 3520//3520 1943//1943
f 2156//2156 1915//1915 1909//1909
f 3521//3521 1766//1766 3327//3327
f 712//712 3060//3060 1790//1790
f 2082//2082 2160//2160 2115//2115
f 745//745 2117//2117 3298//3298
f 1908//1908 3346//3346 1766//1766
f 3347//3347 3346//3346 1908//1908
f 1916//1916 1918//1918 3352//3352
f 1916//1916 3352//3352 1915//1915
f 1918//1918 3351//3351 3352//3352
f 3354//3354 3348//3348 1907//1907
f 3354//3354 1907//1907 3351//3351
f 3335//3335 3355//3355 3351//3351
f 3355//3355 3354//3354 3351//3351
f 3356//3356 3357//3357 3358//3358
f 3356//3356 3358//3358 317//317
f 1907//1907 3347//3347 1908//1908
f 1912//1912 1944//1944 3520//3520
f 1459//1459 366//366 1458//1458
f 3345//3345 3359//3359 1904//1904
f 657//657 3359//3359 3345//3345
f 655//655 1906//1906 2230//2230
f 1960//1960 1816//1816 1814//1814
f 3346//3346 3327//3327 1766//1766
f 2194//2194 2447//2447 112//112
f 1910//1910 2231//2231 1931//1931
f 1942//1942 2231//2231 1910//1910
f 1925//1925 2128//2128 1922//1922
f 1922//1922 1923//1923 1925//1925
f 2193//2193 2149//2149 2147//2147
f 2231//2231 3360//3360 2230//2230
f 1815//1815 1919//1919 743//743
f 1947//1947 1919//1919 1961//1961
f 2117//2117 1917//1917 3325//3325
f 1919//1919 1947//1947 743//743
f 1961//1961 1917//1917 2117//2117
f 3361//3361 3362//3362 3363//3363
f 3363//3363 582//582 3361//3361
f 3363//3363 339//339 582//582
f 2332//2332 2161//2161 3337//3337
f 2161//2161 2332//2332 2129//2129
f 655//655 3362//3362 3359//3359
f 3359//3359 657//657 655//655
f 1898//1898 2005//2005 2011//2011
f 2129//2129 2128//2128 1925//1925
f 1925//1925 1927//1927 2129//2129
f 1905//1905 2107//2107 2230//2230
f 2230//2230 2107//2107 2229//2229
f 2231//2231 2229//2229 1931//1931
f 1931//1931 2229//2229 1786//1786
f 1786//1786 1856//1856 1931//1931
f 1856//1856 1932//1932 1931//1931
f 3364//3364 1905//1905 1958//1958
f 3364//3364 1958//1958 2107//2107
f 2107//2107 1905//1905 3364//3364
f 1786//1786 3365//3365 744//744
f 2229//2229 3365//3365 1786//1786
f 2107//2107 1814//1814 2229//2229
f 743//743 3365//3365 2229//2229
f 2229//2229 1814//1814 743//743
f 744//744 3365//3365 743//743
f 1960//1960 1814//1814 1957//1957
f 1958//1958 1957//1957 1814//1814
f 1905//1905 1959//1959 1958//1958
f 1815//1815 1816//1816 1920//1920
f 1920//1920 1816//1816 3335//3335
f 1956//1956 1959//1959 1905//1905
f 1956//1956 1905//1905 1950//1950
f 3366//3366 1959//1959 1956//1956
f 3367//3367 1906//1906 656//656
f 1955//1955 1906//1906 3367//3367
f 3351//3351 1918//1918 3335//3335
f 1916//1916 1919//1919 1918//1918
f 3335//3335 3366//3366 3355//3355
f 3335//3335 1960//1960 1959//1959
f 3335//3335 1959//1959 3366//3366
f 1904//1904 3368//3368 282//282
f 1897//1897 1832//1832 3343//3343
f 1772//1772 1773//1773 1797//1797
f 3368//3368 3361//3361 582//582
f 1956//1956 1949//1949 3334//3334
f 1956//1956 3334//3334 3366//3366
f 3368//3368 582//582 282//282
f 1955//1955 3343//3343 1701//1701
f 1701//1701 1703//1703 1955//1955
f 3357//3357 3369//3369 3355//3355
f 3368//3368 3359//3359 3362//3362
f 3361//3361 3368//3368 3362//3362
f 3370//3370 2012//2012 2013//2013
f 3091//3091 3370//3370 2013//2013
f 3345//3345 3344//3344 656//656
f 656//656 1833//1833 1897//1897
f 656//656 3344//3344 1833//1833
f 3343//3343 656//656 1897//1897
f 3345//3345 656//656 657//657
f 3343//3343 3367//3367 656//656
f 1955//1955 3367//3367 3343//3343
f 655//655 656//656 1906//1906
f 1919//1919 1917//1917 1961//1961
f 1917//1917 1919//1919 1916//1916
f 3355//3355 3366//3366 3334//3334
f 3355//3355 3369//3369 3354//3354
f 3359//3359 3368//3368 1904//1904
f 1969//1969 1945//1945 1991//1991
f 1945//1945 1967//1967 1946//1946
f 314//314 304//304 303//303
f 1745//1745 2058//2058 312//312
f 3371//3371 313//313 1834//1834
f 1834//1834 1838//1838 3371//3371
f 312//312 2058//2058 314//314
f 1745//1745 570//570 2058//2058
f 1834//1834 313//313 1832//1832
f 1832//1832 313//313 601//601
f 601//601 313//313 314//314
f 3371//3371 312//312 313//313
f 1838//1838 1900//1900 3371//3371
f 312//312 1900//1900 1745//1745
f 1900//1900 312//312 3371//3371
f 1946//1946 1967//1967 303//303
f 601//601 303//303 1701//1701
f 303//303 1968//1968 1701//1701
f 1832//1832 601//601 1701//1701
f 2092//2092 2018//2018 3372//3372
f 2092//2092 3372//3372 3086//3086
f 2059//2059 1970//1970 2060//2060
f 3373//3373 1967//1967 1945//1945
f 1986//1986 1967//1967 3373//3373
f 3086//3086 3372//3372 2059//2059
f 2059//2059 3372//3372 1970//1970
f 1970//1970 3372//3372 2018//2018
f 3373//3373 1945//1945 1949//1949
f 3373//3373 1949//1949 1986//1986
f 1703//1703 1702//1702 1986//1986
f 1986//1986 1948//1948 1703//1703
f 1946//1946 303//303 302//302
f 2083//2083 2085//2085 2077//2077
f 1903//1903 2020//2020 1902//1902
f 3340//3340 3374//3374 3042//3042
f 3342//3342 3340//3340 3042//3042
f 3125//3125 1992//1992 302//302
f 2020//2020 3313//3313 2081//2081
f 1991//1991 1992//1992 3086//3086
f 1981//1981 3082//3082 3375//3375
f 3329//3329 2068//2068 1971//1971
f 1971//1971 3376//3376 1970//1970
f 3376//3376 1971//1971 2068//2068
f 1970//1970 3376//3376 2068//2068
f 1989//1989 2072//2072 1990//1990
f 3370//3370 2074//2074 1973//1973
f 2012//2012 3370//3370 1973//1973
f 1767//1767 3339//3339 2010//2010
f 2108//2108 1889//1889 1888//1888
f 2024//2024 1901//1901 1902//1902
f 2005//2005 2004//2004 1885//1885
f 2072//2072 1969//1969 1991//1991
f 2113//2113 569//569 2031//2031
f 1984//1984 1973//1973 2074//2074
f 2895//2895 3377//3377 1819//1819
f 3377//3377 2895//2895 2896//2896
f 2012//2012 1973//1973 1887//1887
f 1888//1888 3303//3303 2108//2108
f 568//568 569//569 2113//2113
f 2031//2031 569//569 2032//2032
f 2109//2109 3349//3349 3348//3348
f 2156//2156 1766//1766 2157//2157
f 1766//1766 1768//1768 3311//3311
f 3312//3312 3311//3311 1768//1768
f 3357//3357 3356//3356 3369//3369
f 3369//3369 3356//3356 3378//3378
f 3356//3356 3379//3379 3378//3378
f 3379//3379 2109//2109 3378//3378
f 3379//3379 1889//1889 2109//2109
f 317//317 1889//1889 3379//3379
f 3356//3356 317//317 3379//3379
f 3380//3380 317//317 3358//3358
f 3358//3358 1969//1969 3380//3380
f 1969//1969 3358//3358 3334//3334
f 286//286 1914//1914 1828//1828
f 3383//3383 3382//3382 3381//3381
f 1768//1768 1828//1828 1914//1914
f 3312//3312 1768//1768 1914//1914
f 3384//3384 1969//1969 318//318
f 3384//3384 3380//3380 1969//1969
f 318//318 3380//3380 3384//3384
f 318//318 317//317 3380//3380
f 3358//3358 3357//3357 3334//3334
f 3355//3355 3334//3334 3357//3357
f 3378//3378 3348//3348 3369//3369
f 3369//3369 3348//3348 3354//3354
f 3103//3103 3039//3039 3112//3112
f 3348//3348 3378//3378 2109//2109
f 1969//1969 2072//2072 319//319
f 1969//1969 319//319 318//318
f 2072//2072 3302//3302 319//319
f 1767//1767 3302//3302 2072//2072
f 1901//1901 1793//1793 3080//3080
f 2109//2109 1889//1889 2108//2108
f 2005//2005 1898//1898 2006//2006
f 3113//3113 3090//3090 3080//3080
f 603//603 1978//1978 1636//1636
f 2010//2010 1771//1771 3300//3300
f 298//298 297//297 712//712
f 2011//2011 3113//3113 1898//1898
f 3015//3015 3147//3147 3041//3041
f 3041//3041 3147//3147 3078//3078
f 2011//2011 2028//2028 3090//3090
f 3090//3090 2028//2028 3313//3313
f 3303//3303 3300//3300 1771//1771
f 3300//3300 3303//3303 3299//3299
f 746//746 1877//1877 747//747
f 3266//3266 3010//3010 2078//2078
f 3350//3350 3266//3266 2078//2078
f 2028//2028 3266//3266 3350//3350
f 1635//1635 1637//1637 3350//3350
f 1635//1635 3350//3350 2078//2078
f 2887//2887 2800//2800 2900//2900
f 543//543 2029//2029 525//525
f 2789//2789 3119//3119 2899//2899
f 607//607 2034//2034 2017//2017
f 607//607 2017//2017 2016//2016
f 2017//2017 2034//2034 1975//1975
f 3070//3070 2015//2015 2073//2073
f 3092//3092 3115//3115 2067//2067
f 2800//2800 2050//2050 2070//2070
f 3115//3115 2800//2800 2070//2070
f 2900//2900 2800//2800 3115//3115
f 2070//2070 2050//2050 2071//2071
f 3093//3093 523//523 3092//3092
f 2901//2901 2001//2001 1964//1964
f 3385//3385 2009//2009 58//58
f 58//58 2009//2009 60//60
f 3385//3385 2056//2056 2057//2057
f 2051//2051 2131//2131 2887//2887
f 2035//2035 523//523 3093//3093
f 3093//3093 2086//2086 2035//2035
f 523//523 524//524 3092//3092
f 58//58 2056//2056 3385//3385
f 2900//2900 524//524 2030//2030
f 2992//2992 2886//2886 2889//2889
f 2992//2992 2889//2889 2897//2897
f 2897//2897 617//617 2992//2992
f 617//617 2897//2897 618//618
f 1874//1874 543//543 525//525
f 2053//2053 543//543 1874//1874
f 2035//2035 2054//2054 525//525
f 2081//2081 3350//3350 1637//1637
f 3313//3313 3350//3350 2081//2081
f 3386//3386 2057//2057 2008//2008
f 2099//2099 2054//2054 2035//2035
f 2099//2099 2035//2035 2086//2086
f 1966//1966 2001//2001 2002//2002
f 1891//1891 1966//1966 2002//2002
f 2088//2088 2039//2039 2087//2087
f 2003//2003 1890//1890 2002//2002
f 2099//2099 1873//1873 2054//2054
f 1891//1891 2002//2002 1890//1890
f 3115//3115 2038//2038 2067//2067
f 2070//2070 2038//2038 3115//3115
f 1902//1902 1974//1974 2033//2033
f 3387//3387 359//359 357//357
f 1890//1890 528//528 526//526
f 359//359 3387//3387 323//323
f 323//323 325//325 359//359
f 323//323 3387//3387 593//593
f 593//593 2102//2102 323//323
f 1881//1881 3331//3331 1843//1843
f 2114//2114 2183//2183 3336//3336
f 324//324 2053//2053 2082//2082
f 539//539 538//538 2025//2025
f 527//527 2025//2025 538//538
f 1976//1976 2019//2019 1993//1993
f 1976//1976 1993//1993 393//393
f 596//596 595//595 3096//3096
f 3387//3387 594//594 593//593
f 466//466 2559//2559 476//476
f 2008//2008 527//527 3386//3386
f 1009//1009 2825//2825 2832//2832
f 2131//2131 2132//2132 2888//2888
f 58//58 59//59 1965//1965
f 2783//2783 2854//2854 2057//2057
f 2835//2835 2858//2858 2864//2864
f 2912//2912 2835//2835 2864//2864
f 2535//2535 405//405 2576//2576
f 528//528 2025//2025 527//527
f 2025//2025 528//528 2026//2026
f 2150//2150 2453//2453 3388//3388
f 357//357 358//358 2132//2132
f 2186//2186 2185//2185 428//428
f 427//427 428//428 2185//2185
f 527//527 2522//2522 3386//3386
f 594//594 2132//2132 2052//2052
f 2003//2003 2132//2132 2103//2103
f 2858//2858 2132//2132 2003//2003
f 2103//2103 2132//2132 3389//3389
f 594//594 357//357 2132//2132
f 3387//3387 357//357 594//594
f 3337//3337 2136//2136 2125//2125
f 2888//2888 2132//2132 2838//2838
f 529//529 405//405 2536//2536
f 2009//2009 2855//2855 2869//2869
f 2869//2869 2855//2855 3390//3390
f 2855//2855 2009//2009 3385//3385
f 3108//3108 3056//3056 60//60
f 3108//3108 60//60 529//529
f 1902//1902 2019//2019 1974//1974
f 2085//2085 2067//2067 2077//2077
f 2067//2067 2085//2085 3093//3093
f 1637//1637 1993//1993 2081//2081
f 3093//3093 2085//2085 2086//2086
f 3125//3125 2089//2089 1992//1992
f 1992//1992 2089//2089 3391//3391
f 1992//1992 3391//3391 3086//3086
f 2113//2113 2089//2089 3125//3125
f 3125//3125 568//568 2113//2113
f 3125//3125 304//304 568//568
f 3391//3391 2089//2089 2092//2092
f 3391//3391 2092//2092 3086//3086
f 1977//1977 1978//1978 3392//3392
f 3392//3392 1978//1978 602//602
f 2000//2000 2080//2080 602//602
f 602//602 2080//2080 3392//3392
f 3392//3392 2080//2080 2039//2039
f 3392//3392 2039//2039 2088//2088
f 3392//3392 2088//2088 1977//1977
f 2039//2039 2079//2079 2084//2084
f 2000//2000 2079//2079 2080//2080
f 2084//2084 2079//2079 2099//2099
f 2099//2099 2079//2079 2111//2111
f 1873//1873 2099//2099 2111//2111
f 2111//2111 2079//2079 2000//2000
f 2082//2082 2115//2115 1921//1921
f 1921//1921 2115//2115 1606//1606
f 1791//1791 1792//1792 3393//3393
f 1859//1859 1607//1607 1608//1608
f 1606//1606 2122//2122 1921//1921
f 2026//2026 3100//3100 2027//2027
f 2155//2155 2133//2133 552//552
f 1875//1875 1876//1876 428//428
f 342//342 343//343 357//357
f 3394//3394 1875//1875 428//428
f 2461//2461 3394//3394 428//428
f 422//422 412//412 421//421
f 428//428 1876//1876 2186//2186
f 1926//1926 1607//1607 3273//3273
f 539//539 2110//2110 537//537
f 2522//2522 537//537 1875//1875
f 1880//1880 2114//2114 2112//2112
f 528//528 1890//1890 2003//2003
f 2003//2003 2103//2103 528//528
f 528//528 2103//2103 2026//2026
f 2483//2483 2420//2420 2238//2238
f 2114//2114 3336//3336 3393//3393
f 2111//2111 1880//1880 2112//2112
f 739//739 1924//1924 1996//1996
f 2183//2183 2093//2093 1994//1994
f 1924//1924 739//739 1522//1522
f 1941//1941 3360//3360 2231//2231
f 3395//3395 2095//2095 2093//2093
f 2000//2000 1845//1845 1879//1879
f 1844//1844 1879//1879 1845//1845
f 2112//2112 2114//2114 3396//3396
f 2112//2112 3396//3396 1872//1872
f 1872//1872 1873//1873 2112//2112
f 1994//1994 1791//1791 3336//3336
f 2094//2094 1858//1858 1857//1857
f 2183//2183 3395//3395 2093//2093
f 3395//3395 1844//1844 1843//1843
f 1844//1844 3395//3395 1878//1878
f 1878//1878 3395//3395 2183//2183
f 3331//3331 2094//2094 2095//2095
f 3270//3270 2094//2094 3331//3331
f 1843//1843 3331//3331 2095//2095
f 1843//1843 2095//2095 3395//3395
f 2161//2161 3397//3397 3320//3320
f 3269//3269 1941//1941 3323//3323
f 3320//3320 3397//3397 3269//3269
f 3269//3269 3323//3323 3320//3320
f 2118//2118 2126//2126 1927//1927
f 3397//3397 1858//1858 2094//2094
f 1927//1927 3273//3273 2118//2118
f 3360//3360 3363//3363 2230//2230
f 2118//2118 3397//3397 2126//2126
f 1858//1858 3397//3397 2118//2118
f 3363//3363 340//340 339//339
f 2094//2094 3269//3269 3397//3397
f 3360//3360 1941//1941 340//340
f 3360//3360 340//340 3363//3363
f 3362//3362 2230//2230 3363//3363
f 2161//2161 2127//2127 2126//2126
f 1859//1859 2118//2118 3273//3273
f 3397//3397 2161//2161 2126//2126
f 2289//2289 2184//2184 2027//2027
f 2167//2167 2182//2182 2166//2166
f 358//358 2141//2141 397//397
f 2184//2184 2186//2186 2027//2027
f 2155//2155 2188//2188 2331//2331
f 3398//3398 3100//3100 2104//2104
f 2105//2105 3398//3398 2104//2104
f 3362//3362 655//655 2230//2230
f 3399//3399 2227//2227 2105//2105
f 3400//3400 2326//2326 2142//2142
f 2453//2453 2151//2151 2452//2452
f 2129//2129 1927//1927 2127//2127
f 3332//3332 2226//2226 2331//2331
f 2184//2184 2289//2289 2185//2185
f 3100//3100 2026//2026 2104//2104
f 2104//2104 2026//2026 2103//2103
f 2115//2115 2160//2160 1792//1792
f 2160//2160 1872//1872 3396//3396
f 1792//1792 2160//2160 3396//3396
f 1792//1792 3396//3396 3393//3393
f 3393//3393 3396//3396 2114//2114
f 3393//3393 3336//3336 1791//1791
f 1607//1607 1859//1859 3273//3273
f 429//429 2461//2461 428//428
f 2141//2141 358//358 343//343
f 537//537 2110//2110 1876//1876
f 2461//2461 1875//1875 3394//3394
f 2140//2140 343//343 341//341
f 1875//1875 3386//3386 2522//2522
f 2057//2057 3386//3386 1875//1875
f 2057//2057 1875//1875 2783//2783
f 2187//2187 3337//3337 2125//2125
f 2332//2332 3337//3337 2187//2187
f 2526//2526 473//473 474//474
f 2770//2770 512//512 3401//3401
f 2341//2341 459//459 390//390
f 2520//2520 2523//2523 2528//2528
f 2528//2528 472//472 2520//2520
f 3400//3400 2142//2142 2289//2289
f 2583//2583 2579//2579 2491//2491
f 354//354 2491//2491 2579//2579
f 2180//2180 2349//2349 2469//2469
f 3402//3402 2321//2321 2175//2175
f 2500//2500 3402//3402 2175//2175
f 2494//2494 2366//2366 3403//3403
f 397//397 2141//2141 2349//2349
f 112//112 2447//2447 113//113
f 2065//2065 2432//2432 111//111
f 2065//2065 2066//2066 2432//2432
f 1507//1507 2258//2258 2446//2446
f 2258//2258 2267//2267 2446//2446
f 2908//2908 2973//2973 2878//2878
f 2742//2742 1892//1892 936//936
f 936//936 1892//1892 2697//2697
f 3400//3400 2289//2289 3100//3100
f 2214//2214 1519//1519 329//329
f 1518//1518 1519//1519 2214//2214
f 2164//2164 2141//2141 2120//2120
f 2120//2120 2141//2141 2140//2140
f 2227//2227 3399//3399 2147//2147
f 2147//2147 2148//2148 2227//2227
f 3399//3399 2194//2194 2147//2147
f 2147//2147 2194//2194 2193//2193
f 2194//2194 3399//3399 3389//3389
f 2105//2105 2227//2227 3400//3400
f 3398//3398 3400//3400 3100//3100
f 2105//2105 3400//3400 3398//3398
f 2174//2174 2173//2173 426//426
f 2479//2479 2064//2064 2525//2525
f 2508//2508 628//628 2510//2510
f 2510//2510 628//628 629//629
f 2105//2105 2103//2103 3399//3399
f 3389//3389 3399//3399 2103//2103
f 2212//2212 2330//2330 2165//2165
f 2555//2555 3404//3404 513//513
f 2164//2164 2349//2349 2141//2141
f 2432//2432 2066//2066 3405//3405
f 2212//2212 2251//2251 2330//2330
f 2224//2224 2207//2207 2241//2241
f 427//427 2143//2143 429//429
f 2463//2463 2464//2464 3406//3406
f 2325//2325 2192//2192 2191//2191
f 2175//2175 423//423 2500//2500
f 3332//3332 2331//2331 2188//2188
f 3407//3407 2963//2963 2962//2962
f 2479//2479 2963//2963 3407//3407
f 2326//2326 2325//2325 2176//2176
f 553//553 2188//2188 2155//2155
f 422//422 2192//2192 2148//2148
f 2349//2349 2348//2348 397//397
f 2142//2142 2326//2326 2176//2176
f 2227//2227 2326//2326 3400//3400
f 2223//2223 2447//2447 358//358
f 2166//2166 2484//2484 2250//2250
f 3332//3332 2188//2188 2124//2124
f 3332//3332 2137//2137 2226//2226
f 3406//3406 2485//2485 2463//2463
f 1468//1468 1467//1467 3408//3408
f 2292//2292 2457//2457 2477//2477
f 2194//2194 358//358 2447//2447
f 2143//2143 2144//2144 429//429
f 2201//2201 2321//2321 2461//2461
f 2207//2207 2224//2224 2273//2273
f 414//414 2148//2148 2149//2149
f 422//422 2148//2148 414//414
f 2212//2212 2165//2165 2209//2209
f 2905//2905 2225//2225 2260//2260
f 2905//2905 2260//2260 2135//2135
f 358//358 2194//2194 3389//3389
f 289//289 2226//2226 288//288
f 2284//2284 2189//2189 454//454
f 2464//2464 413//413 3407//3407
f 3407//3407 413//413 3405//3405
f 2152//2152 2150//2150 2485//2485
f 2454//2454 2452//2452 2500//2500
f 2454//2454 3388//3388 2453//2453
f 2829//2829 2786//2786 2787//2787
f 2236//2236 2428//2428 2198//2198
f 2457//2457 2418//2418 2477//2477
f 1517//1517 2250//2250 2241//2241
f 1517//1517 2241//2241 2207//2207
f 502//502 2460//2460 2203//2203
f 311//311 3409//3409 2149//2149
f 2432//2432 3409//3409 311//311
f 3410//3410 3409//3409 2432//2432
f 2432//2432 3405//3405 3410//3410
f 113//113 2223//2223 395//395
f 397//397 395//395 2223//2223
f 2181//2181 2182//2182 2167//2167
f 2460//2460 502//502 396//396
f 2261//2261 2134//2134 2135//2135
f 3411//3411 2469//2469 2261//2261
f 2261//2261 2469//2469 2134//2134
f 2267//2267 2258//2258 352//352
f 1510//1510 2267//2267 352//352
f 3411//3411 2180//2180 2469//2469
f 2180//2180 3411//3411 2182//2182
f 3411//3411 2221//2221 2182//2182
f 2261//2261 2221//2221 3411//3411
f 2260//2260 2221//2221 2261//2261
f 2166//2166 2221//2221 2484//2484
f 2484//2484 2221//2221 2260//2260
f 160//160 1516//1516 2235//2235
f 2330//2330 2251//2251 2199//2199
f 2199//2199 2251//2251 2200//2200
f 2167//2167 2330//2330 2199//2199
f 2199//2199 2459//2459 2167//2167
f 2217//2217 2334//2334 2297//2297
f 3412//3412 2363//2363 2316//2316
f 2315//2315 2316//2316 391//391
f 2428//2428 2170//2170 2272//2272
f 2236//2236 2170//2170 2428//2428
f 3409//3409 3410//3410 2149//2149
f 414//414 2149//2149 3410//3410
f 422//422 414//414 412//412
f 413//413 3410//3410 3405//3405
f 1507//1507 1687//1687 407//407
f 161//161 494//494 2214//2214
f 159//159 2266//2266 1512//1512
f 2445//2445 1512//1512 2266//2266
f 329//329 330//330 2214//2214
f 2214//2214 330//330 161//161
f 2272//2272 454//454 452//452
f 452//452 2428//2428 2272//2272
f 2274//2274 331//331 2262//2262
f 2262//2262 331//331 329//329
f 2284//2284 454//454 2235//2235
f 2235//2235 454//454 2272//2272
f 2280//2280 2190//2190 408//408
f 2190//2190 2282//2282 408//408
f 2334//2334 2217//2217 2215//2215
f 1686//1686 1687//1687 2271//2271
f 352//352 2258//2258 351//351
f 2446//2446 2445//2445 2266//2266
f 1861//1861 2446//2446 2274//2274
f 1495//1495 1476//1476 1477//1477
f 1477//1477 1455//1455 1495//1495
f 1497//1497 3413//3413 1456//1456
f 1456//1456 1461//1461 1497//1497
f 1477//1477 1484//1484 1455//1455
f 1508//1508 2446//2446 1861//1861
f 1861//1861 1860//1860 1508//1508
f 331//331 2446//2446 2266//2266
f 2139//2139 2138//2138 1488//1488
f 2138//2138 2271//2271 1488//1488
f 1487//1487 1488//1488 2271//2271
f 2270//2270 1507//1507 1487//1487
f 2271//2271 2270//2270 1487//1487
f 366//366 2329//2329 368//368
f 2100//2100 2139//2139 1488//1488
f 1528//1528 2139//2139 2100//2100
f 370//370 1529//1529 371//371
f 371//371 1529//1529 1528//1528
f 1528//1528 349//349 371//371
f 2138//2138 1530//1530 2355//2355
f 2276//2276 2355//2355 1530//1530
f 2409//2409 2451//2451 458//458
f 1686//1686 2271//2271 2355//2355
f 2138//2138 2355//2355 2271//2271
f 3410//3410 413//413 414//414
f 2486//2486 2485//2485 3406//3406
f 2437//2437 2412//2412 2413//2413
f 2413//2413 2489//2489 2437//2437
f 2580//2580 2963//2963 2179//2179
f 2580//2580 2179//2179 2177//2177
f 2393//2393 3412//3412 2243//2243
f 2316//2316 2314//2314 2335//2335
f 3412//3412 2335//2335 2242//2242
f 2242//2242 2243//2243 3412//3412
f 1467//1467 2334//2334 2269//2269
f 1468//1468 2295//2295 2299//2299
f 2320//2320 2297//2297 2595//2595
f 3408//3408 2211//2211 2293//2293
f 2268//2268 2211//2211 3408//3408
f 1480//1480 1478//1478 1476//1476
f 1453//1453 2269//2269 2334//2334
f 1467//1467 2268//2268 3408//3408
f 2211//2211 2268//2268 2269//2269
f 2299//2299 1509//1509 1468//1468
f 1507//1507 1452//1452 1487//1487
f 1506//1506 1482//1482 1507//1507
f 2297//2297 1509//1509 2288//2288
f 1489//1489 1452//1452 1458//1458
f 1452//1452 1489//1489 1487//1487
f 1495//1495 1454//1454 2300//2300
f 2295//2295 1468//1468 3408//3408
f 2286//2286 2295//2295 2294//2294
f 2211//2211 1452//1452 1482//1482
f 1507//1507 1482//1482 1452//1452
f 1508//1508 1507//1507 2446//2446
f 2446//2446 331//331 2274//2274
f 1459//1459 2329//2329 366//366
f 2293//2293 2295//2295 3408//3408
f 2334//2334 2215//2215 1453//1453
f 2286//2286 1495//1495 2300//2300
f 2286//2286 2300//2300 2299//2299
f 2286//2286 2299//2299 2295//2295
f 2300//2300 1454//1454 2288//2288
f 1456//1456 2287//2287 1454//1454
f 1482//1482 1506//1506 2237//2237
f 2228//2228 1861//1861 2274//2274
f 2274//2274 2265//2265 2228//2228
f 1502//1502 3414//3414 2211//2211
f 2211//2211 3414//3414 2293//2293
f 2294//2294 2293//2293 3414//3414
f 1476//1476 3414//3414 1376//1376
f 3414//3414 1476//1476 2294//2294
f 1476//1476 2286//2286 2294//2294
f 3414//3414 1502//1502 1376//1376
f 1456//1456 3413//3413 2287//2287
f 2304//2304 2287//2287 3413//3413
f 2307//2307 2287//2287 2304//2304
f 2307//2307 2304//2304 2302//2302
f 1386//1386 1460//1460 1462//1462
f 2304//2304 3413//3413 1497//1497
f 2304//2304 1497//1497 1460//1460
f 2311//2311 2313//2313 2308//2308
f 2313//2313 2319//2319 2318//2318
f 2318//2318 2302//2302 3415//3415
f 2303//2303 3415//3415 2302//2302
f 2308//2308 2313//2313 3415//3415
f 3415//3415 2313//2313 2318//2318
f 2303//2303 2308//2308 3415//3415
f 1460//1460 2308//2308 2304//2304
f 380//380 2308//2308 2629//2629
f 2311//2311 2308//2308 380//380
f 2585//2585 2632//2632 2584//2584
f 2584//2584 2632//2632 2676//2676
f 2246//2246 2245//2245 356//356
f 2684//2684 2333//2333 2340//2340
f 2340//2340 2333//2333 372//372
f 2388//2388 2340//2340 372//372
f 2329//2329 2309//2309 3416//3416
f 2216//2216 2309//2309 2329//2329
f 3417//3417 3416//3416 2309//2309
f 2309//2309 2406//2406 3417//3417
f 2406//2406 2309//2309 2319//2319
f 2298//2298 2319//2319 2309//2309
f 2298//2298 2297//2297 2320//2320
f 2320//2320 2319//2319 2298//2298
f 2323//2323 2407//2407 2324//2324
f 2405//2405 2406//2406 2312//2312
f 2406//2406 2319//2319 2312//2312
f 2313//2313 2312//2312 2319//2319
f 2329//2329 3416//3416 2328//2328
f 2328//2328 3416//3416 3417//3417
f 2310//2310 3418//3418 3419//3419
f 2384//2384 2571//2571 2219//2219
f 3420//3420 2571//2571 2384//2384
f 2570//2570 3421//3421 2337//2337
f 350//350 2327//2327 369//369
f 411//411 2154//2154 350//350
f 2264//2264 2154//2154 367//367
f 1458//1458 2285//2285 1489//1489
f 348//348 2285//2285 411//411
f 2222//2222 367//367 411//411
f 382//382 2327//2327 2263//2263
f 2290//2290 382//382 2263//2263
f 2263//2263 2327//2327 2154//2154
f 2154//2154 2327//2327 350//350
f 380//380 2571//2571 3420//3420
f 444//444 2399//2399 2291//2291
f 2487//2487 2399//2399 444//444
f 444//444 2291//2291 446//446
f 2290//2290 446//446 2291//2291
f 2291//2291 2399//2399 381//381
f 382//382 2291//2291 381//381
f 2323//2323 2328//2328 2407//2407
f 3417//3417 2407//2407 2328//2328
f 2322//2322 2305//2305 2323//2323
f 2323//2323 2305//2305 2328//2328
f 2328//2328 2305//2305 368//368
f 2264//2264 368//368 2305//2305
f 532//532 2290//2290 2306//2306
f 532//532 531//531 446//446
f 446//446 2290//2290 532//532
f 2570//2570 2336//2336 3418//3418
f 2322//2322 2324//2324 533//533
f 533//533 2324//2324 2336//2336
f 3417//3417 2406//2406 2407//2407
f 3419//3419 2324//2324 2407//2407
f 2405//2405 3419//3419 2407//2407
f 2405//2405 2310//2310 3419//3419
f 2312//2312 2310//2310 2405//2405
f 2570//2570 3418//3418 2392//2392
f 3419//3419 3418//3418 2336//2336
f 2336//2336 2324//2324 3419//3419
f 2392//2392 3418//3418 2310//2310
f 445//445 2337//2337 3422//3422
f 531//531 2337//2337 445//445
f 2487//2487 2208//2208 2333//2333
f 374//374 2333//2333 2208//2208
f 2487//2487 2333//2333 2684//2684
f 2684//2684 2399//2399 2487//2487
f 2335//2335 3412//3412 2316//2316
f 2408//2408 3423//3423 2232//2232
f 2379//2379 3423//3423 2408//2408
f 465//465 2433//2433 2379//2379
f 3424//3424 2427//2427 3423//3423
f 2425//2425 2427//2427 3424//3424
f 2379//2379 2433//2433 3424//3424
f 3424//3424 3423//3423 2379//2379
f 3424//3424 2433//2433 2425//2425
f 3425//3425 2427//2427 2388//2388
f 2427//2427 3425//3425 3423//3423
f 372//372 3425//3425 2388//2388
f 3423//3423 3425//3425 2403//2403
f 2403//2403 2232//2232 3423//3423
f 2403//2403 3425//3425 372//372
f 2430//2430 460//460 2431//2431
f 2431//2431 460//460 2341//2341
f 2281//2281 460//460 2430//2430
f 2190//2190 2281//2281 2430//2430
f 360//360 361//361 2393//2393
f 2615//2615 391//391 2364//2364
f 2316//2316 2364//2364 391//391
f 2393//2393 361//361 2339//2339
f 2433//2433 2362//2362 2425//2425
f 2362//2362 2615//2615 2364//2364
f 2433//2433 2361//2361 2362//2362
f 2362//2362 2361//2361 2615//2615
f 2615//2615 2361//2361 389//389
f 2433//2433 2240//2240 2361//2361
f 2368//2368 2096//2096 2553//2553
f 2244//2244 2247//2247 2489//2489
f 2248//2248 2489//2489 2247//2247
f 2403//2403 2233//2233 2232//2232
f 2277//2277 2345//2345 2279//2279
f 2403//2403 2411//2411 2233//2233
f 2234//2234 2233//2233 2411//2411
f 2776//2776 2737//2737 2781//2781
f 2253//2253 2737//2737 2776//2776
f 2882//2882 2976//2976 2422//2422
f 932//932 2252//2252 2777//2777
f 459//459 2341//2341 460//460
f 2427//2427 2426//2426 2339//2339
f 2339//2339 2388//2388 2427//2427
f 379//379 380//380 3420//3420
f 3426//3426 3427//3427 3422//3422
f 2394//2394 3422//3422 3427//3427
f 2394//2394 443//443 3422//3422
f 445//445 3422//3422 443//443
f 2384//2384 2415//2415 3420//3420
f 3427//3427 2415//2415 2394//2394
f 3420//3420 2415//2415 3427//3427
f 3426//3426 379//379 3427//3427
f 3427//3427 379//379 3420//3420
f 2392//2392 3421//3421 2570//2570
f 3421//3421 2392//2392 378//378
f 2337//2337 3426//3426 3422//3422
f 2337//2337 3421//3421 3426//3426
f 3426//3426 3421//3421 378//378
f 3426//3426 378//378 379//379
f 2671//2671 2599//2599 3428//3428
f 2601//2601 2247//2247 2246//2246
f 2246//2246 2247//2247 2244//2244
f 3429//3429 2629//2629 3428//3428
f 3429//3429 2571//2571 2629//2629
f 2629//2629 2571//2571 380//380
f 1386//1386 942//942 1460//1460
f 2592//2592 2599//2599 2577//2577
f 2577//2577 2594//2594 2592//2592
f 3429//3429 3428//3428 2220//2220
f 2338//2338 3429//3429 2220//2220
f 3429//3429 2338//2338 2571//2571
f 378//378 2392//2392 380//380
f 2418//2418 2457//2457 2197//2197
f 458//458 2315//2315 459//459
f 2355//2355 2410//2410 1686//1686
f 2356//2356 2410//2410 2355//2355
f 2314//2314 2315//2315 2451//2451
f 2356//2356 2314//2314 2451//2451
f 2451//2451 2410//2410 2356//2356
f 2451//2451 2315//2315 458//458
f 3430//3430 2362//2362 2363//2363
f 3430//3430 2426//2426 2362//2362
f 2362//2362 2426//2426 2425//2425
f 2339//2339 2426//2426 3430//3430
f 3430//3430 2393//2393 2339//2339
f 3412//3412 3430//3430 2363//2363
f 3412//3412 2393//2393 3430//3430
f 3431//3431 2617//2617 2456//2456
f 2249//2249 2617//2617 3431//3431
f 2488//2488 2456//2456 2617//2617
f 2196//2196 2195//2195 2436//2436
f 2436//2436 2456//2456 2196//2196
f 3431//3431 2456//2456 2436//2436
f 3431//3431 2436//2436 2248//2248
f 3431//3431 2248//2248 2249//2249
f 2554//2554 2368//2368 2553//2553
f 530//530 2246//2246 356//356
f 438//438 2163//2163 2292//2292
f 2292//2292 2163//2163 2435//2435
f 2159//2159 2197//2197 17//17
f 17//17 2197//2197 2457//2457
f 402//402 2465//2465 403//403
f 2449//2449 536//536 2441//2441
f 402//402 2438//2438 2439//2439
f 2431//2431 2238//2238 2420//2420
f 2420//2420 2483//2483 2418//2418
f 438//438 2477//2477 436//436
f 2412//2412 2437//2437 2436//2436
f 2195//2195 2412//2412 2436//2436
f 2616//2616 2588//2588 2097//2097
f 2360//2360 2412//2412 2195//2195
f 2477//2477 2418//2418 2483//2483
f 2477//2477 2483//2483 436//436
f 2197//2197 2429//2429 2418//2418
f 2198//2198 2429//2429 2197//2197
f 2613//2613 2458//2458 447//447
f 2613//2613 447//447 2497//2497
f 2419//2419 2418//2418 2429//2429
f 2419//2419 2429//2429 452//452
f 452//452 2429//2429 2428//2428
f 2315//2315 391//391 390//390
f 2341//2341 2238//2238 2431//2431
f 2360//2360 2238//2238 2341//2341
f 2315//2315 390//390 459//459
f 2589//2589 2097//2097 2588//2588
f 2357//2357 2417//2417 2435//2435
f 410//410 2466//2466 409//409
f 2505//2505 2736//2736 2735//2735
f 2554//2554 2553//2553 2556//2556
f 2359//2359 2416//2416 2417//2417
f 513//513 3404//3404 2359//2359
f 2359//2359 3404//3404 2416//2416
f 2416//2416 3432//3432 2444//2444
f 2368//2368 2370//2370 3433//3433
f 3433//3433 2619//2619 2368//2368
f 2203//2203 2466//2466 502//502
f 502//502 2466//2466 410//410
f 2465//2465 409//409 2466//2466
f 2439//2439 2465//2465 402//402
f 2448//2448 2441//2441 2438//2438
f 2440//2440 3434//3434 2439//2439
f 2179//2179 2963//2963 2479//2479
f 426//426 2173//2173 2462//2462
f 2482//2482 2480//2480 2525//2525
f 2525//2525 2480//2480 2179//2179
f 2173//2173 2494//2494 3435//3435
f 1954//1954 2462//2462 2421//2421
f 2462//2462 2173//2173 2421//2421
f 2421//2421 2173//2173 3435//3435
f 3434//3434 2440//2440 2474//2474
f 2455//2455 2163//2163 437//437
f 2476//2476 3435//3435 2475//2475
f 1953//1953 3435//3435 2476//2476
f 3435//3435 1953//1953 2421//2421
f 534//534 2440//2440 2441//2441
f 536//536 534//534 2441//2441
f 2455//2455 437//437 2196//2196
f 2476//2476 2481//2481 1953//1953
f 1953//1953 2481//2481 2474//2474
f 2482//2482 2474//2474 2481//2481
f 2482//2482 3436//3436 2474//2474
f 2474//2474 3436//3436 3434//3434
f 2064//2064 3436//3436 2482//2482
f 2064//2064 2482//2482 2525//2525
f 2485//2485 3388//3388 2463//2463
f 3436//3436 2064//2064 2116//2116
f 2116//2116 2439//2439 3434//3434
f 3436//3436 2116//2116 3434//3434
f 3405//3405 2479//2479 3407//3407
f 2066//2066 2479//2479 3405//3405
f 355//355 2491//2491 354//354
f 2490//2490 2373//2373 2374//2374
f 2150//2150 3388//3388 2485//2485
f 2458//2458 2613//2613 2151//2151
f 2152//2152 2458//2458 2151//2151
f 2494//2494 3403//3403 3435//3435
f 3406//3406 2464//2464 2962//2962
f 3407//3407 2962//2962 2464//2464
f 2151//2151 2613//2613 2783//2783
f 1875//1875 2151//2151 2783//2783
f 2475//2475 2210//2210 2178//2178
f 2178//2178 2210//2210 2177//2177
f 2500//2500 2452//2452 3402//3402
f 2321//2321 3402//3402 3437//3437
f 3437//3437 3402//3402 2452//2452
f 2580//2580 3406//3406 2962//2962
f 2486//2486 3406//3406 2580//2580
f 3388//3388 421//421 2463//2463
f 2454//2454 421//421 3388//3388
f 2151//2151 3437//3437 2452//2452
f 1875//1875 3437//3437 2151//2151
f 2461//2461 3437//3437 1875//1875
f 2174//2174 3438//3438 2172//2172
f 2834//2834 2839//2839 2833//2833
f 2655//2655 2205//2205 2513//2513
f 2513//2513 2206//2206 2172//2172
f 2494//2494 2496//2496 2366//2366
f 2344//2344 3439//3439 2783//2783
f 2842//2842 3439//3439 2344//2344
f 3390//3390 2783//2783 3439//3439
f 2533//2533 2890//2890 2644//2644
f 2321//2321 3437//3437 2461//2461
f 2152//2152 2485//2485 2372//2372
f 2210//2210 3403//3403 2365//2365
f 376//376 2367//2367 2373//2373
f 2365//2365 2367//2367 376//376
f 3438//3438 2513//2513 2172//2172
f 628//628 3440//3440 549//549
f 2443//2443 2774//2774 467//467
f 2443//2443 467//467 522//522
f 549//549 3440//3440 3441//3441
f 2508//2508 2521//2521 628//628
f 2818//2818 3442//3442 2787//2787
f 2787//2787 2816//2816 2818//2818
f 3435//3435 3403//3403 2475//2475
f 2475//2475 3403//3403 2210//2210
f 2344//2344 2783//2783 2893//2893
f 2343//2343 2344//2344 2893//2893
f 2499//2499 2511//2511 481//481
f 468//468 467//467 2774//2774
f 2524//2524 468//468 424//424
f 2496//2496 2517//2517 2468//2468
f 2468//2468 2386//2386 2496//2496
f 2513//2513 2519//2519 2655//2655
f 2365//2365 3403//3403 2366//2366
f 2786//2786 2655//2655 2519//2519
f 2519//2519 629//629 2786//2786
f 432//432 2493//2493 2402//2402
f 3443//3443 2635//2635 2396//2396
f 515//515 2714//2714 516//516
f 3444//3444 3445//3445 2735//2735
f 2783//2783 2784//2784 2892//2892
f 2041//2041 2042//2042 2847//2847
f 2849//2849 2847//2847 2042//2042
f 2531//2531 2829//2829 2530//2530
f 478//478 2784//2784 481//481
f 521//521 2784//2784 479//479
f 479//479 2784//2784 478//478
f 3441//3441 2849//2849 550//550
f 2787//2787 627//627 2816//2816
f 2908//2908 2878//2878 2726//2726
f 3446//3446 2654//2654 480//480
f 2654//2654 3446//3446 2204//2204
f 2512//2512 2467//2467 3446//3446
f 3446//3446 2467//2467 2468//2468
f 2468//2468 2204//2204 3446//3446
f 2205//2205 2654//2654 2204//2204
f 2829//2829 2531//2531 3447//3447
f 2350//2350 3447//3447 2531//2531
f 2654//2654 3447//3447 2350//2350
f 2786//2786 2829//2829 3447//3447
f 2655//2655 3447//3447 2654//2654
f 2786//2786 3447//3447 2655//2655
f 475//475 477//477 2837//2837
f 2801//2801 2973//2973 2802//2802
f 1782//1782 2564//2564 1781//1781
f 466//466 2527//2527 2559//2559
f 3432//3432 2416//2416 3404//3404
f 2509//2509 2174//2174 426//426
f 2174//2174 2509//2509 3438//3438
f 2512//2512 3446//3446 480//480
f 2520//2520 473//473 2527//2527
f 1783//1783 2741//2741 2755//2755
f 2528//2528 2523//2523 2478//2478
f 498//498 2449//2449 3432//3432
f 2449//2449 2444//2444 3432//3432
f 2526//2526 474//474 2563//2563
f 426//426 425//425 2509//2509
f 2774//2774 2507//2507 425//425
f 2509//2509 425//425 2507//2507
f 2566//2566 2586//2586 2587//2587
f 2562//2562 2586//2586 2566//2566
f 3448//3448 2563//2563 474//474
f 3432//3432 3448//3448 498//498
f 498//498 3448//3448 474//474
f 2564//2564 433//433 434//434
f 433//433 2564//2564 1782//1782
f 3433//3433 2561//2561 3449//3449
f 2529//2529 2770//2770 2503//2503
f 2770//2770 434//434 512//512
f 512//512 2473//2473 3401//3401
f 435//435 512//512 434//434
f 2523//2523 535//535 2478//2478
f 442//442 2524//2524 424//424
f 2524//2524 442//442 2523//2523
f 2523//2523 442//442 535//535
f 2493//2493 2566//2566 3450//3450
f 3450//3450 2402//2402 2493//2493
f 2473//2473 3449//3449 3401//3401
f 2462//2462 1954//1954 442//442
f 3449//3449 3451//3451 3401//3401
f 2561//2561 3451//3451 3449//3449
f 3401//3401 3451//3451 2770//2770
f 3451//3451 2503//2503 2770//2770
f 2503//2503 3451//3451 2561//2561
f 2797//2797 2754//2754 2891//2891
f 2703//2703 2891//2891 2754//2754
f 2797//2797 2891//2891 1008//1008
f 3452//3452 612//612 2069//2069
f 2560//2560 433//433 1782//1782
f 433//433 2563//2563 435//435
f 2529//2529 2648//2648 2565//2565
f 2564//2564 2565//2565 2648//2648
f 435//435 2729//2729 512//512
f 2501//2501 336//336 2549//2549
f 2549//2549 2647//2647 2501//2501
f 2501//2501 2647//2647 2529//2529
f 2740//2740 2769//2769 2763//2763
f 2740//2740 2763//2763 2717//2717
f 2740//2740 2727//2727 2769//2769
f 2552//2552 2727//2727 2740//2740
f 3432//3432 2729//2729 3448//3448
f 2729//2729 3432//3432 2555//2555
f 2555//2555 3432//3432 3404//3404
f 2473//2473 512//512 511//511
f 337//337 503//503 561//561
f 503//503 504//504 561//561
f 3453//3453 3454//3454 2741//2741
f 2741//2741 2709//2709 3453//3453
f 3448//3448 2729//2729 435//435
f 435//435 2563//2563 3448//3448
f 2370//2370 2561//2561 3433//3433
f 3433//3433 3455//3455 2619//2619
f 3455//3455 2617//2617 2618//2618
f 2619//2619 3455//3455 2618//2618
f 2617//2617 3455//3455 2488//2488
f 3455//3455 2472//2472 2488//2488
f 3433//3433 2472//2472 3455//3455
f 2472//2472 3433//3433 3449//3449
f 2473//2473 2472//2472 3449//3449
f 2539//2539 2604//2604 2538//2538
f 2538//2538 2604//2604 490//490
f 2566//2566 2587//2587 3450//3450
f 519//519 518//518 2621//2621
f 2625//2625 519//519 2621//2621
f 2625//2625 2610//2610 2612//2612
f 3456//3456 2353//2353 2404//2404
f 2625//2625 2612//2612 519//519
f 3458//3458 3457//3457 2567//2567
f 3457//3457 3458//3458 2609//2609
f 517//517 2401//2401 518//518
f 3457//3457 2610//2610 3459//3459
f 2609//2609 2610//2610 3457//3457
f 2634//2634 3456//3456 2404//2404
f 3456//3456 2634//2634 2567//2567
f 2735//2735 2753//2753 3444//3444
f 2607//2607 517//517 2612//2612
f 2607//2607 2612//2612 2611//2611
f 2608//2608 2611//2611 3460//3460
f 2607//2607 2611//2611 2608//2608
f 2400//2400 2577//2577 2671//2671
f 496//496 2584//2584 495//495
f 2676//2676 2631//2631 2382//2382
f 3461//3461 2382//2382 2631//2631
f 2382//2382 3461//3461 2380//2380
f 3456//3456 2567//2567 3457//3457
f 3462//3462 3461//3461 2631//2631
f 2670//2670 2671//2671 3428//3428
f 3428//3428 2629//2629 2670//2670
f 2766//2766 2634//2634 2390//2390
f 2568//2568 2634//2634 2766//2766
f 2643//2643 2633//2633 471//471
f 2558//2558 3444//3444 2753//2753
f 2558//2558 2753//2753 505//505
f 2643//2643 471//471 2642//2642
f 2765//2765 3444//3444 2558//2558
f 2773//2773 2650//2650 2718//2718
f 3461//3461 2643//2643 2380//2380
f 2659//2659 2661//2661 2603//2603
f 3212//3212 2679//2679 3463//3463
f 2404//2404 2390//2390 2634//2634
f 500//500 932//932 3220//3220
f 2629//2629 2603//2603 2631//2631
f 2631//2631 2603//2603 3462//3462
f 3464//3464 2707//2707 2504//2504
f 2677//2677 2678//2678 974//974
f 2964//2964 3465//3465 2944//2944
f 2621//2621 2630//2630 2626//2626
f 2545//2545 2630//2630 497//497
f 495//495 2545//2545 497//497
f 2246//2246 530//530 2601//2601
f 2616//2616 2601//2601 530//530
f 2598//2598 2592//2592 2591//2591
f 2598//2598 2591//2591 2383//2383
f 2220//2220 3428//3428 2599//2599
f 3467//3467 3466//3466 2608//2608
f 2606//2606 3466//3466 2590//2590
f 2593//2593 2606//2606 2590//2590
f 2608//2608 3466//3466 2606//2606
f 2590//2590 2518//2518 2593//2593
f 3466//3466 3468//3468 2590//2590
f 2590//2590 3468//3468 2279//2279
f 3467//3467 3468//3468 3466//3466
f 2234//2234 2411//2411 3468//3468
f 2411//2411 2279//2279 3468//3468
f 2578//2578 2234//2234 3468//3468
f 2578//2578 3468//3468 3467//3467
f 2582//2582 2249//2249 2247//2247
f 2489//2489 2248//2248 2437//2437
f 2582//2582 2098//2098 2249//2249
f 2249//2249 2098//2098 2618//2618
f 2096//2096 2618//2618 2098//2098
f 2619//2619 2618//2618 2096//2096
f 2589//2589 2378//2378 2377//2377
f 2096//2096 2097//2097 2377//2377
f 2587//2587 2546//2546 2614//2614
f 2614//2614 2546//2546 2548//2548
f 2467//2467 2511//2511 2499//2499
f 2614//2614 2539//2539 2587//2587
f 2587//2587 2539//2539 3450//3450
f 3450//3450 2539//2539 2537//2537
f 2537//2537 2389//2389 3450//3450
f 2389//2389 2402//2402 3450//3450
f 2569//2569 3458//3458 2567//2567
f 2381//2381 2676//2676 2382//2382
f 3458//3458 2569//2569 2605//2605
f 3458//3458 3460//3460 2609//2609
f 2609//2609 3460//3460 2611//2611
f 2643//2643 3469//3469 2633//2633
f 2633//2633 3469//3469 2661//2661
f 3469//3469 3462//3462 2661//2661
f 2661//2661 3462//3462 2603//2603
f 3461//3461 3469//3469 2643//2643
f 3462//3462 3469//3469 3461//3461
f 3460//3460 3458//3458 2605//2605
f 2620//2620 3460//3460 2605//2605
f 2578//2578 3467//3467 2620//2620
f 2386//2386 2374//2374 2367//2367
f 2608//2608 3460//3460 2620//2620
f 2608//2608 2620//2620 3467//3467
f 3470//3470 2680//2680 2649//2649
f 2680//2680 3470//3470 2380//2380
f 2380//2380 2642//2642 2680//2680
f 2380//2380 3470//3470 2545//2545
f 2549//2549 2650//2650 2773//2773
f 2626//2626 2635//2635 3443//3443
f 3443//3443 2625//2625 2626//2626
f 3459//3459 3443//3443 3456//3456
f 3459//3459 3456//3456 3457//3457
f 3459//3459 2625//2625 3443//3443
f 2610//2610 2625//2625 3459//3459
f 2649//2649 2626//2626 2630//2630
f 2649//2649 2630//2630 3470//3470
f 3470//3470 2630//2630 2545//2545
f 3456//3456 2398//2398 2353//2353
f 2396//2396 2398//2398 3443//3443
f 2773//2773 2648//2648 2647//2647
f 2549//2549 2773//2773 2647//2647
f 3443//3443 2398//2398 3456//3456
f 3471//3471 2707//2707 3464//3464
f 2622//2622 2506//2506 2710//2710
f 2622//2622 2623//2623 2506//2506
f 2653//2653 469//469 1055//1055
f 3472//3472 2653//2653 1055//1055
f 2653//2653 2656//2656 2652//2652
f 2656//2656 2653//2653 3472//3472
f 469//469 2642//2642 471//471
f 2514//2514 3473//3473 2516//2516
f 2514//2514 2779//2779 3471//3471
f 3471//3471 2779//2779 2664//2664
f 2657//2657 2515//2515 2516//2516
f 455//455 2779//2779 2515//2515
f 2515//2515 2779//2779 2514//2514
f 3464//3464 2514//2514 3471//3471
f 2514//2514 3464//3464 3473//3473
f 2404//2404 2353//2353 2352//2352
f 3474//3474 2516//2516 2397//2397
f 3473//3473 2354//2354 3475//3475
f 3473//3473 3475//3475 2516//2516
f 2397//2397 3475//3475 2354//2354
f 2516//2516 3475//3475 2397//2397
f 2354//2354 3464//3464 2352//2352
f 3473//3473 3464//3464 2354//2354
f 2624//2624 2352//2352 3464//3464
f 2624//2624 3464//3464 2641//2641
f 2657//2657 3474//3474 2637//2637
f 2637//2637 3474//3474 2635//2635
f 2516//2516 3474//3474 2657//2657
f 2396//2396 2635//2635 3474//3474
f 3474//3474 2397//2397 2396//2396
f 2642//2642 2653//2653 2652//2652
f 3472//3472 2657//2657 2656//2656
f 456//456 3472//3472 1055//1055
f 3472//3472 456//456 455//455
f 455//455 2515//2515 3472//3472
f 2515//2515 2657//2657 3472//3472
f 2659//2659 2677//2677 3476//3476
f 417//417 998//998 415//415
f 3476//3476 2628//2628 416//416
f 2628//2628 417//417 416//416
f 998//998 3463//3463 2681//2681
f 3463//3463 998//998 417//417
f 2681//2681 2679//2679 992//992
f 3463//3463 2679//2679 2681//2681
f 3476//3476 2675//2675 2628//2628
f 3476//3476 2677//2677 2675//2675
f 2661//2661 2660//2660 2633//2633
f 2692//2692 2707//2707 2664//2664
f 2707//2707 2692//2692 2694//2694
f 2660//2660 3476//3476 416//416
f 2660//2660 416//416 2633//2633
f 2660//2660 2659//2659 3476//3476
f 2603//2603 2678//2678 2659//2659
f 417//417 2627//2627 3463//3463
f 105//105 2688//2688 993//993
f 994//994 105//105 993//993
f 2665//2665 2674//2674 2672//2672
f 338//338 2953//2953 2952//2952
f 2627//2627 3212//3212 3463//3463
f 2581//2581 2665//2665 2672//2672
f 483//483 3212//3212 2627//2627
f 1127//1127 483//483 2627//2627
f 85//85 3212//3212 483//483
f 461//461 2665//2665 2581//2581
f 2043//2043 2041//2041 3019//3019
f 2727//2727 2836//2836 2771//2771
f 2707//2707 3471//3471 2664//2664
f 2694//2694 2668//2668 515//515
f 2665//2665 1139//1139 515//515
f 515//515 1139//1139 2714//2714
f 2674//2674 2665//2665 2666//2666
f 2666//2666 2667//2667 2674//2674
f 2667//2667 2666//2666 2668//2668
f 2714//2714 2708//2708 2713//2713
f 2714//2714 1140//1140 2708//2708
f 1139//1139 1140//1140 2714//2714
f 2711//2711 2708//2708 2685//2685
f 2713//2713 2708//2708 2711//2711
f 2623//2623 2504//2504 2506//2506
f 2505//2505 514//514 516//516
f 2505//2505 516//516 2713//2713
f 2504//2504 2641//2641 3464//3464
f 2710//2710 2505//2505 3445//3445
f 3445//3445 2505//2505 2735//2735
f 2639//2639 2781//2781 2782//2782
f 2720//2720 2781//2781 2639//2639
f 2720//2720 2777//2777 2776//2776
f 2715//2715 2505//2505 2712//2712
f 2712//2712 2505//2505 2713//2713
f 2713//2713 2711//2711 2712//2712
f 2836//2836 2757//2757 2841//2841
f 2756//2756 2757//2757 2836//2836
f 2695//2695 2669//2669 2688//2688
f 2669//2669 2668//2668 2692//2692
f 2694//2694 2692//2692 2668//2668
f 2450//2450 2782//2782 2722//2722
f 2952//2952 2450//2450 2722//2722
f 2669//2669 2663//2663 2688//2688
f 2688//2688 2663//2663 993//993
f 1532//1532 1531//1531 2638//2638
f 2678//2678 2603//2603 974//974
f 491//491 3220//3220 2687//2687
f 2687//2687 3220//3220 3221//3221
f 500//500 3220//3220 491//491
f 1146//1146 1531//1531 1144//1144
f 2720//2720 2776//2776 2781//2781
f 3222//3222 1145//1145 1144//1144
f 2715//2715 1145//1145 3222//3222
f 778//778 3007//3007 968//968
f 2964//2964 1464//1464 1463//1463
f 2686//2686 2715//2715 2712//2712
f 2541//2541 2749//2749 2736//2736
f 1144//1144 2505//2505 3222//3222
f 3170//3170 1532//1532 2638//2638
f 2720//2720 2639//2639 1146//1146
f 2422//2422 2976//2976 2424//2424
f 1144//1144 2736//2736 2505//2505
f 2696//2696 2697//2697 3170//3170
f 2893//2893 2885//2885 2343//2343
f 2767//2767 3170//3170 2697//2697
f 2687//2687 2716//2716 2686//2686
f 399//399 2730//2730 400//400
f 937//937 3477//3477 2450//2450
f 2450//2450 3477//3477 2782//2782
f 2638//2638 3477//3477 3170//3170
f 3170//3170 3477//3477 937//937
f 3477//3477 2639//2639 2782//2782
f 2639//2639 3477//3477 2638//2638
f 2723//2723 2725//2725 2737//2737
f 1532//1532 2767//2767 2541//2541
f 1532//1532 3170//3170 2767//2767
f 1532//1532 2541//2541 2736//2736
f 2741//2741 3454//3454 2755//2755
f 2758//2758 2756//2756 2878//2878
f 2878//2878 2756//2756 2726//2726
f 2849//2849 2840//2840 550//550
f 504//504 506//506 398//398
f 504//504 398//398 400//400
f 1144//1144 1532//1532 2736//2736
f 505//505 2753//2753 2761//2761
f 2734//2734 2761//2761 2753//2753
f 2736//2736 2761//2761 2734//2734
f 2749//2749 2761//2761 2736//2736
f 2777//2777 3221//3221 932//932
f 3221//3221 2777//2777 2719//2719
f 2253//2253 2777//2777 2252//2252
f 2722//2722 2782//2782 2725//2725
f 2282//2282 1510//1510 353//353
f 2719//2719 1145//1145 3221//3221
f 3221//3221 1145//1145 2716//2716
f 2737//2737 2725//2725 2781//2781
f 2950//2950 2903//2903 2982//2982
f 2723//2723 294//294 2724//2724
f 927//927 294//294 2723//2723
f 338//338 2724//2724 294//294
f 2906//2906 1727//1727 566//566
f 2906//2906 2699//2699 1727//1727
f 1727//1727 2699//2699 1725//1725
f 935//935 2450//2450 2747//2747
f 2952//2952 2747//2747 2450//2450
f 1725//1725 2747//2747 2952//2952
f 2724//2724 2952//2952 2722//2722
f 2742//2742 2738//2738 1892//1892
f 2597//2597 2982//2982 2903//2903
f 2966//2966 2982//2982 2597//2597
f 2544//2544 2542//2542 2802//2802
f 2883//2883 2422//2422 2993//2993
f 2983//2983 2984//2984 3478//3478
f 2698//2698 2596//2596 2904//2904
f 2961//2961 2746//2746 2747//2747
f 2699//2699 2961//2961 2747//2747
f 3479//3479 2540//2540 2738//2738
f 3479//3479 2698//2698 2540//2540
f 2746//2746 2961//2961 3479//3479
f 3479//3479 2961//2961 2698//2698
f 2742//2742 2746//2746 3479//3479
f 2738//2738 2742//2742 3479//3479
f 2728//2728 2727//2727 2552//2552
f 2728//2728 2550//2550 2943//2943
f 2802//2802 2973//2973 2943//2943
f 2943//2943 2973//2973 2908//2908
f 1895//1895 2943//2943 2550//2550
f 1895//1895 2550//2550 2909//2909
f 2876//2876 2877//2877 970//970
f 2748//2748 2768//2768 2730//2730
f 2749//2749 398//398 506//506
f 2697//2697 2744//2744 2767//2767
f 2748//2748 2744//2744 2745//2745
f 2768//2768 2551//2551 2552//2552
f 2552//2552 2717//2717 2768//2768
f 2551//2551 2768//2768 2748//2748
f 2551//2551 2748//2748 2745//2745
f 2778//2778 2551//2551 2745//2745
f 2551//2551 2909//2909 2550//2550
f 2909//2909 2551//2551 2778//2778
f 3453//3453 2771//2771 3454//3454
f 3454//3454 2705//2705 2755//2755
f 2803//2803 2704//2704 2841//2841
f 2784//2784 2613//2613 481//481
f 2836//2836 2841//2841 2771//2771
f 2771//2771 2841//2841 3454//3454
f 2841//2841 2705//2705 3454//3454
f 2771//2771 2769//2769 2727//2727
f 2648//2648 2773//2773 2772//2772
f 2863//2863 542//542 2843//2843
f 2764//2764 2771//2771 3453//3453
f 2510//2510 2519//2519 2513//2513
f 2509//2509 2510//2510 3438//3438
f 561//561 504//504 560//560
f 2718//2718 2650//2650 560//560
f 2513//2513 3438//3438 2510//2510
f 2772//2772 2709//2709 2648//2648
f 2762//2762 2709//2709 2772//2772
f 2764//2764 2709//2709 2762//2762
f 3453//3453 2709//2709 2764//2764
f 2796//2796 2795//2795 969//969
f 2765//2765 2572//2572 3444//3444
f 3444//3444 2572//2572 3445//3445
f 2718//2718 2762//2762 2773//2773
f 2710//2710 3445//3445 2572//2572
f 2654//2654 2350//2350 480//480
f 3480//3480 3481//3481 3482//3482
f 3483//3483 2877//2877 3452//3452
f 2063//2063 613//613 2062//2062
f 2826//2826 613//613 2063//2063
f 3441//3441 550//550 549//549
f 2757//2757 2645//2645 2803//2803
f 2757//2757 2803//2803 2841//2841
f 2532//2532 3484//3484 2534//2534
f 2063//2063 2534//2534 2826//2826
f 2902//2902 971//971 2534//2534
f 3481//3481 2543//2543 2544//2544
f 559//559 2543//2543 3481//3481
f 3481//3481 556//556 559//559
f 2061//2061 2890//2890 2533//2533
f 2533//2533 2063//2063 2061//2061
f 2645//2645 3485//3485 2532//2532
f 3481//3481 2544//2544 3482//3482
f 2743//2743 2891//2891 2703//2703
f 2442//2442 2832//2832 2831//2831
f 1008//1008 2891//2891 2890//2890
f 2061//2061 1008//1008 2890//2890
f 3020//3020 3485//3485 2645//2645
f 2645//2645 2758//2758 3020//3020
f 2645//2645 2757//2757 2758//2758
f 3487//3487 754//754 3486//3486
f 3023//3023 586//586 727//727
f 2933//2933 2934//2934 2971//2971
f 2821//2821 3011//3011 2911//2911
f 2871//2871 2823//2823 2884//2884
f 2343//2343 2884//2884 540//540
f 3030//3030 2920//2920 2918//2918
f 2069//2069 2820//2820 3483//3483
f 3488//3488 701//701 3094//3094
f 3094//3094 701//701 702//702
f 2845//2845 2752//2752 3019//3019
f 3483//3483 3489//3489 2877//2877
f 614//614 613//613 2795//2795
f 3489//3489 969//969 970//970
f 3489//3489 2911//2911 969//969
f 2821//2821 2911//2911 3489//3489
f 2815//2815 2844//2844 2793//2793
f 2043//2043 3019//3019 2752//2752
f 2750//2750 2043//2043 2752//2752
f 2880//2880 2047//2047 1937//1937
f 2048//2048 2047//2047 2879//2879
f 2877//2877 3489//3489 970//970
f 2826//2826 2795//2795 613//613
f 3489//3489 3483//3483 2821//2821
f 2820//2820 2821//2821 3483//3483
f 2342//2342 2967//2967 2851//2851
f 2879//2879 2047//2047 2880//2880
f 2819//2819 2956//2956 3011//3011
f 3011//3011 2956//2956 2852//2852
f 614//614 2796//2796 2967//2967
f 614//614 2967//2967 2342//2342
f 3011//3011 2967//2967 2796//2796
f 2852//2852 2967//2967 3011//3011
f 3490//3490 2442//2442 2831//2831
f 2442//2442 3490//3490 2443//2443
f 2007//2007 2865//2865 2788//2788
f 2858//2858 2701//2701 2702//2702
f 2864//2864 2863//2863 2870//2870
f 540//540 2884//2884 2857//2857
f 2818//2818 2817//2817 2823//2823
f 2843//2843 540//540 2857//2857
f 969//969 2827//2827 971//971
f 2823//2823 2871//2871 2818//2818
f 2758//2758 2801//2801 3020//3020
f 2849//2849 2042//2042 2840//2840
f 2041//2041 2907//2907 3019//3019
f 2793//2793 2844//2844 2907//2907
f 2825//2825 2793//2793 2907//2907
f 541//541 2343//2343 540//540
f 2864//2864 2870//2870 2912//2912
f 3439//3439 2842//2842 2862//2862
f 3390//3390 3439//3439 2862//2862
f 2575//2575 405//405 404//404
f 2868//2868 2702//2702 2794//2794
f 2750//2750 2868//2868 2794//2794
f 3441//3441 2848//2848 2849//2849
f 2787//2787 3442//3442 2530//2530
f 1009//1009 2832//2832 2798//2798
f 2798//2798 2832//2832 2837//2837
f 2798//2798 2837//2837 477//477
f 3440//3440 628//628 2521//2521
f 2443//2443 3490//3490 2521//2521
f 2848//2848 3490//3490 2831//2831
f 3441//3441 3490//3490 2848//2848
f 3441//3441 3440//3440 3490//3490
f 2521//2521 3490//3490 3440//3440
f 3442//3442 2873//2873 2874//2874
f 2818//2818 2871//2871 3442//3442
f 2873//2873 3442//3442 2871//2871
f 2875//2875 520//520 2874//2874
f 521//521 520//520 2875//2875
f 2874//2874 520//520 2530//2530
f 2874//2874 2530//2530 3442//3442
f 2863//2863 2843//2843 2870//2870
f 2885//2885 2892//2892 2875//2875
f 2885//2885 2893//2893 2892//2892
f 2875//2875 2892//2892 521//521
f 521//521 2892//2892 2784//2784
f 2907//2907 2041//2041 2847//2847
f 541//541 2146//2146 2842//2842
f 2856//2856 2828//2828 2839//2839
f 3390//3390 2855//2855 2783//2783
f 2575//2575 404//404 2862//2862
f 2854//2854 2855//2855 3385//3385
f 3385//3385 2057//2057 2854//2854
f 2535//2535 2864//2864 2858//2858
f 2858//2858 2536//2536 2535//2535
f 529//529 2536//2536 3108//3108
f 2047//2047 733//733 1937//1937
f 2858//2858 3108//3108 2536//2536
f 3491//3491 3097//3097 3096//3096
f 406//406 2869//2869 404//404
f 2862//2862 2869//2869 3390//3390
f 2788//2788 2790//2790 2007//2007
f 2858//2858 2838//2838 2132//2132
f 3389//3389 2132//2132 358//358
f 2036//2036 3492//3492 2023//2023
f 2071//2071 3492//3492 2036//2036
f 2898//2898 2790//2790 2899//2899
f 2838//2838 2858//2858 2702//2702
f 617//617 2790//2790 2898//2898
f 616//616 2799//2799 2751//2751
f 2851//2851 2789//2789 2788//2788
f 2812//2812 2789//2789 2851//2851
f 1983//1983 1818//1818 3119//3119
f 1983//1983 3119//3119 2812//2812
f 2890//2890 2743//2743 2644//2644
f 2910//2910 2851//2851 2788//2788
f 2751//2751 3493//3493 3079//3079
f 3493//3493 2752//2752 2845//2845
f 2752//2752 3493//3493 2751//2751
f 2814//2814 2866//2866 3493//3493
f 3493//3493 2845//2845 2814//2814
f 2845//2845 2815//2815 2814//2814
f 2888//2888 618//618 2897//2897
f 2865//2865 2007//2007 3079//3079
f 3493//3493 2866//2866 3079//3079
f 3079//3079 2866//2866 2865//2865
f 3484//3484 2532//2532 3485//3485
f 3465//3465 2964//2964 3482//3482
f 2964//2964 1463//1463 2949//2949
f 3482//3482 2964//2964 2949//2949
f 2542//2542 2780//2780 3020//3020
f 2069//2069 3483//3483 3452//3452
f 2902//2902 2534//2534 3484//3484
f 3484//3484 3485//3485 3494//3494
f 3484//3484 3494//3494 2902//2902
f 2780//2780 3494//3494 3485//3485
f 2780//2780 3485//3485 3020//3020
f 2543//2543 3494//3494 2780//2780
f 2996//2996 3121//3121 2995//2995
f 701//701 3488//3488 3074//3074
f 2876//2876 2902//2902 3494//3494
f 970//970 2902//2902 2876//2876
f 1028//1028 3495//3495 3161//3161
f 1027//1027 1028//1028 3161//3161
f 3496//3496 591//591 2919//2919
f 2424//2424 2966//2966 3497//3497
f 557//557 3498//3498 2853//2853
f 612//612 557//557 2853//2853
f 3452//3452 557//557 612//612
f 2971//2971 3498//3498 3480//3480
f 556//556 3498//3498 557//557
f 3480//3480 3498//3498 556//556
f 2543//2543 559//559 3494//3494
f 3494//3494 559//559 2876//2876
f 558//558 2876//2876 559//559
f 558//558 557//557 3452//3452
f 558//558 3452//3452 2877//2877
f 2939//2939 2850//2850 734//734
f 2931//2931 2934//2934 2933//2933
f 3498//3498 2934//2934 2853//2853
f 2921//2921 2922//2922 2881//2881
f 2881//2881 2883//2883 2921//2921
f 2971//2971 2934//2934 3498//3498
f 2937//2937 2936//2936 2938//2938
f 2937//2937 611//611 2785//2785
f 2931//2931 2937//2937 2785//2785
f 2932//2932 2922//2922 2923//2923
f 2936//2936 2932//2932 2923//2923
f 2051//2051 2052//2052 2131//2131
f 732//732 2850//2850 3094//3094
f 2850//2850 3488//3488 3094//3094
f 2938//2938 3488//3488 2850//2850
f 3074//3074 3488//3488 3182//3182
f 3182//3182 3488//3488 2938//2938
f 2938//2938 2936//2936 3182//3182
f 3182//3182 2936//2936 2935//2935
f 3497//3497 2966//2966 2822//2822
f 2423//2423 3497//3497 2981//2981
f 3497//3497 2423//2423 2424//2424
f 3073//3073 3071//3071 3122//3122
f 3482//3482 3499//3499 3480//3480
f 3499//3499 3482//3482 2949//2949
f 2544//2544 3465//3465 3482//3482
f 2802//2802 3465//3465 2544//2544
f 2883//2883 2985//2985 2983//2983
f 2945//2945 2983//2983 3478//3478
f 2982//2982 2968//2968 2950//2950
f 3480//3480 556//556 3481//3481
f 3499//3499 2969//2969 3480//3480
f 3480//3480 2969//2969 2971//2971
f 2949//2949 2969//2969 3499//3499
f 2968//2968 2969//2969 2950//2950
f 2950//2950 2969//2969 2949//2949
f 2944//2944 3465//3465 2802//2802
f 2802//2802 2943//2943 2944//2944
f 2422//2422 2423//2423 2993//2993
f 2903//2903 1465//1465 2904//2904
f 1463//1463 1465//1465 2903//2903
f 2904//2904 1465//1465 2540//2540
f 2904//2904 2540//2540 2698//2698
f 2988//2988 2984//2984 2985//2985
f 3497//3497 2972//2972 2981//2981
f 2980//2980 2981//2981 2972//2972
f 2942//2942 2940//2940 954//954
f 1726//1726 566//566 1727//1727
f 3497//3497 2822//2822 2972//2972
f 956//956 2958//2958 2957//2957
f 956//956 2957//2957 2942//2942
f 566//566 1726//1726 3225//3225
f 955//955 3500//3500 3225//3225
f 567//567 3225//3225 3500//3500
f 566//566 3225//3225 567//567
f 2972//2972 567//567 3500//3500
f 2972//2972 3500//3500 3168//3168
f 2980//2980 2972//2972 3168//3168
f 3168//3168 3500//3500 954//954
f 955//955 954//954 3500//3500
f 3168//3168 928//928 770//770
f 3168//3168 954//954 928//928
f 954//954 2940//2940 928//928
f 2935//2935 2923//2923 3166//3166
f 2935//2935 3166//3166 3167//3167
f 3501//3501 3166//3166 2923//2923
f 3501//3501 2923//2923 2945//2945
f 577//577 3502//3502 579//579
f 3501//3501 2945//2945 3478//3478
f 3501//3501 3478//3478 35//35
f 2983//2983 2945//2945 2921//2921
f 2921//2921 2883//2883 2983//2983
f 3501//3501 3071//3071 3166//3166
f 2954//2954 769//769 768//768
f 2733//2733 2732//2732 721//721
f 2997//2997 3503//3503 2998//2998
f 2989//2989 2998//2998 3503//3503
f 2988//2988 2989//2989 3504//3504
f 3503//3503 3504//3504 2989//2989
f 2988//2988 3478//3478 2984//2984
f 35//35 3478//3478 3504//3504
f 2988//2988 3504//3504 3478//3478
f 2997//2997 3504//3504 3503//3503
f 35//35 3504//3504 2997//2997
f 2997//2997 34//34 35//35
f 3037//3037 2955//2955 3172//3172
f 3172//3172 2955//2955 768//768
f 753//753 3002//3002 755//755
f 3163//3163 3031//3031 3030//3030
f 591//591 592//592 2918//2918
f 3030//3030 3003//3003 3163//3163
f 3047//3047 3045//3045 386//386
f 3163//3163 3003//3003 3171//3171
f 3160//3160 3163//3163 3171//3171
f 3171//3171 3003//3003 3002//3002
f 3002//3002 753//753 3159//3159
f 756//756 3159//3159 307//307
f 3014//3014 3159//3159 753//753
f 307//307 3159//3159 3014//3014
f 3505//3505 592//592 755//755
f 2760//2760 591//591 3496//3496
f 2760//2760 3496//3496 3008//3008
f 3486//3486 754//754 755//755
f 3486//3486 755//755 592//592
f 3013//3013 3014//3014 754//754
f 753//753 754//754 3014//3014
f 2918//2918 3505//3505 3030//3030
f 3003//3003 3030//3030 3505//3505
f 3003//3003 3505//3505 755//755
f 3487//3487 3184//3184 3013//3013
f 3184//3184 581//581 3013//3013
f 3013//3013 581//581 3012//3012
f 387//387 3026//3026 1883//1883
f 3487//3487 3013//3013 754//754
f 3001//3001 34//34 3037//3037
f 3486//3486 2926//2926 3487//3487
f 3068//3068 2809//2809 3506//3506
f 701//701 3073//3073 3122//3122
f 3184//3184 3487//3487 2926//2926
f 2924//2924 3184//3184 2926//2926
f 581//581 3184//3184 36//36
f 420//420 3000//3000 419//419
f 3045//3045 3226//3226 386//386
f 3226//3226 3045//3045 3022//3022
f 3505//3505 2918//2918 592//592
f 3060//3060 3059//3059 3502//3502
f 3122//3122 2925//2925 700//700
f 2919//2919 2920//2920 3008//3008
f 3008//3008 3496//3496 2919//2919
f 2924//2924 2925//2925 3122//3122
f 3081//3081 3374//3374 3082//3082
f 3340//3340 3507//3507 3374//3374
f 3082//3082 3374//3374 3507//3507
f 3042//3042 3374//3374 3044//3044
f 3044//3044 3374//3374 3081//3081
f 2733//2733 3155//3155 2731//2731
f 3046//3046 3307//3307 1028//1028
f 1028//1028 3307//3307 3495//3495
f 1027//1027 3022//3022 1029//1029
f 3045//3045 1029//1029 3022//3022
f 3118//3118 2929//2929 2927//2927
f 3023//3023 3027//3027 586//586
f 3508//3508 2045//2045 3082//3082
f 586//586 3027//3027 387//387
f 3058//3058 3307//3307 3046//3046
f 3008//3008 2920//2920 3031//3031
f 3161//3161 3509//3509 3143//3143
f 3495//3495 3307//3307 3306//3306
f 727//727 3226//3226 3154//3154
f 720//720 3155//3155 2733//2733
f 1645//1645 1//1 220//220
f 3023//3023 591//591 3027//3027
f 590//590 591//591 3023//3023
f 3226//3226 3022//3022 3154//3154
f 35//35 3071//3071 3501//3501
f 1882//1882 1883//1883 3155//3155
f 723//723 2732//2732 2731//2731
f 3021//3021 3059//3059 3047//3047
f 3047//3047 3059//3059 3046//3046
f 2045//2045 2046//2046 3082//3082
f 3027//3027 591//591 2731//2731
f 3027//3027 2731//2731 3026//3026
f 723//723 83//83 82//82
f 2804//2804 2806//2806 3035//3035
f 720//720 3502//3502 3155//3155
f 719//719 3502//3502 720//720
f 3052//3052 2925//2925 3072//3072
f 700//700 2925//2925 3052//3052
f 3486//3486 592//592 2926//2926
f 2860//2860 2861//2861 3035//3035
f 3147//3147 3006//3006 2860//2860
f 3059//3059 1884//1884 3502//3502
f 577//577 3060//3060 3502//3502
f 3502//3502 719//719 579//579
f 3502//3502 1884//1884 1882//1882
f 3502//3502 1882//1882 3155//3155
f 700//700 3053//3053 702//702
f 3040//3040 3342//3342 418//418
f 2808//2808 3066//3066 2810//2810
f 3051//3051 3066//3066 2808//2808
f 3041//3041 3341//3341 3040//3040
f 3109//3109 3341//3341 3041//3041
f 3053//3053 3075//3075 3077//3077
f 3077//3077 3075//3075 2995//2995
f 3062//3062 3510//3510 3120//3120
f 2044//2044 3510//3510 3062//3062
f 3306//3306 3063//3063 3495//3495
f 3061//3061 3068//3068 3506//3506
f 3383//3383 3061//3061 3382//3382
f 3382//3382 3061//3061 3506//3506
f 2045//2045 3510//3510 2044//2044
f 3124//3124 3061//3061 3063//3063
f 3062//3062 3061//3061 2044//2044
f 3063//3063 3161//3161 3495//3495
f 3509//3509 3161//3161 3063//3063
f 3120//3120 3509//3509 3063//3063
f 590//590 3511//3511 3078//3078
f 3512//3512 3061//3061 3383//3383
f 3061//3061 3512//3512 2044//2044
f 2809//2809 3382//3382 3506//3506
f 3068//3068 3124//3124 3058//3058
f 2809//2809 3068//3068 712//712
f 297//297 2809//2809 712//712
f 1767//1767 2809//2809 297//297
f 3123//3123 418//418 3342//3342
f 3004//3004 2804//2804 3000//3000
f 3118//3118 3005//3005 2929//2929
f 2929//2929 3004//3004 420//420
f 420//420 3004//3004 3000//3000
f 3513//3513 3082//3082 1981//1981
f 3513//3513 1981//1981 3099//3099
f 1988//1988 2809//2809 1767//1767
f 1988//1988 2808//2808 2809//2809
f 3382//3382 2809//2809 2810//2810
f 1980//1980 1982//1982 3066//3066
f 3036//3036 3049//3049 2927//2927
f 3049//3049 3036//3036 3050//3050
f 3111//3111 334//334 332//332
f 3043//3043 3044//3044 3110//3110
f 334//334 3110//3110 3057//3057
f 3513//3513 3099//3099 3083//3083
f 3513//3513 3083//3083 3082//3082
f 3057//3057 1981//1981 333//333
f 3111//3111 2914//2914 2915//2915
f 332//332 2914//2914 3111//3111
f 3084//3084 2915//2915 3050//3050
f 3050//3050 2915//2915 2913//2913
f 3111//3111 2915//2915 3084//3084
f 3043//3043 3111//3111 3084//3084
f 3177//3177 2805//2805 3005//3005
f 3102//3102 1987//1987 3064//3064
f 2927//2927 3114//3114 3118//3118
f 3087//3087 3114//3114 3106//3106
f 3087//3087 3089//3089 3114//3114
f 3049//3049 3114//3114 2927//2927
f 2900//2900 3092//3092 524//524
f 2091//2091 3070//3070 2073//2073
f 2090//2090 3107//3107 3101//3101
f 2068//2068 3330//3330 3051//3051
f 332//332 3091//3091 2914//2914
f 3091//3091 3102//3102 3370//3370
f 3370//3370 3102//3102 2074//2074
f 2074//2074 3102//3102 3064//3064
f 332//332 3102//3102 3091//3091
f 3101//3101 3070//3070 2091//2091
f 3101//3101 3039//3039 3070//3070
f 3039//3039 3101//3101 3112//3112
f 3101//3101 3106//3106 3112//3112
f 2075//2075 2036//2036 2023//2023
f 2075//2075 3514//3514 595//595
f 2023//2023 3514//3514 2075//2075
f 3095//3095 2071//2071 2050//2050
f 3515//3515 3095//3095 1819//1819
f 3377//3377 3515//3515 1819//1819
f 3095//3095 3515//3515 3492//3492
f 2071//2071 3095//3095 3492//3492
f 3492//3492 3515//3515 2023//2023
f 2023//2023 2021//2021 3514//3514
f 3107//3107 2090//2090 3097//3097
f 2022//2022 2023//2023 3515//3515
f 3069//3069 2022//2022 2896//2896
f 3096//3096 595//595 3514//3514
f 3514//3514 2021//2021 3096//3096
f 2894//2894 3516//3516 3117//3117
f 3051//3051 3330//3330 1980//1980
f 3329//3329 1987//1987 3330//3330
f 2021//2021 2022//2022 3069//3069
f 2022//2022 3377//3377 2896//2896
f 3377//3377 2022//2022 3515//3515
f 3121//3121 3116//3116 2995//2995
f 3106//3106 3107//3107 3087//3087
f 3088//3088 3087//3087 3491//3491
f 3107//3107 3491//3491 3087//3087
f 3491//3491 3107//3107 3097//3097
f 3491//3491 3104//3104 3088//3088
f 3491//3491 3069//3069 3104//3104
f 3069//3069 3032//3032 3104//3104
f 2021//2021 3069//3069 3491//3491
f 3491//3491 3096//3096 2021//2021
f 3077//3077 3116//3116 3098//3098
f 1987//1987 1980//1980 3330//3330
f 1987//1987 3329//3329 3064//3064
f 1981//1981 3065//3065 1982//1982
f 3064//3064 3329//3329 1985//1985
f 1985//1985 3329//3329 1971//1971
f 1971//1971 1972//1972 1985//1985
f 2810//2810 3381//3381 3382//3382
f 3065//3065 3381//3381 3066//3066
f 3066//3066 3381//3381 2810//2810
f 3375//3375 3383//3383 3381//3381
f 3375//3375 3381//3381 3065//3065
f 3065//3065 1981//1981 3375//3375
f 3084//3084 3036//3036 3517//3517
f 3517//3517 3043//3043 3084//3084
f 3034//3034 3121//3121 3055//3055
f 3121//3121 2996//2996 3105//3105
f 3105//3105 3055//3055 3121//3121
f 3118//3118 3177//3177 3005//3005
f 3067//3067 2811//2811 2894//2894
f 1936//1936 3516//3516 2811//2811
f 2811//2811 3516//3516 2894//2894
f 3116//3116 3117//3117 3098//3098
f 3516//3516 3098//3098 3117//3117
f 3098//3098 3516//3516 1935//1935
f 1935//1935 3516//3516 1936//1936
f 2996//2996 2807//2807 2805//2805
f 2996//2996 3177//3177 3105//3105
f 2805//2805 3177//3177 2996//2996
f 3518//3518 2928//2928 3123//3123
f 3518//3518 3517//3517 2928//2928
f 2928//2928 3517//3517 3036//3036
f 3518//3518 3123//3123 3342//3342
f 3517//3517 3518//3518 3042//3042
f 3043//3043 3517//3517 3042//3042
f 3042//3042 3518//3518 3342//3342
f 3512//3512 3383//3383 2046//2046
f 2046//2046 3383//3383 3375//3375
f 3511//3511 3143//3143 3509//3509
f 590//590 3143//3143 3511//3511
f 3511//3511 3509//3509 3120//3120
f 3512//3512 2046//2046 2044//2044
f 3510//3510 2045//2045 3508//3508
f 3510//3510 3508//3508 3511//3511
f 3120//3120 3510//3510 3511//3511
f 3109//3109 3508//3508 3341//3341
f 3519//3519 3341//3341 3508//3508
f 3519//3519 3508//3508 3507//3507
f 3507//3507 3341//3341 3519//3519
f 3507//3507 3340//3340 3341//3341
f 3507//3507 3508//3508 3082//3082
f 3511//3511 3508//3508 3109//3109
f 3109//3109 3078//3078 3511//3511
f 3375//3375 3082//3082 2046//2046
