# Generated by multiview-laplacian-refinement
v -0.376815706 -0.108804452 -0.566589544
v -0.377702966 -0.093492065 -0.548403156
v -0.364244878 -0.141714178 -0.538365346
v -0.372122683 0.164085317 0.593557245
v -0.386358996 0.129056876 0.582241394
v -0.301437992 0.114484619 0.682505607
v -0.00838354311 -0.405345563 0.49482686
v 0.014562519 -0.405435813 0.506388067
v 0.0214610504 -0.404656251 0.487998514
v -0.303679951 -0.257690536 -0.533769506
v -0.307140606 -0.253810737 -0.545952984
v -0.323216142 -0.229821325 -0.52662425
v -0.331166451 -0.235776609 -0.423753224
v -0.318915111 -0.252385135 -0.398907423
v -0.33754373 -0.226659453 -0.394990254
v 0.411439114 0.0291682841 0.181309156
v 0.407754967 0.0608826724 0.197213066
v 0.408177979 0.0658582985 0.165970746
v 0.0152073688 -0.405237369 -0.604135824
v -0.0159625267 -0.40454265 -0.603564521
v 0.0123458164 -0.403523988 -0.598671726
v -0.333795849 -0.223970806 -0.601619745
v -0.325933482 -0.2405529 -0.604570278
v -0.344068218 -0.212061772 -0.602362269
v -0.215641212 -0.343793612 -0.356493895
v -0.187989419 -0.359008546 -0.357514808
v -0.206466261 -0.348850832 -0.334362936
v -0.274387477 -0.290311739 -0.565736667
v -0.365253479 -0.161677018 -0.598443291
v -0.352558091 -0.186673569 -0.58632376
v -0.381957544 -0.162899856 -0.0484655132
v -0.381474821 -0.166463323 -0.0175003484
v -0.388182233 -0.14817629 -0.0252992823
v 0.130834134 -0.383235403 -0.249245369
v 0.1611343 -0.371694933 -0.222668094
v 0.159499534 -0.372603679 -0.279052311
v -0.261045386 -0.307099543 -0.604007477
v -0.216704515 -0.334177678 -0.563659528
v -0.153062392 -0.373035684 -0.600057127
v -0.316488257 -0.264309419 -0.0972244659
v -0.319410885 -0.263273758 -0.0639742185
v -0.303460289 -0.277916789 -0.0650348462
v -0.251559086 -0.319308192 -0.565377232
v -0.239461008 -0.328652161 -0.585326152
v -0.232415736 -0.333945442 -0.561059007
v -0.651103691 0.0299848012 0.205612221
v -0.62758205 0.0201470086 0.206913002
v -0.631463762 0.0489166508 0.202315948
v -0.264496769 -0.308761527 -0.337139007
v -0.278091103 -0.29639831 -0.359222862
v -0.289634784 -0.285294878 -0.333657208
v -0.307011918 -0.266342035 0.257726267
v -0.309234265 -0.265040465 0.225544317
v -0.283539761 -0.291267381 0.234674549
v -0.249715559 -0.319604942 -0.615969218
v -0.267418447 -0.30481327 -0.608926397
v -0.245488839 -0.323396187 -0.605892804
v 0.712887538 -0.0135380031 -0.207688808
v 0.698288565 -0.0170814874 -0.20859651
v 0.69559431 -0.0496489323 -0.203254928
v -0.149116396 -0.375924911 -0.394984008
v -0.165620375 -0.369407784 -0.420424052
v -0.139905996 -0.379350675 -0.415128957
v -0.31957067 -0.250524312 -0.558884185
v -0.321738139 -0.247049391 -0.587242683
v -0.306968613 -0.266388454 -0.582650365
v -0.066964886 -0.397868967 0.0219035419
v -0.0811144215 -0.395564357 -0.00478169312
v -0.0945831198 -0.392589358 0.0224429335
v -0.325530937 -0.242880734 0.577848216
v -0.341331093 -0.221083048 0.592437978
v -0.314638173 -0.258933287 0.5968756
v -0.350510297 -0.217639683 0.152693879
v -0.332033468 -0.242088195 0.155365291
v -0.347427652 -0.220600374 0.177754079
v -0.0485594071 -0.401244743 -0.0921567911
v -0.0744898377 -0.396954955 -0.103330057
v -0.0733500547 -0.397383143 -0.0707701002
v -0.0697349848 -0.288987999 0.680353224
v -0.0760049707 -0.263866289 0.680600299
v -0.091424951 -0.276181302 0.680456253
v -0.00882139405 -0.405942426 -0.603130247
v -0.0235532207 -0.406087497 -0.589379475
v -0.0365586024 -0.40417758 -0.603400429
v 0.0556264112 -0.403000416 0.589109552
v 0.0226039681 -0.406593288 0.589592164
v 0.0354584231 -0.404719004 0.577281753
v -0.259083605 -0.312928937 0.480218818
v -0.28472317 -0.28984114 0.494292831
v -0.257240824 -0.314241065 0.512347409
v -0.121801615 -0.385401887 0.00922647332
v -0.115964099 -0.387081313 0.0416363544
v -0.210021575 -0.346968404 -0.378396765
v -0.209227327 -0.347408694 -0.401082392
v -0.236648976 -0.329820241 -0.394334688
v -0.293085089 -0.281154645 -0.562380204
v -0.11271829 -0.387672762 0.16692079
v -0.0924255425 -0.392697536 0.171370191
v -0.119893511 -0.38567182 0.189911356
v -0.0777954559 -0.398210122 0.53112114
v -0.106069503 -0.391833333 0.532161368
v -0.0910480766 -0.395442973 0.499279074
v -0.0932369533 -0.395248214 0.550407099
v -0.113557937 -0.389848047 0.557278791
v 0.0980366935 -0.394015293 0.539481588
v 0.0770089529 -0.398427733 0.523060026
v 0.077036717 -0.398481119 0.551856896
v -0.677550137 0.0500161674 0.20179055
v -0.670365473 -0.00217750939 0.207626654
v -0.688789555 0.0234319755 0.205576568
v 0.546663105 0.146073474 0.148917348
v 0.551188417 0.178077012 0.107947982
v 0.547447504 0.173605658 0.11764086
v -0.0703526655 -0.399964177 0.55729143
v -0.41414461 -0.0159793799 0.15467792
v -0.414928399 -0.00358228976 0.158466245
v -0.413730925 -0.0205888821 0.164258988
v -0.368865687 -0.190472808 -0.10384602
v -0.369229036 -0.189364313 -0.129490848
v -0.380589483 -0.163389909 -0.125428511
v -0.400749631 0.0672613671 0.521748591
v -0.397035219 0.0860263492 0.55572527
v -0.390373221 0.113309356 0.526078936
v -0.727942183 0.209564863 -0.00906288275
v -0.726163503 0.204439607 -0.0439569032
v -0.726003795 0.204978813 -0.0430176371
v -0.234922601 -0.331181615 -0.341694717
v -0.245654801 -0.323406318 -0.312798427
v -0.258813782 -0.314015973 0.153796947
v -0.264355776 -0.309042527 0.184477506
v -0.280894979 -0.294866155 0.164118973
v -0.189991046 -0.358698649 -0.0183194964
v -0.224052345 -0.339439637 -0.0139835042
v -0.213210834 -0.345963065 -0.0431948946
v -0.319338948 0.0254885072 0.681958001
v -0.404101679 0.0502224849 0.588952703
v -0.407278063 0.0160863499 0.592684243
v -0.403641507 0.0450478453 0.553745578
v -0.405808517 0.0135574688 0.495828297
v -0.404597689 -0.0466880458 0.341314837
v -0.406074327 -0.0193956798 0.352944427
v -0.407378393 -0.0162512717 0.314849668
v -0.257890612 -0.31385133 -0.369350071
v -0.15268518 -0.374747012 0.134847558
v -0.174083799 -0.365750604 0.164871179
v -0.200178136 -0.352935469 0.13490645
v -0.230180547 -0.215744614 0.682388955
v -0.305674559 -0.269024151 0.601787036
v -0.0938277823 -0.395270489 0.569660718
v -0.232649444 -0.33239652 0.376384122
v -0.223242776 -0.338933422 0.402698855
v -0.248280689 -0.321571601 0.39583871
v -0.0756857229 -0.396124035 0.312854126
v -0.0874060161 -0.394087603 0.336193539
v -0.0490008037 -0.400725626 0.343257123
v -0.399492831 -0.0958712699 0.244870826
v -0.390158229 -0.126337876 0.249840271
v -0.394128955 -0.112135955 0.265472053
v 0.349556507 0.216064349 0.214864755
v 0.360700045 0.198618608 0.213552535
v 0.350167545 0.218985326 0.199092863
v -0.239949925 -0.327431273 0.424532859
v -0.301661635 0.0650503055 0.681430744
v -0.295654493 0.0907911145 0.681085986
v -0.281160954 0.0823720145 0.680506515
v -0.324133185 -0.244340405 0.513366424
v -0.313112647 -0.258403486 0.538170802
v -0.301292833 -0.272097399 0.515540437
v -0.400342257 0.0705405885 0.570165378
v -0.313050281 -0.259987792 -0.346736413
v -0.30784605 -0.266088395 -0.317715885
v -0.325086777 -0.245086362 -0.319625374
v -0.546650619 0.192425487 0.0851579899
v -0.547382908 0.171842079 0.122769858
v -0.385021334 0.145736717 0.0732614674
v -0.334972115 -0.235684388 0.180586651
v 0.274381778 0.300640142 0.565075829
v 0.264473204 0.309040508 0.552325487
v 0.27892166 0.295970166 0.552565708
v -0.241953204 -0.327919454 -0.0393603357
v -0.292964499 -0.283009021 0.194476992
v -0.268913521 -0.304993626 0.210216752
v -0.707698194 0.0402507766 0.202255415
v -0.702050596 -0.00117609206 0.205947104
v -0.70231383 0.0263441115 0.204945258
v -0.0356474471 -0.401768959 0.0409795208
v -0.0814550499 -0.395149823 0.0439031643
v -0.279384283 0.110551419 0.680860292
v -0.150582931 -0.37518032 -0.325452669
v -0.126646227 -0.38332708 -0.334913876
v -0.125776612 -0.383445351 -0.308493182
v -0.361400985 -0.184476608 0.49522608
v -0.368802171 -0.169112751 0.441559647
v -0.38299686 -0.133690931 0.518177275
v -0.713694845 0.0890393412 0.186237815
v -0.722037405 0.118682175 0.169461022
v -0.72380004 0.171859803 0.116677177
v -0.218342026 0.344174651 0.603069008
v -0.239431107 0.328634068 0.593609495
v -0.220070509 0.341369232 0.586527995
v -0.373891167 -0.135760422 -0.597463146
v -0.366855358 -0.152080377 -0.588354097
v -0.138419945 0.381181486 0.206297013
v -0.0804263241 0.397628135 0.205635165
v -0.0941514279 0.395294998 0.15282671
v -0.230005109 -0.334320295 -0.465622418
v -0.235495225 -0.33037908 -0.439886235
v -0.217329387 -0.342471712 -0.441609
v -0.67949322 -0.125200996 -0.167672021
v -0.682256687 -0.151448874 -0.144745593
v -0.699248985 -0.12967004 -0.164132039
v -0.701684516 0.00677686349 -0.209244885
v -0.695881585 0.101438915 -0.183551298
v -0.646943838 0.0823994042 -0.193431026
v -0.365383792 -0.151413666 -0.572859911
v -0.355524284 -0.173095955 -0.554768853
v -0.357187878 -0.172916889 -0.573678585
v -0.376548715 -0.132792008 -0.603993173
v -0.37449973 -0.127894975 -0.587641125
v -0.392050499 -0.0554718705 -0.597409718
v -0.621851339 -0.127415924 -0.166051764
v -0.668060548 -0.0977206057 -0.185036944
v -0.648405719 -0.0684456534 -0.197301328
v -0.343565445 -0.233430753 -0.120443798
v -0.344573149 -0.232682474 -0.0934768506
v -0.354856059 -0.217736806 -0.105758727
v -0.177237584 -0.364290255 -0.328976549
v -0.285400538 -0.289701657 0.26330459
v -0.380244142 -0.166274666 -0.0835760321
v -0.371851168 -0.186065529 -0.0644875689
v -0.27045599 -0.30340493 -0.274735023
v -0.268495504 -0.305329187 -0.306256667
v -0.291567621 -0.283971311 -0.297274342
v -0.643006004 0.159689474 0.135833982
v -0.628693174 0.165469724 0.12830933
v -0.672696075 0.158239357 0.137291907
v -0.161636083 -0.370741412 -0.302684316
v -0.196537057 -0.354478001 -0.425805992
v -0.201317545 -0.351945061 -0.458408895
v -0.317948426 -0.265066792 0.0250586655
v -0.310495751 -0.272596948 -0.00398508
v -0.305233669 -0.276952963 0.0261737657
v -0.0844538091 -0.394688765 0.367527359
v -0.202447269 -0.219151719 0.680951565
v -0.213868613 -0.240130675 0.682589454
v -0.306617682 -0.266354912 0.468606354
v -0.302732123 -0.271241098 0.437404645
v -0.32378399 -0.245102369 0.446611986
v -0.691098941 -0.00205361264 0.207022934
v -0.546370891 0.168220241 0.125202732
v -0.223412802 -0.338410982 -0.420042275
v -0.289644729 -0.291085585 -0.0372647597
v -0.284123922 -0.29501419 -0.0618255605
v -0.181431524 -0.362240657 -0.391752995
v -0.266923278 -0.306345927 -0.530034726
v -0.289410434 -0.285571899 -0.532989272
v -0.2707229 -0.303171045 -0.553825046
v -0.106303735 -0.389907884 -0.0877653267
v -0.131094784 -0.382688159 -0.0780391491
v -0.135629785 -0.380891302 -0.10849595
v -0.395914169 -0.120126847 0.0186586781
v -0.393711157 -0.133380878 0.0145065751
v -0.394833984 -0.123453432 -0.00772635373
v -0.241641477 0.312452695 -0.559647178
v -0.284447729 0.275626485 -0.56814225
v -0.28339815 0.272968897 -0.554183357
v -0.229890816 -0.334442819 -0.494194401
v -0.205822368 -0.349991896 -0.486257555
v -0.361292588 0.176827508 -0.625668702
v -0.339695559 0.213357504 -0.625457126
v -0.310080222 0.25699075 -0.627136989
v -0.330432425 -0.237406428 -0.343663624
v -0.325570574 -0.244008908 -0.369844141
v -0.15640056 -0.372981509 -0.13711472
v -0.168816981 -0.368065805 -0.112171747
v -0.196511986 -0.354517714 -0.134407078
v -0.250854784 -0.319949921 -0.545203536
v -0.353031033 0.20170073 -0.606874205
v -0.374369609 0.160687634 -0.541738006
v -0.338726419 0.225376987 -0.601573801
v 0.340737697 0.221798498 -0.481495122
v 0.319375167 0.252278772 -0.520582279
v 0.343779699 0.217602398 -0.507048954
v 0.105693897 0.373005163 -0.455847957
v -0.0303257753 0.38343167 -0.452102736
v 0.0706131276 0.379321407 -0.469474654
v 0.349694754 0.226912896 0.080066647
v 0.327092326 0.257444686 0.0605821618
v 0.350357969 0.225748602 0.0505315588
v -0.54568763 -0.199362557 -0.0655806369
v -0.546290847 -0.188828726 -0.0939482045
v -0.547390001 -0.20038301 -0.0696328875
v 0.0448565503 -0.401072548 0.0985491721
v 0.0708086972 -0.397294217 0.113372368
v 0.0664430735 -0.398149578 0.0808398644
v 0.0084109565 0.388291899 -0.436652895
v 0.333919209 0.218996981 -0.466513754
v -0.194717059 0.338499616 -0.437070769
v 0.011340923 -0.404101948 -0.413301137
v -0.0042966406 -0.404625237 -0.437733446
v -0.0235858885 -0.402795587 -0.416524602
v 0.393288364 0.0953961275 -0.61062749
v 0.383048211 0.132958147 -0.610045853
v 0.393543135 0.0988796476 -0.584879418
v 0.062704724 -0.399458161 -0.316076409
v 0.0928585135 -0.393998951 -0.314827694
v 0.0681876285 -0.399111798 -0.343690691
v 0.382869473 0.159903958 -0.0556089409
v 0.388525358 0.143508673 -0.090186564
v 0.376050157 0.175941619 -0.0883375366
v 0.565775588 0.161110176 0.13239694
v 0.383770637 0.133738919 -0.548647743
v 0.373178206 0.161150146 -0.568273983
v 0.3841726 0.132060756 -0.579096625
v -0.180102843 0.337294912 -0.415149226
v -0.282478223 0.257760395 -0.409863723
v 0.334676597 0.218824692 -0.544992534
v 0.352492677 0.189497476 -0.557987074
v 0.35114644 0.189713055 -0.531231365
v 0.356282396 0.196688938 -0.388809967
v 0.335369596 0.230730644 -0.406761818
v 0.342166888 0.2198442 -0.380379053
v 0.402139489 0.0946962081 -0.110500779
v 0.399959009 0.10157155 -0.128889815
v 0.39608112 0.1182814 -0.112550261
v 0.406808616 0.0036542375 -0.34944461
v 0.407338535 0.0185042468 -0.324840993
v 0.406356364 0.0254110221 -0.345330815
v 0.347347072 0.227010939 0.177076576
v 0.347287187 0.225772193 0.185347049
v 0.332138885 0.245356169 0.190648664
v 0.387503709 -0.120465152 -0.524064706
v 0.383692561 -0.133697195 -0.554022967
v 0.379178833 -0.145435608 -0.53215721
v 0.353337982 -0.208310401 0.208323224
v 0.363735715 -0.19078564 0.221426567
v 0.357149638 -0.19849086 0.235386138
v 0.0999901094 -0.391222758 0.0919677376
v 0.318024391 0.253915875 -0.451962784
v 0.303122275 0.271063475 -0.426786138
v 0.392858421 0.131768153 -0.0539006881
v 0.399080946 0.112401638 -0.0564095275
v 0.39807595 0.116428232 -0.029678404
v -0.305526744 -0.26496376 -0.611508836
v -0.0684301379 0.398214729 0.557235073
v -0.0276582387 0.402529679 0.532136566
v -0.0375278757 0.402287455 0.558269663
v 0.347432686 0.211080332 0.490572848
v 0.359879704 0.188853657 0.481642066
v 0.357798044 0.192843402 0.50773492
v 0.326781256 0.241195318 0.318403817
v 0.337571742 0.226636245 0.282183732
v 0.347839888 0.210212938 0.300263363
v 0.398909838 -0.0794463819 0.413503566
v 0.402613134 -0.05567229 0.436072678
v 0.403190114 -0.0529224038 0.399842739
v 0.405431123 0.0851640134 -0.0658849997
v 0.402712932 0.0951871972 -0.00165461145
v 0.399075647 0.109922606 -0.0818859211
v 0.390724687 0.11297645 0.486824282
v 0.396983503 0.0875438505 0.489090334
v 0.394468087 0.0974762044 0.51164108
v 0.0489050369 -0.403000366 0.540254767
v 0.0233930185 -0.40516199 0.524691891
v 0.0437868325 -0.403366055 0.510690219
v 0.318911457 0.251670842 0.550918009
v 0.338824408 0.224145327 0.540905188
v 0.334170267 0.230466001 0.568507115
v 0.372097749 0.163588157 0.503359202
v 0.381031411 0.141438597 0.482423966
v 0.371350581 0.165643285 0.475833979
v 0.405242627 0.0297648611 0.522274879
v 0.405919245 -0.00214288422 0.545015151
v 0.404336697 0.0376666422 0.550781823
v 0.689038503 0.0211918754 0.206483254
v 0.677168918 -0.0186964014 0.206943466
v 0.657494087 0.018379165 0.206867231
v 0.262378234 0.0755031129 0.680942314
v 0.272998612 0.0554109597 0.680639158
v 0.237398636 0.0542801535 0.68094413
v 0.384632275 0.131051591 0.515395252
v 0.375045025 0.155458529 0.53531426
v -0.405591083 -0.0206084853 0.557058793
v -0.404927379 -0.0415107812 0.590193395
v -0.407155759 -0.0109582734 0.591624627
v 0.178324712 -0.363190844 -0.608598056
v 0.148432437 -0.376667649 -0.60694425
v 0.158184287 -0.370928264 -0.603165871
v 0.405062791 0.0367309225 0.377336493
v 0.402998784 0.0568706401 0.353727792
v 0.400863672 0.0674529764 0.383020077
v 0.404887888 0.0508700959 -0.314613607
v 0.404223725 0.0474688335 -0.341248913
v -0.251006754 -0.319717575 -0.288606461
v 0.40040517 0.104035444 0.0880357981
v 0.39959443 0.113307607 0.0918828456
v 0.399287086 0.112851641 0.0553303327
v 0.308989231 -0.265330968 0.199910964
v 0.306549992 -0.2686509 0.175467123
v 0.320188934 -0.253959929 0.185370531
v 0.413473807 0.0327899581 0.153147771
v 0.412158501 0.0377640915 0.149364763
v 0.410252052 0.0603611744 0.141339069
v 0.702004357 -0.113077037 -0.17609998
v 0.676009815 -0.109343972 -0.178748611
v 0.701645524 -0.0861116065 -0.190159751
v 0.337218599 0.225897198 0.342052333
v 0.362863821 0.183705477 0.324908578
v 0.547033503 0.117818447 0.173150129
v 0.547873171 0.145525771 0.152002396
v 0.341902433 0.219818783 0.514308713
v 0.653172067 0.144463603 0.149938645
v 0.62433629 0.133116122 0.159805437
v 0.626686897 0.159125655 0.134346064
v 0.136583973 -0.286597526 0.68191652
v 0.119609424 -0.268330677 0.680587858
v 0.108369545 -0.293822161 0.681968573
v 0.317860645 -0.250164094 -0.44942806
v 0.302397222 -0.268635809 -0.424840583
v 0.321637658 -0.24472219 -0.420548956
v 0.684092378 0.15259962 0.140834736
v 0.657862549 0.172469053 0.116577692
v 0.686516845 0.180251723 0.103102936
v 0.546475769 -0.132595979 0.160376916
v 0.546227829 -0.15547277 0.13883242
v 0.556934313 -0.127257088 0.164822057
v 0.704860545 0.207430741 -0.0129563732
v 0.71382485 0.202889808 -0.0431878316
v 0.712548276 0.207138187 0.00579806217
v 0.304574238 -0.26811644 0.412264714
v 0.318629633 -0.251230029 0.386563945
v 0.324483169 -0.244059218 0.407501967
v 0.393128542 -0.130228764 0.133886767
v 0.392348713 -0.129632648 0.167181428
v 0.39936242 -0.104738804 0.154651
v 0.4090684 0.0364802328 0.264004635
v 0.410815955 0.00980719357 0.257031646
v 0.410229676 0.0290638746 0.243379412
v -0.209571362 -0.347196069 0.382108145
v -0.215289277 -0.343576766 0.357818675
v 0.411908902 0.0400297707 0.16098415
v 0.546558644 -0.0935159101 0.186530111
v 0.398671624 0.0831683111 0.592306976
v 0.391495619 0.107396952 0.570427959
v 0.38885162 0.120697852 0.595963813
v 0.381934285 0.137742135 0.580183991
v 0.71247051 0.0156970752 0.20652492
v 0.704653691 -0.0105262664 0.206750994
v -0.134009643 -0.24492981 0.680789988
v -0.101431691 -0.252231339 0.680448882
v -0.118498214 -0.27740041 0.680866982
v 0.389966953 0.128547373 0.251959722
v 0.385726095 0.135832411 0.274510174
v 0.379568711 0.15429037 0.254139967
v 0.203792057 -0.35124037 0.541073617
v 0.194694948 -0.356441309 0.563575378
v 0.177168503 -0.365366984 0.544644684
v 0.3907039 0.112785529 0.341607185
v 0.398297359 0.0846115473 0.33926744
v 0.395819216 0.0972037268 0.318343638
v 0.0582007535 -0.399981603 0.409151484
v 0.0164502338 -0.403937313 0.42342761
v 0.0197374582 -0.403310794 0.393058245
v 0.0506387915 -0.400870929 0.377344438
v 0.405808317 -0.0243140353 0.411717423
v 0.398827058 -0.110083434 0.0852649656
v 0.54636589 -0.180156147 0.107748291
v 0.546720929 -0.155453388 0.140653821
v 0.166382601 -0.27451364 0.682182999
v 0.145919637 -0.266448274 0.680965586
v 0.16306116 -0.252296911 0.680653745
v 0.406966685 -0.0807439949 0.125662358
v 0.404058655 -0.0964489696 0.115908343
v 0.404549958 -0.0911036283 0.127479042
v 0.395275938 -0.124116881 0.0591378869
v 0.393795506 -0.132373394 0.0710720845
v 0.393261066 -0.135711639 0.050755431
v 0.723551227 -0.181091876 0.101585667
v 0.714872313 -0.194597158 0.0717903919
v 0.707753191 -0.169949364 0.11898818
v 0.723187448 -0.148615497 0.144106105
v 0.0266851188 -0.317394935 0.682203739
v 0.0494080276 -0.308668296 0.682032692
v -0.0402712419 -0.405344058 0.582904035
v -0.0249791937 -0.315209594 0.681823833
v -0.05498507 -0.315759546 0.682120398
v -0.407580141 0.0107889354 0.325614781
v 0.391805359 -0.108796149 0.482460602
v 0.392566463 -0.105230648 0.460590952
v 0.385276378 -0.130535055 0.46542991
v 0.0614107982 -0.399427252 0.298130205
v 0.0456459843 -0.401217384 0.318680663
v 0.069821468 -0.397841454 0.325666003
v 0.365418725 0.19451349 0.196735945
v 0.235708811 -0.177558796 0.680526215
v 0.251083196 -0.158164493 0.680616311
v 0.253341088 -0.18420673 0.681024853
v 0.409263209 -0.0681084556 0.139132566
v 0.011641732 -0.403566808 0.273067025
v 0.0476405473 -0.400991325 0.275010204
v 0.0351699225 -0.402147602 0.25516906
v 0.403877969 0.0940875383 0.113473348
v 0.341340003 -0.22255552 0.249293484
v 0.326797915 -0.243377087 0.213466855
v 0.319601335 -0.251290882 0.244568664
v 0.311476025 -0.262045496 0.222301166
v 0.412661328 -0.000475558974 0.168876087
v 0.413494911 0.014821677 0.161408756
v 0.387953577 -0.150388835 0.0590597752
v 0.390505411 -0.141750987 0.0820441834
v 0.405103259 -0.0725526551 0.221523708
v 0.40098341 -0.0959799555 0.190687641
v 0.408078459 -0.0538765341 0.19587187
v 0.168547948 -0.368184242 0.416903624
v 0.122689003 -0.385406458 0.429657392
v 0.156081184 -0.373433869 0.389676863
v 0.360741793 -0.190244274 0.591153085
v 0.272266213 -0.167465971 0.682040412
v 0.347442782 -0.212142791 0.585375482
v 0.710249015 -0.206592744 0.0271762587
v 0.72778468 -0.207085009 0.0187341211
v 0.547234955 -0.192291413 0.0869865246
v 0.409759796 0.0296289752 -0.219082197
v 0.410687233 0.019697369 -0.203724231
v 0.408207935 0.0501040351 -0.196615925
v 0.702531245 0.0936765636 -0.186362113
v 0.708515624 0.121871056 -0.168486052
v 0.673913152 0.122608964 -0.16904449
v 0.680294811 -0.0779844817 -0.194422264
v 0.399394243 -0.0758890884 0.383172146
v 0.379534901 0.147399182 0.598040257
v 0.37211393 0.163871717 0.587782509
v 0.288748873 0.133179929 0.682862874
v 0.547634034 -0.0309740361 0.207181143
v 0.5476856 -0.0660413603 0.199115044
v 0.412905126 -0.0325872586 0.150761514
v 0.713933101 0.171130625 -0.117708808
v 0.710295 0.153118897 -0.140671396
v 0.705353891 0.168771377 -0.121772774
v 0.667655076 -0.182732978 -0.102689735
v 0.692326315 -0.172479388 -0.118015098
v 0.665990514 -0.165076317 -0.129294317
v 0.406264828 0.0656568269 -0.166584842
v 0.406023837 0.0707126054 -0.143150037
v 0.410023133 0.0431549808 -0.147184207
v 0.0349426775 -0.403167074 -0.187017889
v 0.0264018506 -0.403183091 -0.219029328
v 0.0602772428 -0.400154935 -0.196581119
v 0.587932484 -0.208608246 0.0143504973
v 0.575699546 -0.208506329 -0.0197832778
v 0.601983233 -0.208479187 -0.0199248277
v 0.372649467 0.183953525 -0.00195305224
v 0.366091832 0.198134726 -0.0229498391
v 0.377502448 0.172577781 -0.0247959746
v -0.0060705144 -0.403156311 -0.39274714
v 0.307340608 -0.275129468 -0.0629688042
v 0.310744845 -0.270345885 -0.0923711399
v 0.321433077 -0.260626179 -0.0766595482
v 0.320841853 -0.262239634 -0.0480139938
v 0.336699251 -0.233131322 0.184687359
v 0.343404301 -0.222199412 0.217074933
v -0.206399484 -0.349892172 -0.601073293
v -0.204132733 -0.350055042 -0.610409846
v -0.229783825 -0.334191415 -0.61292503
v 0.175272894 -0.365174376 -0.00453002368
v 0.144212366 -0.377802181 0.0186943527
v 0.135662756 -0.381256784 -0.0102506769
v 0.400579723 0.0651417388 -0.577792843
v 0.403671185 0.0443487219 -0.552709724
v 0.397405316 0.083831124 -0.555512171
v -0.0690731818 -0.397733613 -0.600039678
v -0.0970333372 -0.389797149 -0.595832232
v -0.116778522 -0.388322782 -0.603824395
v -0.11282802 -0.387397524 -0.395504163
v -0.115616647 -0.387349493 -0.431182011
v -0.0900660972 -0.393383479 -0.417597637
v -0.0727924138 -0.392650787 -0.576518194
v -0.0182770928 -0.402382003 -0.595302976
v 0.0168816884 -0.401590309 -0.592320186
v 0.135304506 -0.381991072 -0.295558728
v 0.144359304 -0.378878642 -0.310639072
v 0.305902401 0.268073066 -0.503017658
v -0.30822555 -0.264309111 -0.508697763
v -0.27928732 -0.294875779 -0.50521698
v -0.298351739 -0.275890012 -0.48718324
v 0.170375433 -0.368417926 -0.611769179
v -0.215482216 -0.344808783 -0.579862227
v -0.225460078 -0.33834234 -0.599641509
v -0.264081088 -0.302895114 -0.592250735
v 0.22905935 -0.335303586 -0.549228266
v 0.119022317 -0.389106724 -0.552130505
v 0.165796501 -0.370968835 -0.452064945
v 0.406817483 0.0698364358 -0.121737006
v 0.410266533 0.0520164121 -0.111067015
v 0.40392299 -0.0559262689 -0.31753786
v 0.402599484 -0.0590030222 -0.339390127
v 0.407016918 -0.024539879 -0.325746651
v -0.102469837 -0.393211844 -0.595710477
v -0.131524526 -0.384693184 -0.591990938
v -0.102296019 -0.393725548 -0.567338789
v 0.373318969 0.160099044 -0.594677891
v 0.382239967 0.141847601 -0.301035282
v 0.375846624 0.15691512 -0.321512859
v 0.368814592 0.174045154 -0.305013248
v -0.545707161 -0.186216098 -0.0962758922
v 0.404579733 0.034369542 -0.464285822
v 0.405777904 0.010841314 -0.451215687
v 0.405596807 0.00961819958 -0.48355233
v -0.142312924 -0.378876609 -0.443688515
v 0.325747313 -0.25127891 -0.147213257
v 0.314748656 -0.262380476 -0.151771425
v 0.315516804 -0.263325729 -0.124598527
v 0.373925339 -0.183224929 -0.0622271812
v 0.372687878 -0.185478179 -0.0948473047
v 0.381165596 -0.16644862 -0.0880964411
v 0.403530906 -0.0957499462 -0.117530405
v 0.404538841 -0.0854909081 -0.137375279
v 0.408029739 -0.0710676763 -0.124729511
v -0.190905368 -0.359320815 -0.577108571
v -0.201489931 -0.35146688 -0.233149439
v -0.199481063 -0.352431112 -0.261131825
v -0.217991599 -0.342065908 -0.251461845
v -0.28802577 -0.285296172 -0.611613532
v 0.400177367 0.0673569222 -0.529039172
v 0.406632567 -0.00135331385 -0.377297026
v 0.405532653 -0.0312394245 -0.356857676
v 0.617010505 -0.205114511 0.0416278776
v 0.583095009 -0.198842296 0.0625056661
v 0.609539125 -0.194565703 0.0758506384
v -0.210448489 -0.34799996 -0.553609085
v -0.229975834 -0.335101201 -0.539356513
v -0.221660125 -0.340775125 0.0512925118
v -0.233293548 -0.333718367 0.0174940814
v -0.204332253 -0.351027634 0.0324591285
v -0.392731922 -0.13725371 -0.00897250292
v -0.258429881 -0.312994641 -0.451733011
v -0.254199733 -0.316696754 -0.485395484
v -0.197407735 -0.353763053 -0.304559587
v -0.222880676 -0.339423773 -0.31623455
v -0.281396093 -0.292960152 -0.472140276
v -0.24906349 -0.320473312 -0.42143754
v -0.30717451 -0.264492268 -0.60225686
v -0.295674483 -0.279132386 -0.366387568
v -0.279039194 -0.295480489 -0.380476664
v -0.34978772 -0.205920936 -0.527028973
v -0.328226888 -0.23918132 -0.527198547
v -0.339927884 -0.221587949 -0.55138423
v -0.355163118 -0.19620383 -0.553378253
v -0.0609369219 -0.398087853 -0.395946093
v -0.24631721 -0.323444899 -0.517784734
v -0.362945412 -0.181889077 -0.489472483
v -0.346753796 -0.211679813 -0.440141322
v -0.346390283 -0.212508627 -0.462257513
v -0.294408756 -0.280177323 -0.39779124
v 0.282134386 0.293697584 -0.604608247
v 0.321708128 0.250079836 -0.594713856
v 0.300621679 0.274450695 -0.593381124
v -0.266075746 -0.306754919 -0.400276183
v -0.21020296 -0.347853649 -0.52108179
v -0.288555314 0.277676714 -0.608625272
v -0.239903634 0.322147953 -0.614059501
v -0.271260633 0.297770344 -0.625748736
v -0.337710553 -0.225458223 -0.47293752
v -0.336314214 -0.227628588 -0.500112699
v -0.342664595 -0.218965148 -0.413751565
v -0.337922518 -0.223481616 -0.592741734
v -0.333167453 -0.232332447 -0.572089476
v -0.294513693 -0.279888722 -0.450612274
v -0.276529944 -0.297222421 -0.450864752
v -0.327967435 -0.225958376 -0.542257301
v -0.343288131 -0.200710486 -0.562735774
v -0.340130359 -0.202368018 -0.536656549
v -0.232597281 -0.332707125 -0.367886193
v 0.0302857058 -0.402324878 -0.33832432
v 0.371015906 0.187318526 -0.0540622397
v -0.0249366783 0.402586324 -0.547551296
v -0.0617312392 0.399199143 -0.54664704
v -0.0558195059 0.400725383 -0.562365579
v -0.150379954 -0.376051784 0.0248825547
v -0.0319231414 -0.401637481 -0.397138079
v -0.0310745428 -0.401272486 -0.377208684
v -0.1259323 -0.380050347 -0.586732573
v -0.177675408 -0.364824905 -0.499966937
v -0.156117053 -0.37430662 -0.47635649
v -0.139307691 -0.381291174 -0.510763691
v -0.328590786 0.207066716 -0.542405263
v -0.35653524 0.149763923 -0.534676663
v -0.319023018 0.217767907 -0.523987947
v -0.197648559 -0.353340622 -0.205777866
v -0.158679033 -0.371637187 -0.218808183
v -0.0868346765 -0.396553722 -0.600869033
v -0.148859674 -0.377378316 -0.602734481
v -0.0933272514 -0.39196285 -0.370913271
v -0.0944201744 -0.39129009 -0.346809801
v -0.125148835 -0.383634855 -0.363784586
v -0.0833544267 -0.39480859 -0.203045076
v -0.0476697845 -0.400298502 -0.213783489
v -0.0599110096 -0.399018413 -0.197364974
v -0.154449834 -0.373658477 -0.346106917
v 0.283920947 -0.290246625 -0.282150079
v 0.283520254 -0.29049278 -0.244083683
v 0.302924586 -0.270569392 -0.255151448
v -0.18327593 -0.361770147 -0.474515552
v -0.0983883668 -0.393498002 -0.499058225
v -0.109829288 -0.391217168 -0.52931514
v -0.0920414583 -0.395405115 -0.517989301
v -0.172934172 -0.366561012 -0.450582921
v -0.0238286816 -0.401539558 -0.295476135
v -0.0591958111 -0.398292089 -0.272643658
v -0.0247804596 -0.401795496 -0.259904079
v -0.371864528 0.121909429 -0.447315681
v 0.196127378 -0.361463372 -0.502251412
v -0.0616045304 -0.399851466 -0.458876445
v -0.0715662805 -0.398837021 -0.484537323
v -0.0848178922 -0.395988299 -0.469041746
v -0.0399829602 -0.403614089 -0.48478181
v -0.0744142917 -0.399324936 -0.521920553
v -0.0293282345 -0.405611687 -0.53813089
v 0.0480905741 -0.399373744 -0.594844888
v 0.0661307447 -0.397379704 -0.597538036
v 0.0417690171 -0.401843525 -0.599675341
v -0.138614377 -0.379562815 -0.379166904
v 0.0211851548 -0.406103712 -0.599138715
v -0.104996274 -0.390201167 -0.115612457
v -0.0809962507 -0.395686538 -0.139101864
v -0.317403067 0.215436851 -0.420445441
v 0.189990293 -0.358542782 -0.613286902
v -0.286775674 -0.289580378 -0.200241917
v -0.257245768 -0.314932543 -0.212367044
v -0.281201045 -0.294198432 -0.228114076
v -0.116762661 -0.387729844 -0.466918775
v 0.330561931 -0.238650811 -0.217461753
v 0.346088463 -0.21888615 -0.20719366
v 0.33097793 -0.240524758 -0.191775062
v 0.011313515 -0.404691886 -0.101362186
v 0.0406827984 -0.402897836 -0.101043319
v 0.026187043 -0.404139999 -0.120966874
v 0.00576771043 -0.402942272 -0.363967251
v 0.356436927 0.196140238 -0.361386781
v -0.0356639804 -0.402304521 -0.191537698
v -0.0160224638 -0.403201445 -0.210977315
v -0.373481186 -0.158555157 -0.547579268
v 0.128844391 0.380143244 -0.607128167
v 0.0611931957 0.397093002 -0.609929787
v 0.0675034021 0.392766909 -0.583842382
v 0.334143492 0.232674187 -0.455468364
v 0.354627137 0.199577921 -0.443440824
v -0.000822738544 -0.404888151 -0.130041048
v 0.0245478479 -0.404328009 -0.135129343
v -0.0873296064 0.388827228 -0.588238993
v -0.126499021 0.37714023 -0.579663457
v -0.0964016832 0.384636388 -0.570367517
v 0.103113084 -0.392391019 -0.379204229
v 0.127621095 -0.385123443 -0.368688285
v 0.120533685 -0.38764015 -0.407500964
v 0.0435413173 -0.402168709 -0.365991752
v -0.120186482 -0.385756643 0.113354859
v -0.154428665 -0.374280615 0.101813186
v -0.123022069 -0.384661812 -0.138472413
v -0.00708851462 -0.407374195 0.586720897
v -0.266839247 -0.308328901 -0.120114479
v -0.284921364 -0.293265663 -0.111478263
v -0.27495594 -0.300915176 -0.144928773
v -0.26523743 -0.307248688 0.536976402
v -0.28042833 -0.293760206 0.523607423
v 0.0717703145 -0.398091955 -0.28683687
v 0.0470204956 -0.400864164 -0.274258586
v 0.0649673351 -0.399090729 -0.25708255
v 0.0378863965 -0.401843575 -0.250589852
v 0.0555208495 -0.400680727 -0.075549869
v 0.02022301 -0.403883101 -0.074029048
v -0.297475197 -0.282931395 -0.0882523895
v -0.15875581 -0.372540403 -0.0866478643
v -0.0822959606 -0.39418222 -0.260928734
v -0.101920335 -0.389737804 -0.282103966
v -0.104910876 -0.389397503 -0.252057587
v -0.131462939 -0.381511079 -0.265679734
v 0.0199654259 -0.404607389 -0.158106429
v -0.00118119786 -0.404860441 -0.15813617
v -0.206609906 -0.348866588 -0.164305077
v -0.230705306 -0.334090769 -0.169485882
v -0.217534237 -0.342134634 -0.186952718
v -0.0480792426 -0.40103496 -0.0513535716
v -0.0154176609 -0.403789278 -0.0513366712
v -0.0442210132 -0.401373357 -0.0271653287
v -0.0805360722 -0.395703765 -0.0376237873
v -0.107549127 -0.389571847 -0.0575507807
v -0.137292731 -0.379638065 -0.190631426
v -0.103925629 -0.390251705 -0.167529629
v -0.242868957 -0.325554198 -0.187146573
v -0.240459012 -0.327276776 -0.26372493
v -0.260476995 -0.312214681 -0.244812821
v -0.235242916 -0.330694892 -0.236445133
v -0.226923261 -0.336332689 -0.210840277
v -0.3552693 -0.191315482 -0.608600019
v -0.165967835 -0.368727201 -0.252720305
v -0.176565763 -0.364882649 -0.0720159552
v -0.191070074 -0.357702863 -0.096552483
v -0.193925431 -0.355330336 -0.184323638
v -0.12303853 -0.385410449 -0.0259014383
v -0.160408916 -0.372003611 -0.029107029
v -0.154400315 -0.374402622 -0.00446392937
v -0.0317358535 -0.402402362 0.00338273142
v -0.377422988 -0.147150384 -0.612453446
v -0.386489633 -0.112691259 -0.618034637
v -0.385472524 -0.122005771 -0.616652403
v -0.134573867 -0.380811881 -0.286954996
v -0.337780064 -0.237639654 -0.143811829
v -0.33058683 -0.248344957 -0.118946404
v -0.303607486 -0.272190881 -0.216651146
v -0.0901207794 -0.393472065 0.228483132
v -0.0467256377 -0.40059566 0.242529016
v -0.0550932155 -0.399277786 0.210928275
v -0.227976571 -0.335772434 -0.14555145
v -0.228574519 -0.336257448 -0.110356326
v -0.352851272 -0.217400211 -0.148087096
v -0.353183264 -0.217967874 -0.129587283
v -0.299814342 -0.278991741 -0.137323771
v -0.305124412 -0.274469965 -0.114064513
v -0.320506063 -0.258190895 -0.136611253
v -0.35204982 -0.222637427 -0.0235698871
v -0.362331228 -0.205267614 -0.0338274019
v -0.36306658 -0.204767146 -0.014354332
v -0.546375043 -0.208820112 -0.0232222178
v -0.547151071 -0.207166846 -0.0427714635
v -0.265862222 -0.307751361 -0.585214203
v -0.227200226 -0.336272089 -0.290115524
v -0.347816113 -0.217172876 0.196770874
v -0.260078217 -0.313628734 0.103912073
v -0.276195392 -0.300624913 0.0889714676
v -0.258346265 -0.31543737 0.0750069419
v -0.213652967 -0.345490997 -0.0865847024
v 0.0268935483 -0.405127497 -0.468447761
v 0.0414187195 -0.40372422 -0.45445593
v 0.0228319458 -0.404761612 -0.44533677
v -0.333095165 -0.247383937 -0.0897652446
v -0.339291445 -0.24122152 0.0172319515
v -0.358584605 -0.212320485 0.0378759529
v -0.349880457 -0.226754037 0.0167528824
v -0.343717709 -0.216486753 0.422583725
v -0.319549553 -0.250582458 0.416346747
v -0.207085885 -0.349462236 0.00632847641
v -0.193345296 -0.356886758 0.0628313412
v -0.17385684 -0.366345828 0.0435790752
v -0.336761911 -0.206332954 -0.522864639
v -0.350811903 -0.178226217 -0.534218123
v -0.341270353 -0.238761171 -0.0728395474
v -0.38642301 -0.153197508 0.0890523787
v -0.363892747 -0.201970053 0.0799569507
v -0.380207794 -0.169064362 0.0559124937
v -0.332147117 -0.249795696 -0.0553552816
v -0.337183691 -0.244476448 -0.0197477105
v -0.34420385 -0.234677877 -0.0490206144
v -0.345749637 -0.232951753 -0.000553358884
v -0.350215649 -0.225484092 -0.0752991912
v -0.392808794 -0.132021477 -0.0331974921
v -0.362703942 -0.188601025 -0.243134163
v -0.385293286 -0.135502838 -0.31762566
v -0.353481267 -0.20337467 -0.286366364
v -0.295771234 -0.27962013 -0.270220891
v -0.353860692 -0.201610136 0.271669734
v -0.355794449 -0.196564836 0.296045138
v -0.365841615 -0.178869048 0.279636245
v -0.25076636 -0.320254412 -0.160025997
v -0.250931506 -0.32021586 -0.132537923
v -0.273844775 -0.303727526 0.0394725802
v -0.287132368 -0.293015062 0.0153323151
v -0.293305708 -0.286940458 0.0459773933
v 0.0301871038 -0.402579176 0.297797115
v -0.355970107 -0.217244428 -0.0517580174
v -0.360984537 -0.20695213 -0.07513536
v -0.231434087 -0.334513351 -0.0724670888
v -0.332594409 -0.238025374 0.19865786
v -0.268673672 -0.307900474 -0.0367918187
v -0.276196323 -0.302212617 -0.0114952126
v -0.136114021 -0.37984244 -0.242983173
v -0.269809067 -0.305003342 -0.177913239
v -0.29561823 -0.281712474 -0.168462976
v -0.280881266 -0.294436497 -0.251034733
v -0.252535567 -0.320291177 -0.0116784773
v -0.173162979 -0.365528765 -0.165536284
v -0.146958313 -0.37724698 -0.056580646
v -0.306863773 -0.275676853 -0.0369036659
v -0.295228159 -0.286095833 -0.012458251
v -0.321409571 -0.261558158 -0.0309138155
v -0.279358415 -0.29850627 -0.0835543124
v -0.262205539 -0.312812884 -0.0641143165
v -0.392968735 -0.130521677 -0.113052319
v -0.399635584 -0.111572315 -0.104446125
v -0.393487384 -0.132525847 -0.0895723285
v -0.16405672 -0.370541811 0.0723867621
v -0.365099448 -0.199946387 -0.0511680403
v -0.371776124 -0.186514862 -0.0317469115
v -0.199971156 -0.353440897 -0.0698858297
v -0.32508029 -0.258132075 0.0022149543
v -0.177153006 -0.364637296 0.116151208
v -0.141147768 -0.378833893 0.215068447
v -0.156972112 -0.372863096 0.236032978
v -0.124568205 -0.384237989 0.241270334
v -0.1259154 -0.384125497 0.0770605799
v -0.236188586 -0.191324257 0.681603784
v -0.257359302 -0.178751884 0.682032737
v -0.0633669149 -0.398220155 0.145162788
v -0.0158323006 -0.402801232 0.12996757
v -0.0482482598 -0.400215673 0.12027414
v -0.244548524 -0.324463139 0.295953073
v -0.251626536 -0.31903879 0.274910989
v -0.231299422 -0.333494385 0.277166159
v 0.0524625945 -0.401973715 0.487348109
v -0.592835264 0.168754817 0.123985473
v -0.551790603 0.172195539 0.119294664
v -0.564701274 0.15213449 0.143559351
v -0.108738034 -0.388929229 0.146064964
v -0.137157974 -0.380212256 0.165593626
v -0.235717542 -0.331704665 0.069360009
v -0.250564105 -0.321359571 0.045539824
v -0.313887282 -0.258621589 0.282898478
v -0.328496131 -0.23994325 0.269775721
v -0.321750922 -0.256632177 0.118875364
v -0.334047114 -0.243404976 0.11065137
v -0.336903797 -0.238407431 0.13577125
v -0.00782645772 -0.40344802 0.341708014
v 0.0383304661 -0.40198977 0.345344657
v 0.0225149563 -0.40308839 0.321267739
v 0.0330833053 -0.401849029 0.126111825
v 0.038308003 -0.401582399 0.15833445
v 0.0649066564 -0.398423405 0.139941318
v 0.0411832342 -0.402265649 -0.0477668744
v -0.0666168731 -0.397611621 0.0699647044
v -0.0572968543 -0.399012815 0.0984580195
v -0.0226745092 -0.402515614 0.0758949358
v 0.0680040557 -0.398228051 0.254270343
v -0.153199417 -0.374353708 0.19038017
v -0.146436214 -0.377424773 0.0531987166
v 0.203839704 -0.35012742 0.106610825
v 0.229766845 -0.334910392 0.119721562
v 0.207965565 -0.347963889 0.138517769
v -0.360295249 0.190543213 0.59918864
v -0.344572173 0.217309203 0.594856987
v -0.273356563 0.162211122 0.681667103
v -0.216664774 0.123739961 0.680537692
v -0.149848387 0.129168156 0.680872427
v -0.218625059 0.165352027 0.681059392
v -0.0330785817 -0.401996135 0.31060273
v -6.6536368e-05 -0.40367941 0.305370997
v -0.0213812635 -0.402787766 0.284968936
v -0.273900129 0.267066495 -0.460155387
v -0.241275979 0.298739058 -0.48495508
v -0.325041364 0.204963321 -0.491614362
v -0.0895261362 -0.39327651 0.197500345
v -0.0560872104 -0.399441494 0.17897077
v -0.0289855034 -0.401898634 0.10394684
v 0.00517641063 -0.403182154 0.0977064915
v 0.0692752666 -0.39819869 -0.0205506584
v 0.0880066953 -0.394564285 0.000139655737
v 0.065542954 -0.398575475 0.00457303899
v -0.0206044929 -0.402695535 0.192627293
v -0.0232151946 -0.402221912 0.161470388
v 0.0142987382 -0.403144829 0.180696603
v 0.0107129096 -0.403255942 0.14909801
v 0.0361230945 -0.401670486 0.0743502301
v -0.0920694506 -0.392689315 0.258354764
v -0.0569639907 -0.399562802 0.278965156
v -0.0976885853 -0.39168137 0.289362102
v -0.169243029 -0.369110806 0.557306489
v -0.172986799 -0.367126494 0.531743266
v -0.192233936 -0.357545189 0.551869116
v 0.0527933224 -0.401462246 -0.134681807
v 0.357008736 -0.216565118 -0.0850825203
v 0.345630811 -0.233055054 -0.0762452045
v 0.353271794 -0.223286059 -0.0618986719
v -0.0235117153 -0.23842334 0.680999608
v -0.081677055 -0.220746049 0.680655319
v -0.0369967357 -0.121950238 0.680846706
v -0.264353874 -0.308176647 0.563072101
v -0.235495124 -0.330501556 0.564784422
v -0.251576813 -0.319809767 0.585586096
v -0.249589679 0.310698232 -0.587879236
v -0.386801566 -0.153470507 0.004145767
v -0.371810855 -0.18657367 0.00271715334
v -0.112948214 -0.387533371 0.215212426
v -0.0666027204 0.399635408 0.571424766
v -0.0452292693 0.403774888 0.582045506
v -0.0372598043 0.403506479 0.571789263
v -0.0570968379 -0.40182519 0.506123739
v -0.0478677802 -0.403196858 0.539558169
v -0.0315309897 -0.404623002 0.52159895
v -0.0107165209 -0.293216162 0.680553127
v -0.0250758142 -0.275025779 0.68044434
v -0.00677034771 -0.271646258 0.680746067
v 0.0208612314 -0.403240887 0.368072922
v 0.119747263 -0.387628678 0.569167106
v 0.122536644 -0.386853552 0.546071162
v 0.100261375 -0.393116125 0.556937403
v 0.0684954578 -0.398019798 0.354591092
v -0.14022657 -0.381150485 0.544916487
v -0.122705259 -0.38682557 0.508178787
v 0.154292455 -0.376727678 0.591147782
v 0.184942477 -0.36280913 0.584716609
v 0.0566224522 -0.402096788 0.567495925
v 0.087145324 -0.396510431 0.575658442
v -0.0279178982 -0.402556357 0.358702561
v -0.0460828647 -0.400946501 0.375354905
v -0.00726575285 -0.40383569 0.374317369
v -0.12690136 -0.386776329 0.579948269
v -0.214439206 -0.344698573 0.433960577
v -0.192127864 -0.357037364 0.403566145
v 0.382624067 -0.164742373 0.0100768469
v 0.390677347 -0.143254163 0.00274923644
v 0.386427054 -0.154934934 -0.0231635033
v -0.00744811778 -0.405861147 0.518478466
v -0.189418837 -0.358241184 0.371314646
v -0.183603245 -0.36101106 0.244649275
v -0.171590718 -0.366775668 0.216695621
v -0.710060563 0.0844286223 0.188799319
v -0.344431638 -0.215774684 0.310790833
v -0.328520089 -0.239025435 0.297160419
v -0.327196207 -0.2410307 0.329347373
v -0.366164442 -0.186758445 0.206617051
v -0.386427849 -0.141884479 0.203822338
v -0.381897679 -0.15707939 0.170326128
v -0.15541514 -0.374533955 0.4429382
v -0.14608479 -0.378821735 0.468255127
v -0.171951052 -0.367867276 0.466371418
v -0.217405366 -0.342881505 0.546088567
v -0.21166143 -0.346493133 0.566181915
v 0.235166922 -0.329997535 -0.605940905
v 0.24391138 -0.320728365 -0.609329971
v 0.224271484 -0.335615137 -0.609644964
v -0.298478678 -0.282015008 0.0700458827
v -0.309973396 -0.271596539 0.059591282
v -0.287467086 -0.28957576 0.136732927
v -0.298320729 -0.278330989 0.16065992
v -0.0350901827 -0.403611136 0.478090063
v -0.0575756704 -0.401012662 0.453062228
v -0.067673947 -0.39967012 0.478861169
v -0.160033303 -0.375081377 0.59179383
v -0.148957223 -0.279724523 0.682168117
v -0.0871151736 -0.395664177 0.464065303
v -0.0313887361 -0.404528567 0.502394634
v -0.00139524844 -0.405144885 0.468217645
v -0.0471084796 -0.401377529 0.42594788
v -0.0204575329 -0.403433784 0.404894908
v -0.0631708804 -0.399265617 0.399967423
v -0.230820412 -0.333923763 0.230075435
v -0.212078191 -0.345980842 0.257547552
v -0.240780295 -0.327145104 0.255165587
v -0.0494294274 -0.267360875 0.680494191
v -0.181132449 -0.16151223 0.680977848
v -0.217784545 -0.0587799215 0.680732233
v -0.283358513 -0.291198555 0.459200656
v -0.384291764 -0.129900901 0.569858352
v -0.370949594 -0.164575406 0.578120659
v -0.381295778 -0.141327826 0.59547372
v 0.210949511 -0.347735665 0.580302617
v -0.550751163 -0.142984228 -0.153122073
v -0.54632505 -0.171133202 -0.121273938
v -0.546905121 -0.155960214 -0.141460944
v -0.616098583 -0.177967055 0.107998785
v -0.611088329 -0.191874295 0.0801246046
v -0.639644645 -0.185065891 0.0950468578
v -0.315059197 -0.256653027 0.38516821
v -0.298640156 -0.275546041 0.408745207
v -0.290520355 -0.283938261 0.380903382
v -0.1854813 -0.359991655 0.325438495
v -0.148877894 -0.375991276 0.329879745
v -0.169628421 -0.367477816 0.352866274
v -0.666606999 -0.175017749 0.111964989
v -0.670013158 -0.193346823 0.0764451412
v -0.281249881 -0.293049645 0.427539054
v -0.332821517 -0.232795121 0.361224866
v -0.311467286 -0.260860267 0.358049113
v -0.179842757 -0.36431872 0.497031237
v -0.21466302 -0.344745263 0.492076656
v -0.197863213 -0.35437 0.464927447
v -0.34249874 -0.219282925 0.28330035
v -0.150325318 -0.377360893 0.509763879
v -0.546630278 0.149183164 0.147581781
v -0.401019779 0.100613667 0.117292841
v -0.28899828 -0.285633741 0.35121171
v -0.269876989 -0.303678646 0.342160581
v -0.264087818 -0.308511262 0.367745898
v -0.15722116 -0.374764469 0.572764898
v -0.190346452 -0.359129722 0.578694371
v -0.13817946 -0.380345791 0.39770317
v -0.165467017 -0.369686487 0.383047623
v -0.148021108 -0.376504283 0.370617975
v -0.186606905 -0.359665148 0.191892142
v -0.200386541 -0.352656026 0.167242423
v -0.212612915 -0.34563525 0.188239797
v -0.294361014 -0.279537155 0.53830931
v -0.546594666 0.155057469 0.140446082
v -0.305681574 -0.267781889 0.335185094
v -0.399522159 -0.0882324136 0.274858878
v -0.408206292 0.00637439172 0.303104241
v -0.107202362 -0.301436882 0.681836927
v -0.346397492 -0.211498012 0.512885655
v -0.335435115 -0.228364139 0.536799505
v -0.350727209 -0.204077089 0.540665821
v -0.35958328 -0.187608405 0.559397105
v -0.371397303 -0.163178116 0.550318995
v -0.363440453 -0.1800283 0.530404862
v -0.409304333 -0.0135671019 0.289129438
v -0.408991864 0.019939654 0.279865301
v -0.275530273 -0.299000951 0.584796062
v -0.224635989 -0.339074504 0.584416117
v -0.226108513 -0.337247495 0.159022951
v -0.239041364 -0.328454623 0.182422574
v -0.0946525553 -0.292421379 0.680704996
v -0.0929614438 -0.396840345 0.586448799
v -0.0849136344 -0.309055642 0.681792479
v -0.224501344 -0.338415381 0.205260783
v -0.203031658 -0.351034788 0.218445703
v -0.262827004 -0.309627066 0.317465885
v -0.289753045 -0.284747582 0.325441449
v -0.256798521 -0.315040902 0.233252694
v -0.101967517 -0.391298028 0.398927666
v -0.117396453 -0.387276734 0.42547952
v -0.141728813 -0.379575882 0.425795574
v -0.0858115845 -0.395209248 0.429625078
v -0.0185849778 -0.405719975 0.562583532
v 0.0120678942 -0.405882065 0.546130841
v -0.0197878145 -0.405554674 0.536928474
v -0.244503911 -0.324236216 0.540782158
v 0.0218976599 -0.296808 0.680793097
v 0.00224624532 -0.315730343 0.681845802
v 0.0552581793 -0.283383404 0.680754544
v 0.00285224772 -0.222669627 0.680974439
v 0.0142675775 -0.261910482 0.680574019
v 0.0324649875 -0.240819861 0.681089642
v -0.280296344 -0.294458194 0.403892271
v -0.262668852 -0.309876623 0.415254865
v -0.269528757 -0.303994514 0.391547615
v -0.118890391 -0.385991152 0.346656753
v -0.0403645117 -0.293342571 0.680889072
v -0.115908183 -0.388782114 0.474550448
v -0.139034366 -0.381528053 0.490831077
v -0.129878003 -0.383966932 0.447571498
v 0.0962339673 -0.392888348 0.412256999
v 0.0870843563 -0.394456549 0.380113021
v -0.401168985 -0.0708943912 0.320959323
v -0.398687106 -0.0768125239 0.354168422
v -0.39622467 -0.0918869789 0.333840852
v 0.193527797 -0.355714977 0.25483529
v 0.142964866 -0.378021474 0.265837386
v 0.152034428 -0.374452879 0.229556741
v -0.239933135 -0.101238054 0.680345268
v -0.275763807 -0.08034116 0.680722154
v -0.25504765 -0.0705821979 0.681140026
v -0.216807476 -0.200402261 0.681200731
v -0.210944844 -0.184390641 0.680729192
v -0.231251977 -0.170093556 0.680826571
v -0.667591775 0.0955158073 0.185406234
v -0.691186599 0.0950292288 0.184778898
v -0.242913073 -0.325253747 0.345270499
v -0.247772009 -0.322142807 0.207941515
v -0.156136703 -0.215199294 0.680528869
v -0.179092932 -0.218035429 0.68090055
v -0.175002827 -0.199446423 0.680606668
v -0.257608472 -0.31449538 0.446815396
v -0.236678998 -0.330014971 0.471136768
v -0.234222862 -0.331767338 0.448126351
v -0.234531962 -0.149163174 0.680606741
v -0.258957803 -0.153441906 0.681098426
v -0.143580737 -0.37787834 0.352774492
v -0.410338234 0.0410612747 0.169921653
v -0.413510688 0.0273027763 0.159060701
v -0.410570195 0.0540802694 0.153118647
v -0.194768581 -0.35527953 0.348074129
v -0.393899962 -0.109207653 0.287040623
v -0.38398861 -0.139752323 0.2681482
v -0.625466339 0.154953371 0.14108764
v -0.648670753 0.152488378 0.143153928
v -0.265679627 -0.307442762 0.25807603
v -0.308518671 -0.264444427 0.308140763
v -0.271285059 -0.302343407 0.285254769
v -0.383428319 -0.146588915 0.238970956
v -0.392474387 -0.121916996 0.226545036
v -0.667082888 -0.107759946 0.17715304
v -0.687289694 -0.130669545 0.1602226
v -0.68180499 -0.0878969317 0.186904506
v -0.184398772 -0.361567844 0.437782124
v -0.413327198 0.0115781282 0.152546146
v -0.412954632 0.0380263983 0.148622915
v -0.414589966 0.0145637151 0.155710042
v -0.296598536 -0.277675508 0.282820076
v -0.158129092 -0.373846936 0.486667027
v -0.211359681 -0.346139399 0.298293422
v -0.72801903 0.205250745 0.0389335135
v -0.241993604 -0.3266986 0.129247093
v -0.263280053 -0.311991949 0.0151523573
v -0.267994041 -0.306692715 0.12571562
v -0.283041929 -0.294208968 0.109523276
v -0.32760759 -0.241451567 0.244172352
v -0.328250865 -0.241455565 0.220878198
v -0.341138182 -0.223606762 0.237890936
v -0.286774157 -0.28819923 0.303489666
v -0.315900114 -0.257460635 0.201806275
v -0.280335607 -0.297619678 0.066791305
v -0.314945383 -0.267594617 0.0420189022
v -0.407211399 -0.080305376 0.138717201
v -0.401430068 -0.104005471 0.122713302
v -0.404305877 -0.0894642424 0.117475372
v -0.360550885 -0.206060734 -0.130423282
v -0.35603481 -0.216738357 0.00367942421
v -0.265853625 -0.309670374 0.0564320903
v -0.546361675 -0.143546077 0.151031729
v -0.546455486 -0.120201222 0.170083762
v -0.552046364 -0.142821678 0.150976279
v -0.31745031 -0.257551882 0.175668983
v -0.235629277 -0.330284654 0.318486993
v -0.213649882 -0.344770717 0.331908499
v -0.167955362 -0.368352874 0.299406662
v -0.139361655 -0.379500538 0.307719597
v -0.14343062 -0.377967873 0.289371584
v -0.157817697 -0.372557641 0.266445602
v -0.328419062 -0.254555982 0.0315469785
v -0.338066279 -0.242223757 0.050952171
v -0.310951091 -0.266078702 0.14270663
v -0.302775491 -0.275989663 0.114043279
v -0.346143926 -0.216909855 0.218449712
v -0.692365242 -0.0632938177 0.196760136
v -0.699608423 -0.0746562949 0.192056466
v -0.54630759 0.00284926303 0.208409173
v -0.554263594 0.00983456142 0.207861667
v -0.547382247 -0.022078703 0.206714883
v -0.387619552 -0.127021733 0.295286615
v -0.377791874 -0.152405772 0.289955375
v -0.399693007 -0.107814808 0.158148219
v -0.573868495 -0.205142804 0.0340718047
v -0.60287776 -0.204425492 0.0388130886
v -0.580909873 -0.195139581 0.0719263396
v -0.36645172 -0.188525456 0.184013552
v -0.680682159 -0.06258457 0.197191077
v -0.685166727 -0.0320485113 0.203939223
v -0.71282227 0.19184192 -0.0845482096
v -0.666552386 0.176674185 -0.115446954
v -0.704833599 0.201493303 -0.0600429604
v -0.237819914 -0.12895955 0.680711805
v -0.323203588 -0.257511566 0.0869203644
v -0.323480075 -0.2583667 0.0539100534
v -0.347031628 -0.227719305 0.101322006
v -0.364105296 -0.198334734 0.123755786
v -0.271273621 -0.054438997 0.680442787
v -0.405873579 0.0823235401 0.140067002
v -0.401104309 0.104346232 0.134243952
v -0.401664662 0.0981001374 0.146686506
v -0.63391337 -0.0606249986 0.1985715
v -0.635722293 -0.10651918 0.178366677
v -0.610857329 -0.0869994687 0.188916267
v -0.599249613 -0.122100729 0.167684483
v -0.604454165 -0.156361739 0.137047117
v -0.626300884 -0.136111689 0.156963224
v -0.704457287 -0.15359343 -0.141323028
v -0.713289121 -0.119525269 -0.170710622
v -0.711585935 -0.171706646 -0.118348021
v -0.724346 -0.167114596 -0.124103419
v -0.640549148 -0.160901751 0.131609798
v -0.669791918 -0.151718483 0.141484375
v -0.163962797 -0.370627114 0.414742204
v -0.393296035 0.121508242 0.232025779
v -0.400171915 0.0936404835 0.24686745
v -0.401211301 0.0928657894 0.220167569
v -0.546631596 0.135411617 0.158849304
v -0.570275983 0.122926004 0.168359181
v -0.64266372 0.139129025 0.156325204
v -0.628663074 0.112379981 0.175898652
v -0.61939957 0.131292386 0.162489224
v -0.616537524 0.184070872 0.101005966
v -0.606161123 0.0345385655 0.205149299
v -0.308231808 -0.271528293 0.0895923714
v -0.299860749 -0.2732706 0.567432458
v -0.324606094 -0.243588698 0.557021699
v -0.600271195 -0.0493547011 0.201672658
v -0.40289918 0.0987628406 0.127254516
v -0.39820296 0.115287947 0.127114501
v -0.0965668542 -0.391923649 0.0667406592
v -0.0898272233 -0.39349235 0.0917497622
v -0.624965465 -0.14776266 -0.148868976
v -0.646240331 -0.13010648 -0.164425604
v -0.637169828 -0.151083969 -0.145730847
v -0.388917014 -0.117813766 0.593040995
v -0.310250991 -0.0964185316 0.68308158
v -0.637396942 -0.00312295564 0.207923916
v -0.607146991 -0.00125528508 0.20795791
v -0.610954869 0.0740485094 0.194696443
v -0.585740707 0.0511866464 0.201871358
v -0.65427563 -0.129101553 0.162117703
v -0.581990754 0.0193098807 0.207079024
v -0.560161832 0.046549471 0.20304292
v -0.565292743 -0.0562302995 0.200261192
v -0.580137721 -0.0874587328 0.188671447
v -0.642634012 0.0840045122 0.190861812
v -0.654400822 0.0594132581 0.1992904
v -0.640814393 -0.20279335 0.0474497068
v -0.710980369 0.163303452 0.129779364
v -0.711553751 0.172970589 0.117004215
v -0.364810183 0.193422739 0.180644526
v -0.367649777 0.186350011 0.209333513
v -0.351932504 0.213080951 0.192932793
v -0.336891105 -0.226752188 0.39050346
v -0.412607298 0.0401045229 0.151847921
v -0.546462901 -0.0537110733 0.201527113
v -0.546634485 -0.0202933582 0.207468093
v -0.546933049 0.00285688474 0.20891311
v -0.292696584 -0.286292747 0.0897211024
v -0.0825813344 -0.394812319 0.118223389
v -0.581790481 0.204782601 0.0450157193
v -0.552254569 0.20544611 0.0439042076
v -0.573997463 0.19315968 0.0814384338
v -0.547640386 -0.0291871799 0.207937544
v -0.410952359 0.0113904071 0.219383389
v -0.409774229 0.0409843358 0.198916699
v -0.408332625 0.0464536313 0.233313796
v -0.410456933 0.019571583 0.250696012
v -0.407994551 0.0417123329 0.262396917
v -0.547521017 -0.0776641113 0.194892855
v -0.386353915 0.14570929 0.207108883
v -0.377871721 0.165116927 0.215096903
v -0.382493654 0.151682082 0.231545629
v -0.407176394 -0.0763948107 0.127785724
v -0.409584192 -0.0628183555 0.138490263
v -0.547861324 0.0647313438 0.199779498
v -0.547146987 0.0327842233 0.206069779
v -0.546789026 -0.209156871 0.0182229218
v -0.54765556 -0.20686337 0.0421557025
v -0.0436595539 0.402120561 0.567077596
v -0.0146805169 0.404402357 0.562809456
v -0.404589695 -0.0647937137 0.282619711
v -0.400417264 -0.0807134663 0.297803121
v -0.377734229 -0.147947819 0.555500699
v -0.625591398 -0.0310584664 0.205607978
v -0.324734398 0.249939477 0.162684326
v -0.347186732 0.221613572 0.158397412
v -0.405412406 -0.0465760652 0.3016866
v -0.40796933 -0.0386219467 0.267596842
v -0.302587591 -0.114258607 0.682837352
v -0.281620439 -0.133294149 0.681746829
v -0.371905124 -0.166239762 0.598530957
v -0.370717578 -0.167138745 0.311810514
v -0.410629867 0.00227859473 0.241715075
v -0.410915041 -0.0194690537 0.237054221
v -0.373448533 -0.168642848 0.23033644
v -0.360224252 -0.192060262 0.246473344
v -0.575356716 -0.0150994871 0.207604727
v -0.291793526 -0.0993584418 0.681336983
v -0.266724516 -0.109564177 0.681013256
v -0.269437776 0.302632414 0.542235515
v -0.40440654 -0.0690723315 0.261720413
v -0.350595592 -0.203969359 -0.574762579
v -0.4119766 -0.0497763868 0.151872094
v -0.407124992 -0.0750660834 0.160046426
v -0.347785731 -0.208787136 0.492245456
v -0.351588816 -0.202969464 0.471988399
v -0.4107127 -0.0505311717 0.170466651
v -0.411274938 -0.025438667 0.194190225
v -0.304768083 -0.0620142084 0.682027841
v -0.405936542 0.0836005767 0.128878655
v -0.409104714 0.0612669866 0.138880197
v -0.41040632 0.0605603741 0.144081487
v -0.359044422 -0.191810265 0.595312918
v -0.274447067 -0.162224478 0.682349717
v -0.354454641 -0.198174007 0.579224125
v -0.332075921 -0.233841522 0.481428391
v -0.34763631 -0.209679685 0.340472896
v -0.357615264 -0.192516425 0.320407406
v -0.349388046 -0.207134895 0.365071243
v -0.365563544 -0.176797958 0.345187412
v -0.113641451 0.387438802 0.530588656
v -0.10166762 0.391370601 0.564405178
v -0.13971127 0.379440269 0.563575104
v -0.238277785 -0.329139806 0.496542668
v -0.313100006 0.0854017808 0.682561598
v -0.292541491 -0.0294911014 0.68083633
v -0.264923778 -0.0255205166 0.681102817
v 0.0316323378 0.406132816 0.59718886
v -0.102170606 0.394884936 0.60117068
v -0.112631593 -0.387744582 0.317962794
v -0.343775016 0.217081808 0.567496992
v -0.340710987 0.220840074 0.500624885
v -0.358666244 0.190763705 0.569874941
v -0.358585615 -0.189771022 0.386391228
v -0.385999919 -0.127131274 0.35969581
v -0.184172505 -0.241080975 0.680969844
v -0.159784178 -0.24097537 0.680477461
v -0.123258738 0.213537337 0.68123329
v -0.16822984 0.224259951 0.681196545
v -0.204365308 0.215088751 0.681361316
v -0.277574223 0.0290146785 0.680979628
v -0.251066761 0.00494523179 0.680650755
v -0.252383001 0.0448074856 0.680697715
v -0.274090875 0.0614632598 0.680445618
v -0.372444858 0.162061771 0.528912992
v -0.37041366 0.167426522 0.575697563
v -0.394497174 -0.0953718875 0.582831287
v -0.393783318 -0.0976379395 0.551316719
v -0.67460286 0.0207072278 -0.20790587
v -0.697884514 -0.0291715732 -0.206313061
v -0.401237457 -0.0608196941 0.563147862
v -0.373514934 -0.165037825 0.266526421
v -0.374511535 -0.164612709 0.250001522
v -0.393382669 -0.104373883 0.316222923
v -0.25846172 -0.133085115 0.680577059
v -0.569304241 0.209126113 0.0187792771
v -0.546071395 0.207970772 -0.0336849562
v -0.395172736 -0.0978869187 0.597907385
v -0.400662162 -0.0718941514 0.592349548
v -0.32207142 -0.0451211713 0.682673912
v -0.711067781 0.18204919 0.09907302
v -0.406032464 0.017437488 0.5675472
v -0.694489923 -0.0949518062 0.183339754
v -0.716652374 0.208281844 -0.0278386176
v -0.72229853 0.209805263 0.00107021363
v -0.404026361 -0.0388303223 0.516033768
v -0.4013733 -0.0612909678 0.422714016
v -0.230585477 -0.33460835 0.0997111036
v -0.370959199 0.169523506 0.602444517
v -0.185823647 -0.360033535 0.273357123
v -0.39491358 0.11268292 0.25644273
v -0.401241274 0.0672980455 0.396275736
v -0.406574963 0.0105055436 0.382163614
v -0.283465636 -0.00133435924 0.680381767
v -0.302631651 -0.00769271495 0.681155951
v -0.286481381 0.136914836 0.681909439
v -0.329124094 0.239686384 0.582236215
v -0.309685367 0.2630235 0.567748348
v -0.26904126 0.136472987 0.681131452
v -0.259259057 0.120896224 0.680307373
v -0.161076566 0.207576096 0.681207886
v -0.396731847 0.0905066125 0.580002515
v -0.250479476 0.181814844 0.68110339
v -0.206769388 0.351416966 0.606728781
v -0.168096064 0.281171773 0.683587303
v -0.181378443 0.365428665 0.605540123
v -0.265007777 0.310125646 0.611493662
v -0.264357679 0.309510725 0.598680468
v -0.164236536 0.372261267 0.597417614
v -0.146877298 0.378737177 0.587743748
v -0.1831064 0.362905722 0.590997267
v -0.197701215 0.355768521 0.599859461
v -0.546991106 0.103128341 0.182226915
v -0.547636628 0.127615983 0.167573171
v -0.207546484 0.0512641368 0.681237952
v -0.299580393 0.276842971 0.602775158
v -0.283233858 0.292746363 0.607072705
v -0.225990399 0.250355136 0.683531736
v -0.358042745 0.201223227 0.213687072
v -0.392779682 0.115840989 0.271865342
v -0.38700355 0.135733538 0.25307007
v -0.676347134 -0.205372036 0.0323449353
v -0.694153203 -0.199635024 0.0581342669
v 0.246945613 0.322007818 0.515941348
v 0.242502109 0.326353136 0.564819217
v 0.0932133398 0.280912809 0.680620263
v 0.0705122628 0.287716564 0.680640655
v 0.0702470923 0.265100787 0.680591328
v 0.286198669 0.289222808 0.557554314
v 0.296783739 0.278083025 0.530230074
v 0.300899306 0.273240741 0.560877414
v 0.0132159084 0.140276789 0.681106308
v 0.0222765996 0.247880094 0.68074102
v -0.0539693697 0.242819865 0.681370463
v 0.257220168 -0.316779426 0.00915582336
v 0.262414579 -0.312886593 0.0414257191
v 0.243500351 -0.326644732 0.0207086145
v -0.0342304427 0.292823951 0.682161163
v 0.203554372 0.351925183 0.592564817
v 0.181801755 0.364418614 0.598799241
v 0.207659136 0.350978878 0.600370825
v -0.191879751 0.356085156 0.562587959
v -0.724589796 0.137255404 0.156155594
v -0.712760515 0.147830357 0.146143929
v -0.289842179 0.284906103 0.591624489
v -0.388938464 0.140582974 0.108468477
v -0.334736282 0.237705689 0.0715579683
v 0.090826472 0.397593772 0.602748983
v 0.0651594401 0.306338643 0.681709359
v 0.0467877244 0.321498812 0.682653603
v -0.171755029 0.366987699 0.244577735
v 0.060131752 0.403461686 0.603715304
v 0.0385800267 0.403031443 0.563602626
v 0.11802973 0.387265817 0.520633574
v 0.0285168316 0.403060968 0.545013893
v 0.0388422771 0.293017185 0.68102841
v -3.22369535e-05 0.317901338 0.682606227
v -0.310859723 -0.261379984 0.494111965
v 0.312268624 0.259508101 0.42525598
v 0.337812103 0.225142093 0.428893752
v 0.314920945 0.256770698 0.471432243
v -0.40271502 0.0650558038 0.315507072
v -0.396691949 0.0951640344 0.334535019
v -0.404817492 0.0498721789 0.331033643
v -0.299258141 0.0387683543 0.680780924
v -0.317302065 0.0453752625 0.681935511
v 0.0849522844 0.303500971 0.681655385
v -0.343730298 -0.215736772 0.452319454
v 0.0633880695 0.226655912 0.680500916
v -0.066124358 -0.397200077 -0.240473384
v -0.54724649 -0.125420121 0.168405853
v -0.546003045 -0.161473068 0.132417507
v -0.00256583008 0.405554404 0.573386097
v 0.0586357148 0.401574588 0.57447013
v -0.366300166 0.182582874 0.250366297
v -0.340276448 0.224985787 0.247762821
v -0.357937856 0.198605218 0.226777578
v 0.109292625 0.389097924 0.465069093
v 0.270471037 0.301782191 0.386531104
v -0.00743431926 0.404126096 0.398904679
v 0.151879056 0.287347191 0.682454278
v 0.349430379 0.210029716 0.264623845
v 0.359584466 0.194497089 0.243938877
v 0.344789142 0.219800198 0.233004
v -0.399807765 0.11103372 0.121036954
v -0.393386247 0.131031734 0.128514048
v -0.546875314 0.0782004075 0.19346169
v 0.357597503 0.201312784 0.226483122
v 0.362063507 0.205484047 0.147605879
v 0.364592916 0.198884982 0.173289841
v 0.355317436 0.216320794 0.16440695
v 0.353694592 0.201873504 -0.315537829
v 0.327457176 0.240696494 -0.339083418
v 0.334439706 0.231495348 -0.360751791
v -0.206938476 0.34723283 0.495249009
v -0.228639743 0.337499612 0.144484897
v -0.303216073 0.271950668 0.219237504
v -0.20437439 0.35104137 0.210825495
v -0.125656146 -0.384067521 0.273583494
v 0.363737986 0.181491019 0.454663472
v 0.376564003 0.153661619 0.455212591
v 0.369092585 0.169828177 0.424398586
v 0.186157448 -0.359163205 0.212243778
v 0.232689908 -0.331721574 0.201876528
v -0.254076794 0.205092426 0.682387094
v -0.572880407 0.0884188414 0.188560334
v -0.546272546 0.109127454 0.177632194
v -0.384694931 0.132181199 0.411070292
v -0.365844988 0.178013697 0.355423113
v -0.290114896 0.283625443 0.327983326
v -0.374647466 0.162380757 0.287043926
v -0.378425554 0.147888889 0.565789954
v -0.406874471 -0.0807048466 -0.116965737
v -0.397659694 -0.109116741 -0.173611494
v -0.377995107 -0.148307554 0.332624663
v -0.342101517 -0.220270033 0.258456765
v -0.396031832 0.114610918 0.200452278
v -0.400864727 0.0782558279 0.599784943
v -0.713728779 0.201840926 0.056085799
v -0.708428817 0.20921894 0.0204811718
v -0.725210271 0.208652918 0.0243869601
v -0.412174901 -0.0397063886 0.148083069
v -0.596492575 0.144021094 0.151364199
v -0.709297995 0.122720855 0.167808034
v -0.633200202 0.0554888697 -0.202602175
v -0.546465155 0.127025216 0.166151323
v -0.654329752 0.115523974 0.173833905
v -0.404318188 -0.092802806 -0.102842821
v -0.617594138 0.205458595 0.0448910981
v -0.583586557 0.200766029 -0.0643531391
v -0.700147099 0.0544859573 0.19991917
v -0.373628398 0.171999979 0.226322896
v -0.366133776 0.186169276 0.224915049
v -0.648247239 -0.0250468852 0.206002596
v -0.663769258 -0.0447429987 0.202770691
v -0.70213922 -0.160593261 0.130484939
v -0.705814057 -0.186019361 0.0918380528
v -0.705088719 -0.17218927 0.115211152
v -0.579077826 -0.143857256 0.150327838
v -0.5713267 -0.163301807 0.128573471
v -0.546682069 -0.0954801595 0.185386111
v -0.414173664 0.00451059836 0.15964547
v -0.567449837 -0.116707821 0.172162345
v -0.702734973 0.187448424 0.0936975826
v -0.721381331 0.191534063 0.0845963063
v -0.563513106 -0.20837463 0.00311520575
v -0.546592115 -0.208129035 -0.012616375
v -0.567894504 -0.205119703 -0.0387946068
v -0.60078888 0.110899881 0.17656371
v -0.546506928 0.203088844 0.0524055633
v -0.546032929 -0.204460754 -0.043463988
v -0.54717852 -0.122461108 -0.170665285
v -0.54825063 -0.11950844 -0.17437704
v -0.56300089 -0.0578745307 -0.202267608
v -0.369856393 -0.182259861 -0.173781696
v -0.354729178 -0.206303961 -0.201320893
v -0.351237584 -0.213882619 -0.186825095
v -0.547270258 -0.159415565 0.137855903
v -0.547146359 -0.181822731 0.10678443
v -0.546001228 -0.186665521 0.0928160868
v -0.546340279 -0.199562707 0.0646476338
v -0.4101001 -0.00464522788 0.261422764
v -0.700293394 -0.2072956 0.0178155702
v -0.687008895 -0.208193051 -0.0106788387
v -0.593474438 -0.116391069 -0.174174333
v -0.583110783 -0.153047106 -0.143035699
v -0.714026327 0.112749876 -0.177578475
v -0.720273246 0.201225509 -0.0597767601
v -0.701762519 0.166284377 -0.129038219
v -0.645807592 0.142024308 -0.156406859
v -0.642126583 0.190492569 0.0877511276
v -0.676390129 0.200485957 0.0633526963
v -0.713214804 0.209252876 -0.0289691043
v -0.715445328 0.168720798 -0.124606413
v -0.4050488 0.00274197946 -0.606191398
v -0.401863455 0.0443878862 -0.631346546
v -0.40357681 0.00559617247 -0.628701662
v 0.380254315 0.164804546 -0.14412201
v 0.368895173 0.190900804 -0.147307371
v 0.374366434 0.178583378 -0.167982201
v -0.403471234 -0.030787694 -0.600102018
v -0.715864059 -0.186424562 -0.0931304077
v -0.712077262 -0.207395968 -0.0319912677
v -0.706902475 -0.198399429 -0.0640923542
v -0.367279876 -0.183513518 -0.203313328
v -0.343483369 -0.22191747 -0.22249333
v -0.653594058 0.110090122 -0.179071602
v -0.323610745 0.245478875 -0.444363546
v -0.545520814 0.0820842261 -0.236264874
v -0.361024827 0.190038158 -0.446847121
v -0.704487194 -0.14060224 0.153609843
v -0.697358963 -0.10384377 -0.181048152
v -0.405105863 -0.0840068022 -0.106024955
v -0.548003997 -0.174236712 -0.121377107
v -0.402915208 0.0462466554 -0.59365447
v -0.658308526 -0.141974299 -0.154230315
v -0.54633125 -0.196228683 -0.0720773967
v -0.301116419 -0.272317652 -0.469071871
v -0.70821591 0.136232414 -0.159479354
v -0.596443602 -0.19721152 -0.0699709874
v -0.571847802 -0.192323331 -0.082907003
v -0.597793325 -0.205759229 -0.0360105202
v -0.546026831 -0.17511267 -0.11654181
v -0.639519895 -0.207062321 -0.0285562695
v -0.651051135 -0.199219432 -0.0635756129
v -0.622041264 -0.202485879 -0.0524832956
v 0.376258625 0.154926153 -0.369628114
v 0.380311194 0.144598304 -0.342080347
v 0.387813181 0.122482748 -0.36710861
v -0.667095087 -0.184030573 -0.10039558
v -0.680219403 -0.197251354 -0.0693573248
v -0.629037839 -0.187379298 -0.0940885009
v -0.692164279 -0.0638320182 -0.198587889
v -0.691700978 -0.172370677 -0.119179868
v -0.698860038 -0.187824846 -0.0904247547
v -0.288877032 -0.285213179 -0.59662182
v -0.387341772 -0.0485494501 -0.56577635
v -0.707855151 -0.202306834 0.0471299224
v -0.280456997 -0.293558904 0.54677834
v -0.387565606 -0.145928766 -0.0951492819
v -0.673562297 -0.167368138 -0.126006755
v -0.389448326 -0.146690903 0.0335379495
v -0.3913453 -0.141193033 0.0584228037
v -0.395026664 -0.12408955 0.0435784235
v -0.408910159 -0.0696759944 -0.110760403
v -0.692711589 -0.203150193 -0.0460892083
v -0.703531648 -0.206498233 -0.0278209202
v -0.696117888 -0.197510986 -0.0672483826
v -0.652377962 -0.168258274 -0.125724103
v -0.125691957 -0.223114054 0.680629986
v -0.684689186 -0.0345100925 -0.205588689
v -0.657481777 -0.0133960459 -0.208283221
v -0.546257366 -0.200045513 0.0583787867
v -0.304898052 -0.271195244 -0.193066301
v -0.316775991 -0.259282125 -0.178181724
v -0.54615684 -0.163366468 0.129096021
v -0.252427313 0.147202664 0.680740795
v -0.398734866 -0.112021845 0.0956534311
v -0.395405204 -0.124294934 0.0721808435
v -0.559968013 -0.183311224 0.0979518886
v -0.403417362 -0.0857956723 0.197934753
v -0.394695617 -0.126500823 -0.0609588319
v -0.413233389 0.00671506764 0.170503255
v -0.54648025 -0.205996823 0.0308971193
v -0.379241919 -0.172792146 0.0280537952
v -0.2781535 -0.296002148 -0.429490733
v -0.397956744 -0.0717600531 -0.608630174
v -0.394690637 -0.126673267 0.135338439
v -0.311347099 -0.266030782 -0.156541625
v -0.299546695 -0.282547835 0.00551912033
v -0.361224501 -0.17620604 -0.607006572
v -0.308273372 -0.26479741 -0.537762212
v -0.306893473 -0.249681256 -0.526698447
v -0.337968334 -0.199470194 -0.522977062
v -0.304732097 -0.24833968 -0.524673283
v -0.30171532 -0.264667607 -0.590494278
v -0.394839688 -0.127704796 0.112665897
v 0.356256012 0.195054154 0.359966849
v 0.33144789 0.234386758 0.370413409
v -0.314301341 -0.258789165 -0.293240022
v -0.204656866 -0.349854949 -0.279863661
v -0.27029577 -0.284025812 -0.531668109
v -0.332601389 -0.242495407 -0.160307097
v -0.283110475 0.269634529 -0.54576078
v -0.247666514 0.304238873 -0.548480765
v -0.136543796 -0.38042874 -0.159809145
v -0.358326886 0.15904318 -0.570390184
v -0.332714363 0.205224064 -0.553992518
v -0.341511249 0.198217437 -0.579944204
v -0.373541029 -0.157858722 -0.602803679
v -0.366643949 -0.17397575 -0.586664108
v -0.383529588 -0.13303169 -0.589901916
v 0.360350069 0.186936761 -0.620212526
v 0.359743995 0.18676989 -0.635701318
v 0.336185225 0.226496259 -0.635012042
v -0.0685758868 -0.396336421 -0.298875237
v -0.333186269 -0.221714336 -0.583345568
v -0.365398891 -0.145662733 -0.55633654
v -0.0864559154 -0.394659196 -0.444941448
v -0.0608292964 -0.399151139 -0.431582747
v 0.00149343423 -0.402807783 -0.321150769
v -0.00131231195 -0.402418221 -0.340457576
v -0.276968004 -0.290043827 -0.590307044
v -0.368780572 -0.162749418 -0.610764917
v -0.309729951 -0.263444165 -0.377224361
v -0.376388772 0.0935245216 -0.552264891
v -0.354603225 0.160069878 -0.553852959
v -0.399095115 -0.0410615969 -0.622804561
v -0.15452296 -0.373183412 -0.277105882
v -0.367610191 -0.171241204 -0.605397947
v -0.181392518 -0.362670054 -0.0481636741
v -0.180349299 -0.362401387 -0.279006289
v -0.401059907 -0.064436275 -0.512755158
v -0.36266175 -0.184342107 -0.406583592
v -0.171053006 -0.366612863 -0.192517404
v -0.357061347 -0.20740307 -0.168622882
v 0.146404367 -0.376835315 0.0664294164
v 0.122768532 -0.385041689 0.044564063
v 0.152779045 -0.374635109 0.0401950102
v 0.331195789 0.236148926 -0.537458503
v -0.305759257 0.271114964 0.183865489
v -0.220950053 0.312580893 -0.459247883
v -0.232798294 0.302381726 -0.437119998
v -0.30782872 0.265594959 -0.611464065
v -0.268758922 0.304628033 -0.568923058
v -0.334141521 0.232888216 -0.540438555
v -0.39856333 0.0711115394 -0.631917901
v -0.0376076579 0.397021396 -0.590968485
v -0.0608397796 0.392376696 -0.57316656
v -0.0317395693 0.395313188 -0.56919075
v -0.38978877 0.107948291 -0.604518844
v -0.294218506 0.247590462 -0.505299204
v -0.267326307 0.279569809 -0.5218253
v -0.219055072 0.317112505 -0.499722666
v -0.347235628 -0.177175063 -0.522965882
v -0.292314023 0.270280851 -0.587840555
v 0.393277044 0.102571976 -0.53009138
v -0.312682718 0.24675441 -0.595657471
v -0.31165008 0.245996059 -0.582334472
v -0.363642242 0.179625841 -0.61350779
v -0.324879941 0.243326801 -0.624863561
v -0.346151419 0.197744927 -0.609194472
v -0.323958552 0.235151065 -0.613544984
v -0.200738159 0.353801256 -0.598460557
v -0.202057989 0.350458967 -0.561159497
v -0.176195875 0.366356581 -0.588108843
v -0.171093173 0.36983596 -0.602715149
v -0.243975196 0.323241309 -0.627947055
v -0.225160638 0.339501411 -0.613472475
v -0.273476556 0.301211576 -0.616882617
v -0.16170558 0.371308586 -0.630253315
v -0.193751635 0.353032014 -0.622709078
v -0.137549045 0.377888833 -0.61765314
v -0.140784282 0.381351582 -0.589713361
v -0.134762933 0.370712921 -0.555726609
v -0.185548654 0.35119016 -0.576569914
v -0.195044336 0.349336062 -0.600460359
v 0.202598036 0.339277504 -0.475583881
v 0.343374914 0.19653678 -0.482304234
v 0.195252759 0.337931531 -0.489483834
v -0.715507055 0.153312885 -0.143305098
v -0.249200984 0.321501549 -0.607502283
v 0.31138193 0.248185553 -0.422665701
v 0.298489524 0.26548471 -0.451878967
v 0.295514007 0.267614366 -0.417038787
v -0.0631288553 0.401681006 -0.588775408
v -0.0453070795 0.403315111 -0.579216236
v -0.032419918 0.405654912 -0.587002488
v -0.168196715 0.364207166 -0.610502702
v -0.202606628 0.336311792 -0.550198956
v -0.146171343 0.36185626 -0.530169812
v -0.234908565 0.311093446 -0.532925184
v 0.375763314 -0.175926052 0.129156154
v 0.385069001 -0.153346533 0.120869037
v 0.381482794 -0.164045268 0.091827153
v -0.0982384794 0.394811791 -0.592349038
v -0.115871372 0.389131495 -0.576942179
v 0.0417786864 0.402718868 -0.613844201
v -0.0437126667 0.404347155 -0.602761087
v -0.0554136253 0.400760078 -0.623029635
v -0.384683444 0.0631949631 -0.491880929
v -0.340709511 -0.195922239 -0.50164581
v 0.37567444 0.174545293 -0.191490274
v 0.384639966 0.152881311 -0.175758114
v 0.39919319 0.0742279578 -0.487676499
v 0.401743697 0.0595508791 -0.505328448
v 0.403225363 0.0470328385 -0.485852277
v 0.253083414 0.307622257 -0.428424181
v 0.275061432 0.288750815 -0.429281953
v 0.263414242 0.300112931 -0.452032717
v -0.313678224 0.231964619 -0.546334285
v -0.290894769 0.257554298 -0.531766872
v -0.314817687 0.234182908 -0.553931814
v -0.0819187338 0.393147233 -0.610419971
v -0.115700003 0.382611446 -0.598349158
v -0.384991369 0.0270980823 -0.525662665
v -0.35505044 0.148980962 -0.520882243
v -0.380652034 0.0655021539 -0.541329513
v -0.330044288 0.196426939 -0.509528653
v -0.35750266 -0.190685042 -0.598374408
v -0.191467974 0.336869029 -0.520598123
v 0.26593875 0.296376203 -0.406173482
v -0.111458683 0.390622534 -0.626226474
v -0.0908878076 0.394983126 -0.631987159
v -0.107947565 0.389586984 -0.629635505
v 0.198871726 0.350318234 -0.620907364
v 0.175325594 0.36057506 -0.603983642
v 0.20387111 0.345518482 -0.607402045
v 0.40101974 -0.0930694671 -0.204424126
v 0.394398071 -0.120396319 -0.20116093
v 0.394215636 -0.118304312 -0.231462522
v -0.398816158 0.0627001025 -0.63377302
v -0.395632011 0.0606589342 -0.621978408
v -0.0963322635 0.392553975 -0.559630112
v -0.373762984 -0.105538464 -0.528750752
v -0.385122682 -0.0389466985 -0.540773692
v -0.365921933 -0.129541945 -0.523218332
v -0.376915856 0.169685913 0.193586087
v -0.383309031 0.15480342 0.183709019
v 0.204233149 0.331562785 -0.47035835
v -0.0314334487 0.400138701 -0.609803296
v 0.0139100732 0.39947792 -0.597434925
v -0.00486530278 0.385698101 -0.489947618
v 0.359139823 0.19164415 -0.589075057
v 0.344858004 0.216392845 -0.571715472
v 0.359288855 0.190026582 -0.550973023
v -0.150656247 0.370238817 -0.597439862
v -0.0590496115 0.39039364 -0.555671082
v 0.351410649 0.204670532 -0.524457047
v 0.36801009 0.173122545 -0.520742883
v -0.373867127 0.128613288 -0.597419889
v 0.00686151322 0.402650424 -0.613754198
v -0.175976573 0.341270722 -0.479867894
v -0.162472881 0.346584105 -0.445058429
v 0.365264177 0.187144626 -0.263269535
v 0.375215728 0.167385518 -0.260839124
v 0.375360769 0.163707694 -0.279260631
v -0.35451152 0.154744858 -0.459057465
v -0.386339327 -0.0265626269 -0.522895813
v -0.385979651 0.0361600252 -0.503639061
v -0.100412352 0.371250696 -0.47302972
v -0.0771025214 0.384388275 -0.54295477
v -0.244622519 0.291958351 -0.416363093
v -0.203416929 0.322778099 -0.423496822
v 0.0436596168 0.403589933 -0.575671417
v 0.00380378283 0.406491996 -0.584467942
v 0.0188257687 0.40475936 -0.559966086
v 0.0394534708 0.404541005 -0.596680374
v 0.358810924 0.205683328 -0.210381251
v 0.347280474 0.225174552 -0.194510539
v 0.362925614 0.201686002 -0.178641246
v -0.109408821 0.389834006 0.283629501
v 0.0954479965 0.395574402 0.225616458
v -0.26649178 0.272675966 -0.404158578
v -0.2820316 0.255740826 -0.411773996
v -0.0419863694 0.386459832 -0.522423488
v -0.0125132698 0.391019832 -0.533197986
v -0.313474377 0.240400582 -0.570132864
v -0.378574043 0.167203944 0.151422451
v -0.0111989264 0.405618814 -0.576728395
v -0.0196311525 0.404966701 -0.565884815
v 0.268027345 0.293136488 -0.383595339
v 0.246617917 0.311078798 -0.390449123
v 0.396904006 0.111835993 -0.202298661
v 0.399904602 0.0977650494 -0.222714997
v 0.402432642 0.0878225794 -0.190833399
v 0.724683065 0.191166238 -0.0831405227
v 0.712740005 0.187743202 -0.0888920305
v 0.346160375 0.213606396 -0.420889081
v 0.380172182 0.159006599 -0.245814829
v 0.384285154 0.144970146 -0.260095545
v 0.388496967 0.137048682 -0.242756051
v 0.357498295 0.19738935 -0.285215992
v 0.109147533 -0.386900691 -0.597350696
v 0.127075681 -0.382396443 -0.600386822
v 0.120095309 -0.382517822 -0.591987134
v 0.360876868 0.188478532 -0.465091666
v 0.405821034 -0.00618520993 -0.509715149
v 0.4044185 -0.0289608113 -0.489781831
v 0.334555186 0.217328574 -0.487638619
v 0.32484403 0.232690871 -0.508388358
v 0.683167711 0.0768445837 -0.194435374
v 0.701881475 0.0595933174 -0.20006651
v 0.252409925 -0.319014425 0.10083622
v 0.275178465 -0.301781388 0.095300897
v 0.264134656 -0.311335427 0.0747694615
v 0.283768408 -0.295282878 0.0683576887
v -0.400490714 0.0719344498 -0.513479323
v 0.342251415 0.220143804 -0.591700476
v 0.383057638 0.136587051 -0.48681579
v 0.392158893 0.107000212 -0.494932818
v 0.381191247 0.140598125 -0.517904112
v 0.401325148 0.0626267309 -0.457797241
v 0.401717606 0.0620654211 -0.42397396
v 0.395937254 0.0914796824 -0.438503491
v 0.307835098 0.265843122 -0.554533666
v 0.27620593 0.2953451 -0.634143398
v 0.304710799 0.26896048 -0.622006831
v 0.229624222 0.326299852 -0.522066172
v 0.207147406 0.339703904 -0.492190964
v 0.192625535 0.348521044 -0.518648148
v 0.10957004 0.390350299 -0.547182846
v 0.0726344314 0.399461958 -0.569041794
v 0.0792268271 0.396733937 -0.530982628
v 0.0494908489 0.384596691 -0.505814132
v 0.0979467993 0.374176566 -0.490657874
v 0.164110062 0.362269353 -0.533570588
v 0.16262905 0.364140218 -0.557100207
v 0.133082678 0.375264559 -0.560006139
v 0.195457634 0.348601703 -0.571449948
v 0.151865618 0.369750486 -0.583959173
v 0.192602566 0.350947101 -0.594981862
v 0.388881598 0.141397024 -0.126446503
v 0.364523425 0.201535546 -0.0786867628
v 0.36789928 0.194169148 -0.102737839
v 0.3652425 0.178691907 -0.339764896
v 0.358166798 0.21306259 -0.100765072
v 0.363146242 0.203635509 -0.124081308
v 0.350658904 0.224593046 -0.125790897
v 0.0456820023 0.392770733 -0.55641745
v 0.0648921963 0.388133982 -0.53874357
v 0.0224793344 0.392489788 -0.545732646
v 0.0964540778 0.394471167 -0.595659187
v 0.0751376048 0.399221683 -0.587735261
v -0.081875546 0.397804632 -0.57782828
v -0.194569541 0.358248564 -0.610830953
v 0.357998735 -0.199463298 -0.220811462
v 0.367446761 -0.185338587 -0.212028909
v 0.359206999 -0.201484748 -0.195864558
v -0.172277476 0.363933124 -0.513523808
v -0.225607804 0.335462515 -0.471907317
v -0.126120854 0.382497828 -0.442540996
v 0.236515242 0.330044621 -0.401573744
v 0.162828597 0.371173438 -0.499236602
v 0.054658392 0.40004806 -0.463747256
v 0.0578429612 0.400546974 -0.553325217
v 0.385378546 0.11812785 -0.614005844
v 0.386990073 0.117266688 -0.615527943
v 0.11517082 0.382398156 -0.5905425
v 0.327850843 0.23608538 -0.636368953
v 0.34271924 0.211227905 -0.619772901
v 0.310750549 0.256952542 -0.632845163
v 0.404756075 -0.0337810861 -0.38538495
v 0.546659219 -0.0527594544 0.201532588
v 0.565440337 -0.0398943416 0.204194834
v 0.551847196 -0.0664210768 0.197310424
v 0.337137406 0.227792885 -0.623827917
v 0.29512519 0.273454043 -0.619555073
v 0.231535375 0.329225093 -0.625057683
v 0.238906296 0.325216026 -0.633348069
v 0.253185825 0.312716455 -0.619187199
v 0.225024087 0.332895645 -0.615754312
v 0.115479696 0.381611386 -0.577564903
v 0.0977171225 0.386430949 -0.580532287
v 0.404545087 0.0317539676 -0.515415407
v 0.687751262 0.00469999062 -0.209124593
v 0.708168411 0.0190135116 -0.207822934
v 0.69304746 0.0337517775 -0.206703738
v 0.377589334 0.144221859 -0.623202478
v 0.371098714 0.162313429 -0.627824526
v 0.365230894 0.164409851 -0.579189974
v 0.402052334 -0.0478496372 -0.608536624
v 0.401176854 -0.0596416873 -0.595444319
v 0.404376698 -0.0324286675 -0.58486306
v 0.403988731 -0.0359313168 -0.521025933
v 0.404910289 0.0336594453 -0.402508648
v 0.406122985 -0.00597509896 -0.405318213
v 0.405167722 0.0356906798 -0.367711029
v 0.391317008 0.111637149 -0.338500265
v 0.38413408 0.135155704 -0.32228658
v 0.397695025 0.0820670445 -0.510147935
v 0.381579392 -0.135242653 -0.597091013
v 0.371201186 -0.165188434 -0.585391432
v 0.37316858 -0.156919833 -0.598966573
v 0.387061296 -0.140887125 -0.207334205
v 0.404808708 -0.0306785547 -0.553600453
v 0.401799299 -0.0571184061 -0.570491296
v 0.358366018 0.186754508 -0.633330462
v 0.389079834 -0.11551047 -0.576339919
v 0.398725359 -0.0395584495 -0.58664107
v 0.397503331 0.0296284098 -0.554303127
v 0.399220245 0.00995005909 -0.58047139
v 0.398399327 0.0475720911 -0.59886638
v 0.400471965 0.0532134731 -0.616145641
v 0.398896405 0.0803203838 -0.361427964
v 0.368694142 0.188078358 -0.208964719
v 0.370267752 0.168248771 -0.444219345
v 0.36550385 0.178923858 -0.370701173
v 0.28153617 0.279807877 -0.378961115
v 0.295037025 0.266861731 -0.39546419
v 0.289970398 0.271276692 -0.383586998
v 0.388771686 0.129162486 -0.276922721
v 0.675854698 0.0262314028 -0.207810092
v 0.682282598 0.0526719423 -0.20262435
v 0.637171179 0.0540316118 -0.203021782
v 0.359721118 0.189747309 -0.493772261
v 0.372348042 0.163269451 -0.474709685
v 0.374049574 0.159671117 -0.497756117
v 0.398283883 -0.112803382 -0.123612908
v 0.713735555 0.0896198821 -0.187950507
v 0.714913768 -0.0590139015 -0.19973984
v 0.311674847 0.245172496 -0.410758858
v 0.382527308 0.138845979 -0.459143943
v 0.402043034 -0.0542783005 -0.497604616
v 0.396987051 -0.0820950752 -0.492622971
v 0.400761773 -0.0604381892 -0.468192001
v 0.40319149 -0.045046019 -0.436282508
v 0.405275725 -0.0212005486 -0.460177859
v 0.405645946 -0.012437537 -0.431653038
v 0.405294028 -0.00702215855 -0.603285339
v 0.400937809 0.0671574065 -0.393772341
v 0.396980728 0.0876009172 -0.41254604
v 0.395705718 -0.099399782 -0.302614893
v 0.3934515 -0.112468128 -0.27730097
v 0.401941735 -0.0787419229 -0.281382178
v 0.404003555 0.0399274329 -0.441272142
v 0.69463453 0.153025487 -0.141752733
v 0.660055184 0.171194455 -0.11900589
v 0.685997572 0.185241133 -0.0960913949
v 0.383157628 0.136307382 -0.432038289
v 0.409026304 0.0448109733 -0.171698883
v 0.410879764 0.0201123559 -0.177872009
v 0.405689533 0.00785369305 -0.574455987
v 0.405797082 0.00241853218 -0.537374538
v 0.404187473 0.0401344116 -0.423151885
v 0.405784773 0.0190535767 -0.426505213
v 0.407975309 0.0503354825 -0.229863987
v 0.406545871 -0.0528414214 -0.270000713
v 0.409376999 -0.0224725787 -0.276518839
v 0.409269233 -0.0344549241 -0.252735925
v 0.399802412 0.0834306197 -0.30279233
v 0.405668286 0.0516675136 -0.292099165
v 0.545850406 -0.202097869 -0.0593054442
v 0.546009164 -0.19595623 -0.0744174941
v 0.546278068 -0.187395394 -0.0960896135
v 0.322586986 -0.245029233 -0.61129873
v 0.329334221 -0.238003128 -0.597421163
v 0.33906397 -0.222391171 -0.605378464
v 0.343940919 -0.224996569 -0.182792111
v 0.328999592 -0.244899656 -0.168478644
v 0.406466782 -0.0662332395 -0.193613815
v 0.406274514 -0.0643759111 -0.220577728
v 0.412039946 0.008393866 -0.154466522
v 0.41266881 0.0208305545 -0.131107321
v 0.4016708 0.0928343892 -0.15351431
v 0.404687014 0.0729579655 -0.217419778
v 0.714766928 0.0475684232 -0.202674747
v 0.718290256 0.0201465955 -0.207143699
v 0.723931326 0.0474898638 -0.202963971
v 0.390785784 0.110499122 -0.559501921
v 0.40158948 -0.0359090912 -0.613146295
v 0.397915983 -0.0657933501 -0.609080087
v 0.376074861 -0.178843704 -0.0122631977
v 0.378908445 -0.173365963 -0.037376257
v 0.369226741 -0.193501417 -0.033922374
v 0.559581661 0.072284879 0.195196937
v 0.546562592 0.114597526 0.173988099
v 0.572853021 0.10712725 0.178286307
v 0.410369905 -0.00227762929 -0.254642701
v 0.397173654 -0.0779774318 -0.603694958
v 0.331750946 -0.245772625 -0.133311612
v 0.408774527 -0.0435562778 -0.230950147
v 0.406492247 -0.059731429 -0.246305061
v 0.385182198 0.102547236 -0.551304508
v 0.404416367 -0.0362259561 -0.410255895
v 0.401280669 -0.0612934172 -0.543257132
v 0.406489921 -0.0444115154 -0.297284851
v 0.408592581 -0.00691205286 -0.300276643
v 0.409640058 0.00559284107 -0.281066544
v 0.37074068 0.167099414 -0.39482225
v 0.398207153 0.0964351012 -0.274622686
v 0.392603162 0.113597764 -0.294005807
v 0.393879434 0.101007109 -0.392724122
v 0.395429553 0.119314075 -0.141755201
v 0.408073091 0.02596944 -0.297139933
v 0.404903404 0.0643526149 -0.274263489
v 0.408803728 0.0308981231 -0.271292488
v 0.407487026 0.0489602344 -0.253503976
v 0.399625893 0.0794332288 -0.330950648
v 0.395569696 0.0978866772 -0.321747128
v 0.404227287 0.0288014735 -0.607108142
v 0.40077646 -0.06715866 -0.368970477
v 0.401792512 -0.0585160139 -0.394838951
v 0.404688198 0.00872129486 -0.617871214
v 0.363657614 0.195611881 -0.230663543
v 0.343110362 0.227216365 -0.228710312
v 0.360169189 0.198635867 -0.248261904
v 0.387962257 -0.125081556 0.302743935
v 0.389242178 -0.118553031 0.336478799
v 0.395895861 -0.0971493009 0.313637667
v 0.403499432 0.0774748784 -0.247048319
v 0.344776273 0.215468777 0.462173266
v 0.344558291 0.2165915 -0.547827605
v 0.403579962 0.085471117 -0.130280802
v 0.614468236 0.169992931 -0.121880646
v 0.634389453 0.195634156 -0.0717228994
v 0.631147867 0.206349732 -0.0273782594
v -0.389113773 0.122534285 0.31254016
v 0.222968442 0.337328697 -0.632698229
v 0.315330966 0.244975891 -0.474050285
v 0.29712369 0.267698593 -0.495125115
v 0.707283331 0.182788187 -0.0994399261
v 0.394760284 0.114871185 -0.2510174
v 0.393152873 0.123597841 -0.224286754
v 0.403612547 0.0411376965 -0.582821968
v 0.384760187 0.149249307 -0.222616019
v 0.389218228 0.13923214 -0.153867332
v 0.546419952 0.0747788373 0.19454598
v 0.102464762 0.3842928 -0.565900154
v 0.347221987 0.227623084 -0.162609842
v 0.325856864 0.244813821 -0.305866942
v 0.383434391 0.15880319 0.00751692097
v 0.373153994 0.182362395 -0.120853363
v 0.381905749 0.161342667 -0.114831339
v 0.334373803 0.250251149 -0.00757939382
v 0.342841964 0.239106203 -0.0258741076
v 0.327369378 0.258670836 -0.0316199671
v 0.334453903 0.246453054 -0.142560733
v 0.337717687 0.243515278 -0.119922237
v 0.355149693 0.218387586 -0.0738524862
v 0.34292888 0.237664183 -0.0922163064
v 0.348779124 0.229509557 -0.0533672849
v 0.413007423 -0.00813813226 -0.139745218
v 0.413403796 0.0264584827 -0.0951844294
v 0.372602325 0.184236873 0.0236990284
v 0.381687801 0.162630099 0.0382757262
v 0.371323437 0.186349583 0.0506549809
v 0.308702471 0.277689437 0.0150995333
v 0.3346515 0.249804433 0.0100797353
v 0.355895471 0.196435394 0.411114194
v 0.355821764 0.196300974 0.433492489
v 0.38898959 0.144277474 -0.0239775901
v 0.39506186 0.126676218 0.0128414851
v 0.687796509 0.208283709 -0.00429112048
v 0.705436179 0.207789015 0.00584692557
v 0.705117339 0.20590364 0.0262570128
v 0.361776676 0.206607043 0.0363468481
v 0.689592005 -0.154533032 -0.141434826
v 0.600678416 0.196721318 0.0673736874
v 0.629677578 0.183897851 0.0976233869
v 0.590126294 0.173879805 0.114706151
v 0.70944913 0.113657267 0.172717835
v 0.723139572 0.119822362 0.170372794
v 0.711039179 0.0900940731 0.186815985
v 0.359631037 0.210314059 -0.0492828863
v 0.353570816 0.199757014 0.533241162
v 0.363573061 0.202485679 0.00746221533
v 0.178469551 0.3543581 -0.503790064
v 0.146991898 0.367848112 -0.517352887
v 0.402101679 0.0956415045 0.159026219
v 0.403355231 0.0874959078 0.186113578
v 0.395020557 0.119858804 -0.17380375
v 0.314162018 0.27062801 -0.0999164599
v -0.406395829 0.0741048294 0.158380506
v 0.411109828 0.00853961181 0.232197221
v 0.38963488 0.142511475 0.031034025
v 0.381886675 0.161026309 0.157764003
v 0.378660651 0.16985342 0.12550723
v 0.39017366 0.139066135 0.136928638
v 0.37239746 0.184171004 0.15243347
v 0.372063893 0.178414344 0.215267942
v 0.381536996 0.155865975 0.221918906
v 0.378513388 0.166248709 0.201805408
v 0.610172148 -0.128819809 0.163296516
v 0.586230835 -0.0981965386 0.183454241
v 0.583227593 -0.135697606 0.157559052
v 0.70780877 0.19322566 0.0740071712
v 0.690886227 0.203290146 0.0442424911
v 0.631034599 0.0156609821 0.207643851
v 0.613434755 0.00409200677 0.208011156
v 0.608923155 0.0428599331 0.203524767
v 0.393510627 0.131896258 0.0811447627
v 0.395658632 0.124048386 0.112236011
v 0.387508902 0.147536058 0.105245939
v 0.374858318 0.173330217 -0.229653096
v 0.690114337 0.197015987 -0.0685220973
v 0.696062178 0.203730318 -0.0437857535
v 0.702526363 0.19484581 -0.072923412
v 0.33488233 0.248707816 -0.0584472528
v 0.353749702 0.221372851 -0.0157097385
v 0.373772409 0.164282926 0.271775526
v 0.377626215 0.152901526 0.300478828
v 0.684944245 0.193620742 0.0753940695
v 0.662756057 0.18953693 0.0858823712
v 0.574618103 0.188042846 0.0900761378
v 0.558574439 0.202488686 0.0507987626
v 0.409422307 0.0146484142 0.283622643
v 0.410175164 -0.0127355838 0.269469811
v 0.403442443 0.0840155811 0.216300453
v 0.397433182 0.110690065 0.205223291
v 0.395781427 0.119855513 0.158171538
v 0.398619236 0.108756825 0.176773537
v 0.714785296 0.202266386 0.0424708651
v 0.406370176 0.0824379825 0.141508918
v 0.406552418 0.084225685 0.128153997
v 0.660288943 -0.147976499 0.146115034
v 0.644951466 -0.161127939 0.132204126
v 0.635794855 -0.141491955 0.153045595
v 0.352286804 0.221993387 0.141438496
v 0.400760651 0.0657057006 0.569459208
v 0.375109574 0.176589145 0.179242625
v 0.639843452 -0.0158824817 0.207422942
v 0.165124134 0.370829435 0.568882122
v 0.385073321 0.151694161 0.182317511
v 0.32830533 0.254491443 0.0969698781
v 0.354616191 0.215529083 0.182735912
v 0.257408886 0.315106832 0.578133948
v 0.285128931 0.290512141 0.581540976
v 0.255858535 0.317680009 0.593664678
v 0.296150519 -0.0262597637 0.68063276
v 0.277004549 -0.0220823478 0.680738959
v 0.271577817 -0.0494392764 0.680645934
v 0.379208231 0.168079739 0.0938513187
v 0.325425612 0.243380248 0.52455484
v 0.548320441 0.190715889 0.0898970925
v 0.348391224 0.22872876 0.113225055
v 0.360660952 0.208059035 0.097772914
v 0.339744292 0.242253543 0.0255783061
v 0.640027492 0.203151237 0.0448247807
v 0.262683804 0.317673088 0.100879362
v 0.149888456 0.375891995 -0.61583945
v 0.240237824 0.327758748 -0.595801588
v 0.177755073 0.364846099 -0.546102895
v 0.40449481 -0.0407615135 0.49566642
v 0.40389399 -0.0429292041 0.514521699
v 0.400986477 -0.0664327507 0.516187853
v 0.371339928 0.175686659 0.233503814
v 0.388382284 0.140581989 0.204813545
v 0.0418345062 0.401471988 0.502106929
v 0.406263678 0.0517889317 0.287465322
v 0.406194701 0.0229071245 0.354257664
v 0.406714898 0.00237402506 0.382167584
v 0.358399212 0.212437575 0.123914664
v 0.382288777 0.138101527 0.430518438
v 0.386816966 0.125629553 0.459052983
v 0.405869807 -0.0277054637 0.358693931
v 0.405360026 -0.0307417601 0.383298401
v 0.403387247 -0.0523454333 0.370063973
v 0.403672455 -0.0537150024 0.337340697
v 0.406336334 -0.0376925463 0.311317449
v 0.402313556 -0.0690676334 0.308676253
v 0.367367564 0.195145205 0.125359819
v 0.392763505 0.128521566 0.18192757
v 0.0484308321 -0.400749088 0.233538824
v 0.0667541263 -0.398169847 0.204711717
v 0.0330105469 -0.402227392 0.208539395
v 0.347382422 -0.210397574 0.353211412
v 0.334113674 -0.23021478 0.352130782
v 0.341731817 -0.21976773 0.324974809
v 0.310563709 0.262332716 0.294215127
v 0.0490147493 0.404106348 0.143858508
v 0.370001227 0.189406194 0.0787769272
v 0.379881267 0.167444954 0.0658723777
v 0.342231301 0.235409495 0.163009993
v 0.364715296 0.178792216 0.548967998
v 0.350269334 0.205161676 0.559344443
v 0.320589453 0.263572389 0.12437541
v 0.333181736 0.239316897 0.2159734
v 0.328241067 0.241273285 0.255471263
v 0.190119118 0.358933277 0.583625079
v 0.214165325 0.345368749 0.572024667
v 0.320355563 0.248731898 0.389528848
v 0.343974701 0.215600378 0.390974722
v 0.383613238 0.147943943 0.239519294
v 0.338559568 0.240844296 0.139617623
v 0.298668487 0.283825806 0.169173177
v -0.131084024 0.383705998 0.577266587
v 0.37948688 0.146567298 0.404470308
v 0.406019211 -0.0277390442 0.58466793
v 0.406114528 -0.0123429455 0.569349514
v 0.403272996 -0.0496811365 0.566897399
v 0.377094962 0.152248393 0.329653669
v 0.386397755 0.128682936 0.321291045
v 0.362888349 0.1847077 0.287093776
v 0.362825767 0.186723533 0.262316217
v 0.370143896 0.174395171 0.252461579
v 0.329034329 0.23840183 0.497200548
v 0.128483113 0.387366355 0.602484475
v 0.101065332 0.256940298 0.680326442
v 0.130896373 0.275258478 0.680780769
v 0.677193864 0.203006623 -0.0481418076
v 0.373141225 0.159348956 0.564624277
v 0.384212467 0.131584321 0.551050209
v 0.410370071 0.0367162774 0.217620733
v 0.147609205 0.378543951 0.587985414
v 0.128351003 0.386058147 0.593984471
v 0.154173039 0.376599087 0.595757999
v 0.406015941 0.0345987115 0.33311108
v 0.184086538 0.268762941 0.681937386
v 0.216560459 0.24317969 0.682446631
v 0.128181641 0.301001892 0.682622186
v 0.106743383 0.296076913 0.681468479
v 0.39885462 -0.0795038347 0.464321759
v 0.145200565 0.230725716 0.680259408
v 0.139928512 0.197667632 0.680800919
v 0.105471583 0.210462391 0.680579031
v 0.348082718 0.209284409 0.582489788
v 0.361752846 0.18395265 0.574270636
v 0.128663519 0.250267655 0.680516527
v 0.154356198 0.112553738 0.680623363
v 0.30391339 0.272457367 0.599228714
v 0.232670642 0.148009842 0.680632657
v 0.209830821 0.134955449 0.680707446
v 0.217284909 0.178513557 0.680511233
v 0.186733084 0.181917787 0.68065827
v 0.387307419 0.123374665 0.387908781
v 0.394959356 0.0966991032 0.366139343
v 0.395122908 0.0972678092 0.401010036
v 0.159791296 0.250888658 0.680622831
v 0.178842646 0.229226667 0.680516777
v 0.211515294 0.215815866 0.680957501
v 0.196907032 0.241254586 0.680964168
v 0.718365007 0.194121163 0.0697853409
v 0.358767693 0.191835852 0.595294892
v 0.345756327 0.21541316 0.598663772
v 0.273269786 0.15424602 0.682153891
v 0.672183219 0.200340577 0.0564753314
v 0.669665405 0.205968301 0.0298823415
v 0.365245684 0.177795358 0.526763685
v 0.330727531 0.237156059 0.593091076
v 0.314687732 0.257465727 0.579063624
v 0.389494348 0.140172559 0.163170621
v 0.352723792 0.223468407 0.0199256152
v 0.325520689 0.259717569 -0.0846335192
v 0.401052994 0.0630255851 0.540731242
v 0.229812621 0.335828302 0.591365049
v 0.38737417 0.123413069 0.410987368
v 0.268451795 0.132035469 0.681129266
v 0.287816065 0.104003637 0.681861384
v 0.265538393 -0.0320173693 0.681137379
v 0.401524029 0.0637428278 0.476542521
v 0.400723408 0.0676520167 0.510149794
v 0.40282718 0.0629218909 0.319464918
v 0.378500372 -0.170515927 -0.111908205
v 0.696926792 -0.189373451 -0.0885865698
v 0.714578066 -0.171422831 -0.119599507
v 0.404158227 -0.0555320723 0.589389926
v 0.318760945 -0.021461637 0.68209381
v 0.407510353 0.00675337834 0.590521067
v 0.39705895 0.120878545 0.0698509565
v 0.394656942 0.129128971 0.049160932
v 0.691085523 -0.187501924 0.0906838398
v 0.0283735186 -0.275088608 0.680725257
v 0.299226464 -0.274362169 0.471908973
v 0.302610417 -0.270657582 0.498516614
v 0.27828804 -0.295737105 0.488681751
v 0.365650482 0.177090366 0.389041961
v 0.378188544 0.148905779 0.379679191
v 0.410810444 -0.0227479485 0.202604796
v 0.409176795 -0.0407575642 0.223084645
v 0.410199308 -0.0313930635 0.184697389
v 0.407346177 0.0296197524 0.309584973
v 0.405348835 0.0293258795 0.400127829
v 0.403569281 0.0501229158 0.424690896
v 0.398131729 0.0800781745 0.421390015
v 0.400424711 0.0703947103 0.405389886
v 0.655808601 -0.0398371515 0.204152287
v 0.655862479 -0.0754676166 0.193887182
v 0.680317392 -0.0541237466 0.200722034
v 0.38140461 -0.146231775 0.272883537
v 0.373513917 -0.168679544 0.24394913
v 0.383072984 -0.146051296 0.255278449
v 0.405497098 0.0240747955 0.570846062
v 0.702510119 0.0542985321 0.199682171
v 0.695753225 -0.0416392172 0.203335522
v 0.700597919 -0.0723357798 0.194566025
v 0.310689892 0.00345710008 0.681201859
v 0.359407522 -0.189367405 0.337214171
v 0.375122509 -0.156934133 0.324232573
v 0.369480704 -0.169296847 0.350031901
v 0.406142273 -0.0198544858 0.445000119
v 0.200917808 -0.210877738 0.680591411
v 0.21463485 -0.182296091 0.680461996
v 0.193410479 -0.183962238 0.680934268
v 0.309523325 -0.048116008 0.680838578
v 0.288741182 0.000935182133 0.680826457
v 0.404633941 0.0462506235 0.589509501
v 0.67935678 -0.092759377 0.185973522
v 0.318683572 0.0253716801 0.682036135
v 0.404178917 0.040043792 0.496605957
v 0.339533226 -0.222812658 0.440558603
v 0.324277189 -0.244165474 0.460118375
v 0.322234879 -0.246622907 0.429541681
v 0.245164879 0.106731092 0.680554072
v 0.394835169 0.0964067275 0.464863538
v 0.31374605 0.0480906346 0.681897767
v 0.404880847 -0.0285740352 0.553868127
v 0.293773321 -0.280584791 0.533664431
v 0.282347329 -0.292035433 0.5124582
v 0.304281301 -0.268836055 0.520361655
v 0.391737832 0.10672325 0.540180765
v 0.254346298 -0.129974449 0.680631835
v 0.273759147 -0.142953804 0.6810175
v 0.336243962 -0.227278523 0.417981869
v 0.406084544 -0.0123838593 0.512573773
v 0.319249743 -0.250759073 0.486605629
v 0.238541956 0.172597737 0.680733809
v 0.236579367 0.19502201 0.681455891
v 0.257938595 0.178520885 0.681899058
v 0.403937299 -0.0452063709 0.468389286
v 0.382376655 0.138381814 0.341792598
v 0.373532791 0.160443923 0.356565691
v 0.404199914 -0.0404508345 0.536626607
v 0.408559062 0.00394766312 0.305123698
v 0.40747734 0.00726526657 0.328193468
v 0.406935119 -0.00623403994 0.351468229
v 0.302577519 0.0274499396 0.680789518
v 0.411409397 -0.0248357634 0.169390752
v 0.411958951 -0.00643457034 0.184215239
v 0.403971687 0.0765065579 0.24802117
v 0.396977421 0.101872295 0.268869977
v 0.402859102 0.0750128632 0.273326814
v 0.573294131 -0.0700631322 0.195791273
v 0.191683968 -0.357125037 -0.0889471381
v 0.169888482 -0.367424716 -0.0775475735
v 0.186091066 -0.359826963 -0.0652796566
v 0.405317831 0.0293514245 0.446516255
v 0.403217132 0.0489751178 0.454895643
v 0.405656449 0.0270643609 0.472822591
v 0.390844545 0.130012512 0.228160897
v 0.397750261 0.104738807 0.238090223
v 0.391107957 0.116114155 0.296387487
v 0.400141617 0.0840541831 0.294609587
v 0.571075601 0.135181867 0.158467057
v 0.406102558 0.0111561359 0.423114861
v 0.411286199 -0.0132879009 0.222649431
v 0.411399484 0.00585776662 0.206297158
v 0.408843378 -0.0198213349 0.29149384
v 0.407875863 -0.0142295459 0.313249498
v 0.413818538 0.0159829076 0.153746568
v 0.547266971 0.0492143135 0.203974462
v 0.547403595 0.0124618869 0.209264652
v 0.414139312 -0.0124347482 0.154040923
v 0.547602104 -0.204142293 0.0545777828
v 0.545978634 -0.19279141 0.0812519433
v 0.413626061 -0.0167495772 0.159225141
v 0.32397778 0.248879507 0.234183531
v 0.281335916 0.2955143 0.261818369
v 0.547524067 0.191834278 0.0843644722
v 0.414633429 -0.000756617991 0.155618074
v 0.413403893 -0.0357509058 0.14931312
v 0.170190265 -0.366910349 0.126654875
v 0.385647681 0.129206001 0.363240756
v 0.719500829 0.155396129 0.136216315
v 0.716828631 0.130309239 0.161317157
v 0.708490093 0.14424642 0.148217899
v 0.410457884 -0.0216020914 0.245695708
v 0.407860836 -0.0430104049 0.269507603
v 0.406911362 0.0626285974 0.224844436
v 0.718626707 0.0488031011 0.201120147
v 0.399126784 0.111059669 0.136352142
v 0.402382662 0.102016621 0.120031795
v 0.720777296 0.206472583 0.00852104517
v 0.561827384 -0.0924973074 0.186075931
v 0.67042375 0.122279521 0.168021116
v 0.642143972 0.112962103 0.175074386
v 0.547755055 0.0907358281 0.189882634
v 0.406792837 0.0756322943 0.127346079
v 0.699614711 -0.117159026 0.17119482
v 0.674437775 -0.122931715 0.167839511
v 0.388268217 0.145702025 0.0570871132
v 0.410496402 0.0566290689 0.15119098
v 0.407126204 -0.0564682361 0.244837163
v 0.400972421 -0.090080674 0.245461012
v 0.400143208 -0.0964682605 0.223021557
v 0.546630462 -0.00219303721 0.208397368
v 0.612953101 -0.0281708784 0.206334004
v 0.589079438 -0.0174630409 0.207448478
v 0.407936885 0.0511341024 0.243662206
v 0.411466274 -0.0469240802 0.142997159
v 0.595786581 0.0789496003 0.192345646
v 0.587871445 0.0181662727 0.207323352
v 0.568636201 0.00109728729 0.207954143
v 0.563644421 0.0315668221 0.205440937
v 0.406384101 0.0587673565 0.264458701
v 0.371940703 0.18585633 0.103769636
v 0.688805821 0.0910724627 0.186412077
v 0.673453324 0.0558276866 0.200084408
v 0.396952268 0.0857130302 0.551841557
v 0.404045727 -0.07165698 0.262328255
v 0.406876577 -0.0220493723 0.332949043
v 0.71108457 -0.0406658462 0.203266967
v 0.396708114 -0.0899310517 0.441454661
v 0.324487558 -0.244107195 0.365173587
v 0.340454469 -0.221155337 0.38371536
v 0.624807689 -0.0906498879 0.187381544
v 0.634326919 -0.117856619 0.171339335
v 0.653907018 -0.104838245 0.179669461
v 0.718683032 -0.0318078158 0.204350877
v 0.399230332 -0.075698065 0.490794472
v 0.718053078 -0.0863550345 0.188136692
v 0.708750721 0.168773909 0.120241129
v 0.372698265 -0.174375351 0.216045414
v 0.378204129 -0.161376173 0.230803282
v 0.382955823 -0.15258439 0.219036066
v 0.267102937 -0.305051359 0.405494101
v 0.214801306 -0.343255657 0.340609564
v 0.277223936 -0.295918273 0.366185144
v 0.546264272 -0.180641725 0.103492726
v 0.569362207 -0.187135448 0.092115925
v 0.570249562 -0.16090304 0.131481816
v 0.595362769 -0.180457169 0.104001512
v 0.716237873 -0.126818485 0.163903287
v 0.71120106 -0.14631297 0.146768999
v 0.621373131 -0.161895888 0.130747107
v 0.237245489 -0.329543209 0.50127922
v 0.230444773 -0.334140989 0.531332689
v 0.256170979 -0.31538549 0.517667892
v 0.652368587 -0.127381429 0.164463767
v 0.316580106 -0.0654711771 0.681592185
v 0.621424979 -0.185571895 0.0956523156
v 0.404870073 -0.0868964935 0.11466447
v 0.549918249 -0.196270339 0.070430433
v 0.71702246 0.152972161 -0.140602731
v 0.54802833 -0.104020566 0.18274341
v 0.546868359 -0.128507446 0.165489468
v 0.583197174 0.048811469 0.202302729
v 0.398906333 -0.113436296 0.113898818
v 0.400958044 -0.106690699 0.104202646
v 0.409907139 -0.063522252 0.134676744
v 0.378905128 -0.163792801 0.194799464
v 0.683650314 -0.206257403 0.0306826732
v 0.690495619 -0.199019108 0.0611987604
v 0.352239367 -0.223721057 -0.00414834594
v 0.364241175 -0.203527718 -0.00810687989
v 0.35643401 -0.21759159 -0.0362330044
v 0.637147747 -0.122310724 -0.170299618
v 0.651916762 -0.0894768352 -0.18973879
v 0.355289269 -0.196819665 0.44999049
v 0.371353785 -0.16536194 0.465289776
v 0.368372702 -0.172219004 0.434445423
v 0.234397896 -0.332698578 0.0428370388
v 0.282990066 -0.292562044 0.187706045
v 0.319139156 -0.264500224 0.00220333494
v 0.319565213 -0.264377038 -0.0216820694
v 0.305340252 -0.278010933 -0.00690806982
v 0.230700128 -0.19726229 0.680616044
v 0.381286058 -0.141239882 0.397381683
v 0.392523714 -0.106272748 0.396027828
v 0.386387445 -0.127151196 0.419823385
v 0.362018449 -0.195797915 0.200820632
v 0.302320444 -0.278564595 0.0875268085
v 0.300197338 -0.278888502 0.117482748
v 0.317754065 -0.262438302 0.113666613
v 0.374784742 -0.159786734 0.294912588
v 0.362439702 -0.187255049 0.271007144
v 0.4064805 -0.0669902361 0.175616932
v 0.361044525 -0.187095868 0.307712807
v 0.345057173 -0.214852221 0.288494675
v 0.326561114 -0.242033927 0.275254577
v 0.396464831 -0.124645285 0.092606403
v 0.390974543 -0.138678364 0.105162423
v 0.38499867 -0.142985873 0.239665021
v 0.358092129 -0.191310351 0.365686257
v 0.400630787 -0.10504868 0.132709167
v 0.383835133 -0.154376801 0.14887439
v 0.383653805 -0.154623214 0.17557886
v 0.359182433 -0.189937842 0.390369826
v 0.350731027 -0.204578886 0.503029215
v 0.354467968 -0.198532729 0.477616592
v 0.367253984 -0.174106441 0.496865387
v 0.262727682 0.113186131 0.680961553
v 0.258552976 -0.00942274345 0.680810478
v 0.316134057 -0.254502752 0.333817741
v -0.144885083 -0.261579395 0.680720763
v -0.167386721 -0.260733891 0.681508285
v 0.691098835 -0.130645743 -0.163591431
v 0.668091275 -0.139804324 -0.156254877
v 0.277375005 -0.113297175 0.68050353
v 0.391633631 -0.109023994 0.515568688
v 0.393386271 -0.102892485 0.423312686
v 0.642084808 0.0510175331 0.201656042
v 0.0422103313 -0.402186488 0.436481829
v 0.398296116 -0.0837404521 0.335096135
v 0.389841384 -0.116382075 0.443105664
v 0.225167082 -0.160513465 0.680606339
v 0.235585545 -0.140038874 0.680729704
v 0.372307692 -0.163018911 0.374623063
v 0.369777654 -0.168478494 0.40592057
v 0.385709198 -0.128532882 0.368802516
v 0.378783529 -0.147079792 0.350297524
v 0.397027588 -0.0914194698 0.578940616
v 0.304575652 -0.0700102125 0.680376349
v 0.292312645 -0.0882229561 0.680257
v 0.310770075 -0.0861824701 0.681452481
v 0.299900249 -0.109901466 0.681534624
v 0.182884682 0.249197386 0.680519849
v 0.19550279 -0.355385786 0.0185985559
v 0.209522476 -0.347709143 -0.0101828477
v 0.291342588 -0.0601963557 0.680375255
v 0.272700845 -0.0834849986 0.680344033
v 0.381204469 -0.141221086 0.491012166
v 0.400344778 -0.0720526827 0.357316389
v -0.068657531 -0.400987645 0.577890561
v 0.110596445 -0.106474166 0.68114941
v 0.379940617 -0.144509509 0.441952098
v 0.377471651 -0.150513867 0.515823577
v 0.387507075 -0.125966777 0.581859363
v 0.374195548 -0.160911075 0.581616604
v 0.381695013 -0.139422189 0.559777372
v 0.362137365 -0.184018528 0.540904044
v 0.352065244 -0.202577717 0.553578279
v 0.366681756 -0.174777737 0.559666108
v 0.357248677 -0.193680299 0.575118816
v 0.730017614 -0.0501241005 0.201929487
v 0.377717693 -0.150592554 0.419810438
v 0.403253338 0.0507663183 0.397532126
v 0.394926467 -0.0972093082 0.361609059
v 0.403359669 -0.0704618872 0.281166588
v 0.397544871 -0.0937693155 0.292294278
v 0.392238228 -0.11604748 0.279323433
v 0.382578103 -0.136510402 0.536184945
v 0.331926614 -0.236630103 0.588890793
v 0.303520932 -0.269083596 0.362357182
v 0.294880973 -0.27868588 0.385791145
v 0.303045585 -0.269925551 0.444047561
v 0.336862269 -0.226819593 0.567308033
v 0.31048008 -0.262865988 0.574991033
v 0.0786596729 -0.300548792 0.681964246
v 0.0879733656 -0.278886985 0.681054491
v 0.211793613 -0.0548013503 0.681238057
v 0.247067611 -0.20705916 0.682069559
v 0.179828926 -0.149866275 0.68097423
v 0.213960272 -0.133901389 0.681061737
v 0.142684181 -0.242323606 0.680715599
v 0.337689633 -0.225586226 0.483953151
v 0.292106647 -0.28217699 0.554481392
v 0.282008125 -0.292672283 0.573926803
v 0.270670721 -0.30308186 0.557682756
v 0.197625884 -0.353255109 0.186110001
v 0.155371004 -0.373199955 0.191716207
v 0.290322684 -0.131005082 0.681766794
v 0.284682732 -0.28902015 0.429365428
v 0.18858045 -0.246105063 0.681631016
v 0.170192053 -0.227425775 0.680896887
v 0.358771064 -0.212719723 0.0222452021
v 0.345197027 -0.234501648 0.0221133112
v -0.046562534 -0.40359179 0.565071107
v 0.369415165 -0.185134961 0.191541797
v 0.37210524 -0.181063123 0.164920585
v 0.291635247 -0.284944509 0.591018032
v 0.351765104 -0.214037219 0.187409805
v 0.154094768 -0.375369653 0.563214669
v 0.265602097 -0.309261045 0.588805792
v 0.236725547 -0.331542842 0.585961348
v 0.673308131 -0.172429226 0.116496719
v 0.644378091 -0.180677591 0.104810026
v 0.255507501 -0.315659594 0.571049067
v 0.252483502 -0.318305338 0.546632843
v 0.0348755484 -0.404424912 0.561401075
v 0.10404613 -0.214783899 0.681029441
v 0.117923785 -0.242776078 0.68093859
v 0.130935702 -0.205835717 0.681042819
v 0.183599149 -0.361892843 0.52583923
v 0.149520345 -0.377398425 0.522079219
v 0.1812628 -0.363060349 0.498600716
v 0.0784828958 -0.396874956 0.437886678
v 0.100525002 -0.392252507 0.45645674
v 0.100353025 -0.392405865 0.475821814
v 0.124193737 -0.385705077 0.467802881
v 0.120177126 -0.38718156 0.4947383
v 0.236113188 -0.109218205 0.680747722
v 0.257356885 -0.105151843 0.680613993
v 0.0572749586 -0.400643984 0.450638444
v 0.0358780263 -0.403273843 0.463387615
v 0.0724381784 -0.398357917 0.466147228
v 0.0719310987 -0.262749805 0.680750923
v 0.204340134 -0.165006646 0.680887462
v 0.0604156694 -0.223870644 0.681036585
v 0.065922001 -0.177091862 0.681360123
v 0.110786018 -0.390409764 0.585907991
v 0.213251183 -0.231337749 0.681855953
v 0.134026599 -0.383281933 0.583454827
v -0.405536599 0.0346753563 0.3420365
v -0.406828458 0.034652201 0.305486147
v 0.397067588 0.0860375455 0.531170172
v 0.0981022131 -0.39211536 0.341947586
v 0.125566913 -0.384051988 0.317820778
v 0.0954961801 -0.392628903 0.300206871
v 0.109403033 -0.390553563 0.519534336
v 0.0130057149 -0.404254331 0.446532666
v -0.0193306375 -0.403982987 0.442620736
v -0.188676298 -0.261375571 0.682504968
v 0.153068334 -0.375318725 0.482389976
v 0.065993063 -0.399980502 0.502932876
v 0.151154848 -0.375922446 0.451751671
v 0.0865585395 -0.396253292 0.495760936
v 0.230093689 -0.333961589 0.141701283
v 0.251503684 -0.319484805 0.138748619
v 0.209660232 -0.34762192 0.0421586341
v 0.179648721 -0.362826382 0.047341088
v 0.546599794 -0.147037718 -0.14956537
v 0.553196477 -0.133905438 -0.161238821
v 0.547314212 -0.131077572 -0.164521656
v 0.369188894 -0.19206874 0.0538207805
v 0.360077023 -0.210096248 0.051045268
v 0.362351892 -0.205127819 0.0700303188
v -0.200459876 -0.353158534 0.523717392
v 0.199839872 -0.352990155 0.445662739
v 0.118811521 -0.386376865 0.364088503
v 0.36342847 -0.200108566 0.137481644
v 0.282896784 -0.290651862 0.344096577
v 0.129006423 -0.383079691 0.342883733
v 0.154805342 -0.373728665 0.332290645
v 0.148705761 -0.375962176 0.361269782
v 0.12387083 -0.385014222 0.392013535
v 0.15478775 -0.37366919 0.303768111
v 0.122767594 -0.385192516 0.288127127
v 0.329220883 -0.247341453 0.14621599
v 0.3457096 -0.225069799 0.165118411
v 0.122044463 -0.385206082 0.241138953
v 0.118657012 -0.38600668 0.214148506
v -0.0218245155 -0.402695512 0.263288233
v 0.126377112 -0.383608913 0.132742285
v 0.0941633964 -0.392306691 0.138120893
v 0.106296224 -0.389663325 0.114491357
v 0.112468766 -0.387747942 0.158432404
v 0.326458654 -0.256064939 0.0724933812
v 0.330622709 -0.249941696 0.0997017764
v 0.31586486 -0.266308946 0.0810245721
v 0.40484643 -0.0813638259 0.162889983
v 0.318393686 -0.257589759 0.162598193
v 0.0827152423 -0.39755197 -0.597166559
v 0.0452818052 -0.402998966 -0.603732478
v 0.0671280471 -0.399059457 -0.602471322
v 0.289447199 -0.284465018 0.260993197
v 0.282475074 -0.291277644 0.28854089
v 0.264935671 -0.307281759 0.247002467
v 0.0802033207 -0.395489373 0.170767684
v 0.244116776 -0.325752211 0.0695570734
v 0.272765491 -0.303375605 0.12067271
v 0.330771552 -0.247916745 0.1237053
v 0.36859161 -0.191637239 0.107802231
v 0.227207709 -0.336878695 0.0915797206
v 0.367428203 -0.196241954 0.0340709654
v 0.277098699 -0.298066751 0.148746693
v 0.2875013 -0.290045633 0.129504563
v 0.206369549 -0.349194128 0.0825294769
v 0.178384883 -0.363681518 0.0847472719
v 0.298903812 -0.27866249 0.150867566
v 0.294475319 -0.279839602 0.21849207
v 0.546929566 -0.169610237 -0.126159859
v 0.401092679 -0.102622981 -0.100610944
v 0.396993279 -0.114537718 -0.0776558923
v 0.307050898 -0.265687178 0.266608565
v 0.377958866 -0.173180501 0.057300673
v 0.370747009 -0.188756346 0.0797282279
v 0.333392826 -0.249136251 0.0583291143
v 0.342848077 -0.237099856 0.0520160128
v 0.333870621 -0.248364164 0.0360873188
v 0.0329582249 -0.405434057 -0.561228666
v 0.0627970244 -0.402078834 -0.528884002
v 0.300224101 -0.27367904 0.242647491
v 0.353336903 -0.216338257 0.152265234
v 0.341565136 -0.233315179 0.140719938
v 0.349669163 -0.223665789 0.129476153
v 0.328494512 -0.238946526 0.304269989
v 0.342183278 -0.218609147 0.462666933
v 0.256585624 -0.314978189 0.167470955
v 0.31353364 -0.264299919 0.136595344
v 0.339250301 -0.238552623 0.120056328
v 0.389853894 -0.134707671 0.199238767
v 0.346540066 -0.229335106 0.102489262
v 0.362100266 -0.201558559 0.158849135
v 0.359935025 -0.202652127 0.175687509
v 0.546067108 -0.172415553 0.117392609
v 0.384843325 -0.1578532 -0.0579968677
v 0.0947055849 -0.392472882 0.201289633
v 0.0892958269 -0.393764955 0.230932704
v 0.285807256 -0.291953234 0.111152877
v 0.207696313 -0.349146699 0.51556184
v 0.329713666 -0.253682194 -0.0099411946
v 0.119281745 -0.3856492 0.184327697
v 0.142565961 -0.37799841 0.159440878
v 0.732798595 -0.16051678 -0.135498096
v 0.73353563 -0.197162165 0.0660102456
v 0.302101084 -0.276180169 -0.133273494
v 0.638386136 -0.196889165 0.0685320875
v 0.652317114 -0.207518525 0.0256260197
v 0.39100325 -0.136139387 -0.131786348
v 0.38980085 -0.136677705 -0.15993733
v 0.397910217 -0.112205438 -0.148864238
v -0.0387055877 -0.401911038 -0.0704581941
v -0.0177765449 -0.403990423 -0.0920440478
v 0.391739428 -0.137358774 -0.0219510515
v 0.546406216 -0.153194536 -0.143348857
v 0.366037195 -0.200227137 -0.0778020876
v 0.365204792 -0.200609831 -0.105335881
v 0.38278189 -0.163000678 0.0363501184
v 0.390177542 -0.14438759 0.0294434851
v 0.405761295 -0.0829619373 -0.114497859
v 0.409420011 -0.0383929707 -0.203146816
v 0.321873132 -0.262184013 0.0265713748
v 0.306200491 -0.27715463 0.0220454278
v 0.352634781 -0.222691417 0.0451142447
v 0.313835443 -0.254894148 -0.375951831
v 0.328047679 -0.236902578 -0.349296297
v 0.301530429 -0.270179001 -0.345383439
v 0.319683461 -0.248914112 -0.32055572
v 0.378590616 -0.133189995 -0.592598039
v 0.37277897 -0.149153439 -0.555156622
v 0.364348903 -0.168928627 -0.595652002
v 0.377201272 -0.164985706 -0.214700701
v 0.380516837 -0.16222816 -0.180139856
v 0.370677319 -0.180315525 -0.196726655
v 0.392251567 -0.138766957 -0.0713906995
v 0.391848986 -0.139897525 -0.0455025794
v 0.624040635 -0.209217239 0.0058708792
v 0.624377374 -0.206708017 -0.0348680781
v 0.649193411 -0.209050026 -0.0153333347
v 0.356052009 -0.212706546 -0.147722465
v 0.345484781 -0.229124779 -0.143750835
v 0.352735448 -0.220126519 -0.128131421
v 0.160295526 -0.371595541 -0.0303334369
v 0.647198821 -0.202824917 -0.052297404
v 0.622001087 -0.199070664 -0.0660084699
v 0.393354802 -0.129737052 -0.0016495734
v 0.365981284 -0.200819682 -0.0536948214
v 0.358988779 -0.213145497 -0.0618366856
v 0.596177483 -0.202155628 -0.054228871
v 0.66645337 -0.202071398 0.0538922204
v 0.546925294 -0.161462148 -0.133467815
v 0.547065216 -0.211045602 0.00590833583
v 0.393177536 -0.131753527 0.0196873217
v 0.551142927 -0.179894222 -0.106529888
v 0.574086979 -0.172717845 -0.118368745
v 0.575730808 -0.145194208 -0.151070853
v 0.338306702 -0.24214211 0.0774144501
v 0.393480353 -0.132374582 0.0402408035
v 0.410694776 -0.0515108935 -0.116656878
v 0.572138782 -0.190606432 -0.0871397402
v 0.564634571 -0.202503479 -0.0531416225
v 0.351344154 -0.224219433 0.0715048137
v 0.709356185 -0.162042182 -0.131978302
v 0.644731285 -0.173449458 -0.117712069
v 0.393200259 -0.130258863 -0.0415276944
v 0.394847245 -0.127154824 -0.0625462215
v 0.545778387 -0.177817694 -0.11212939
v 0.54593379 -0.207496633 -0.0297566955
v 0.546175393 -0.209645897 -0.000965022765
v 0.54640289 -0.207113956 -0.0288941998
v 0.314960139 -0.258437831 -0.202108682
v 0.381821849 -0.161907076 -0.139873631
v 0.371660138 -0.183431605 -0.153347393
v 0.299433707 -0.280423397 -0.109559183
v 0.730527958 -0.0268237118 -0.20668817
v 0.726620217 -0.0829402637 -0.190615206
v 0.602047311 -0.184629615 -0.0985598108
v 0.637644894 -0.188762272 -0.0911261745
v 0.591847689 -0.0886821253 -0.190878897
v 0.278314879 -0.294015674 -0.413524834
v 0.258569226 -0.312263105 -0.425145651
v 0.290937879 -0.281247368 -0.402546234
v 0.710176868 -0.135864193 -0.158308629
v 0.639725934 -0.155716481 -0.140540969
v 0.607255818 -0.145399818 -0.151053682
v 0.392753093 -0.133765966 -0.10809942
v 0.394288536 -0.130334227 -0.0909844265
v 0.38792523 -0.147482898 -0.0867855462
v 0.547760921 -0.14794983 -0.151697842
v 0.715999193 -0.105885031 -0.179235449
v 0.618959284 -0.169455473 -0.12393161
v 0.674078773 -0.205903378 -0.0382334066
v 0.693352493 -0.201535335 -0.0554283307
v 0.698559737 -0.207000845 -0.028152332
v 0.701340314 -0.208764567 0.00110265041
v 0.716365151 -0.207750069 -0.00910638981
v 0.333239905 -0.249314746 -0.0626828735
v 0.335885443 -0.244721465 -0.0905364159
v 0.32413849 -0.259509664 0.0485758663
v 0.33839221 -0.235185977 -0.158351118
v 0.354233707 -0.212855651 -0.167462972
v 0.229065749 -0.335287765 -0.120805929
v 0.21458807 -0.34425003 -0.0993516457
v 0.194572633 -0.355482248 -0.120405596
v 0.670487905 -0.197515732 -0.0696977896
v 0.713264561 -0.201604903 -0.0530700689
v 0.408664658 -0.0508694058 -0.172877549
v 0.411628312 -0.0168264769 -0.171375186
v 0.412508509 -0.0349840172 -0.127869973
v 0.410596118 -0.0396346119 -0.14912263
v 0.371365648 -0.188768118 0.0134838851
v 0.375109916 -0.179917364 0.032998968
v 0.726926638 -0.206336869 -0.0301701073
v 0.72070609 -0.191321078 -0.0822721987
v 0.379122711 -0.157225727 -0.241228203
v 0.386890935 -0.136982761 -0.245901438
v 0.384114977 -0.141367159 -0.265780495
v 0.40915823 -0.0587573283 -0.13701105
v 0.403726003 -0.0832630164 -0.168479625
v 0.396707432 -0.113671629 -0.177222109
v 0.410988451 -0.00573852697 -0.20157341
v 0.656971002 -0.0141954826 -0.20957632
v 0.345132481 -0.234542891 -0.0483912161
v 0.239553945 -0.329520095 -0.00854130922
v 0.222554196 -0.339989214 0.0164692761
v 0.36068459 0.208249828 0.0643807978
v 0.169929984 -0.367537306 0.0241216764
v 0.547406459 -0.20960381 -0.0318315288
v 0.316168861 -0.267339287 0.0598566495
v 0.290157046 -0.289099272 0.0958483549
v 0.385399197 -0.153015359 -0.110873255
v 0.357883236 -0.213545854 -0.112417297
v 0.595851212 -0.165485244 -0.128423418
v 0.391697162 -0.104284894 -0.464661412
v 0.389335665 -0.113409 -0.497554609
v 0.38345045 -0.130482136 -0.476375758
v 0.34327368 -0.220990292 -0.234311117
v 0.367878147 -0.18944499 -0.177075064
v 0.115133147 -0.389697475 -0.485649117
v 0.098082679 -0.394860815 -0.514869899
v 0.0887788376 -0.39662268 -0.487199091
v 0.215790788 -0.343563156 -0.147697541
v 0.244228194 -0.324555843 -0.14137124
v 0.241143667 -0.326537419 -0.173930189
v 0.21118746 -0.346296054 -0.304581337
v 0.26680239 -0.305089725 -0.333918551
v 0.195879218 -0.355015995 -0.369817912
v 0.362188908 -0.179881422 -0.412714602
v 0.352720774 -0.198045827 -0.434929016
v 0.343792041 -0.212088175 -0.409629522
v 0.257544422 -0.31525611 -0.116235352
v 0.284190201 -0.292810083 -0.124356424
v 0.2676597 -0.306930741 -0.148344957
v 0.274492217 -0.302057091 -0.101176595
v 0.287616885 -0.29095896 -0.0991626037
v 0.26129747 -0.311350371 -0.193065899
v 0.273096549 -0.301102491 -0.176888396
v 0.295370568 -0.281305615 -0.156519012
v 0.296454392 -0.279463101 -0.186596476
v 0.314377935 -0.260753481 -0.176276928
v 0.0353230722 -0.402519029 -0.0238741641
v 0.00916721011 -0.403796478 -0.00921228208
v 0.0398955875 -0.401956323 -0.000189085561
v 0.303191924 -0.279342691 0.0565502818
v 0.28743043 -0.293333126 0.0339459874
v 0.20432737 -0.350102343 -0.170106169
v 0.0464923239 -0.40081127 0.184944849
v 0.0296976088 -0.402466325 0.0537517366
v 0.0103656412 -0.403144345 0.0703262111
v 0.264750566 -0.311165877 -0.0194305937
v 0.248489201 -0.323030768 -0.0374723944
v 0.0737461055 -0.398072708 -0.104918037
v 0.134335545 -0.380850418 0.0984544921
v 0.118065747 -0.386424429 0.0724785686
v 0.0523615221 -0.400755865 -0.237322242
v 0.0835854051 -0.395916424 -0.234080032
v 0.363490339 -0.200669117 -0.157974723
v 0.0479578387 -0.400925925 0.0288065994
v 0.0822870873 -0.395545867 0.0161015183
v 0.0836724582 -0.395171657 0.0378968082
v 0.0606230254 -0.399184954 0.056150879
v 0.198325346 -0.353690107 0.0646334635
v 0.634898127 0.0850778277 0.189766762
v 0.620554041 0.0682267173 0.196766747
v 0.275277572 -0.303342244 0.00997238335
v 0.0119495398 -0.403863285 -0.0347210586
v 0.190942979 -0.357783573 -0.0397836641
v 0.372854849 -0.184471297 -0.124251754
v 0.243022988 -0.326520827 -0.0638458683
v 0.266522164 -0.309524498 -0.0540128043
v 0.260039331 -0.313742513 -0.0853700507
v 0.279040602 -0.299148799 -0.0790188631
v 0.131222228 -0.38270541 -0.0455748781
v 0.313777813 -0.269530491 0.0421999411
v -0.0706538237 -0.400604093 -0.58146565
v 0.237274679 -0.329995813 -0.0929616576
v 0.215484614 -0.343940222 -0.0702453336
v -0.022135002 -0.402789217 0.219093454
v 0.138237341 -0.380223841 -0.101480166
v 0.120214215 -0.386446773 -0.110762865
v 0.116617339 -0.387323269 -0.0807781333
v 0.146259347 -0.377101403 -0.0761381202
v 0.225592729 -0.33801339 -0.0392683782
v 0.182916687 -0.361498324 -0.151066518
v 0.160354302 -0.371758867 -0.15748152
v 0.151655284 -0.375163598 -0.130304347
v -0.0277019757 -0.400908335 -0.332695606
v 0.100283837 -0.392241447 -0.134414807
v 0.135761723 -0.381385979 -0.161014276
v 0.0962919429 -0.393022878 -0.176416197
v 0.0788206273 -0.397034118 -0.152497024
v -0.0961392278 -0.391165245 -0.315588741
v 0.407914115 -0.0628022815 -0.150960537
v 0.164138002 -0.370040855 -0.100059431
v 0.0984434182 -0.392481964 -0.103177869
v 0.338868321 -0.223505247 -0.299315673
v 0.342578421 -0.216321462 -0.328517767
v 0.11555124 -0.387857589 -0.219707812
v 0.087884812 -0.394984023 -0.207723863
v -0.0637997922 -0.397340822 -0.323553383
v 0.31202858 -0.256724824 -0.405033959
v 0.112839196 -0.389005171 -0.280123332
v 0.0846030308 -0.396887189 -0.3989864
v 0.0937346716 -0.395047982 -0.424213586
v 0.325915901 -0.238818784 -0.396568871
v 0.337285479 -0.22284574 -0.377549219
v 0.283964898 -0.288580815 -0.425832172
v 0.056463577 -0.401073151 -0.168314819
v 0.0716903483 -0.400409571 -0.507218586
v 0.038591585 -0.404568814 -0.494462605
v 0.362733814 0.184748993 -0.417138181
v 0.363628988 -0.202183557 -0.133781676
v 0.12183291 -0.386674855 -0.31412496
v 0.136318562 -0.381726618 -0.338444429
v 0.105426173 -0.391540835 -0.347398271
v 0.298912967 -0.273580936 -0.453386799
v -0.00449234796 -0.405305238 -0.461902272
v -0.0317835217 -0.403127218 -0.448537658
v 0.0200277548 -0.40357912 -0.383150983
v 0.547448025 -0.198974075 -0.0744382204
v 0.331407478 -0.251873 0.010947302
v 0.14693991 -0.373677942 -0.596306732
v 0.211659714 -0.345384026 -0.613424204
v 0.19241074 -0.35768775 -0.599564547
v 0.0183143111 -0.406236682 -0.523282759
v 0.0475715754 -0.402385973 -0.396079158
v 0.118421933 -0.38729594 -0.605618073
v 0.140185612 -0.381067593 -0.600303816
v -0.189149692 -0.359897711 -0.548746686
v -0.0590726933 -0.401624266 -0.597810177
v 0.0940223506 -0.395528485 -0.456002832
v 0.0625451217 -0.401486363 -0.466886097
v 0.376196831 -0.155333715 -0.2997027
v 0.377692371 -0.153925536 -0.280268648
v 0.36816996 -0.17380711 -0.288852952
v 0.285243474 -0.287250207 -0.374205705
v 0.367475549 -0.169060572 -0.440061569
v 0.104691637 -0.391155103 -0.24765982
v -0.0243247989 -0.401590322 -0.35364224
v 0.396931785 -0.0827747139 -0.43126082
v 0.314643638 -0.255796048 -0.481146829
v 0.297304272 -0.276197213 -0.492514552
v 0.350862762 -0.203541283 -0.486542518
v 0.366539475 -0.173308973 -0.492493534
v 0.360455109 -0.187203218 -0.513203301
v 0.20206385 -0.349436799 -0.608374414
v 0.215649728 -0.338512938 -0.59762534
v 0.175075178 -0.361819311 -0.597482248
v 0.382634557 -0.132218452 -0.4160287
v 0.373624299 -0.155390168 -0.419415235
v 0.381397026 -0.136362222 -0.445697003
v 0.388290156 -0.10843661 -0.603473242
v 0.289647869 -0.283638412 -0.304572242
v 0.31048728 -0.261580205 -0.279015449
v 0.305660601 -0.266463022 -0.304653874
v 0.369330829 -0.169332574 -0.315683863
v 0.68418964 -0.0262629342 -0.207635785
v 0.37136054 -0.165539279 -0.5551355
v 0.245071881 -0.317717616 -0.576053096
v 0.153011024 -0.370687746 -0.57419155
v -0.134252856 -0.373114455 -0.531251475
v 0.317071403 -0.247107052 -0.603538991
v 0.305117227 -0.26587054 -0.612378647
v 0.284701725 -0.285929195 -0.611730569
v 0.397168258 -0.0845791505 -0.563556863
v 0.367187418 -0.170635484 -0.602626429
v 0.371220059 -0.158016681 -0.6023671
v 0.385351144 -0.144818736 -0.229326903
v 0.309860045 -0.255474154 -0.573419357
v 0.386096558 -0.13153542 -0.296122353
v 0.400908933 -0.062220848 -0.413393733
v 0.214959921 -0.34371171 -0.245588678
v 0.29530768 -0.277565963 -0.322628121
v 0.254937799 -0.316244165 -0.233394398
v 0.275561425 -0.298527248 -0.218872794
v 0.32164025 -0.247300446 -0.29548104
v 0.323394948 -0.246633995 -0.245931186
v 0.337179731 -0.227586187 -0.267796556
v 0.27643313 -0.297714109 -0.508348243
v 0.398077855 -0.117078413 -0.104731795
v 0.395415391 0.0947520568 -0.46635792
v 0.360903541 -0.187152578 -0.542998339
v 0.350434453 -0.206640288 -0.574315315
v 0.362646562 -0.184851585 -0.567683105
v 0.372783278 -0.159051854 -0.468772795
v -0.286168312 0.252849603 -0.43029004
v 0.403275794 0.00294348508 -0.618184563
v 0.381349441 -0.137629926 -0.363774117
v 0.375717481 -0.15353444 -0.339000597
v 0.367189704 -0.171131082 -0.361744668
v 0.389989662 0.115378282 -0.447591203
v 0.394506321 -0.094852162 -0.51515621
v 0.410824879 0.00708551176 -0.225242708
v 0.40991984 0.02628676 -0.243009434
v 0.311121519 -0.262420637 -0.22774177
v 0.402274127 -0.0853868775 -0.237464665
v 0.399322575 -0.0814966453 -0.323352855
v 0.397018648 -0.0873678987 -0.345256385
v 0.356386991 -0.1993862 -0.2475032
v 0.367855026 -0.173854669 -0.574655263
v 0.655571545 0.198073487 -0.0651071547
v 0.396171777 -0.0867371593 -0.397141051
v 0.393748619 -0.0987105801 -0.542261387
v 0.388945689 -0.112839486 -0.433939565
v 0.37957017 -0.145773063 -0.317437598
v 0.359603143 -0.187140594 -0.335621694
v 0.386502528 -0.121978827 -0.39046904
v 0.392647627 -0.103559886 -0.366462881
v 0.660523747 -0.0593801484 -0.200670776
v 0.299905506 -0.274453264 -0.534985298
v 0.370008947 -0.167953438 -0.523017729
v 0.379293277 -0.143710118 -0.503058482
v 0.390568131 -0.108048854 -0.414051514
v 0.388912524 0.117685201 -0.471644017
v 0.374520623 -0.153614072 -0.39205421
v 0.41057421 -0.0203595144 -0.22916801
v 0.355549322 -0.19793926 -0.277781377
v 0.370525631 -0.172284131 -0.260953927
v 0.356314895 -0.191331519 -0.383993493
v 0.390279323 -0.134738498 -0.185547557
v 0.292708619 -0.28062804 -0.609619138
v 0.355158105 -0.196861786 -0.307379506
v 0.252382227 -0.317409873 -0.273750099
v 0.337351656 -0.223061595 -0.439737854
v 0.280159599 -0.286820077 -0.597915236
v 0.400481866 0.0634871758 -0.599684098
v -0.33575205 -0.228643548 -0.44842465
v -0.295263938 -0.270889598 -0.571035418
v -0.718400917 -0.157319001 -0.137139643
v -0.412122629 -0.0328728937 -0.141030729
v -0.162636316 -0.372675137 -0.585874231
v -0.176764294 -0.365129849 -0.600385442
v -0.31790236 -0.252994914 -0.481309131
v -0.172308473 -0.368524098 -0.561755686
v -0.341100292 -0.222157469 -0.364915575
v -0.357909224 -0.194042183 -0.347809883
v -0.395866587 -0.117771381 -0.0724576632
v -0.593103178 -0.179138621 -0.109102688
v -0.319525699 -0.251111444 -0.453945329
v -0.305453639 -0.267683997 -0.425742157
v -0.319269692 -0.239564932 -0.564216317
v -0.17219469 -0.36837841 -0.53267608
v -0.0734504526 -0.399907708 -0.553497945
v 0.260423203 -0.311108256 -0.600987308
v -0.0599162891 -0.397628365 -0.358752221
v -0.157359073 -0.372758925 -0.371619225
v -0.611951612 0.037182741 -0.206664145
v 0.283254859 -0.290224047 -0.459499274
v 0.0101152151 -0.402903723 -0.246273644
v -0.0196987943 -0.402881147 -0.231658153
v 0.0621486607 -0.399499397 -0.217615278
v 0.0143378233 -0.404737274 -0.429416949
v 0.0216920584 -0.403316659 -0.363735554
v -0.001733173 -0.404409427 -0.184975493
v 0.201260506 -0.352485158 -0.615366052
v 0.0921986959 -0.392687466 -0.599037905
v 0.00188200362 -0.405978551 -0.492064375
v -0.219800394 -0.34098775 -0.269893016
v -0.141045129 -0.381424342 -0.55954082
v 0.0731028538 -0.398683763 -0.371537776
v 0.0489406834 -0.403006866 -0.440917478
v 0.262991886 -0.3071521 -0.613935346
v 0.00626395622 -0.403448676 0.018022234
v 0.0753691954 -0.398966165 -0.43991589
v 0.0358777508 -0.403595194 -0.423747162
v -0.0114512059 -0.403547478 -0.0221520411
v 0.238389673 -0.328373066 -0.208905736
v 0.261045115 -0.31086696 -0.211183307
v 0.0877018674 -0.394830522 -0.0527325261
v 0.0859124466 -0.395441161 -0.0839582134
v 0.226958189 -0.336000382 0.16226048
v 0.0643895115 -0.400602 -0.418960854
v 0.0872681669 -0.394995883 -0.261654252
v 0.0336200527 -0.40184572 -0.300724831
v 0.00819262801 -0.403474093 0.238450649
v -0.114786586 -0.386828501 -0.224473564
v -0.0425780139 -0.402028456 -0.122775911
v 0.349319782 -0.204306951 -0.356397209
v -0.0535576993 -0.400421219 -0.149331507
v 0.013331179 -0.403872069 -0.0507554534
v -0.0647269161 -0.398413856 -0.174788224
v -0.258626451 -0.315132712 -0.0962092277
v 0.277827253 -0.296673739 -0.200620003
v -0.210057125 -0.34777741 0.0810835815
v 0.166141417 -0.369826221 -0.32720684
v -0.197347341 0.342061052 -0.557327303
v -0.0273853572 -0.403447228 -0.158888544
v 0.0912090788 -0.393260479 0.0648322188
v 0.0102891887 -0.403118023 -0.271857898
v -0.00549425121 0.394884906 -0.554977306
v -0.365842105 -0.193482697 -0.14954397
v -0.300002757 -0.275300066 -0.244819231
v -0.398292426 -0.117299172 -0.0856332554
v -0.39487378 -0.128046171 -0.0768073394
v -0.332630457 -0.23509651 -0.293408866
v -0.335839879 -0.231644737 -0.247775472
v -0.320587842 -0.252105272 -0.234384575
v -0.3242115 -0.248720031 -0.205994463
v -0.391218902 -0.141106539 -0.0512649013
v -0.347101096 -0.228466903 0.0731608936
v -0.555067458 -0.176781073 -0.112374553
v -0.323330177 -0.252467098 -0.162351799
v -0.334141463 -0.237943638 -0.182410075
v -0.341742196 -0.226375422 -0.203358521
v -0.34496924 -0.2258888 -0.168055814
v -0.340019884 -0.225182766 -0.269232135
v -0.319822258 -0.252436121 -0.263273342
v -0.251832895 -0.319554018 -0.115994268
v -0.180905062 -0.363084104 0.0130850396
v -0.227390494 -0.336287714 0.519584042
v -0.201808404 -0.352272209 0.104825403
v -0.183129159 -0.361787292 0.091622688
v 0.0898647277 -0.397036253 0.593940699
v 0.00202862447 -0.403218589 0.208611265
v 0.00291560397 -0.403320365 0.0473655554
v -0.124991604 -0.384112423 0.296783613
v -0.394973337 0.123599742 0.14514477
v -0.399944544 0.102104188 0.170588124
v -0.390305167 0.136275639 0.175760545
v -0.336991569 0.232497022 0.206477669
v 0.0727272623 -0.39732201 0.276577695
v 0.102691396 -0.390666672 0.264160846
v 0.17532377 -0.364714366 0.289737023
v -0.107597069 -0.39082631 0.448357454
v 0.0131569672 -0.405969713 0.57045087
v 0.110160651 -0.38888722 0.0128788356
v 0.200323424 -0.352255516 -0.612203548
v -0.123128509 -0.385112575 0.3708825
v -0.343039 -0.216796451 0.563340616
v -0.192833271 -0.196916209 0.680621328
v -0.294427083 -0.281313784 0.595559448
v -0.220084661 -0.341595254 0.462631386
v -0.316953824 -0.0258874615 0.681594067
v -0.211986547 -0.348539714 0.595947377
v 0.00798065073 -0.279241084 0.680704564
v -0.300822868 0.0132359461 0.68064029
v -0.382952176 -0.137080277 0.317126291
v -0.346457711 -0.22697069 0.126340849
v -0.384744153 -0.134744934 0.60545337
v -0.592587598 -0.208445139 -0.00520177477
v -0.614474469 -0.207221709 -0.0246270351
v -0.358336738 -0.204240749 0.178367224
v -0.356710374 -0.204441477 0.192540468
v -0.368665423 -0.187831861 0.158506367
v -0.334062535 -0.24624227 0.080818797
v -0.689476643 -0.184301389 0.0956153243
v -0.405780418 0.0677080471 0.210207931
v -0.404525116 0.0701346194 0.260124748
v -0.398920786 0.0958751063 0.266128469
v -0.406108664 0.0531884782 0.283860936
v -0.399659199 0.0873169266 0.284403839
v -0.54972432 -0.0912961957 0.186885614
v -0.412134487 0.0145340488 0.187960345
v -0.406404268 0.068550189 0.181867176
v -0.404580174 0.073507721 0.235051644
v -0.407203276 -0.0557951847 0.233900698
v -0.240227988 0.107132153 0.68094356
v -0.105609326 0.392264748 0.585430128
v -0.0929813585 0.394673278 0.576384467
v -0.246295082 0.0692195634 0.680955457
v -0.23881161 0.0842578716 0.680546597
v -0.260111784 0.0952047766 0.680948191
v -0.398469182 -0.0755174796 0.519448084
v -0.343625328 0.220796564 0.223416199
v -0.318793081 0.00230553087 0.68184061
v -0.270331722 0.188114186 0.682421947
v 0.374460786 0.15943248 -0.417346657
v -0.240969796 0.32507726 0.543659005
v -0.671695669 0.20967086 -0.0163831328
v 0.269025008 0.307158562 -0.238827859
v 0.339022389 0.228812715 -0.264358011
v -0.358013909 0.205061844 0.146148405
v -0.0276975091 0.392122632 -0.548478324
v 0.358799847 0.210410321 -0.148064628
v -0.402347464 0.0885398947 0.195361073
v -0.661207675 -0.0772283453 0.1923873
v -0.707958731 0.00824218505 0.206444139
v -0.172102708 0.364749716 -0.542150288
v -0.0902810557 0.392477975 -0.522133202
v -0.704230622 -0.194089557 0.0729428439
v -0.66800105 0.13382381 -0.163025368
v -0.361528544 -0.18506233 -0.567564128
v -0.371565327 0.168167787 -0.469411606
v -0.621735003 -0.166579133 -0.127423714
v -0.388491177 -0.145801733 -0.0720960219
v -0.346690577 -0.213978703 -0.32278315
v -0.604486699 -0.157444378 -0.13851091
v -0.625237851 -0.208350894 0.00652033487
v -0.667981224 -0.205480475 -0.0375329661
v -0.6576616 -0.208376967 0.00322881254
v -0.687526966 -0.165309207 0.124568148
v -0.550804405 -0.197560068 0.0647443869
v -0.590917944 -0.179932054 0.104662694
v -0.383895484 -0.156058098 0.128062012
v -0.326361068 0.224944107 -0.583162061
v -0.383092423 -0.13470883 -0.522819803
v -0.375318387 0.107970028 -0.568168796
v -0.329808905 0.222220321 -0.596973672
v 0.0818163008 0.38725103 -0.554147488
v 0.337991446 0.208665587 -0.465569158
v 0.330178858 0.221286304 -0.438970421
v 0.0363876739 0.387971519 -0.523000496
v 0.356191895 0.176909024 -0.497316728
v 0.320915058 0.236072029 -0.450834939
v -0.365813689 -0.128903658 -0.526231555
v -0.387160632 0.0346328037 -0.556555901
v 0.273622454 -0.294230416 -0.604048368
v 0.255530456 -0.309217495 -0.598789728
v -0.391919844 -0.00563898297 -0.581246851
v -0.38730431 0.0598850763 -0.580820796
v -0.39349286 0.0310016954 -0.597632498
v 0.101329819 0.377209022 -0.509736331
v 0.102932073 0.374517312 -0.498673875
v 0.391369096 0.111094255 -0.420087313
v -0.176028021 0.366877476 -0.620891343
v 0.00905642895 0.397344183 -0.576015268
v -0.324705421 0.229230712 -0.588695349
v -0.126874312 0.387190657 -0.608028964
v 0.031784019 0.397283225 -0.58495563
v -0.234720986 0.332313046 -0.599121491
v 0.121136352 0.390871186 -0.0212527183
v -0.147190128 0.377420441 -0.566080046
v -0.160828781 0.369993112 -0.553542849
v -0.178428488 0.364302447 -0.260818237
v -0.130093432 0.364062518 -0.498951513
v 0.125465956 0.376124159 -0.543994423
v 0.115654087 0.376593784 -0.523790094
v 0.236400569 0.319303566 -0.420306515
v 0.0890792365 0.381971267 -0.526464508
v 0.397024099 -0.0821797536 -0.587506805
v 0.390691537 -0.10643708 -0.595553147
v 0.355199838 0.20537168 -0.260977783
v 0.343459306 0.237646444 0.00478805393
v 0.0587855777 0.387033567 -0.530468591
v 0.311743017 0.252094481 -0.593531171
v 0.232159623 0.326570791 -0.594141829
v 0.378451207 0.167831481 -0.212024337
v 0.307107002 0.280059711 -0.0511768462
v 0.253007262 0.305905787 -0.382817857
v 0.285001393 0.275402859 -0.394837191
v 0.332429476 -0.232933927 -0.502771461
v 0.316947839 -0.254537043 -0.522592502
v 0.333229308 -0.230486749 -0.468247844
v 0.342950751 0.219180951 -0.607454934
v 0.330557531 0.237185388 -0.563219526
v 0.314288152 0.259388784 -0.570713771
v 0.231343789 0.323330973 -0.453124741
v 0.242751297 0.316840709 -0.482529343
v 0.264490767 0.299981808 -0.512951244
v 0.271132485 0.293170764 -0.478092625
v 0.383247994 0.136345702 -0.398985391
v 0.226373057 0.329389632 -0.556459729
v 0.193580602 0.34883992 -0.541870824
v 0.19236362 0.357183183 -0.497337977
v 0.249625509 0.312170651 -0.544284474
v 0.264715596 0.30027272 -0.572903158
v 0.302857003 0.261474666 -0.547220415
v 0.297960806 0.267219324 -0.567436843
v 0.326082007 0.232203879 -0.567547274
v 0.288336806 0.288009309 -0.581851431
v 0.240553441 0.327499697 -0.511856288
v 0.271546878 0.303401607 -0.550335393
v 0.265782208 0.308219093 -0.580425988
v 0.268712024 0.305658517 -0.525516143
v 0.245592407 0.321250202 -0.638631942
v 0.0977172827 0.391523179 -0.616840293
v 0.273247387 0.293609927 -0.600161358
v 0.327165592 0.242020586 -0.614783446
v 0.287512311 0.288002805 -0.555539394
v 0.275626861 0.289912647 -0.545451785
v 0.399529355 -0.0706711731 -0.517834956
v 0.373633349 0.160860797 -0.541590964
v 0.404233704 -0.014952296 -0.616605631
v 0.370113768 0.160581371 -0.624127284
v 0.348127597 -0.209547172 -0.526404237
v 0.356260053 -0.193128203 -0.599102266
v 0.400421575 -0.0609351108 -0.607811378
v 0.392098242 -0.121606871 -0.256666523
v 0.289379478 0.275756169 -0.525356651
v 0.307526911 0.255714475 -0.524185441
v 0.348679477 0.196637011 -0.564485455
v 0.35740697 -0.186446302 -0.603345717
v 0.345090647 -0.205029838 -0.597175702
v 0.342221177 -0.214125738 -0.608522395
v 0.357212689 0.180572288 -0.569374614
v 0.725349282 -0.0236369514 -0.206617654
v 0.721975291 0.125055342 -0.166273573
v 0.405471384 0.0818429613 -0.0967770989
v 0.699358599 0.125475066 0.165427721
v 0.552936939 0.204863977 -0.0449724575
v 0.724440043 -0.128478681 -0.164385937
v 0.403816323 0.0245178795 -0.620792035
v 0.391226924 0.115010437 -0.31317088
v 0.383053556 0.155842523 -0.200302804
v 0.720258511 0.204710032 -0.0315641981
v 0.370050259 0.180950319 -0.247160965
v 0.390716214 0.134341753 -0.200860072
v 0.31527992 0.266416688 -0.157814653
v 0.640076779 0.203765194 -0.0429094023
v 0.598948912 0.208123037 0.00703986665
v 0.653360442 0.208267888 -0.010459885
v 0.395943006 -0.114490597 0.215627321
v 0.718605006 0.17468464 0.109951251
v 0.63083169 -0.0491720897 0.202161116
v 0.409555071 -0.0469331684 0.174863383
v 0.596081393 0.120565148 0.169439343
v 0.659636302 0.0864470837 0.189351404
v 0.620488559 0.104120225 0.180429864
v 0.175365587 0.366722448 0.589663854
v 0.580425652 0.157663158 0.136066442
v 0.598074665 0.148434458 0.146059876
v 0.386004845 0.151682942 0.0802446754
v 0.392702536 0.105831919 0.433218486
v 0.0838820796 0.246954291 0.680530377
v 0.102604217 0.39337438 0.5889697
v 0.160536705 0.196625199 0.680557635
v 0.317542072 0.254714445 0.5971344
v 0.255047083 0.199881101 0.682784118
v 0.249871991 0.131015803 0.680681981
v 0.25212934 0.153260129 0.680854511
v 0.278220599 0.029674546 0.680697741
v 0.2687215 0.0930550749 0.680886838
v 0.304261793 0.0744550563 0.682016209
v 0.406031066 -0.010530307 0.47833466
v 0.406286311 0.00686411393 0.454285888
v 0.40598153 0.0141520498 0.497230876
v 0.28406362 0.0734760555 0.680925698
v 0.294841654 0.0508024451 0.681052018
v 0.24945476 -0.0768567575 0.6809649
v 0.251865583 -0.0469297459 0.680966411
v 0.39954503 0.0759901763 0.446380673
v 0.406084463 -0.0486516246 0.291405824
v 0.409536464 -0.0539484241 0.157741415
v 0.391660123 -0.121305635 0.258386323
v 0.546400208 0.0393271021 0.204836964
v 0.598730887 -0.0559319476 0.200092278
v 0.546383797 0.0453032737 0.20299977
v 0.722894306 0.185505647 0.0917312229
v 0.596175618 -0.153583665 0.140941596
v 0.72190108 -0.151936766 -0.142842886
v 0.562906541 -0.205996649 0.036864022
v 0.554737714 -0.208935646 0.00420946248
v 0.678643028 -0.209109436 -0.00622073581
v 0.314858227 -0.256591785 0.544403578
v 0.307812989 -0.264445701 0.296565395
v 0.285040726 -0.288483867 0.320358919
v 0.68717932 -0.146385437 0.147772191
v 0.666511004 -0.191557174 0.0822540032
v 0.404897732 -0.0839615036 0.143707654
v 0.394714529 -0.116311751 0.236199205
v 0.352676766 -0.20143896 0.418785969
v 0.390348796 -0.131582343 0.222863383
v 0.325140044 -0.255996032 -0.105959059
v 0.35808545 -0.211427084 0.114800027
v 0.359767716 -0.208992503 0.0921541396
v 0.398823552 -0.0936363526 0.270894821
v 0.32777702 -0.239908719 0.514560583
v 0.348955512 -0.207978174 0.529837163
v 0.364109645 -0.180355223 0.520290654
v 0.336740029 -0.226886761 0.542767221
v 0.373211916 -0.160969706 0.538888511
v 0.173325754 -0.198621569 0.680814356
v 0.150598264 -0.18147809 0.681279964
v 0.120565931 -0.388810963 0.595321845
v 0.261288846 -0.310614251 0.461488919
v 0.291668428 -0.289852143 0.00835254888
v 0.390996432 -0.111259246 0.564416952
v 0.389084813 -0.116997259 0.544679416
v 0.396951371 -0.0855405326 0.546173775
v 0.152124012 -0.216228297 0.680770674
v 0.22589995 -0.216172191 0.681251601
v 0.216423408 -0.343239491 0.485345273
v 0.226005876 -0.337691524 0.561501734
v 0.259870383 -0.312053705 0.492690556
v 0.274233328 -0.299274448 0.536941964
v 0.26624225 -0.306536139 0.501079815
v 0.0963569745 -0.25430692 0.680958956
v 0.185135919 -0.359561894 0.161070924
v 0.167800666 -0.368580448 -0.178706513
v 0.220360606 -0.34101253 0.0654237537
v 0.289031113 -0.29136094 -0.0520472463
v 0.305271966 -0.277331879 -0.0338851675
v 0.287411193 -0.293257949 -0.0184605516
v 0.339988338 -0.237738044 -0.118016952
v 0.346157746 -0.233281209 -0.025295895
v 0.340922669 -0.240075365 -0.00647500139
v 0.15451539 -0.375085902 -0.390409713
v 0.154192038 -0.375342699 -0.357984335
v 0.294614131 -0.280013772 -0.213169225
v 0.348609796 -0.228221021 -0.102917025
v 0.546367193 -0.206454182 0.0333816868
v 0.389096938 -0.11768741 -0.332620252
v 0.403414361 -0.0760005429 -0.260455155
v 0.396594794 -0.123139632 -0.0848703304
v 0.333415591 -0.249160904 -0.031491762
v 0.262799017 -0.305308887 -0.607356865
v 0.0891632714 -0.396792131 -0.528851326
v 0.163004506 -0.370564061 -0.0542184748
v 0.295778821 -0.28429822 -0.0822178345
v 0.276829313 -0.301666865 -0.0357717348
v 0.103326974 -0.390718913 -0.0179034979
v 0.206452781 -0.349226821 -0.200402098
v 0.0627534317 -0.395944595 -0.584020615
v 0.109253313 -0.389782851 -0.198258079
v 0.131106009 -0.383025509 -0.192549191
v 0.118828354 -0.388473459 -0.445325595
v 0.333609406 -0.22210065 -0.586032473
v 0.33192119 -0.235150641 -0.537831475
v 0.317372666 -0.254754428 -0.566237927
v 0.277031616 -0.296046604 -0.61102813
v 0.309946012 -0.262590779 -0.601947275
v 0.285489451 -0.2894992 -0.580154274
v 0.332112739 -0.2304606 -0.610565266
v 0.362961817 -0.183627171 -0.578057179
v 0.40191161 -0.0713228359 -0.303738163
v 0.398031074 -0.0990089894 -0.259253855
v 0.368361113 -0.180085332 -0.232548648
v 0.360418779 -0.184864918 -0.461905566
v 0.347565624 -0.207260711 -0.457380781
v 0.321498859 -0.249256712 -0.542306329
v 0.0374063646 0.40197402 -0.522003136
v 0.254223516 0.303368871 -0.413503159
vn 0.966578094 0.221272592 -0.129480612
vn 0.974954185 0.194999697 -0.106955392
vn 0.936083666 0.294646022 -0.19217464
vn -0.955366981 0.266526585 0.127426492
vn -0.900842343 0.276979192 0.334313625
vn -0.430528111 0.0351837401 0.901891152
vn -0.0157961039 -0.999631216 -0.0220887996
vn 0.0380357982 -0.999113874 -0.0180206832
vn 0.0547388138 -0.99831517 -0.0192479359
vn 0.615974011 0.712624562 -0.335771129
vn 0.77324363 0.630748143 -0.065200214
vn 0.792639217 0.553755475 -0.255103793
vn -0.811719365 -0.58399237 -0.00803639263
vn -0.779620472 -0.626175573 -0.00980161988
vn -0.831311096 -0.555796225 -0.00352386571
vn 0.997210412 0.0574069216 0.0477057681
vn 0.989478807 0.142892104 0.0226613441
vn 0.985461548 0.161351967 0.0532079031
vn -0.019089861 0.204804225 -0.978616782
vn 0.0219543075 0.595044872 -0.803392562
vn -0.0201962155 0.958872851 -0.283116528
vn 0.703976825 0.467599247 -0.534572328
vn -0.736097911 -0.469554584 -0.487522674
vn -0.722054548 -0.469754094 -0.50790582
vn -0.516981466 -0.855991905 0.00283239411
vn -0.444908468 -0.895575075 0.00131930185
vn -0.494363725 -0.869252259 0.00224005553
vn 0.583841669 0.77118562 -0.253774792
vn 0.90990661 0.373270154 -0.180940192
vn 0.899608503 0.427301787 -0.0900984135
vn -0.921370921 -0.388366191 -0.015726668
vn -0.918970444 -0.394162681 -0.0113623877
vn -0.941754908 -0.33600838 -0.0140022078
vn 0.320164264 -0.947350136 0.00475009794
vn 0.392732157 -0.919652291 -0.00105700855
vn 0.391538878 -0.92010746 0.00997843293
vn 0.619333676 0.719104825 -0.315141315
vn 0.481164168 0.811538089 -0.331492041
vn 0.322918564 0.78304989 -0.531560412
vn -0.704798101 -0.708542833 -0.0350241598
vn -0.706913096 -0.706899562 -0.023809341
vn -0.672770036 -0.73947588 -0.0235775679
vn -0.624052347 -0.781382491 0.000266651446
vn -0.593142816 -0.805024417 -0.0108299576
vn -0.574357027 -0.818598099 0.00334029156
vn -0.0180427543 0.134135828 0.990798687
vn -0.00318922792 0.0987792193 0.995104263
vn -0.00093474872 0.234077482 0.972217495
vn -0.642519148 -0.76626569 -0.00245713339
vn -0.679241434 -0.733909118 -0.0029122799
vn -0.706652446 -0.707547515 -0.00433993549
vn -0.751438676 -0.659789033 0.00428362313
vn -0.753925955 -0.656691159 0.0187716955
vn -0.69259099 -0.721287243 0.00790152029
vn -0.159502782 -0.0333452675 -0.986634155
vn -0.622274988 -0.665594296 -0.412017079
vn -0.611428539 -0.790258103 -0.0405866122
vn 0.0598675381 -0.0835098096 -0.994706987
vn 0.0449211076 -0.0739067766 -0.996252921
vn 0.0439917026 -0.238599847 -0.970121046
vn -0.346994086 -0.937865606 0.00179153437
vn -0.392911187 -0.91955635 0.0060760094
vn -0.326218654 -0.945201864 0.013222164
vn -0.789658688 -0.613546334 -0.000228200678
vn -0.800534842 -0.598427275 -0.0320743526
vn -0.760870287 -0.648648518 -0.018207316
vn -0.155478943 -0.987819445 0.00624834986
vn -0.191749663 -0.981440382 0.0026158077
vn -0.221184257 -0.975227337 0.00302740769
vn -0.801572405 -0.596925476 -0.0340830666
vn -0.7830674 -0.537410935 0.313041426
vn -0.748323253 -0.535717945 0.391175911
vn -0.827032898 -0.559895076 0.050339739
vn -0.766746359 -0.639370252 0.0574952281
vn -0.807361399 -0.586291282 0.066559024
vn -0.125736203 -0.992041835 0.00658828058
vn -0.189116635 -0.981949364 -0.00321618815
vn -0.176961158 -0.98421476 0.00246043222
vn -0.000440767098 0.028581702 0.999591363
vn -0.00174050938 -0.00498666245 0.999986052
vn 0.00668049251 0.00379121956 0.999970498
vn -0.0197373874 -0.869438788 -0.493646259
vn -0.0587757885 -0.998131564 -0.0166969596
vn -0.112491274 -0.743726679 -0.658950939
vn 0.148539376 -0.941746887 0.301743027
vn 0.0358195729 -0.936128473 0.349829157
vn 0.0932464842 -0.994920707 -0.0379193992
vn -0.639407466 -0.768861703 0.00312633686
vn -0.704190386 -0.710005973 0.00272370552
vn -0.633942816 -0.773363938 0.00497240293
vn -0.281593377 -0.9595335 -0.000795105011
vn -0.268521218 -0.96327206 0.0018147828
vn -0.507679222 -0.861529236 -0.00540216359
vn -0.508309757 -0.861172321 -0.00185068637
vn -0.574775994 -0.81829865 -0.00445827807
vn -0.72520253 -0.688513629 -0.00550209113
vn -0.267253586 -0.963618851 0.00377233242
vn -0.216025361 -0.976385497 0.00209872313
vn -0.279896556 -0.960028264 0.00191068898
vn -0.191266013 -0.981496168 -0.00908760339
vn -0.260905065 -0.965334243 -0.00763841782
vn -0.220864466 -0.975269509 -0.00826269473
vn -0.227377323 -0.973749666 -0.0105423055
vn -0.273351033 -0.961762421 -0.0170955716
vn 0.243897119 -0.969799855 -0.00156098187
vn 0.187073363 -0.982291348 -0.0103568614
vn 0.193067316 -0.981184924 -0.00107527214
vn -0.0175081014 0.235233949 0.971781074
vn -0.019568849 -0.0100982744 0.999757513
vn -0.0132151238 0.115219458 0.993252152
vn 0.809576249 0.431124275 0.398394472
vn 0.162306098 0.841819021 0.514779046
vn 0.553451744 0.683758738 0.475568245
vn -0.176090996 -0.984190465 -0.0190023759
vn -0.957061496 -0.0814530002 0.278206222
vn -0.994851441 0.00560181188 0.101189077
vn -0.995012593 -0.0380667862 0.092200107
vn -0.899977803 -0.435698729 -0.014372613
vn -0.903237813 -0.427657331 -0.0356463213
vn -0.92624215 -0.375206974 -0.03598898
vn -0.986851641 0.161538788 -0.00539057773
vn -0.978413706 0.205909304 -0.0175493262
vn -0.960787594 0.27704092 -0.0116416838
vn -0.549358685 0.834449286 -0.0435823847
vn -0.963410734 -0.0726833735 -0.257986209
vn -0.420253594 0.878693421 -0.22646145
vn -0.569457097 -0.822019907 -0.00137418183
vn -0.595037361 -0.803695114 -0.00216845254
vn -0.620072198 -0.78450912 0.00747732284
vn -0.640668076 -0.76778298 0.00732887888
vn -0.671097243 -0.741218695 0.0149444637
vn -0.447719682 -0.894172995 -0.00131963418
vn -0.524652762 -0.851315918 -0.000829038696
vn -0.500157288 -0.865933122 -0.00158620416
vn -0.359901844 0.0328053408 0.932413252
vn -0.964465925 0.0935743862 0.247081593
vn -0.899577112 0.0382434144 0.435084429
vn -0.994029633 0.107759801 -0.0171147086
vn -0.999638923 0.0261249674 -0.00628559743
vn -0.992309505 -0.121439298 0.0239654761
vn -0.998456746 -0.047653827 0.028517364
vn -0.99809255 -0.045076311 0.0421827958
vn -0.626480769 -0.779418308 -0.00538027235
vn -0.360335541 -0.932783777 0.00852781096
vn -0.406916112 -0.913465451 -0.000383545811
vn -0.479774021 -0.877364719 0.00693099954
vn -0.321092625 -0.197079987 0.926314744
vn -0.629929688 -0.565867636 0.531960907
vn -0.232011248 -0.972000583 -0.0372242913
vn -0.567458191 -0.823369341 -0.00735736724
vn -0.54089361 -0.841084188 -0.00338972624
vn -0.605015304 -0.796200934 -0.00453382194
vn -0.17987027 -0.98368651 -0.00274534188
vn -0.212142178 -0.97723028 -0.00408360538
vn -0.123088034 -0.992377379 -0.00603931932
vn -0.970439664 -0.238668827 0.0358336228
vn -0.947001791 -0.318094332 0.044761644
vn -0.955917502 -0.289402816 0.0496763541
vn 0.829504314 0.547020981 0.112652735
vn 0.853215511 0.509569225 0.111186763
vn 0.82559356 0.551584381 0.118953541
vn -0.584204571 -0.811599972 -0.00324110075
vn -0.138581887 0.00361031803 0.990344398
vn 0.0644074804 -0.0195215977 0.997732722
vn 0.0161473728 -0.0042713854 0.999860499
vn -0.799664262 -0.600426771 0.00497600943
vn -0.774754021 -0.63225299 0.00351618044
vn -0.745510635 -0.666487967 0.00277194717
vn -0.985311419 0.170249195 -0.0132898065
vn -0.764318268 -0.644826624 -0.00402621518
vn -0.750225026 -0.661153262 -0.00622682487
vn -0.795725447 -0.605622443 -0.0065169578
vn 0.153516792 0.912391299 0.379439998
vn -0.270867907 0.72333661 0.635149372
vn -0.146991943 0.902116146 0.405684394
vn -0.782280388 -0.62026013 0.0575740003
vn 0.672297725 0.740248074 -0.00696841867
vn 0.647968632 0.761058909 -0.0304300742
vn 0.679736102 0.732635362 -0.0347024324
vn -0.567200161 -0.823571689 -0.0036945632
vn -0.705227034 -0.708804025 0.0158646053
vn -0.655130655 -0.755489577 0.00627084046
vn -0.459781874 0.142774922 0.876479293
vn -0.270535947 -0.0732852397 0.959916442
vn -0.111745934 0.0970884301 0.98898265
vn -0.0909981369 -0.995826681 0.0069684707
vn -0.186255313 -0.982477325 0.00687492924
vn 0.0364504966 -0.0172592916 0.999186408
vn -0.346574821 -0.938013123 0.00415626053
vn -0.28461934 -0.958636412 -0.00283912394
vn -0.292964582 -0.95611835 0.00307497721
vn -0.892333076 -0.45135499 0.00451151657
vn -0.91243231 -0.409226318 -0.00104948262
vn -0.942611096 -0.333607654 -0.0137932795
vn -0.910287675 -0.0969091577 0.402473557
vn -0.66917301 0.28054528 0.688114691
vn -0.92457456 0.28285369 0.255256093
vn -0.599886094 0.761491007 0.245495662
vn -0.597031248 0.762879528 0.248130037
vn -0.527824748 0.844450418 -0.0911291797
vn 0.927137889 0.319172905 -0.196326237
vn 0.931459489 0.337272439 -0.13649367
vn -0.346868865 0.937908557 0.00308709238
vn -0.157439834 0.986267544 0.0498901772
vn -0.264168803 0.957153746 -0.118623569
vn -0.562217235 -0.826978289 0.00432326783
vn -0.576904113 -0.816809592 0.00193248129
vn -0.528674724 -0.848815291 0.0039544274
vn -0.0119796401 -0.596326373 -0.802652693
vn -0.0182864708 -0.721288378 -0.692393444
vn -0.0404680942 -0.623621323 -0.780678409
vn -0.579816852 0.142979851 -0.802102973
vn -0.0324464513 0.436128583 -0.89929922
vn -0.191918679 0.300698506 -0.934209628
vn 0.938515935 0.33021364 -0.100731284
vn 0.91998943 0.379474151 -0.0980755712
vn 0.918708357 0.384868669 -0.0886062244
vn 0.919172942 0.292446768 -0.263810522
vn 0.949685619 0.277418283 -0.145383361
vn 0.978091774 0.114874152 -0.173609941
vn 0.0205296665 -0.586648953 -0.809581088
vn 0.00609453931 -0.470813458 -0.882211734
vn 0.00547510027 -0.339700386 -0.940517768
vn -0.797157799 -0.602160515 -0.0440699163
vn -0.805464755 -0.591955635 -0.0285491624
vn -0.852609723 -0.521983592 -0.0242856048
vn -0.419737702 -0.907638614 0.00352251154
vn -0.701398355 -0.712752457 0.00492779355
vn -0.924174878 -0.381508715 -0.0187588581
vn -0.904896368 -0.425450147 -0.0124392292
vn -0.656421435 -0.754394058 -0.000711090842
vn -0.654744145 -0.755844047 -0.00314344105
vn -0.710611229 -0.703581354 -0.00222719395
vn -0.00122838476 0.753243938 0.657740117
vn -0.00315789632 0.802449829 0.596711237
vn -0.0196078383 0.74680508 0.664753868
vn -0.37795469 -0.925806192 0.00575737494
vn -0.476291567 -0.879282961 0.00279601767
vn -0.490512009 -0.871391184 0.00868173279
vn -0.699067774 -0.714892315 0.0152717005
vn -0.685725071 -0.727860631 -0.000168997793
vn -0.671348233 -0.740920895 0.0181046104
vn -0.202707488 -0.979183671 -0.0104409233
vn 0.0326271906 0.0241059589 0.999176846
vn -0.273612742 -0.331324998 0.902972764
vn -0.758409919 -0.651761426 0.00463015394
vn -0.746965589 -0.66486168 0.00116425947
vn -0.80265648 -0.596440257 0.00126322699
vn -0.0589658822 -0.0153314521 0.99814226
vn -0.919688303 0.317973554 0.230361118
vn -0.544567699 -0.838716881 -0.000123233896
vn -0.648625923 -0.761022888 -0.0113391496
vn -0.64301289 -0.765687573 -0.0160301255
vn -0.434199239 -0.900816863 -2.44303879e-05
vn -0.658858015 -0.752200585 0.0100197397
vn -0.71132056 -0.702848735 0.00516873828
vn -0.668289815 -0.743900958 -0.000295917878
vn -0.252336398 -0.967632625 -0.003666788
vn -0.30944552 -0.950914597 -0.00221361153
vn -0.323153187 -0.946303766 -0.00901115114
vn -0.167045021 -0.985724375 0.0210574802
vn -0.972973184 -0.230907462 0.00221974639
vn -0.264989891 -0.961633507 0.0710025136
vn 0.601088369 -0.780950229 -0.169733654
vn 0.718791667 -0.679380108 -0.14758458
vn 0.712402226 -0.668412076 -0.213795147
vn -0.564501869 -0.825369584 0.0101336089
vn -0.503074231 -0.864171731 0.0111147147
vn 0.100364535 -0.164863271 -0.98119675
vn 0.839699477 -0.524714936 0.139925067
vn 0.78333736 -0.61801092 -0.066671459
vn -0.808869626 -0.58798121 -0.00283264177
vn -0.798134011 -0.602452933 -0.00570651004
vn -0.372408568 -0.928045366 -0.00660732042
vn -0.397812994 -0.917396616 -0.0113256737
vn -0.462082347 -0.886788554 -0.00927171063
vn -0.619723127 -0.784812732 0.00349603251
vn -0.867657026 0.491464461 -0.0750597671
vn -0.886288906 0.457022605 -0.0749820851
vn -0.835043465 0.550031971 -0.0129322449
vn 0.836070881 0.548621417 0.00014843557
vn 0.784613187 0.619932411 0.00812111276
vn 0.842303611 0.538984317 0.00453122852
vn -0.256730027 -0.905828231 -0.336993931
vn 0.102292939 -0.991381438 -0.0818474104
vn -0.183881337 -0.982885474 -0.0111265064
vn 0.831088593 0.556126157 0.00393044548
vn 0.761804598 0.647503236 0.0198321704
vn 0.839684781 0.542866425 0.0150171192
vn -0.98201492 0.183914428 0.0426869991
vn -0.989113495 0.130046977 0.0688641958
vn 0.04492375 -0.904064885 -0.425027694
vn 0.0989360177 -0.995088644 0.00320219354
vn 0.173135146 -0.984890238 0.0039293799
vn 0.160894849 -0.986970719 0.00128342788
vn -0.169556706 -0.547532607 -0.819425755
vn -0.450742373 -0.157616808 -0.878628622
vn -0.434244435 0.621388099 -0.652156884
vn -0.00118403504 -0.999581785 0.0288938361
vn -0.0327931304 -0.999079933 0.0276387131
vn -0.0789917057 -0.99648096 0.0280357949
vn 0.92951236 0.183037719 -0.320162405
vn 0.947214127 0.314911314 -0.0601353726
vn 0.971047139 0.237459532 -0.0260849657
vn 0.123467582 -0.992314216 0.00826153756
vn 0.209781738 -0.977706961 0.00898444289
vn 0.145309974 -0.989262742 0.0156281232
vn 0.930420085 0.366451834 -0.00561421384
vn 0.945685257 0.324961329 -0.00891791899
vn 0.920952905 0.389668817 -0.00198986007
vn -0.00863681392 0.76630292 0.642421388
vn 0.946317717 0.323231998 -0.00196344161
vn 0.920531853 0.39062094 -0.00603231399
vn 0.948138573 0.317484702 -0.0153854045
vn 0.420544738 -0.870080263 -0.257103984
vn -0.563125706 0.510483349 0.649843204
vn -0.834792276 -0.550150671 -0.0213563764
vn -0.884393711 -0.465493311 -0.0341136479
vn -0.892861887 -0.448933086 -0.0354504487
vn 0.873313799 0.487157951 0.000372922221
vn 0.816424086 0.577297844 0.0133757643
vn 0.82743259 0.561434886 0.0120904124
vn 0.974157473 0.224168826 -0.0276686823
vn 0.972350507 0.232752101 -0.0189986871
vn 0.963031014 0.26893176 -0.0157154004
vn 0.999671008 0.00469184698 -0.0252162975
vn 0.998394434 0.0444003639 -0.0351733057
vn 0.99767737 0.0632745871 -0.0252228294
vn 0.813930086 0.57667114 0.0704855384
vn 0.810777296 0.576233578 0.102932206
vn 0.780734181 0.61900964 0.0853299741
vn 0.955417573 -0.295019419 0.0118661154
vn 0.946742712 -0.321962284 -0.00430394362
vn 0.936729632 -0.349809308 0.0130784285
vn 0.823026726 -0.563087027 0.0745654681
vn 0.85851051 -0.50711347 0.0761290565
vn 0.847982525 -0.525727584 0.0673509097
vn 0.239645982 -0.970854049 0.00349556627
vn 0.775590178 0.6312126 0.00552535222
vn 0.726085634 0.686914881 0.0307830713
vn 0.948886909 0.315270794 -0.0147634773
vn 0.962864797 0.269548501 -0.0153293531
vn 0.963328353 0.268324895 -0.000484085434
vn -0.248454707 -0.0660802642 -0.966386909
vn -0.162740564 0.984294469 -0.0684098431
vn -0.0764804652 0.996315741 -0.0388031371
vn -0.107289001 0.993279452 -0.0434165803
vn 0.853514651 0.521068798 -0.00022108975
vn 0.885146596 0.465312217 0.000211277228
vn 0.880317672 0.474344743 0.00615310585
vn 0.798832737 0.600843428 0.0292135746
vn 0.818154147 0.574483822 0.0243337219
vn 0.847667695 0.530037972 0.0227865547
vn 0.980622853 -0.195899794 -0.00144623499
vn 0.991053458 -0.133450814 0.00198086536
vn 0.991808833 -0.127674282 0.00381014725
vn 0.981587684 0.190990604 -0.00286484653
vn 0.234918626 0.967982734 -0.0884458312
vn 0.964209587 0.264219277 -0.0220917512
vn 0.960684152 0.277600632 0.00488343952
vn 0.977062223 0.212945231 0.00193402182
vn 0.970187981 0.2421755 0.00929025499
vn 0.117491941 -0.99305882 -0.00546114904
vn 0.0574874932 -0.998328393 -0.00596723354
vn 0.109888556 -0.993863475 -0.0126450645
vn 0.789882995 0.613256008 -0.00138672388
vn 0.834641908 0.550700857 0.0100723308
vn 0.826309532 0.563095328 -0.0116708623
vn 0.914827437 0.403781035 0.007185808
vn 0.936638139 0.350219332 0.00744423784
vn 0.912124819 0.409889114 0.00438499888
vn 0.997322936 0.0729243303 0.00538539324
vn 0.99998732 -0.00330408387 -0.00380036166
vn 0.995955744 0.0898324389 0.0015127575
vn 0.0128514893 0.0976740684 0.995135476
vn 0.0126909125 -0.0819277358 0.996557468
vn 0.0143606676 0.0886663169 0.995957858
vn -0.0016116225 -0.00154292615 0.999997511
vn -0.00445671464 -0.00545303185 0.999975201
vn 0.00371743557 0.00174757628 0.999991563
vn 0.946575007 0.322373417 0.008434207
vn 0.923451212 0.383614087 0.00883695757
vn -0.998084357 -0.0575228928 -0.0227757047
vn -0.937036088 -0.0439343913 0.34645799
vn -0.931797739 -0.0437772026 0.360328363
vn -0.43896819 0.845720022 -0.303421443
vn -0.340579179 0.625939168 -0.701573931
vn -0.380259695 0.882401486 -0.277074326
vn 0.99559377 0.093347847 0.00890082921
vn 0.989448488 0.143440397 0.0204093476
vn 0.986173187 0.16571527 0.000946331019
vn 0.990960118 0.128090392 -0.0398860302
vn 0.992225388 0.121896854 -0.0250985326
vn -0.607484612 -0.79432851 0.00215962716
vn 0.0530667788 0.905334114 0.421371639
vn 0.972239743 0.2336494 -0.012563406
vn 0.809637942 0.586568546 -0.0205850539
vn 0.735697913 -0.676781853 0.0267377091
vn 0.71955551 -0.693115704 0.0427842097
vn 0.752671242 -0.656765071 0.0463210794
vn 0.992939465 0.0453574077 -0.109608051
vn 0.331778255 0.310814358 0.890683796
vn 0.922420409 0.294524155 0.249792134
vn 0.0478641312 -0.539772267 -0.84044924
vn 0.00713391159 -0.520316192 -0.85394389
vn 0.048560306 -0.406195707 -0.912494901
vn 0.817963427 0.575212514 0.00814834647
vn 0.886614977 0.462329035 0.0128742218
vn 0.99916817 0.0318127153 0.0255131136
vn 0.0057450866 0.738256756 0.674495334
vn 0.842426729 0.538789529 0.00480094661
vn 0.0102277894 0.690775038 0.722997399
vn -0.00236524124 0.638247333 0.769827739
vn 0.00135620143 0.768149039 0.640269642
vn 0.147159921 -0.330337464 0.932320287
vn -0.0026099304 0.0217515373 0.999760001
vn 0.110278396 -0.325825657 0.938976207
vn 0.790839596 -0.611625022 0.0220808906
vn 0.760400072 -0.649340467 0.0121938295
vn 0.801638407 -0.59774846 0.00852311955
vn 0.0169145341 0.735582882 0.67722354
vn 0.0111937151 0.82118506 0.570552188
vn 0.0319661595 0.864740865 0.501199961
vn 0.930996445 -0.220997901 0.290526328
vn 0.778457248 -0.464164557 0.422558371
vn 0.0111427834 -0.611567441 0.791113837
vn 0.0803981855 0.993985092 -0.0743624126
vn 0.0552764415 0.980708598 -0.187497096
vn 0.121121862 0.992279268 0.0266711317
vn 0.743334152 -0.668908945 -0.00389390244
vn 0.77857912 -0.627546099 -0.00066817192
vn 0.797194556 -0.603722155 -0.000632111445
vn 0.950472988 -0.3090391 0.0331048881
vn 0.954520636 -0.297306561 0.0223419752
vn 0.967442571 -0.250561227 0.0356923431
vn 0.995324595 0.088104677 0.039579247
vn 0.999407939 0.0190167906 0.0286728494
vn 0.997496919 0.0667557172 0.0233146
vn -0.510371041 -0.859937593 -0.00536071177
vn -0.519766258 -0.85430719 -0.0015042531
vn 0.990884744 0.102432893 0.0874924428
vn 0.847015007 -0.251675621 0.46821465
vn 0.911153593 0.190208406 0.365540548
vn 0.96461259 0.26301588 -0.0185794776
vn 0.87927608 0.278603912 0.386333321
vn 0.938883979 0.342253962 -0.0368659775
vn 0.130306328 0.0625708666 0.989497422
vn 0.0297755121 -0.0601157736 0.997747219
vn -0.00122454964 0.00365350525 0.999992576
vn 0.00399661358 0.00109327472 0.999991416
vn -0.0663414237 -0.111893501 0.991503232
vn 0.94358203 0.324602781 0.0654674527
vn 0.934851566 0.349883034 0.0602860871
vn 0.913410705 0.400330674 0.0735950724
vn 0.499556156 -0.866277155 -0.0027455173
vn 0.472932328 -0.880838154 -0.0214279979
vn 0.434737752 -0.900556077 -0.001356377
vn 0.958987488 0.282903122 0.017573293
vn 0.975904365 0.217023917 0.0226117287
vn 0.967764603 0.249749039 0.0325129352
vn 0.135160974 -0.990770263 -0.0102857573
vn 0.0379775872 -0.999151528 -0.0159350679
vn 0.046399971 -0.998922038 -0.0013430969
vn 0.12050018 -0.992712846 -0.000954993053
vn 0.998314441 -0.0579454742 0.0032555653
vn 0.47087467 -0.789461692 0.393735041
vn 0.969514283 -0.20052956 0.140818855
vn 0.925155 -0.274746417 0.261921043
vn 0.23957733 -0.361097697 0.901227583
vn -0.0186830991 0.0404287662 0.999007736
vn -0.023745151 0.0255607757 0.999391222
vn 0.986449484 -0.159801346 -0.0371610767
vn 0.978458297 -0.204449962 -0.0286281994
vn 0.966850014 -0.246671595 0.0659861679
vn 0.465083356 -0.827554822 0.314404977
vn 0.966357788 -0.257151817 -0.00505647833
vn 0.969925354 -0.243236498 -0.00898969115
vn 0.17143214 -0.843886297 0.508396439
vn 0.0116900613 -0.93783227 0.346891878
vn 0.0210765289 -0.820594606 0.571121942
vn 0.455158571 -0.614441943 0.644431357
vn 0.0581874812 -0.435469017 0.898321186
vn 0.0757700017 -0.33721459 0.938373714
vn -0.110138902 -0.937373775 0.330453973
vn -0.0176881324 -0.373049363 0.927642874
vn -0.0450586918 -0.446382775 0.893706961
vn -0.99951273 0.0177983634 0.0256421646
vn 0.964918749 -0.262494613 0.00532783798
vn 0.966695063 -0.255838545 0.00687710732
vn 0.946727748 -0.322014958 0.00359684638
vn 0.14537103 -0.989377129 -0.00040084359
vn 0.106255648 -0.994335332 0.00264302778
vn 0.165305783 -0.986234251 0.00400006381
vn 0.877048567 0.473398863 0.0817271541
vn -0.010674807 0.0039190919 0.999935343
vn -0.0208568633 0.00829606818 0.999748052
vn 0.180112916 -0.112485435 0.977193105
vn 0.980005538 -0.188780248 0.0628582777
vn 0.0223559446 -0.999747588 -0.00222962814
vn 0.108596788 -0.994080478 -0.00327722699
vn 0.0852542279 -0.996344572 -0.00540463855
vn 0.830938846 0.508437866 0.225901682
vn 0.8207901 -0.570348903 0.0317134081
vn 0.778610288 -0.626359088 0.037951451
vn 0.774894583 -0.63180211 0.0190913534
vn 0.750336325 -0.660785657 0.0189133714
vn 0.995492167 -0.0169748065 0.0933123832
vn 0.992573223 0.025296951 0.118989335
vn 0.932758808 -0.36021842 0.01427219
vn 0.9389797 -0.343343693 0.0207901989
vn 0.985761207 -0.167332955 0.0165687747
vn 0.975386503 -0.219630919 0.0195813607
vn 0.992206819 -0.123300959 0.0179583603
vn 0.403428281 -0.91494722 -0.0108262466
vn 0.301947262 -0.953272146 -0.0100033616
vn 0.38168953 -0.924243915 -0.00928913803
vn 0.778483246 -0.40967226 0.475533884
vn 0.419690212 -0.248875561 0.872880909
vn 0.820751648 -0.518049944 0.240813179
vn 0.0437048145 -0.987817014 0.149356744
vn 0.226578386 -0.968768669 0.100744728
vn 0.196825109 -0.848041628 0.492021619
vn 0.997510173 0.0699909348 -0.00864427971
vn 0.998767469 0.0486622145 -0.00977400855
vn 0.993440206 0.114066503 -0.00808635041
vn 0.0225846942 0.457143285 -0.889106264
vn 0.0244229913 0.606971312 -0.794348377
vn -0.053311647 0.590611132 -0.805193368
vn 0.0204219338 -0.374549601 -0.926981953
vn 0.98184787 -0.189646441 0.00299779906
vn 0.832031903 0.323028161 0.450971972
vn 0.880252746 0.429145586 0.20245782
vn 0.422626204 0.20253698 0.883383192
vn 0.655983508 -0.118010541 0.745492555
vn 0.762484808 -0.311729849 0.56695804
vn -0.810566195 -0.0774818895 0.580498924
vn 0.108044426 0.822961543 -0.557728161
vn 0.0428375879 0.73548141 -0.67618935
vn 0.0124447777 0.812530845 -0.582785341
vn 0.0115837718 -0.871728292 -0.489852632
vn 0.0129872625 -0.825964263 -0.563572859
vn 0.00869667711 -0.786533401 -0.6174865
vn 0.988038151 0.153239897 -0.0172669101
vn 0.985257501 0.169016662 -0.0264768726
vn 0.992907458 0.113690387 -0.0347746493
vn 0.0762593962 -0.996937345 -0.017333074
vn 0.050104544 -0.998600781 -0.0169119453
vn 0.147842061 -0.988929035 -0.0127314457
vn 0.000851160665 -0.996452456 0.0841532974
vn -0.000977480192 -0.994997425 -0.0998957922
vn -0.00387316957 -0.996221437 -0.0867631639
vn 0.91011294 0.414359607 -0.000743564325
vn 0.898487515 0.438999045 -0.000156183827
vn 0.919464376 0.393166311 -0.00234800534
vn -0.0447671931 -0.998732598 0.0230020926
vn 0.679667127 -0.733087655 -0.0252009348
vn 0.686252172 -0.726362841 -0.0381441983
vn 0.709798629 -0.703818835 -0.0287220103
vn 0.707430557 -0.706577466 -0.0170379686
vn 0.779949666 -0.622044418 0.068842283
vn 0.814242817 -0.578475137 0.0487355115
vn -0.495943515 -0.865991648 -0.0640194872
vn -0.145183192 -0.53856297 -0.829982993
vn -0.467987353 -0.768264712 -0.436757564
vn 0.410248716 -0.911973679 1.09104479e-05
vn 0.344612152 -0.938744977 0.000576403302
vn 0.330135134 -0.943922395 0.00461577039
vn 0.986583348 0.162696781 -0.0135298007
vn 0.994501326 0.104722882 -0.000479833843
vn 0.980307496 0.197414499 -0.00497285418
vn 0.131791569 0.59515779 -0.792728319
vn 0.271295461 0.957682465 -0.09614088
vn -0.135381522 -0.542983621 -0.828758488
vn -0.260706006 -0.965337173 0.0125108083
vn -0.271480117 -0.962295074 0.01693333
vn -0.208114057 -0.977705094 0.0279515455
vn 0.19320192 0.926096924 -0.324064044
vn 0.0490686488 0.959255828 -0.27824544
vn -0.039181309 0.938476314 -0.343113732
vn 0.329190787 -0.944010693 0.0218457617
vn 0.352788963 -0.935701766 0.0014669592
vn 0.751659974 0.65951475 0.00689773734
vn -0.762149238 -0.647398924 0.00178086028
vn -0.686278395 -0.727332031 0.00317499048
vn -0.734785549 -0.678298883 -0.000906852922
vn 0.217102651 -0.752870075 -0.621331707
vn -0.531838711 -0.846815915 -0.00709866716
vn -0.556005289 -0.830250056 -0.0392805801
vn 0.73172941 0.680027968 -0.0461955864
vn 0.556965959 -0.830506933 0.00686693636
vn 0.300327063 -0.953798697 -0.00846760761
vn 0.417093508 -0.908861809 -0.00179373822
vn 0.983436536 0.178156129 -0.0333612635
vn 0.990143751 0.137867179 -0.0246575139
vn 0.988617082 -0.143926761 -0.043833243
vn 0.988334566 -0.148891751 -0.0320317325
vn 0.997287866 -0.0630246719 -0.038010552
vn -0.251877964 -0.966371021 -0.0518125498
vn -0.321562221 -0.946014287 -0.0406780841
vn -0.251434443 -0.967872607 0.00182685483
vn 0.923934845 0.381404218 -0.0295841933
vn 0.935107139 0.351236051 -0.0469880355
vn 0.923341853 0.383110051 -0.0258168712
vn 0.902793236 0.428235151 -0.0397369939
vn -0.845979071 -0.482460866 -0.227048286
vn 0.996878083 0.078840821 -0.00426771397
vn 0.999710974 0.0234406492 -0.00533887572
vn 0.999823854 0.0182675029 -0.00430812865
vn -0.343106772 -0.939193031 0.0139352971
vn 0.737348175 -0.672310509 -0.0656981569
vn 0.718109165 -0.693581265 -0.0571336699
vn 0.706605259 -0.705570705 -0.0536562057
vn 0.912175843 -0.409723303 -0.00787689624
vn 0.912186089 -0.409525543 -0.0143307063
vn 0.928067165 -0.371832843 -0.0207767681
vn 0.975565462 -0.219494553 -0.00970415765
vn 0.977814877 -0.203241965 -0.0507027698
vn 0.987368557 -0.156913382 -0.0219436191
vn -0.468901326 -0.883109966 -0.015758655
vn -0.477271769 -0.878737709 0.00563006254
vn -0.469426452 -0.8829461 0.00670752452
vn -0.522074813 -0.852869046 0.00723045963
vn -0.511541888 -0.500230592 -0.698637425
vn 0.987189368 0.159497636 -0.00420193524
vn 0.99990383 -0.00447911344 -0.0131250873
vn 0.996513716 -0.0806041055 -0.0215265512
vn -0.00281353991 -0.977385083 0.211448538
vn 0.00387924591 -0.950930105 0.309381458
vn -0.014766217 -0.929158507 0.369386556
vn -0.519518385 -0.854435692 0.00634793242
vn -0.565355871 -0.82473893 0.0133580253
vn -0.525329188 -0.850897351 0.00171525199
vn -0.547840379 -0.836576792 0.00319220833
vn -0.480685082 -0.876892792 0.000940298538
vn -0.965532822 -0.259289278 -0.0227033044
vn -0.631149107 -0.775661514 -0.000143229768
vn -0.623623362 -0.781693918 0.00696575027
vn -0.469686006 -0.882822911 0.00433169719
vn -0.532999044 -0.846113543 0.00197276146
vn -0.688952249 -0.724803666 0.00210807776
vn -0.608922267 -0.793228474 -0.00150326189
vn -0.765393171 -0.640149597 -0.066195069
vn -0.721057012 -0.692871837 -0.00232434823
vn -0.680270459 -0.732913492 -0.00836163115
vn -0.865207248 -0.501414367 -0.000224838828
vn -0.811313851 -0.584606239 0.00231933121
vn -0.840251907 -0.542193993 0.00155130756
vn -0.875501927 -0.483071538 0.0117585946
vn -0.152956175 -0.988037222 0.0196686718
vn -0.605403667 -0.795826447 0.0121105673
vn -0.899119414 -0.437492817 0.0135762227
vn -0.854955458 -0.518676151 -0.0051199995
vn -0.851876428 -0.523527975 -0.015000351
vn -0.719875401 -0.694017224 -0.0109315411
vn 0.682825655 0.724476855 -0.0942465446
vn 0.79252038 0.609594643 -0.017487656
vn 0.744219079 0.666729645 -0.040119097
vn -0.650277474 -0.759661495 -0.00732255485
vn -0.513687959 -0.857865469 0.013838975
vn 0.720227652 -0.682749598 -0.122984207
vn 0.597318386 -0.783882915 -0.169523806
vn 0.692514067 -0.721290889 0.0127953772
vn -0.831851921 -0.554802134 -0.0147300194
vn -0.828746581 -0.559623796 -0.00055734549
vn -0.847598693 -0.530636744 -0.00104892898
vn -0.840327523 -0.5396536 -0.0512215447
vn -0.826597516 -0.562615528 -0.0141532589
vn -0.723803867 -0.690005514 -0.000594212594
vn -0.675725605 -0.737152254 -0.00120873036
vn 0.839411839 0.538698601 -0.0720526397
vn 0.88167451 0.466011096 -0.0740521208
vn 0.887265309 0.451151997 -0.0960320135
vn -0.564196607 -0.825621162 -0.00564663823
vn 0.0398687952 -0.99907817 0.0159150874
vn 0.90905935 0.41666605 0.000707895088
vn -0.0658850748 0.990137634 0.123639085
vn -0.143819026 0.986978517 0.0720381518
vn -0.139280813 0.987285199 0.0766080298
vn -0.347612544 -0.937637504 -0.00119603545
vn -0.0919976409 -0.995540351 0.0208768677
vn -0.0855198135 -0.996171549 0.0181275124
vn 0.307360318 0.912525877 -0.269863223
vn -0.433735246 -0.900963774 0.0117479189
vn -0.377908016 -0.925758191 0.0125421039
vn -0.340492442 -0.940045778 0.019463596
vn 0.845140602 -0.495839896 -0.199700177
vn 0.917219672 -0.36715319 -0.154617622
vn 0.820954035 -0.536332801 -0.195912222
vn -0.46632391 -0.884590982 -0.00638791802
vn -0.379244566 -0.925293279 -0.00243036418
vn -0.142072884 -0.860540969 -0.489167186
vn -0.287465936 -0.629704121 -0.721689722
vn -0.209825181 -0.977690688 0.00971144749
vn -0.213734763 -0.976891403 0.000798586326
vn -0.286587312 -0.958008126 0.00938849786
vn -0.208912181 -0.977817667 -0.0151099878
vn -0.12395103 -0.991965956 -0.0252919922
vn -0.150877913 -0.988355652 -0.0197221042
vn -0.358371665 -0.933574412 -0.00292682702
vn 0.700105725 -0.713972981 -0.0097240017
vn 0.69058052 -0.723162457 -0.0116020005
vn 0.739238397 -0.673307285 -0.0135606925
vn -0.446788515 -0.894567574 0.0113525019
vn -0.242023435 -0.969993148 0.023193732
vn -0.266289068 -0.963803872 0.0131236058
vn -0.223703982 -0.974604864 0.0100939255
vn -0.421932369 -0.906541121 0.012500884
vn -0.067542194 -0.997692938 -0.00684500928
vn -0.146639552 -0.989120286 -0.011743129
vn -0.0691795601 -0.997568104 -0.00848917468
vn 0.530162163 0.33730436 -0.777916352
vn -0.280015944 0.598140282 -0.750879001
vn -0.156423397 -0.98717644 0.0318496101
vn -0.177163266 -0.983931861 0.0221646013
vn -0.211029974 -0.977024215 0.0298334167
vn -0.104143588 -0.994296721 0.022981357
vn -0.18766055 -0.982117132 0.0151478237
vn -0.0726797547 -0.997338023 0.005875553
vn -0.11458881 0.962919664 -0.244243986
vn -0.15788521 0.953894544 -0.255259593
vn -0.102926586 0.939980513 -0.325334833
vn -0.314613042 -0.949196016 0.00674966223
vn 0.0621946065 -0.995448398 -0.0722102302
vn -0.254406395 -0.967072818 -0.0068957242
vn -0.204613592 -0.978834461 -0.00404665434
vn 0.812114622 -0.577594919 -0.0827885863
vn -0.392054988 0.593928513 -0.702525307
vn -0.686767756 -0.726719017 -0.015149937
vn -0.616416292 -0.787406081 -0.0047559214
vn -0.68090204 -0.732339812 -0.00712820386
vn -0.283510559 -0.958732746 0.0212904887
vn 0.784902405 -0.618516273 -0.0369572135
vn 0.810361147 -0.582558407 -0.0627735131
vn 0.77275196 -0.631989379 -0.0586841792
vn 0.023753581 -0.999617097 0.0141924755
vn 0.100012018 -0.994927056 0.0108512052
vn 0.0623487527 -0.998048995 0.00329184412
vn -0.0302346191 -0.99933757 0.0202556145
vn 0.865630288 0.500098334 0.0242045644
vn -0.100316089 -0.994818965 -0.0164896972
vn -0.0496835637 -0.998509756 -0.0225789696
vn -0.92421609 -0.381812901 -0.00659757377
vn -0.312460405 -0.929030267 -0.198169772
vn -0.144497231 -0.930795108 -0.335769292
vn -0.161479665 -0.982848651 -0.0890665274
vn 0.822024063 0.569438036 -0.00409431392
vn 0.870155696 0.492776338 -0.000738814258
vn -0.0149918181 -0.999880761 0.00370253089
vn 0.0624779847 -0.99804227 0.00285125608
vn 0.215688282 -0.96996871 -0.112424495
vn 0.320963788 -0.938838412 -0.1247585
vn 0.23986595 -0.958968182 -0.151143481
vn 0.245764257 -0.969294798 0.00821728073
vn 0.316290772 -0.948640839 0.00638017482
vn 0.298248377 -0.954475761 0.0048915449
vn 0.0811875215 -0.996531094 0.0182856355
vn -0.278269733 -0.960492276 0.00453237521
vn -0.360272086 -0.932844269 0.00236503702
vn -0.291690468 -0.956505829 -0.00364279639
vn -0.0364011599 -0.937287351 0.346651666
vn -0.618900605 -0.785323915 -0.015112534
vn -0.656110087 -0.75443915 -0.0184695351
vn -0.645191076 -0.763827144 -0.017221195
vn -0.653708807 -0.75674513 0.00126688918
vn -0.691379097 -0.722490087 0.00173770356
vn 0.156497685 -0.987678198 -0.000502472417
vn 0.0865364736 -0.996217911 -0.00783023226
vn 0.136098496 -0.990689198 -0.00348024861
vn 0.069104036 -0.997528612 -0.012700377
vn 0.139246785 -0.990162843 0.0137068501
vn 0.0404148098 -0.999104009 0.0125627002
vn -0.670868466 -0.741227259 -0.0227519467
vn -0.377109629 -0.926131927 -0.00824504682
vn -0.19491424 -0.980791557 -0.00750743422
vn -0.23078918 -0.972993143 -0.00454951655
vn -0.246723623 -0.969085885 3.83603497e-05
vn -0.312244133 -0.949989504 0.00485226957
vn 0.0533548753 -0.998547282 -0.00752210674
vn -0.0208333535 -0.999746438 -0.00854584642
vn -0.490023906 -0.871697318 -0.0045118931
vn -0.545708803 -0.837956511 -0.0055487611
vn -0.515582021 -0.85679634 -0.00867239762
vn -0.122115939 -0.992512132 0.00271391435
vn -0.0424357937 -0.999082715 0.00573856289
vn -0.111963522 -0.99368115 0.00787034535
vn -0.192902744 -0.981189288 0.00749082438
vn -0.258945672 -0.96588746 0.00292460588
vn -0.32323507 -0.94629981 -0.00597983138
vn -0.254166645 -0.967118737 -0.00898143206
vn -0.576373915 -0.817142249 -0.00846499991
vn -0.581065836 -0.813849648 0.00335330031
vn -0.628365095 -0.777907389 -0.00417145951
vn -0.560163926 -0.82836429 0.00538328665
vn -0.538355568 -0.842713597 -0.00266020013
vn -0.306671099 -0.31799855 -0.897123046
vn -0.391011078 -0.920375256 0.00444135256
vn -0.413693134 -0.910410057 -0.00339403625
vn -0.452495029 -0.891671175 -0.013067708
vn -0.461271489 -0.887250333 -0.00393198503
vn -0.286783775 -0.957991774 0.00261286159
vn -0.377276284 -0.926100732 0.000198799418
vn -0.362847311 -0.931847653 -0.00133441255
vn -0.079747051 -0.996785978 0.00762382477
vn -0.741782888 -0.383736293 -0.550004185
vn 0.251634714 -0.0050784359 -0.967808959
vn -0.848224708 -0.26269674 -0.459897019
vn -0.314004227 -0.949410285 0.00463211314
vn -0.771983649 -0.632381062 -0.0643073749
vn -0.740677456 -0.670058187 -0.0491826305
vn -0.7316903 -0.681428719 -0.0168583805
vn -0.209433728 -0.977820349 0.00220857506
vn -0.11479258 -0.993388541 -0.00136776517
vn -0.134551271 -0.990904306 -0.00214770612
vn -0.540377468 -0.841411917 -0.00426362662
vn -0.541160763 -0.840826268 -0.0124986155
vn -0.838277455 -0.541770317 -0.0614478015
vn -0.842633597 -0.536794041 -0.0426705805
vn -0.69186257 -0.721435864 -0.0292656463
vn -0.691557101 -0.721708025 -0.0297708448
vn -0.72824267 -0.6835376 -0.0493858529
vn -0.843680852 -0.536834976 -0.0032905762
vn -0.879239767 -0.476371676 -0.00273106817
vn -0.87920815 -0.47642641 -0.0033022203
vn -0.54578918 -0.83782177 -0.0129943105
vn -0.216277365 -0.965780968 0.143147557
vn -0.659350895 -0.751647416 -0.0168095087
vn -0.541777605 -0.840521807 -0.000345805953
vn -0.817433657 -0.570632101 0.0786207503
vn -0.615457065 -0.788043627 0.014136627
vn -0.643736617 -0.765051877 0.0172856223
vn -0.607056469 -0.794566979 0.0120731164
vn -0.503093955 -0.864174435 -0.00995075092
vn 0.0550409002 -0.998386753 0.0139423896
vn 0.0845640732 -0.996379952 0.00871258583
vn 0.0358593324 -0.999182925 0.0186437861
vn -0.750181523 -0.66027889 -0.0354890122
vn -0.793001701 -0.608964551 0.0176203779
vn -0.858547046 -0.512501925 0.0154514594
vn -0.829207461 -0.558574212 0.0202443838
vn -0.848321525 -0.529470412 0.00341654457
vn -0.792199307 -0.61026115 0.00126001808
vn -0.48926884 -0.872132846 -0.000548389214
vn -0.458264262 -0.88881414 0.00181428979
vn -0.410353132 -0.911926691 0.000130376212
vn 0.695720461 0.344667791 -0.630219925
vn 0.907555562 0.319285422 -0.272763124
vn -0.793985315 -0.60751646 -0.0226068771
vn -0.934870098 -0.354454497 0.019491287
vn -0.874910792 -0.483691134 0.0239581566
vn -0.913437487 -0.406686121 0.0154387818
vn -0.753059922 -0.657843447 -0.0119479184
vn -0.782293294 -0.622896139 -0.00419543995
vn -0.813770736 -0.581186 -0.000147673109
vn -0.824287807 -0.566156594 -0.00404010431
vn -0.838397625 -0.544797951 -0.0168705461
vn -0.594166836 -0.803783177 -0.0299729092
vn -0.881540699 -0.471301711 -0.0275806719
vn -0.888499108 -0.45832875 -0.0224520184
vn -0.865393302 -0.500596736 -0.0223011223
vn -0.720597919 -0.693333153 -0.00527044684
vn -0.859981282 -0.509697608 0.0253089459
vn -0.872765786 -0.487607551 0.0227762622
vn -0.889808763 -0.454829301 0.0370225837
vn -0.593470857 -0.804842245 -0.00461533108
vn -0.592604705 -0.805431578 -0.00998178401
vn -0.627012406 -0.778925394 0.0114312551
vn -0.642567357 -0.766172043 0.00935906769
vn -0.658107027 -0.752744475 0.0164589516
vn 0.0711704708 -0.997462364 -0.00189648455
vn -0.860637679 -0.509199508 -0.00431811089
vn -0.881111271 -0.472603945 -0.0169835234
vn -0.546436184 -0.837486767 -0.00483856405
vn -0.788584572 -0.613080158 0.0476139961
vn -0.614816009 -0.788634785 -0.00751340545
vn -0.625944335 -0.779865599 0.00182678986
vn -0.32168147 -0.946847793 0.000537183114
vn -0.640489046 -0.767915953 -0.00888096232
vn -0.698516426 -0.715213737 -0.0233262202
vn -0.683350399 -0.730062367 -0.00641657927
vn -0.58646238 -0.809974928 0.00157895653
vn -0.409008049 -0.91252053 -0.00432417778
vn -0.349912238 -0.936782482 -8.6527252e-05
vn -0.678532632 -0.73449466 -0.0105386333
vn -0.655450722 -0.755234608 -0.00224446471
vn -0.717735907 -0.696277596 -0.00725793051
vn -0.63871611 -0.769273913 -0.0161051914
vn -0.608614106 -0.793395661 -0.0105921948
vn -0.93970232 -0.339617247 -0.0402452021
vn -0.959418734 -0.280639665 -0.0275149434
vn -0.939350515 -0.342047008 -0.0249890805
vn -0.382968023 -0.923746203 0.00533353521
vn -0.890244823 -0.455419823 -0.00754585115
vn -0.902154447 -0.431321735 -0.00888345868
vn -0.47622145 -0.879323597 -0.00177237691
vn -0.731100433 -0.682269656 -0.000523581013
vn -0.420267082 -0.907314078 0.0125197643
vn -0.330466871 -0.94381758 -0.000150037123
vn -0.368868865 -0.929475236 0.00339782923
vn -0.294137505 -0.955761204 0.00191019744
vn -0.293741195 -0.955874295 0.00452127089
vn -0.153836649 -0.106140212 0.982379021
vn -0.233903792 -0.240329188 0.942088582
vn -0.145401486 -0.989372693 -0.000285422313
vn -0.0422073497 -0.999108393 0.000979193738
vn -0.115731996 -0.993275939 0.00300246402
vn -0.593296277 -0.804949013 0.00752429243
vn -0.613766198 -0.789486125 0.00164688623
vn -0.559173845 -0.829043616 0.00336078864
vn 0.1327639 -0.990980071 -0.0182275954
vn 0.00828579347 0.800024974 0.599909482
vn -0.0266429873 0.817933584 0.5746954
vn -0.00569214807 0.713236006 0.700900848
vn -0.25497037 -0.966948693 0.000579160941
vn -0.323166689 -0.946341905 -0.000538278612
vn -0.557326601 -0.83026611 0.00672650848
vn -0.586180584 -0.810173639 0.00331624058
vn -0.770010608 -0.637998859 0.00641249425
vn -0.803639512 -0.595076594 0.00688340738
vn -0.725011094 -0.686977972 0.0491953242
vn -0.763182789 -0.644311014 0.0491461959
vn -0.773992012 -0.630035673 0.0631776521
vn -0.017178449 -0.999839757 -0.00503602239
vn 0.0891172053 -0.996019152 -0.00199329002
vn 0.0486297835 -0.998805451 0.00477650697
vn 0.0723619754 -0.997371223 -0.00379325771
vn 0.0984688308 -0.9951401 0.000264558018
vn 0.154279471 -0.9880269 -0.000830299341
vn 0.100079386 -0.994955916 0.00684412016
vn -0.151527843 -0.988452566 0.000915649217
vn -0.133470745 -0.991049768 -0.00243249065
vn -0.0621706741 -0.998060505 0.00316789807
vn 0.162309134 -0.986722832 -0.00581361567
vn -0.3636558 -0.931533325 -0.000351418694
vn -0.339171714 -0.940719156 0.0031651052
vn 0.479572841 -0.877436697 0.0107113376
vn 0.543287921 -0.839461001 0.0119775543
vn 0.494138741 -0.869315981 0.0107995696
vn -0.808158231 0.462667578 0.364443391
vn -0.794629659 0.498567661 0.34640149
vn -0.269035312 0.116221773 0.956092308
vn 0.00169431338 0.000580802931 0.999998396
vn -0.00072159961 -0.00260082041 0.999996358
vn -0.0024927816 -0.00944443423 0.999952293
vn -0.0881972444 -0.996102957 -0.000381818435
vn -0.00639277876 -0.999979566 9.57800559e-06
vn -0.056348656 -0.998401908 -0.00429635071
vn 0.727669681 -0.685318971 -0.0288919308
vn 0.656503511 -0.75161216 -0.0638928904
vn 0.857457218 -0.514089709 0.0218835636
vn -0.209764674 -0.977750251 -0.00179671093
vn -0.136237608 -0.990676079 -0.00047048448
vn -0.0713454262 -0.997450239 -0.00168867231
vn 0.0126311677 -0.999911189 0.00425059469
vn 0.163588463 -0.986525741 0.0024034414
vn 0.210557954 -0.977575246 0.00346218214
vn 0.155643556 -0.987780635 0.00803119702
vn -0.056699975 -0.998371784 -0.00623650541
vn -0.0583747234 -0.99828738 -0.00383396599
vn 0.0254291203 -0.999672873 -0.00273983181
vn 0.0169403962 -0.999836145 -0.00638018317
vn 0.0831788818 -0.996513495 0.00649067414
vn -0.216439115 -0.976290625 -0.00327485218
vn -0.137633473 -0.990481245 -0.00198260471
vn -0.231886857 -0.972742281 -0.000969374017
vn -0.420785124 -0.90705691 -0.0136982357
vn -0.425475422 -0.904966442 0.00253071081
vn -0.476162035 -0.879322852 -0.0078127327
vn 0.136806938 -0.990596204 0.00173826901
vn 0.853952254 -0.519996769 -0.0192069632
vn 0.798037622 -0.602159542 -0.0232344363
vn 0.837220391 -0.546829867 -0.00625399383
vn -0.00219488588 -0.0069308155 0.999973573
vn -0.00235073965 -0.00383420948 0.999989886
vn -0.00162748365 -0.000137033808 0.999998666
vn -0.65553433 -0.755070884 -0.0119458515
vn -0.580757638 -0.813825737 -0.0202048416
vn -0.584671428 -0.739812732 0.332921076
vn 0.62142064 -0.774164262 -0.120441207
vn -0.931138158 -0.364580001 -0.00794697527
vn -0.897838516 -0.440324745 0.000344747693
vn -0.26674359 -0.963766268 -0.00156162193
vn -0.164709299 0.982506717 -0.0868987729
vn -0.0981851687 0.994977511 0.0194788161
vn -0.0939691167 0.990390441 -0.101472059
vn -0.138235787 -0.990330285 -0.0116958581
vn -0.116910938 -0.993119586 -0.00673208345
vn -0.0791580201 -0.996829933 -0.00800573548
vn -0.000411694365 0.0234254692 0.999725501
vn -0.00257839486 -0.000604628824 0.999996493
vn -0.00312825276 -0.00534406673 0.999980827
vn 0.0460039305 -0.998913305 -0.00747308176
vn 0.292587686 -0.956208161 -0.00764187293
vn 0.30313481 -0.952947399 0.000735728215
vn 0.252407281 -0.967601204 0.00620274691
vn 0.165948488 -0.986133416 -0.00140900697
vn -0.345923823 -0.938181045 -0.0123707208
vn -0.29611052 -0.955153196 -0.000966025823
vn 0.359448901 -0.861876775 0.357721836
vn 0.44809005 -0.829700478 0.332885
vn 0.142682513 -0.989637264 -0.0161179122
vn 0.225253019 -0.97396745 -0.0254653304
vn -0.0704188169 -0.997503965 -0.00519912858
vn -0.108196475 -0.994114725 -0.00542556631
vn -0.0258573159 -0.999663745 -0.0019485447
vn -0.288469053 -0.928620366 0.233344854
vn -0.522245789 -0.852736382 -0.00999992991
vn -0.467244579 -0.884099075 -0.00716443813
vn 0.920754432 -0.390069147 0.00757211334
vn 0.963352487 -0.268200298 -0.00453716775
vn 0.936731523 -0.350047293 -0.00097263375
vn -0.0150156398 -0.999831579 -0.010551994
vn -0.459894131 -0.887942313 -0.00747242126
vn -0.43340117 -0.901200555 0.000992303184
vn -0.406459434 -0.91366882 0.000125145648
vn -0.107763968 0.395267226 0.91222297
vn -0.84685513 -0.531704912 0.0112371821
vn -0.806819379 -0.590672918 0.0121652219
vn -0.805857353 -0.59210112 0.00319238218
vn -0.876633134 -0.47692882 0.063665129
vn -0.934717854 -0.353672285 0.0349062786
vn -0.923256249 -0.381289629 0.0470756564
vn -0.375924007 -0.926520777 -0.0155045353
vn -0.352930745 -0.935573525 -0.0119192507
vn -0.418164227 -0.90833134 -0.0085356054
vn -0.53840365 -0.842686367 0.00109378622
vn -0.524741755 -0.85109904 -0.0166287385
vn 0.537140636 -0.737667312 -0.409056076
vn -0.508808433 0.572911697 -0.642562188
vn -0.25782975 0.56745503 -0.781996553
vn -0.671113942 -0.740869831 0.0267949756
vn -0.686697541 -0.72637585 0.0287160675
vn -0.676518236 -0.736110554 0.0215482826
vn -0.707364057 -0.7065374 0.0209998274
vn -0.082766833 -0.996372949 -0.0197635624
vn -0.136846698 -0.990348254 -0.0219844884
vn -0.160268538 -0.986973487 -0.0140474737
vn -0.382713045 -0.789355704 0.480050307
vn -0.15577566 -0.444271022 0.882245546
vn -0.20800785 -0.977996106 -0.0160109378
vn -0.07056904 -0.997368758 -0.0166003309
vn 0.00243842123 -0.999815079 -0.0190751552
vn -0.116269724 -0.993068884 -0.0171913855
vn -0.0506707269 -0.998662664 -0.0102645947
vn -0.150555511 -0.988532026 -0.0117248391
vn -0.557485003 -0.830177719 0.00392770157
vn -0.51093357 -0.859620129 0.000345913939
vn -0.585130376 -0.810939213 0.00018922385
vn -0.00233708322 -0.0012219829 0.999996522
vn -0.00295232702 -0.00351224532 0.999989474
vn -0.000418781 0.000335442087 0.999999856
vn -0.697201037 -0.716871206 0.00252727749
vn -0.948580441 -0.316052777 -0.0174868166
vn -0.914033468 -0.404089 -0.035424556
vn -0.923995509 -0.293501161 0.245131325
vn 0.494281405 -0.831928758 0.25215161
vn -0.189114998 -0.665307798 -0.722219532
vn -0.639007663 -0.630710695 -0.440310375
vn -0.628460439 -0.577290282 -0.52131891
vn -0.00252217999 -0.849312746 0.527883981
vn -0.00192638249 -0.926502531 0.376283601
vn -0.00544032942 -0.891035178 0.453901657
vn -0.777947351 -0.628329425 0.000229525787
vn -0.737636977 -0.675197338 0.000495691792
vn -0.713943499 -0.700163678 -0.00745007007
vn -0.441383565 -0.897312485 -0.00329429409
vn -0.351794683 -0.936076075 0.0014428524
vn -0.402250528 -0.915486517 -0.00888537156
vn -0.00908288674 -0.838645815 0.544601412
vn -3.2154919e-05 -0.931501819 0.363736664
vn -0.691864297 -0.722014945 0.00426777941
vn -0.820183861 -0.57209996 -0.000264458226
vn -0.765927738 -0.642917205 0.00348803843
vn -0.444400996 -0.895827952 0.000189207693
vn -0.526031222 -0.850461643 0.00247934348
vn -0.483247694 -0.875476663 -0.00350405758
vn -0.838065942 -0.545339118 0.015834274
vn -0.371353276 -0.9284903 0.00158324872
vn -0.943106091 0.234504376 0.235708715
vn -0.194732152 0.648706735 0.735703039
vn -0.710081117 -0.704096842 0.00569594833
vn -0.660706915 -0.750643598 -0.000749780341
vn -0.645760796 -0.76353538 -0.00259174503
vn -0.39593122 -0.91752417 -0.0372540844
vn -0.444606283 -0.886247206 0.129965928
vn -0.327949643 -0.944636413 -0.0105393755
vn -0.398226012 -0.917259851 -0.00709988548
vn -0.3525164 -0.935726529 -0.0121676279
vn -0.441681165 -0.897165719 0.00337953259
vn -0.479127318 -0.877743233 0.00195701971
vn -0.510460139 -0.859901329 -0.000387714258
vn -0.728428547 -0.685103858 0.00495532806
vn -0.543582337 0.624785624 0.560500817
vn -0.751935753 -0.659235557 0.00105009925
vn -0.972456313 -0.228766882 0.0446590745
vn -0.998748223 0.019061758 0.0462454041
vn -0.206698843 -0.375326833 0.903551524
vn -0.85533016 -0.518083094 -0.00047440277
vn -0.82505547 -0.565051057 -0.000880421119
vn -0.866217176 -0.499667317 0.000613878963
vn -0.887017973 -0.461708891 -0.00490061416
vn -0.913783534 -0.406069179 -0.0103669834
vn -0.89781632 -0.44032877 -0.00603568998
vn -0.998291255 -0.0346142245 0.0470789291
vn -0.997764615 0.0486000305 0.045867304
vn -0.621800268 -0.743891835 0.244927263
vn -0.601674535 -0.779077673 0.176141232
vn -0.543993497 -0.839089319 -0.000436746465
vn -0.576226871 -0.817288581 -0.00140301547
vn 0.0215326746 0.0475856563 0.998635043
vn -0.191143137 -0.899487242 0.392921115
vn -0.130570829 -0.353881492 0.92613128
vn -0.543226893 -0.839577312 0.00380508583
vn -0.484487363 -0.874790945 0.00357734578
vn -0.642899946 -0.765933772 0.00501150538
vn -0.707429277 -0.706784057 -0.000337533668
vn -0.626123302 -0.779710044 0.00467532637
vn -0.244697491 -0.969535927 -0.0111006126
vn -0.278041949 -0.960327327 -0.0215429553
vn -0.336216199 -0.941651619 -0.0158397085
vn -0.200098245 -0.979579316 -0.0196228609
vn -0.0434832042 -0.998615405 -0.0296054689
vn 0.0316155961 -0.999486727 -0.00517074393
vn -0.0484843312 -0.998818485 -0.0033019756
vn -0.601498958 -0.798867478 0.00312342555
vn -0.00841428642 0.0354961154 0.999334391
vn -0.0243463407 -0.362170529 0.931793842
vn -0.00830783432 0.0220607526 0.999722113
vn -0.00257176797 -0.00531917276 0.999982546
vn -0.00208906163 -0.00324880928 0.999992541
vn -0.00391216416 -0.00582626364 0.999975375
vn -0.688672155 -0.725072253 0.00094345376
vn -0.642913178 -0.765935879 0.00220770538
vn -0.660724199 -0.750557798 -0.0103211114
vn -0.279775024 -0.960049237 -0.0056034027
vn 0.00216027119 0.0337399302 0.999428312
vn -0.278967146 -0.960256389 -0.00921945214
vn -0.33637618 -0.941720811 -0.00360282497
vn -0.314804124 -0.948975728 -0.0185319165
vn 0.231019778 -0.972931298 -0.00587798877
vn 0.211858898 -0.97729598 -0.00289403176
vn -0.980859083 -0.191813058 0.0335143293
vn -0.976971765 -0.21098437 0.0318082832
vn -0.971903906 -0.233227485 0.0317448838
vn 0.473913444 -0.880570897 0.000970745428
vn 0.352619314 -0.93574061 -0.0070092587
vn 0.370756792 -0.928729656 -0.00079238858
vn 0.00671733412 -0.000798697915 0.999977119
vn 0.015792471 0.00292667846 0.999871008
vn -0.00486507313 0.00244288693 0.999985182
vn 0.0339532223 0.0232469284 0.999153021
vn 0.0148912352 0.0104277688 0.999834743
vn 0.0179957917 0.0185990441 0.999665057
vn -0.0536522353 0.45706736 0.887812405
vn -0.00597699668 0.455501454 0.890214974
vn -0.588829864 -0.808256607 0.000804970488
vn -0.600398058 -0.799694995 0.00317598748
vn 0.00116307772 -0.00100592214 0.999998818
vn 0.00968254225 0.00644816721 0.999932332
vn 0.00308742097 0.00183079911 0.999993558
vn -0.630733905 -0.775997578 -0.00158091162
vn -0.583099913 -0.812399007 0.00153106227
vn -0.574661777 -0.818348012 -0.00838888852
vn 0.00300518303 0.00712705438 0.999970087
vn 0.0391564078 0.0296772898 0.998792288
vn -0.339859044 -0.940429678 -0.00937287657
vn -0.990273971 0.116441955 0.0761494144
vn -0.989756618 0.083111025 0.116079262
vn -0.980267886 0.16465871 0.109372671
vn -0.46743691 -0.884024839 -0.00167883472
vn -0.958641091 -0.280550349 0.0479453903
vn -0.931022712 -0.361104801 0.0529153352
vn 0.00880461209 0.722528309 0.691285268
vn -0.00796421189 0.707944155 0.706223509
vn -0.64819123 -0.761477579 -0.000163079283
vn -0.757913366 -0.652338116 0.0047235281
vn -0.665384856 -0.746484062 0.00495369602
vn -0.925767721 -0.375454441 0.0445879876
vn -0.953002589 -0.301840011 0.0260513504
vn -0.0365419081 -0.514796032 0.856533557
vn -0.195976458 -0.602972064 0.773316183
vn -0.0309623175 -0.440143711 0.897393363
vn -0.446918426 -0.894515835 -0.0102636541
vn 0.00838532992 0.10092625 0.994858572
vn -0.906924835 0.191070663 0.375472164
vn -0.997940847 0.0303724836 -0.0564940583
vn -0.724933809 -0.68881445 0.00237194577
vn -0.387585034 -0.921827899 -0.00334162321
vn -0.50605707 -0.862488397 0.00447292974
vn -0.760004215 0.624377535 0.180405896
vn -0.574831003 -0.818244853 0.00668423688
vn -0.605308157 -0.795974261 0.00519710886
vn -0.634856953 -0.772500675 0.0141193669
vn -0.657520927 -0.753153301 0.0206479269
vn -0.793906115 -0.607555883 0.0242678642
vn -0.790540042 -0.61162486 0.0310076272
vn -0.823482052 -0.566328924 0.0338948353
vn -0.703463377 -0.710728605 0.00203153345
vn -0.757309501 -0.652290043 0.0316230863
vn -0.642838032 -0.765779288 0.0184755756
vn -0.696228987 -0.717400373 0.0245336925
vn -0.982655197 -0.18511404 -0.0110252696
vn -0.969151362 -0.246366956 -0.00699713655
vn -0.498093414 -0.652724849 0.570835547
vn -0.873358006 -0.48552591 -0.0388636671
vn -0.862511399 -0.506036938 0.000838834777
vn -0.618759469 -0.785501074 0.0111706114
vn -0.666501972 -0.522453484 0.531805865
vn -0.584155406 -0.472977318 0.65958693
vn -0.0363433217 -0.687771048 0.725017343
vn -0.749153927 -0.661283733 0.0383694949
vn -0.572064634 -0.82019639 0.00446507336
vn -0.517157668 -0.855889666 0.000909330224
vn -0.402083384 -0.915596614 0.00343391259
vn -0.327818685 -0.944734527 0.00340328547
vn -0.338510998 -0.94096193 -0.000974613252
vn -0.370198614 -0.928946505 -0.00337280026
vn -0.741105982 -0.671148613 0.017929377
vn -0.7905295 -0.612060059 0.021109105
vn -0.719169353 -0.693805152 0.0378133933
vn -0.693174944 -0.720084544 0.0314125249
vn -0.827663048 -0.558890903 0.0511354811
vn -0.0974899291 -0.2926238 0.951244987
vn -0.4593082 -0.336474899 0.822083098
vn -0.871119131 -0.0176370556 0.490754922
vn -0.0363985453 0.0402170882 0.998527782
vn -0.232786969 -0.106250379 0.966706307
vn -0.941763562 -0.332959914 0.0471072137
vn -0.918979573 -0.392233588 0.0403653052
vn -0.960882824 -0.273991126 0.0404111557
vn -0.00940799878 -0.984892792 0.172909449
vn 0.00464085351 -0.98107156 0.193589918
vn 0.000989135542 -0.939937492 0.341345182
vn -0.885292763 -0.460641845 0.0637637291
vn -0.0324503341 -0.300776808 0.953142323
vn -0.0767306877 -0.16151018 0.983883562
vn -0.304966761 0.841479107 -0.44599124
vn 0.0108208386 0.867830529 -0.49674247
vn 0.0392511352 0.955368754 -0.292796675
vn 0.00138937539 -0.000778273887 0.999998732
vn -0.715227216 -0.69757075 0.0429543781
vn -0.720825896 -0.692499042 0.0292421774
vn -0.821442744 -0.569273469 0.0340519509
vn -0.875532788 -0.481904207 0.0347947095
vn 0.00767398244 0.00621163181 0.999951262
vn -0.97407317 0.215879071 0.0676586013
vn -0.965374194 0.254107771 0.0590076755
vn -0.969966578 0.236026915 0.058788885
vn -0.00867437464 -0.297638503 0.954639239
vn -0.00562465277 -0.503828781 0.86378523
vn -0.00313063059 -0.416962012 0.908918522
vn -0.00497598838 -0.584463381 0.811404828
vn -0.00115917411 -0.747079496 0.664733693
vn -0.00404804391 -0.653309742 0.757079913
vn -0.133655804 -0.719314334 -0.681705959
vn -0.381560555 -0.466105538 -0.798221254
vn -0.0855058084 -0.803321874 -0.589374858
vn 0.865275049 -0.498171136 -0.0558981975
vn -0.0105227305 -0.768743462 0.639470688
vn -0.0249504904 -0.73040601 0.682557349
vn -0.392951889 -0.9194582 -0.0136173131
vn -0.954662681 0.294970955 0.0401410062
vn -0.973619606 0.225904627 0.0321241588
vn -0.976405306 0.215083836 0.0192775072
vn -0.642922875 0.487110613 0.591078191
vn -0.00480334216 0.584253379 0.811557094
vn -0.0151851869 0.647714142 0.761732106
vn 0.00401361355 0.521193352 0.853429189
vn 0.0136116755 0.621832207 0.783032201
vn -0.00304352156 0.877337483 0.479864228
vn -0.00109716391 0.164732441 0.98633768
vn -0.692248161 -0.720631772 0.0385010718
vn -0.737218908 -0.675349908 -0.0202678009
vn -0.798525688 -0.601957561 -0.0019545405
vn 0.00115404071 -0.235732836 0.971817214
vn -0.97265042 0.231960749 0.0120569818
vn -0.958642058 0.281148634 0.0442814791
vn -0.221753606 -0.975101622 0.00147139253
vn -0.210251897 -0.977645416 0.00189230986
vn 0.0192249322 -0.695281999 -0.718479884
vn 0.00238607208 -0.616037389 -0.787713299
vn -0.000489643319 -0.717149932 -0.696918744
vn -0.920236086 -0.300095828 0.251213138
vn -0.492935392 0.0441582271 0.868944618
vn -0.00920159798 -0.0132128728 0.999870367
vn 0.00555500699 -0.0167260333 0.999844679
vn 0.00173967603 0.356333256 0.934357311
vn 0.00101975633 0.247349931 0.968925679
vn -0.00832031141 -0.635765059 0.771837783
vn -0.00155445379 0.0943344004 0.995539354
vn -0.0153869023 0.220057786 0.975365477
vn -0.0140944561 -0.262264845 0.964892998
vn -0.0106332094 -0.422951246 0.90609005
vn 0.00116178711 0.396991994 0.917821337
vn -0.0163513302 0.285525388 0.958231646
vn -0.00280504471 -0.971921222 0.235289755
vn -0.0836977865 0.76301662 0.640937062
vn -0.0429977037 0.830398848 0.555507831
vn -0.865011588 0.501461107 0.0170795098
vn -0.870896569 0.487694732 0.0607701802
vn -0.823868507 0.565071222 0.043990877
vn -0.8334022 -0.552642335 0.00521747375
vn -0.992111495 0.110772623 0.0586873732
vn -0.739131251 -0.188527771 0.646639214
vn -0.993445408 -0.00604508122 -0.114147619
vn -0.930290753 0.0428226289 -0.364314887
vn -0.66861937 -0.743109098 0.0271478462
vn -0.191139418 -0.981560076 0.00235356728
vn 0.00219516468 0.972203987 0.234125156
vn 0.0795586503 0.981699173 0.173023569
vn -0.0114850145 0.922202919 0.38653573
vn 0.0741846352 -0.0420374408 0.996358115
vn -0.999331816 0.0296173845 0.0214180106
vn -0.994221766 0.103938978 0.0268285225
vn -0.993715639 0.110063781 0.0203762804
vn -0.998663222 0.043945723 0.0272128938
vn -0.994205927 0.101733865 0.0347101506
vn 0.83339826 -0.17983273 0.522596909
vn -0.93771942 0.345524543 0.0359872006
vn -0.907608175 0.415560267 0.0596411451
vn -0.920373177 0.383405371 0.0768995243
vn -0.518493665 -0.59057516 0.618373107
vn -0.548994203 -0.492934216 0.674997203
vn 0.15987539 0.211087073 0.96430395
vn -0.222855818 0.149547662 0.963312401
vn -0.896922716 -0.442121769 0.00761469529
vn 0.22827923 -0.972011616 0.0555158627
vn -0.112838508 0.989301898 -0.0924620213
vn -0.0386910545 0.996928825 -0.0680875914
vn -0.985220551 -0.164070528 0.0492069956
vn -0.976686214 -0.207153212 0.0563168363
vn -0.930935774 -0.365182635 0.000477583174
vn 0.00225914546 -0.147162685 0.989109721
vn -0.75132592 0.659908888 -0.0054425314
vn -0.817952876 0.575140099 0.0129212928
vn -0.991826953 -0.11764288 0.0493907633
vn -0.994892535 -0.0936577458 0.0376439944
vn -0.348316906 -0.33829143 0.874204919
vn -0.193087483 -0.129306814 0.972623756
vn -0.789455369 -0.422848207 0.444926527
vn -0.906500467 -0.421618437 0.0222440388
vn -0.999748705 0.00368994526 0.0221113575
vn -0.998785474 -0.0399310461 0.0288632713
vn -0.899700243 -0.434434673 0.0424969088
vn -0.868061712 -0.494633283 0.0425062299
vn -0.00624728454 -0.0821110526 0.996603605
vn 0.0606377475 0.0187039594 0.997984582
vn 0.0213007567 0.00745852917 0.999745292
vn -0.648802965 0.760819624 -0.0144295837
vn -0.984406226 -0.173102712 0.0313023013
vn -0.862252619 -0.506112685 -0.0192450208
vn -0.994165376 -0.107330225 -0.0107437486
vn -0.980315469 -0.191127999 0.0495143312
vn -0.860177151 -0.509988134 0.00271515102
vn -0.866249692 -0.499605896 -0.0023280593
vn -0.989597172 -0.126005085 0.0694273416
vn -0.99709485 -0.0581898111 0.0491508436
vn -0.192685767 -0.0399037024 0.980448821
vn -0.901464206 0.342883626 0.264183845
vn -0.129942422 0.477393451 0.869028457
vn -0.990658276 0.132638902 -0.0316717775
vn -0.824742766 -0.433062583 0.363670413
vn -0.358687398 -0.223324726 0.906349501
vn -0.876112521 -0.480624136 -0.0377795
vn -0.821351581 -0.570422056 0.000509059619
vn -0.856726742 -0.515744532 0.00518333522
vn -0.878290227 -0.477953605 0.0129084682
vn -0.861904414 -0.507060157 0.00328300629
vn -0.899619625 -0.436380168 0.0160274563
vn -0.284670445 0.956358659 -0.0658851578
vn -0.250777892 0.965668398 -0.0677863787
vn -0.352811306 0.933732189 -0.0605671602
vn -0.585988168 -0.81030687 0.00454338823
vn -0.468636384 0.164791513 0.86788461
vn 0.0213706048 0.00770212201 0.999741954
vn -0.00492845664 0.00129866092 0.999987012
vn 0.0340126131 0.971620038 0.234088965
vn -0.234209435 0.8890002 0.393477555
vn -0.267591819 -0.96353103 0.00160418788
vn -0.852807729 0.521859177 -0.0195442206
vn -0.834729857 0.550298333 -0.019945199
vn -0.88446653 0.46593296 -0.025008682
vn -0.888593055 -0.458626826 0.00798861785
vn -0.946579134 -0.321406165 0.026191994
vn 0.0332168646 0.0369054311 0.998766554
vn 0.011588603 0.0133156956 0.999844186
vn 0.00129664033 -0.0168306749 0.999857513
vn 0.00143965494 -0.00817894577 0.999965516
vn -0.109056625 0.0097429486 0.99398779
vn -0.00107597881 -0.00180510265 0.999997792
vn -0.00212036839 0.000679192323 0.999997521
vn -0.00533325968 -5.40344688e-05 0.999985777
vn 0.00294147181 -0.000299953146 0.999995629
vn -0.912534568 0.408788818 -0.013128765
vn -0.909237224 0.416194562 -0.00835210209
vn -0.968078652 -0.245560469 -0.0502372375
vn -0.969732697 -0.244015461 -0.00865743122
vn -0.00903166921 0.0713885614 -0.997407691
vn -0.207404995 -0.146911184 -0.967160934
vn -0.986407054 -0.16272213 -0.0228611565
vn -0.903544631 -0.426048672 0.0457124631
vn -0.901822638 -0.429200688 0.0500269816
vn -0.962521958 -0.267970543 0.0417524744
vn 0.0216935848 0.00464923368 0.999753856
vn -0.0190702128 0.998878046 0.0433471642
vn 0.0896478294 0.994990891 0.0442311267
vn -0.888539274 -0.161755561 0.429340304
vn -0.911899714 -0.224601104 0.343501465
vn -0.543758345 -0.101728339 0.833053544
vn -0.472354311 -0.79535554 -0.379856512
vn -0.998829306 0.038720713 -0.0289952278
vn -0.257941588 -0.475060307 0.841298902
vn -0.00175281205 0.992284074 -0.123972759
vn -8.1371567e-05 0.999999806 0.000618311501
vn -0.995175381 -0.0978891733 -0.00660834515
vn -0.986270806 -0.164875514 0.00927154415
vn -0.551111607 -0.834328322 0.0131242886
vn -0.829568272 0.223405651 0.511767913
vn -0.443815508 -0.896111663 0.00341799383
vn -0.956164178 0.288248741 0.0516016251
vn -0.987826275 0.154887879 0.014456663
vn -0.999691117 0.0165284773 0.0185601785
vn 0.00691479777 0.00460672089 0.999965481
vn 0.0392826045 0.00771777629 0.999198335
vn -0.276958882 0.186513209 0.942606281
vn -0.765705003 0.583770753 0.270013994
vn -0.738625443 0.671783624 -0.0560287292
vn 0.040731048 -0.0221094192 0.9989255
vn 0.00880622914 -0.00214302689 0.999958928
vn 0.0015257419 -0.00135042645 0.999997924
vn -0.943341386 0.303563113 0.134001742
vn 0.027827183 -0.0268837108 0.999251177
vn -0.507806276 0.791065065 0.34109947
vn -0.195953616 0.467729239 0.861876754
vn -0.3961895 0.877068859 0.271632283
vn -0.39186802 0.833549346 0.389403316
vn -0.510894592 0.856334932 0.0753471948
vn -0.398811784 0.915510776 -0.0528126927
vn -0.361505506 0.929278712 -0.0758606925
vn -0.44940536 0.88993076 -0.0778335679
vn -0.477738899 0.872351353 -0.103772157
vn -0.886997445 -0.234711351 -0.397675891
vn -0.0480665986 0.471606164 0.880498284
vn -0.00727796905 0.00100383631 0.999973011
vn -0.754087939 0.51552734 0.40691884
vn -0.703742085 0.665391627 0.249000123
vn -0.513482383 0.225954389 0.82781668
vn -0.832365438 0.546447348 0.0925368764
vn -0.950516978 0.304445692 0.0618893814
vn -0.931108451 0.359409284 0.0621451415
vn 0.000631832716 -0.986946039 0.161050044
vn -0.00132766494 -0.958861063 0.28387268
vn 0.589567417 0.806321368 -0.0474985479
vn 0.586610956 0.809675026 -0.0177183219
vn -0.00564813408 -0.0287627031 0.99957031
vn -0.00105199539 -0.0342064115 0.999414236
vn 0.00558863877 -0.00361095261 0.999977864
vn 0.708639238 0.705493746 -0.010440528
vn 0.72684351 0.686416623 -0.0230376042
vn 0.749722864 0.66175169 -0.000573139986
vn 0.00204885278 0.000875433469 0.999997518
vn 0.00848317224 -0.00631827052 0.999944056
vn 0.00786529789 -0.0137657359 0.999874313
vn 0.590343146 -0.807152369 0.000149985208
vn 0.599307273 -0.80047414 0.00848197318
vn 0.564657759 -0.825314854 0.00412393325
vn -0.0567051694 0.166377702 0.984430284
vn 0.486379013 0.870445759 -0.0758922678
vn 0.410602961 0.851494382 0.32613268
vn 0.497011605 0.772667328 0.394923619
vn -0.467879432 0.883426513 -0.0254250718
vn -0.377453532 0.602712652 0.703040746
vn -0.0603992247 0.70565948 0.705972119
vn -0.692852464 0.718448125 -0.061544738
vn -0.807516936 0.575963224 0.127211485
vn -0.707754361 0.70338037 0.0658773127
vn 0.25277967 0.909462265 0.330122442
vn 0.118595974 0.209297183 0.970633651
vn 0.084295034 0.45015596 0.888962293
vn -0.402034132 0.912239833 0.0786577585
vn 0.0863935817 0.900286429 0.426638599
vn 0.0809440243 0.994485666 -0.0666807712
vn 0.28831982 0.956506155 -0.0443582845
vn 0.0723952976 0.996761667 -0.0350014198
vn 0.00841785267 -0.0334950512 0.999403433
vn -0.0882217463 0.379184623 0.921105827
vn -0.765972629 -0.642868602 0.00242728528
vn 0.760121594 0.649742383 -0.00707090324
vn 0.827611871 0.561252645 -0.00735259162
vn 0.764186498 0.64487026 -0.0127021311
vn -0.987035965 0.158417796 0.0257644293
vn -0.972388192 0.23234914 0.0217963717
vn -0.993953486 0.107871876 0.020496989
vn 0.0339036564 -0.00734572314 0.99939811
vn -0.416114641 0.0711771102 0.906522159
vn 0.0815862706 0.307377704 0.94808366
vn -0.852838283 -0.522156809 -0.00437381158
vn 0.002308718 0.00080866852 0.999997008
vn -0.162032095 -0.986756508 -0.00756262964
vn 0.192478787 -0.513981326 0.835927696
vn -0.961020625 0.197581454 -0.193393194
vn 0.00623715278 0.999165207 0.0403730933
vn 0.142540325 0.989775767 -0.00511724552
vn -0.872990265 0.480739394 0.0823263698
vn -0.82018044 0.569967884 0.0494030008
vn -0.835549104 0.544649118 0.0722151845
vn 0.281917771 0.95303882 -0.110631718
vn 0.628386708 0.776638671 -0.0443003384
vn -0.00890994586 0.999328951 -0.0355283101
vn 0.208191224 0.376361126 0.902778332
vn 0.848456005 0.527792422 0.0394660203
vn 0.861860316 0.501955962 0.072367174
vn 0.8270638 0.556335244 0.0803527701
vn -0.965554123 0.244587762 -0.0887809755
vn -0.94478467 0.327312597 0.0157604549
vn -0.849663542 0.155993555 0.503724007
vn 0.848906431 0.51851667 0.102461379
vn 0.87950282 0.475579584 0.0172872227
vn 0.88556403 0.462501346 0.0432302509
vn 0.847282444 0.529722251 0.0388174848
vn 0.856709192 0.515189319 -0.0250863871
vn 0.777348262 0.62838155 -0.0294331007
vn 0.805928742 0.591872273 0.0128870612
vn -0.473810263 0.877380685 -0.0755444817
vn -0.550272501 0.820539317 -0.154646061
vn -0.717223629 0.695676762 0.0403002373
vn -0.503751787 0.863844166 -0.0027191664
vn -0.293491679 -0.955953352 -0.00397787089
vn 0.892481411 0.451072961 -0.00318021157
vn 0.924950762 0.380070254 -0.00356223477
vn 0.907202788 0.420691493 -0.00133009472
vn 0.45354258 -0.89123418 0.000874832189
vn 0.559966575 -0.82833147 0.0174473494
vn -0.307149878 0.314917804 0.898045505
vn -0.00455231198 0.413585689 0.910453818
vn -0.808292719 0.305751034 0.503169142
vn -0.940083229 0.340806109 0.0097323375
vn -0.884559795 0.46641048 0.00390294698
vn -0.672158154 0.738362221 0.054996794
vn -0.900205313 0.433697593 0.0392019303
vn -0.92845702 0.371050152 -0.0170101805
vn -0.980272669 -0.19334991 -0.0410037384
vn -0.93324864 -0.358645559 0.0205021951
vn -0.923073137 -0.383752276 0.0258877382
vn -0.832086619 -0.554190913 0.0224564185
vn -0.964741858 0.262332684 0.0213239204
vn -0.795772305 0.202365612 0.570784195
vn -0.0274476097 0.960866656 0.275648141
vn 0.0268138212 0.995765355 0.0879339318
vn -0.154583588 0.980686716 0.119822702
vn -0.306926321 -0.326162375 0.894099736
vn 0.00915499953 0.669613677 0.742653156
vn -0.00540959744 0.57335458 0.819289486
vn -0.184581909 0.133340232 -0.973729891
vn -0.936453199 -0.198254584 -0.289396833
vn -0.0538882208 0.555249606 0.829936103
vn -0.839230031 -0.438384659 -0.321732567
vn 0.00060277914 0.980537153 0.196332697
vn 0.0220924626 0.963172209 -0.267976152
vn -0.0534589489 0.249880495 0.966799813
vn -0.8918985 0.445357535 0.0785731003
vn -0.856631847 0.508882553 0.0849730827
vn -0.0147537822 -0.139904182 0.990055123
vn -0.0224333307 -0.211423657 0.977137034
vn 0.0559075891 -0.78187028 0.620929309
vn -0.357218236 -0.81726889 0.452179935
vn -0.849830704 -0.402892837 0.339801613
vn -0.00746257432 -0.681989838 0.731323574
vn 0.00113103464 -0.78572051 0.618580634
vn -0.995794423 -0.00677977232 0.0913646689
vn -0.982350342 0.0320650522 0.184281409
vn -0.0124894826 -0.567747663 0.823107893
vn 0.0218513595 0.891442105 0.452607437
vn -0.221388477 0.881724928 0.416591279
vn -0.00240616201 -0.999835232 0.0179921726
vn -0.699349945 -0.713597458 -0.0410892151
vn -0.00363637114 -0.983570619 -0.180487156
vn 0.00846888605 0.530845533 0.847426279
vn 0.39265523 0.89605519 0.207139969
vn -0.370002734 -0.908713828 -0.193228249
vn -0.897824753 -0.331972714 -0.289317869
vn 0.0802168961 -0.461033104 -0.88374981
vn -0.119848715 -0.338526185 -0.933293259
vn -0.898474232 -0.434042756 -0.0659616582
vn -0.85869838 -0.508152191 -0.0664713739
vn -0.840311156 -0.536946201 -0.0746052117
vn -0.282426616 -0.652064292 0.703596024
vn -0.397506499 -0.882230437 0.252305449
vn -0.810625618 -0.522506367 0.2643354
vn -0.985008251 -0.154445504 0.0768461555
vn -0.999274853 -0.0136571274 0.035542254
vn -0.0401646979 -0.996078564 0.0788307815
vn -0.00802140495 -0.999139482 -0.0406933866
vn 0.0132594243 -0.54398153 -0.838992421
vn 0.00955704868 -0.726292164 -0.687319689
vn -0.844474038 0.174217852 -0.506469881
vn -0.313942265 0.886806662 -0.339137433
vn -0.0216842046 0.762503365 -0.646620765
vn -0.0496613124 0.73893201 -0.671947348
vn -0.0199855732 0.901771572 0.431750632
vn 0.0111715486 0.950999403 0.308990829
vn -0.91063316 -0.401800433 0.0964554838
vn -0.512655947 0.697614128 -0.50051814
vn -0.999830374 0.00459009903 -0.0178368582
vn -0.952732019 0.0623524894 -0.297344694
vn -0.763273876 -0.112217482 -0.636254844
vn 0.930910114 0.36516222 -0.00793173302
vn 0.903056889 0.429271062 -0.014649569
vn 0.914689716 0.403935838 -0.0133627306
vn -0.994915535 -0.0850456135 -0.053947393
vn -0.451571731 -0.830359792 -0.326474481
vn -0.905620944 -0.423516309 -0.022014575
vn -0.0253673621 -0.954572997 -0.296895419
vn -0.895305642 -0.440855111 -0.0638324278
vn -0.830776021 -0.554341189 -0.0501702038
vn -0.161352266 0.4654701 -0.870231597
vn -0.7257596 0.686028195 -0.0513645619
vn -0.609960079 0.39577358 -0.686521649
vn -0.809265243 0.559301457 -0.179643108
vn -0.83382863 -0.333575624 0.439837605
vn -0.0606290752 -0.48156309 -0.87431179
vn 0.594705008 -0.438556792 -0.673790689
vn 0.178733397 -0.689066313 -0.702311889
vn -0.994441391 0.105234188 0.00347631716
vn -0.0141367649 -0.687132053 -0.726394998
vn -0.293463767 -0.896403299 -0.332174868
vn -0.74314044 -0.669126657 0.00343553413
vn -0.192452954 0.560916083 -0.805192529
vn 0.00521128857 -0.945689151 -0.32503057
vn 0.00744040297 -0.925718933 -0.378138992
vn 0.00933673144 -0.986067724 -0.166082115
vn -0.957459963 0.237207751 0.164325597
vn -0.00414103139 -0.992249209 -0.124194847
vn -0.00161860098 -0.954554777 -0.298031135
vn -0.00134411253 -0.969448963 -0.245289422
vn 0.92547804 0.378800763 0.000615337682
vn 0.93457403 0.355504158 -0.0137177534
vn 0.954845804 0.297083833 -0.00326902746
vn -0.00856500861 -0.884567847 -0.46633289
vn -0.0127975757 -0.947415316 -0.319750592
vn 0.000784260926 -0.89873035 -0.438501018
vn -0.12720474 -0.315500839 -0.940360662
vn -0.0297150103 -0.819613381 -0.572145894
vn -0.0271739916 -0.90238376 -0.430075719
vn -0.713870056 -0.699609735 -0.0305902215
vn 0.983919957 0.0964716512 -0.150315465
vn -0.411864728 -0.88325347 0.224122186
vn -0.692461219 -0.721318506 0.0140382832
vn -0.930301346 -0.365475175 -0.0311014977
vn -0.0142737531 -0.804616004 -0.593623909
vn -0.947851987 -0.318667762 0.00524105075
vn -0.955795366 -0.293987592 0.00514911151
vn -0.442696105 -0.891817209 0.0931784568
vn -0.6577988 -0.525015929 -0.540054639
vn -0.0116603361 -0.977668652 -0.209828607
vn 0.0475919054 -0.990712483 -0.12737263
vn -0.0213393033 -0.947224508 -0.319859914
vn -0.00643714363 -0.794857054 -0.606762578
vn 0.000626285108 -0.00253234948 0.999996597
vn 0.00446150354 -0.193596756 -0.981071043
vn 0.00742456108 -0.0884093637 -0.996056555
vn -0.924817598 -0.357497627 0.130030221
vn -0.730099668 -0.682850912 -0.0258670789
vn -0.745319052 -0.66573225 -0.0360566548
vn -0.362619498 -0.743316513 0.562127798
vn 0.0108839347 -0.0108263971 0.999882158
vn -0.601149207 -0.709437597 0.36785585
vn -0.641232336 -0.75157907 0.15475785
vn -0.00984397256 -0.88063954 0.473684597
vn -0.977198224 -0.208426967 0.0405195039
vn -0.807536899 -0.574324976 -0.134294373
vn -0.995747032 0.0313900007 0.0866170624
vn -0.521390124 -0.843891965 0.126485926
vn -0.910600774 -0.413286513 -0.000698825222
vn -0.680729816 -0.732533193 -0.00142772706
vn -0.972849688 -0.168303282 -0.158863115
vn -0.948248635 -0.315986118 0.0312617883
vn -0.725120583 -0.687305311 -0.0425622959
vn -0.660957068 -0.750407086 0.00499595186
vn 0.841933686 0.369004655 -0.3936791
vn -0.763190787 -0.646166994 -0.00283519696
vn 0.364382415 0.539740971 -0.758884141
vn 0.546081555 0.20773049 -0.811568222
vn 0.269409305 0.38144146 -0.884262992
vn 0.76409789 0.645076519 -0.00554068296
vn -0.953273883 -0.302084582 0.00371603867
vn 0.868390885 0.495872806 0.00272605929
vn 0.796681564 0.60396487 -0.022911177
vn -0.765003806 -0.644011723 -0.00425183162
vn -0.487625719 -0.873052753 0.000219708569
vn -0.00603392259 0.390691856 -0.920501746
vn -0.760776925 -0.645472543 -0.0677027892
vn 0.712878729 -0.658862529 -0.240216749
vn 0.62509555 -0.748181666 -0.222440437
vn -0.332274032 -0.943149576 -0.00792740338
vn 0.911070836 -0.380499045 -0.158651845
vn 0.856905396 -0.473014873 -0.204865986
vn 0.86924482 -0.47325556 -0.14297768
vn -0.922745897 -0.384754342 -0.0224522946
vn -0.902677534 -0.430149989 -0.0120107357
vn -0.948822822 -0.315624633 -0.0107862629
vn 0.893879741 0.445859938 -0.0467752659
vn 0.246972842 -0.0199383133 -0.968817258
vn 0.731590766 0.537132747 -0.419837306
vn -0.160488161 -0.987037024 -0.00120947395
vn 0.840359525 0.536048851 -0.0802963096
vn 0.945288348 0.302477253 -0.122218864
vn -0.21230324 -0.976828352 0.0270869972
vn -0.148901483 -0.988404704 0.0297403725
vn -0.0189344893 -0.999815353 0.0032779048
vn -0.0292429455 -0.999560044 0.00495676725
vn 0.703864718 0.708496607 -0.0510589455
vn 0.0926818637 -0.170812109 -0.980934909
vn -0.757533797 -0.652744569 -0.00818983857
vn 0.959104175 -0.244102785 -0.143293448
vn 0.910301988 -0.374944699 -0.175404571
vn 0.407136034 -0.104587811 -0.907359708
vn -0.363427961 -0.931575209 0.00936731859
vn -0.83227269 -0.47301071 -0.289107313
vn -0.426926148 -0.904284878 -0.00170972391
vn -0.426775392 -0.904348302 0.0041126107
vn -0.978225689 -0.202932205 -0.0435088599
vn -0.892312351 -0.451314664 -0.00968201451
vn -0.408485764 -0.912757158 -0.00370823261
vn -0.86119017 -0.501840596 -0.0806691187
vn 0.353872873 -0.935264479 0.00737182897
vn 0.291112549 -0.956685032 0.00268961299
vn 0.365223359 -0.930892115 0.00719502821
vn 0.813743804 0.581158981 0.00867532936
vn -0.717208373 0.696858281 -0.00082828076
vn 0.578380695 -0.813984643 -0.0538959455
vn 0.612390951 -0.790217678 -0.0230942647
vn -0.754921694 0.655190181 -0.0286192799
vn -0.658514954 0.75188921 0.0319479568
vn -0.822346511 0.568984818 -0.00157871842
vn -0.912036774 0.229227879 -0.340063968
vn 0.0949297666 -0.98951301 -0.108868463
vn 0.158829843 -0.981439784 -0.107466416
vn 0.0769454547 -0.989823426 -0.119703726
vn -0.874514156 0.375589666 -0.306850768
vn 0.769801885 -0.637881431 -0.0226348828
vn 0.679801386 -0.709417235 -0.186003395
vn 0.577762539 -0.812298892 -0.0797556211
vn 0.53235654 0.183726056 -0.826342091
vn 0.733943286 -0.671033971 -0.105074556
vn 0.968840076 0.247678193 -0.0021024828
vn 0.791721265 -0.604553628 -0.0877060449
vn 0.787653858 -0.600739343 -0.136797812
vn -0.898222595 0.407615979 -0.164454805
vn -0.755164686 0.561945916 -0.337554567
vn 0.865798834 -0.473410019 -0.162096681
vn 0.81291397 -0.568506849 -0.126375787
vn -0.500890953 0.863429109 0.0599868839
vn -0.482939868 0.874337551 0.047988865
vn -0.430114972 0.899957394 0.0712586839
vn -0.415652272 0.909143139 0.0263047849
vn -0.386873825 0.428518001 -0.816517585
vn -0.559777041 0.82487976 -0.0788862855
vn -0.668227688 0.731624551 -0.134897269
vn 0.0960610016 -0.0769975801 -0.992392894
vn 0.474093856 -0.871768419 -0.123510482
vn 0.345556067 -0.927447813 -0.142939003
vn -0.344132828 0.937527895 0.0511277152
vn 0.338900062 -0.921953163 -0.187480966
vn 0.469842674 -0.874013248 -0.12388989
vn 0.490697534 -0.860812825 -0.134971143
vn 0.13185542 -0.747067856 -0.651539535
vn -0.135255563 0.649139689 -0.748547658
vn -0.272450966 -0.823248286 -0.498028846
vn -0.208986656 0.694266517 -0.688707907
vn -0.617639533 0.786314551 -0.0151932551
vn -0.810843706 -0.582362142 -0.058196392
vn -0.747316727 -0.664261718 -0.0165553766
vn -0.737036017 -0.674993255 -0.0340883407
vn -0.157143845 0.987202724 0.0271402623
vn -0.113108818 0.990112319 0.0829698184
vn -0.077355287 0.995803399 0.0489055188
vn 0.417673481 -0.903168039 -0.0991784042
vn 0.501385568 -0.830954599 -0.241095347
vn 0.378237292 -0.912189793 -0.157627193
vn 0.599748675 -0.777971051 -0.187250023
vn 0.912946885 -0.407307253 0.0250756124
vn 0.933203421 -0.358454211 0.0253368187
vn 0.921841494 -0.387039708 0.0202119883
vn -0.236532938 0.97162128 -0.00206334098
vn -0.284171335 0.955628357 0.0775957243
vn 0.166619902 0.918663852 -0.358182265
vn -0.0996698281 0.991730296 -0.080851379
vn 0.138921214 -0.895027514 -0.423823838
vn 0.861721184 -0.064811193 -0.503225705
vn 0.59211999 0.260481698 -0.7625898
vn 0.915027642 0.403111666 -0.0150133069
vn 0.940009664 0.341049264 -0.0081995051
vn 0.984038708 0.177940724 -0.00221792797
vn 0.989728099 0.142837337 -0.00598211513
vn 0.994350864 0.106117377 -0.00233696334
vn -0.612705868 -0.78991583 -0.0249900351
vn -0.685425205 -0.727811207 -0.0219803188
vn -0.646384809 -0.762858637 -0.0152767448
vn 0.793862394 -0.558791061 -0.239864648
vn 0.749372749 -0.63163724 -0.198682862
vn 0.796336269 -0.565890975 -0.213578912
vn 0.209038914 -0.965334127 -0.156309809
vn 0.288606057 -0.950946178 -0.111390801
vn 0.98578912 -0.047396878 -0.161162483
vn 0.92209932 -0.363524457 -0.132600204
vn 0.974573006 -0.167742702 -0.148559222
vn 0.812232183 -0.532521194 0.238117743
vn -0.84402855 -0.507545889 -0.173242538
vn 0.520600347 -0.84170056 -0.143232144
vn -0.658457567 -0.751743159 -0.0362747148
vn -0.273578957 0.943249393 -0.188242231
vn -0.219008819 0.695428621 -0.684407897
vn 0.162427263 -0.743738793 -0.648436576
vn -0.506522341 -0.844947823 -0.171750675
vn -0.4331353 -0.899387065 -0.0591330668
vn -0.507566974 -0.856982625 -0.0891994827
vn 0.976484101 -0.2148055 -0.0183683764
vn 0.958520712 -0.28369764 -0.0274534917
vn 0.95739442 -0.28682624 -0.0335653555
vn 0.560126029 -0.00198925981 -0.828405018
vn 0.920913646 -0.0624211237 -0.384735832
vn -0.237043693 0.968278775 0.0790348125
vn 0.940767765 0.222420861 -0.255900318
vn 0.930642075 -0.00107494665 -0.365929192
vn -0.405479897 -0.282996435 -0.869194496
vn -0.906793166 0.420601014 0.0286520624
vn -0.930059748 0.367172819 0.013152397
vn -0.493890743 -0.868471143 -0.0427762639
vn 0.0789168932 -0.980112292 -0.182076961
vn -0.0347395415 -0.991889513 -0.122263476
vn 0.0301195016 -0.997821268 -0.0586986577
vn 0.885498148 0.464573287 -0.00804304146
vn 0.847586553 0.530653236 0.00204395605
vn 0.887137429 0.461502919 0.00149586759
vn 0.38257038 -0.91503152 -0.127895353
vn 0.157551549 -0.972243263 -0.172975566
vn 0.865834987 0.500329483 0.000428076704
vn 0.905178241 0.425030425 -0.00122011224
vn 0.941729552 -0.302237672 -0.147640919
vn 0.00100739062 -0.969764053 -0.244042348
vn 0.473164827 -0.878931135 -0.0599591955
vn 0.429455721 -0.900527613 -0.0679544044
vn 0.880880846 0.465546235 -0.0855315105
vn 0.909526504 0.407412434 -0.0823203939
vn 0.912280416 0.402634251 -0.0750340061
vn 0.905506848 -0.421618063 0.0479119734
vn 0.813060504 0.0560144285 -0.579478215
vn 0.992476023 -0.0715963736 0.0993242315
vn 0.266182553 -0.96164725 -0.0661922577
vn 0.188303472 -0.961096734 -0.202076397
vn 0.614008677 -0.752296365 -0.238837862
vn 0.55670734 -0.830143181 -0.0306469665
vn 0.0984597169 0.994271944 0.0415810714
vn 0.0129337031 0.999916203 -0.000553078554
vn 0.0293318442 0.997247483 0.0680962621
vn 0.102041065 0.99327608 -0.0546831696
vn 0.851958809 0.520842639 -0.0537506625
vn 0.812417837 0.580866079 -0.0507134676
vn 0.875411697 0.482338322 -0.0316875916
vn -0.26134194 0.959928545 0.101180926
vn 0.254919908 0.965465737 0.0537750003
vn 0.284755115 -0.546438935 0.787603336
vn 0.637009426 -0.75046842 0.176114003
vn 0.113518439 -0.976680052 -0.182235124
vn 0.0292872245 -0.984953355 -0.170320717
vn 0.798873941 -0.576804641 -0.170577933
vn -0.911467123 0.411236173 -0.0106063055
vn -0.0387718438 0.996488186 0.0742161618
vn -0.0600105373 0.995411597 0.074528433
vn -0.667238409 -0.74189019 -0.0662710412
vn -0.556720719 -0.824826441 -0.098607219
vn 0.969229308 0.245745843 -0.0142663479
vn 0.975281936 0.219789063 -0.0227577216
vn 0.981606617 0.190735968 -0.0082607876
vn 0.8000636 0.546088042 -0.248366837
vn 0.03542776 0.911540459 -0.409681421
vn 0.845509691 0.533946659 0.00378514362
vn 0.923669544 0.378208439 -0.0615869243
vn 0.935910423 0.343876513 -0.0762930144
vn 0.946551715 0.318722141 -0.049558526
vn 0.862622999 0.501693175 -0.0646955965
vn -0.27005873 0.922219652 -0.276729463
vn -0.315526809 0.901703378 -0.295590681
vn -0.287397551 0.938809813 -0.189838834
vn 0.886902477 0.461938144 -0.0041410025
vn 0.999854673 -0.0168968403 0.00226493549
vn 0.997351094 -0.0724418775 0.00655506655
vn -0.857059729 -0.514260701 -0.0313775925
vn -0.820319226 -0.571778503 -0.0120710741
vn -0.00551927805 0.39401687 -0.919086636
vn 0.0489668617 0.289673229 -0.955872202
vn 0.589680262 -0.807490768 0.0153573194
vn 0.634611874 -0.772457889 0.02401206
vn 0.608869078 -0.793066549 0.0179970863
vn 0.640998712 -0.767277489 0.0201470891
vn -0.9731979 0.124279485 -0.193495366
vn 0.842971402 0.537953458 -0.00230040865
vn 0.943267611 0.331973966 -0.00628495768
vn 0.966148337 0.257947317 -0.00453571242
vn 0.941174183 0.33790964 -0.00286919194
vn 0.988966834 0.148084346 -0.00395326173
vn 0.989484314 0.144525729 -0.00575373303
vn 0.977265527 0.211985769 -0.00375810352
vn 0.75501707 0.655437082 0.0187471368
vn -0.0166052274 -0.00143680759 -0.999861091
vn 0.723757486 0.675384597 -0.141530027
vn -0.554548873 -0.831965218 -0.0175904331
vn -0.472967511 -0.878818138 -0.0630905216
vn -0.461601621 -0.886456574 -0.033446782
vn 0.269056355 0.96289309 0.0211086616
vn 0.164867037 0.985877696 0.0293943735
vn 0.165472907 0.985743977 0.0304553642
vn -0.0967490555 -0.982478544 -0.159296989
vn -0.235551647 -0.958539551 -0.160366304
vn -0.375020152 -0.925584848 -0.0515031634
vn -0.397855172 -0.916664583 -0.0379118005
vn -0.309822864 -0.94857237 -0.0649634619
vn -0.477305342 -0.878440381 -0.0228496548
vn -0.372045081 -0.926524249 -0.0559935191
vn -0.477261552 -0.876568276 -0.062044088
vn 0.949319197 0.314106295 -0.0114147899
vn 0.893473933 0.44911461 0.000630721391
vn 0.901960908 0.431793111 -0.00460763808
vn 0.894190252 0.447650197 -0.00575275648
vn 0.868583591 0.495466378 -0.00869556055
vn 0.885341185 0.464735583 -0.0138500509
vn 0.837885386 0.545208833 -0.0263705886
vn -0.0892192912 -0.988452038 -0.122484638
vn -0.130487063 -0.978486534 -0.159803719
vn -0.0326051453 -0.981501706 -0.188656583
vn 0.249705793 0.965576944 -0.0728572768
vn 0.194213741 0.980806648 -0.0173015207
vn -0.193757115 0.977901762 0.078525952
vn -0.484127847 0.874655996 -0.0244359607
vn 0.84539516 -0.52969192 -0.0688003843
vn 0.876417879 -0.477160838 -0.064878621
vn 0.844927084 -0.529810823 -0.0734759477
vn -0.399172668 0.916664339 0.0196893394
vn -0.53969309 0.841491637 0.0249638596
vn -0.276915405 0.960414446 0.0303636257
vn 0.536260238 0.841919342 0.0599731472
vn 0.358600827 0.931576635 0.0597529941
vn 0.113619996 0.987175813 0.112135676
vn 0.117036159 0.991950987 0.0483298759
vn -0.810030093 -0.350537999 -0.4700791
vn 0.310595827 -0.141432079 -0.939961275
vn -0.260907345 -0.964148042 -0.0484345936
vn -0.698105993 -0.531045431 -0.480248656
vn -0.838959017 -0.523884522 -0.147284675
vn -0.769072492 -0.638167395 -0.0356353496
vn 0.996103461 -0.0876578157 -0.00969548342
vn 0.85307098 -0.142123733 0.502066478
vn 0.00447856845 -0.187112336 0.982328314
vn -0.00322471868 -0.332398158 0.943133641
vn 0.825794878 0.557498652 -0.085194321
vn -0.736276596 -0.670892256 -0.0883196187
vn -0.565765061 -0.819696825 -0.0894819042
vn -0.593575021 -0.786770533 -0.169295074
vn -0.625132079 -0.775095892 -0.0918490186
vn -0.55822472 -0.826557021 -0.0720323107
vn -0.281209175 -0.958146365 -0.0536371411
vn -0.227807807 -0.972877764 -0.0401554302
vn 0.997200691 0.0747439499 -0.00203049621
vn 0.0145614326 0.0198929957 -0.999696071
vn 0.0490400274 0.0936567441 -0.994396043
vn 0.0371499661 0.159994039 -0.986418668
vn -0.292958079 -0.370054868 -0.881609301
vn 0.766050627 0.130451246 -0.629403613
vn -0.906672341 -0.42165812 -0.012235007
vn 0.934395462 -0.143059855 -0.326249901
vn 0.987764185 -0.153150467 -0.0294423094
vn 0.996872949 -0.0769003385 -0.0181841166
vn 0.996093011 -0.0882685824 0.00271477642
vn 0.997109209 0.075830874 -0.00478585147
vn 0.999815987 -0.0177033308 -0.00738810126
vn 0.996016186 0.087812124 -0.0155173698
vn 0.960271021 0.277749163 -0.0271103032
vn 0.942385225 0.333513833 -0.0260501509
vn 0.981013497 0.193902154 -0.00380442899
vn 0.928001599 -0.31763071 -0.194740248
vn 0.914404603 -0.39741409 -0.0769822201
vn 0.910138296 -0.330122198 -0.250335009
vn 0.939003584 -0.342278386 -0.0334331396
vn 0.997430831 -0.0716360744 9.79098652e-05
vn 0.989691271 -0.142913963 -0.00931595035
vn -0.716287351 -0.447241627 -0.535637338
vn 0.958892883 -0.2824255 -0.0275730904
vn -0.953215247 0.136310098 -0.269815215
vn -0.907772525 0.0433401766 -0.417217776
vn -0.997611158 -0.0615106534 -0.0314390914
vn -0.984858008 -0.130013497 -0.114678658
vn 0.508399472 0.185270188 -0.840954775
vn 0.980006639 0.198565616 -0.0125969693
vn 0.889621859 0.455111741 -0.0380296088
vn 0.912680965 0.408667498 -0.00208123058
vn 0.899247752 0.437439599 0.000277765871
vn -0.647994132 -0.64891821 -0.398759027
vn -0.757567576 -0.649391296 -0.0661990441
vn -0.330628369 0.45258908 -0.828159409
vn 0.94625923 0.316939252 -0.0643659885
vn -0.0129835054 0.118639994 -0.992852446
vn 0.0126719176 0.252928965 -0.967401861
vn -0.193728388 0.274982744 -0.941729155
vn 0.884749587 0.466066568 -0.000350672013
vn 0.916700731 0.399550651 -0.0043643528
vn 0.919851761 0.392260517 -0.00210366946
vn 0.96066528 -0.273778854 -0.0465549098
vn 0.104817156 0.418695103 -0.902057523
vn 0.0526696663 -0.290391633 -0.955457276
vn -0.424952575 0.47321354 -0.771676263
vn 0.940569937 0.339593867 -0.00204906132
vn 0.990717105 -0.135740596 0.00735578876
vn 0.978477992 -0.205868342 0.0141083234
vn 0.988223089 -0.153006166 0.00205894441
vn 0.992672387 -0.1204262 -0.00995300471
vn 0.998212332 -0.0592555729 -0.00780498556
vn 0.999282089 -0.0372367215 -0.00698095427
vn 0.99921387 -0.024687439 -0.0310189114
vn 0.986842664 0.161666456 -0.00234796568
vn 0.978204498 0.207633128 -0.00210830743
vn 0.965571978 -0.255626176 -0.0482287634
vn 0.956289461 -0.28644552 -0.0588169207
vn 0.978097233 -0.201520275 -0.052109326
vn 0.995910276 0.0900087901 -0.00781920122
vn -0.00308319419 0.742200507 -0.6701708
vn -0.0097212827 0.8287581 -0.559522572
vn -0.0185191313 0.888042259 -0.459388712
vn 0.941401447 0.337284051 -0.00166847729
vn 0.993875445 0.108384113 -0.0215519047
vn 0.998544877 0.0498645762 -0.0205342053
vn 0.9998467 0.0158417744 -0.00745752499
vn 0.999996732 0.00253825901 0.000305497152
vn 0.995491284 0.0944993369 -0.00818406789
vn 0.999129744 0.0410983493 -0.00711895971
vn 0.992954922 0.117569599 -0.0147618655
vn 0.990663392 -0.129676807 -0.0420710056
vn 0.997665063 -0.055070046 -0.0403944605
vn 0.996384204 -0.0806074527 -0.0268506288
vn 0.976737116 0.209924512 -0.0437756316
vn 0.990617134 0.128438277 -0.0467044239
vn 0.896378072 0.425908067 0.12291733
vn 0.663723057 -0.703624257 -0.253741224
vn 0.999088308 0.0425271176 -0.00374126627
vn 0.686001279 -0.477830414 -0.548707883
vn 0.813216973 -0.580044788 -0.0471826142
vn 0.840010525 -0.505813855 -0.196302474
vn 0.7942931 -0.602811082 -0.0756126334
vn 0.754033797 -0.65286878 -0.0720790456
vn 0.988424755 -0.151020987 -0.0144625103
vn 0.988586445 -0.150097861 -0.0129411432
vn 0.998399536 0.0370082123 -0.0427639987
vn 0.997329925 0.0618819939 -0.0387767865
vn 0.978157644 0.207370163 -0.0143261684
vn 0.986286557 0.164685992 -0.010832936
vn 0.0165248302 0.234746649 -0.971916118
vn 0.117729883 0.0783942557 -0.989946471
vn 0.619799162 0.190279299 -0.761342753
vn 0.963652867 0.266967642 -0.0100712314
vn -0.320169691 -0.139879596 -0.936976557
vn 0.369808582 -0.186385766 -0.91022083
vn 0.908014473 -0.418926586 0.00319891365
vn 0.914828174 -0.403818083 -0.00451302842
vn 0.897261574 -0.441476983 0.00444316259
vn 0.00606069722 0.346308941 0.938100946
vn 0.502335249 0.456394607 0.734413549
vn 0.00660656841 0.505109468 0.863029998
vn 0.999718895 0.000201260811 -0.0237084338
vn 0.925095583 -0.247481826 -0.288011994
vn 0.740154503 -0.668983811 -0.0680586019
vn 0.994610681 -0.102999689 -0.0118599441
vn 0.989605319 -0.141439905 -0.026001273
vn -0.965711653 -0.14007682 -0.218585195
vn 0.99549467 -0.0942954884 -0.00993590472
vn 0.988294734 -0.152370831 0.00752647685
vn 0.992322416 -0.114581292 -0.0465548005
vn 0.99863263 -0.0168348797 -0.0494919944
vn 0.999094916 0.0155851211 -0.0395784417
vn 0.912005801 0.410173876 0.0016763154
vn 0.970151714 0.237773028 -0.0476407197
vn 0.956711552 0.285851924 -0.0546962863
vn 0.969360512 0.245635772 0.00180714495
vn 0.964429357 0.264101146 -0.0112516924
vn 0.99691076 0.0638356015 -0.0457597238
vn 0.986931993 0.155555514 -0.0420443035
vn 0.996451386 0.0770656767 -0.0338454827
vn 0.99263548 0.118018782 -0.0273197828
vn 0.979624556 0.198068508 -0.0332354409
vn 0.968390766 0.246903048 -0.0354712535
vn 0.996412204 0.0754319123 -0.0383763723
vn 0.98526933 -0.170170976 -0.0169170296
vn 0.988418122 -0.151318683 -0.011500978
vn 0.913451431 -0.0255297374 -0.406146174
vn 0.867691899 0.493248172 -0.0617819475
vn 0.803040324 0.592353724 -0.0651406405
vn 0.858627381 0.507475797 -0.0723003199
vn 0.945693794 -0.322789912 0.0383395325
vn 0.953499649 -0.3010057 0.0152966497
vn 0.967838216 -0.249449013 0.0326248081
vn 0.982777161 0.182650594 -0.0280679994
vn 0.846379221 0.532549755 -0.00574218695
vn 0.847727372 0.530363719 0.00852225922
vn 0.979300444 0.201144813 -0.0226142486
vn -0.224574543 0.792718926 -0.566712431
vn -0.125799814 0.93275765 -0.337842528
vn -0.156910704 0.977023967 -0.144233138
vn -0.947501943 0.318877761 0.023601723
vn 0.167524345 0.0633737598 -0.983828928
vn -0.801781601 -0.597343645 -0.0180785536
vn -0.743654128 -0.668525157 -0.00725619937
vn 0.0439089444 0.877661801 -0.477264881
vn 0.962239382 0.267756839 -0.0490065999
vn 0.95967796 0.279683536 -0.0282016339
vn 0.995021025 0.0984768325 -0.0153451087
vn 0.939710393 0.340046427 -0.0362326365
vn 0.950781514 0.309762569 -0.00785260489
vn 0.996656634 -0.0308398893 -0.0756601334
vn -0.232059865 -0.968868625 -0.0862659088
vn 0.813616664 0.579156334 -0.0510476734
vn 0.786046083 0.617347951 -0.0318286497
vn 0.928553476 0.371197046 -0.00109311323
vn 0.915069248 0.403187465 -0.00938822391
vn 0.933174997 0.359377557 -0.00567413133
vn 0.77569848 0.631078835 0.00560113914
vn 0.816265569 0.577656918 -0.00479636012
vn 0.756014453 0.654519592 -0.00680083285
vn 0.776033239 0.628769576 -0.0492060139
vn 0.786079432 0.617601426 -0.0254480979
vn 0.86409184 0.503313478 -0.00456452201
vn 0.811591666 0.583678125 -0.0252747844
vn 0.845687217 0.533614231 -0.0083056236
vn 0.999300704 -0.0135033283 -0.0348677959
vn 0.648045088 0.397820077 -0.649443415
vn 0.909819385 0.414998924 0.00213996172
vn 0.924851422 0.380320195 0.0025292062
vn 0.907921446 0.419134593 0.0022001438
vn 0.683555943 0.729866404 0.00680478503
vn 0.775051733 0.631310805 0.0272301247
vn 0.871835732 0.489769491 -0.00531991094
vn 0.87242359 0.488738178 -0.0034746727
vn 0.939735772 0.341870307 -0.00462292624
vn 0.955035153 0.296446015 -0.00525522851
vn 0.00177919363 0.999994826 -0.00267985557
vn 0.04945336 0.998136642 0.0357436526
vn 0.0415026971 0.98722092 0.153858313
vn 0.886652684 0.462399798 0.00578321127
vn 0.0204701859 -0.732737862 -0.680203056
vn 0.0167324329 0.944968647 0.326732738
vn -0.00314582025 0.890140981 0.455674378
vn 0.0177348725 0.835321038 0.549476331
vn -0.0343478305 0.540488596 0.84064993
vn 0.716257838 0.398093759 0.573145765
vn 0.0527131946 0.416158233 0.907762989
vn 0.882150426 0.470967731 -0.00014660274
vn 0.870820489 0.491513236 0.00929589593
vn 0.892443273 0.45115915 -0.000652312662
vn -0.384885828 -0.916301025 -0.1107038
vn -0.285407369 -0.94364806 -0.167543944
vn 0.971526707 0.234389288 0.0346051885
vn 0.978189144 0.206275166 0.0244244415
vn 0.964471711 0.26412174 -0.00583315099
vn 0.68158606 0.730007262 -0.0502975055
vn -0.980059597 0.187919544 0.0645711323
vn 0.999790252 0.0138297612 0.0151059294
vn 0.935699185 0.352793882 -0.0018738636
vn 0.931660916 0.363142758 0.011630785
vn 0.925100698 0.37969024 0.00490096399
vn 0.945203998 0.326166745 0.0143058529
vn 0.910092384 0.414138698 0.0148657623
vn 0.890320266 0.446532943 0.0890963255
vn 0.921419482 0.382665853 0.067475797
vn 0.917895431 0.39363711 0.0501777141
vn -0.00541762663 -0.619152004 0.785252473
vn 0.00555345159 -0.478646706 0.877990028
vn -0.0133013878 -0.647414766 0.762021781
vn 0.0407510872 0.930706139 0.36349062
vn 0.0354888192 0.976576254 0.212224797
vn 0.00556104411 0.087188748 0.996176288
vn -0.00158248813 0.0210721197 0.999776706
vn -0.00593770358 0.199999847 0.979777936
vn 0.943025193 0.332662146 0.00627549031
vn 0.949118765 0.314286192 0.01994389
vn 0.935211092 0.353996573 0.0081633782
vn 0.908811863 0.413747679 -0.0536083496
vn -0.0103607557 0.944360599 -0.328748709
vn 0.0300523063 0.979492776 -0.199225399
vn 0.0545178848 0.935302452 -0.34962426
vn 0.781420335 0.623851562 -0.0138379506
vn 0.867484773 0.49746359 -0.000381252921
vn 0.902557334 0.427077688 0.0547257427
vn 0.921480039 0.38711357 0.0319001856
vn 0.0306539959 0.931108338 0.36345233
vn -0.00630474213 0.914714059 0.404052523
vn -0.00154889878 0.907497979 0.42005359
vn -0.134390307 0.964926123 0.225514575
vn 0.99816866 0.0341284295 0.0499457337
vn 0.998546801 -0.0346512888 0.0412743822
vn 0.979573344 0.199443927 0.0256550984
vn 0.964873257 0.261087664 0.0292032559
vn 0.960026571 0.279195038 0.019977824
vn 0.967230147 0.253223691 0.0185365876
vn 0.132245309 0.970650088 0.200872062
vn 0.975822188 0.213061064 0.0487446407
vn 0.987558323 0.145457336 -0.0597555267
vn 0.0194777774 -0.70594901 0.707994782
vn 0.00602701043 -0.770483434 0.637431528
vn -0.009744223 -0.677305442 0.735637403
vn 0.834484037 0.550717794 0.0186092269
vn 0.986641876 0.161471354 -0.0215594618
vn 0.913578109 0.405153422 0.0350106252
vn 0.00903989322 -0.0703851279 0.997478929
vn 0.385313793 0.919124379 -0.0821197747
vn 0.937264735 0.347707698 0.0251827878
vn 0.753344273 0.657605768 0.00520188137
vn 0.844431166 0.529463012 0.0812706893
vn 0.628308707 0.777694534 -0.0204787811
vn 0.680302803 0.719534089 0.139494771
vn 0.593649283 0.695974188 0.403980764
vn -0.0209909114 -0.00681244355 0.999756456
vn 0.0145566348 -0.00142000525 0.999893038
vn 0.0173896326 -0.00959469595 0.999802752
vn 0.923962424 0.382481557 0.00113884148
vn 0.799398788 0.600800761 -0.000152337368
vn -0.349385118 0.925915897 0.143561106
vn 0.819978017 0.572350549 0.0071344265
vn 0.878770967 0.477241339 -0.00151380201
vn 0.796074189 0.604507724 0.0289188048
vn -0.0214950343 0.979558792 0.200006341
vn 0.577604206 0.816270531 0.00870640584
vn 0.284448391 0.94328916 -0.171156865
vn 0.575772995 0.815384467 -0.0602795896
vn 0.449911795 0.892959088 -0.0142633658
vn 0.995000549 -0.0998371319 0.00254067999
vn 0.995284735 -0.0965852579 0.00892101401
vn 0.986756021 -0.162036316 0.00753570489
vn 0.885483635 0.45563992 0.0911646613
vn 0.943611743 0.328884185 0.0378427202
vn 0.107701887 0.994137392 -0.00954724281
vn 0.989853866 0.132223213 0.0520225478
vn 0.998261602 0.0559917189 0.0184038451
vn 0.999949413 0.00417668088 0.00915020618
vn 0.868132596 0.496326613 0.00238512334
vn 0.939779709 0.341779747 0.000838509987
vn 0.95142161 0.307890561 -0.000568306666
vn 0.997489867 -0.068649899 0.0173538605
vn 0.997315702 -0.0730040352 0.00563920687
vn 0.991617139 -0.128856558 0.00956230714
vn 0.990759393 -0.133622765 0.0232547198
vn 0.994284969 -0.0981538953 0.0419906298
vn 0.983290469 -0.177146449 0.0419403059
vn 0.899057059 0.437823078 0.00271229259
vn 0.955257168 0.294955971 0.0220163149
vn 0.117847705 -0.993017808 -0.00524898876
vn 0.159216654 -0.9872425 -0.00151773397
vn 0.0744263865 -0.997225224 -0.00160174604
vn 0.853260709 -0.52144691 0.00626759872
vn 0.82003594 -0.572303792 -0.00307026624
vn 0.837871557 -0.545809732 0.00793664451
vn 0.771418271 0.635933878 0.0224043281
vn 0.126040751 0.991990104 -0.00832844194
vn 0.906031355 0.423204904 -0.00218938567
vn 0.922557642 0.385855539 0.00170280809
vn 0.790878393 0.610840924 0.0372119886
vn 0.89759723 0.440737692 0.00833658416
vn 0.863892186 0.503664055 0.00357915949
vn 0.741434608 0.670930403 0.0112745927
vn 0.795448178 0.597956591 0.0985399007
vn 0.796854537 0.602894609 0.0392547635
vn 0.464920759 0.884484671 -0.0391861475
vn 0.506095831 0.861372872 -0.0436323833
vn 0.773618967 0.633301666 -0.0210402931
vn 0.838639022 0.544681086 -0.00266553311
vn 0.92293611 0.378495052 0.0702170413
vn 0.780641606 0.624161407 0.0319565528
vn 0.67237952 0.738634967 0.0482096186
vn -0.326062078 0.941721842 -0.0827254131
vn 0.931230656 0.364429534 -0.000761668701
vn 0.965623235 -0.0578529362 0.253426136
vn 0.998843762 -0.0327958789 -0.0351506746
vn 0.993045799 -0.112236119 -0.0355400424
vn 0.923554348 0.383221047 0.0137475364
vn 0.945695743 0.324235863 0.0230362042
vn 0.883325464 0.467714055 0.0312999425
vn 0.877686159 0.47654589 0.0507052336
vn 0.885759115 0.458711911 0.0708108306
vn 0.807102032 0.590399998 -0.00376181095
vn 0.234919283 0.836163424 0.495624513
vn 0.000395100924 -0.00324352932 0.999994662
vn -0.0200957843 -0.0438936908 0.998834072
vn -0.0246150681 0.971575426 -0.235447002
vn 0.920258 0.391257235 -0.00655666076
vn 0.944268205 0.329135561 0.00522878586
vn 0.996640476 0.0795904723 0.0193162541
vn 0.350340851 0.931885607 -0.0940771095
vn 0.308625483 0.943425286 -0.121239601
vn 0.391090324 0.903481788 0.175410995
vn 0.995726809 0.0869546305 0.031096836
vn 0.195511228 0.243078271 0.950099107
vn 0.371619708 0.294049784 0.88058703
vn 0.140798047 0.453344548 0.880144664
vn -0.00726181461 0.240167398 0.970704325
vn 0.980862155 -0.194629866 0.0053524384
vn 0.00063388744 0.000652432113 0.999999586
vn 0.00407404574 0.00683418154 0.999968348
vn 0.000957761874 0.00362849505 0.999992958
vn 0.856713172 0.514030632 -0.0426034039
vn 0.89019893 0.455163965 -0.0192777326
vn -0.00219025996 -0.00707089138 0.999972602
vn 4.98024059e-05 0.00110342681 0.99999939
vn 0.563596785 0.623201669 0.542197698
vn -0.00562331245 -0.00169081316 0.99998276
vn 0.00248548109 0.00260926827 0.999993507
vn -0.00924092217 -0.00935219579 0.999913567
vn -0.00194618925 -0.00052350733 0.999997969
vn 0.951916146 0.306347176 -0.00265685758
vn 0.970970277 0.239134 0.0056259348
vn 0.972333949 0.233588237 0.00179662727
vn -0.00621535857 -0.0248581136 0.999671668
vn -0.0104351543 -0.00131420474 0.999944689
vn 0.147834045 0.036962186 0.988321249
vn -0.0512120045 -0.0362123384 0.99803106
vn 0.180207168 0.929730129 0.321134339
vn 0.834718476 0.413526103 0.363649871
vn 0.748914197 0.479953853 0.456915556
vn 0.279382072 0.17160026 0.944721656
vn -0.00154790348 0.960122945 0.279573846
vn -0.0029008933 0.991368354 0.131073917
vn 0.899371806 0.437110145 0.00806697952
vn 0.810885486 0.505608627 0.29466022
vn 0.778920686 0.62631301 -0.0318524372
vn 0.947987456 0.317942685 0.0152391738
vn 0.856818776 0.515538003 0.00906383097
vn 0.753113488 0.65683145 -0.0373164899
vn 0.9884745 0.151352138 0.00327008534
vn 0.571668666 0.804893726 0.159188649
vn 0.952398395 0.304851256 0.00173477159
vn -0.0516097014 -0.0162707396 0.998534777
vn 0.221188216 0.046102675 0.974140809
vn 0.0137756658 -0.00205536899 0.999902999
vn 0.988372536 0.152049091 0.000897213153
vn 0.986725458 0.162227877 0.00741523848
vn 0.986426962 0.160138918 0.0362956545
vn 0.927345628 -0.373764431 -0.0181723921
vn 0.0272976506 -0.909334522 -0.415169321
vn 0.0178937187 -0.82729863 -0.56147733
vn 0.879587363 -0.0863346423 0.467838007
vn 0.490701083 -0.0215404939 0.871061682
vn 0.911138566 -0.00783729192 0.412025594
vn 0.956428585 0.291956901 -0.00235166547
vn 0.948721244 0.316111842 -0.00114262381
vn 0.0311295419 -0.895851513 0.443261794
vn -0.00548376855 -0.000641297642 0.999984758
vn 0.735779191 -0.677106377 -0.0124874168
vn 0.746361671 -0.665538683 -0.00158663823
vn 0.688293347 -0.725350938 -0.0108759295
vn 0.896579704 0.442860136 -0.00444226323
vn 0.929462339 0.368916814 -0.0003817429
vn 0.998079497 -0.0614201821 0.00805471222
vn 0.995053516 -0.0986347059 0.0118192397
vn 0.99676509 -0.0743274443 0.0305742649
vn 0.996199743 0.0740274688 0.0458912317
vn 0.99743555 0.0711960106 0.0073110807
vn 0.992618469 0.121254967 0.00241002406
vn 0.981121782 0.193318163 0.00530433456
vn 0.985074793 0.171952363 0.00774836822
vn 0.00379758799 -0.201797003 0.979420006
vn 0.00398772258 -0.353267155 0.935513984
vn 0.00921980407 -0.267827193 0.963422851
vn 0.922990208 -0.380198603 0.0594819123
vn 0.893390938 -0.443225698 0.0735092641
vn 0.925270788 -0.374067154 0.0628309915
vn 0.997367785 0.0627961656 -0.0362511038
vn 0.0154598478 0.261586066 0.965056331
vn 0.020803764 -0.189877134 0.981587427
vn 0.0322428921 -0.354354449 0.934555146
vn 0.206849472 -0.00459662554 0.978361982
vn 0.882193957 -0.470873755 0.0034248756
vn 0.919074337 -0.393789539 0.0152368772
vn 0.905592455 -0.424134943 0.00344326024
vn 0.998933241 -0.0461699024 0.000849104881
vn -0.00550311553 0.0192540498 0.999799479
vn 0.00878872903 -0.00428968513 0.999952177
vn 0.00967648366 -0.00632839504 0.999933156
vn 0.207312838 -0.00101733974 0.97827417
vn -0.00571280609 -0.000613591573 0.999983494
vn 0.929938602 0.115122322 0.349229219
vn 0.0208580139 -0.442311631 0.896618851
vn 0.429257089 -0.0135619481 0.90308052
vn 0.995143881 0.0982746091 0.00554600808
vn 0.832640686 -0.553809067 -0.00223750673
vn 0.795513823 -0.605931628 -0.00214951169
vn 0.791957819 -0.610572647 0.00196351889
vn -0.00767678163 0.000895839029 0.999970132
vn 0.972591023 0.232521028 0.000821360422
vn 0.348388512 0.0720540277 0.934576729
vn 0.998205882 -0.0594236304 -0.00733822491
vn 0.723187112 -0.690650428 0.00154521124
vn 0.696415481 -0.717636051 -0.00199416716
vn 0.751702931 -0.659450026 -0.00826844361
vn 0.96426481 0.264878401 0.00572785533
vn -0.000522059047 0.00299583538 0.999995376
vn 0.177176281 -0.0944841535 0.979633253
vn 0.826470083 -0.562980343 0.000579463306
vn 0.999540022 -0.0294232164 0.00734976125
vn 0.783463627 -0.621425482 -0.00388796399
vn -0.0283236559 -0.0205853225 0.99938682
vn -0.00384888061 0.211366528 0.977399293
vn 0.244333163 0.125732755 0.961505372
vn 0.993848059 -0.110704067 0.00326264438
vn 0.939439782 0.342475323 0.0127886511
vn 0.916675699 0.399587692 0.00594467816
vn 0.995377527 -0.0959355355 0.00446667037
vn 0.998886325 0.00739229685 0.0465989689
vn 0.999237022 0.0156769308 0.035771608
vn 0.99974915 -0.0107078414 0.0196717874
vn -0.0387409925 -0.00773553077 0.999219344
vn 0.994542837 -0.0714728464 0.0760011645
vn 0.999071072 -0.030229201 0.0307113759
vn 0.980915953 0.19050624 0.0388749989
vn 0.963622636 0.261821363 0.0536748501
vn 0.97927926 0.196117548 0.0504979087
vn 0.0139093184 -0.342732171 0.939330182
vn 0.455919219 -0.890020152 -0.00133959442
vn 0.406627928 -0.91359314 -0.00114152548
vn 0.443776548 -0.896133295 -0.00273730198
vn 0.997452347 0.0712734896 -0.00298415198
vn 0.992991901 0.11812486 0.00368807344
vn 0.997800329 0.0662002597 0.00346820207
vn 0.947658643 0.315687237 0.0477981676
vn 0.965717805 0.25593304 0.0434442152
vn 0.952544252 0.3015186 0.0417849424
vn 0.974677663 0.218486014 0.0476163291
vn 0.00384154057 0.652002761 0.75820686
vn 0.999600232 0.0282525924 0.00108081434
vn 0.999338155 -0.0349675909 0.0100259842
vn 0.999888798 0.00495824689 0.0140643831
vn 0.997470409 -0.0521626833 0.0482890995
vn 0.99828031 -0.0365006152 0.0458707741
vn 0.689147964 0.127904241 0.713243008
vn 0.776803969 0.0694569097 0.625900416
vn 0.663307649 -0.0117075071 0.748255235
vn -0.764171722 0.0183884044 0.644750685
vn 0.296274505 -0.93156479 0.210733146
vn 0.971477245 -0.209678013 0.110756907
vn 0.987137635 -0.0562744757 0.149641146
vn 0.78338606 0.618160044 0.0646872554
vn 0.654960158 0.753783782 0.0532653886
vn 0.106877677 0.940406389 0.322820362
vn 0.992457636 0.015143684 -0.121649128
vn 0.832146696 0.138875308 -0.536885021
vn 0.403852929 -0.914812819 0.00450760121
vn 0.946933822 0.321400509 0.00424847403
vn 0.268133623 0.730205076 0.628414598
vn 0.0182989988 0.650000935 0.759713058
vn 0.0134195142 0.713087355 0.700946746
vn 0.998223627 -0.0549789761 0.0229543424
vn 0.992988296 -0.110603812 0.04172577
vn 0.988750078 0.147472757 0.0250014009
vn 0.37056075 0.226995454 0.900642989
vn 0.959873279 0.278083057 0.0362367439
vn 0.96743662 0.252599534 0.0161201918
vn 0.492273711 0.868298129 0.0610323901
vn 0.0173931073 -0.445323703 0.895200692
vn 0.0179947021 0.581743319 0.813173353
vn 0.00816258465 0.544410058 0.838779506
vn -0.0305488637 0.482837392 0.875177022
vn 0.113247432 0.637082714 0.762430741
vn 0.0219394738 -0.556859706 0.830316763
vn 0.0130615947 -0.592300618 0.80561118
vn 0.93307093 0.359690205 0.00126333125
vn 0.987855623 0.146267312 0.0524131851
vn 0.990239036 -0.137008379 0.025599923
vn 0.97461951 -0.220215149 0.0402752942
vn 0.97407011 -0.224622074 0.0270618791
vn 0.794756333 0.0113253341 0.606822963
vn -0.00397729629 -0.1359136 0.99071271
vn -0.00605198685 -0.0852404555 0.996342029
vn 0.991775136 0.125069498 0.0271974177
vn -0.310283825 -0.386764989 0.868410497
vn -0.0020797538 0.388427091 0.921477113
vn 0.0018921467 0.088036243 0.996115475
vn -0.00382200645 -0.00331941097 0.999987187
vn -0.00960466175 0.154500147 0.987946079
vn 0.987749622 0.150628111 0.0407658679
vn 0.909361084 0.415997529 -0.00291117372
vn 0.0137946565 0.444400693 0.895721905
vn 0.0185377306 0.261924027 0.96491044
vn 0.977242865 0.211911375 0.00948428145
vn 0.983062059 -0.178235392 0.0426747253
vn 0.998055919 -0.0552261784 0.0288868852
vn 0.0667741083 -0.217188806 0.973843027
vn 0.975645364 -0.219330517 0.00320112713
vn 0.79568838 -0.605703971 0.00164340874
vn 0.835911943 -0.548863574 2.6991108e-05
vn -0.0109770848 -0.435970016 0.899894243
vn -0.0119669096 -0.564508402 0.82534057
vn 0.00430772074 -0.504838113 0.863203292
vn 0.0498859616 -0.147507297 0.9878021
vn 0.98296593 -0.183723667 0.0048573877
vn 0.1849406 -0.40824333 0.893943151
vn 0.0272301936 0.818150325 0.574359262
vn 0.890091801 -0.451582253 0.0617256356
vn 0.907121438 -0.413911889 0.0762079
vn 0.924056914 -0.379474915 0.0460174702
vn 0.650133065 -0.759788932 -0.00691208547
vn 0.526887608 -0.849933379 -0.00164303003
vn 0.670046941 -0.742237374 -0.0109898827
vn 0.133569118 -0.85219168 0.505893893
vn 0.00557423015 -0.887169357 0.461410295
vn -0.00335771943 -0.773836181 0.633376895
vn -0.012173403 -0.861694875 0.507280741
vn 0.168541391 -0.589442644 0.790032384
vn 0.0103651186 -0.697732375 0.716283532
vn -0.0134360757 -0.776558767 0.629901543
vn 0.581293189 -0.813624036 -0.0106844112
vn 0.566452325 -0.824091247 -0.00231965023
vn 0.634476568 -0.772942096 2.17533513e-05
vn 0.00827633992 -0.610847737 0.791704834
vn 0.436342726 -0.0473462621 0.898534004
vn -0.00127882431 -0.881348765 0.472464517
vn 0.533145579 -0.657730904 0.532114508
vn 0.0512881741 -0.936632952 0.346537495
vn 0.226262379 0.720559012 -0.65543882
vn -0.154804876 -0.516822894 0.841979541
vn 0.932991216 -0.244280117 0.264300236
vn -0.00140327813 0.235257781 0.971931997
vn 0.956839877 -0.288093687 0.0382031079
vn 0.977738344 -0.20092588 -0.0604691747
vn 0.91569889 -0.330672197 0.228366901
vn 0.917261057 -0.396387892 0.0388431617
vn 0.016943145 -0.989357664 0.144514159
vn 0.0323741183 -0.954602495 0.296118207
vn 0.842269072 -0.539013496 0.00687476389
vn 0.883281739 -0.46881549 0.00504044722
vn 0.858674557 -0.512467764 0.00740238957
vn -0.0101287373 -0.590386673 -0.80705699
vn 0.00376361686 -0.431015053 -0.902336888
vn 0.871358535 -0.490645946 0.00092663422
vn 0.910757587 -0.412935874 0.00214056963
vn 0.903241734 -0.429132014 -0.000290117963
vn 0.544293081 -0.838866031 0.0069873622
vn 0.67651111 -0.736047649 0.0238028807
vn 0.70801494 -0.706197185 -0.000617372891
vn 0.708482141 -0.705647582 -0.0107025957
vn 0.67348088 -0.73918067 -0.00595321177
vn -0.0271154033 0.028266669 0.999232581
vn 0.936299197 -0.351149437 -0.00615517604
vn 0.964580184 -0.263777518 -0.00254729913
vn 0.949257225 -0.314490209 -0.00257463957
vn 0.852499498 -0.517576519 0.0732062322
vn 0.671513221 -0.740104847 0.0362603132
vn 0.681414255 -0.730835696 0.0394182443
vn 0.705100592 -0.706892601 0.0560000552
vn 0.914253151 -0.403856185 0.0322700906
vn 0.878107251 -0.477091391 0.036214097
vn 0.986543926 -0.157576734 0.0435965098
vn 0.88122619 -0.472120741 0.0232896736
vn 0.840246129 -0.541915416 0.0177235697
vn 0.79288275 -0.609217039 0.0138399904
vn 0.96205556 -0.27283735 -0.00297998459
vn 0.940309637 -0.338980819 0.0301627397
vn 0.930453903 -0.360094386 0.0677315886
vn 0.879289612 -0.4762676 0.00435326551
vn 0.964357708 -0.259024943 0.0540397069
vn 0.931970412 -0.36189058 0.0215953344
vn 0.930965644 -0.364357286 0.0233824049
vn 0.88081895 -0.473437462 -0.00386610224
vn 0.861016456 -0.508574822 0.00152112664
vn 0.869995218 -0.493059706 0.000668901242
vn 0.901322425 -0.433142768 0.00228668705
vn -0.028695794 -0.00527072166 0.999574295
vn 0.00229569805 0.004425915 0.99998757
vn 0.772468285 -0.635053073 0.000586419851
vn 0.0187565717 0.0367036702 0.999150155
vn -0.0557666717 -0.172563743 0.983418442
vn 0.0175820472 -0.627941735 -0.778061726
vn 0.00116508732 -0.667868842 -0.744278075
vn -0.021973538 0.0187158646 0.999583353
vn 0.962637119 -0.270762648 0.00416711581
vn 0.967288584 -0.253638846 -0.00448679434
vn 0.0135427407 0.251480279 0.96776767
vn 0.103464198 -0.994440839 -0.0195595684
vn 0.976551789 -0.214001037 0.0234554854
vn 0.958291319 -0.285779885 0.00275789471
vn 0.0071333219 -0.00896947433 0.99993433
vn 0.00773234372 -0.00419124373 0.999961321
vn 0.91407347 -0.405544645 -0.00179791708
vn 0.90563845 -0.424037278 -0.0033742545
vn 0.946255103 -0.323414536 0.0020778596
vn 0.931062052 -0.364847761 0.00309294652
vn 0.935283617 -0.236803518 0.262999335
vn -0.0594675552 0.00871674696 0.99819218
vn -0.0305401716 0.018888556 0.999355052
vn 0.363937117 -0.109040754 0.925018858
vn 0.353526363 -0.144656021 0.924171925
vn -0.02375016 -0.0338988236 0.999143033
vn 0.459523485 -0.888163824 0.00178556493
vn 0.489499051 -0.872001475 -0.00202662239
vn -0.00299640333 -0.00805034425 0.999963106
vn 0.0127045 -0.00219598409 0.999916883
vn 0.937265701 -0.348535618 0.00747862348
vn 0.982996527 -0.183310156 0.0107338182
vn -0.147457246 -0.970823286 0.1890992
vn 0.000159778858 0.000520062797 0.999999852
vn 0.933227816 -0.359272263 0.00304712714
vn 0.9294343 -0.368986666 0.000849399912
vn 0.896028112 -0.299002502 0.328224202
vn 0.890886663 -0.362578976 0.273600876
vn 0.937614625 -0.34704164 -0.0209980035
vn 0.888310852 -0.459234388 0.0027580187
vn 0.865327263 -0.501204732 0.00159512963
vn 0.90091386 -0.433859682 -0.0109541352
vn 0.874210613 -0.483010949 -0.0495603444
vn 0.751776483 -0.114721035 0.649362151
vn 0.926797489 -0.375559814 -0.00111420849
vn 0.99226566 0.124131072 -0.000579568878
vn 0.970414151 -0.241348186 0.0068868561
vn 0.98247153 -0.180149358 0.0479155718
vn 0.968282463 -0.244712817 0.0504451153
vn 0.952761001 -0.298955896 0.0535896178
vn 0.942662264 -0.333724066 -0.00401299743
vn 0.714305942 -0.524424217 0.463407232
vn 0.741800131 -0.670615997 -0.00259821587
vn 0.723959574 -0.689839582 0.00197131742
vn 0.740343215 -0.672222019 0.00307895205
vn 0.830047409 -0.556684428 -0.0335223226
vn 0.760602795 -0.632330436 0.147110871
vn 0.0785347149 -0.328034177 0.941395707
vn -0.00613033482 0.0276817526 0.999597989
vn 0.00394322032 -0.000638302061 0.999992022
vn 0.390249032 -0.309144975 0.867257215
vn 0.00297055029 -0.00202044854 0.999993547
vn 0.00958638654 -0.0055147701 0.999938842
vn 0.00197213219 -0.00200003982 0.999996055
vn 0.829552112 -0.558429221 0.00031217191
vn 0.716670353 -0.697346604 -0.0095560867
vn 0.690638734 -0.721969045 -0.0421762611
vn 0.668134373 -0.744012833 -0.0064314145
vn 0.475560618 -0.879675043 0.00373071786
vn 0.377832297 -0.925871759 -0.00205951951
vn 0.382417798 -0.215934092 0.898403637
vn 0.702846035 -0.711333499 -0.00347897387
vn 0.185484177 -0.234200544 0.954329988
vn -0.00836488576 0.00494274521 0.999952798
vn 0.868218755 -0.496150169 0.00558603593
vn 0.814014058 -0.580824504 0.00489981838
vn -0.117876686 -0.992428828 -0.0344979451
vn 0.881796199 -0.468235782 0.0564864158
vn 0.90225384 -0.430050565 0.0315360213
vn 0.636073073 -0.608981675 0.473869567
vn 0.814652655 -0.57393919 0.0832757912
vn 0.3725431 -0.927799221 -0.0200061107
vn 0.578767177 -0.736106824 0.350963386
vn 0.552945774 -0.758820549 0.344154538
vn 0.0183359605 -0.819524433 0.572750815
vn 0.000735276048 -0.863422113 0.504481629
vn 0.629785022 -0.776091444 -0.0324483656
vn 0.620904416 -0.783880876 -0.0029116114
vn 0.084824411 -0.996313337 -0.0128278447
vn 0.00197330402 -0.00280577126 0.999994117
vn 0.00579560529 -0.00750697449 0.999955027
vn 0.00278870742 -0.00551568793 0.9999809
vn 0.44672789 -0.894652012 -0.00565408971
vn 0.366342994 -0.930449534 -0.00751498565
vn 0.445781802 -0.895079131 -0.0105798574
vn 0.193172941 -0.981036912 -0.0158364258
vn 0.24155887 -0.970245303 -0.0165337571
vn 0.245390171 -0.96933412 -0.0132298431
vn 0.303362945 -0.952821096 -0.0101430886
vn 0.295135061 -0.955415721 -0.00872326373
vn 0.00901114907 -0.00354543011 0.999953113
vn 0.0106918594 -0.00176635912 0.99994128
vn 0.139592571 -0.990091957 -0.015225975
vn 0.0894421998 -0.995877947 -0.0150734194
vn 0.177623508 -0.983999321 -0.0139723169
vn -0.00311272687 -0.000628107076 0.999994958
vn 0.0118635066 -0.0082627384 0.999895487
vn -0.00092084675 -0.00455537573 0.9999892
vn -0.000478586125 -0.00250449913 0.999996749
vn 0.274181236 -0.959411961 -0.0659798368
vn 0.284000592 -0.323796676 0.902496192
vn 0.311163249 -0.948638687 -0.057114562
vn -0.996860408 0.073250167 0.0300622547
vn -0.996231012 0.0792414547 0.0352783567
vn 0.977801732 0.209396515 0.00754140803
vn 0.240412603 -0.970669995 -0.00124180005
vn 0.305765956 -0.952106613 -0.000421301407
vn 0.230211852 -0.973140513 -0.00021231113
vn 0.272696929 -0.962026247 -0.011911569
vn 0.0341265304 -0.999235153 -0.019091568
vn -0.0455234742 -0.998760023 -0.0201502043
vn -0.287255682 -0.405627153 0.867727369
vn 0.375881563 -0.926589001 -0.0120778297
vn 0.160364449 -0.986981474 -0.0122805916
vn 0.373397073 -0.927601436 -0.0114106207
vn 0.212760516 -0.976988375 -0.0150557988
vn 0.547496807 -0.836685983 0.0142762946
vn 0.593488768 -0.804652772 0.017464223
vn 0.488533906 -0.872536165 0.00390683673
vn 0.422786165 -0.906215619 0.00501115853
vn 0.0852568429 -0.709624312 -0.699403036
vn 0.10554427 -0.667291949 -0.737280043
vn -0.251579287 -0.485465036 -0.837276275
vn 0.898464895 -0.438958252 0.00874554769
vn 0.875767455 -0.48256467 0.0127555953
vn 0.879877614 -0.474936594 0.0158308435
vn -0.49455791 -0.869141345 0.00240738639
vn 0.493853876 -0.869473471 -0.0111459822
vn 0.288216254 -0.957565338 0.000120072752
vn 0.877735264 -0.478251972 0.0292550322
vn 0.683881009 -0.729524451 -0.0100419407
vn 0.314000829 -0.949418525 -0.00281864381
vn 0.383642982 -0.923478855 0.00220582104
vn 0.370841765 -0.928693444 -0.00220737311
vn 0.297187708 -0.954794074 -0.00690958042
vn 0.380378347 -0.924811308 0.00602976606
vn 0.301355905 -0.953506904 -0.00303363355
vn 0.742814131 -0.665342291 0.074476859
vn 0.792846124 -0.603990488 0.0811819785
vn 0.295470858 -0.955347168 -0.00295970828
vn 0.294095717 -0.955767004 -0.00414035616
vn -0.0565956007 -0.998368905 -0.00751445064
vn 0.306520821 -0.951863221 0.00118110529
vn 0.229741834 -0.973249314 0.00211228951
vn 0.254712214 -0.967013919 0.00240185825
vn 0.26989603 -0.962884668 0.00304126709
vn 0.731877513 -0.680382862 0.0378743739
vn 0.749481467 -0.660745406 0.0411465563
vn 0.696917533 -0.715808284 0.0438685882
vn 0.980919132 -0.191095885 0.0357773419
vn 0.735609024 -0.675120659 0.0556009045
vn 0.176230782 -0.947775502 -0.265827594
vn 0.118222535 -0.650322 -0.750403044
vn -0.00354141761 0.477252096 -0.878759293
vn 0.706638656 -0.707572439 0.0017476728
vn 0.686014553 -0.727483737 0.0123063166
vn 0.642125963 -0.766539347 0.0095748489
vn 0.195637204 -0.980673593 -0.00232143534
vn 0.565529765 -0.824642837 0.0118438474
vn 0.638475676 -0.769311765 0.0225437084
vn 0.742456839 -0.666803612 0.0642711908
vn 0.895097934 -0.445428136 0.0198359305
vn 0.533981363 -0.845440441 0.00971410851
vn 0.894458581 -0.4470514 0.00942829731
vn 0.6492863 -0.760077325 0.0266413282
vn 0.66573378 -0.745588419 0.029940661
vn 0.486222586 -0.873786764 0.00918084659
vn 0.420081752 -0.907447455 0.00839278042
vn 0.697782846 -0.715246457 0.0390077632
vn 0.710337527 -0.703576995 0.0200002151
vn 0.580447555 -0.700422542 -0.415317828
vn 0.648355238 -0.649482113 -0.397251143
vn 0.0796930309 -0.871848084 -0.483249355
vn 0.74582844 -0.66601872 0.0126096179
vn 0.911486999 -0.411206811 0.0100204569
vn 0.898809976 -0.438094468 0.0146241077
vn 0.762952405 -0.646244288 0.016490854
vn 0.8050415 -0.593079399 0.0128455686
vn 0.766031713 -0.642786764 0.0045376762
vn 0.0880023969 -0.996097731 -0.00669993984
vn 0.151378943 -0.988260788 -0.0206162679
vn 0.723522128 -0.690205059 0.0115198543
vn 0.830180232 -0.554448084 0.0582074271
vn 0.779912054 -0.621804231 0.0713910812
vn 0.826847115 -0.560789144 0.0428880436
vn 0.802429842 -0.596687496 0.0083892547
vn 0.840364313 -0.542019988 -0.00146767324
vn 0.61218444 -0.79045185 0.0203981368
vn 0.711990734 -0.700224544 0.0524860265
vn 0.781684459 -0.621972137 0.046044185
vn 0.947949154 -0.317673606 0.0218147041
vn 0.818121282 -0.574409372 0.0270451773
vn 0.871231945 -0.488268219 0.0504880563
vn 0.850551617 -0.521652054 0.0666414401
vn 0.978700009 0.14645852 -0.143861721
vn 0.928522171 -0.370919709 -0.016283365
vn 0.234643949 -0.972063196 -0.00594643628
vn 0.216572356 -0.976257574 -0.00419098396
vn 0.660880525 -0.749992196 0.0273612464
vn 0.511036733 -0.859546679 -0.00457872823
vn 0.743647099 -0.668567171 -0.0026325127
vn 0.285830388 -0.958278573 -0.00177929059
vn 0.348391953 -0.937348483 0.000931937956
vn 0.863118143 -0.383878245 -0.328122788
vn 0.780167836 -0.584047998 0.224111767
vn 0.690573823 -0.721808863 -0.045823146
vn 0.00351387807 -0.942476022 0.334255293
vn 0.00395209568 -0.991305884 0.131518154
vn 0.948850177 -0.314281959 -0.0301693766
vn 0.949445874 -0.313137223 -0.0223072297
vn 0.964741661 -0.26162595 -0.0287296095
vn -0.104174667 -0.99453469 0.0069562179
vn -0.0526114585 -0.9985586 0.0106187363
vn 0.762496332 -0.646922618 0.00951156558
vn 0.994961713 0.041700647 0.0911715211
vn 0.891951545 -0.451986069 -0.011447023
vn 0.887389797 -0.460567466 -0.0204195203
vn 0.919175199 -0.393675038 0.0117012419
vn 0.952899882 -0.303214478 -0.00654188878
vn 0.765823775 -0.335387914 -0.548661
vn 0.9962383 -0.0858157815 -0.0120374844
vn 0.71652294 -0.697546184 0.00491909346
vn 0.677026981 -0.735937049 0.00557917815
vn 0.845513955 -0.533886859 0.00842454316
vn 0.778340144 -0.627800513 -0.00728947919
vn 0.810179457 -0.585953209 -0.0163732902
vn 0.748475002 -0.663001067 -0.0146545901
vn 0.788501226 -0.614590339 -0.0233352278
vn -0.940153599 0.303204763 -0.155493027
vn -0.878664394 0.341328435 -0.333831967
vn -0.889880279 0.425977014 -0.16326871
vn 0.908056489 -0.415796392 -0.0504655649
vn 0.922515358 -0.383850884 -0.0402978065
vn 0.890113074 -0.451953104 -0.0586268504
vn 0.95042004 -0.310639249 -0.0143179961
vn 0.966090812 -0.257645074 0.0169575644
vn 0.000296288199 -0.999776338 0.0211467817
vn -0.00259429566 -0.987528032 -0.157421902
vn 0.00319298592 -0.997459559 -0.0711634217
vn 0.832566222 -0.550463149 -0.061836944
vn 0.791761096 -0.606375258 -0.0736438319
vn 0.825025918 -0.562609278 -0.0529436916
vn 0.38267308 -0.923883461 0.000815628338
vn 0.00674246493 -0.967387653 -0.253210718
vn -0.00831145037 -0.947466052 -0.319748338
vn 0.212283839 -0.974816131 0.0683306891
vn 0.889896719 -0.456152385 0.00297177629
vn 0.87205424 -0.48940238 -0.00259074621
vn -0.00573653175 -0.964528355 -0.263916927
vn 0.00477534167 -0.964380931 0.264474224
vn 0.139014997 -0.760681973 -0.634064481
vn 0.99066654 -0.126963712 -0.0495986177
vn 0.430615091 -0.902535593 -0.000382494694
vn 0.070740072 -0.858663365 -0.507634777
vn -0.00147608433 -0.824336126 -0.56609873
vn 0.0038814239 -0.69526692 -0.718741153
vn 0.785970306 -0.617226583 0.0358053565
vn 0.663156868 -0.743349851 0.0874869574
vn 0.390205205 -0.203388501 -0.897982748
vn 0.00744887859 -0.911282563 -0.411714226
vn -0.00414160526 -0.968097235 -0.250540598
vn 0.842828012 -0.537665235 0.0236016141
vn 0.0190903159 -0.759401534 -0.650342117
vn -0.000204113975 -0.829605622 -0.558349774
vn 0.226692233 -0.950833639 -0.211011901
vn 0.795113166 -0.584252296 -0.162617057
vn 0.843631808 -0.438013226 -0.310531458
vn 0.997165088 0.0740974688 -0.013090133
vn 0.838108044 -0.54523352 -0.0171847344
vn 0.274181387 -0.951627807 -0.138668975
vn 0.749322092 -0.661334359 -0.0339598046
vn 0.93197669 -0.361781391 -0.0231013715
vn 0.906878589 -0.419535431 -0.0395126219
vn 0.676608644 -0.735421153 -0.0368302892
vn 0.630578354 -0.101940375 -0.76940178
vn 0.321833026 -0.370702685 -0.871207796
vn -0.00871663191 -0.887455585 -0.460810812
vn -0.00120658759 -0.902659029 -0.430354762
vn -0.131104984 -0.314765585 -0.940071332
vn 0.660881402 -0.746002701 0.0819496294
vn 0.63079493 -0.775506565 0.0262168541
vn 0.716073942 -0.697008493 0.0376466636
vn 0.0284804867 -0.649195654 -0.760088064
vn 0.000629123933 -0.73444857 -0.678664057
vn -0.0118429452 -0.682672672 -0.730628337
vn 0.946014224 -0.322607421 -0.0313295381
vn 0.947739415 -0.31783572 -0.0277571066
vn 0.935018505 -0.353460541 -0.0283908666
vn 0.0249573312 -0.389015225 -0.9208932
vn 0.0509092111 -0.487918622 -0.871403277
vn -0.00789812751 -0.812763942 -0.582539608
vn 0.0092468184 -0.983295551 -0.181781066
vn 0.0269163469 -0.962845953 -0.268706498
vn 0.0386328745 -0.99084281 -0.129375526
vn 0.0298760284 -0.999409896 0.0169493958
vn 0.033483895 -0.998370718 -0.0462032294
vn 0.750784184 -0.660244145 -0.0200194522
vn 0.759080399 -0.65004658 -0.0351623601
vn 0.724749238 -0.688932207 0.01053354
vn 0.768041916 -0.634422075 -0.0872940232
vn 0.819841423 -0.565905859 -0.0872387479
vn 0.542494135 -0.840036792 -0.00618884484
vn 0.509633933 -0.860371812 -0.00579653491
vn 0.46335633 -0.886167203 -0.00293265202
vn 0.00719929976 -0.94201396 -0.335496452
vn 0.0366165065 -0.969785381 -0.241196073
vn 0.992784422 -0.117405248 -0.0243946665
vn 0.998915231 -0.0343460788 -0.031443741
vn 0.996414597 -0.0822339676 -0.019887841
vn 0.994674481 -0.0909099278 -0.0485598739
vn 0.898863164 -0.438121944 0.0097043946
vn 0.90695276 -0.420982653 0.0145016634
vn 0.515331894 -0.842933907 -0.154581588
vn 0.194811755 -0.902214105 -0.384783172
vn 0.910472534 -0.408335942 -0.0655860043
vn 0.934220537 -0.351914551 -0.0582077121
vn 0.926700472 -0.370726127 -0.0615497672
vn 0.988914237 -0.13805183 -0.0546838595
vn 0.981427874 -0.189895418 -0.0271856195
vn 0.965443616 -0.259962503 -0.0183880637
vn 0.999895317 -0.0102529911 -0.0102094087
vn -0.0667364205 -0.0520969164 -0.996409635
vn 0.801466513 -0.598029411 -0.00350029347
vn 0.554858418 -0.831942187 -0.00208196805
vn 0.516498495 -0.856288097 -2.52867309e-07
vn 0.8806549 0.473752696 0.00230855963
vn 0.400722133 -0.916197636 0.00191424196
vn 0.23848892 -0.9688808 0.0662799409
vn 0.696872274 -0.716836688 0.0226759057
vn 0.656142327 -0.75391457 0.0330161749
vn 0.936228829 -0.350708045 -0.0218962878
vn 0.853410016 -0.520035358 -0.0354199224
vn -0.0124506029 -0.790846868 -0.611887419
vn 0.965727608 -0.259501402 0.00540465385
vn 0.959657113 -0.28089712 0.0124512799
vn 0.945932474 -0.324201541 0.0102526323
vn 0.818097881 -0.573728 -0.0393959364
vn 0.880580873 -0.468543239 -0.0710250641
vn 0.291209519 -0.956641932 0.00576460782
vn 0.236479588 -0.97162345 0.0050275631
vn 0.219311473 -0.975615565 0.00876054397
vn 0.5195523 -0.854420193 -0.00561619578
vn 0.577595962 -0.816253934 -0.0106027969
vn 0.57846635 -0.815696015 -0.00408564238
vn 0.521534578 -0.853222044 -0.00371857017
vn 0.657501567 -0.753333846 -0.0134092163
vn 0.495697977 -0.868482288 -0.00469362255
vn 0.890923017 -0.454138585 0.00378469564
vn 0.870961166 -0.491092392 0.0159659031
vn 0.846544335 -0.532309353 0.00307276908
vn 0.605371621 -0.795834645 -0.0131308396
vn 0.655598246 -0.754451798 -0.0315186347
vn 0.635789197 -0.771618655 -0.019410015
vn 0.633630343 -0.773123934 -0.028141978
vn 0.652514011 -0.757253451 -0.0281545013
vn 0.630640335 -0.776046637 -0.00666225662
vn 0.656469941 -0.754295252 -0.00926761879
vn 0.69041953 -0.722694621 -0.0321458794
vn 0.707529087 -0.706225958 -0.0254457712
vn 0.736477203 -0.674906624 -0.0458516924
vn 0.0832630109 -0.996489331 0.00873404233
vn 0.0155159877 -0.999803282 0.0123552456
vn 0.0921709701 -0.995702434 0.00900975812
vn 0.66718011 -0.744507737 0.0240609631
vn 0.63815774 -0.769800398 0.0127297644
vn 0.492636958 -0.870227256 -0.0036538856
vn 0.112701162 -0.993600296 -0.00754323468
vn 0.0671146501 -0.997744321 0.00137618915
vn 0.0210664846 -0.999752038 0.00721567949
vn 0.603215596 -0.797567588 -0.00410934177
vn 0.574269458 -0.818620091 -0.00870262608
vn 0.183128752 -0.983087307 0.00179058841
vn 0.326187671 -0.945291277 0.00509948468
vn 0.285012973 -0.958512339 0.00465845894
vn 0.117907055 -0.993015266 -0.00431367281
vn 0.193664498 -0.981066315 0.00171668098
vn 0.863497834 -0.500643809 -0.0610513445
vn 0.108899975 -0.994045864 0.00368998619
vn 0.192939406 -0.98114081 0.0117088393
vn 0.206184768 -0.978498599 0.00532296967
vn 0.143463843 -0.989635719 0.00626656406
vn 0.470436048 -0.882433022 0.00137338918
vn 0.00696553111 0.403207519 0.915082061
vn -0.00549664986 0.342769571 0.939403432
vn 0.617401338 -0.786648305 -0.000176824718
vn 0.0237308757 -0.999707484 0.00466828815
vn 0.451888763 -0.892067979 -0.00335676562
vn 0.910906163 -0.411851428 -0.025067194
vn 0.56440566 -0.825417351 -0.0115086157
vn 0.608488814 -0.793453751 -0.0131342091
vn 0.600993502 -0.799100348 -0.0156666983
vn 0.637744987 -0.769914424 -0.0226519459
vn 0.317165311 -0.94837026 -0.000121261928
vn 0.688878004 -0.724831833 0.00811847762
vn -0.169819751 -0.985343633 -0.0160989937
vn 0.557686815 -0.830011705 -0.00812312688
vn 0.505858598 -0.862602474 -0.0049041686
vn -0.059000242 -0.998256438 0.00174783038
vn 0.341772131 -0.939775029 0.00383467007
vn 0.301973116 -0.953304766 -0.00471804575
vn 0.288242505 -0.957526364 0.00771491993
vn 0.355692463 -0.934602885 0.000565221983
vn 0.523898509 -0.851748065 -0.00745564686
vn 0.441548753 -0.897225442 0.00460489806
vn 0.388228451 -0.921556424 0.0035250951
vn 0.367390845 -0.930065974 0.00111859874
vn -0.0804938837 -0.996754336 0.00123619781
vn 0.251453258 -0.967868914 0.00101229808
vn 0.329905502 -0.944011654 0.00208749254
vn 0.236613015 -0.971603757 0.000648173107
vn 0.194240248 -0.980946108 0.00393171802
vn -0.218850058 -0.97575847 -0.00024441886
vn 0.988673938 -0.143941827 -0.0424805292
vn 0.39760561 -0.917552844 -0.0025607064
vn 0.246843002 -0.969038431 0.00574903352
vn 0.82933161 -0.558008726 -0.0289022944
vn 0.839923097 -0.542131573 -0.024950921
vn 0.282841897 -0.9591661 0.000924005142
vn 0.210890908 -0.977503048 -0.00357993132
vn -0.146200197 -0.989254439 -0.00107596245
vn 0.775550301 -0.631279307 0.00285788034
vn 0.270302415 -0.962751904 0.00673609645
vn 0.19905368 -0.979937511 0.010005378
vn 0.225436518 -0.974160144 0.0137981604
vn 0.808935258 -0.587886544 -0.00362767175
vn 0.831688811 -0.555135685 -0.0108670796
vn 0.710908857 -0.70320565 0.0105076017
vn 0.144740968 -0.989448449 -0.00646679214
vn 0.177674671 -0.98405707 0.00796207448
vn 0.0883056736 -0.996033511 0.0109248768
vn 0.891217422 0.453575916 0.000629115575
vn 0.872253595 -0.487381625 -0.0404081437
vn 0.293089432 -0.95607371 0.0046525237
vn 0.335071563 -0.942177105 0.00541753502
vn 0.248570779 -0.968560396 0.0101650132
vn 0.749143176 -0.662089145 0.0205539857
vn -0.027172013 -0.999366584 0.0229807197
vn -0.0919593692 -0.995242156 0.0321951136
vn 0.0128714248 -0.999819401 0.0139818314
vn -0.191942787 -0.869004247 -0.456058753
vn 0.754243393 -0.656590681 0.00236251224
vn -0.35953045 0.918426391 -0.165017634
vn -0.0329225493 0.319033084 -0.947171578
vn 0.4780719 -0.878105152 0.0194576545
vn 0.0416790482 -0.99912615 0.0031294344
vn 0.0929833615 -0.99556522 0.0142823779
vn -0.153674418 0.0343684437 -0.987523662
vn 0.332028787 -0.940680636 -0.069834278
vn -0.469932436 -0.882608962 0.0128423054
vn -0.135310297 -0.936698664 -0.322934569
vn 0.22647223 -0.973998656 0.00607848299
vn 0.14340175 -0.989634155 0.00775735275
vn 0.916645383 -0.398003835 -0.0367993184
vn 0.914345473 -0.401716333 -0.0509543207
vn 0.8950777 -0.444116302 -0.0399577327
vn 0.719497677 -0.694479819 -0.00456882846
vn 0.906385097 -0.422256232 0.0128736679
vn 0.251110758 -0.9679492 0.00421107828
vn -0.0725416605 -0.99727552 0.0133882415
vn 0.977126759 -0.212508819 -0.00795606257
vn 0.781846557 -0.623008188 0.0240158179
vn 0.737066581 -0.675645907 0.0153448404
vn 0.86481106 -0.501537282 0.0237104277
vn 0.904420693 -0.426121091 0.0210719367
vn 0.887126165 -0.461022645 0.0215705234
vn -0.49834458 0.817383228 -0.289028265
vn -0.539740935 0.8260897 -0.162035582
vn -0.441705115 0.876282188 -0.19242172
vn 0.942244257 -0.33491899 -0.00224290322
vn 0.919573018 -0.392919011 -0.000339417601
vn 0.938746463 -0.344563085 0.00559986805
vn 0.374145015 -0.187490206 -0.908219649
vn 0.720151784 -0.693670278 -0.014246186
vn 0.759488494 -0.650341454 -0.0152715568
vn 0.754661558 -0.65585229 -0.0185393293
vn 0.902230712 -0.429965682 -0.0333054657
vn 0.00257975225 -0.130242242 -0.991478847
vn 0.91994442 -0.392013253 0.00527951549
vn -0.611015542 0.791480764 -0.0147718689
vn -0.337653144 0.928564913 -0.154134865
vn 0.184148291 0.720871701 -0.668156716
vn -0.764967601 0.599002896 -0.236685657
vn 0.361041156 -0.314057157 -0.878075957
vn -0.423523122 0.460432051 -0.780147737
vn 0.97860835 -0.205551632 -0.00861535407
vn 0.807054848 -0.352838329 -0.473463394
vn -0.00319206594 0.0878586401 -0.996127838
vn 0.931733385 -0.360210926 -0.0460541878
vn -0.764289766 0.632263508 -0.126901573
vn 0.937451207 -0.344721151 -0.0485032172
vn 0.98650054 -0.16335321 -0.0115071048
vn 0.520065895 -0.854100452 -0.00662446361
vn 0.732003317 -0.680991218 -0.020545181
vn 0.622493879 -0.782571499 -0.00912251951
vn 0.671624702 -0.740828389 -0.00967251757
vn 0.789841282 -0.612951726 -0.0209983252
vn 0.781795809 -0.623019271 -0.0253436642
vn 0.816494186 -0.576547466 -0.0305002254
vn 0.678562768 -0.734518666 0.00590757027
vn 0.964229493 -0.264647389 -0.0149413633
vn 0.974065171 0.226244688 -0.00322229047
vn 0.887137352 -0.461299259 0.013795355
vn 0.855921944 -0.514828644 -0.048467443
vn 0.891943998 -0.452145862 0.000155444294
vn 0.921021161 -0.389227628 0.0148954462
vn 0.737878523 -0.674775161 0.0146207575
vn -0.677345716 -0.0736870783 -0.73196516
vn 0.935633479 -0.352448642 -0.0192340412
vn 0.919528985 -0.392007256 -0.0282268684
vn 0.900231361 -0.434919538 -0.020700056
vn 0.960719368 0.277488781 -0.00427449326
vn 0.97167291 -0.236086604 0.0107177675
vn 0.999712794 0.0206013672 -0.0122439157
vn 0.997854025 0.0627239528 -0.0187896254
vn 0.748227556 -0.663193629 -0.0181585864
vn 0.978197473 -0.206190719 -0.0248010469
vn 0.976950105 -0.209820454 -0.0392921056
vn 0.9745396 -0.222688541 -0.0261224391
vn 0.856189053 -0.513957878 -0.052797772
vn 0.909523271 -0.415131885 -0.0208071546
vn 0.000295722862 0.949619119 -0.313406191
vn 0.974139028 -0.225688026 -0.0108659277
vn 0.971150895 -0.238428341 0.00422682282
vn 0.957746146 -0.287614665 -0.000352840244
vn 0.9265527 -0.374234972 -0.0380562714
vn 0.881540427 -0.471347249 -0.0268001355
vn 0.950239772 -0.311276038 -0.0123127654
vn 0.963700269 -0.26626043 -0.019676742
vn -0.0137030828 -0.26249484 -0.964836092
vn 0.734430539 -0.678632261 0.00836880718
vn 0.91371615 -0.405929562 0.018546912
vn 0.936515911 -0.350204712 0.0171641386
vn 0.960588945 -0.27788252 -0.00708404071
vn 0.958407767 0.28533533 -0.00618884546
vn 0.919088899 -0.393945377 -0.00909041842
vn 0.999051864 -0.0421465322 -0.0109106663
vn 0.861903139 -0.505660108 -0.0378263736
vn 0.893023389 -0.446338636 -0.0573676619
vn 0.876659901 -0.48094715 -0.0125401926
vn 0.948467355 -0.316053401 -0.0228018287
vn 0.681692104 -0.647269137 -0.341084359
vn 0.868416603 -0.494918834 -0.0301322268
vn 0.617615275 -0.786425665 -0.00927611522
vn 0.831686222 -0.55489131 0.0198409109
vn -0.693814315 0.711723435 -0.109870147
vn 0.985987807 0.159355046 -0.0493357192
vn -0.827009946 -0.562158803 -0.00565943697
vn 0.73658801 0.672935115 -0.0677970092
vn -0.778062776 0.478600608 0.406890371
vn -0.463527726 -0.581118539 -0.66891202
vn -0.398056644 -0.916845331 -0.0307497376
vn -0.405924057 -0.849268949 -0.33759134
vn -0.783311393 -0.621617409 -0.00388048593
vn -0.419708647 -0.907656609 0.0020327095
vn -0.839653957 -0.543003208 -0.0113467531
vn -0.882215735 -0.47081658 0.00521013087
vn 0.188509786 -0.90543308 -0.380335376
vn 0.00677922584 -0.851998114 -0.52350096
vn -0.783551827 -0.621315578 -0.00367253741
vn -0.750793597 -0.660526105 -0.00377342474
vn 0.812557615 0.580605336 -0.0514545023
vn -0.422737101 -0.9060708 0.0181397071
vn -0.172906742 -0.984886334 0.0101078388
vn 0.629945394 -0.775225609 -0.0468407429
vn -0.139036836 -0.990236609 0.0100108385
vn -0.365011222 -0.930953924 0.00957074847
vn -0.11449155 -0.033083205 -0.992873198
vn 0.705645162 -0.708381227 0.0161537034
vn 0.00310944285 -0.9999319 -0.0112483774
vn -0.0582896102 -0.998131421 -0.0183299705
vn 0.14175829 -0.989882488 -0.00610297173
vn 0.0148749489 -0.999531162 0.0267617681
vn 0.0150283765 -0.99962133 0.0230508913
vn -0.0144226636 -0.999664094 -0.0215333888
vn 0.0291916892 -0.100049877 -0.994554105
vn -0.231565581 0.772407996 -0.591407871
vn -0.00508993951 -0.999877531 0.0147991905
vn -0.520517521 -0.85384611 0.00288649329
vn -0.345275472 -0.938484021 0.00570888858
vn 0.167868197 -0.985715278 0.0136256845
vn 0.105159903 -0.994339949 0.0151479413
vn 0.200808757 -0.346992663 -0.916117861
vn 0.0105272053 -0.999871889 0.0120574705
vn 0.174222495 -0.98461682 0.0132755262
vn 0.0644655816 -0.997576347 0.0261843615
vn -0.0364340762 -0.999295877 0.00896150931
vn 0.581255237 -0.81370443 -0.00523920622
vn 0.635203563 -0.772315823 -0.00668608043
vn 0.213537984 -0.976903022 0.00787493566
vn 0.215834123 -0.97638663 0.00920756853
vn 0.535847756 -0.844253054 0.0101962252
vn 0.146377688 -0.989108664 0.0154150482
vn 0.203911642 -0.978974455 -0.00539066904
vn 0.0505194171 -0.998718702 0.00295679202
vn 0.00879256934 -0.999954322 -0.00374751736
vn -0.273628022 -0.961834153 -0.00166340006
vn -0.118886335 -0.992907839 -0.000249735391
vn 0.858024252 -0.513278104 -0.0184383234
vn -0.145046935 -0.989399211 -0.00711256938
vn 0.0267611589 -0.999626205 0.00559379258
vn -0.163719602 -0.986479183 -0.0073968842
vn -0.604988897 -0.796139667 -0.0122500853
vn 0.672708736 -0.739759583 -0.014789051
vn -0.501797106 -0.864968546 0.00539242639
vn 0.412690022 -0.910859864 0.00461013947
vn 0.482913384 -0.849012646 -0.214411266
vn -0.0867845705 -0.996189113 -0.00869997444
vn 0.22075907 -0.975327554 0.00126281589
vn 0.0126249125 -0.999876683 -0.00933971475
vn 0.0231157941 -0.98568509 -0.167004679
vn -0.8921687 -0.447539508 -0.0611833276
vn -0.729190728 -0.684236332 -0.0100758761
vn -0.810846803 -0.554503427 -0.187225564
vn -0.954806957 -0.297225945 0.000642546777
vn -0.813728663 -0.581161985 -0.00981888201
vn -0.819794151 -0.572322322 -0.0196140038
vn -0.776749287 -0.629543236 -0.0183264663
vn -0.772367859 -0.63394337 -0.0395435731
vn -0.952638199 -0.304079665 0.00400225652
vn -0.826831896 -0.562071747 0.0206001571
vn -0.0416907031 -0.845454287 -0.532418006
vn -0.74505943 -0.664445729 -0.0582951008
vn -0.781629189 -0.620746844 -0.061066901
vn -0.815104087 -0.576670378 -0.0552865443
vn -0.805619871 -0.587180245 -0.0787145618
vn -0.828890944 -0.559302246 -0.0109909434
vn -0.777965693 -0.62820746 -0.0111699318
vn -0.58937415 -0.807792631 -0.0104487386
vn -0.426184526 -0.904635936 -0.000757208549
vn -0.56228354 -0.826929824 0.00492811313
vn -0.482317361 -0.87597124 0.00665956027
vn -0.432966269 -0.901407578 0.00214187986
vn 0.197500045 -0.910661089 0.362891325
vn 0.00164442136 -0.999988364 -0.00453524786
vn 0.00562691641 -0.999979369 -0.00309835821
vn -0.292984177 -0.956116688 0.00107318947
vn -0.955351362 0.292543691 0.0414965611
vn -0.972157546 0.232554977 0.0287730388
vn -0.949384325 0.313742907 0.0153229281
vn -0.796361904 0.600888007 0.0688572452
vn 0.182575243 -0.983183619 -0.00403130877
vn 0.251287751 -0.96790057 -0.00479093998
vn 0.420374023 -0.90733967 0.00451714808
vn -0.254267441 -0.966889366 -0.0217490559
vn 0.0403767231 -0.99849602 -0.0370866282
vn 0.265965667 -0.963947297 0.00823852803
vn -0.492066044 0.817824806 -0.298384978
vn -0.290824265 -0.956694636 -0.0125148297
vn -0.845765973 -0.533373846 -0.0138657681
vn 0.00792592876 0.00602116609 0.999950461
vn -0.623936711 -0.69695748 0.353487271
vn -0.538782546 -0.842443591 -0.00147123503
vn -0.308671926 0.022813674 0.950894936
vn -0.380835228 -0.731859552 0.565107181
vn -0.00159222943 0.0016310816 0.999997402
vn 0.0347661201 0.00075069242 0.999395194
vn -0.935355278 -0.352426549 0.0301003638
vn -0.81446281 -0.578084357 0.0496870954
vn -0.711636976 -0.26229764 0.651745934
vn 0.00612929205 -0.999977094 -0.00287127147
vn 0.000735747607 -0.994879609 -0.101064445
vn -0.852864424 -0.518841221 0.058532573
vn -0.845391699 -0.527040439 0.0868403743
vn -0.885702821 -0.462611412 0.0390024944
vn -0.770146229 -0.636949595 0.0342052505
vn -0.0107712932 -0.891403662 0.453082212
vn -0.987379825 0.157313826 0.0182603832
vn -0.985233374 0.167045845 0.03756173
vn -0.969118344 0.239549931 0.0585274818
vn -0.990739577 0.128160555 0.044832605
vn -0.974055148 0.221232067 0.0476753714
vn -0.0577827464 -0.433552059 0.899274022
vn -0.998379289 0.0418267557 0.0385916735
vn -0.98627354 0.162929975 0.0268016173
vn -0.985490072 0.168449159 0.0208374377
vn -0.990193473 -0.137412912 0.0251908051
vn -0.0108880114 0.000249388467 0.999940693
vn -0.257570831 0.96351992 -0.0727092173
vn -0.227176193 0.971693009 -0.0648357431
vn -0.00261280145 0.0033396341 0.99999101
vn -0.000625863652 0.000620658449 0.999999612
vn -0.00136479473 0.00272987014 0.999995343
vn -0.979171567 -0.202848261 -0.00869623053
vn -0.809966048 0.584342112 0.0499929824
vn -0.360257119 -0.0170430461 0.932697348
vn -0.380623842 0.270859737 0.884172208
vn 0.922092725 0.386968946 0.000202514345
vn -0.591950167 0.800482822 0.0939268435
vn 0.0344143429 0.995344484 -0.0900278368
vn 0.567532119 0.822534487 -0.0366648523
vn 0.798381348 0.599695039 -0.054342286
vn -0.859608688 0.510533125 -0.0207082394
vn 0.073992693 -0.976112305 -0.20427885
vn 0.865242947 0.500706192 -0.0254548872
vn -0.979180025 0.202246181 0.0174057543
vn -0.0103192954 -0.380448606 0.924744489
vn -0.868251898 -0.0569400247 0.492845285
vn -0.384812351 0.922371765 0.0339084336
vn -0.219146826 0.972050271 0.0842195923
vn -0.109789476 -0.927268754 0.357937047
vn -0.0908066337 0.640228376 -0.762798651
vn -0.887244867 -0.461297128 0.00122719356
vn -0.767883711 0.631536614 -0.107313143
vn 0.00655024417 -0.794829329 -0.606797686
vn -0.930373518 -0.365863117 -0.0234370838
vn -0.852412769 -0.522862181 -0.00275893645
vn 0.0217715354 -0.739157669 -0.673180467
vn -0.00119109589 -0.999190955 0.0401997082
vn -0.0097032396 -0.986148673 -0.165579716
vn -0.00541301195 -0.999697167 0.0240057008
vn -0.0325907524 -0.789334553 0.613097713
vn -0.0527477242 -0.949893389 0.308091263
vn 0.00375526529 -0.862990967 0.505205393
vn -0.922970495 -0.38390074 0.0273072683
vn 0.837398536 -0.522999663 -0.158855418
vn -0.955041648 -0.296088191 0.0150742746
vn 0.953260629 -0.253852925 -0.163868442
vn 0.844688772 -0.524604732 -0.106257953
vn -0.183426106 -0.97668367 -0.111552107
vn -0.931213941 -0.31088423 -0.190240877
vn -0.929574584 -0.306489457 -0.204829945
vn -0.057119959 -0.98166301 -0.18186546
vn -0.876378196 -0.0353719006 -0.480322897
vn -0.826888417 -0.561634171 -0.0286810645
vn -0.282400298 -0.257643925 -0.924050691
vn 0.984076109 -0.0886325291 -0.15407299
vn -0.663539555 0.72206915 -0.19578407
vn -0.633050625 0.762389782 -0.134196596
vn 0.988192131 -0.00971339569 -0.152911618
vn 0.980440346 -0.147813894 -0.129952992
vn 0.986312239 -0.0844395115 -0.141626751
vn -0.151919263 -0.955602606 -0.252476133
vn -0.251799046 -0.947834914 -0.195464105
vn 0.963325642 0.268334537 -0.000533240069
vn -0.430530886 0.88795171 -0.161817543
vn -0.0264846427 -0.991751575 -0.125408838
vn 0.826277809 -0.55299787 -0.10704363
vn -0.297867742 0.954125068 -0.0303341857
vn -0.0951222543 -0.987165335 -0.128282341
vn -0.570773398 0.819412169 0.0527392157
vn 0.213620996 0.969791352 -0.117774375
vn -0.362874818 0.92728713 0.0919806814
vn -0.392136783 0.91688209 0.0745384207
vn -0.262643404 0.964207652 0.0363599644
vn 0.33794089 -0.935771455 -0.100636668
vn -0.267566892 -0.959621769 -0.0867987231
vn -0.210549839 -0.961723745 -0.175374467
vn -0.423029028 -0.893178524 -0.15257315
vn -0.159723701 -0.972840317 -0.167541209
vn 0.976831768 -0.211746675 -0.03103292
vn 0.956504489 -0.268115422 -0.114949045
vn 0.847006505 0.526139215 -0.0758782334
vn 0.824564476 0.565697921 0.00890429979
vn -0.0929779357 -0.97905975 -0.181099723
vn -0.779372674 -0.625633861 -0.0340662175
vn -0.570743929 -0.819595468 -0.0501461445
vn 0.921252046 0.387569807 -0.0329289059
vn 0.663842959 0.747549113 -0.021973844
vn 0.673760663 0.664320247 -0.3236127
vn 0.699954452 0.708883096 -0.0868822287
vn 0.821438043 -0.569812794 0.0235142815
vn 0.778315205 -0.62755702 0.0199406174
vn 0.823801388 -0.566333706 0.0248476808
vn 0.846367802 0.53244108 -0.0129630335
vn 0.817113562 0.576445812 0.00597095211
vn 0.769570063 0.638430948 0.0129554364
vn -0.526546463 -0.849114075 -0.0418821062
vn -0.590906211 -0.806571841 -0.0164837855
vn -0.657352075 -0.753514598 -0.0101980195
vn -0.678263466 -0.734742823 -0.0105666625
vn 0.942975744 0.332850787 0.00266458472
vn -0.561313146 -0.827413016 -0.0177553675
vn -0.473237326 -0.880411175 -0.030374253
vn 0.492078158 0.870538418 0.00468508347
vn -0.618062951 -0.786078729 -0.00885547171
vn -0.663407237 -0.74820214 -0.00918673538
vn -0.762261938 -0.647193855 -0.0098413304
vn -0.740234036 -0.672346077 -0.00207965172
vn -0.820075386 -0.571407661 0.0311391343
vn 0.713767234 0.700344333 0.00735874687
vn 0.587459513 0.809163925 0.0120442207
vn 0.683116877 0.730274422 0.00711340856
vn 0.649165873 0.760629706 -0.00511069559
vn 0.662615717 0.748858062 0.0123294125
vn -0.60896281 -0.782762285 -0.128247812
vn -0.235801075 -0.970294016 -0.0541052285
vn -0.679719871 -0.731237334 -0.0572089002
vn 0.800399594 0.598229258 -0.0384999279
vn 0.714659154 0.699400673 0.0100495024
vn -0.693077422 -0.720837778 -0.00604862195
vn 0.985038661 -0.172277256 0.00440268834
vn 0.920096212 0.39168795 -0.00187355027
vn 0.742559599 -0.118869827 -0.659147332
vn -0.862771938 -0.422756829 -0.277310742
vn 0.857302433 -0.514582721 0.0154000353
vn 0.862726537 -0.451376827 -0.227951492
vn 0.908470916 -0.196935096 -0.368642322
vn 0.948992407 -0.310506794 -0.0547626059
vn -0.721698648 -0.692179486 -0.00621457415
vn -0.775989435 -0.630740918 -0.00250817605
vn -0.861753421 -0.504896919 0.0495998246
vn -0.324739679 0.202534189 -0.92386365
vn -0.84576244 0.512261025 -0.149246568
vn 0.0539592815 0.158380195 -0.985902688
vn -0.886758263 -0.461826784 0.0193856867
vn 0.0872853116 -0.0986158673 -0.991290162
vn 0.499254559 0.517933672 -0.694614711
vn 0.979013166 0.201990648 -0.0270739459
vn 0.0070971958 0.604721847 0.796405122
vn -0.35073244 0.886427125 -0.302049181
vn 0.162687011 -0.588744523 -0.791778266
vn 0.78804225 0.0148303868 -0.615442501
vn 0.956478975 0.289826348 -0.0338918619
vn 0.936967116 0.34902525 -0.0165528816
vn 0.343491183 0.931164762 -0.122253806
vn 0.891591066 0.446616894 -0.074824594
vn 0.952731367 0.303190506 -0.0194540297
vn 0.699999787 0.712737403 -0.0447849595
vn -0.010021117 0.977646114 -0.210018222
vn -0.0105313522 0.999727433 -0.0208362745
vn -0.0175131874 0.997859709 -0.0630023006
vn 0.962189541 -0.27170188 0.0192191695
vn 0.0407052182 0.863154394 0.503296708
vn -0.000743678212 -0.24584736 0.96930827
vn 0.993757375 -0.10378731 0.0409203377
vn -0.000257084211 0.56903054 0.82231635
vn 0.0133485713 0.415568985 0.909463707
vn -0.0130414106 0.490086354 0.871576323
vn 0.431155216 0.900520532 -0.0562845578
vn 0.0133932157 0.749255566 0.662145542
vn 0.00804333979 0.710661373 0.70348825
vn 0.931299963 0.364228342 0.00425374822
vn 0.966198674 0.257793405 0.00163765825
vn 0.00430453222 0.00196137926 0.999988812
vn 0.24914878 0.960371512 -0.124945767
vn 0.0022537514 0.00466456905 0.999986581
vn 0.772896962 0.52500697 0.356367743
vn 0.399143431 0.361961724 0.842418086
vn -0.0173977298 -0.00370446072 0.999841785
vn -0.0358638999 -0.0172862225 0.999207169
vn -0.00251531442 -0.000603516929 0.999996654
vn -0.0213064638 -0.00845804385 0.999737214
vn 0.320410428 0.109333382 0.940948123
vn 0.999735239 -0.0228023597 0.00308281436
vn 0.999852672 0.0170572401 0.00191955497
vn 0.999438393 0.0332728108 0.00397738438
vn -0.0268411018 -0.0144001241 0.999535988
vn -0.0322085234 -0.0144870511 0.999376174
vn 0.013910165 -0.00554981833 0.999887847
vn 0.0042528017 -0.00291562549 0.999986706
vn 0.983233832 0.182315976 -0.00348086415
vn 0.991302321 -0.12220718 0.0488376292
vn 0.984952563 -0.144905441 0.0941852532
vn 0.949920186 -0.306912334 0.0587916522
vn 0.92298729 -0.0657156759 -0.379177942
vn 0.00020530561 -0.277516497 0.96072085
vn 0.5796053 0.170963475 0.796761687
vn 0.720365397 0.618786577 0.313331881
vn 0.000999090648 -0.740152943 0.67243782
vn -0.0172229757 -0.718179192 -0.695645037
vn 0.00710127724 -0.982351831 0.186907601
vn 0.0219811382 -0.999515301 0.0220452421
vn 0.0110756838 -0.999856954 -0.0127828016
vn 0.776607976 -0.629974699 -0.00345406861
vn 0.751892389 -0.659241931 0.00760995078
vn 0.687752467 -0.725926831 0.00517495249
vn 0.019089762 -0.707265946 0.706689792
vn 0.00907392171 -0.913092174 0.407652237
vn 0.972093135 -0.222605503 0.0740386814
vn 0.957199369 -0.284988394 0.0505072648
vn 0.866037642 -0.499973456 -0.0023122341
vn 0.945481455 -0.322819904 0.0430363581
vn 0.721325728 -0.690715958 -0.0509966639
vn 0.860711341 -0.508541968 0.02368659
vn 0.868518142 -0.495255035 0.0199671545
vn 0.969527767 -0.239850801 0.0498748675
vn 0.806677765 -0.590987121 -0.00228172994
vn 0.858279622 -0.513164957 -0.00422112776
vn 0.8935767 -0.448908139 -0.00147109769
vn 0.827793469 -0.561028117 0.00232923557
vn 0.917660633 -0.39735394 0.00296802365
vn 0.00482678683 -0.00485238402 0.999976578
vn 0.0057554466 -0.00645444989 0.999962607
vn 0.274908394 -0.893659714 0.354679702
vn 0.641934238 -0.766586483 -0.0162971773
vn 0.64656224 -0.76286122 -0.000172179498
vn 0.960250167 -0.277008506 -0.0344369548
vn 0.958254796 -0.285903969 -0.0025818023
vn 0.978880545 -0.204171338 -0.0103413493
vn 0.00278143707 -0.00612581389 0.999977369
vn 0.15582848 -0.208600442 0.965506779
vn 0.535223887 -0.844417568 -0.0222342427
vn 0.556402233 -0.830642124 -0.021218303
vn 0.640096412 -0.768248162 -0.00844660764
vn 0.676694689 -0.736259826 -0.0024011563
vn 0.663481617 -0.74819175 -0.00111766347
vn 0.00154263441 -0.00330488367 0.999993349
vn 0.442693072 -0.896655932 0.00556632679
vn 0.409006485 -0.912528173 -0.00245537727
vn 0.516826875 -0.856070694 0.00574013916
vn 0.646663405 -0.76257784 -0.01736312
vn 0.672415053 -0.740013257 -0.0154394082
vn 0.639675748 -0.768588705 -0.00929194495
vn 0.771916589 -0.633568081 -0.0523093305
vn 0.81173411 -0.58402197 0.00246433901
vn 0.792496096 -0.609876905 -0.00031454268
vn 0.381933976 -0.92418766 0.0018993704
vn 0.385591124 -0.922662317 0.0037058098
vn 0.712384635 -0.701516232 -0.019573167
vn 0.80641957 -0.590161896 -0.0373686186
vn 0.6955343 -0.704983633 0.138672689
vn 0.952301525 -0.303352318 -0.0331538461
vn 0.981643288 -0.186691341 -0.039023047
vn 0.977198737 -0.210470811 0.0280119008
vn 0.757898468 -0.65233794 -0.00671750216
vn -0.643787851 0.735871891 -0.209832702
vn 0.209190549 -0.977615757 -0.0225110245
vn 0.391482428 -0.920185278 -0.0007501391
vn 0.661990034 -0.749036757 -0.0267045235
vn 0.624306747 -0.781122934 -0.0093833609
vn 0.251370355 -0.967889461 -0.00171316646
vn 0.497987522 -0.867183495 -0.00110213811
vn -0.147596546 0.932519465 -0.329579592
vn 0.266212765 -0.963910109 0.00283983038
vn 0.321424394 -0.946928892 0.00346880149
vn 0.299905396 -0.953947257 0.0064331422
vn -0.83754717 0.539891621 -0.0838556839
vn 0.819091986 -0.573600819 0.00839159467
vn 0.782304431 -0.622874778 -0.00517574343
vn 0.645939223 -0.667644072 -0.370153906
vn 0.760026761 -0.645886234 -0.0720437064
vn 0.694608659 -0.719313032 -0.0103717173
vn 0.0688572711 0.0458364905 -0.996572974
vn 0.877838987 -0.465081594 -0.114445719
vn 0.982040576 -0.183434082 -0.0441389156
vn 0.96835321 -0.24526253 -0.0462423246
vn 0.879697304 -0.470695738 -0.0676622214
vn 0.888180807 -0.459077964 0.0195518763
vn 0.856242306 -0.516154118 0.020833633
vn 0.794144329 -0.607631528 0.0108954415
vn 0.0315215394 0.997230176 0.0673674205
vn 0.686899944 0.720104438 -0.098071739
f 1//1 2//2 3//3
f 4//4 5//5 6//6
f 9//9 8//8 7//7
f 10//10 11//11 12//12
f 13//13 14//14 15//15
f 18//18 17//17 16//16
f 19//19 20//20 21//21
f 22//22 23//23 24//24
f 25//25 26//26 27//27
f 11//11 10//10 28//28
f 29//29 30//30 22//22
f 31//31 32//32 33//33
f 36//36 35//35 34//34
f 37//37 38//38 39//39
f 42//42 41//41 40//40
f 43//43 44//44 45//45
f 46//46 47//47 48//48
f 51//51 50//50 49//49
f 52//52 53//53 54//54
f 57//57 56//56 55//55
f 60//60 59//59 58//58
f 61//61 62//62 63//63
f 64//64 65//65 66//66
f 69//69 68//68 67//67
f 72//72 71//71 70//70
f 73//73 74//74 75//75
f 78//78 77//77 76//76
f 79//79 80//80 81//81
f 82//82 83//83 84//84
f 85//85 86//86 87//87
f 90//90 89//89 88//88
f 92//92 91//91 69//69
f 95//95 94//94 93//93
f 64//64 66//66 96//96
f 97//97 98//98 99//99
f 100//100 101//101 102//102
f 104//104 101//101 103//103
f 107//107 106//106 105//105
f 110//110 109//109 108//108
f 111//111 112//112 113//113
f 103//103 101//101 100//100
f 100//100 114//114 103//103
f 117//117 116//116 115//115
f 120//120 119//119 118//118
f 121//121 122//122 123//123
f 126//126 125//125 124//124
f 127//127 128//128 49//49
f 129//129 130//130 131//131
f 132//132 133//133 134//134
f 135//135 136//136 137//137
f 121//121 139//139 138//138
f 140//140 141//141 142//142
f 127//127 49//49 143//143
f 144//144 145//145 146//146
f 72//72 148//148 147//147
f 104//104 103//103 149//149
f 150//150 151//151 152//152
f 114//114 149//149 103//103
f 155//155 154//154 153//153
f 156//156 157//157 158//158
f 159//159 160//160 161//161
f 162//162 152//152 151//151
f 165//165 164//164 163//163
f 168//168 167//167 166//166
f 121//121 169//169 122//122
f 170//170 171//171 172//172
f 173//173 174//174 175//175
f 176//176 75//75 74//74
f 179//179 178//178 177//177
f 134//134 133//133 180//180
f 54//54 181//181 182//182
f 183//183 184//184 185//185
f 67//67 186//186 187//187
f 164//164 165//165 188//188
f 189//189 190//190 191//191
f 194//194 193//193 192//192
f 195//195 196//196 197//197
f 200//200 199//199 198//198
f 29//29 201//201 202//202
f 203//203 204//204 205//205
f 208//208 207//207 206//206
f 209//209 210//210 211//211
f 212//212 213//213 214//214
f 215//215 216//216 217//217
f 220//220 219//219 218//218
f 221//221 222//222 223//223
f 224//224 225//225 226//226
f 227//227 27//27 26//26
f 228//228 52//52 54//54
f 230//230 31//31 229//229
f 233//233 232//232 231//231
f 234//234 235//235 236//236
f 237//237 189//189 191//191
f 239//239 238//238 208//208
f 240//240 241//241 242//242
f 243//243 154//154 155//155
f 245//245 244//244 147//147
f 248//248 247//247 246//246
f 185//185 184//184 249//249
f 174//174 173//173 250//250
f 95//95 251//251 94//94
f 252//252 42//42 253//253
f 254//254 62//62 61//61
f 255//255 256//256 257//257
f 258//258 259//259 260//260
f 263//263 262//262 261//261
f 266//266 265//265 264//264
f 268//268 206//206 267//267
f 271//271 270//270 269//269
f 170//170 272//272 273//273
f 274//274 275//275 276//276
f 277//277 257//257 43//43
f 202//202 215//215 217//217
f 278//278 279//279 280//280
f 283//283 282//282 281//281
f 284//284 285//285 286//286
f 289//289 288//288 287//287
f 290//290 291//291 292//292
f 295//295 294//294 293//293
f 296//296 297//297 298//298
f 301//301 300//300 299//299
f 302//302 303//303 304//304
f 307//307 306//306 305//305
f 25//25 93//93 26//26
f 308//308 309//309 310//310
f 311//311 112//112 111//111
f 314//314 313//313 312//312
f 298//298 316//316 315//315
f 317//317 318//318 319//319
f 320//320 321//321 322//322
f 323//323 324//324 325//325
f 328//328 327//327 326//326
f 331//331 330//330 329//329
f 334//334 333//333 332//332
f 335//335 336//336 337//337
f 338//338 294//294 295//295
f 340//340 321//321 339//339
f 343//343 342//342 341//341
f 37//37 344//344 22//22
f 347//347 346//346 345//345
f 350//350 349//349 348//348
f 353//353 352//352 351//351
f 356//356 355//355 354//354
f 358//358 357//357 343//343
f 325//325 309//309 359//359
f 362//362 361//361 360//360
f 363//363 364//364 365//365
f 368//368 367//367 366//366
f 369//369 370//370 371//371
f 374//374 373//373 372//372
f 377//377 376//376 375//375
f 380//380 379//379 378//378
f 382//382 381//381 369//369
f 383//383 384//384 385//385
f 386//386 387//387 388//388
f 389//389 390//390 391//391
f 392//392 327//327 393//393
f 128//128 394//394 232//232
f 232//232 394//394 231//231
f 397//397 396//396 395//395
f 398//398 399//399 400//400
f 401//401 402//402 403//403
f 404//404 405//405 406//406
f 408//408 353//353 407//407
f 409//409 111//111 410//410
f 411//411 350//350 348//348
f 414//414 413//413 412//412
f 415//415 416//416 417//417
f 420//420 419//419 418//418
f 423//423 422//422 421//421
f 424//424 425//425 426//426
f 429//429 428//428 427//427
f 430//430 431//431 432//432
f 435//435 434//434 433//433
f 436//436 437//437 438//438
f 150//150 440//440 439//439
f 441//441 18//18 16//16
f 424//424 426//426 442//442
f 443//443 444//444 445//445
f 446//446 445//445 444//444
f 375//375 448//448 447//447
f 451//451 450//450 449//449
f 454//454 453//453 452//452
f 455//455 456//456 457//457
f 458//458 459//459 460//460
f 461//461 462//462 463//463
f 461//461 463//463 464//464
f 465//465 355//355 356//356
f 466//466 467//467 468//468
f 471//471 470//470 469//469
f 474//474 473//473 472//472
f 475//475 476//476 477//477
f 480//480 479//479 478//478
f 481//481 480//480 478//478
f 85//85 482//482 86//86
f 483//483 482//482 85//85
f 484//484 485//485 486//486
f 487//487 142//142 141//141
f 490//490 489//489 488//488
f 493//493 492//492 491//491
f 161//161 160//160 494//494
f 497//497 496//496 495//495
f 474//474 472//472 498//498
f 501//501 500//500 499//499
f 395//395 396//396 502//502
f 505//505 504//504 503//503
f 504//504 505//505 506//506
f 508//508 16//16 507//507
f 509//509 476//476 510//510
f 511//511 512//512 513//513
f 514//514 515//515 516//516
f 517//517 518//518 519//519
f 479//479 520//520 521//521
f 466//466 475//475 522//522
f 525//525 524//524 523//523
f 528//528 527//527 526//526
f 529//529 60//60 406//406
f 530//530 356//356 354//354
f 531//531 532//532 533//533
f 536//536 535//535 534//534
f 537//537 538//538 539//539
f 542//542 541//541 540//540
f 543//543 544//544 545//545
f 546//546 547//547 548//548
f 549//549 550//550 551//551
f 554//554 553//553 552//552
f 301//301 299//299 555//555
f 556//556 557//557 558//558
f 558//558 559//559 556//556
f 561//561 560//560 335//335
f 564//564 563//563 562//562
f 565//565 566//566 567//567
f 570//570 569//569 568//568
f 572//572 571//571 39//39
f 39//39 571//571 573//573
f 574//574 575//575 576//576
f 579//579 578//578 577//577
f 580//580 581//581 36//36
f 582//582 281//281 282//282
f 583//583 584//584 585//585
f 55//55 56//56 37//37
f 386//386 586//586 387//387
f 588//588 587//587 44//44
f 589//589 28//28 37//37
f 592//592 591//591 590//590
f 545//545 544//544 593//593
f 593//593 594//594 545//545
f 595//595 596//596 597//597
f 600//600 599//599 598//598
f 601//601 314//314 303//303
f 602//602 603//603 604//604
f 44//44 587//587 45//45
f 605//605 291//291 290//290
f 606//606 607//607 608//608
f 609//609 575//575 63//63
f 612//612 611//611 610//610
f 613//613 614//614 615//615
f 616//616 617//617 618//618
f 619//619 587//587 562//562
f 622//622 621//621 620//620
f 56//56 623//623 37//37
f 624//624 569//569 570//570
f 326//326 626//626 625//625
f 549//549 627//627 628//628
f 629//629 628//628 627//627
f 631//631 45//45 630//630
f 632//632 633//633 634//634
f 263//263 635//635 262//262
f 239//239 208//208 206//206
f 206//206 636//636 637//637
f 638//638 639//639 27//27
f 128//128 232//232 49//49
f 49//49 232//232 51//51
f 208//208 238//238 251//251
f 636//636 640//640 637//637
f 297//297 296//296 284//284
f 641//641 251//251 95//95
f 344//344 623//623 642//642
f 588//588 44//44 57//57
f 564//564 588//588 57//57
f 50//50 643//643 644//644
f 562//562 588//588 564//564
f 647//647 646//646 645//645
f 648//648 647//647 645//645
f 576//576 649//649 574//574
f 650//650 277//277 631//631
f 653//653 652//652 651//651
f 643//643 654//654 644//644
f 657//657 656//656 655//655
f 95//95 658//658 641//641
f 650//650 631//631 659//659
f 267//267 650//650 659//659
f 662//662 661//661 660//660
f 663//663 651//651 664//664
f 652//652 13//13 665//665
f 45//45 631//631 277//277
f 667//667 666//666 65//65
f 640//640 669//669 668//668
f 23//23 65//65 666//666
f 630//630 587//587 619//619
f 670//670 12//12 11//11
f 670//670 671//671 672//672
f 277//277 43//43 45//45
f 647//647 64//64 646//646
f 23//23 344//344 642//642
f 127//127 143//143 673//673
f 674//674 307//307 305//305
f 667//667 65//65 64//64
f 310//310 675//675 308//308
f 571//571 577//577 578//578
f 28//28 38//38 37//37
f 678//678 677//677 676//676
f 1//1 219//219 220//220
f 251//251 238//238 94//94
f 62//62 254//254 238//238
f 638//638 27//27 227//227
f 92//92 679//679 91//91
f 680//680 681//681 649//649
f 39//39 682//682 572//572
f 254//254 26//26 93//93
f 685//685 684//684 683//683
f 688//688 687//687 686//686
f 638//638 227//227 237//237
f 689//689 620//620 690//690
f 573//573 691//691 598//598
f 573//573 692//692 39//39
f 680//680 301//301 555//555
f 693//693 694//694 695//695
f 22//22 344//344 23//23
f 696//696 697//697 698//698
f 699//699 190//190 189//189
f 702//702 701//701 700//700
f 239//239 206//206 268//268
f 703//703 239//239 268//268
f 704//704 705//705 706//706
f 20//20 19//19 82//82
f 238//238 707//707 62//62
f 63//63 575//575 574//574
f 710//710 709//709 708//708
f 695//695 190//190 699//699
f 712//712 711//711 298//298
f 715//715 714//714 713//713
f 716//716 717//717 718//718
f 719//719 720//720 721//721
f 704//704 706//706 717//717
f 574//574 695//695 722//722
f 723//723 82//82 19//19
f 721//721 579//579 719//719
f 682//682 577//577 572//572
f 38//38 577//577 682//682
f 579//579 21//21 578//578
f 724//724 725//725 77//77
f 578//578 21//21 20//20
f 20//20 571//571 578//578
f 316//316 298//298 726//726
f 727//727 586//586 386//386
f 730//730 729//729 728//728
f 704//704 731//731 685//685
f 705//705 704//704 685//685
f 717//717 714//714 704//704
f 732//732 733//733 734//734
f 714//714 717//717 716//716
f 737//737 736//736 735//735
f 600//600 717//717 705//705
f 555//555 681//681 680//680
f 738//738 681//681 555//555
f 320//320 322//322 739//739
f 714//714 715//715 704//704
f 697//697 741//741 740//740
f 239//239 707//707 238//238
f 742//742 648//648 645//645
f 745//745 744//744 743//743
f 746//746 747//747 281//281
f 737//737 735//735 748//748
f 737//737 748//748 749//749
f 260//260 724//724 258//258
f 752//752 751//751 750//750
f 755//755 754//754 753//753
f 674//674 756//756 307//307
f 758//758 757//757 144//144
f 274//274 759//759 260//260
f 760//760 485//485 484//484
f 761//761 762//762 763//763
f 765//765 90//90 764//764
f 768//768 767//767 766//766
f 768//768 769//769 767//767
f 770//770 771//771 736//736
f 42//42 40//40 772//772
f 773//773 275//275 260//260
f 776//776 775//775 774//774
f 777//777 775//775 776//776
f 721//721 21//21 579//579
f 748//748 779//779 778//778
f 780//780 781//781 782//782
f 748//748 778//778 749//749
f 783//783 784//784 785//785
f 785//785 786//786 783//783
f 786//786 787//787 78//78
f 789//789 788//788 696//696
f 782//782 781//781 790//790
f 793//793 792//792 791//791
f 794//794 620//620 689//689
f 24//24 795//795 22//22
f 690//690 620//620 796//796
f 798//798 773//773 797//797
f 275//275 773//773 798//798
f 275//275 274//274 260//260
f 799//799 782//782 689//689
f 802//802 801//801 800//800
f 67//67 803//803 186//186
f 806//806 805//805 804//804
f 583//583 664//664 646//646
f 237//237 191//191 807//807
f 808//808 809//809 224//224
f 232//232 233//233 51//51
f 730//730 728//728 810//810
f 813//813 812//812 811//811
f 815//815 814//814 276//276
f 816//816 224//224 817//817
f 233//233 171//171 51//51
f 818//818 819//819 820//820
f 730//730 792//792 729//729
f 823//823 822//822 821//821
f 14//14 273//273 15//15
f 825//825 824//824 290//290
f 57//57 44//44 826//826
f 394//394 827//827 791//791
f 226//226 817//817 224//224
f 75//75 176//176 828//828
f 829//829 830//830 831//831
f 621//621 796//796 620//620
f 793//793 794//794 729//729
f 815//815 798//798 832//832
f 833//833 834//834 835//835
f 40//40 836//836 809//809
f 837//837 838//838 839//839
f 840//840 841//841 248//248
f 842//842 133//133 132//132
f 844//844 843//843 634//634
f 672//672 846//846 845//845
f 225//225 836//836 847//847
f 850//850 849//849 848//848
f 851//851 852//852 853//853
f 854//854 852//852 837//837
f 855//855 847//847 853//853
f 225//225 847//847 855//855
f 127//127 673//673 25//25
f 263//263 825//825 856//856
f 857//857 858//858 859//859
f 233//233 231//231 860//860
f 861//861 862//862 863//863
f 864//864 814//814 865//865
f 763//763 762//762 818//818
f 868//868 867//867 866//866
f 259//259 773//773 260//260
f 40//40 819//819 772//772
f 869//869 499//499 500//500
f 870//870 871//871 855//855
f 872//872 134//134 180//180
f 873//873 828//828 176//176
f 252//252 253//253 874//874
f 874//874 875//875 252//252
f 876//876 796//796 777//777
f 729//729 877//877 728//728
f 864//864 877//877 790//790
f 877//877 878//878 728//728
f 763//763 864//864 865//865
f 865//865 761//761 763//763
f 864//864 763//763 877//877
f 860//860 231//231 879//879
f 879//879 231//231 792//792
f 180//180 880//880 874//874
f 780//780 782//782 799//799
f 276//276 780//780 881//881
f 881//881 274//274 276//276
f 793//793 729//729 792//792
f 796//796 876//876 690//690
f 882//882 773//773 259//259
f 884//884 883//883 252//252
f 252//252 883//883 42//42
f 41//41 885//885 851//851
f 772//772 886//886 253//253
f 772//772 253//253 42//42
f 874//874 253//253 887//887
f 882//882 797//797 773//773
f 890//890 889//889 888//888
f 844//844 891//891 843//843
f 893//893 892//892 822//822
f 781//781 814//814 864//864
f 780//780 814//814 781//781
f 894//894 832//832 798//798
f 798//798 797//797 894//894
f 895//895 837//837 852//852
f 758//758 144//144 896//896
f 899//899 898//898 897//897
f 900//900 757//757 758//758
f 900//900 758//758 891//891
f 72//72 147//147 901//901
f 72//72 901//901 902//902
f 905//905 904//904 903//903
f 906//906 907//907 908//908
f 909//909 365//365 9//9
f 912//912 911//911 910//910
f 914//914 913//913 97//97
f 913//913 914//914 144//144
f 144//144 914//914 145//145
f 632//632 915//915 916//916
f 917//917 918//918 52//52
f 921//921 920//920 919//919
f 924//924 923//923 922//922
f 927//927 926//926 925//925
f 771//771 770//770 928//928
f 927//927 925//925 294//294
f 931//931 930//930 929//929
f 932//932 500//500 501//501
f 914//914 933//933 145//145
f 99//99 933//933 914//914
f 891//891 934//934 900//900
f 935//935 936//936 937//937
f 940//940 939//939 938//938
f 941//941 942//942 943//943
f 946//946 945//945 944//944
f 869//869 491//491 492//492
f 257//257 826//826 43//43
f 949//949 948//948 947//947
f 950//950 98//98 951//951
f 952//952 953//953 904//904
f 904//904 905//905 952//952
f 954//954 955//955 956//956
f 99//99 914//914 97//97
f 951//951 813//813 950//950
f 957//957 813//813 951//951
f 925//925 904//904 953//953
f 959//959 957//957 958//958
f 925//925 926//926 960//960
f 959//959 960//960 926//926
f 786//786 68//68 800//800
f 91//91 68//68 69//69
f 68//68 91//91 800//800
f 929//929 186//186 931//931
f 293//293 961//961 295//295
f 962//962 963//963 964//964
f 967//967 966//966 965//965
f 737//737 749//749 968//968
f 971//971 970//970 969//969
f 974//974 973//973 972//972
f 975//975 976//976 977//977
f 957//957 951//951 958//958
f 960//960 904//904 925//925
f 913//913 144//144 757//757
f 903//903 958//958 951//951
f 661//661 978//978 660//660
f 979//979 33//33 32//32
f 979//979 32//32 980//980
f 981//981 897//897 99//99
f 99//99 897//897 933//933
f 982//982 983//983 984//984
f 987//987 986//986 985//985
f 990//990 989//989 988//988
f 151//151 150//150 439//439
f 463//463 991//991 464//464
f 994//994 993//993 992//992
f 995//995 464//464 923//923
f 923//923 464//464 991//991
f 996//996 997//997 101//101
f 923//923 493//493 995//995
f 415//415 998//998 999//999
f 85//85 1000//1000 1001//1001
f 1004//1004 1003//1003 1002//1002
f 149//149 1005//1005 104//104
f 155//155 153//153 944//944
f 151//151 1007//1007 1006//1006
f 1010//1010 1009//1009 1008//1008
f 8//8 1011//1011 7//7
f 247//247 248//248 841//841
f 1012//1012 439//439 440//440
f 997//997 102//102 101//101
f 493//493 923//923 492//492
f 1013//1013 1014//1014 898//898
f 183//183 1015//1015 195//195
f 1016//1016 1017//1017 1018//1018
f 1019//1019 1020//1020 1021//1021
f 1022//1022 1023//1023 1024//1024
f 81//81 80//80 450//450
f 1025//1025 967//967 1026//1026
f 960//960 959//959 958//958
f 183//183 195//195 184//184
f 144//144 146//146 896//896
f 1029//1029 1028//1028 1027//1027
f 1030//1030 1031//1031 868//868
f 131//131 1033//1033 1032//1032
f 1032//1032 129//129 131//131
f 1036//1036 1035//1035 1034//1034
f 1038//1038 1037//1037 451//451
f 1005//1005 996//996 104//104
f 243//243 155//155 1003//1003
f 1039//1039 1035//1035 1036//1036
f 1034//1034 7//7 1040//1040
f 1040//1040 7//7 1011//1011
f 9//9 7//7 1041//1041
f 492//492 923//923 924//924
f 90//90 765//765 89//89
f 1003//1003 155//155 1002//1002
f 1044//1044 1043//1043 1042//1042
f 8//8 364//364 1011//1011
f 1045//1045 1046//1046 1047//1047
f 1048//1048 80//80 79//79
f 974//974 1050//1050 1049//1049
f 246//246 247//247 1051//1051
f 1052//1052 1053//1053 1054//1054
f 1055//1055 469//469 999//999
f 1058//1058 1057//1057 1056//1056
f 1051//1051 88//88 89//89
f 1061//1061 1060//1060 1059//1059
f 1063//1063 841//841 1062//1062
f 1062//1062 1064//1064 1063//1063
f 1065//1065 1066//1066 1067//1067
f 976//976 1025//1025 1026//1026
f 1061//1061 1068//1068 1069//1069
f 1070//1070 1051//1051 247//247
f 1062//1062 1071//1071 1072//1072
f 1073//1073 1074//1074 1075//1075
f 918//918 1017//1017 1076//1076
f 1077//1077 996//996 966//966
f 1079//1079 174//174 1078//1078
f 1080//1080 1081//1081 1082//1082
f 1080//1080 1082//1082 1064//1064
f 965//965 1083//1083 1084//1084
f 965//965 1084//1084 967//967
f 1085//1085 1086//1086 1087//1087
f 1090//1090 1089//1089 1088//1088
f 996//996 965//965 966//966
f 765//765 1091//1091 168//168
f 765//765 168//168 89//89
f 1092//1092 250//250 911//911
f 1072//1072 1093//1093 1080//1080
f 156//156 158//158 1094//1094
f 1080//1080 1064//1064 1072//1072
f 487//487 1095//1095 142//142
f 1096//1096 451//451 1037//1037
f 1097//1097 1098//1098 1099//1099
f 1100//1100 1101//1101 1102//1102
f 1103//1103 1095//1095 1104//1104
f 977//977 1105//1105 975//975
f 1026//1026 1106//1106 976//976
f 1107//1107 1089//1089 1090//1090
f 1108//1108 1107//1107 1090//1090
f 451//451 1096//1096 1109//1109
f 1110//1110 486//486 1111//1111
f 996//996 101//101 104//104
f 1113//1113 1045//1045 1112//1112
f 451//451 81//81 450//450
f 1081//1081 1115//1115 1114//1114
f 1109//1109 81//81 451//451
f 1045//1045 1047//1047 1116//1116
f 1085//1085 1117//1117 1118//1118
f 1085//1085 1118//1118 1119//1119
f 1120//1120 1118//1118 1117//1117
f 1123//1123 1122//1122 1121//1121
f 1122//1122 1123//1123 1011//1011
f 975//975 1124//1124 976//976
f 986//986 1123//1123 1121//1121
f 1025//1025 976//976 1124//1124
f 482//482 1125//1125 1126//1126
f 483//483 1125//1125 482//482
f 1127//1127 1125//1125 483//483
f 1128//1128 1129//1129 1130//1130
f 365//365 8//8 9//9
f 364//364 1122//1122 1011//1011
f 1133//1133 1132//1132 1131//1131
f 975//975 764//764 1124//1124
f 1134//1134 154//154 243//243
f 921//921 74//74 73//73
f 79//79 1109//1109 1111//1111
f 988//988 989//989 1135//1135
f 985//985 1036//1036 1034//1034
f 1023//1023 1136//1136 1137//1137
f 1138//1138 1136//1136 1023//1023
f 1048//1048 989//989 972//972
f 79//79 81//81 1109//1109
f 972//972 989//989 990//990
f 1048//1048 972//972 973//973
f 1140//1140 1139//1139 461//461
f 1143//1143 1142//1142 1141//1141
f 1144//1144 1145//1145 1146//1146
f 1149//1149 1148//1148 1147//1147
f 147//147 1150//1150 901//901
f 1012//1012 1067//1067 1086//1086
f 973//973 450//450 80//80
f 973//973 80//80 1048//1048
f 1049//1049 1152//1152 1151//1151
f 236//236 1154//1154 1153//1153
f 1155//1155 440//440 150//150
f 182//182 1156//1156 1116//1116
f 1087//1087 1086//1086 1067//1067
f 1159//1159 1158//1158 1157//1157
f 1162//1162 1161//1161 1160//1160
f 1164//1164 1152//1152 1163//1163
f 1165//1165 1087//1087 1067//1067
f 1165//1165 1067//1067 1066//1066
f 1160//1160 1132//1132 162//162
f 1168//1168 1167//1167 1166//1166
f 181//181 130//130 182//182
f 131//131 130//130 181//181
f 1169//1169 1067//1067 1012//1012
f 1088//1088 1089//1089 145//145
f 1170//1170 158//158 1171//1171
f 1172//1172 234//234 1173//1173
f 1116//1116 54//54 182//182
f 1174//1174 228//228 54//54
f 1116//1116 1174//1174 54//54
f 1116//1116 1047//1047 1174//1174
f 1037//1037 1084//1084 1083//1083
f 1093//1093 1072//1072 1018//1018
f 1093//1093 1018//1018 1175//1175
f 1176//1176 907//907 906//906
f 906//906 1114//1114 1176//1176
f 152//152 162//162 1132//1132
f 152//152 1132//1132 1133//1133
f 157//157 1178//1178 1177//1177
f 1108//1108 130//130 129//129
f 1072//1072 1064//1064 1062//1062
f 1088//1088 1113//1113 1090//1090
f 1181//1181 1180//1180 1179//1179
f 151//151 1006//1006 162//162
f 1022//1022 1024//1024 1182//1182
f 1185//1185 1184//1184 1183//1183
f 907//907 1174//1174 1047//1047
f 1176//1176 228//228 1174//1174
f 1007//1007 1012//1012 1086//1086
f 439//439 1012//1012 1007//1007
f 1175//1175 917//917 1186//1186
f 962//962 812//812 963//963
f 1077//1077 1187//1187 1137//1137
f 908//908 1046//1046 1188//1188
f 897//897 1014//1014 933//933
f 898//898 1014//1014 897//897
f 1089//1089 1107//1107 146//146
f 145//145 1089//1089 146//146
f 125//125 1189//1189 124//124
f 634//634 633//633 842//842
f 54//54 53//53 181//181
f 129//129 1190//1190 1107//1107
f 129//129 1107//1107 1108//1108
f 866//866 1191//1191 916//916
f 811//811 812//812 962//962
f 1193//1193 829//829 1192//1192
f 829//829 1193//1193 830//830
f 679//679 92//92 934//934
f 903//903 98//98 913//913
f 242//242 867//867 868//868
f 1196//1196 1195//1195 1194//1194
f 99//99 98//98 950//950
f 97//97 913//913 98//98
f 813//813 811//811 950//950
f 981//981 950//950 811//811
f 950//950 981//981 99//99
f 908//908 1188//1188 906//906
f 1186//1186 1176//1176 1197//1197
f 1186//1186 228//228 1176//1176
f 1114//1114 1197//1197 1176//1176
f 1198//1198 181//181 53//53
f 918//918 1194//1194 52//52
f 1194//1194 1195//1195 53//53
f 1194//1194 53//53 52//52
f 902//902 1152//1152 1164//1164
f 830//830 1199//1199 831//831
f 916//916 633//633 632//632
f 242//242 868//868 1031//1031
f 242//242 1031//1031 1200//1200
f 1203//1203 1202//1202 1201//1201
f 118//118 1204//1204 226//226
f 1205//1205 839//839 838//838
f 837//837 839//839 854//854
f 831//831 1206//1206 916//916
f 916//916 915//915 831//831
f 922//922 945//945 924//924
f 1207//1207 1208//1208 1209//1209
f 873//873 176//176 1210//1210
f 873//873 1210//1210 1198//1198
f 1211//1211 1212//1212 1155//1155
f 1211//1211 1155//1155 1114//1114
f 980//980 1205//1205 838//838
f 247//247 841//841 1063//1063
f 41//41 836//836 40//40
f 1215//1215 1214//1214 1213//1213
f 1213//1213 1216//1216 1215//1215
f 837//837 1217//1217 1218//1218
f 1219//1219 74//74 919//919
f 919//919 1220//1220 1219//1219
f 89//89 246//246 1051//1051
f 240//240 1217//1217 895//895
f 906//906 1211//1211 1114//1114
f 1018//1018 1017//1017 1175//1175
f 1115//1115 1197//1197 1114//1114
f 1195//1195 1221//1221 873//873
f 1221//1221 1195//1195 1196//1196
f 52//52 1186//1186 917//917
f 1223//1223 1222//1222 184//184
f 1224//1224 1225//1225 1226//1226
f 918//918 917//917 1017//1017
f 133//133 633//633 880//880
f 1186//1186 52//52 228//228
f 1227//1227 1171//1171 1228//1228
f 51//51 171//171 170//170
f 1015//1015 196//196 195//195
f 1229//1229 1201//1201 1202//1202
f 1232//1232 1231//1231 1230//1230
f 1019//1019 1021//1021 1233//1233
f 1222//1222 1234//1234 1235//1235
f 1238//1238 1237//1237 1236//1236
f 1163//1163 1152//1152 1049//1049
f 1163//1163 1049//1049 1239//1239
f 1240//1240 1241//1241 1031//1031
f 1243//1243 849//849 1242//1242
f 791//791 622//622 793//793
f 1244//1244 1148//1148 1149//1149
f 119//119 1204//1204 118//118
f 1247//1247 1246//1246 1245//1245
f 1248//1248 1249//1249 1250//1250
f 1253//1253 1252//1252 1251//1251
f 1256//1256 1255//1255 1254//1254
f 1255//1255 1256//1256 1257//1257
f 110//110 249//249 109//109
f 1259//1259 1068//1068 1258//1258
f 1050//1050 1147//1147 1049//1049
f 1085//1085 1119//1119 1260//1260
f 1085//1085 1260//1260 1086//1086
f 1263//1263 1262//1262 1261//1261
f 912//912 1265//1265 1264//1264
f 1266//1266 1267//1267 1268//1268
f 235//235 1269//1269 236//236
f 47//47 1270//1270 48//48
f 1177//1177 1171//1171 157//157
f 919//919 1271//1271 1220//1220
f 70//70 1273//1273 1272//1272
f 1266//1266 1172//1172 1173//1173
f 1268//1268 1172//1172 1266//1266
f 1248//1248 1250//1250 1274//1274
f 1275//1275 1246//1246 1276//1276
f 1278//1278 900//900 1277//1277
f 1281//1281 1280//1280 1279//1279
f 1283//1283 1282//1282 1054//1054
f 1284//1284 1285//1285 47//47
f 1287//1287 1286//1286 1270//1270
f 1179//1179 1288//1288 1249//1249
f 1290//1290 1287//1287 1289//1289
f 1289//1289 1225//1225 1290//1290
f 1292//1292 1291//1291 1274//1274
f 46//46 1284//1284 47//47
f 1293//1293 1286//1286 1267//1267
f 48//48 1294//1294 46//46
f 1295//1295 1231//1231 1060//1060
f 236//236 1297//1297 1296//1296
f 1298//1298 1299//1299 1300//1300
f 1301//1301 1071//1071 1062//1062
f 1184//1184 1185//1185 1302//1302
f 868//868 1199//1199 1030//1030
f 1304//1304 1226//1226 1303//1303
f 1226//1226 1304//1304 1224//1224
f 1253//1253 1251//1251 1249//1249
f 1249//1249 1251//1251 1250//1250
f 1304//1304 1305//1305 1224//1224
f 1199//1199 1306//1306 1030//1030
f 830//830 1306//1306 1199//1199
f 913//913 1307//1307 903//903
f 903//903 1307//1307 905//905
f 1310//1310 1309//1309 1308//1308
f 1311//1311 1305//1305 1304//1304
f 1314//1314 1313//1313 1312//1312
f 1210//1210 1219//1219 1033//1033
f 1315//1315 1104//1104 1316//1316
f 1311//1311 1303//1303 1317//1317
f 1269//1269 235//235 910//910
f 1320//1320 1319//1319 1318//1318
f 169//169 121//121 138//138
f 1304//1304 1303//1303 1311//1311
f 1201//1201 1322//1322 1321//1321
f 1321//1321 1203//1203 1201//1201
f 1183//1183 1323//1323 1324//1324
f 261//261 1326//1326 1325//1325
f 1183//1183 1305//1305 1311//1311
f 1185//1185 1183//1183 115//115
f 1311//1311 115//115 1183//1183
f 1327//1327 1328//1328 347//347
f 1329//1329 1094//1094 1330//1330
f 110//110 185//185 249//249
f 1331//1331 1101//1101 1053//1053
f 1226//1226 1291//1291 1303//1303
f 1332//1332 1285//1285 1284//1284
f 1171//1171 158//158 157//157
f 166//166 167//167 1098//1098
f 1333//1333 1334//1334 1300//1300
f 1258//1258 1253//1253 1288//1288
f 1288//1288 1259//1259 1258//1258
f 1336//1336 1329//1329 1335//1335
f 1103//1103 1336//1336 1335//1335
f 1270//1270 1285//1285 1289//1289
f 1339//1339 1338//1338 1337//1337
f 1228//1228 863//863 1340//1340
f 1341//1341 1312//1312 1342//1342
f 1019//1019 1344//1344 1343//1343
f 1289//1289 1285//1285 1345//1345
f 1346//1346 1347//1347 1148//1148
f 1348//1348 199//199 200//200
f 1183//1183 1324//1324 1305//1305
f 1349//1349 156//156 1094//1094
f 1350//1350 666//666 667//667
f 1352//1352 1351//1351 1201//1201
f 1101//1101 1100//1100 1053//1053
f 1354//1354 1353//1353 192//192
f 1356//1356 117//117 1355//1355
f 1102//1102 1097//1097 1099//1099
f 1346//1346 1357//1357 1283//1283
f 1358//1358 1359//1359 1360//1360
f 71//71 1362//1362 1361//1361
f 1363//1363 71//71 1361//1361
f 1301//1301 1062//1062 841//841
f 1070//1070 1131//1131 1132//1132
f 1063//1063 1131//1131 1070//1070
f 1097//1097 1353//1353 1364//1364
f 1071//1071 1365//1365 1018//1018
f 1016//1016 1365//1365 1366//1366
f 1018//1018 1365//1365 1016//1016
f 192//192 1102//1102 194//194
f 1272//1272 1273//1273 167//167
f 1071//1071 1367//1367 1365//1365
f 1071//1071 1301//1301 1367//1367
f 1365//1365 1367//1367 1368//1368
f 1371//1371 1370//1370 1369//1369
f 142//142 1095//1095 1103//1103
f 142//142 1103//1103 1335//1335
f 1214//1214 1066//1066 1213//1213
f 1331//1331 1053//1053 1052//1052
f 1065//1065 1067//1067 1169//1169
f 1372//1372 90//90 88//88
f 6//6 1373//1373 164//164
f 1375//1375 1374//1374 1244//1244
f 1160//1160 1161//1161 88//88
f 1155//1155 150//150 1082//1082
f 983//983 1377//1377 1376//1376
f 1378//1378 154//154 1134//1134
f 153//153 154//154 1378//1378
f 1379//1379 1380//1380 1381//1381
f 1383//1383 1368//1368 1382//1382
f 193//193 1383//1383 1382//1382
f 1147//1147 1347//1347 1239//1239
f 1024//1024 1023//1023 1187//1187
f 1170//1170 1094//1094 158//158
f 1330//1330 1094//1094 1170//1170
f 1346//1346 1148//1148 1357//1357
f 1158//1158 1384//1384 1385//1385
f 415//415 470//470 416//416
f 1388//1388 1387//1387 1386//1386
f 1389//1389 1390//1390 1391//1391
f 1391//1391 1392//1392 1389//1389
f 1394//1394 1381//1381 1393//1393
f 1052//1052 1282//1282 1395//1395
f 1395//1395 1396//1396 1052//1052
f 1331//1331 194//194 1101//1101
f 212//212 1397//1397 1398//1398
f 1395//1395 1399//1399 1396//1396
f 1400//1400 1171//1171 1401//1401
f 140//140 142//142 1335//1335
f 1141//1141 140//140 1335//1335
f 1402//1402 1170//1170 1227//1227
f 1315//1315 1314//1314 1312//1312
f 1239//1239 1347//1347 1403//1403
f 1339//1339 1337//1337 1054//1054
f 1227//1227 1170//1170 1171//1171
f 1404//1404 1309//1309 1405//1405
f 1283//1283 1357//1357 1406//1406
f 109//109 46//46 108//108
f 384//384 1399//1399 1407//1407
f 1407//1407 1395//1395 1406//1406
f 1408//1408 1407//1407 1357//1357
f 1357//1357 1407//1407 1406//1406
f 197//197 125//125 1409//1409
f 1409//1409 195//195 197//197
f 383//383 385//385 1410//1410
f 1181//1181 1411//1411 1180//1180
f 124//124 1413//1413 1412//1412
f 139//139 1414//1414 383//383
f 140//140 1415//1415 141//141
f 1415//1415 140//140 1142//1142
f 1142//1142 140//140 1141//1141
f 1401//1401 1171//1171 1177//1177
f 1076//1076 1017//1017 1016//1016
f 1416//1416 831//831 915//915
f 861//861 1076//1076 862//862
f 4//4 6//6 1417//1417
f 1418//1418 1188//1188 1046//1046
f 1262//1262 1419//1419 1261//1261
f 139//139 121//121 1420//1420
f 139//139 1421//1421 1415//1415
f 1420//1420 1421//1421 139//139
f 1423//1423 1374//1374 1422//1422
f 139//139 1415//1415 1414//1414
f 1422//1422 1375//1375 1390//1390
f 1422//1422 1374//1374 1375//1375
f 1417//1417 6//6 1424//1424
f 1426//1426 1380//1380 1425//1425
f 1245//1245 1246//1246 1275//1275
f 188//188 1428//1428 1427//1427
f 1427//1427 1424//1424 188//188
f 1388//1388 1429//1429 1387//1387
f 123//123 122//122 1430//1430
f 1431//1431 943//943 1388//1388
f 1432//1432 1433//1433 1434//1434
f 910//910 235//235 1172//1172
f 1433//1433 1436//1436 1435//1435
f 1377//1377 1438//1438 1437//1437
f 1438//1438 1439//1439 1437//1437
f 198//198 1432//1432 1440//1440
f 1440//1440 200//200 198//198
f 1359//1359 1442//1442 1441//1441
f 941//941 1443//1443 942//942
f 1437//1437 1439//1439 1440//1440
f 1446//1446 1445//1445 1444//1444
f 1300//1300 1299//1299 1447//1447
f 6//6 188//188 1424//1424
f 1449//1449 1419//1419 1448//1448
f 1451//1451 1450//1450 1069//1069
f 198//198 1433//1433 1432//1432
f 1377//1377 1434//1434 1433//1433
f 1453//1453 178//178 1452//1452
f 1388//1388 1386//1386 1433//1433
f 1454//1454 1455//1455 1456//1456
f 1459//1459 1458//1458 1457//1457
f 1460//1460 1461//1461 1462//1462
f 1463//1463 1464//1464 1465//1465
f 1462//1462 1433//1433 1386//1386
f 1461//1461 1466//1466 1462//1462
f 1467//1467 1468//1468 1469//1469
f 1438//1438 1470//1470 1439//1439
f 5//5 1430//1430 1373//1373
f 197//197 1471//1471 1472//1472
f 1348//1348 1426//1426 1473//1473
f 1474//1474 1475//1475 175//175
f 1462//1462 1466//1466 1433//1433
f 951//951 98//98 903//903
f 1478//1478 1477//1477 1476//1476
f 1479//1479 204//204 203//203
f 1480//1480 1376//1376 1478//1478
f 1481//1481 1482//1482 1483//1483
f 1444//1444 1473//1473 1426//1426
f 345//345 1369//1369 1370//1370
f 1327//1327 984//984 1328//1328
f 1484//1484 1485//1485 1466//1466
f 869//869 924//924 945//945
f 492//492 924//924 869//869
f 1357//1357 1148//1148 1244//1244
f 1086//1086 1260//1260 1007//1007
f 89//89 1486//1486 246//246
f 168//168 1486//1486 89//89
f 1013//1013 1418//1418 1046//1046
f 908//908 1047//1047 1046//1046
f 907//907 1047//1047 908//908
f 1489//1489 1488//1488 1487//1487
f 1427//1427 940//940 1424//1424
f 136//136 138//138 1410//1410
f 1439//1439 200//200 1440//1440
f 1420//1420 1491//1491 1490//1490
f 1490//1490 1492//1492 1420//1420
f 163//163 1494//1494 1493//1493
f 1495//1495 1455//1455 1454//1454
f 1496//1496 1354//1354 193//193
f 1461//1461 1460//1460 1497//1497
f 697//697 696//696 1498//1498
f 1499//1499 1207//1207 1500//1500
f 1501//1501 1502//1502 1481//1481
f 1222//1222 1223//1223 1411//1411
f 1181//1181 1222//1222 1411//1411
f 1446//1446 1444//1444 1388//1388
f 1503//1503 1504//1504 1505//1505
f 1506//1506 1507//1507 1508//1508
f 1466//1466 1461//1461 1484//1484
f 1501//1501 1328//1328 984//984
f 1509//1509 1469//1469 1468//1468
f 1510//1510 1511//1511 1512//1512
f 236//236 1296//1296 1472//1472
f 1513//1513 1276//1276 1514//1514
f 984//984 983//983 1501//1501
f 1515//1515 1324//1324 1323//1323
f 1512//1512 1511//1511 1516//1516
f 1519//1519 1518//1518 1517//1517
f 1522//1522 1521//1521 1520//1520
f 1369//1369 1508//1508 1523//1523
f 1369//1369 1523//1523 1470//1470
f 1524//1524 1525//1525 1526//1526
f 234//234 1172//1172 235//235
f 1216//1216 1527//1527 1215//1215
f 1011//1011 987//987 1040//1040
f 153//153 963//963 944//944
f 1528//1528 1529//1529 1530//1530
f 962//962 1527//1527 899//899
f 964//964 1527//1527 962//962
f 1531//1531 1532//1532 1144//1144
f 903//903 904//904 958//958
f 1392//1392 165//165 163//163
f 163//163 1493//1493 1392//1392
f 911//911 912//912 1092//1092
f 1323//1323 1441//1441 1515//1515
f 1388//1388 1444//1444 1533//1533
f 1515//1515 1535//1535 1534//1534
f 1534//1534 1290//1290 1515//1515
f 123//123 1393//1393 1536//1536
f 123//123 1536//1536 1420//1420
f 1537//1537 1538//1538 1539//1539
f 5//5 4//4 1540//1540
f 1542//1542 889//889 1541//1541
f 899//899 1527//1527 1216//1216
f 1216//1216 898//898 899//899
f 1211//1211 1188//1188 1212//1212
f 1368//1368 1543//1543 1340//1340
f 1194//1194 918//918 1544//1544
f 1261//1261 1545//1545 1263//1263
f 1294//1294 1293//1293 1153//1153
f 136//136 1494//1494 1546//1546
f 109//109 1284//1284 46//46
f 1547//1547 1548//1548 1549//1549
f 1324//1324 1515//1515 1290//1290
f 1311//1311 1317//1317 1550//1550
f 1311//1311 1550//1550 115//115
f 1550//1550 1351//1351 115//115
f 1332//1332 1274//1274 1285//1285
f 1345//1345 1285//1285 1274//1274
f 1551//1551 1172//1172 1268//1268
f 1552//1552 1154//1154 236//236
f 1553//1553 1397//1397 212//212
f 1472//1472 1296//1296 197//197
f 197//197 1189//1189 125//125
f 1442//1442 1078//1078 1554//1554
f 194//194 1415//1415 193//193
f 1153//1153 1555//1555 236//236
f 1541//1541 889//889 1556//1556
f 156//156 1178//1178 157//157
f 1444//1444 1425//1425 1533//1533
f 910//910 911//911 1310//1310
f 1286//1286 48//48 1270//1270
f 1471//1471 197//197 196//196
f 45//45 587//587 630//630
f 1558//1558 1557//1557 1404//1404
f 1442//1442 1554//1554 1441//1441
f 1154//1154 1015//1015 1559//1559
f 183//183 185//185 1559//1559
f 47//47 1285//1285 1270//1270
f 1560//1560 1561//1561 1299//1299
f 1562//1562 1284//1284 109//109
f 1562//1562 109//109 1563//1563
f 1293//1293 1555//1555 1153//1153
f 1267//1267 1555//1555 1293//1293
f 1566//1566 1565//1565 1564//1564
f 1015//1015 1552//1552 196//196
f 1535//1535 1554//1554 1264//1264
f 1015//1015 1154//1154 1552//1552
f 1555//1555 1267//1267 1266//1266
f 1180//1180 1288//1288 1179//1179
f 1568//1568 1209//1209 1567//1567
f 1222//1222 1181//1181 1234//1234
f 1351//1351 1322//1322 1201//1201
f 1189//1189 1549//1549 124//124
f 183//183 1559//1559 1015//1015
f 1317//1317 1569//1569 1499//1499
f 1569//1569 1208//1208 1499//1499
f 1570//1570 1167//1167 1185//1185
f 1020//1020 1019//1019 1343//1343
f 1020//1020 1177//1177 1178//1178
f 1177//1177 1020//1020 1343//1343
f 1208//1208 1571//1571 1209//1209
f 1297//1297 1572//1572 1573//1573
f 1576//1576 1575//1575 1574//1574
f 185//185 110//110 1559//1559
f 1559//1559 110//110 108//108
f 1286//1286 1577//1577 1267//1267
f 1449//1449 1448//1448 1539//1539
f 1405//1405 1309//1309 1578//1578
f 1092//1092 912//912 1264//1264
f 1551//1551 1265//1265 912//912
f 1079//1079 1078//1078 1442//1442
f 1551//1551 912//912 910//910
f 1551//1551 910//910 1172//1172
f 1358//1358 1442//1442 1359//1359
f 1269//1269 1310//1310 1557//1557
f 824//824 1575//1575 1579//1579
f 1582//1582 1581//1581 1580//1580
f 1557//1557 1310//1310 1308//1308
f 911//911 173//173 1310//1310
f 250//250 1092//1092 1078//1078
f 1513//1513 1275//1275 1276//1276
f 236//236 1266//1266 1173//1173
f 1308//1308 1404//1404 1557//1557
f 174//174 1474//1474 175//175
f 1474//1474 174//174 1079//1079
f 1583//1583 1584//1584 1585//1585
f 1309//1309 1310//1310 1578//1578
f 1586//1586 1499//1499 1500//1500
f 1587//1587 1588//1588 1589//1589
f 1303//1303 1569//1569 1317//1317
f 1590//1590 1341//1341 1342//1342
f 1534//1534 1535//1535 1265//1265
f 1544//1544 861//861 1344//1344
f 1221//1221 828//828 873//873
f 1270//1270 1289//1289 1287//1287
f 1268//1268 1267//1267 1577//1577
f 883//883 884//884 241//241
f 241//241 885//885 883//883
f 1450//1450 1591//1591 1592//1592
f 109//109 1235//1235 1563//1563
f 173//173 1405//1405 1578//1578
f 173//173 1578//1578 1310//1310
f 1535//1535 1264//1264 1265//1265
f 1515//1515 1441//1441 1535//1535
f 1593//1593 1594//1594 221//221
f 126//126 124//124 1412//1412
f 212//212 1595//1595 213//213
f 1547//1547 1573//1573 1572//1572
f 1412//1412 1238//1238 1596//1596
f 1236//1236 1596//1596 1238//1238
f 1598//1598 1597//1597 1237//1237
f 1557//1557 1599//1599 1269//1269
f 1600//1600 1599//1599 1557//1557
f 1599//1599 236//236 1269//1269
f 1409//1409 125//125 1601//1601
f 1602//1602 1595//1595 125//125
f 1603//1603 1604//1604 1605//1605
f 1608//1608 1607//1607 1606//1606
f 1079//1079 1442//1442 1358//1358
f 854//854 839//839 1205//1205
f 1603//1603 1605//1605 1609//1609
f 1612//1612 1611//1611 1610//1610
f 1613//1613 1614//1614 1584//1584
f 213//213 1615//1615 214//214
f 1618//1618 1617//1617 1616//1616
f 1601//1601 1611//1611 1619//1619
f 123//123 1420//1420 121//121
f 221//221 223//223 1593//1593
f 214//214 1553//1553 212//212
f 211//211 1620//1620 209//209
f 1058//1058 1621//1621 1622//1622
f 1604//1604 1603//1603 1623//1623
f 210//210 209//209 1624//1624
f 1624//1624 209//209 1280//1280
f 290//290 1579//1579 1625//1625
f 1451//1451 1591//1591 1450//1450
f 668//668 1626//1626 640//640
f 213//213 1595//1595 1627//1627
f 1628//1628 1629//1629 1576//1576
f 1628//1628 1576//1576 1630//1630
f 1622//1622 1631//1631 1058//1058
f 1632//1632 1633//1633 1634//1634
f 1240//1240 1271//1271 919//919
f 1635//1635 1636//1636 1637//1637
f 851//851 853//853 847//847
f 226//226 1204//1204 817//817
f 1633//1633 1639//1639 1638//1638
f 1640//1640 1633//1633 1638//1638
f 1641//1641 222//222 1620//1620
f 1280//1280 222//222 221//221
f 1638//1638 1643//1643 1642//1642
f 209//209 222//222 1280//1280
f 1620//1620 222//222 209//209
f 1644//1644 642//642 623//623
f 2//2 1//1 1645//1645
f 1611//1611 1591//1591 1646//1646
f 1647//1647 1091//1091 765//765
f 967//967 1084//1084 1026//1026
f 888//888 120//120 1648//1648
f 211//211 1254//1254 1255//1255
f 1638//1638 1642//1642 1649//1649
f 1272//1272 1091//1091 1647//1647
f 1583//1583 120//120 1542//1542
f 1650//1650 1651//1651 1652//1652
f 893//893 32//32 31//31
f 250//250 1078//1078 174//174
f 1653//1653 1541//1541 1556//1556
f 1612//1612 1610//1610 1643//1643
f 1654//1654 1655//1655 1612//1612
f 1654//1654 1612//1612 1656//1656
f 1234//1234 1563//1563 1235//1235
f 1450//1450 1295//1295 1069//1069
f 1074//1074 1372//1372 1161//1161
f 88//88 1161//1161 1372//1372
f 1638//1638 1657//1657 1640//1640
f 1649//1649 1657//1657 1638//1638
f 1655//1655 1592//1592 1591//1591
f 1114//1114 1155//1155 1081//1081
f 1082//1082 1081//1081 1155//1155
f 449//449 450//450 1658//1658
f 210//210 1649//1649 1642//1642
f 852//852 885//885 895//895
f 1654//1654 1656//1656 1639//1639
f 1153//1153 108//108 1294//1294
f 1325//1325 1575//1575 824//824
f 1641//1641 1398//1398 1659//1659
f 210//210 1657//1657 1649//1649
f 1281//1281 1657//1657 1624//1624
f 1617//1617 1598//1598 1237//1237
f 1558//1558 1617//1617 1237//1237
f 1398//1398 1660//1660 1659//1659
f 210//210 1642//1642 1254//1254
f 1222//1222 1235//1235 184//184
f 1235//1235 109//109 249//249
f 184//184 1235//1235 249//249
f 1325//1325 1589//1589 1661//1661
f 1567//1567 1209//1209 1571//1571
f 1662//1662 878//878 1663//1663
f 1207//1207 1209//1209 1664//1664
f 1500//1500 1587//1587 1586//1586
f 1587//1587 1500//1500 1588//1588
f 1250//1250 1292//1292 1274//1274
f 941//941 943//943 1665//1665
f 1662//1662 728//728 878//878
f 850//850 1651//1651 1650//1650
f 1667//1667 1666//1666 1587//1587
f 1587//1587 1666//1666 1586//1586
f 1567//1567 1571//1571 1251//1251
f 1251//1251 1571//1571 1292//1292
f 1664//1664 1668//1668 1588//1588
f 1250//1250 1251//1251 1292//1292
f 1185//1185 1167//1167 1302//1302
f 1669//1669 1229//1229 1020//1020
f 1021//1021 1020//1020 1229//1229
f 1178//1178 1669//1669 1020//1020
f 1205//1205 823//823 821//821
f 821//821 854//854 1205//1205
f 1499//1499 1321//1321 1322//1322
f 1288//1288 1253//1253 1249//1249
f 1325//1325 1326//1326 1589//1589
f 856//856 292//292 1670//1670
f 1671//1671 1167//1167 1570//1570
f 261//261 262//262 1652//1652
f 261//261 1652//1652 1326//1326
f 1574//1574 1672//1672 1230//1230
f 1650//1650 979//979 1673//1673
f 1673//1673 979//979 980//980
f 1325//1325 1661//1661 1672//1672
f 27//27 639//639 127//127
f 127//127 25//25 27//27
f 636//636 207//207 641//641
f 1674//1674 636//636 641//641
f 1675//1675 1609//1609 1605//1605
f 1676//1676 1021//1021 1229//1229
f 878//878 1677//1677 1663//1663
f 242//242 241//241 1678//1678
f 241//241 240//240 895//895
f 1205//1205 980//980 823//823
f 1679//1679 29//29 22//22
f 646//646 1680//1680 583//583
f 1681//1681 1682//1682 1683//1683
f 41//41 851//851 836//836
f 635//635 263//263 856//856
f 642//642 65//65 23//23
f 22//22 1684//1684 37//37
f 584//584 640//640 585//585
f 240//240 242//242 1200//1200
f 1581//1581 1621//1621 1058//1058
f 1058//1058 1580//1580 1581//1581
f 1366//1366 862//862 1016//1016
f 1202//1202 1685//1685 1676//1676
f 1687//1687 1686//1686 407//407
f 1343//1343 1401//1401 1177//1177
f 233//233 1688//1688 171//171
f 638//638 1689//1689 827//827
f 258//258 78//78 787//787
f 1683//1683 1690//1690 38//38
f 860//860 1688//1688 233//233
f 808//808 1691//1691 820//820
f 1693//1693 1692//1692 266//266
f 1631//1631 1057//1057 1058//1058
f 1580//1580 1058//1058 1056//1056
f 789//789 1694//1694 788//788
f 1697//1697 1696//1696 1695//1695
f 203//203 1526//1526 1479//1479
f 636//636 206//206 207//207
f 1698//1698 1699//1699 1700//1700
f 643//643 51//51 170//170
f 1701//1701 1702//1702 1703//1703
f 37//37 623//623 344//344
f 1704//1704 709//709 775//775
f 1705//1705 30//30 671//671
f 219//219 1706//1706 215//215
f 202//202 219//219 215//215
f 38//38 28//28 1681//1681
f 576//576 1707//1707 1708//1708
f 658//658 1674//1674 641//641
f 1679//1679 218//218 29//29
f 1710//1710 674//674 1709//1709
f 38//38 1681//1681 1683//1683
f 1711//1711 28//28 589//589
f 1712//1712 805//805 218//218
f 1713//1713 14//14 654//654
f 1714//1714 1715//1715 687//687
f 666//666 24//24 23//23
f 1675//1675 1605//1605 1716//1716
f 777//777 1717//1717 807//807
f 1712//1712 1718//1718 804//804
f 894//894 134//134 872//872
f 1719//1719 894//894 797//797
f 134//134 894//894 1719//1719
f 1720//1720 1717//1717 796//796
f 224//224 816//816 808//808
f 858//858 1721//1721 1722//1722
f 394//394 791//791 231//231
f 231//231 791//791 792//792
f 827//827 394//394 128//128
f 827//827 128//128 639//639
f 881//881 780//780 799//799
f 881//881 799//799 1723//1723
f 777//777 796//796 1717//1717
f 1585//1585 1724//1724 1583//1583
f 1725//1725 1726//1726 1727//1727
f 283//283 1728//1728 282//282
f 952//952 931//931 953//953
f 930//930 931//931 952//952
f 805//805 220//220 218//218
f 1524//1524 1729//1729 1525//1525
f 1549//1549 1413//1413 124//124
f 1275//1275 1358//1358 1245//1245
f 1730//1730 1731//1731 947//947
f 1734//1734 1733//1733 1732//1732
f 888//888 1542//1542 120//120
f 889//889 1542//1542 888//888
f 1681//1681 28//28 10//10
f 1675//1675 805//805 806//806
f 1681//1681 12//12 845//845
f 1623//1623 1735//1735 1604//1604
f 1738//1738 1737//1737 1736//1736
f 1513//1513 1514//1514 1474//1474
f 804//804 1718//1718 1698//1698
f 22//22 795//795 1679//1679
f 1735//1735 1623//1623 1739//1739
f 1740//1740 1741//1741 1742//1742
f 1743//1743 1690//1690 1683//1683
f 978//978 1744//1744 660//660
f 570//570 1745//1745 624//624
f 660//660 1744//1744 1746//1746
f 1747//1747 1746//1746 1744//1744
f 278//278 1748//1748 279//279
f 280//280 1732//1732 1749//1749
f 270//270 1751//1751 1750//1750
f 1752//1752 1753//1753 1754//1754
f 1754//1754 1755//1755 1752//1752
f 1758//1758 1757//1757 1756//1756
f 271//271 1751//1751 270//270
f 1761//1761 1760//1760 1759//1759
f 1755//1755 1754//1754 1762//1762
f 751//751 752//752 1763//1763
f 1764//1764 751//751 1763//1763
f 1764//1764 978//978 1765//1765
f 1766//1766 1767//1767 1768//1768
f 1287//1287 1290//1290 1534//1534
f 1309//1309 1404//1404 1308//1308
f 1412//1412 1596//1596 126//126
f 1597//1597 1769//1769 1602//1602
f 1549//1549 1548//1548 1413//1413
f 1757//1757 1758//1758 1770//1770
f 1773//1773 1772//1772 1771//1771
f 1774//1774 1775//1775 1776//1776
f 1761//1761 1777//1777 1760//1760
f 1765//1765 1760//1760 1777//1777
f 1778//1778 1779//1779 1780//1780
f 1783//1783 1782//1782 1781//1781
f 1784//1784 1762//1762 1785//1785
f 1788//1788 1787//1787 1786//1786
f 1790//1790 1789//1789 712//712
f 661//661 662//662 1756//1756
f 1791//1791 1608//1608 1792//1792
f 1318//1318 1545//1545 1261//1261
f 1320//1320 1318//1318 1261//1261
f 1795//1795 1794//1794 1793//1793
f 1798//1798 1797//1797 1796//1796
f 1692//1692 1800//1800 1799//1799
f 1692//1692 1799//1799 1801//1801
f 1802//1802 750//750 1803//1803
f 1806//1806 1805//1805 1804//1804
f 1805//1805 1806//1806 687//687
f 949//949 1807//1807 1740//1740
f 1718//1718 1808//1808 1699//1699
f 750//750 1802//1802 1736//1736
f 1780//1780 1779//1779 1809//1809
f 1797//1797 1773//1773 1810//1810
f 1810//1810 1796//1796 1797//1797
f 1811//1811 1812//1812 1813//1813
f 1788//1788 1813//1813 1812//1812
f 1816//1816 1815//1815 1814//1814
f 1740//1740 1805//1805 688//688
f 1817//1817 1818//1818 1819//1819
f 1605//1605 1820//1820 1821//1821
f 1822//1822 677//677 678//678
f 1823//1823 1824//1824 1825//1825
f 1360//1360 1168//1168 1245//1245
f 1604//1604 1820//1820 1605//1605
f 1318//1318 1826//1826 1827//1827
f 1696//1696 686//686 1715//1715
f 1695//1695 1696//1696 1715//1715
f 1828//1828 297//297 284//284
f 1803//1803 750//750 751//751
f 1830//1830 1736//1736 1829//1829
f 285//285 1831//1831 286//286
f 1832//1832 1833//1833 1834//1834
f 1765//1765 1777//1777 1835//1835
f 1780//1780 1741//1741 1800//1800
f 1836//1836 1737//1737 1738//1738
f 1838//1838 1834//1834 1837//1837
f 1750//1750 269//269 270//270
f 1750//1750 1839//1839 269//269
f 1821//1821 269//269 1839//1839
f 744//744 1830//1830 1840//1840
f 1820//1820 1739//1739 1821//1821
f 1730//1730 1841//1841 1842//1842
f 1843//1843 1844//1844 1845//1845
f 947//947 1846//1846 949//949
f 1847//1847 1804//1804 1805//1805
f 1848//1848 1847//1847 1805//1805
f 1841//1841 1849//1849 1842//1842
f 1842//1842 1849//1849 285//285
f 1779//1779 1763//1763 1850//1850
f 315//315 1851//1851 1852//1852
f 1853//1853 1854//1854 1855//1855
f 1853//1853 1856//1856 1854//1854
f 1857//1857 1858//1858 1859//1859
f 204//204 1860//1860 1861//1861
f 1862//1862 1863//1863 315//315
f 1850//1850 1865//1865 1864//1864
f 265//265 266//266 1866//1866
f 661//661 1765//1765 978//978
f 1867//1867 1475//1475 1474//1474
f 1514//1514 1867//1867 1474//1474
f 1868//1868 1775//1775 1869//1869
f 1871//1871 1810//1810 1870//1870
f 1874//1874 1873//1873 1872//1872
f 537//537 1876//1876 1875//1875
f 1877//1877 321//321 320//320
f 339//339 321//321 1877//1877
f 1798//1798 1772//1772 1797//1797
f 1842//1842 1731//1731 1730//1730
f 1767//1767 297//297 1828//1828
f 1880//1880 1879//1879 1878//1878
f 1881//1881 604//604 1520//1520
f 1884//1884 1883//1883 1882//1882
f 315//315 1842//1842 285//285
f 1885//1885 281//281 747//747
f 1887//1887 1886//1886 608//608
f 1888//1888 1889//1889 319//319
f 526//526 1891//1891 1890//1890
f 1894//1894 1893//1893 1892//1892
f 1895//1895 1893//1893 1894//1894
f 279//279 1896//1896 1617//1617
f 1833//1833 1832//1832 1897//1897
f 1898//1898 1899//1899 1900//1900
f 1903//1903 1902//1902 1901//1901
f 282//282 1728//1728 1904//1904
f 1905//1905 1906//1906 1703//1703
f 1907//1907 1908//1908 1909//1909
f 1910//1910 1911//1911 1912//1912
f 1697//1697 1801//1801 1696//1696
f 1913//1913 1831//1831 1864//1864
f 1831//1831 1913//1913 1914//1914
f 1917//1917 1916//1916 1915//1915
f 1918//1918 1919//1919 1920//1920
f 325//325 1921//1921 309//309
f 1815//1815 743//743 1814//1814
f 1923//1923 1922//1922 310//310
f 1520//1520 1924//1924 1522//1522
f 1925//1925 1926//1926 1927//1927
f 1739//1739 269//269 1821//1821
f 1928//1928 1929//1929 1930//1930
f 1910//1910 1931//1931 1932//1932
f 1933//1933 1822//1822 678//678
f 1755//1755 1934//1934 1752//1752
f 1935//1935 1936//1936 1937//1937
f 1938//1938 1939//1939 1940//1940
f 1896//1896 279//279 1739//1739
f 1896//1896 1739//1739 1623//1623
f 1941//1941 1942//1942 1943//1943
f 1944//1944 1911//1911 1853//1853
f 302//302 1945//1945 1946//1946
f 745//745 743//743 1947//1947
f 1734//1734 1616//1616 1733//1733
f 1756//1756 662//662 271//271
f 660//660 271//271 662//662
f 1948//1948 1949//1949 1950//1950
f 1951//1951 625//625 626//626
f 1954//1954 1953//1953 1952//1952
f 1906//1906 1955//1955 1703//1703
f 1956//1956 1950//1950 1949//1949
f 1957//1957 1958//1958 1959//1959
f 1957//1957 1959//1959 1960//1960
f 1932//1932 1856//1856 1911//1911
f 1912//1912 1911//1911 1944//1944
f 1961//1961 1962//1962 1947//1947
f 608//608 1886//1886 1963//1963
f 1966//1966 1965//1965 1964//1964
f 303//303 1967//1967 1968//1968
f 1949//1949 1945//1945 1969//1969
f 1972//1972 1971//1971 1970//1970
f 1973//1973 1886//1886 1887//1887
f 625//625 1975//1975 1974//1974
f 1974//1974 1976//1976 625//625
f 1977//1977 1636//1636 1978//1978
f 1637//1637 1636//1636 1977//1977
f 1979//1979 1899//1899 1793//1793
f 1980//1980 1981//1981 1982//1982
f 624//624 1794//1794 1963//1963
f 1963//1963 569//569 624//624
f 1983//1983 1819//1819 1818//1818
f 1984//1984 1985//1985 1972//1972
f 1986//1986 1968//1968 1967//1967
f 333//333 1981//1981 1987//1987
f 1702//1702 1701//1701 1968//1968
f 1988//1988 1989//1989 1990//1990
f 1945//1945 1992//1992 1991//1991
f 1637//1637 1977//1977 1993//1993
f 1857//1857 1859//1859 1994//1994
f 1885//1885 747//747 1995//1995
f 1877//1877 746//746 339//339
f 1941//1941 1521//1521 1522//1522
f 1941//1941 1522//1522 340//340
f 603//603 1636//1636 1924//1924
f 320//320 739//739 1996//1996
f 604//604 603//603 1924//1924
f 1924//1924 1520//1520 604//604
f 1635//1635 1996//1996 1924//1924
f 1870//1870 1998//1998 1997//1997
f 1997//1997 1998//1998 1999//1999
f 1635//1635 1924//1924 1636//1636
f 522//522 467//467 466//466
f 602//602 1845//1845 2000//2000
f 2003//2003 2002//2002 2001//2001
f 2004//2004 2005//2005 2006//2006
f 2007//2007 617//617 616//616
f 2008//2008 1891//1891 526//526
f 2009//2009 406//406 60//60
f 1999//1999 1998//1998 2010//2010
f 317//317 319//319 1889//1889
f 2011//2011 2005//2005 1995//1995
f 2014//2014 2013//2013 2012//2012
f 2015//2015 2016//2016 2017//2017
f 1972//1972 1970//1970 2018//2018
f 1902//1902 2020//2020 2019//2019
f 2023//2023 2022//2022 2021//2021
f 2014//2014 2012//2012 1887//1887
f 2014//2014 1887//1887 2016//2016
f 1885//1885 1995//1995 2005//2005
f 2024//2024 606//606 1901//1901
f 2025//2025 2026//2026 2027//2027
f 1901//1901 1795//1795 1793//1793
f 606//606 1795//1795 1901//1901
f 1998//1998 1771//1771 2010//2010
f 2011//2011 1995//1995 2028//2028
f 326//326 327//327 597//597
f 1976//1976 328//328 326//326
f 326//326 625//625 1976//1976
f 2030//2030 525//525 2029//2029
f 1984//1984 2031//2031 2032//2032
f 2034//2034 2033//2033 1974//1974
f 525//525 523//523 2035//2035
f 2036//2036 2037//2037 2038//2038
f 392//392 2039//2039 2040//2040
f 524//524 525//525 2030//2030
f 2043//2043 2042//2042 2041//2041
f 2046//2046 2045//2045 2044//2044
f 734//734 2047//2047 2048//2048
f 2050//2050 2049//2049 1817//1817
f 2030//2030 545//545 2051//2051
f 2051//2051 545//545 2052//2052
f 2053//2053 544//544 543//543
f 393//393 328//328 1976//1976
f 2054//2054 1874//1874 525//525
f 1874//1874 2054//2054 1873//1873
f 2006//2006 1898//1898 1900//1900
f 2057//2057 2056//2056 2055//2055
f 327//327 328//328 393//393
f 304//304 2058//2058 570//570
f 304//304 570//570 568//568
f 1922//1922 675//675 310//310
f 2060//2060 1988//1988 2059//2059
f 314//314 2058//2058 304//304
f 2063//2063 2062//2062 2061//2061
f 545//545 2030//2030 2029//2029
f 2066//2066 2065//2065 2064//2064
f 602//602 1978//1978 603//603
f 2037//2037 2067//2067 2038//2038
f 1980//1980 1987//1987 1981//1981
f 1970//1970 2068//2068 2060//2060
f 612//612 610//610 2069//2069
f 2038//2038 2070//2070 2071//2071
f 1991//1991 1990//1990 2072//2072
f 2073//2073 1975//1975 1951//1951
f 1985//1985 1984//1984 2074//2074
f 2075//2075 2076//2076 2037//2037
f 2037//2037 2036//2036 2075//2075
f 2076//2076 2077//2077 2037//2037
f 2067//2067 2037//2037 2077//2077
f 57//57 55//55 564//564
f 608//608 1795//1795 606//606
f 1795//1795 608//608 1963//1963
f 1794//1794 1795//1795 1963//1963
f 1862//1862 315//315 316//316
f 1951//1951 1975//1975 625//625
f 596//596 626//626 597//597
f 1988//1988 1990//1990 1991//1991
f 2078//2078 1996//1996 1635//1635
f 2016//2016 2015//2015 2014//2014
f 2080//2080 2079//2079 2039//2039
f 2081//2081 2019//2019 2020//2020
f 324//324 2082//2082 325//325
f 2083//2083 392//392 2040//2040
f 2008//2008 2055//2055 1891//1891
f 2077//2077 2076//2076 2083//2083
f 1965//1965 2055//2055 2056//2056
f 2085//2085 2040//2040 2084//2084
f 2086//2086 2085//2085 2084//2084
f 2088//2088 2087//2087 1977//1977
f 1977//1977 2087//2087 1993//1993
f 326//326 597//597 626//626
f 327//327 2083//2083 2076//2076
f 2076//2076 597//597 327//327
f 2083//2083 327//327 392//392
f 2087//2087 392//392 393//393
f 2087//2087 393//393 1993//1993
f 2018//2018 2089//2089 2031//2031
f 1951//1951 626//626 2090//2090
f 2090//2090 2091//2091 1951//1951
f 2039//2039 392//392 2087//2087
f 1921//1921 325//325 2082//2082
f 2092//2092 2089//2089 2018//2018
f 2095//2095 2094//2094 2093//2093
f 1965//1965 1891//1891 2055//2055
f 2039//2039 2084//2084 2040//2040
f 2094//2094 1857//1857 2093//2093
f 2098//2098 2097//2097 2096//2096
f 2084//2084 2099//2099 2086//2086
f 349//349 1528//1528 2100//2100
f 2101//2101 1834//1834 1833//1833
f 2053//2053 2102//2102 544//544
f 544//544 2102//2102 593//593
f 675//675 553//553 554//554
f 1860//1860 1538//1538 1508//1508
f 2105//2105 2104//2104 2103//2103
f 1539//1539 1448//1448 2106//2106
f 2106//2106 1537//1537 1539//1539
f 2107//2107 1958//1958 1814//1814
f 2109//2109 2108//2108 1772//1772
f 2110//2110 539//539 2027//2027
f 2112//2112 1873//1873 2111//2111
f 1994//1994 2093//2093 1857//1857
f 2027//2027 539//539 2025//2025
f 2113//2113 2031//2031 2089//2089
f 1880//1880 1878//1878 2114//2114
f 1792//1792 1606//1606 2115//2115
f 2064//2064 2065//2065 2116//2116
f 2111//2111 1879//1879 1880//1880
f 1961//1961 2117//2117 1962//1962
f 1859//1859 1858//1858 2118//2118
f 1881//1881 1520//1520 2119//2119
f 1878//1878 1879//1879 1844//1844
f 2000//2000 1879//1879 2111//2111
f 281//281 2004//2004 283//283
f 2004//2004 281//281 1885//1885
f 1923//1923 1926//1926 1925//1925
f 554//554 552//552 2120//2120
f 1606//1606 1792//1792 1608//1608
f 1791//1791 1859//1859 1608//1608
f 1859//1859 1791//1791 1994//1994
f 2122//2122 2121//2121 310//310
f 1606//1606 2121//2121 2122//2122
f 2123//2123 2124//2124 2125//2125
f 2126//2126 2127//2127 1927//1927
f 2078//2078 320//320 1996//1996
f 2128//2128 2129//2129 2130//2130
f 2052//2052 2132//2132 2131//2131
f 2135//2135 2134//2134 2133//2133
f 2136//2136 2137//2137 2123//2123
f 2138//2138 2139//2139 1530//1530
f 982//982 345//345 1370//1370
f 554//554 2120//2120 2140//2140
f 343//343 2140//2140 2141//2141
f 2144//2144 2143//2143 2142//2142
f 2133//2133 2145//2145 2135//2135
f 1881//1881 1843//1843 1845//1845
f 541//541 542//542 2146//2146
f 342//342 357//357 359//359
f 2149//2149 2148//2148 2147//2147
f 2152//2152 2151//2151 2150//2150
f 2133//2133 2134//2134 2120//2120
f 2142//2142 2143//2143 427//427
f 675//675 2153//2153 553//553
f 2154//2154 411//411 367//367
f 552//552 553//553 2155//2155
f 1915//1915 2156//2156 2157//2157
f 341//341 342//342 359//359
f 309//309 341//341 359//359
f 18//18 2158//2158 2159//2159
f 113//113 410//410 111//111
f 2153//2153 675//675 1922//1922
f 2053//2053 2160//2160 2082//2082
f 2129//2129 2127//2127 2161//2161
f 410//410 113//113 395//395
f 1247//1247 1245//1245 2162//2162
f 675//675 554//554 308//308
f 324//324 323//323 2102//2102
f 2102//2102 2053//2053 324//324
f 438//438 437//437 2163//2163
f 2133//2133 2155//2155 2145//2145
f 2164//2164 2120//2120 2134//2134
f 2167//2167 2166//2166 2165//2165
f 1518//1518 2168//2168 1517//1517
f 2169//2169 2170//2170 2171//2171
f 554//554 2140//2140 308//308
f 2172//2172 2173//2173 2174//2174
f 2144//2144 2176//2176 2175//2175
f 2179//2179 2178//2178 2177//2177
f 2182//2182 2181//2181 2180//2180
f 2114//2114 1878//1878 2183//2183
f 2184//2184 2185//2185 2186//2186
f 1965//1965 2056//2056 58//58
f 1489//1489 2100//2100 1488//1488
f 2176//2176 2144//2144 2142//2142
f 2124//2124 2187//2187 2125//2125
f 2188//2188 2130//2130 2124//2124
f 2189//2189 2190//2190 453//453
f 2192//2192 423//423 2191//2191
f 1380//1380 1426//1426 1348//1348
f 2194//2194 112//112 2193//2193
f 531//531 445//445 446//446
f 2187//2187 2130//2130 2129//2129
f 436//436 2195//2195 437//437
f 437//437 2195//2195 2196//2196
f 369//369 381//381 370//370
f 2198//2198 2197//2197 2159//2159
f 396//396 2180//2180 2181//2181
f 2200//2200 2158//2158 2199//2199
f 112//112 311//311 2149//2149
f 502//502 410//410 395//395
f 2175//2175 2201//2201 2144//2144
f 2202//2202 403//403 2203//2203
f 2206//2206 2205//2205 2204//2204
f 2207//2207 1519//1519 1517//1517
f 2202//2202 2158//2158 18//18
f 444//444 443//443 2208//2208
f 2209//2209 1518//1518 494//494
f 2171//2171 494//494 2169//2169
f 160//160 2169//2169 494//494
f 1455//1455 1484//1484 1456//1456
f 376//376 377//377 2210//2210
f 2209//2209 2168//2168 1518//1518
f 2211//2211 1482//1482 1502//1502
f 2171//2171 2212//2212 2209//2209
f 2213//2213 287//287 288//288
f 2214//2214 494//494 1518//1518
f 2217//2217 2216//2216 2215//2215
f 2218//2218 2219//2219 2220//2220
f 2175//2175 2176//2176 2191//2191
f 2175//2175 2191//2191 423//423
f 1954//1954 1952//1952 442//442
f 2166//2166 2182//2182 2221//2221
f 2222//2222 1458//1458 366//366
f 358//358 397//397 2223//2223
f 287//287 2224//2224 2225//2225
f 2226//2226 2137//2137 2136//2136
f 2148//2148 2192//2192 2227//2227
f 2136//2136 2228//2228 288//288
f 2226//2226 2136//2136 288//288
f 2231//2231 2230//2230 2229//2229
f 288//288 2228//2228 2213//2213
f 2232//2232 2233//2233 2234//2234
f 2169//2169 2235//2235 2170//2170
f 2171//2171 2236//2236 2212//2212
f 1508//1508 346//346 2237//2237
f 2237//2237 346//346 1483//1483
f 346//346 1369//1369 345//345
f 436//436 2238//2238 2195//2195
f 2236//2236 2171//2171 2170//2170
f 2239//2239 389//389 2240//2240
f 2224//2224 2241//2241 2225//2225
f 453//453 454//454 2189//2189
f 1529//1529 2242//2242 1530//1530
f 2242//2242 1529//1529 2243//2243
f 2209//2209 494//494 2171//2171
f 2168//2168 2209//2209 2165//2165
f 2244//2244 2245//2245 2246//2246
f 2249//2249 2248//2248 2247//2247
f 2165//2165 2166//2166 2168//2168
f 2250//2250 2168//2168 2166//2166
f 2236//2236 2251//2251 2212//2212
f 2250//2250 1517//1517 2168//2168
f 2254//2254 2253//2253 2252//2252
f 2255//2255 2256//2256 2257//2257
f 351//351 2258//2258 1507//1507
f 1861//1861 2259//2259 204//204
f 2261//2261 2135//2135 2260//2260
f 1519//1519 2262//2262 329//329
f 2264//2264 2263//2263 2154//2154
f 2224//2224 2213//2213 2265//2265
f 161//161 2266//2266 159//159
f 1510//1510 1512//1512 2267//2267
f 2268//2268 1467//1467 2269//2269
f 351//351 1507//1507 407//407
f 407//407 353//353 351//351
f 2270//2270 1687//1687 1507//1507
f 2271//2271 1687//1687 2270//2270
f 160//160 159//159 1516//1516
f 2170//2170 2235//2235 2272//2272
f 408//408 407//407 1686//1686
f 2265//2265 2274//2274 2273//2273
f 2273//2273 2224//2224 2265//2265
f 2273//2273 2262//2262 2207//2207
f 2275//2275 1371//1371 1470//1470
f 1438//1438 2275//2275 1470//1470
f 161//161 330//330 331//331
f 331//331 2266//2266 161//161
f 2276//2276 1530//1530 2242//2242
f 2279//2279 2278//2278 2277//2277
f 2190//2190 2280//2280 2281//2281
f 2189//2189 2282//2282 2190//2190
f 2283//2283 2282//2282 2189//2189
f 2235//2235 1511//1511 2284//2284
f 2283//2283 1511//1511 1510//1510
f 408//408 2282//2282 353//353
f 2222//2222 2285//2285 1458//1458
f 1861//1861 2228//2228 2259//2259
f 370//370 381//381 360//360
f 353//353 1510//1510 352//352
f 1476//1476 1495//1495 2286//2286
f 2288//2288 1454//1454 2287//2287
f 1476//1476 1376//1376 1480//1480
f 2185//2185 2289//2289 2142//2142
f 2290//2290 2291//2291 382//382
f 2292//2292 16//16 17//17
f 983//983 1376//1376 1502//1502
f 1477//1477 1478//1478 1484//1484
f 1461//1461 1456//1456 1484//1484
f 2210//2210 377//377 2177//2177
f 1860//1860 1479//1479 1538//1538
f 1860//1860 204//204 1479//1479
f 2293//2293 2294//2294 2295//2295
f 390//390 2239//2239 2296//2296
f 2298//2298 2217//2217 2297//2297
f 2299//2299 2288//2288 1509//1509
f 2300//2300 2288//2288 2299//2299
f 2269//2269 1452//1452 2211//2211
f 488//488 489//489 2301//2301
f 2304//2304 2303//2303 2302//2302
f 465//465 356//356 2245//2245
f 2306//2306 2264//2264 2305//2305
f 2307//2307 2288//2288 2287//2287
f 2304//2304 2308//2308 2303//2303
f 2309//2309 2216//2216 2298//2298
f 2298//2298 2216//2216 2217//2217
f 2222//2222 411//411 2285//2285
f 2312//2312 2311//2311 2310//2310
f 2312//2312 2313//2313 2311//2311
f 2316//2316 2315//2315 2314//2314
f 1452//1452 2269//2269 1453//1453
f 366//366 367//367 2222//2222
f 2297//2297 1469//1469 1509//1509
f 2307//2307 2302//2302 2317//2317
f 2297//2297 2288//2288 2317//2317
f 2307//2307 2317//2317 2288//2288
f 2317//2317 2302//2302 2318//2318
f 2318//2318 2319//2319 2320//2320
f 2321//2321 2201//2201 2175//2175
f 2322//2322 533//533 532//532
f 532//532 2306//2306 2322//2322
f 2100//2100 348//348 349//349
f 2306//2306 2263//2263 2264//2264
f 2322//2322 2323//2323 2324//2324
f 1459//1459 1457//1457 2216//2216
f 178//178 2215//2215 177//177
f 1453//1453 2215//2215 178//178
f 2325//2325 2227//2227 2192//2192
f 2326//2326 2227//2227 2325//2325
f 2327//2327 382//382 369//369
f 2329//2329 2328//2328 368//368
f 369//369 349//349 350//350
f 371//371 349//349 369//369
f 1489//1489 2285//2285 2100//2100
f 2284//2284 1511//1511 2283//2283
f 2283//2283 2189//2189 2284//2284
f 2165//2165 2330//2330 2167//2167
f 2331//2331 2226//2226 289//289
f 2213//2213 2228//2228 2265//2265
f 2213//2213 2224//2224 287//287
f 2129//2129 2332//2332 2187//2187
f 1457//1457 179//179 177//177
f 1458//1458 179//179 1457//1457
f 372//372 2333//2333 374//374
f 2334//2334 1467//1467 1469//1469
f 1469//1469 2297//2297 2334//2334
f 2242//2242 2335//2335 2276//2276
f 368//368 2264//2264 367//367
f 2336//2336 2337//2337 533//533
f 531//531 533//533 2337//2337
f 2216//2216 1457//1457 177//177
f 2220//2220 2219//2219 2338//2338
f 361//361 2340//2340 2339//2339
f 2216//2216 2329//2329 1459//1459
f 348//348 2100//2100 2285//2285
f 2263//2263 2306//2306 2290//2290
f 2296//2296 2341//2341 390//390
f 2342//2342 615//615 614//614
f 2343//2343 541//541 2344//2344
f 2345//2345 2277//2277 2346//2346
f 2347//2347 2346//2346 2277//2277
f 2180//2180 396//396 2348//2348
f 2349//2349 2180//2180 2348//2348
f 2276//2276 2335//2335 2314//2314
f 479//479 480//480 2350//2350
f 2351//2351 1125//1125 1127//1127
f 2352//2352 2353//2353 2354//2354
f 2356//2356 2355//2355 2276//2276
f 2357//2357 2358//2358 513//513
f 2357//2357 513//513 2359//2359
f 2360//2360 2341//2341 2296//2296
f 389//389 2361//2361 2240//2240
f 2364//2364 2363//2363 2362//2362
f 376//376 2210//2210 2365//2365
f 2365//2365 2366//2366 2367//2367
f 2368//2368 2369//2369 2370//2370
f 2347//2347 2277//2277 2278//2278
f 2278//2278 2371//2371 2347//2347
f 2371//2371 2278//2278 373//373
f 373//373 374//374 2371//2371
f 375//375 447//447 2372//2372
f 2373//2373 2367//2367 2374//2374
f 458//458 460//460 2281//2281
f 2034//2034 2024//2024 2033//2033
f 2375//2375 2346//2346 2347//2347
f 2376//2376 2377//2377 2378//2378
f 2379//2379 355//355 465//465
f 2380//2380 2381//2381 2382//2382
f 2243//2243 370//370 360//360
f 2383//2383 2346//2346 2218//2218
f 2375//2375 2384//2384 2218//2218
f 2208//2208 443//443 2385//2385
f 2367//2367 2366//2366 2386//2386
f 2376//2376 2255//2255 2257//2257
f 2347//2347 2387//2387 2375//2375
f 1546//1546 163//163 1373//1373
f 381//381 362//362 360//360
f 2340//2340 2388//2388 2339//2339
f 2389//2389 2390//2390 2391//2391
f 2311//2311 2392//2392 2310//2310
f 2243//2243 360//360 2393//2393
f 2387//2387 2385//2385 2394//2394
f 2278//2278 2279//2279 2395//2395
f 178//178 179//179 1458//1458
f 178//178 1458//1458 1452//1452
f 2396//2396 2397//2397 2398//2398
f 1389//1389 1392//1392 1493//1493
f 390//390 389//389 2239//2239
f 2399//2399 362//362 381//381
f 2401//2401 2400//2400 496//496
f 2389//2389 2391//2391 2402//2402
f 2394//2394 2385//2385 443//443
f 2403//2403 372//372 373//373
f 2278//2278 2395//2395 373//373
f 2322//2322 2306//2306 2305//2305
f 2385//2385 2347//2347 2371//2371
f 2347//2347 2385//2385 2387//2387
f 2404//2404 2352//2352 2390//2390
f 2407//2407 2406//2406 2405//2405
f 355//355 2379//2379 2408//2408
f 2410//2410 2409//2409 2280//2280
f 2395//2395 2279//2279 2411//2411
f 2409//2409 2281//2281 2280//2280
f 2413//2413 2412//2412 2360//2360
f 458//458 2281//2281 2409//2409
f 2413//2413 2239//2239 2414//2414
f 1530//1530 2139//2139 1528//1528
f 2375//2375 2387//2387 2415//2415
f 2394//2394 2415//2415 2387//2387
f 2384//2384 2375//2375 2415//2415
f 465//465 2245//2245 2240//2240
f 507//507 2417//2417 2416//2416
f 16//16 2417//2417 507//507
f 2418//2418 2419//2419 2420//2420
f 2421//2421 1953//1953 1954//1954
f 2240//2240 2414//2414 2239//2239
f 2424//2424 2423//2423 2422//2422
f 2159//2159 2200//2200 2198//2198
f 2425//2425 2426//2426 2427//2427
f 2429//2429 2198//2198 2428//2428
f 453//453 2430//2430 2419//2419
f 2419//2419 2430//2430 2431//2431
f 453//453 2190//2190 2430//2430
f 2316//2316 2363//2363 2364//2364
f 111//111 2432//2432 311//311
f 465//465 2240//2240 2433//2433
f 448//448 375//375 376//376
f 2163//2163 2434//2434 2435//2435
f 2356//2356 2276//2276 2314//2314
f 2431//2431 2420//2420 2419//2419
f 2340//2340 361//361 362//362
f 2346//2346 2375//2375 2218//2218
f 2434//2434 2357//2357 2435//2435
f 2413//2413 2360//2360 2296//2296
f 2296//2296 2239//2239 2413//2413
f 2437//2437 2248//2248 2436//2436
f 2440//2440 2439//2439 2438//2438
f 2441//2441 2440//2440 2438//2438
f 522//522 475//475 2442//2442
f 522//522 2442//2442 2443//2443
f 2444//2444 507//507 2416//2416
f 2235//2235 2169//2169 160//160
f 2445//2445 2446//2446 2267//2267
f 2235//2235 1516//1516 1511//1511
f 2223//2223 113//113 2447//2447
f 2448//2448 2444//2444 2449//2449
f 935//935 937//937 2450//2450
f 452//452 453//453 2419//2419
f 408//408 2410//2410 2280//2280
f 2410//2410 2451//2451 2409//2409
f 2454//2454 2453//2453 2452//2452
f 2456//2456 2455//2455 2196//2196
f 2457//2457 2292//2292 17//17
f 2241//2241 2250//2250 2225//2225
f 2458//2458 2372//2372 447//447
f 409//409 2065//2065 111//111
f 2459//2459 2181//2181 2167//2167
f 2459//2459 2460//2460 2181//2181
f 2202//2202 2460//2460 2459//2459
f 2198//2198 2251//2251 2236//2236
f 429//429 2144//2144 2201//2201
f 429//429 2201//2201 2461//2461
f 426//426 2462//2462 442//442
f 1686//1686 2410//2410 408//408
f 2464//2464 2463//2463 412//412
f 2465//2465 2466//2466 403//403
f 2124//2124 2130//2130 2187//2187
f 2386//2386 2468//2468 2467//2467
f 2134//2134 2469//2469 2164//2164
f 112//112 2149//2149 2193//2193
f 2470//2470 401//401 403//403
f 403//403 2202//2202 2470//2470
f 441//441 401//401 2470//2470
f 511//511 2471//2471 2472//2472
f 511//511 2472//2472 2473//2473
f 412//412 2463//2463 421//421
f 2464//2464 412//412 413//413
f 535//535 442//442 1952//1952
f 1952//1952 534//534 535//535
f 2151//2151 2453//2453 2150//2150
f 401//401 2438//2438 402//402
f 2434//2434 2358//2358 2357//2357
f 1952//1952 1953//1953 2474//2474
f 2474//2474 534//534 1952//1952
f 2475//2475 2178//2178 2476//2476
f 2292//2292 2477//2477 438//438
f 536//536 2449//2449 2478//2478
f 2066//2066 2064//2064 2479//2479
f 2440//2440 534//534 2474//2474
f 2481//2481 2476//2476 2480//2480
f 2482//2482 2481//2481 2480//2480
f 2480//2480 2178//2178 2179//2179
f 2178//2178 2480//2480 2476//2476
f 2238//2238 436//436 2483//2483
f 2238//2238 2360//2360 2195//2195
f 2372//2372 2458//2458 2152//2152
f 2469//2469 2349//2349 2164//2164
f 2198//2198 2200//2200 2251//2251
f 2203//2203 2460//2460 2202//2202
f 2262//2262 2273//2273 2274//2274
f 2484//2484 2260//2260 2225//2225
f 2250//2250 2484//2484 2225//2225
f 2485//2485 2486//2486 2372//2372
f 2486//2486 377//377 375//375
f 444//444 2208//2208 2487//2487
f 2116//2116 2065//2065 409//409
f 373//373 2411//2411 2403//2403
f 2456//2456 2488//2488 2471//2471
f 2413//2413 2414//2414 2489//2489
f 448//448 2373//2373 2490//2490
f 376//376 2373//2373 448//448
f 2301//2301 2491//2491 355//355
f 2395//2395 2411//2411 373//373
f 2492//2492 2493//2493 431//431
f 432//432 431//431 2493//2493
f 2494//2494 2495//2495 2496//2496
f 448//448 2490//2490 2497//2497
f 448//448 2497//2497 447//447
f 375//375 2372//2372 2486//2486
f 488//488 2301//2301 2498//2498
f 2449//2449 2441//2441 2448//2448
f 422//422 423//423 2192//2192
f 2490//2490 2499//2499 2497//2497
f 421//421 2500//2500 423//423
f 2503//2503 2502//2502 2501//2501
f 2504//2504 2505//2505 2506//2506
f 2507//2507 2508//2508 2509//2509
f 2510//2510 2509//2509 2508//2508
f 2374//2374 2386//2386 2467//2467
f 2374//2374 2467//2467 2499//2499
f 2512//2512 481//481 2511//2511
f 2500//2500 421//421 2454//2454
f 2513//2513 2205//2205 2206//2206
f 2516//2516 2515//2515 2514//2514
f 2206//2206 2517//2517 2495//2495
f 2208//2208 2385//2385 2371//2371
f 374//374 2208//2208 2371//2371
f 2383//2383 2518//2518 2345//2345
f 607//607 2016//2016 608//608
f 608//608 2016//2016 1887//1887
f 629//629 2519//2519 2510//2510
f 468//468 2520//2520 466//466
f 477//477 476//476 509//509
f 2521//2521 2508//2508 2507//2507
f 538//538 2522//2522 527//527
f 2524//2524 2523//2523 2520//2520
f 2116//2116 409//409 2465//2465
f 2439//2439 2116//2116 2465//2465
f 2179//2179 2479//2479 2525//2525
f 2471//2471 511//511 2358//2358
f 2455//2455 2471//2471 2358//2358
f 2471//2471 2455//2455 2456//2456
f 2434//2434 2455//2455 2358//2358
f 2434//2434 2163//2163 2455//2455
f 2522//2522 538//538 537//537
f 2191//2191 2176//2176 2325//2325
f 2527//2527 473//473 2526//2526
f 536//536 2478//2478 535//535
f 2460//2460 396//396 2181//2181
f 2449//2449 2528//2528 2478//2478
f 2529//2529 2503//2503 2501//2501
f 511//511 513//513 2358//2358
f 2530//2530 520//520 2531//2531
f 2534//2534 2533//2533 2532//2532
f 2348//2348 396//396 397//397
f 2536//2536 405//405 2535//2535
f 2052//2052 545//545 594//594
f 1876//1876 2110//2110 2186//2186
f 2186//2186 2110//2110 2027//2027
f 2539//2539 2538//2538 2537//2537
f 2540//2540 1465//1465 1464//1464
f 337//337 561//561 335//335
f 2541//2541 399//399 398//398
f 2544//2544 2543//2543 2542//2542
f 18//18 441//441 2470//2470
f 2202//2202 18//18 2470//2470
f 2159//2159 17//17 18//18
f 495//495 2381//2381 2545//2545
f 498//498 472//472 2528//2528
f 2528//2528 2449//2449 498//498
f 2546//2546 2547//2547 2548//2548
f 2549//2549 336//336 335//335
f 2552//2552 2551//2551 2550//2550
f 2159//2159 2158//2158 2200//2200
f 2377//2377 2553//2553 2096//2096
f 2369//2369 337//337 336//336
f 2554//2554 337//337 2369//2369
f 503//503 337//337 2554//2554
f 512//512 2555//2555 513//513
f 2557//2557 2554//2554 2556//2556
f 2557//2557 503//503 2554//2554
f 2558//2558 503//503 2557//2557
f 2526//2526 2560//2560 2559//2559
f 2501//2501 2369//2369 336//336
f 2501//2501 2502//2502 2369//2369
f 2561//2561 2502//2502 2503//2503
f 401//401 508//508 2448//2448
f 401//401 2448//2448 2438//2438
f 2444//2444 508//508 507//507
f 2199//2199 2158//2158 2459//2459
f 2459//2459 2158//2158 2202//2202
f 2376//2376 2378//2378 2562//2562
f 2562//2562 2255//2255 2376//2376
f 433//433 2560//2560 2526//2526
f 2526//2526 2563//2563 433//433
f 499//499 945//945 946//946
f 945//945 499//499 869//869
f 958//958 904//904 960//960
f 2565//2565 2564//2564 434//434
f 2520//2520 472//472 473//473
f 2566//2566 2493//2493 2562//2562
f 2488//2488 2472//2472 2471//2471
f 355//355 2408//2408 2301//2301
f 2567//2567 2568//2568 2569//2569
f 2336//2336 2570//2570 2337//2337
f 496//496 497//497 518//518
f 496//496 518//518 2401//2401
f 1129//1129 2351//2351 1130//1130
f 2338//2338 2219//2219 2571//2571
f 2572//2572 2256//2256 2492//2492
f 2574//2574 1038//1038 2573//2573
f 2576//2576 2575//2575 2146//2146
f 2577//2577 2400//2400 2401//2401
f 2256//2256 2572//2572 2257//2257
f 2578//2578 2498//2498 2234//2234
f 2547//2547 354//354 2579//2579
f 2512//2512 2511//2511 2467//2467
f 469//469 470//470 415//415
f 2580//2580 2177//2177 377//377
f 2580//2580 377//377 2486//2486
f 2498//2498 2301//2301 2408//2408
f 2581//2581 462//462 461//461
f 2392//2392 2311//2311 380//380
f 2582//2582 2097//2097 2098//2098
f 2417//2417 2357//2357 2359//2359
f 2583//2583 2548//2548 2579//2579
f 2538//2538 2568//2568 2537//2537
f 496//496 2585//2585 2584//2584
f 2585//2585 496//496 2400//2400
f 2546//2546 2587//2587 2586//2586
f 2546//2546 2586//2586 2588//2588
f 2589//2589 2588//2588 2586//2586
f 2377//2377 2556//2556 2553//2553
f 2590//2590 2279//2279 2345//2345
f 2518//2518 2590//2590 2345//2345
f 2547//2547 2579//2579 2548//2548
f 2378//2378 2586//2586 2562//2562
f 489//489 2491//2491 2301//2301
f 2591//2591 2592//2592 2593//2593
f 2593//2593 2592//2592 2594//2594
f 2568//2568 2538//2538 2569//2569
f 2317//2317 2595//2595 2297//2297
f 565//565 2597//2597 2596//2596
f 2378//2378 2589//2589 2586//2586
f 2376//2376 2257//2257 2556//2556
f 2218//2218 2384//2384 2219//2219
f 489//489 2583//2583 2491//2491
f 2220//2220 2599//2599 2598//2598
f 2232//2232 2234//2234 2498//2498
f 2232//2232 2498//2498 2408//2408
f 488//488 2600//2600 490//490
f 2496//2496 2386//2386 2366//2366
f 2582//2582 2247//2247 2601//2601
f 2602//2602 484//484 486//486
f 488//488 2498//2498 2578//2578
f 1460//1460 974//974 2603//2603
f 2604//2604 2583//2583 490//490
f 490//490 2583//2583 489//489
f 2600//2600 2569//2569 2538//2538
f 2600//2600 488//488 2578//2578
f 2605//2605 2600//2600 2578//2578
f 2606//2606 2593//2593 2594//2594
f 2606//2606 2607//2607 2608//2608
f 2611//2611 2610//2610 2609//2609
f 2610//2610 2611//2611 2612//2612
f 2499//2499 481//481 2613//2613
f 2499//2499 2613//2613 2497//2497
f 480//480 481//481 2512//2512
f 2240//2240 2244//2244 2414//2414
f 2245//2245 2244//2244 2240//2240
f 354//354 2547//2547 530//530
f 2604//2604 2614//2614 2548//2548
f 2614//2614 2604//2604 2539//2539
f 389//389 391//391 2615//2615
f 2588//2588 2616//2616 2547//2547
f 2546//2546 2588//2588 2547//2547
f 2547//2547 2616//2616 530//530
f 2617//2617 2249//2249 2618//2618
f 2556//2556 2377//2377 2376//2376
f 2593//2593 2518//2518 2591//2591
f 2345//2345 2346//2346 2383//2383
f 2489//2489 2414//2414 2244//2244
f 2499//2499 2490//2490 2374//2374
f 2583//2583 2604//2604 2548//2548
f 2569//2569 2600//2600 2605//2605
f 2594//2594 2607//2607 2606//2606
f 2377//2377 2097//2097 2589//2589
f 2097//2097 2582//2582 2616//2616
f 2616//2616 2582//2582 2601//2601
f 2096//2096 2368//2368 2619//2619
f 2620//2620 2605//2605 2578//2578
f 2538//2538 490//490 2600//2600
f 994//994 992//992 1001//1001
f 1001//1001 107//107 994//994
f 2621//2621 518//518 497//497
f 2622//2622 431//431 2623//2623
f 2390//2390 2352//2352 2624//2624
f 2626//2626 2625//2625 2621//2621
f 2493//2493 2492//2492 2256//2256
f 2493//2493 2256//2256 2255//2255
f 2255//2255 2562//2562 2493//2493
f 2628//2628 2627//2627 417//417
f 1460//1460 2603//2603 2308//2308
f 2308//2308 2603//2603 2629//2629
f 497//497 2630//2630 2621//2621
f 517//517 519//519 2612//2612
f 2632//2632 2629//2629 2631//2631
f 470//470 471//471 2633//2633
f 415//415 999//999 469//469
f 2534//2534 2063//2063 2533//2533
f 2634//2634 2568//2568 2567//2567
f 1128//1128 974//974 972//972
f 2635//2635 2636//2636 2637//2637
f 1531//1531 2639//2639 2638//2638
f 1146//1146 2639//2639 1531//1531
f 2607//2607 2640//2640 517//517
f 2577//2577 2401//2401 2640//2640
f 2577//2577 2640//2640 2594//2594
f 2398//2398 2397//2397 2353//2353
f 2397//2397 2354//2354 2353//2353
f 430//430 2641//2641 2504//2504
f 2623//2623 430//430 2504//2504
f 2380//2380 2643//2643 2642//2642
f 2645//2645 2532//2532 2644//2644
f 114//114 986//986 2646//2646
f 2647//2647 2648//2648 2529//2529
f 2390//2390 2624//2624 2391//2391
f 2391//2391 430//430 432//432
f 430//430 2624//2624 2641//2641
f 2391//2391 2624//2624 430//430
f 2636//2636 2626//2626 2649//2649
f 2626//2626 2636//2636 2635//2635
f 335//335 2650//2650 2549//2549
f 560//560 2650//2650 335//335
f 1055//1055 999//999 456//456
f 456//456 999//999 2651//2651
f 457//457 456//456 2651//2651
f 2652//2652 2636//2636 2649//2649
f 2653//2653 2642//2642 469//469
f 2655//2655 2654//2654 2205//2205
f 2652//2652 2656//2656 2636//2636
f 2657//2657 2637//2637 2656//2656
f 2636//2636 2656//2656 2637//2637
f 363//363 1000//1000 2658//2658
f 2659//2659 2660//2660 2661//2661
f 2662//2662 2663//2663 2664//2664
f 2666//2666 2665//2665 515//515
f 2667//2667 2668//2668 2669//2669
f 1011//1011 1123//1123 987//987
f 976//976 1106//1106 977//977
f 2400//2400 2671//2671 2670//2670
f 2673//2673 2581//2581 2672//2672
f 2672//2672 2674//2674 2673//2673
f 2675//2675 1127//1127 2628//2628
f 2676//2676 2632//2632 2631//2631
f 2677//2677 2659//2659 2678//2678
f 992//992 2679//2679 1001//1001
f 1150//1150 147//147 244//244
f 2649//2649 2680//2680 2652//2652
f 2640//2640 2607//2607 2594//2594
f 2401//2401 517//517 2640//2640
f 999//999 998//998 2651//2651
f 2632//2632 2670//2670 2629//2629
f 2651//2651 998//998 2681//2681
f 464//464 1140//1140 461//461
f 995//995 1140//1140 464//464
f 2683//2683 2682//2682 1492//1492
f 2682//2682 2683//2683 487//487
f 2380//2380 2545//2545 2381//2381
f 2400//2400 2670//2670 2585//2585
f 2577//2577 2599//2599 2671//2671
f 2598//2598 2599//2599 2592//2592
f 2383//2383 2218//2218 2598//2598
f 1385//1385 2574//2574 2573//2573
f 1127//1127 2675//2675 1130//1130
f 1130//1130 2351//2351 1127//1127
f 2684//2684 2340//2340 362//362
f 2684//2684 362//362 2399//2399
f 1140//1140 995//995 2685//2685
f 2686//2686 2685//2685 2687//2687
f 2687//2687 2685//2685 493//493
f 493//493 491//491 2687//2687
f 87//87 1000//1000 85//85
f 1000//1000 107//107 1001//1001
f 107//107 1000//1000 363//363
f 105//105 106//106 2688//2688
f 992//992 993//993 2651//2651
f 2670//2670 2632//2632 2585//2585
f 462//462 2581//2581 2689//2689
f 2689//2689 2690//2690 462//462
f 2689//2689 2581//2581 2673//2673
f 245//245 977//977 2691//2691
f 1127//1127 2627//2627 2628//2628
f 2681//2681 992//992 2651//2651
f 2663//2663 2692//2692 2664//2664
f 2693//2693 106//106 365//365
f 2668//2668 2666//2666 515//515
f 514//514 2694//2694 515//515
f 106//106 2695//2695 2688//2688
f 2695//2695 106//106 2693//2693
f 2697//2697 2696//2696 936//936
f 2596//2596 2698//2698 2699//2699
f 2702//2702 2701//2701 2700//2700
f 2663//2663 2669//2669 2692//2692
f 1042//1042 1043//1043 2690//2690
f 2705//2705 2704//2704 2703//2703
f 470//470 2633//2633 416//416
f 2642//2642 2652//2652 2680//2680
f 2381//2381 2584//2584 2676//2676
f 2706//2706 1074//1074 1073//1073
f 2707//2707 2694//2694 514//514
f 495//495 2584//2584 2381//2381
f 457//457 2662//2662 455//455
f 2662//2662 457//457 2663//2663
f 2651//2651 2663//2663 457//457
f 993//993 2663//2663 2651//2651
f 1140//1140 2685//2685 2708//2708
f 2685//2685 995//995 493//493
f 432//432 2402//2402 2391//2391
f 1781//1781 2648//2648 2709//2709
f 2505//2505 2710//2710 2506//2506
f 2711//2711 2686//2686 2712//2712
f 2685//2685 2686//2686 2711//2711
f 401//401 441//441 508//508
f 16//16 508//508 441//441
f 2417//2417 16//16 2435//2435
f 1043//1043 1044//1044 1003//1003
f 516//516 2714//2714 2713//2713
f 510//510 2559//2559 2560//2560
f 2716//2716 2715//2715 2686//2686
f 2715//2715 2716//2716 1145//1145
f 560//560 2717//2717 2718//2718
f 2719//2719 2720//2720 1146//1146
f 2721//2721 946//946 963//963
f 963//963 946//946 944//944
f 2722//2722 2723//2723 2724//2724
f 2722//2722 2725//2725 2723//2723
f 2726//2726 2727//2727 2728//2728
f 2555//2555 512//512 2729//2729
f 400//400 2730//2730 560//560
f 2561//2561 2369//2369 2502//2502
f 2731//2731 2732//2732 2733//2733
f 2243//2243 1529//1529 370//370
f 2283//2283 1510//1510 2282//2282
f 2734//2734 2735//2735 2736//2736
f 927//927 2723//2723 2737//2737
f 1894//1894 1892//1892 2738//2738
f 2435//2435 16//16 2292//2292
f 2697//2697 1892//1892 2739//2739
f 2717//2717 2552//2552 2740//2740
f 1781//1781 2709//2709 2741//2741
f 400//400 560//560 504//504
f 1783//1783 510//510 2560//2560
f 2742//2742 936//936 935//935
f 2704//2704 2743//2743 2703//2703
f 2744//2744 2739//2739 2745//2745
f 2697//2697 2739//2739 2744//2744
f 2369//2369 2561//2561 2370//2370
f 2444//2444 2448//2448 508//508
f 2707//2707 514//514 2505//2505
f 466//466 476//476 475//475
f 2747//2747 2746//2746 935//935
f 935//935 2746//2746 2742//2742
f 2730//2730 399//399 2748//2748
f 2369//2369 2368//2368 2554//2554
f 510//510 1783//1783 509//509
f 398//398 2749//2749 2541//2541
f 2752//2752 2751//2751 2750//2750
f 2734//2734 2753//2753 2735//2735
f 509//509 1783//1783 2754//2754
f 2754//2754 1783//1783 2755//2755
f 510//510 476//476 2559//2559
f 1782//1782 1783//1783 2560//2560
f 2758//2758 2757//2757 2756//2756
f 2730//2730 2717//2717 560//560
f 591//591 2759//2759 2731//2731
f 2759//2759 591//591 2760//2760
f 2749//2749 506//506 2761//2761
f 2492//2492 2622//2622 2572//2572
f 2710//2710 2572//2572 2622//2622
f 2492//2492 431//431 2622//2622
f 2762//2762 2763//2763 2764//2764
f 2572//2572 2765//2765 2257//2257
f 2257//2257 2765//2765 2557//2557
f 2556//2556 2257//2257 2557//2557
f 2557//2557 2765//2765 2558//2558
f 2568//2568 2766//2766 2537//2537
f 2537//2537 2766//2766 2389//2389
f 2390//2390 2389//2389 2766//2766
f 505//505 503//503 2558//2558
f 2767//2767 2744//2744 2541//2541
f 506//506 505//505 2761//2761
f 2623//2623 431//431 430//430
f 2763//2763 2762//2762 2718//2718
f 2768//2768 2717//2717 2730//2730
f 2763//2763 2769//2769 2764//2764
f 2565//2565 2770//2770 2529//2529
f 2504//2504 2707//2707 2505//2505
f 2764//2764 2769//2769 2771//2771
f 2772//2772 2773//2773 2762//2762
f 2173//2173 2172//2172 2494//2494
f 2517//2517 2496//2496 2495//2495
f 2564//2564 2648//2648 1781//1781
f 2495//2495 2494//2494 2172//2172
f 2206//2206 2204//2204 2517//2517
f 2468//2468 2517//2517 2204//2204
f 2172//2172 2206//2206 2495//2495
f 2520//2520 468//468 2524//2524
f 2507//2507 2774//2774 2443//2443
f 399//399 2541//2541 2748//2748
f 2748//2748 2541//2541 2744//2744
f 2770//2770 2565//2565 434//434
f 2775//2775 613//613 615//615
f 2763//2763 2718//2718 2717//2717
f 2776//2776 2777//2777 2253//2253
f 2739//2739 2778//2778 2745//2745
f 2662//2662 2664//2664 2779//2779
f 2542//2542 2543//2543 2780//2780
f 1893//1893 2778//2778 2739//2739
f 2719//2719 2777//2777 2720//2720
f 2781//2781 2725//2725 2782//2782
f 2703//2703 2755//2755 2705//2705
f 2662//2662 2779//2779 455//455
f 2783//2783 2613//2613 2784//2784
f 2062//2062 613//613 2775//2775
f 2507//2507 2443//2443 2521//2521
f 612//612 2785//2785 611//611
f 107//107 363//363 106//106
f 365//365 106//106 363//363
f 2787//2787 2786//2786 627//627
f 2788//2788 2789//2789 2790//2790
f 2792//2792 784//784 2791//2791
f 2793//2793 1009//1009 1010//1010
f 2794//2794 2702//2702 2700//2700
f 2795//2795 2796//2796 614//614
f 509//509 2797//2797 2798//2798
f 509//509 2798//2798 477//477
f 618//618 2799//2799 616//616
f 2049//2049 2050//2050 2800//2800
f 2802//2802 2542//2542 2801//2801
f 2704//2704 2803//2803 2644//2644
f 2804//2804 2805//2805 2806//2806
f 2807//2807 2806//2806 2805//2805
f 2810//2810 2809//2809 2808//2808
f 2811//2811 2812//2812 2813//2813
f 1983//1983 2812//2812 2811//2811
f 2775//2775 2814//2814 2815//2815
f 2816//2816 551//551 2817//2817
f 2816//2816 2817//2817 2818//2818
f 2798//2798 2797//2797 1008//1008
f 2803//2803 2645//2645 2644//2644
f 2821//2821 2820//2820 2819//2819
f 2704//2704 2644//2644 2743//2743
f 565//565 567//567 2822//2822
f 2797//2797 509//509 2754//2754
f 2824//2824 2823//2823 2817//2817
f 2825//2825 1009//1009 2793//2793
f 2827//2827 2826//2826 2534//2534
f 2828//2828 2817//2817 551//551
f 2828//2828 551//551 550//550
f 2787//2787 2530//2530 2829//2829
f 1010//1010 2061//2061 2062//2062
f 2061//2061 1010//1010 1008//1008
f 2830//2830 2794//2794 2700//2700
f 2795//2795 2826//2826 2827//2827
f 2786//2786 629//629 627//627
f 2831//2831 2832//2832 2825//2825
f 2830//2830 2834//2834 2833//2833
f 2835//2835 2834//2834 2830//2830
f 2533//2533 2644//2644 2532//2532
f 2756//2756 2836//2836 2726//2726
f 2837//2837 2832//2832 2442//2442
f 2442//2442 475//475 2837//2837
f 618//618 2838//2838 2799//2799
f 2833//2833 2839//2839 2042//2042
f 2775//2775 1010//1010 2062//2062
f 2828//2828 550//550 2840//2840
f 2815//2815 2793//2793 1010//1010
f 1781//1781 2741//2741 1783//1783
f 2075//2075 595//595 597//597
f 2076//2076 2075//2075 597//597
f 2841//2841 2704//2704 2705//2705
f 468//468 425//425 424//424
f 2774//2774 425//425 468//468
f 529//529 406//406 405//405
f 2081//2081 1993//1993 2019//2019
f 2559//2559 2527//2527 2526//2526
f 2520//2520 2527//2527 466//466
f 551//551 2816//2816 549//549
f 549//549 2816//2816 627//627
f 541//541 2842//2842 2344//2344
f 540//540 2843//2843 542//542
f 2845//2845 2844//2844 2815//2815
f 971//971 2827//2827 2534//2534
f 2794//2794 2846//2846 2750//2750
f 2849//2849 2848//2848 2847//2847
f 2700//2700 2701//2701 2830//2830
f 734//734 2850//2850 732//732
f 2851//2851 2852//2852 2812//2812
f 2853//2853 2785//2785 612//612
f 2008//2008 2057//2057 2055//2055
f 2854//2854 2783//2783 2855//2855
f 2857//2857 2824//2824 2856//2856
f 2835//2835 2701//2701 2858//2858
f 2861//2861 2860//2860 2859//2859
f 2847//2847 2848//2848 2831//2831
f 2146//2146 2575//2575 2862//2862
f 2576//2576 2863//2863 2535//2535
f 2863//2863 2864//2864 2535//2535
f 2865//2865 2866//2866 2867//2867
f 2838//2838 2702//2702 2868//2868
f 404//404 2869//2869 2862//2862
f 2857//2857 2856//2856 2870//2870
f 2857//2857 2870//2870 2843//2843
f 2871//2871 2872//2872 2873//2873
f 238//238 254//254 94//94
f 2874//2874 2873//2873 2875//2875
f 558//558 2877//2877 2876//2876
f 2817//2817 2828//2828 2824//2824
f 2824//2824 2828//2828 2856//2856
f 2801//2801 2758//2758 2878//2878
f 2880//2880 2820//2820 2879//2879
f 2881//2881 2882//2882 2883//2883
f 2872//2872 2884//2884 2343//2343
f 2343//2343 2885//2885 2872//2872
f 2886//2886 2800//2800 2887//2887
f 2813//2813 1936//1936 2811//2811
f 2888//2888 2838//2838 618//618
f 2856//2856 2839//2839 2834//2834
f 2889//2889 2887//2887 2131//2131
f 2743//2743 2890//2890 2891//2891
f 2830//2830 2701//2701 2835//2835
f 2868//2868 2751//2751 2799//2799
f 2783//2783 2892//2892 2893//2893
f 2896//2896 2895//2895 2894//2894
f 2889//2889 2131//2131 2888//2888
f 2897//2897 2889//2889 2888//2888
f 2069//2069 610//610 2879//2879
f 2820//2820 2069//2069 2879//2879
f 2899//2899 1817//1817 2898//2898
f 2873//2873 2872//2872 2885//2885
f 2029//2029 543//543 545//545
f 2886//2886 2887//2887 2889//2889
f 2008//2008 526//526 527//527
f 2887//2887 2900//2900 2030//2030
f 2003//2003 2001//2001 2901//2901
f 607//607 606//606 2024//2024
f 2790//2790 2789//2789 2899//2899
f 2868//2868 2799//2799 2838//2838
f 2858//2858 2003//2003 2901//2901
f 2902//2902 970//970 971//971
f 2751//2751 2868//2868 2750//2750
f 1008//1008 1009//1009 2798//2798
f 969//969 2795//2795 2827//2827
f 596//596 2090//2090 626//626
f 479//479 2531//2531 520//520
f 2350//2350 2531//2531 479//479
f 2597//2597 2903//2903 2904//2904
f 2904//2904 2596//2596 2597//2597
f 2225//2225 2905//2905 287//287
f 287//287 2905//2905 289//289
f 2906//2906 566//566 565//565
f 1519//1519 2207//2207 2262//2262
f 2155//2155 2331//2331 2145//2145
f 2847//2847 2831//2831 2907//2907
f 2907//2907 2831//2831 2825//2825
f 2754//2754 2755//2755 2703//2703
f 2836//2836 2727//2727 2726//2726
f 2726//2726 2728//2728 2908//2908
f 2552//2552 2550//2550 2728//2728
f 2909//2909 2778//2778 1893//1893
f 1895//1895 2909//2909 1893//1893
f 2867//2867 2910//2910 2865//2865
f 2911//2911 2796//2796 969//969
f 2856//2856 2834//2834 2912//2912
f 2912//2912 2870//2870 2856//2856
f 2915//2915 2914//2914 2913//2913
f 2916//2916 733//733 732//732
f 2852//2852 2917//2917 2812//2812
f 2918//2918 2919//2919 591//591
f 2920//2920 2919//2919 2918//2918
f 2923//2923 2922//2922 2921//2921
f 2867//2867 2775//2775 615//615
f 2875//2875 2873//2873 2885//2885
f 2926//2926 2925//2925 2924//2924
f 2929//2929 2928//2928 2927//2927
f 2932//2932 2931//2931 2930//2930
f 2930//2930 2931//2931 2933//2933
f 2851//2851 2910//2910 2342//2342
f 2934//2934 2931//2931 2853//2853
f 2853//2853 2931//2931 2785//2785
f 2865//2865 2910//2910 2788//2788
f 2912//2912 2834//2834 2835//2835
f 1937//1937 1936//1936 2813//2813
f 2936//2936 2923//2923 2935//2935
f 2932//2932 2936//2936 2937//2937
f 2881//2881 2922//2922 2930//2930
f 2937//2937 2938//2938 2939//2939
f 2937//2937 2939//2939 611//611
f 2942//2942 2941//2941 2940//2940
f 2943//2943 1895//1895 2944//2944
f 1464//1464 2944//2944 1895//1895
f 1046//1046 1113//1113 1013//1013
f 1113//1113 1046//1046 1045//1045
f 2048//2048 2939//2939 734//734
f 611//611 2939//2939 2048//2048
f 2923//2923 2921//2921 2945//2945
f 959//959 2946//2946 2254//2254
f 2947//2947 961//961 2948//2948
f 2948//2948 961//961 953//953
f 953//953 961//961 293//293
f 2903//2903 2950//2950 2949//2949
f 1463//1463 2903//2903 2949//2949
f 736//736 968//968 2951//2951
f 638//638 237//237 1720//1720
f 1725//1725 2952//2952 2953//2953
f 2596//2596 2906//2906 565//565
f 2739//2739 1892//1892 1893//1893
f 778//778 968//968 749//749
f 1464//1464 2738//2738 2540//2540
f 289//289 2905//2905 2145//2145
f 289//289 2145//2145 2331//2331
f 784//784 783//783 2791//2791
f 956//956 2942//2942 954//954
f 768//768 2955//2955 2954//2954
f 2956//2956 2917//2917 2852//2852
f 2596//2596 2699//2699 2906//2906
f 338//338 2952//2952 2724//2724
f 2957//2957 2958//2958 2959//2959
f 2959//2959 2960//2960 2957//2957
f 2880//2880 2819//2819 2820//2820
f 542//542 2863//2863 2576//2576
f 2576//2576 2146//2146 542//542
f 2961//2961 2699//2699 2698//2698
f 2883//2883 2882//2882 2422//2422
f 2580//2580 2962//2962 2963//2963
f 2145//2145 2905//2905 2135//2135
f 1894//1894 2738//2738 1464//1464
f 1464//1464 1895//1895 1894//1894
f 2964//2964 2944//2944 1464//1464
f 2941//2941 2965//2965 2940//2940
f 2940//2940 2965//2965 928//928
f 1145//1145 2719//2719 1146//1146
f 2908//2908 2728//2728 2943//2943
f 403//403 2466//2466 2203//2203
f 2966//2966 2597//2597 565//565
f 2822//2822 2966//2966 565//565
f 2930//2930 2922//2922 2932//2932
f 2852//2852 2851//2851 2967//2967
f 2970//2970 2969//2969 2968//2968
f 2971//2971 2969//2969 2970//2970
f 567//567 2972//2972 2822//2822
f 2973//2973 2801//2801 2878//2878
f 2917//2917 2880//2880 1937//1937
f 2917//2917 1937//1937 2813//2813
f 2917//2917 2956//2956 2880//2880
f 598//598 2974//2974 600//600
f 2121//2121 1607//1607 1926//1926
f 2882//2882 2881//2881 2975//2975
f 2976//2976 2882//2882 2975//2975
f 957//957 2977//2977 813//813
f 2956//2956 2819//2819 2880//2880
f 2931//2931 2932//2932 2937//2937
f 2938//2938 2850//2850 2939//2939
f 2968//2968 2976//2976 2975//2975
f 2970//2970 2968//2968 2975//2975
f 1720//1720 237//237 1717//1717
f 807//807 1717//1717 237//237
f 2980//2980 2979//2979 2978//2978
f 2981//2981 2980//2980 2978//2978
f 2966//2966 2976//2976 2982//2982
f 2976//2976 2966//2966 2424//2424
f 2985//2985 2984//2984 2983//2983
f 708//708 2986//2986 1709//1709
f 2989//2989 2988//2988 2987//2987
f 2990//2990 2989//2989 2987//2987
f 1704//1704 775//775 2991//2991
f 2991//2991 775//775 191//191
f 2879//2879 610//610 2048//2048
f 2898//2898 2992//2992 617//617
f 2048//2048 610//610 611//611
f 931//931 2948//2948 953//953
f 925//925 953//953 293//293
f 293//293 294//294 925//925
f 2978//2978 2979//2979 2985//2985
f 2985//2985 2993//2993 2978//2978
f 2994//2994 2979//2979 2980//2980
f 2993//2993 2423//2423 2981//2981
f 2993//2993 2981//2981 2978//2978
f 2996//2996 2995//2995 2807//2807
f 737//737 968//968 736//736
f 2998//2998 2955//2955 2997//2997
f 2979//2979 2987//2987 2985//2985
f 2985//2985 2987//2987 2988//2988
f 1704//1704 2999//2999 708//708
f 2987//2987 2979//2979 2994//2994
f 2883//2883 2993//2993 2985//2985
f 3000//3000 2861//2861 419//419
f 36//36 34//34 3001//3001
f 755//755 3002//3002 3003//3003
f 3001//3001 580//580 36//36
f 3004//3004 3005//3005 2804//2804
f 2859//2859 3006//3006 2861//2861
f 2998//2998 2989//2989 548//548
f 3007//3007 778//778 546//546
f 3008//3008 3009//3009 2760//2760
f 1707//1707 576//576 575//575
f 1877//1877 320//320 3010//3010
f 2819//2819 3011//3011 2821//2821
f 3014//3014 3013//3013 3012//3012
f 2971//2971 2970//2970 2933//2933
f 770//770 736//736 2951//2951
f 2930//2930 2933//2933 2970//2970
f 419//419 3015//3015 418//418
f 581//581 580//580 3012//3012
f 3012//3012 580//580 3001//3001
f 571//571 572//572 577//577
f 3017//3017 3016//3016 300//300
f 1682//1682 3//3 1743//1743
f 3018//3018 738//738 555//555
f 19//19 21//21 721//721
f 3019//3019 2844//2844 2845//2845
f 2042//2042 2839//2839 2840//2840
f 2801//2801 2542//2542 3020//3020
f 2907//2907 2844//2844 3019//3019
f 388//388 387//387 1883//1883
f 1883//1883 3021//3021 388//388
f 777//777 807//807 775//775
f 2911//2911 3011//3011 2796//2796
f 2823//2823 2824//2824 2857//2857
f 2839//2839 2828//2828 2840//2840
f 3023//3023 3022//3022 1027//1027
f 718//718 2759//2759 3024//3024
f 3025//3025 3018//3018 299//299
f 3027//3027 3026//3026 387//387
f 20//20 82//82 84//84
f 20//20 84//84 571//571
f 619//619 3028//3028 630//630
f 2872//2872 2871//2871 2884//2884
f 2823//2823 2857//2857 2884//2884
f 84//84 3029//3029 571//571
f 315//315 1863//1863 1851//1851
f 2926//2926 592//592 2860//2860
f 2930//2930 2975//2975 2881//2881
f 793//793 622//622 620//620
f 3031//3031 2920//2920 3030//3030
f 2733//2733 721//721 720//720
f 3032//3032 3033//3033 3034//3034
f 2861//2861 3000//3000 2804//2804
f 2861//2861 2804//2804 3035//3035
f 590//590 3023//3023 1027//1027
f 2928//2928 3036//3036 2927//2927
f 128//128 127//127 639//639
f 2017//2017 2073//2073 2015//2015
f 2997//2997 2955//2955 3037//3037
f 219//219 202//202 201//201
f 2047//2047 734//734 733//733
f 2975//2975 2930//2930 2970//2970
f 738//738 1710//1710 3038//3038
f 3039//3039 2014//2014 2015//2015
f 746//746 582//582 339//339
f 2976//2976 2968//2968 2982//2982
f 3040//3040 3015//3015 3041//3041
f 3044//3044 3043//3043 3042//3042
f 3046//3046 1029//1029 3045//3045
f 3047//3047 3046//3046 3045//3045
f 3048//3048 3049//3049 3050//3050
f 1837//1837 1728//1728 283//283
f 2101//2101 1728//1728 1837//1837
f 563//563 564//564 37//37
f 2060//2060 3051//3051 1988//1988
f 3053//3053 700//700 3052//3052
f 3054//3054 3053//3053 3052//3052
f 306//306 307//307 3014//3014
f 3055//3055 3032//3032 3034//3034
f 201//201 218//218 219//219
f 805//805 1675//1675 1716//1716
f 59//59 60//60 3056//3056
f 3057//3057 333//333 334//334
f 712//712 3058//3058 3059//3059
f 3059//3059 3060//3060 712//712
f 3061//3061 3062//3062 3063//3063
f 2576//2576 405//405 2575//2575
f 2074//2074 3064//3064 1985//1985
f 3066//3066 1982//1982 3065//3065
f 3067//3067 1819//1819 1983//1983
f 3068//3068 3058//3058 712//712
f 1896//1896 1623//1623 1721//1721
f 418//418 3015//3015 3040//3040
f 836//836 225//225 224//224
f 3032//3032 3069//3069 3033//3033
f 2015//2015 3070//3070 3039//3039
f 36//36 3071//3071 35//35
f 569//569 1963//1963 2032//2032
f 2807//2807 3072//3072 2806//2806
f 2925//2925 2806//2806 3072//3072
f 3071//3071 36//36 2924//2924
f 3074//3074 3073//3073 701//701
f 3054//3054 2807//2807 3075//3075
f 3054//3054 3052//3052 3072//3072
f 3054//3054 3072//3072 2807//2807
f 3053//3053 3077//3077 3076//3076
f 1818//1818 1817//1817 2899//2899
f 3075//3075 3053//3053 3054//3054
f 2049//2049 2898//2898 1817//1817
f 2861//2861 3006//3006 419//419
f 3035//3035 2806//2806 2925//2925
f 3078//3078 2860//2860 590//590
f 592//592 590//590 2860//2860
f 3033//3033 3069//3069 2896//2896
f 2750//2750 2846//2846 2043//2043
f 2038//2038 2071//2071 2036//2036
f 616//616 2751//2751 3079//3079
f 1988//1988 3051//3051 2808//2808
f 3080//3080 1793//1793 1899//1899
f 1963//1963 1886//1886 2032//2032
f 3081//3081 3082//3082 3083//3083
f 3081//3081 3083//3083 3057//3057
f 3050//3050 3036//3036 3084//3084
f 1699//1699 1808//1808 1350//1350
f 3085//3085 1846//1846 947//947
f 1974//1974 2019//2019 1976//1976
f 2059//2059 1988//1988 3086//3086
f 2060//2060 2068//2068 3051//3051
f 3087//3087 3088//3088 3089//3089
f 1743//1743 1825//1825 1690//1690
f 3006//3006 3015//3015 419//419
f 1682//1682 1743//1743 1683//1683
f 3080//3080 1903//1903 1901//1901
f 3090//3090 1903//1903 3080//3080
f 269//269 1748//1748 1749//1749
f 563//563 37//37 39//39
f 3091//3091 2013//2013 2914//2914
f 2914//2914 2013//2013 2913//2913
f 2014//2014 3039//3039 2913//2913
f 2001//2001 1966//1966 1964//1964
f 1819//1819 3067//3067 2895//2895
f 2886//2886 2898//2898 2049//2049
f 2122//2122 309//309 1921//1921
f 309//309 2122//2122 310//310
f 3093//3093 3092//3092 2067//2067
f 1520//1520 1521//1521 2119//2119
f 2800//2800 2886//2886 2049//2049
f 732//732 3094//3094 3076//3076
f 2916//2916 732//732 3076//3076
f 1817//1817 1819//1819 3095//3095
f 702//702 3053//3053 3076//3076
f 2867//2867 615//615 2910//2910
f 3096//3096 3097//3097 596//596
f 596//596 3097//3097 2090//2090
f 2910//2910 615//615 2342//2342
f 2867//2867 2866//2866 2814//2814
f 2814//2814 2775//2775 2867//2867
f 2043//2043 2846//2846 2042//2042
f 2833//2833 2846//2846 2830//2830
f 3098//3098 1935//1935 2916//2916
f 3057//3057 3083//3083 3099//3099
f 2794//2794 2830//2830 2846//2846
f 2289//2289 2027//2027 3100//3100
f 2051//2051 2887//2887 2030//2030
f 2090//2090 3101//3101 2091//2091
f 3051//3051 1980//1980 3066//3066
f 333//333 3102//3102 332//332
f 296//296 315//315 285//285
f 296//296 285//285 284//284
f 3099//3099 1981//1981 3057//3057
f 333//333 1987//1987 3102//3102
f 3039//3039 3103//3103 2913//2913
f 3055//3055 3088//3088 3104//3104
f 3089//3089 3088//3088 3105//3105
f 3105//3105 3088//3088 3055//3055
f 3101//3101 3107//3107 3106//3106
f 1965//1965 1966//1966 1891//1891
f 3056//3056 2901//2901 1964//1964
f 59//59 3056//3056 1964//1964
f 2073//2073 2017//2017 1975//1975
f 2916//2916 3076//3076 3077//3077
f 2894//2894 2895//2895 3067//3067
f 3108//3108 2901//2901 3056//3056
f 2858//2858 2901//2901 3108//3108
f 3103//3103 3048//3048 3050//3050
f 3041//3041 3078//3078 3109//3109
f 1817//1817 3095//3095 2050//2050
f 3043//3043 3110//3110 3111//3111
f 2775//2775 2815//2815 1010//1010
f 2916//2916 3077//3077 3098//3098
f 2917//2917 2813//2813 2812//2812
f 3094//3094 702//702 3076//3076
f 3048//3048 3112//3112 3106//3106
f 3080//3080 1899//1899 3113//3113
f 3106//3106 3114//3114 3048//3048
f 2073//2073 1951//1951 2091//2091
f 3092//3092 2900//2900 3115//3115
f 3032//3032 3055//3055 3104//3104
f 766//766 305//305 306//306
f 3117//3117 3116//3116 3034//3034
f 617//617 2007//2007 2790//2790
f 2896//2896 2894//2894 3117//3117
f 3114//3114 3049//3049 3048//3048
f 3118//3118 3114//3114 3089//3089
f 1937//1937 733//733 1935//1935
f 2042//2042 2846//2846 2833//2833
f 3079//3079 2007//2007 616//616
f 2789//2789 2812//2812 3119//3119
f 1983//1983 2811//2811 3067//3067
f 2842//2842 2146//2146 2862//2862
f 2009//2009 2869//2869 406//406
f 3119//3119 1818//1818 2899//2899
f 2886//2886 2992//2992 2898//2898
f 1935//1935 733//733 2916//2916
f 3117//3117 3033//3033 2896//2896
f 3034//3034 3033//3033 3117//3117
f 3075//3075 2807//2807 2995//2995
f 3063//3063 3062//3062 3120//3120
f 2995//2995 3116//3116 3077//3077
f 3116//3116 3121//3121 3034//3034
f 3111//3111 3110//3110 334//334
f 700//700 701//701 3122//3122
f 2928//2928 2929//2929 3123//3123
f 420//420 3123//3123 2929//2929
f 3068//3068 3061//3061 3124//3124
f 3125//3125 302//302 304//304
f 3057//3057 3110//3110 3081//3081
f 3081//3081 3110//3110 3044//3044
f 3009//3009 3008//3008 3031//3031
f 653//653 3126//3126 652//652
f 268//268 659//659 683//683
f 703//703 268//268 683//683
f 43//43 826//826 44//44
f 268//268 267//267 659//659
f 206//206 637//637 267//267
f 254//254 93//93 94//94
f 257//257 96//96 826//826
f 636//636 1674//1674 669//669
f 1896//1896 1721//1721 1617//1617
f 251//251 207//207 208//208
f 684//684 707//707 703//703
f 684//684 703//703 683//683
f 588//588 562//562 587//587
f 1579//1579 1575//1575 1576//1576
f 1713//1713 654//654 643//643
f 64//64 647//647 667//667
f 51//51 643//643 50//50
f 658//658 95//95 143//143
f 658//658 143//143 644//644
f 673//673 93//93 25//25
f 673//673 143//143 95//95
f 95//95 93//93 673//673
f 226//226 855//855 871//871
f 644//644 143//143 50//50
f 584//584 637//637 640//640
f 650//650 637//637 584//584
f 1641//1641 223//223 222//222
f 56//56 57//57 826//826
f 650//650 267//267 637//637
f 650//650 584//584 255//255
f 650//650 255//255 277//277
f 1711//1711 3127//3127 28//28
f 216//216 1706//1706 846//846
f 277//277 255//255 257//257
f 826//826 1644//1644 56//56
f 1644//1644 623//623 56//56
f 1255//1255 3128//3128 212//212
f 1398//1398 1255//1255 212//212
f 636//636 669//669 640//640
f 1700//1700 1721//1721 1675//1675
f 826//826 96//96 1644//1644
f 256//256 584//584 583//583
f 171//171 1688//1688 172//172
f 584//584 256//256 255//255
f 257//257 256//256 96//96
f 96//96 256//256 1680//1680
f 3129//3129 1581//1581 1582//1582
f 870//870 821//821 822//822
f 883//883 41//41 42//42
f 885//885 41//41 883//883
f 1604//1604 1735//1735 1820//1820
f 646//646 64//64 1680//1680
f 619//619 3131//3131 3130//3130
f 563//563 3131//3131 562//562
f 562//562 3131//3131 619//619
f 3132//3132 583//583 585//585
f 3028//3028 619//619 3133//3133
f 809//809 836//836 224//224
f 3135//3135 1722//1722 3134//3134
f 291//291 3136//3136 292//292
f 808//808 820//820 809//809
f 15//15 665//665 13//13
f 3133//3133 619//619 3130//3130
f 3137//3137 1629//1629 1628//1628
f 1700//1700 806//806 804//804
f 3132//3132 663//663 664//664
f 664//664 651//651 645//645
f 646//646 664//664 645//645
f 664//664 583//583 3132//3132
f 12//12 1681//1681 10//10
f 1626//1626 3132//3132 585//585
f 1684//1684 1711//1711 37//37
f 1711//1711 589//589 37//37
f 256//256 583//583 1680//1680
f 3138//3138 1626//1626 668//668
f 668//668 3139//3139 3138//3138
f 3127//3127 11//11 28//28
f 64//64 96//96 1680//1680
f 1684//1684 3127//3127 1711//1711
f 3140//3140 11//11 3127//3127
f 315//315 296//296 298//298
f 658//658 654//654 1674//1674
f 836//836 851//851 847//847
f 96//96 66//66 1644//1644
f 66//66 65//65 642//642
f 66//66 642//642 1644//1644
f 3130//3130 3131//3131 692//692
f 3130//3130 692//692 599//599
f 3131//3131 39//39 692//692
f 683//683 659//659 3141//3141
f 3142//3142 2974//2974 718//718
f 3142//3142 718//718 717//717
f 590//590 1027//1027 3143//3143
f 718//718 83//83 2759//2759
f 571//571 691//691 573//573
f 3028//3028 3141//3141 659//659
f 3028//3028 659//659 630//630
f 630//630 659//659 631//631
f 2925//2925 2860//2860 3035//3035
f 2926//2926 2860//2860 2925//2925
f 3144//3144 3038//3038 2986//2986
f 254//254 3145//3145 26//26
f 699//699 3145//3145 695//695
f 227//227 699//699 189//189
f 237//237 227//227 189//189
f 3145//3145 699//699 26//26
f 26//26 699//699 227//227
f 1397//1397 3146//3146 1660//1660
f 651//651 742//742 645//645
f 38//38 682//682 39//39
f 1863//1863 726//726 3085//3085
f 609//609 63//63 62//62
f 3//3 1682//1682 846//846
f 1681//1681 845//845 1682//1682
f 695//695 694//694 190//190
f 1706//1706 1//1 3//3
f 738//738 3038//3038 681//681
f 3038//3038 3144//3144 681//681
f 694//694 2999//2999 2991//2991
f 1707//1707 713//713 1708//1708
f 1710//1710 2986//2986 3038//3038
f 715//715 713//713 1707//1707
f 3017//3017 716//716 3016//3016
f 691//691 2974//2974 598//598
f 1823//1823 1825//1825 1743//1743
f 1743//1743 3//3 1823//1823
f 2860//2860 3078//3078 3147//3147
f 3148//3148 547//547 3149//3149
f 3148//3148 3149//3149 710//710
f 2991//2991 2999//2999 1704//1704
f 741//741 697//697 3149//3149
f 854//854 821//821 852//852
f 853//853 852//852 821//821
f 782//782 790//790 794//794
f 689//689 782//782 794//794
f 280//280 1734//1734 1732//1732
f 61//61 722//722 3145//3145
f 254//254 61//61 3145//3145
f 722//722 695//695 3145//3145
f 740//740 698//698 697//697
f 574//574 722//722 61//61
f 61//61 63//63 574//574
f 2998//2998 3150//3150 2955//2955
f 649//649 301//301 680//680
f 300//300 835//835 3151//3151
f 300//300 3151//3151 299//299
f 555//555 299//299 3018//3018
f 649//649 576//576 1708//1708
f 649//649 1708//1708 301//301
f 386//386 388//388 3047//3047
f 3047//3047 388//388 3021//3021
f 738//738 3152//3152 674//674
f 738//738 674//674 1710//1710
f 694//694 693//693 3144//3144
f 3144//3144 693//693 649//649
f 649//649 693//693 574//574
f 649//649 681//681 3144//3144
f 715//715 731//731 704//704
f 1617//1617 1721//1721 858//858
f 731//731 715//715 1707//1707
f 1707//1707 575//575 731//731
f 575//575 609//609 731//731
f 693//693 695//695 574//574
f 716//716 3017//3017 713//713
f 714//714 716//716 713//713
f 3006//3006 2859//2859 2860//2860
f 3021//3021 1884//1884 3059//3059
f 298//298 711//711 726//726
f 1708//1708 3017//3017 301//301
f 301//301 3017//3017 300//300
f 713//713 3017//3017 1708//1708
f 740//740 741//741 3153//3153
f 2669//2669 2695//2695 2667//2667
f 3029//3029 83//83 2974//2974
f 3154//3154 3022//3022 3023//3023
f 727//727 3154//3154 3023//3023
f 2732//2732 723//723 19//19
f 2732//2732 19//19 721//721
f 3026//3026 3155//3155 1883//1883
f 3029//3029 691//691 571//571
f 2759//2759 723//723 2731//2731
f 691//691 3029//3029 2974//2974
f 600//600 2974//2974 3142//3142
f 3142//3142 717//717 600//600
f 83//83 3029//3029 84//84
f 3131//3131 563//563 39//39
f 708//708 2999//2999 2986//2986
f 55//55 37//37 564//564
f 3024//3024 3156//3156 718//718
f 2991//2991 190//190 694//694
f 706//706 705//705 717//717
f 692//692 573//573 599//599
f 3157//3157 1689//1689 621//621
f 599//599 600//600 3158//3158
f 598//598 599//599 573//573
f 3158//3158 3130//3130 599//599
f 600//600 705//705 3158//3158
f 685//685 3158//3158 705//705
f 3158//3158 685//685 3141//3141
f 3158//3158 3133//3133 3130//3130
f 3141//3141 3133//3133 3158//3158
f 3028//3028 3133//3133 3141//3141
f 3152//3152 756//756 674//674
f 1709//1709 2986//2986 1710//1710
f 731//731 609//609 684//684
f 685//685 731//731 684//684
f 707//707 684//684 609//609
f 3141//3141 685//685 683//683
f 2974//2974 83//83 718//718
f 723//723 2759//2759 83//83
f 2999//2999 694//694 3144//3144
f 2999//2999 3144//3144 2986//2986
f 3153//3153 778//778 779//779
f 546//546 778//778 3153//3153
f 716//716 718//718 3156//3156
f 833//833 3016//3016 3156//3156
f 835//835 300//300 3016//3016
f 833//833 3031//3031 834//834
f 3009//3009 3031//3031 833//833
f 3156//3156 3016//3016 716//716
f 835//835 3016//3016 833//833
f 769//769 547//547 3148//3148
f 3159//3159 3025//3025 3002//3002
f 834//834 3160//3160 835//835
f 3143//3143 1027//1027 3161//3161
f 3024//3024 3009//3009 3156//3156
f 3162//3162 2941//2941 2942//2942
f 2957//2957 3162//3162 2942//2942
f 3018//3018 3152//3152 738//738
f 833//833 3156//3156 3009//3009
f 3160//3160 834//834 3031//3031
f 3160//3160 3031//3031 3163//3163
f 3024//3024 2759//2759 2760//2760
f 3024//3024 2760//2760 3009//3009
f 299//299 3151//3151 3164//3164
f 3164//3164 835//835 3160//3160
f 835//835 3164//3164 3151//3151
f 3025//3025 299//299 3164//3164
f 3152//3152 3018//3018 756//756
f 756//756 3018//3018 3025//3025
f 3025//3025 3159//3159 756//756
f 2994//2994 2951//2951 2987//2987
f 2951//2951 968//968 2987//2987
f 968//968 2990//2990 2987//2987
f 784//784 3165//3165 785//785
f 785//785 3165//3165 803//803
f 709//709 710//710 1498//1498
f 547//547 741//741 3149//3149
f 774//774 709//709 1498//1498
f 774//774 775//775 709//709
f 3166//3166 3071//3071 3073//3073
f 3073//3073 3167//3167 3166//3166
f 3007//3007 546//546 548//548
f 3001//3001 766//766 306//306
f 3001//3001 306//306 3012//3012
f 547//547 3150//3150 548//548
f 3150//3150 547//547 2954//2954
f 2954//2954 547//547 769//769
f 3150//3150 2998//2998 548//548
f 2990//2990 3007//3007 2989//2989
f 968//968 3007//3007 2990//2990
f 771//771 735//735 736//736
f 3168//3168 770//770 3169//3169
f 3168//3168 3169//3169 2980//2980
f 937//937 2696//2696 3170//3170
f 936//936 2696//2696 937//937
f 3007//3007 548//548 2989//2989
f 3164//3164 3171//3171 3025//3025
f 3160//3160 3171//3171 3164//3164
f 3002//3002 3025//3025 3171//3171
f 3172//3172 3001//3001 3037//3037
f 788//788 1694//1694 881//881
f 1723//1723 788//788 881//881
f 3001//3001 3172//3172 766//766
f 770//770 2951//2951 3169//3169
f 708//708 1709//1709 3173//3173
f 274//274 881//881 1694//1694
f 3153//3153 741//741 547//547
f 546//546 3153//3153 547//547
f 2252//2252 3174//3174 2254//2254
f 2252//2252 932//932 501//501
f 788//788 3175//3175 696//696
f 725//725 3176//3176 77//77
f 787//787 882//882 259//259
f 258//258 787//787 259//259
f 786//786 785//785 68//68
f 3105//3105 3177//3177 3089//3089
f 3178//3178 3176//3176 725//725
f 784//784 771//771 3179//3179
f 3180//3180 3178//3178 725//725
f 191//191 775//775 807//807
f 790//790 729//729 794//794
f 877//877 729//729 790//790
f 1723//1723 799//799 689//689
f 689//689 690//690 1723//1723
f 884//884 1678//1678 241//241
f 260//260 759//759 724//724
f 928//928 2965//2965 3179//3179
f 3179//3179 771//771 928//928
f 258//258 724//724 77//77
f 76//76 77//77 3176//3176
f 91//91 802//802 800//800
f 3181//3181 762//762 761//761
f 2935//2935 3167//3167 3182//3182
f 876//876 3175//3175 690//690
f 634//634 843//843 632//632
f 632//632 843//843 3183//3183
f 632//632 3183//3183 915//915
f 926//926 2946//2946 959//959
f 814//814 780//780 276//276
f 3149//3149 697//697 1498//1498
f 1498//1498 710//710 3149//3149
f 622//622 791//791 3157//3157
f 621//621 622//622 3157//3157
f 876//876 777//777 776//776
f 36//36 3184//3184 2924//2924
f 1779//1779 1778//1778 1763//1763
f 1763//1763 1778//1778 3185//3185
f 190//190 2991//2991 191//191
f 690//690 788//788 1723//1723
f 779//779 3186//3186 3153//3153
f 740//740 3153//3153 3186//3186
f 3180//3180 696//696 698//698
f 789//789 696//696 3180//3180
f 787//787 786//786 800//800
f 698//698 740//740 3180//3180
f 3186//3186 3180//3180 740//740
f 3180//3180 3186//3186 3178//3178
f 779//779 748//748 3186//3186
f 3176//3176 3186//3186 748//748
f 3178//3178 3186//3186 3176//3176
f 783//783 786//786 78//78
f 2791//2791 76//76 2792//2792
f 78//78 76//76 2791//2791
f 2791//2791 783//783 78//78
f 735//735 771//771 2792//2792
f 735//735 2792//2792 748//748
f 803//803 67//67 68//68
f 34//34 2997//2997 3037//3037
f 803//803 3165//3165 2941//2941
f 2941//2941 3162//3162 803//803
f 3165//3165 784//784 2965//2965
f 2965//2965 784//784 3179//3179
f 2954//2954 2955//2955 3150//3150
f 2941//2941 3165//3165 2965//2965
f 3176//3176 748//748 2792//2792
f 3176//3176 2792//2792 76//76
f 690//690 3175//3175 788//788
f 2792//2792 771//771 784//784
f 1726//1726 2953//2953 3187//3187
f 955//955 2958//2958 956//956
f 1725//1725 2953//2953 1726//1726
f 1498//1498 3175//3175 776//776
f 774//774 1498//1498 776//776
f 696//696 3175//3175 1498//1498
f 776//776 3175//3175 876//876
f 709//709 1704//1704 708//708
f 769//769 3148//3148 3188//3188
f 3188//3188 710//710 708//708
f 3148//3148 710//710 3188//3188
f 3173//3173 3188//3188 708//708
f 3012//3012 306//306 3014//3014
f 3173//3173 305//305 766//766
f 3188//3188 3173//3173 767//767
f 3188//3188 767//767 769//769
f 305//305 3173//3173 674//674
f 1709//1709 674//674 3173//3173
f 3173//3173 766//766 767//767
f 1720//1720 1689//1689 638//638
f 759//759 725//725 724//724
f 789//789 3180//3180 725//725
f 1694//1694 789//789 759//759
f 759//759 789//789 725//725
f 864//864 790//790 781//781
f 621//621 1720//1720 796//796
f 1689//1689 1720//1720 621//621
f 1780//1780 1800//1800 1692//1692
f 22//22 30//30 1705//1705
f 132//132 801//801 802//802
f 882//882 800//800 801//801
f 787//787 800//800 882//882
f 801//801 132//132 1719//1719
f 1719//1719 132//132 134//134
f 801//801 1719//1719 882//882
f 882//882 1719//1719 797//797
f 762//762 886//886 772//772
f 820//820 819//819 40//40
f 40//40 809//809 820//820
f 772//772 819//819 762//762
f 878//878 818//818 1677//1677
f 763//763 818//818 878//878
f 763//763 878//878 877//877
f 1677//1677 818//818 820//820
f 1738//1738 3189//3189 1836//1836
f 119//119 3190//3190 1204//1204
f 1204//1204 3190//3190 816//816
f 879//879 792//792 730//730
f 810//810 3191//3191 730//730
f 852//852 851//851 885//885
f 3//3 2//2 1823//1823
f 3191//3191 860//860 879//879
f 3134//3134 273//273 272//272
f 118//118 230//230 229//229
f 3192//3192 3193//3193 1670//1670
f 172//172 1688//1688 3194//3194
f 652//652 3126//3126 13//13
f 1693//1693 264//264 1778//1778
f 266//266 264//264 1693//1693
f 1614//1614 3195//3195 3196//3196
f 1614//1614 3196//3196 3197//3197
f 817//817 1204//1204 816//816
f 816//816 3190//3190 1724//1724
f 3085//3085 947//947 1731//1731
f 849//849 850//850 838//838
f 241//241 895//895 885//885
f 180//180 874//874 887//887
f 180//180 887//887 872//872
f 821//821 870//870 853//853
f 855//855 853//853 870//870
f 3198//3198 1670//1670 3193//3193
f 3199//3199 838//838 1218//1218
f 849//849 838//838 3199//3199
f 837//837 1218//1218 838//838
f 822//822 823//823 893//893
f 871//871 118//118 226//226
f 118//118 871//871 230//230
f 230//230 893//893 31//31
f 870//870 892//892 871//871
f 822//822 892//892 870//870
f 3200//3200 1625//1625 1629//1629
f 804//804 1698//1698 1700//1700
f 1648//1648 120//120 229//229
f 1057//1057 605//605 3200//3200
f 820//820 3201//3201 1677//1677
f 728//728 1662//1662 810//810
f 3201//3201 1663//1663 1677//1677
f 3197//3197 1662//1662 1663//1663
f 3197//3197 1663//1663 3202//3202
f 810//810 1662//1662 3197//3197
f 810//810 3197//3197 3196//3196
f 1584//1584 1614//1614 3203//3203
f 3203//3203 1585//1585 1584//1584
f 671//671 30//30 217//217
f 1724//1724 1585//1585 3204//3204
f 3194//3194 3205//3205 859//859
f 3206//3206 3205//3205 3194//3194
f 1688//1688 3206//3206 3194//3194
f 3202//3202 3204//3204 1585//1585
f 3202//3202 1585//1585 3203//3203
f 3202//3202 3203//3203 3197//3197
f 3203//3203 1614//1614 3197//3197
f 3206//3206 3195//3195 3205//3205
f 3195//3195 3206//3206 3196//3196
f 1691//1691 3204//3204 3202//3202
f 3202//3202 3201//3201 1691//1691
f 3202//3202 1663//1663 3201//3201
f 820//820 1691//1691 3201//3201
f 810//810 3196//3196 3191//3191
f 3191//3191 879//879 730//730
f 860//860 3191//3191 3206//3206
f 860//860 3206//3206 1688//1688
f 3206//3206 3191//3191 3196//3196
f 1724//1724 3204//3204 816//816
f 816//816 3204//3204 808//808
f 762//762 3181//3181 886//886
f 798//798 815//815 276//276
f 276//276 275//275 798//798
f 865//865 815//815 3207//3207
f 815//815 3181//3181 3207//3207
f 242//242 1678//1678 867//867
f 865//865 814//814 815//815
f 133//133 880//880 180//180
f 1032//1032 1193//1193 1192//1192
f 1192//1192 129//129 1032//1032
f 856//856 825//825 292//292
f 831//831 1199//1199 1206//1206
f 639//639 638//638 827//827
f 3157//3157 827//827 1689//1689
f 827//827 3157//3157 791//791
f 793//793 620//620 794//794
f 872//872 832//832 894//894
f 887//887 3181//3181 872//872
f 886//886 3181//3181 887//887
f 815//815 832//832 872//872
f 815//815 872//872 3181//3181
f 253//253 886//886 887//887
f 634//634 3208//3208 844//844
f 802//802 679//679 3208//3208
f 679//679 844//844 3208//3208
f 934//934 844//844 679//679
f 891//891 844//844 934//934
f 1372//1372 3209//3209 90//90
f 3183//3183 1416//1416 915//915
f 634//634 842//842 3208//3208
f 3210//3210 3183//3183 3211//3211
f 758//758 896//896 3211//3211
f 758//758 3211//3211 891//891
f 843//843 3211//3211 3183//3183
f 891//891 3211//3211 843//843
f 842//842 132//132 3208//3208
f 132//132 802//802 3208//3208
f 462//462 2690//2690 1043//1043
f 1001//1001 2679//2679 3212//3212
f 3212//3212 85//85 1001//1001
f 3174//3174 3213//3213 2254//2254
f 1188//1188 1211//1211 906//906
f 1183//1183 1184//1184 1323//1323
f 900//900 1278//1278 757//757
f 931//931 186//186 3214//3214
f 931//931 3214//3214 2948//2948
f 1190//1190 129//129 1192//1192
f 757//757 1307//1307 913//913
f 2957//2957 2960//2960 2947//2947
f 811//811 899//899 981//981
f 962//962 899//899 811//811
f 897//897 981//981 899//899
f 1214//1214 1378//1378 1066//1066
f 3215//3215 1378//1378 1214//1214
f 3215//3215 1214//1214 1215//1215
f 1527//1527 3215//3215 1215//1215
f 964//964 3215//3215 1527//1527
f 1378//1378 3215//3215 964//964
f 1277//1277 92//92 187//187
f 900//900 92//92 1277//1277
f 934//934 92//92 900//900
f 187//187 92//92 69//69
f 69//69 67//67 187//187
f 802//802 91//91 679//679
f 1449//1449 1539//1539 1503//1503
f 1449//1449 1503//1503 1320//1320
f 3216//3216 3217//3217 3218//3218
f 929//929 930//930 1278//1278
f 1277//1277 929//929 1278//1278
f 1278//1278 930//930 1307//1307
f 1307//1307 757//757 1278//1278
f 3187//3187 338//338 295//295
f 338//338 3187//3187 2953//2953
f 926//926 2737//2737 2946//2946
f 927//927 2737//2737 926//926
f 2948//2948 3214//3214 2947//2947
f 2947//2947 3214//3214 2957//2957
f 2957//2957 3214//3214 3162//3162
f 3162//3162 3214//3214 186//186
f 803//803 3162//3162 186//186
f 2947//2947 2960//2960 961//961
f 803//803 68//68 785//785
f 1300//1300 1334//1334 1298//1298
f 295//295 961//961 2960//2960
f 295//295 2960//2960 3187//3187
f 1538//1538 1526//1526 1525//1525
f 1479//1479 1526//1526 1538//1538
f 3219//3219 1300//1300 1447//1447
f 2980//2980 3169//3169 2994//2994
f 2994//2994 3169//3169 2951//2951
f 2253//2253 2946//2946 2737//2737
f 2254//2254 2946//2946 2253//2253
f 959//959 3213//3213 957//957
f 3213//3213 959//959 2254//2254
f 922//922 155//155 944//944
f 944//944 945//945 922//922
f 2677//2677 974//974 1130//1130
f 2675//2675 2677//2677 1130//1130
f 1042//1042 2690//2690 1035//1035
f 2658//2658 1000//1000 87//87
f 1002//1002 155//155 922//922
f 3213//3213 2977//2977 957//957
f 3221//3221 3220//3220 932//932
f 2687//2687 3221//3221 2716//2716
f 491//491 869//869 500//500
f 3222//3222 2505//2505 2715//2715
f 2689//2689 1041//1041 2690//2690
f 1725//1725 2699//2699 2747//2747
f 2252//2252 501//501 3174//3174
f 946//946 2721//2721 499//499
f 3213//3213 3174//3174 2977//2977
f 3174//3174 501//501 499//499
f 499//499 2721//2721 3174//3174
f 2721//2721 812//812 3174//3174
f 3174//3174 812//812 2977//2977
f 2977//2977 812//812 813//813
f 812//812 2721//2721 963//963
f 1044//1044 1120//1120 1117//1117
f 922//922 923//923 991//991
f 1034//1034 1041//1041 7//7
f 463//463 1043//1043 1004//1004
f 462//462 1043//1043 463//463
f 991//991 463//463 1004//1004
f 1039//1039 3223//3223 1120//1120
f 1044//1044 1042//1042 1120//1120
f 1034//1034 1040//1040 985//985
f 3223//3223 1118//1118 1120//1120
f 3224//3224 86//86 760//760
f 1034//1034 1035//1035 2690//2690
f 1041//1041 1034//1034 2690//2690
f 236//236 1572//1572 1297//1297
f 261//261 1325//1325 263//263
f 1666//1666 1685//1685 1202//1202
f 2958//2958 3225//3225 2959//2959
f 3225//3225 2958//2958 955//955
f 1043//1043 1003//1003 1004//1004
f 922//922 1004//1004 1002//1002
f 991//991 1004//1004 922//922
f 86//86 3224//3224 87//87
f 1126//1126 485//485 760//760
f 1126//1126 760//760 86//86
f 86//86 482//482 1126//1126
f 909//909 2673//2673 2674//2674
f 139//139 383//383 1410//1410
f 1443//1443 1390//1390 1050//1050
f 1443//1443 1050//1050 974//974
f 1130//1130 974//974 1128//1128
f 2673//2673 909//909 9//9
f 9//9 1041//1041 2673//2673
f 3224//3224 2658//2658 87//87
f 985//985 1040//1040 987//987
f 1122//1122 363//363 2658//2658
f 364//364 363//363 1122//1122
f 365//365 364//364 8//8
f 386//386 3226//3226 727//727
f 1139//1139 2665//2665 461//461
f 994//994 107//107 105//105
f 909//909 2693//2693 365//365
f 2695//2695 2693//2693 909//909
f 2674//2674 2695//2695 909//909
f 2674//2674 2667//2667 2695//2695
f 988//988 485//485 1126//1126
f 1135//1135 486//486 485//485
f 1135//1135 485//485 988//988
f 484//484 1121//1121 760//760
f 100//100 102//102 985//985
f 1121//1121 3224//3224 760//760
f 114//114 2646//2646 2602//2602
f 114//114 2602//2602 149//149
f 986//986 100//100 985//985
f 2646//2646 1121//1121 484//484
f 986//986 1121//1121 2646//2646
f 1122//1122 3224//3224 1121//1121
f 2658//2658 3224//3224 1122//1122
f 987//987 1123//1123 986//986
f 114//114 100//100 986//986
f 2646//2646 484//484 2602//2602
f 486//486 1110//1110 2602//2602
f 2602//2602 1110//1110 149//149
f 1083//1083 996//996 1005//1005
f 1083//1083 1005//1005 1037//1037
f 996//996 1083//1083 965//965
f 997//997 1077//1077 1137//1137
f 1077//1077 966//966 1073//1073
f 2706//2706 967//967 1025//1025
f 1272//1272 167//167 1091//1091
f 1187//1187 1023//1023 1137//1137
f 1138//1138 3223//3223 1136//1136
f 90//90 3209//3209 1124//1124
f 997//997 1136//1136 102//102
f 997//997 1137//1137 1136//1136
f 102//102 1039//1039 1036//1036
f 1136//1136 1039//1039 102//102
f 1039//1039 1136//1136 3223//3223
f 985//985 102//102 1036//1036
f 966//966 967//967 2706//2706
f 1075//1075 1024//1024 1073//1073
f 1073//1073 1024//1024 1187//1187
f 1035//1035 1120//1120 1042//1042
f 1120//1120 1035//1035 1039//1039
f 1164//1164 1403//1403 1338//1338
f 487//487 2683//2683 1095//1095
f 2215//2215 2216//2216 177//177
f 243//243 1003//1003 1044//1044
f 243//243 3227//3227 1134//1134
f 1117//1117 243//243 1044//1044
f 1117//1117 1085//1085 3227//3227
f 1117//1117 3227//3227 243//243
f 1085//1085 1087//1087 3227//3227
f 1052//1052 1396//1396 194//194
f 3228//3228 1273//1273 70//70
f 1395//1395 1407//1407 1399//1399
f 1007//1007 151//151 439//439
f 1496//1496 840//840 248//248
f 88//88 1051//1051 1160//1160
f 1273//1273 1098//1098 167//167
f 1213//1213 1065//1065 1188//1188
f 1213//1213 1066//1066 1065//1065
f 1024//1024 1075//1075 1182//1182
f 1066//1066 1378//1378 1134//1134
f 1165//1165 3227//3227 1087//1087
f 1134//1134 3227//3227 1165//1165
f 1165//1165 1066//1066 1134//1134
f 79//79 1111//1111 486//486
f 79//79 486//486 1135//1135
f 1111//1111 1096//1096 1005//1005
f 1096//1096 1111//1111 1109//1109
f 1110//1110 1111//1111 1005//1005
f 1005//1005 149//149 1110//1110
f 1138//1138 1118//1118 3223//3223
f 1119//1119 1118//1118 1138//1138
f 1022//1022 1119//1119 1138//1138
f 1022//1022 1138//1138 1023//1023
f 1119//1119 1022//1022 1260//1260
f 1104//1104 1095//1095 2683//2683
f 1536//1536 1393//1393 1380//1380
f 1375//1375 1050//1050 1390//1390
f 1339//1339 1054//1054 1053//1053
f 1260//1260 1022//1022 1182//1182
f 1158//1158 1385//1385 1157//1157
f 1147//1147 1148//1148 1347//1347
f 3229//3229 1150//1150 244//244
f 1260//1260 1182//1182 1007//1007
f 1007//1007 1182//1182 1006//1006
f 248//248 1364//1364 1496//1496
f 1133//1133 1064//1064 1082//1082
f 1647//1647 975//975 1272//1272
f 764//764 975//975 1647//1647
f 765//765 764//764 1647//1647
f 1063//1063 1070//1070 247//247
f 1272//1272 975//975 1105//1105
f 1384//1384 2691//2691 2574//2574
f 245//245 2691//2691 1384//1384
f 1384//1384 244//244 245//245
f 1005//1005 1096//1096 1037//1037
f 1105//1105 977//977 245//245
f 245//245 3230//3230 1105//1105
f 3230//3230 147//147 148//148
f 3230//3230 245//245 147//147
f 1105//1105 3230//3230 1272//1272
f 148//148 72//72 3230//3230
f 3230//3230 72//72 1272//1272
f 72//72 70//70 1272//1272
f 1142//1142 1383//1383 1415//1415
f 1099//1099 1100//1100 1102//1102
f 1049//1049 1147//1147 1239//1239
f 1074//1074 1161//1161 3231//3231
f 1364//1364 1353//1353 1354//1354
f 1354//1354 1496//1496 1364//1364
f 1158//1158 3229//3229 244//244
f 1159//1159 3229//3229 1158//1158
f 90//90 1124//1124 764//764
f 246//246 1364//1364 248//248
f 71//71 1363//1363 3228//3228
f 3228//3228 70//70 71//71
f 449//449 1658//1658 1157//1157
f 1157//1157 1385//1385 449//449
f 384//384 1408//1408 3232//3232
f 973//973 1658//1658 450//450
f 384//384 3232//3232 385//385
f 1282//1282 1052//1052 1054//1054
f 902//902 71//71 72//72
f 449//449 2573//2573 451//451
f 1364//1364 1486//1486 166//166
f 1151//1151 1152//1152 901//901
f 902//902 901//901 1152//1152
f 1384//1384 1158//1158 244//244
f 234//234 236//236 1173//1173
f 2574//2574 1385//1385 1384//1384
f 1124//1124 3209//3209 1025//1025
f 1084//1084 1037//1037 1038//1038
f 1038//1038 3233//3233 1084//1084
f 108//108 46//46 1294//1294
f 2574//2574 2691//2691 3233//3233
f 3233//3233 1038//1038 2574//2574
f 1082//1082 152//152 1133//1133
f 150//150 152//152 1082//1082
f 451//451 2573//2573 1038//1038
f 449//449 1385//1385 2573//2573
f 1135//1135 989//989 1048//1048
f 79//79 1135//1135 1048//1048
f 1403//1403 1163//1163 1239//1239
f 990//990 988//988 3234//3234
f 3234//3234 988//988 1125//1125
f 1125//1125 988//988 1126//1126
f 2351//2351 1129//1129 3234//3234
f 2351//2351 3234//3234 1125//1125
f 1175//1175 1115//1115 1093//1093
f 1063//1063 1064//1064 1131//1131
f 1093//1093 1115//1115 1080//1080
f 1075//1075 3231//3231 1006//1006
f 1006//1006 1182//1182 1075//1075
f 1162//1162 1006//1006 3231//3231
f 162//162 1006//1006 1162//1162
f 3233//3233 2691//2691 1106//1106
f 1025//1025 3209//3209 2706//2706
f 977//977 1106//1106 2691//2691
f 1073//1073 966//966 2706//2706
f 1084//1084 3233//3233 1106//1106
f 1026//1026 1084//1084 1106//1106
f 2706//2706 3209//3209 1074//1074
f 1074//1074 3209//3209 1372//1372
f 1160//1160 162//162 1162//1162
f 1129//1129 990//990 3234//3234
f 1128//1128 972//972 1129//1129
f 1129//1129 972//972 990//990
f 1041//1041 2689//2689 2673//2673
f 1074//1074 3231//3231 1075//1075
f 1493//1493 3235//3235 1389//1389
f 1050//1050 1149//1149 1147//1147
f 1081//1081 1080//1080 1115//1115
f 1115//1115 1175//1175 1197//1197
f 1175//1175 1186//1186 1197//1197
f 1113//1113 1112//1112 1090//1090
f 1090//1090 1112//1112 1108//1108
f 130//130 1156//1156 182//182
f 1116//1116 1156//1156 1045//1045
f 440//440 1169//1169 1012//1012
f 1169//1169 1212//1212 1065//1065
f 1065//1065 1212//1212 1188//1188
f 1535//1535 1441//1441 1554//1554
f 1212//1212 1169//1169 440//440
f 1155//1155 1212//1212 440//440
f 1014//1014 1088//1088 933//933
f 933//933 1088//1088 145//145
f 1088//1088 1014//1014 1113//1113
f 1113//1113 1014//1014 1013//1013
f 842//842 633//633 133//133
f 1418//1418 1213//1213 1188//1188
f 1213//1213 1418//1418 1216//1216
f 1216//1216 1418//1418 1013//1013
f 898//898 1216//1216 1013//1013
f 1368//1368 1366//1366 1365//1365
f 153//153 1378//1378 964//964
f 831//831 1416//1416 829//829
f 3210//3210 1416//1416 3183//3183
f 1340//1340 1543//1543 3236//3236
f 963//963 153//153 964//964
f 146//146 1107//1107 1190//1190
f 1416//1416 3210//3210 146//146
f 1190//1190 1416//1416 146//146
f 829//829 1416//1416 1190//1190
f 1192//1192 829//829 1190//1190
f 866//866 1206//1206 1199//1199
f 1199//1199 868//868 866//866
f 1500//1500 1207//1207 1664//1664
f 1664//1664 1588//1588 1500//1500
f 916//916 1206//1206 866//866
f 1210//1210 176//176 74//74
f 1219//1219 1210//1210 74//74
f 1175//1175 1017//1017 917//917
f 1072//1072 1071//1071 1018//1018
f 863//863 862//862 1340//1340
f 1196//1196 1194//1194 1544//1544
f 873//873 1198//1198 1195//1195
f 53//53 1195//1195 1198//1198
f 181//181 1033//1033 131//131
f 1210//1210 1033//1033 181//181
f 181//181 1198//1198 1210//1210
f 1330//1330 1170//1170 1402//1402
f 1383//1383 1543//1543 1368//1368
f 3236//3236 1543//1543 1383//1383
f 1076//1076 1016//1016 862//862
f 1340//1340 862//862 1366//1366
f 1368//1368 1340//1340 1366//1366
f 1143//1143 1402//1402 1383//1383
f 1033//1033 1219//1219 1032//1032
f 1032//1032 1219//1219 1220//1220
f 1322//1322 1351//1351 1550//1550
f 1032//1032 1220//1220 1193//1193
f 1399//1399 384//384 383//383
f 1414//1414 1399//1399 383//383
f 156//156 1669//1669 1178//1178
f 1344//1344 1401//1401 1343//1343
f 1352//1352 1669//1669 1355//1355
f 1221//1221 1344//1344 1019//1019
f 921//921 73//73 3237//3237
f 3236//3236 1402//1402 1227//1227
f 1054//1054 3238//3238 1283//1283
f 1337//1337 3238//3238 1054//1054
f 1208//1208 1207//1207 1499//1499
f 1574//1574 3239//3239 1576//1576
f 3240//3240 1630//1630 3239//3239
f 1217//1217 240//240 1241//1241
f 1200//1200 1241//1241 240//240
f 1077//1077 1073//1073 1187//1187
f 996//996 1077//1077 997//997
f 1061//1061 1069//1069 1295//1295
f 1061//1061 1295//1295 1060//1060
f 1232//1232 1060//1060 1231//1231
f 1233//1233 3241//3241 3242//3242
f 1233//1233 3242//3242 1019//1019
f 1233//1233 3243//3243 3241//3241
f 3237//3237 73//73 1243//1243
f 1652//1652 1651//1651 1667//1667
f 828//828 3242//3242 75//75
f 75//75 3242//3242 3241//3241
f 1019//1019 3242//3242 828//828
f 1019//1019 828//828 1221//1221
f 75//75 3241//3241 73//73
f 1243//1243 73//73 3243//3243
f 3241//3241 3243//3243 73//73
f 921//921 3237//3237 920//920
f 3199//3199 1218//1218 3244//3244
f 3210//3210 3211//3211 896//896
f 896//896 146//146 3210//3210
f 1240//1240 919//919 920//920
f 1108//1108 1156//1156 130//130
f 1112//1112 1045//1045 1156//1156
f 1108//1108 1112//1112 1156//1156
f 1176//1176 1174//1174 907//907
f 1064//1064 1133//1133 1131//1131
f 1132//1132 1160//1160 1070//1070
f 1160//1160 1051//1051 1070//1070
f 1068//1068 3245//3245 1069//1069
f 3244//3244 1241//1241 1240//1240
f 1031//1031 1241//1241 1200//1200
f 1217//1217 1241//1241 1218//1218
f 1218//1218 1241//1241 3244//3244
f 1031//1031 1030//1030 1271//1271
f 1217//1217 837//837 895//895
f 1242//1242 849//849 3199//3199
f 1314//1314 3246//3246 1313//1313
f 1262//1262 3247//3247 3248//3248
f 3250//3250 3247//3247 3249//3249
f 3249//3249 1490//1490 3250//3250
f 1248//1248 1274//1274 1332//1332
f 1225//1225 1224//1224 1324//1324
f 1305//1305 1324//1324 1224//1224
f 1345//1345 1291//1291 1226//1226
f 1226//1226 1225//1225 1345//1345
f 1345//1345 1225//1225 1289//1289
f 1291//1291 1345//1345 1274//1274
f 1303//1303 1291//1291 3251//3251
f 1303//1303 3251//3251 1569//1569
f 1208//1208 1569//1569 3251//3251
f 1208//1208 3251//3251 1571//1571
f 1291//1291 1292//1292 3251//3251
f 1292//1292 1571//1571 3251//3251
f 1499//1499 1322//1322 1317//1317
f 1620//1620 1255//1255 1641//1641
f 1317//1317 1322//1322 1550//1550
f 115//115 116//116 1185//1185
f 1595//1595 1601//1601 125//125
f 1352//1352 1355//1355 1351//1351
f 1351//1351 1355//1355 117//117
f 117//117 1570//1570 116//116
f 117//117 1671//1671 1570//1570
f 1356//1356 1671//1671 117//117
f 1441//1441 1323//1323 1359//1359
f 1671//1671 1166//1166 1167//1167
f 848//848 1651//1651 850//850
f 2683//2683 1492//1492 1490//1490
f 1166//1166 3252//3252 1313//1313
f 1313//1313 3253//3253 1166//1166
f 1233//1233 1021//1021 3243//3243
f 1344//1344 1400//1400 1401//1401
f 1203//1203 1586//1586 1666//1666
f 1220//1220 1271//1271 1306//1306
f 3229//3229 1151//1151 1150//1150
f 192//192 1353//1353 1097//1097
f 1097//1097 1102//1102 192//192
f 1342//1342 1336//1336 1590//1590
f 1103//1103 1590//1590 1336//1336
f 1315//1315 1312//1312 1341//1341
f 1341//1341 1590//1590 1315//1315
f 1590//1590 1104//1104 1315//1315
f 1104//1104 1590//1590 1103//1103
f 3249//3249 2683//2683 1490//1490
f 1400//1400 1344//1344 863//863
f 1430//1430 136//136 1546//1546
f 863//863 1344//1344 861//861
f 1651//1651 848//848 1667//1667
f 1667//1667 848//848 1666//1666
f 290//290 292//292 825//825
f 1202//1202 1676//1676 1229//1229
f 1196//1196 1544//1544 1344//1344
f 1196//1196 1344//1344 1221//1221
f 1229//1229 1669//1669 1352//1352
f 1229//1229 1352//1352 1201//1201
f 1316//1316 1104//1104 3249//3249
f 1228//1228 1171//1171 1400//1400
f 1499//1499 1203//1203 1321//1321
f 1586//1586 1203//1203 1499//1499
f 1166//1166 1671//1671 3252//3252
f 1671//1671 1356//1356 3252//3252
f 824//824 263//263 1325//1325
f 1650//1650 262//262 979//979
f 863//863 1228//1228 1400//1400
f 1330//1330 1141//1141 1335//1335
f 1329//1329 1330//1330 1335//1335
f 1141//1141 1330//1330 1402//1402
f 1141//1141 1402//1402 1143//1143
f 1227//1227 1228//1228 3236//3236
f 585//585 640//640 1626//1626
f 3254//3254 3246//3246 1314//1314
f 3247//3247 3254//3254 1314//1314
f 1324//1324 1290//1290 1225//1225
f 1316//1316 3247//3247 1314//1314
f 1315//1315 1316//1316 1314//1314
f 115//115 1351//1351 117//117
f 1669//1669 1356//1356 1355//1355
f 3255//3255 1342//1342 1356//1356
f 1356//1356 1342//1342 1312//1312
f 1669//1669 3255//3255 1356//1356
f 1312//1312 3252//3252 1356//1356
f 1336//1336 3255//3255 1349//1349
f 1349//1349 1329//1329 1336//1336
f 3255//3255 1336//1336 1342//1342
f 1349//1349 1094//1094 1329//1329
f 3255//3255 1669//1669 156//156
f 1349//1349 3255//3255 156//156
f 167//167 168//168 1091//1091
f 1301//1301 1382//1382 1367//1367
f 1301//1301 840//840 1382//1382
f 1301//1301 841//841 840//840
f 1382//1382 1368//1368 1367//1367
f 141//141 1415//1415 1421//1421
f 1496//1496 193//193 840//840
f 902//902 1164//1164 1362//1362
f 1406//1406 1282//1282 1283//1283
f 1395//1395 1282//1282 1406//1406
f 1100//1100 1099//1099 3228//3228
f 3228//3228 1363//1363 1100//1100
f 193//193 1382//1382 840//840
f 1338//1338 1346//1346 1337//1337
f 1346//1346 1338//1338 1347//1347
f 1338//1338 1403//1403 1347//1347
f 1098//1098 3228//3228 1099//1099
f 1273//1273 3228//3228 1098//1098
f 1102//1102 1101//1101 194//194
f 1283//1283 3238//3238 1337//1337
f 1283//1283 1337//1337 1346//1346
f 3256//3256 1443//1443 941//941
f 983//983 3258//3258 3257//3257
f 1377//1377 983//983 3257//3257
f 164//164 188//188 6//6
f 1392//1392 1391//1391 3259//3259
f 1104//1104 2683//2683 3249//3249
f 1391//1391 1443//1443 3259//3259
f 1391//1391 1390//1390 1443//1443
f 1244//1244 1149//1149 1050//1050
f 1244//1244 1050//1050 1375//1375
f 71//71 902//902 1362//1362
f 1377//1377 3257//3257 1438//1438
f 136//136 169//169 138//138
f 1417//1417 938//938 4//4
f 4//4 938//938 1381//1381
f 1163//1163 1403//1403 1164//1164
f 1354//1354 192//192 193//193
f 1159//1159 1157//1157 1049//1049
f 3256//3256 3261//3261 3260//3260
f 1389//1389 3235//3235 1422//1422
f 135//135 1493//1493 1494//1494
f 1157//1157 1658//1658 1049//1049
f 1658//1658 973//973 1049//1049
f 974//974 1049//1049 973//973
f 1161//1161 1162//1162 3231//3231
f 246//246 1486//1486 1364//1364
f 1364//1364 166//166 1097//1097
f 1097//1097 166//166 1098//1098
f 1151//1151 901//901 1150//1150
f 3229//3229 1049//1049 1151//1151
f 1159//1159 1049//1049 3229//3229
f 1486//1486 168//168 166//166
f 1053//1053 1100//1100 1363//1363
f 1053//1053 1363//1363 1361//1361
f 1053//1053 1361//1361 1339//1339
f 1339//1339 1361//1361 1338//1338
f 1362//1362 1338//1338 1361//1361
f 1164//1164 1338//1338 1362//1362
f 138//138 139//139 1410//1410
f 1407//1407 1408//1408 384//384
f 1374//1374 3232//3232 1357//1357
f 1374//1374 1357//1357 1244//1244
f 3232//3232 1408//1408 1357//1357
f 136//136 135//135 1494//1494
f 194//194 1331//1331 1052//1052
f 1399//1399 3262//3262 1396//1396
f 1414//1414 3262//3262 1399//1399
f 1415//1415 3262//3262 1414//1414
f 194//194 3262//3262 1415//1415
f 1396//1396 3262//3262 194//194
f 1383//1383 1402//1402 3236//3236
f 1504//1504 1525//1525 3263//3263
f 1544//1544 1076//1076 861//861
f 1340//1340 3236//3236 1228//1228
f 1415//1415 1383//1383 193//193
f 1142//1142 1143//1143 1383//1383
f 3232//3232 3264//3264 385//385
f 1423//1423 3264//3264 3232//3232
f 1374//1374 1423//1423 3232//3232
f 2682//2682 1421//1421 1420//1420
f 1420//1420 1492//1492 2682//2682
f 2682//2682 487//487 1421//1421
f 1421//1421 487//487 141//141
f 2518//2518 2383//2383 2591//2591
f 135//135 137//137 3264//3264
f 385//385 3264//3264 137//137
f 1386//1386 1429//1429 942//942
f 1387//1387 1429//1429 1386//1386
f 385//385 137//137 1410//1410
f 1410//1410 137//137 136//136
f 1428//1428 1665//1665 1427//1427
f 3256//3256 1428//1428 3261//3261
f 3261//3261 1428//1428 188//188
f 983//983 982//982 3258//3258
f 3235//3235 1493//1493 135//135
f 3235//3235 135//135 3264//3264
f 3264//3264 1423//1423 3235//3235
f 1422//1422 3235//3235 1423//1423
f 974//974 942//942 1443//1443
f 2220//2220 2598//2598 2218//2218
f 1430//1430 1546//1546 1373//1373
f 1422//1422 1390//1390 1389//1389
f 163//163 164//164 1373//1373
f 165//165 3261//3261 188//188
f 163//163 1546//1546 1494//1494
f 5//5 1373//1373 6//6
f 3260//3260 1443//1443 3256//3256
f 3259//3259 1443//1443 3260//3260
f 3260//3260 3261//3261 3259//3259
f 3261//3261 1392//1392 3259//3259
f 1392//1392 3261//3261 165//165
f 1381//1381 1380//1380 1393//1393
f 1433//1433 1446//1446 1388//1388
f 1424//1424 940//940 938//938
f 1424//1424 938//938 1417//1417
f 1445//1445 1435//1435 1436//1436
f 1445//1445 1436//1436 1473//1473
f 1425//1425 1379//1379 939//939
f 199//199 1436//1436 1433//1433
f 1433//1433 198//198 199//199
f 1394//1394 1540//1540 4//4
f 3258//3258 1370//1370 2275//2275
f 2275//2275 1370//1370 1371//1371
f 1540//1540 1393//1393 123//123
f 1393//1393 1540//1540 1394//1394
f 1437//1437 1440//1440 1434//1434
f 1432//1432 1434//1434 1440//1440
f 1434//1434 1377//1377 1437//1437
f 1425//1425 1444//1444 1426//1426
f 3248//3248 3247//3247 3250//3250
f 1503//1503 1561//1561 1560//1560
f 1379//1379 1381//1381 939//939
f 1381//1381 938//938 939//939
f 942//942 1388//1388 943//943
f 1533//1533 1431//1431 1388//1388
f 1533//1533 1425//1425 3265//3265
f 939//939 3265//3265 1425//1425
f 1665//1665 1431//1431 940//940
f 940//940 1427//1427 1665//1665
f 1444//1444 1445//1445 1473//1473
f 1445//1445 1446//1446 1435//1435
f 3265//3265 939//939 940//940
f 1431//1431 3265//3265 940//940
f 1431//1431 1533//1533 3265//3265
f 1431//1431 1665//1665 943//943
f 1433//1433 1466//1466 1377//1377
f 1433//1433 1435//1435 1446//1446
f 1376//1376 1485//1485 1478//1478
f 1478//1478 1485//1485 1484//1484
f 942//942 1429//1429 1388//1388
f 1328//1328 346//346 347//347
f 347//347 345//345 1327//1327
f 1466//1466 1485//1485 1377//1377
f 1327//1327 345//345 982//982
f 1376//1376 1377//1377 1485//1485
f 1501//1501 1481//1481 1328//1328
f 1328//1328 1481//1481 1483//1483
f 2317//2317 2318//2318 2595//2595
f 2320//2320 2595//2595 2318//2318
f 942//942 974//974 1460//1460
f 1369//1369 1470//1470 1371//1371
f 1381//1381 1394//1394 4//4
f 3266//3266 2028//2028 1995//1995
f 159//159 1512//1512 1516//1516
f 1505//1505 1561//1561 1503//1503
f 123//123 5//5 1540//1540
f 1436//1436 1348//1348 1473//1473
f 199//199 1348//1348 1436//1436
f 123//123 1430//1430 5//5
f 1430//1430 122//122 169//169
f 1430//1430 169//169 136//136
f 1665//1665 3256//3256 941//941
f 1665//1665 1428//1428 3256//3256
f 1508//1508 1538//1538 1523//1523
f 1481//1481 1502//1502 1482//1482
f 1483//1483 1482//1482 2237//2237
f 1506//1506 1508//1508 2237//2237
f 1503//1503 1560//1560 1320//1320
f 1369//1369 346//346 1508//1508
f 2162//2162 1245//1245 1168//1168
f 1425//1425 1380//1380 1379//1379
f 1810//1810 1998//1998 1870//1870
f 1348//1348 3267//3267 1523//1523
f 1523//1523 3267//3267 1470//1470
f 1348//1348 1470//1470 3267//3267
f 200//200 1470//1470 1348//1348
f 2031//2031 1972//1972 2018//2018
f 205//205 1524//1524 1526//1526
f 1526//1526 203//203 205//205
f 983//983 1502//1502 1501//1501
f 3219//3219 1729//1729 1333//1333
f 1557//1557 3268//3268 1600//1600
f 1483//1483 346//346 1328//1328
f 1729//1729 3219//3219 1525//1525
f 1525//1525 3219//3219 3263//3263
f 204//204 2259//2259 205//205
f 3257//3257 2275//2275 1438//1438
f 3257//3257 3258//3258 2275//2275
f 200//200 1439//1439 1470//1470
f 982//982 1370//1370 3258//3258
f 984//984 1327//1327 982//982
f 3270//3270 3269//3269 2094//2094
f 929//929 187//187 186//186
f 1277//1277 187//187 929//929
f 1323//1323 1184//1184 1359//1359
f 1360//1360 1359//1359 1184//1184
f 1334//1334 3271//3271 1298//1298
f 1930//1930 1865//1865 3272//3272
f 3272//3272 3189//3189 1930//1930
f 1166//1166 3253//3253 2162//2162
f 1166//1166 2162//2162 1168//1168
f 1926//1926 3273//3273 1927//1927
f 930//930 905//905 1307//1307
f 905//905 930//930 952//952
f 1641//1641 1659//1659 223//223
f 1821//1821 1716//1716 1605//1605
f 1558//1558 3268//3268 1557//1557
f 1615//1615 213//213 1627//1627
f 1447//1447 1561//1561 1505//1505
f 1505//1505 3263//3263 3219//3219
f 3216//3216 1247//1247 3217//3217
f 3263//3263 1505//1505 1504//1504
f 1333//1333 1729//1729 1524//1524
f 1537//1537 1380//1380 1538//1538
f 1538//1538 1380//1380 1348//1348
f 1348//1348 1523//1523 1538//1538
f 1293//1293 48//48 1286//1286
f 1536//1536 1380//1380 1537//1537
f 911//911 250//250 173//173
f 3219//3219 1333//1333 1300//1300
f 1313//1313 3252//3252 1312//1312
f 1276//1276 3216//3216 1514//1514
f 1503//1503 1538//1538 1504//1504
f 1412//1412 3268//3268 1238//1238
f 3219//3219 1447//1447 1505//1505
f 1261//1261 1419//1419 1449//1449
f 1261//1261 1449//1449 1320//1320
f 2106//2106 1536//1536 1537//1537
f 3246//3246 3253//3253 1313//1313
f 918//918 1076//1076 1544//1544
f 3271//3271 1867//1867 1298//1298
f 1299//1299 1826//1826 1319//1319
f 1298//1298 1826//1826 1299//1299
f 1299//1299 1319//1319 1560//1560
f 1534//1534 1577//1577 1286//1286
f 1867//1867 1826//1826 1298//1298
f 1560//1560 1319//1319 1320//1320
f 1827//1827 1826//1826 1867//1867
f 1867//1867 1514//1514 3216//3216
f 1867//1867 3218//3218 1827//1827
f 3216//3216 3218//3218 1867//1867
f 1513//1513 1358//1358 1275//1275
f 1561//1561 1447//1447 1299//1299
f 3218//3218 1545//1545 1318//1318
f 3218//3218 1318//1318 1827//1827
f 3217//3217 1545//1545 3218//3218
f 1318//1318 1319//1319 1826//1826
f 1293//1293 1294//1294 48//48
f 1420//1420 1536//1536 1491//1491
f 2106//2106 1491//1491 1536//1536
f 2106//2106 3250//3250 1491//1491
f 3250//3250 1490//1490 1491//1491
f 3249//3249 3247//3247 1316//1316
f 1263//1263 3274//3274 3246//3246
f 3254//3254 1263//1263 3246//3246
f 3253//3253 3246//3246 3274//3274
f 1552//1552 1471//1471 196//196
f 1472//1472 1471//1471 1552//1552
f 1262//1262 3254//3254 3247//3247
f 1287//1287 1534//1534 1286//1286
f 1262//1262 3248//3248 1419//1419
f 1448//1448 3248//3248 3250//3250
f 3250//3250 2106//2106 1448//1448
f 1419//1419 3248//3248 1448//1448
f 3254//3254 1262//1262 1263//1263
f 1545//1545 3274//3274 1263//1263
f 3217//3217 3274//3274 1545//1545
f 1539//1539 1538//1538 1503//1503
f 633//633 916//916 1191//1191
f 1191//1191 880//880 633//633
f 3274//3274 3217//3217 3253//3253
f 1525//1525 1504//1504 1538//1538
f 2162//2162 3217//3217 1247//1247
f 3217//3217 2162//2162 3253//3253
f 1358//1358 1360//1360 1245//1245
f 1168//1168 1360//1360 1302//1302
f 1167//1167 1168//1168 1302//1302
f 1659//1659 1660//1660 223//223
f 1268//1268 1577//1577 1551//1551
f 1302//1302 1360//1360 1184//1184
f 1265//1265 1577//1577 1534//1534
f 1551//1551 1577//1577 1265//1265
f 1358//1358 1513//1513 1079//1079
f 1078//1078 1092//1092 1264//1264
f 1264//1264 1554//1554 1078//1078
f 108//108 1154//1154 1559//1559
f 1153//1153 1154//1154 108//108
f 1266//1266 236//236 1555//1555
f 236//236 1472//1472 1552//1552
f 1595//1595 1611//1611 1601//1601
f 212//212 1611//1611 1595//1595
f 1474//1474 1079//1079 1513//1513
f 1180//1180 1223//1223 1619//1619
f 1547//1547 1549//1549 1189//1189
f 1547//1547 1189//1189 1573//1573
f 125//125 126//126 1596//1596
f 125//125 1596//1596 1236//1236
f 1573//1573 1189//1189 197//197
f 1573//1573 197//197 1297//1297
f 197//197 1296//1296 1297//1297
f 1411//1411 1223//1223 1180//1180
f 1180//1180 1566//1566 1564//1564
f 1237//1237 1238//1238 3268//3268
f 1619//1619 1566//1566 1180//1180
f 1180//1180 1259//1259 1288//1288
f 1256//1256 1642//1642 1643//1643
f 1068//1068 1061//1061 1258//1258
f 1179//1179 3275//3275 1181//1181
f 3275//3275 1179//1179 1249//1249
f 3275//3275 1234//1234 1181//1181
f 3275//3275 1563//1563 1234//1234
f 1563//1563 3275//3275 1248//1248
f 1562//1562 1563//1563 1248//1248
f 184//184 3276//3276 1223//1223
f 1619//1619 1223//1223 3276//3276
f 3276//3276 184//184 195//195
f 1258//1258 1252//1252 1253//1253
f 3275//3275 1249//1249 1248//1248
f 1332//1332 1284//1284 1562//1562
f 1332//1332 1562//1562 1248//1248
f 1310//1310 1269//1269 910//910
f 1600//1600 236//236 1599//1599
f 236//236 1600//1600 1572//1572
f 1600//1600 1547//1547 1572//1572
f 175//175 1475//1475 1405//1405
f 175//175 1405//1405 173//173
f 1333//1333 1475//1475 1334//1334
f 1333//1333 1524//1524 1475//1475
f 1334//1334 1475//1475 3271//3271
f 3271//3271 1475//1475 1867//1867
f 2119//2119 1521//1521 1941//1941
f 2119//2119 1941//1941 3269//3269
f 1753//1753 1938//1938 3277//3277
f 1558//1558 1404//1404 1405//1405
f 3276//3276 195//195 1409//1409
f 1801//1801 1799//1799 1696//1696
f 266//266 1801//1801 1866//1866
f 280//280 279//279 1734//1734
f 1615//1615 1617//1617 214//214
f 1938//1938 3278//3278 3277//3277
f 1914//1914 286//286 1831//1831
f 712//712 1789//1789 1846//1846
f 660//660 1751//1751 271//271
f 1237//1237 1597//1597 1602//1602
f 3245//3245 3279//3279 1451//1451
f 1398//1398 1397//1397 1660//1660
f 1256//1256 1610//1610 1257//1257
f 1627//1627 1595//1595 1602//1602
f 3276//3276 1409//1409 1601//1601
f 1672//1672 1575//1575 1325//1325
f 210//210 1254//1254 211//211
f 1570//1570 1185//1185 116//116
f 1600//1600 1548//1548 1547//1547
f 1412//1412 1548//1548 3268//3268
f 1600//1600 3268//3268 1548//1548
f 1413//1413 1548//1548 1412//1412
f 1236//1236 1237//1237 1602//1602
f 1236//1236 1602//1602 125//125
f 3268//3268 1558//1558 1237//1237
f 1769//1769 1627//1627 1602//1602
f 3146//3146 1397//1397 1553//1553
f 3134//3134 1722//1722 15//15
f 273//273 3134//3134 15//15
f 1582//1582 1580//1580 1056//1056
f 1597//1597 3280//3280 1769//1769
f 1598//1598 3280//3280 1597//1597
f 1598//1598 1617//1617 3280//3280
f 1615//1615 3280//3280 1617//1617
f 3280//3280 1627//1627 1769//1769
f 1615//1615 1627//1627 3280//3280
f 1553//1553 214//214 1617//1617
f 742//742 3281//3281 648//648
f 1617//1617 1618//1618 3282//3282
f 3282//3282 1618//1618 1734//1734
f 1256//1256 1643//1643 1610//1610
f 1617//1617 3146//3146 1553//1553
f 1256//1256 1254//1254 1642//1642
f 1655//1655 1654//1654 1592//1592
f 859//859 3205//3205 857//857
f 218//218 201//201 29//29
f 1593//1593 1582//1582 1056//1056
f 3128//3128 1611//1611 212//212
f 1619//1619 3276//3276 1601//1601
f 1281//1281 1624//1624 1280//1280
f 120//120 118//118 229//229
f 3283//3283 1281//1281 1279//1279
f 1621//1621 1653//1653 1556//1556
f 1622//1622 1621//1621 1556//1556
f 3284//3284 31//31 3198//3198
f 1621//1621 1581//1581 1653//1653
f 3192//3192 889//889 3193//3193
f 3193//3193 889//889 890//890
f 889//889 3192//3192 1556//1556
f 1741//1741 1740//1740 688//688
f 3194//3194 859//859 3285//3285
f 251//251 641//641 207//207
f 1640//1640 1634//1634 1633//1633
f 3283//3283 3286//3286 3137//3137
f 1653//1653 1581//1581 3129//3129
f 1715//1715 686//686 687//687
f 1722//1722 3135//3135 858//858
f 3146//3146 1582//1582 1660//1660
f 1660//1660 1582//1582 223//223
f 223//223 1582//1582 1593//1593
f 1646//1646 3279//3279 1565//1565
f 1582//1582 1617//1617 3129//3129
f 1617//1617 1582//1582 3146//3146
f 1628//1628 1634//1634 1640//1640
f 1629//1629 1625//1625 1576//1576
f 1542//1542 1541//1541 3129//3129
f 3129//3129 1617//1617 1542//1542
f 3129//3129 1541//1541 1653//1653
f 652//652 1722//1722 651//651
f 3281//3281 742//742 1699//1699
f 1700//1700 1675//1675 806//806
f 1706//1706 219//219 1//1
f 846//846 1706//1706 3//3
f 3283//3283 3137//3137 1640//1640
f 1640//1640 3137//3137 1628//1628
f 3286//3286 3283//3283 1279//1279
f 1281//1281 3283//3283 1657//1657
f 1594//1594 1593//1593 1056//1056
f 221//221 1594//1594 3286//3286
f 3286//3286 1279//1279 221//221
f 3200//3200 1594//1594 1056//1056
f 1279//1279 1280//1280 221//221
f 1638//1638 1639//1639 1643//1643
f 1620//1620 211//211 1255//1255
f 1565//1565 1611//1611 1646//1646
f 1655//1655 1611//1611 1612//1612
f 1656//1656 1643//1643 1639//1639
f 1257//1257 3128//3128 1255//1255
f 1641//1641 1255//1255 1398//1398
f 1611//1611 1566//1566 1619//1619
f 3287//3287 1632//1632 3240//3240
f 1624//1624 1657//1657 210//210
f 1056//1056 1057//1057 3200//3200
f 1625//1625 1579//1579 1576//1576
f 3136//3136 1622//1622 3192//3192
f 3192//3192 1622//1622 1556//1556
f 1640//1640 1657//1657 3283//3283
f 3286//3286 1594//1594 3137//3137
f 1594//1594 3200//3200 3137//3137
f 3137//3137 3200//3200 1629//1629
f 1584//1584 1583//1583 1613//1613
f 663//663 653//653 651//651
f 3198//3198 856//856 1670//1670
f 892//892 230//230 871//871
f 290//290 1625//1625 605//605
f 3200//3200 605//605 1625//1625
f 3198//3198 31//31 33//33
f 1667//1667 1587//1587 1652//1652
f 1589//1589 1652//1652 1587//1587
f 893//893 230//230 892//892
f 824//824 1579//1579 290//290
f 890//890 1648//1648 3284//3284
f 888//888 1648//1648 890//890
f 856//856 3198//3198 33//33
f 1326//1326 1652//1652 1589//1589
f 3192//3192 1670//1670 3136//3136
f 3287//3287 3239//3239 1231//1231
f 1678//1678 884//884 867//867
f 292//292 3136//3136 1670//1670
f 3193//3193 3284//3284 3198//3198
f 890//890 3284//3284 3193//3193
f 1801//1801 266//266 1692//1692
f 1246//1246 1247//1247 3216//3216
f 3216//3216 1276//1276 1246//1246
f 818//818 762//762 819//819
f 3181//3181 761//761 3207//3207
f 824//824 825//825 263//263
f 264//264 265//265 978//978
f 653//653 663//663 3126//3126
f 605//605 1631//1631 291//291
f 1622//1622 291//291 1631//1631
f 120//120 1583//1583 3190//3190
f 3190//3190 1583//1583 1724//1724
f 1622//1622 3136//3136 291//291
f 119//119 120//120 3190//3190
f 855//855 226//226 225//225
f 979//979 635//635 33//33
f 3140//3140 670//670 11//11
f 1631//1631 605//605 1057//1057
f 808//808 3204//3204 1691//1691
f 875//875 867//867 884//884
f 867//867 875//875 1191//1191
f 875//875 880//880 1191//1191
f 880//880 875//875 874//874
f 229//229 31//31 3284//3284
f 3284//3284 1648//1648 229//229
f 252//252 875//875 884//884
f 647//647 1350//1350 667//667
f 1592//1592 1654//1654 3288//3288
f 3288//3288 1654//1654 1639//1639
f 3288//3288 1639//1639 1633//1633
f 1612//1612 1643//1643 1656//1656
f 1610//1610 3128//3128 1257//1257
f 1611//1611 3128//3128 1610//1610
f 1574//1574 1575//1575 1672//1672
f 1628//1628 1630//1630 1634//1634
f 1630//1630 3240//3240 1634//1634
f 1634//1634 3240//3240 1632//1632
f 1632//1632 3289//3289 3288//3288
f 3288//3288 1633//1633 1632//1632
f 3288//3288 3289//3289 1592//1592
f 3279//3279 3245//3245 1565//1565
f 3240//3240 3239//3239 3287//3287
f 1655//1655 1591//1591 1611//1611
f 1059//1059 1258//1258 1061//1061
f 1059//1059 1252//1252 1258//1258
f 1231//1231 1295//1295 3287//3287
f 3287//3287 1295//1295 3289//3289
f 1632//1632 3287//3287 3289//3289
f 1180//1180 3290//3290 1259//1259
f 1069//1069 3245//3245 1451//1451
f 1672//1672 3291//3291 1230//1230
f 1564//1564 3290//3290 1180//1180
f 1588//1588 3291//3291 1661//1661
f 1588//1588 1661//1661 1589//1589
f 3289//3289 1450//1450 1592//1592
f 3289//3289 1295//1295 1450//1450
f 3245//3245 3290//3290 1565//1565
f 1565//1565 3290//3290 1564//1564
f 3290//3290 1068//1068 1259//1259
f 1068//1068 3290//3290 3245//3245
f 1611//1611 1565//1565 1566//1566
f 1451//1451 3279//3279 1646//1646
f 1591//1591 1451//1451 1646//1646
f 1252//1252 1568//1568 1567//1567
f 1252//1252 1567//1567 1251//1251
f 1060//1060 1232//1232 3292//3292
f 3292//3292 1059//1059 1060//1060
f 1568//1568 1252//1252 3292//3292
f 1059//1059 3292//3292 1252//1252
f 1668//1668 1664//1664 1568//1568
f 1568//1568 1664//1664 1209//1209
f 1650//1650 1652//1652 262//262
f 1203//1203 1666//1666 1202//1202
f 671//671 670//670 3140//3140
f 1661//1661 3291//3291 1672//1672
f 1668//1668 3292//3292 1232//1232
f 1568//1568 3292//3292 1668//1668
f 1232//1232 3291//3291 1668//1668
f 1668//1668 3291//3291 1588//1588
f 1230//1230 3291//3291 1232//1232
f 3239//3239 1630//1630 1576//1576
f 1243//1243 848//848 849//849
f 979//979 262//262 635//635
f 33//33 635//635 856//856
f 1808//1808 24//24 666//666
f 921//921 919//919 74//74
f 3243//3243 1021//1021 3293//3293
f 1676//1676 3293//3293 1021//1021
f 1685//1685 3293//3293 1676//1676
f 848//848 3293//3293 1685//1685
f 1685//1685 1666//1666 848//848
f 3293//3293 1243//1243 3243//3243
f 1242//1242 3237//3237 1243//1243
f 3293//3293 848//848 1243//1243
f 3237//3237 1242//1242 920//920
f 1306//1306 830//830 1193//1193
f 1220//1220 1306//1306 1193//1193
f 1306//1306 1271//1271 1030//1030
f 1240//1240 1031//1031 1271//1271
f 3239//3239 1574//1574 1230//1230
f 3244//3244 920//920 1242//1242
f 3244//3244 1242//1242 3199//3199
f 850//850 1673//1673 838//838
f 838//838 1673//1673 980//980
f 1240//1240 920//920 3244//3244
f 893//893 980//980 32//32
f 823//823 980//980 893//893
f 1231//1231 3239//3239 1230//1230
f 866//866 867//867 1191//1191
f 1650//1650 1673//1673 850//850
f 1808//1808 1712//1712 795//795
f 24//24 1808//1808 795//795
f 804//804 805//805 1712//1712
f 3281//3281 1699//1699 1350//1350
f 1350//1350 648//648 3281//3281
f 1350//1350 647//647 648//648
f 671//671 3140//3140 1705//1705
f 3127//3127 1684//1684 3140//3140
f 22//22 1705//1705 1684//1684
f 1684//1684 1705//1705 3140//3140
f 670//670 672//672 12//12
f 845//845 12//12 672//672
f 846//846 1682//1682 845//845
f 671//671 217//217 216//216
f 216//216 672//672 671//671
f 216//216 846//846 672//672
f 654//654 14//14 3139//3139
f 3205//3205 3195//3195 857//857
f 1614//1614 857//857 3195//3195
f 1542//1542 857//857 1613//1613
f 1613//1613 1583//1583 1542//1542
f 3139//3139 14//14 13//13
f 654//654 658//658 644//644
f 13//13 3126//3126 3138//3138
f 49//49 50//50 143//143
f 3139//3139 13//13 3138//3138
f 1609//1609 1721//1721 1603//1603
f 3194//3194 3285//3285 172//172
f 3285//3285 272//272 172//172
f 859//859 858//858 3285//3285
f 3285//3285 858//858 3135//3135
f 272//272 3285//3285 3134//3134
f 3285//3285 3135//3135 3134//3134
f 1542//1542 858//858 857//857
f 1747//1747 1866//1866 3294//3294
f 1542//1542 1617//1617 858//858
f 272//272 170//170 172//172
f 947//947 948//948 1730//1730
f 1699//1699 742//742 1700//1700
f 1674//1674 668//668 669//669
f 668//668 1674//1674 3139//3139
f 1721//1721 1609//1609 1675//1675
f 3139//3139 1674//1674 654//654
f 1626//1626 3138//3138 3132//3132
f 3132//3132 3138//3138 663//663
f 3126//3126 663//663 3138//3138
f 652//652 665//665 1722//1722
f 665//665 15//15 1722//1722
f 215//215 1706//1706 216//216
f 170//170 273//273 1713//1713
f 273//273 14//14 1713//1713
f 170//170 1713//1713 643//643
f 609//609 62//62 707//707
f 707//707 239//239 703//703
f 1722//1722 1721//1721 651//651
f 651//651 1721//1721 3295//3295
f 3295//3295 742//742 651//651
f 1721//1721 742//742 3295//3295
f 742//742 1721//1721 1700//1700
f 29//29 202//202 30//30
f 217//217 30//30 202//202
f 1805//1805 687//687 688//688
f 2011//2011 3090//3090 3113//3113
f 1800//1800 688//688 686//686
f 1799//1799 686//686 1696//1696
f 1800//1800 686//686 1799//1799
f 1695//1695 1715//1715 3296//3296
f 1839//1839 1695//1695 3296//3296
f 1697//1697 1695//1695 1839//1839
f 3297//3297 1750//1750 1751//1751
f 1697//1697 1750//1750 3297//3297
f 949//949 1740//1740 948//948
f 1767//1767 1766//1766 3521//3521
f 1790//1790 1848//1848 1789//1789
f 949//949 1848//1848 1805//1805
f 949//949 1805//1805 1807//1807
f 949//949 1846//1846 1789//1789
f 1789//1789 1848//1848 949//949
f 1742//1742 948//948 1740//1740
f 3123//3123 420//420 418//418
f 1745//1745 1900//1900 1899//1899
f 286//286 1828//1828 284//284
f 746//746 281//281 582//582
f 1979//1979 1793//1793 1794//1794
f 577//577 38//38 1690//1690
f 577//577 1690//1690 3060//3060
f 2072//2072 1989//1989 1767//1767
f 1928//1928 745//745 3298//3298
f 1808//1808 1718//1718 1712//1712
f 3299//3299 1767//1767 3300//3300
f 2010//2010 3300//3300 1767//1767
f 3050//3050 2913//2913 3103//3103
f 3048//3048 3103//3103 3112//3112
f 1712//1712 1679//1679 795//795
f 747//747 1877//1877 3010//3010
f 1988//1988 1767//1767 1989//1989
f 3010//3010 1995//1995 747//747
f 624//624 1745//1745 1979//1979
f 1899//1899 1979//1979 1745//1745
f 2078//2078 3010//3010 320//320
f 3301//3301 1864//1864 1865//1865
f 1712//1712 218//218 1679//1679
f 766//766 3172//3172 768//768
f 1698//1698 1718//1718 1699//1699
f 1847//1847 1848//1848 3060//3060
f 1888//1888 319//319 3302//3302
f 3266//3266 1995//1995 3010//3010
f 739//739 322//322 1522//1522
f 3303//3303 1888//1888 3299//3299
f 604//604 1845//1845 602//602
f 1845//1845 604//604 1881//1881
f 1693//1693 1778//1778 1780//1780
f 1780//1780 1692//1692 1693//1693
f 316//316 1863//1863 1862//1862
f 1863//1863 316//316 726//726
f 1741//1741 1809//1809 1742//1742
f 1847//1847 3304//3304 1804//1804
f 1694//1694 759//759 274//274
f 1824//1824 1823//1823 2//2
f 3060//3060 1690//1690 3304//3304
f 1884//1884 3021//3021 1883//1883
f 1846//1846 711//711 712//712
f 1739//1739 1820//1820 1735//1735
f 726//726 711//711 1846//1846
f 1846//1846 3085//3085 726//726
f 1848//1848 1790//1790 3060//3060
f 1824//1824 2//2 1645//1645
f 3305//3305 1824//1824 1645//1645
f 1806//1806 3305//3305 1714//1714
f 1806//1806 1714//1714 687//687
f 3305//3305 1806//1806 1824//1824
f 1749//1749 278//278 280//280
f 1824//1824 1806//1806 1804//1804
f 1690//1690 1825//1825 3304//3304
f 1748//1748 269//269 1739//1739
f 1836//1836 1763//1763 752//752
f 3085//3085 1731//1731 1851//1851
f 3085//3085 1851//1851 1863//1863
f 1763//1763 3185//3185 1764//1764
f 1613//1613 857//857 1614//1614
f 1824//1824 1804//1804 3304//3304
f 1825//1825 1824//1824 3304//3304
f 3207//3207 761//761 865//865
f 1730//1730 948//948 1841//1841
f 1741//1741 688//688 1800//1800
f 1741//1741 1780//1780 1809//1809
f 1851//1851 1731//1731 1852//1852
f 1852//1852 1731//1731 1842//1842
f 1855//1855 1869//1869 676//676
f 1771//1771 1998//1998 1773//1773
f 1868//1868 1869//1869 1855//1855
f 78//78 258//258 77//77
f 1623//1623 1603//1603 1721//1721
f 666//666 1350//1350 1808//1808
f 279//279 1748//1748 1739//1739
f 1756//1756 1749//1749 1758//1758
f 1756//1756 271//271 1749//1749
f 269//269 1749//1749 271//271
f 3124//3124 3306//3306 3307//3307
f 3124//3124 3307//3307 3058//3058
f 2929//2929 3005//3005 3004//3004
f 220//220 3308//3308 1645//1645
f 1645//1645 3308//3308 3305//3305
f 3309//3309 3305//3305 3308//3308
f 3309//3309 3308//3308 3310//3310
f 3310//3310 3308//3308 220//220
f 220//220 1821//1821 3310//3310
f 1821//1821 1839//1839 3310//3310
f 1840//1840 1830//1830 1829//1829
f 1839//1839 1750//1750 1697//1697
f 3309//3309 1839//1839 3296//3296
f 3309//3309 3296//3296 3305//3305
f 1714//1714 3305//3305 3296//3296
f 1714//1714 3296//3296 1715//1715
f 3312//3312 1913//1913 3311//3311
f 1913//1913 3312//3312 1914//1914
f 752//752 1737//1737 1836//1836
f 1847//1847 3060//3060 3304//3304
f 1802//1802 1829//1829 1736//1736
f 1807//1807 1805//1805 1740//1740
f 1835//1835 1803//1803 751//751
f 1905//1905 2230//2230 1906//1906
f 3282//3282 1734//1734 279//279
f 1865//1865 1850//1850 3272//3272
f 2805//2805 2804//2804 3005//3005
f 1029//1029 3046//3046 1028//1028
f 3313//3313 2020//2020 1903//1903
f 3090//3090 3313//3313 1903//1903
f 1905//1905 1703//1703 1948//1948
f 1950//1950 1905//1905 1948//1948
f 1949//1949 1948//1948 1986//1986
f 1991//1991 3086//3086 1988//1988
f 1986//1986 1702//1702 1968//1968
f 2040//2040 2085//2085 2083//2083
f 661//661 1756//1756 1760//1760
f 1786//1786 1787//1787 1856//1856
f 3310//3310 1839//1839 3309//3309
f 220//220 1716//1716 1821//1821
f 220//220 805//805 1716//1716
f 1749//1749 1732//1732 1758//1758
f 3147//3147 3015//3015 3006//3006
f 1749//1749 1748//1748 278//278
f 1788//1788 1786//1786 1840//1840
f 1840//1840 1786//1786 744//744
f 1747//1747 265//265 1866//1866
f 661//661 1760//1760 1765//1765
f 1732//1732 1733//1733 1758//1758
f 1758//1758 1733//1733 1770//1770
f 1813//1813 1788//1788 1802//1802
f 750//750 1737//1737 752//752
f 265//265 1747//1747 1744//1744
f 1761//1761 1759//1759 1813//1813
f 1788//1788 1840//1840 1829//1829
f 1802//1802 1788//1788 1829//1829
f 1813//1813 1759//1759 1811//1811
f 1760//1760 1756//1756 1759//1759
f 1759//1759 3314//3314 1811//1811
f 1759//1759 1756//1756 3314//3314
f 1756//1756 1757//1757 3314//3314
f 1934//1934 3314//3314 1757//1757
f 1755//1755 3314//3314 1934//1934
f 1850//1850 1763//1763 1836//1836
f 1761//1761 1813//1813 1802//1802
f 1736//1736 3315//3315 1738//1738
f 3316//3316 1746//1746 1747//1747
f 2123//2123 2125//2125 2136//2136
f 1830//1830 3315//3315 1736//1736
f 745//745 1830//1830 744//744
f 1764//1764 1765//1765 1835//1835
f 1764//1764 1835//1835 751//751
f 3294//3294 1697//1697 3297//3297
f 3317//3317 1762//1762 1784//1784
f 3317//3317 1755//1755 1762//1762
f 1755//1755 3317//3317 3314//3314
f 3318//3318 3315//3315 1830//1830
f 745//745 1928//1928 3315//3315
f 1802//1802 1803//1803 1761//1761
f 1855//1855 1854//1854 1868//1868
f 1784//1784 1774//1774 1787//1787
f 1774//1774 1776//1776 1787//1787
f 1784//1784 1787//1787 3317//3317
f 1787//1787 1788//1788 1811//1811
f 1811//1811 1788//1788 1812//1812
f 3317//3317 1787//1787 1811//1811
f 3317//3317 1811//1811 3314//3314
f 745//745 3318//3318 1830//1830
f 1854//1854 1856//1856 1787//1787
f 1869//1869 678//678 676//676
f 678//678 1869//1869 1775//1775
f 3319//3319 1752//1752 1757//1757
f 1524//1524 3320//3320 1475//1475
f 1868//1868 1854//1854 1776//1776
f 1776//1776 1854//1854 1787//1787
f 1775//1775 1868//1868 1776//1776
f 1835//1835 1777//1777 1761//1761
f 1752//1752 1934//1934 1757//1757
f 1803//1803 1835//1835 1761//1761
f 1774//1774 1784//1784 1933//1933
f 1785//1785 1933//1933 1784//1784
f 1785//1785 1822//1822 1933//1933
f 3321//3321 1762//1762 1754//1754
f 1841//1841 948//948 1742//1742
f 1753//1753 3321//3321 1754//1754
f 3322//3322 3321//3321 1753//1753
f 1775//1775 1933//1933 678//678
f 1774//1774 1933//1933 1775//1775
f 3315//3315 3189//3189 1738//1738
f 2185//2185 2142//2142 427//427
f 1928//1928 3189//3189 3315//3315
f 3297//3297 1746//1746 3316//3316
f 3316//3316 3294//3294 3297//3297
f 660//660 1746//1746 1751//1751
f 1734//1734 1618//1618 1616//1616
f 1938//1938 1753//1753 1939//1939
f 3282//3282 279//279 1617//1617
f 3294//3294 3316//3316 1747//1747
f 3297//3297 1751//1751 1746//1746
f 1753//1753 1752//1752 3319//3319
f 1733//1733 3319//3319 1770//1770
f 1770//1770 3319//3319 1757//1757
f 1785//1785 1762//1762 3321//3321
f 3322//3322 3278//3278 3321//3321
f 3321//3321 3278//3278 1822//1822
f 3321//3321 1822//1822 1785//1785
f 1822//1822 3278//3278 677//677
f 1940//1940 3278//3278 1938//1938
f 1939//1939 1733//1733 1616//1616
f 1939//1939 1753//1753 1733//1733
f 1733//1733 1753//1753 3319//3319
f 1753//1753 3277//3277 3322//3322
f 1836//1836 3189//3189 3272//3272
f 1944//1944 1855//1855 3520//3520
f 1853//1853 1855//1855 1944//1944
f 1940//1940 1943//1943 3278//3278
f 676//676 677//677 3278//3278
f 1941//1941 1943//1943 3323//3323
f 1940//1940 1939//1939 3323//3323
f 1616//1616 3323//3323 1939//1939
f 1831//1831 3324//3324 1864//1864
f 1778//1778 264//264 3185//3185
f 1764//1764 3185//3185 264//264
f 978//978 265//265 1744//1744
f 1902//1902 2033//2033 2024//2024
f 1962//1962 745//745 1947//1947
f 1773//1773 1998//1998 1810//1810
f 1910//1910 1912//1912 1943//1943
f 340//340 322//322 321//321
f 3059//3059 3058//3058 3046//3046
f 1522//1522 322//322 340//340
f 1838//1838 2004//2004 2006//2006
f 3326//3326 3298//3298 3325//3325
f 3327//3327 1810//1810 1871//1871
f 1929//1929 3326//3326 3328//3328
f 1979//1979 1794//1794 624//624
f 3113//3113 1899//1899 1898//1898
f 3329//3329 3330//3330 2068//2068
f 1768//1768 1767//1767 1828//1828
f 1837//1837 2004//2004 1838//1838
f 1837//1837 283//283 2004//2004
f 3118//3118 3089//3089 3177//3177
f 1984//1984 1972//1972 2031//2031
f 1866//1866 1697//1697 3294//3294
f 1928//1928 1930//1930 3189//3189
f 264//264 978//978 1764//1764
f 1866//1866 1801//1801 1697//1697
f 2013//2013 2014//2014 2913//2913
f 3322//3322 3277//3277 3278//3278
f 1616//1616 1617//1617 3323//3323
f 1617//1617 1558//1558 1405//1405
f 1405//1405 3323//3323 1617//1617
f 1475//1475 3323//3323 1405//1405
f 3324//3324 1779//1779 1864//1864
f 1864//1864 1779//1779 1850//1850
f 3270//3270 3331//3331 1881//1881
f 2119//2119 3269//3269 3270//3270
f 3270//3270 1881//1881 2119//2119
f 1842//1842 315//315 1852//1852
f 1779//1779 3324//3324 1809//1809
f 3324//3324 1742//1742 1809//1809
f 1742//1742 3324//3324 1841//1841
f 1841//1841 3324//3324 1849//1849
f 3324//3324 1831//1831 1849//1849
f 1849//1849 1831//1831 285//285
f 1606//1606 1607//1607 2121//2121
f 2124//2124 2123//2123 3332//3332
f 2137//2137 3332//3332 2123//2123
f 1836//1836 3272//3272 1850//1850
f 3298//3298 3326//3326 1929//1929
f 1929//1929 1928//1928 3298//3298
f 1909//1909 1908//1908 2156//2156
f 2156//2156 1908//1908 1766//1766
f 1736//1736 1737//1737 750//750
f 1913//1913 1864//1864 3301//3301
f 3333//3333 3311//3311 3301//3301
f 1913//1913 3301//3301 3311//3311
f 3333//3333 3301//3301 1865//1865
f 1865//1865 1930//1930 3333//3333
f 3333//3333 1929//1929 3328//3328
f 1969//1969 3334//3334 1949//1949
f 1920//1920 3335//3335 1918//1918
f 1920//1920 1919//1919 1815//1815
f 3318//3318 745//745 3315//3315
f 2121//2121 1923//1923 310//310
f 1923//1923 2121//2121 1926//1926
f 2128//2128 2130//2130 2153//2153
f 2153//2153 2130//2130 2188//2188
f 553//553 2153//2153 2188//2188
f 1994//1994 3336//3336 2183//2183
f 2117//2117 745//745 1962//1962
f 1796//1796 1810//1810 3327//3327
f 1922//1922 2128//2128 2153//2153
f 2161//2161 3320//3320 3337//3337
f 2133//2133 2120//2120 552//552
f 2267//2267 1512//1512 2445//2445
f 1475//1475 3320//3320 3323//3323
f 205//205 3320//3320 1524//1524
f 2136//2136 3337//3337 3320//3320
f 2136//2136 3320//3320 2228//2228
f 3320//3320 2259//2259 2228//2228
f 2259//2259 3320//3320 205//205
f 1870//1870 3338//3338 1871//1871
f 3124//3124 3063//3063 3306//3306
f 3521//3521 3338//3338 3339//3339
f 1871//1871 3338//3338 3521//3521
f 3040//3040 3341//3341 3340//3340
f 3342//3342 3040//3040 3340//3340
f 1871//1871 3521//3521 3327//3327
f 1997//1997 3339//3339 3338//3338
f 1997//1997 3338//3338 1870//1870
f 1999//1999 3339//3339 1997//1997
f 3302//3302 1767//1767 3299//3299
f 3302//3302 3299//3299 1888//1888
f 3339//3339 1999//1999 2010//2010
f 2024//2024 2034//2034 607//607
f 2034//2034 1974//1974 1975//1975
f 3167//3167 3073//3073 3074//3074
f 3167//3167 3074//3074 3182//3182
f 3026//3026 2731//2731 3155//3155
f 1965//1965 59//59 1964//1964
f 341//341 309//309 308//308
f 2140//2140 341//341 308//308
f 3187//3187 2960//2960 2959//2959
f 3225//3225 1726//1726 2959//2959
f 2959//2959 1726//1726 3187//3187
f 3122//3122 3071//3071 2924//2924
f 1940//1940 3323//3323 1943//1943
f 1834//1834 2101//2101 1837//1837
f 302//302 1992//1992 1945//1945
f 3343//3343 1832//1832 1701//1701
f 3344//3344 2101//2101 1833//1833
f 1728//1728 2101//2101 3344//3344
f 3344//3344 3345//3345 1728//1728
f 1728//1728 3345//3345 1904//1904
f 3346//3346 1796//1796 3327//3327
f 1772//1772 2108//2108 3303//3303
f 3339//3339 1767//1767 3521//3521
f 1838//1838 2006//2006 1900//1900
f 3347//3347 1907//1907 3348//3348
f 1772//1772 3349//3349 2109//2109
f 1798//1798 3349//3349 1772//1772
f 1943//1943 1942//1942 1910//1910
f 3350//3350 3313//3313 2028//2028
f 3298//3298 2117//2117 3325//3325
f 3333//3333 1930//1930 1929//1929
f 2157//2157 3326//3326 3325//3325
f 3328//3328 3326//3326 3311//3311
f 3311//3311 3333//3333 3328//3328
f 1798//1798 3346//3346 3347//3347
f 1798//1798 3347//3347 3349//3349
f 3325//3325 1917//1917 1915//1915
f 2157//2157 3325//3325 1915//1915
f 3348//3348 3349//3349 3347//3347
f 1771//1771 1772//1772 3303//3303
f 3352//3352 3351//3351 1907//1907
f 1816//1816 1960//1960 3335//3335
f 1911//1911 1856//1856 1853//1853
f 1942//1942 3353//3353 2231//2231
f 1941//1941 2231//2231 3353//3353
f 1941//1941 3353//3353 1942//1942
f 2032//2032 1886//1886 1973//1973
f 1973//1973 1984//1984 2032//2032
f 1855//1855 676//676 3520//3520
f 1943//1943 3520//3520 3278//3278
f 3326//3326 2157//2157 1766//1766
f 3346//3346 1798//1798 1796//1796
f 1932//1932 1911//1911 1910//1910
f 2160//2160 2053//2053 1874//1874
f 1872//1872 2160//2160 1874//1874
f 3326//3326 1766//1766 3311//3311
f 1907//1907 1909//1909 3352//3352
f 3352//3352 1909//1909 1915//1915
f 3520//3520 676//676 3278//3278
f 1912//1912 3520//3520 1943//1943
f 2156//2156 1915//1915 1909//1909
f 3521//3521 1766//1766 3327//3327
f 712//712 3060//3060 1790//1790
f 2082//2082 2160//2160 2115//2115
f 745//745 2117//2117 3298//3298
f 1908//1908 3346//3346 1766//1766
f 3347//3347 3346//3346 1908//1908
f 1916//1916 1918//1918 3352//3352
f 1916//1916 3352//3352 1915//1915
f 1918//1918 3351//3351 3352//3352
f 3354//3354 3348//3348 1907//1907
f 3354//3354 1907//1907 3351//3351
f 3335//3335 3355//3355 3351//3351
f 3355//3355 3354//3354 3351//3351
f 3356//3356 3357//3357 3358//3358
f 3356//3356 3358//3358 317//317
f 1907//1907 3347//3347 1908//1908
f 1912//1912 1944//1944 3520//3520
f 1459//1459 366//366 1458//1458
f 3345//3345 3359//3359 1904//1904
f 657//657 3359//3359 3345//3345
f 655//655 1906//1906 2230//2230
f 1960//1960 1816//1816 1814//1814
f 3346//3346 3327//3327 1766//1766
f 2194//2194 2447//2447 112//112
f 1910//1910 2231//2231 1931//1931
f 1942//1942 2231//2231 1910//1910
f 1925//1925 2128//2128 1922//1922
f 1922//1922 1923//1923 1925//1925
f 2193//2193 2149//2149 2147//2147
f 2231//2231 3360//3360 2230//2230
f 1815//1815 1919//1919 743//743
f 1947//1947 1919//1919 1961//1961
f 2117//2117 1917//1917 3325//3325
f 1919//1919 1947//1947 743//743
f 1961//1961 1917//1917 2117//2117
f 3361//3361 3362//3362 3363//3363
f 3363//3363 582//582 3361//3361
f 3363//3363 339//339 582//582
f 2332//2332 2161//2161 3337//3337
f 2161//2161 2332//2332 2129//2129
f 655//655 3362//3362 3359//3359
f 3359//3359 657//657 655//655
f 1898//1898 2005//2005 2011//2011
f 2129//2129 2128//2128 1925//1925
f 1925//1925 1927//1927 2129//2129
f 1905//1905 2107//2107 2230//2230
f 2230//2230 2107//2107 2229//2229
f 2231//2231 2229//2229 1931//1931
f 1931//1931 2229//2229 1786//1786
f 1786//1786 1856//1856 1931//1931
f 1856//1856 1932//1932 1931//1931
f 3364//3364 1905//1905 1958//1958
f 3364//3364 1958//1958 2107//2107
f 2107//2107 1905//1905 3364//3364
f 1786//1786 3365//3365 744//744
f 2229//2229 3365//3365 1786//1786
f 2107//2107 1814//1814 2229//2229
f 743//743 3365//3365 2229//2229
f 2229//2229 1814//1814 743//743
f 744//744 3365//3365 743//743
f 1960//1960 1814//1814 1957//1957
f 1958//1958 1957//1957 1814//1814
f 1905//1905 1959//1959 1958//1958
f 1815//1815 1816//1816 1920//1920
f 1920//1920 1816//1816 3335//3335
f 1956//1956 1959//1959 1905//1905
f 1956//1956 1905//1905 1950//1950
f 3366//3366 1959//1959 1956//1956
f 3367//3367 1906//1906 656//656
f 1955//1955 1906//1906 3367//3367
f 3351//3351 1918//1918 3335//3335
f 1916//1916 1919//1919 1918//1918
f 3335//3335 3366//3366 3355//3355
f 3335//3335 1960//1960 1959//1959
f 3335//3335 1959//1959 3366//3366
f 1904//1904 3368//3368 282//282
f 1897//1897 1832//1832 3343//3343
f 1772//1772 1773//1773 1797//1797
f 3368//3368 3361//3361 582//582
f 1956//1956 1949//1949 3334//3334
f 1956//1956 3334//3334 3366//3366
f 3368//3368 582//582 282//282
f 1955//1955 3343//3343 1701//1701
f 1701//1701 1703//1703 1955//1955
f 3357//3357 3369//3369 3355//3355
f 3368//3368 3359//3359 3362//3362
f 3361//3361 3368//3368 3362//3362
f 3370//3370 2012//2012 2013//2013
f 3091//3091 3370//3370 2013//2013
f 3345//3345 3344//3344 656//656
f 656//656 1833//1833 1897//1897
f 656//656 3344//3344 1833//1833
f 3343//3343 656//656 1897//1897
f 3345//3345 656//656 657//657
f 3343//3343 3367//3367 656//656
f 1955//1955 3367//3367 3343//3343
f 655//655 656//656 1906//1906
f 1919//1919 1917//1917 1961//1961
f 1917//1917 1919//1919 1916//1916
f 3355//3355 3366//3366 3334//3334
f 3355//3355 3369//3369 3354//3354
f 3359//3359 3368//3368 1904//1904
f 1969//1969 1945//1945 1991//1991
f 1945//1945 1967//1967 1946//1946
f 314//314 304//304 303//303
f 1745//1745 2058//2058 312//312
f 3371//3371 313//313 1834//1834
f 1834//1834 1838//1838 3371//3371
f 312//312 2058//2058 314//314
f 1745//1745 570//570 2058//2058
f 1834//1834 313//313 1832//1832
f 1832//1832 313//313 601//601
f 601//601 313//313 314//314
f 3371//3371 312//312 313//313
f 1838//1838 1900//1900 3371//3371
f 312//312 1900//1900 1745//1745
f 1900//1900 312//312 3371//3371
f 1946//1946 1967//1967 303//303
f 601//601 303//303 1701//1701
f 303//303 1968//1968 1701//1701
f 1832//1832 601//601 1701//1701
f 2092//2092 2018//2018 3372//3372
f 2092//2092 3372//3372 3086//3086
f 2059//2059 1970//1970 2060//2060
f 3373//3373 1967//1967 1945//1945
f 1986//1986 1967//1967 3373//3373
f 3086//3086 3372//3372 2059//2059
f 2059//2059 3372//3372 1970//1970
f 1970//1970 3372//3372 2018//2018
f 3373//3373 1945//1945 1949//1949
f 3373//3373 1949//1949 1986//1986
f 1703//1703 1702//1702 1986//1986
f 1986//1986 1948//1948 1703//1703
f 1946//1946 303//303 302//302
f 2083//2083 2085//2085 2077//2077
f 1903//1903 2020//2020 1902//1902
f 3340//3340 3374//3374 3042//3042
f 3342//3342 3340//3340 3042//3042
f 3125//3125 1992//1992 302//302
f 2020//2020 3313//3313 2081//2081
f 1991//1991 1992//1992 3086//3086
f 1981//1981 3082//3082 3375//3375
f 3329//3329 2068//2068 1971//1971
f 1971//1971 3376//3376 1970//1970
f 3376//3376 1971//1971 2068//2068
f 1970//1970 3376//3376 2068//2068
f 1989//1989 2072//2072 1990//1990
f 3370//3370 2074//2074 1973//1973
f 2012//2012 3370//3370 1973//1973
f 1767//1767 3339//3339 2010//2010
f 2108//2108 1889//1889 1888//1888
f 2024//2024 1901//1901 1902//1902
f 2005//2005 2004//2004 1885//1885
f 2072//2072 1969//1969 1991//1991
f 2113//2113 569//569 2031//2031
f 1984//1984 1973//1973 2074//2074
f 2895//2895 3377//3377 1819//1819
f 3377//3377 2895//2895 2896//2896
f 2012//2012 1973//1973 1887//1887
f 1888//1888 3303//3303 2108//2108
f 568//568 569//569 2113//2113
f 2031//2031 569//569 2032//2032
f 2109//2109 3349//3349 3348//3348
f 2156//2156 1766//1766 2157//2157
f 1766//1766 1768//1768 3311//3311
f 3312//3312 3311//3311 1768//1768
f 3357//3357 3356//3356 3369//3369
f 3369//3369 3356//3356 3378//3378
f 3356//3356 3379//3379 3378//3378
f 3379//3379 2109//2109 3378//3378
f 3379//3379 1889//1889 2109//2109
f 317//317 1889//1889 3379//3379
f 3356//3356 317//317 3379//3379
f 3380//3380 317//317 3358//3358
f 3358//3358 1969//1969 3380//3380
f 1969//1969 3358//3358 3334//3334
f 286//286 1914//1914 1828//1828
f 3383//3383 3382//3382 3381//3381
f 1768//1768 1828//1828 1914//1914
f 3312//3312 1768//1768 1914//1914
f 3384//3384 1969//1969 318//318
f 3384//3384 3380//3380 1969//1969
f 318//318 3380//3380 3384//3384
f 318//318 317//317 3380//3380
f 3358//3358 3357//3357 3334//3334
f 3355//3355 3334//3334 3357//3357
f 3378//3378 3348//3348 3369//3369
f 3369//3369 3348//3348 3354//3354
f 3103//3103 3039//3039 3112//3112
f 3348//3348 3378//3378 2109//2109
f 1969//1969 2072//2072 319//319
f 1969//1969 319//319 318//318
f 2072//2072 3302//3302 319//319
f 1767//1767 3302//3302 2072//2072
f 1901//1901 1793//1793 3080//3080
f 2109//2109 1889//1889 2108//2108
f 2005//2005 1898//1898 2006//2006
f 3113//3113 3090//3090 3080//3080
f 603//603 1978//1978 1636//1636
f 2010//2010 1771//1771 3300//3300
f 298//298 297//297 712//712
f 2011//2011 3113//3113 1898//1898
f 3015//3015 3147//3147 3041//3041
f 3041//3041 3147//3147 3078//3078
f 2011//2011 2028//2028 3090//3090
f 3090//3090 2028//2028 3313//3313
f 3303//3303 3300//3300 1771//1771
f 3300//3300 3303//3303 3299//3299
f 746//746 1877//1877 747//747
f 3266//3266 3010//3010 2078//2078
f 3350//3350 3266//3266 2078//2078
f 2028//2028 3266//3266 3350//3350
f 1635//1635 1637//1637 3350//3350
f 1635//1635 3350//3350 2078//2078
f 2887//2887 2800//2800 2900//2900
f 543//543 2029//2029 525//525
f 2789//2789 3119//3119 2899//2899
f 607//607 2034//2034 2017//2017
f 607//607 2017//2017 2016//2016
f 2017//2017 2034//2034 1975//1975
f 3070//3070 2015//2015 2073//2073
f 3092//3092 3115//3115 2067//2067
f 2800//2800 2050//2050 2070//2070
f 3115//3115 2800//2800 2070//2070
f 2900//2900 2800//2800 3115//3115
f 2070//2070 2050//2050 2071//2071
f 3093//3093 523//523 3092//3092
f 2901//2901 2001//2001 1964//1964
f 3385//3385 2009//2009 58//58
f 58//58 2009//2009 60//60
f 3385//3385 2056//2056 2057//2057
f 2051//2051 2131//2131 2887//2887
f 2035//2035 523//523 3093//3093
f 3093//3093 2086//2086 2035//2035
f 523//523 524//524 3092//3092
f 58//58 2056//2056 3385//3385
f 2900//2900 524//524 2030//2030
f 2992//2992 2886//2886 2889//2889
f 2992//2992 2889//2889 2897//2897
f 2897//2897 617//617 2992//2992
f 617//617 2897//2897 618//618
f 1874//1874 543//543 525//525
f 2053//2053 543//543 1874//1874
f 2035//2035 2054//2054 525//525
f 2081//2081 3350//3350 1637//1637
f 3313//3313 3350//3350 2081//2081
f 3386//3386 2057//2057 2008//2008
f 2099//2099 2054//2054 2035//2035
f 2099//2099 2035//2035 2086//2086
f 1966//1966 2001//2001 2002//2002
f 1891//1891 1966//1966 2002//2002
f 2088//2088 2039//2039 2087//2087
f 2003//2003 1890//1890 2002//2002
f 2099//2099 1873//1873 2054//2054
f 1891//1891 2002//2002 1890//1890
f 3115//3115 2038//2038 2067//2067
f 2070//2070 2038//2038 3115//3115
f 1902//1902 1974//1974 2033//2033
f 3387//3387 359//359 357//357
f 1890//1890 528//528 526//526
f 359//359 3387//3387 323//323
f 323//323 325//325 359//359
f 323//323 3387//3387 593//593
f 593//593 2102//2102 323//323
f 1881//1881 3331//3331 1843//1843
f 2114//2114 2183//2183 3336//3336
f 324//324 2053//2053 2082//2082
f 539//539 538//538 2025//2025
f 527//527 2025//2025 538//538
f 1976//1976 2019//2019 1993//1993
f 1976//1976 1993//1993 393//393
f 596//596 595//595 3096//3096
f 3387//3387 594//594 593//593
f 466//466 2559//2559 476//476
f 2008//2008 527//527 3386//3386
f 1009//1009 2825//2825 2832//2832
f 2131//2131 2132//2132 2888//2888
f 58//58 59//59 1965//1965
f 2783//2783 2854//2854 2057//2057
f 2835//2835 2858//2858 2864//2864
f 2912//2912 2835//2835 2864//2864
f 2535//2535 405//405 2576//2576
f 528//528 2025//2025 527//527
f 2025//2025 528//528 2026//2026
f 2150//2150 2453//2453 3388//3388
f 357//357 358//358 2132//2132
f 2186//2186 2185//2185 428//428
f 427//427 428//428 2185//2185
f 527//527 2522//2522 3386//3386
f 594//594 2132//2132 2052//2052
f 2003//2003 2132//2132 2103//2103
f 2858//2858 2132//2132 2003//2003
f 2103//2103 2132//2132 3389//3389
f 594//594 357//357 2132//2132
f 3387//3387 357//357 594//594
f 3337//3337 2136//2136 2125//2125
f 2888//2888 2132//2132 2838//2838
f 529//529 405//405 2536//2536
f 2009//2009 2855//2855 2869//2869
f 2869//2869 2855//2855 3390//3390
f 2855//2855 2009//2009 3385//3385
f 3108//3108 3056//3056 60//60
f 3108//3108 60//60 529//529
f 1902//1902 2019//2019 1974//1974
f 2085//2085 2067//2067 2077//2077
f 2067//2067 2085//2085 3093//3093
f 1637//1637 1993//1993 2081//2081
f 3093//3093 2085//2085 2086//2086
f 3125//3125 2089//2089 1992//1992
f 1992//1992 2089//2089 3391//3391
f 1992//1992 3391//3391 3086//3086
f 2113//2113 2089//2089 3125//3125
f 3125//3125 568//568 2113//2113
f 3125//3125 304//304 568//568
f 3391//3391 2089//2089 2092//2092
f 3391//3391 2092//2092 3086//3086
f 1977//1977 1978//1978 3392//3392
f 3392//3392 1978//1978 602//602
f 2000//2000 2080//2080 602//602
f 602//602 2080//2080 3392//3392
f 3392//3392 2080//2080 2039//2039
f 3392//3392 2039//2039 2088//2088
f 3392//3392 2088//2088 1977//1977
f 2039//2039 2079//2079 2084//2084
f 2000//2000 2079//2079 2080//2080
f 2084//2084 2079//2079 2099//2099
f 2099//2099 2079//2079 2111//2111
f 1873//1873 2099//2099 2111//2111
f 2111//2111 2079//2079 2000//2000
f 2082//2082 2115//2115 1921//1921
f 1921//1921 2115//2115 1606//1606
f 1791//1791 1792//1792 3393//3393
f 1859//1859 1607//1607 1608//1608
f 1606//1606 2122//2122 1921//1921
f 2026//2026 3100//3100 2027//2027
f 2155//2155 2133//2133 552//552
f 1875//1875 1876//1876 428//428
f 342//342 343//343 357//357
f 3394//3394 1875//1875 428//428
f 2461//2461 3394//3394 428//428
f 422//422 412//412 421//421
f 428//428 1876//1876 2186//2186
f 1926//1926 1607//1607 3273//3273
f 539//539 2110//2110 537//537
f 2522//2522 537//537 1875//1875
f 1880//1880 2114//2114 2112//2112
f 528//528 1890//1890 2003//2003
f 2003//2003 2103//2103 528//528
f 528//528 2103//2103 2026//2026
f 2483//2483 2420//2420 2238//2238
f 2114//2114 3336//3336 3393//3393
f 2111//2111 1880//1880 2112//2112
f 739//739 1924//1924 1996//1996
f 2183//2183 2093//2093 1994//1994
f 1924//1924 739//739 1522//1522
f 1941//1941 3360//3360 2231//2231
f 3395//3395 2095//2095 2093//2093
f 2000//2000 1845//1845 1879//1879
f 1844//1844 1879//1879 1845//1845
f 2112//2112 2114//2114 3396//3396
f 2112//2112 3396//3396 1872//1872
f 1872//1872 1873//1873 2112//2112
f 1994//1994 1791//1791 3336//3336
f 2094//2094 1858//1858 1857//1857
f 2183//2183 3395//3395 2093//2093
f 3395//3395 1844//1844 1843//1843
f 1844//1844 3395//3395 1878//1878
f 1878//1878 3395//3395 2183//2183
f 3331//3331 2094//2094 2095//2095
f 3270//3270 2094//2094 3331//3331
f 1843//1843 3331//3331 2095//2095
f 1843//1843 2095//2095 3395//3395
f 2161//2161 3397//3397 3320//3320
f 3269//3269 1941//1941 3323//3323
f 3320//3320 3397//3397 3269//3269
f 3269//3269 3323//3323 3320//3320
f 2118//2118 2126//2126 1927//1927
f 3397//3397 1858//1858 2094//2094
f 1927//1927 3273//3273 2118//2118
f 3360//3360 3363//3363 2230//2230
f 2118//2118 3397//3397 2126//2126
f 1858//1858 3397//3397 2118//2118
f 3363//3363 340//340 339//339
f 2094//2094 3269//3269 3397//3397
f 3360//3360 1941//1941 340//340
f 3360//3360 340//340 3363//3363
f 3362//3362 2230//2230 3363//3363
f 2161//2161 2127//2127 2126//2126
f 1859//1859 2118//2118 3273//3273
f 3397//3397 2161//2161 2126//2126
f 2289//2289 2184//2184 2027//2027
f 2167//2167 2182//2182 2166//2166
f 358//358 2141//2141 397//397
f 2184//2184 2186//2186 2027//2027
f 2155//2155 2188//2188 2331//2331
f 3398//3398 3100//3100 2104//2104
f 2105//2105 3398//3398 2104//2104
f 3362//3362 655//655 2230//2230
f 3399//3399 2227//2227 2105//2105
f 3400//3400 2326//2326 2142//2142
f 2453//2453 2151//2151 2452//2452
f 2129//2129 1927//1927 2127//2127
f 3332//3332 2226//2226 2331//2331
f 2184//2184 2289//2289 2185//2185
f 3100//3100 2026//2026 2104//2104
f 2104//2104 2026//2026 2103//2103
f 2115//2115 2160//2160 1792//1792
f 2160//2160 1872//1872 3396//3396
f 1792//1792 2160//2160 3396//3396
f 1792//1792 3396//3396 3393//3393
f 3393//3393 3396//3396 2114//2114
f 3393//3393 3336//3336 1791//1791
f 1607//1607 1859//1859 3273//3273
f 429//429 2461//2461 428//428
f 2141//2141 358//358 343//343
f 537//537 2110//2110 1876//1876
f 2461//2461 1875//1875 3394//3394
f 2140//2140 343//343 341//341
f 1875//1875 3386//3386 2522//2522
f 2057//2057 3386//3386 1875//1875
f 2057//2057 1875//1875 2783//2783
f 2187//2187 3337//3337 2125//2125
f 2332//2332 3337//3337 2187//2187
f 2526//2526 473//473 474//474
f 2770//2770 512//512 3401//3401
f 2341//2341 459//459 390//390
f 2520//2520 2523//2523 2528//2528
f 2528//2528 472//472 2520//2520
f 3400//3400 2142//2142 2289//2289
f 2583//2583 2579//2579 2491//2491
f 354//354 2491//2491 2579//2579
f 2180//2180 2349//2349 2469//2469
f 3402//3402 2321//2321 2175//2175
f 2500//2500 3402//3402 2175//2175
f 2494//2494 2366//2366 3403//3403
f 397//397 2141//2141 2349//2349
f 112//112 2447//2447 113//113
f 2065//2065 2432//2432 111//111
f 2065//2065 2066//2066 2432//2432
f 1507//1507 2258//2258 2446//2446
f 2258//2258 2267//2267 2446//2446
f 2908//2908 2973//2973 2878//2878
f 2742//2742 1892//1892 936//936
f 936//936 1892//1892 2697//2697
f 3400//3400 2289//2289 3100//3100
f 2214//2214 1519//1519 329//329
f 1518//1518 1519//1519 2214//2214
f 2164//2164 2141//2141 2120//2120
f 2120//2120 2141//2141 2140//2140
f 2227//2227 3399//3399 2147//2147
f 2147//2147 2148//2148 2227//2227
f 3399//3399 2194//2194 2147//2147
f 2147//2147 2194//2194 2193//2193
f 2194//2194 3399//3399 3389//3389
f 2105//2105 2227//2227 3400//3400
f 3398//3398 3400//3400 3100//3100
f 2105//2105 3400//3400 3398//3398
f 2174//2174 2173//2173 426//426
f 2479//2479 2064//2064 2525//2525
f 2508//2508 628//628 2510//2510
f 2510//2510 628//628 629//629
f 2105//2105 2103//2103 3399//3399
f 3389//3389 3399//3399 2103//2103
f 2212//2212 2330//2330 2165//2165
f 2555//2555 3404//3404 513//513
f 2164//2164 2349//2349 2141//2141
f 2432//2432 2066//2066 3405//3405
f 2212//2212 2251//2251 2330//2330
f 2224//2224 2207//2207 2241//2241
f 427//427 2143//2143 429//429
f 2463//2463 2464//2464 3406//3406
f 2325//2325 2192//2192 2191//2191
f 2175//2175 423//423 2500//2500
f 3332//3332 2331//2331 2188//2188
f 3407//3407 2963//2963 2962//2962
f 2479//2479 2963//2963 3407//3407
f 2326//2326 2325//2325 2176//2176
f 553//553 2188//2188 2155//2155
f 422//422 2192//2192 2148//2148
f 2349//2349 2348//2348 397//397
f 2142//2142 2326//2326 2176//2176
f 2227//2227 2326//2326 3400//3400
f 2223//2223 2447//2447 358//358
f 2166//2166 2484//2484 2250//2250
f 3332//3332 2188//2188 2124//2124
f 3332//3332 2137//2137 2226//2226
f 3406//3406 2485//2485 2463//2463
f 1468//1468 1467//1467 3408//3408
f 2292//2292 2457//2457 2477//2477
f 2194//2194 358//358 2447//2447
f 2143//2143 2144//2144 429//429
f 2201//2201 2321//2321 2461//2461
f 2207//2207 2224//2224 2273//2273
f 414//414 2148//2148 2149//2149
f 422//422 2148//2148 414//414
f 2212//2212 2165//2165 2209//2209
f 2905//2905 2225//2225 2260//2260
f 2905//2905 2260//2260 2135//2135
f 358//358 2194//2194 3389//3389
f 289//289 2226//2226 288//288
f 2284//2284 2189//2189 454//454
f 2464//2464 413//413 3407//3407
f 3407//3407 413//413 3405//3405
f 2152//2152 2150//2150 2485//2485
f 2454//2454 2452//2452 2500//2500
f 2454//2454 3388//3388 2453//2453
f 2829//2829 2786//2786 2787//2787
f 2236//2236 2428//2428 2198//2198
f 2457//2457 2418//2418 2477//2477
f 1517//1517 2250//2250 2241//2241
f 1517//1517 2241//2241 2207//2207
f 502//502 2460//2460 2203//2203
f 311//311 3409//3409 2149//2149
f 2432//2432 3409//3409 311//311
f 3410//3410 3409//3409 2432//2432
f 2432//2432 3405//3405 3410//3410
f 113//113 2223//2223 395//395
f 397//397 395//395 2223//2223
f 2181//2181 2182//2182 2167//2167
f 2460//2460 502//502 396//396
f 2261//2261 2134//2134 2135//2135
f 3411//3411 2469//2469 2261//2261
f 2261//2261 2469//2469 2134//2134
f 2267//2267 2258//2258 352//352
f 1510//1510 2267//2267 352//352
f 3411//3411 2180//2180 2469//2469
f 2180//2180 3411//3411 2182//2182
f 3411//3411 2221//2221 2182//2182
f 2261//2261 2221//2221 3411//3411
f 2260//2260 2221//2221 2261//2261
f 2166//2166 2221//2221 2484//2484
f 2484//2484 2221//2221 2260//2260
f 160//160 1516//1516 2235//2235
f 2330//2330 2251//2251 2199//2199
f 2199//2199 2251//2251 2200//2200
f 2167//2167 2330//2330 2199//2199
f 2199//2199 2459//2459 2167//2167
f 2217//2217 2334//2334 2297//2297
f 3412//3412 2363//2363 2316//2316
f 2315//2315 2316//2316 391//391
f 2428//2428 2170//2170 2272//2272
f 2236//2236 2170//2170 2428//2428
f 3409//3409 3410//3410 2149//2149
f 414//414 2149//2149 3410//3410
f 422//422 414//414 412//412
f 413//413 3410//3410 3405//3405
f 1507//1507 1687//1687 407//407
f 161//161 494//494 2214//2214
f 159//159 2266//2266 1512//1512
f 2445//2445 1512//1512 2266//2266
f 329//329 330//330 2214//2214
f 2214//2214 330//330 161//161
f 2272//2272 454//454 452//452
f 452//452 2428//2428 2272//2272
f 2274//2274 331//331 2262//2262
f 2262//2262 331//331 329//329
f 2284//2284 454//454 2235//2235
f 2235//2235 454//454 2272//2272
f 2280//2280 2190//2190 408//408
f 2190//2190 2282//2282 408//408
f 2334//2334 2217//2217 2215//2215
f 1686//1686 1687//1687 2271//2271
f 352//352 2258//2258 351//351
f 2446//2446 2445//2445 2266//2266
f 1861//1861 2446//2446 2274//2274
f 1495//1495 1476//1476 1477//1477
f 1477//1477 1455//1455 1495//1495
f 1497//1497 3413//3413 1456//1456
f 1456//1456 1461//1461 1497//1497
f 1477//1477 1484//1484 1455//1455
f 1508//1508 2446//2446 1861//1861
f 1861//1861 1860//1860 1508//1508
f 331//331 2446//2446 2266//2266
f 2139//2139 2138//2138 1488//1488
f 2138//2138 2271//2271 1488//1488
f 1487//1487 1488//1488 2271//2271
f 2270//2270 1507//1507 1487//1487
f 2271//2271 2270//2270 1487//1487
f 366//366 2329//2329 368//368
f 2100//2100 2139//2139 1488//1488
f 1528//1528 2139//2139 2100//2100
f 370//370 1529//1529 371//371
f 371//371 1529//1529 1528//1528
f 1528//1528 349//349 371//371
f 2138//2138 1530//1530 2355//2355
f 2276//2276 2355//2355 1530//1530
f 2409//2409 2451//2451 458//458
f 1686//1686 2271//2271 2355//2355
f 2138//2138 2355//2355 2271//2271
f 3410//3410 413//413 414//414
f 2486//2486 2485//2485 3406//3406
f 2437//2437 2412//2412 2413//2413
f 2413//2413 2489//2489 2437//2437
f 2580//2580 2963//2963 2179//2179
f 2580//2580 2179//2179 2177//2177
f 2393//2393 3412//3412 2243//2243
f 2316//2316 2314//2314 2335//2335
f 3412//3412 2335//2335 2242//2242
f 2242//2242 2243//2243 3412//3412
f 1467//1467 2334//2334 2269//2269
f 1468//1468 2295//2295 2299//2299
f 2320//2320 2297//2297 2595//2595
f 3408//3408 2211//2211 2293//2293
f 2268//2268 2211//2211 3408//3408
f 1480//1480 1478//1478 1476//1476
f 1453//1453 2269//2269 2334//2334
f 1467//1467 2268//2268 3408//3408
f 2211//2211 2268//2268 2269//2269
f 2299//2299 1509//1509 1468//1468
f 1507//1507 1452//1452 1487//1487
f 1506//1506 1482//1482 1507//1507
f 2297//2297 1509//1509 2288//2288
f 1489//1489 1452//1452 1458//1458
f 1452//1452 1489//1489 1487//1487
f 1495//1495 1454//1454 2300//2300
f 2295//2295 1468//1468 3408//3408
f 2286//2286 2295//2295 2294//2294
f 2211//2211 1452//1452 1482//1482
f 1507//1507 1482//1482 1452//1452
f 1508//1508 1507//1507 2446//2446
f 2446//2446 331//331 2274//2274
f 1459//1459 2329//2329 366//366
f 2293//2293 2295//2295 3408//3408
f 2334//2334 2215//2215 1453//1453
f 2286//2286 1495//1495 2300//2300
f 2286//2286 2300//2300 2299//2299
f 2286//2286 2299//2299 2295//2295
f 2300//2300 1454//1454 2288//2288
f 1456//1456 2287//2287 1454//1454
f 1482//1482 1506//1506 2237//2237
f 2228//2228 1861//1861 2274//2274
f 2274//2274 2265//2265 2228//2228
f 1502//1502 3414//3414 2211//2211
f 2211//2211 3414//3414 2293//2293
f 2294//2294 2293//2293 3414//3414
f 1476//1476 3414//3414 1376//1376
f 3414//3414 1476//1476 2294//2294
f 1476//1476 2286//2286 2294//2294
f 3414//3414 1502//1502 1376//1376
f 1456//1456 3413//3413 2287//2287
f 2304//2304 2287//2287 3413//3413
f 2307//2307 2287//2287 2304//2304
f 2307//2307 2304//2304 2302//2302
f 1386//1386 1460//1460 1462//1462
f 2304//2304 3413//3413 1497//1497
f 2304//2304 1497//1497 1460//1460
f 2311//2311 2313//2313 2308//2308
f 2313//2313 2319//2319 2318//2318
f 2318//2318 2302//2302 3415//3415
f 2303//2303 3415//3415 2302//2302
f 2308//2308 2313//2313 3415//3415
f 3415//3415 2313//2313 2318//2318
f 2303//2303 2308//2308 3415//3415
f 1460//1460 2308//2308 2304//2304
f 380//380 2308//2308 2629//2629
f 2311//2311 2308//2308 380//380
f 2585//2585 2632//2632 2584//2584
f 2584//2584 2632//2632 2676//2676
f 2246//2246 2245//2245 356//356
f 2684//2684 2333//2333 2340//2340
f 2340//2340 2333//2333 372//372
f 2388//2388 2340//2340 372//372
f 2329//2329 2309//2309 3416//3416
f 2216//2216 2309//2309 2329//2329
f 3417//3417 3416//3416 2309//2309
f 2309//2309 2406//2406 3417//3417
f 2406//2406 2309//2309 2319//2319
f 2298//2298 2319//2319 2309//2309
f 2298//2298 2297//2297 2320//2320
f 2320//2320 2319//2319 2298//2298
f 2323//2323 2407//2407 2324//2324
f 2405//2405 2406//2406 2312//2312
f 2406//2406 2319//2319 2312//2312
f 2313//2313 2312//2312 2319//2319
f 2329//2329 3416//3416 2328//2328
f 2328//2328 3416//3416 3417//3417
f 2310//2310 3418//3418 3419//3419
f 2384//2384 2571//2571 2219//2219
f 3420//3420 2571//2571 2384//2384
f 2570//2570 3421//3421 2337//2337
f 350//350 2327//2327 369//369
f 411//411 2154//2154 350//350
f 2264//2264 2154//2154 367//367
f 1458//1458 2285//2285 1489//1489
f 348//348 2285//2285 411//411
f 2222//2222 367//367 411//411
f 382//382 2327//2327 2263//2263
f 2290//2290 382//382 2263//2263
f 2263//2263 2327//2327 2154//2154
f 2154//2154 2327//2327 350//350
f 380//380 2571//2571 3420//3420
f 444//444 2399//2399 2291//2291
f 2487//2487 2399//2399 444//444
f 444//444 2291//2291 446//446
f 2290//2290 446//446 2291//2291
f 2291//2291 2399//2399 381//381
f 382//382 2291//2291 381//381
f 2323//2323 2328//2328 2407//2407
f 3417//3417 2407//2407 2328//2328
f 2322//2322 2305//2305 2323//2323
f 2323//2323 2305//2305 2328//2328
f 2328//2328 2305//2305 368//368
f 2264//2264 368//368 2305//2305
f 532//532 2290//2290 2306//2306
f 532//532 531//531 446//446
f 446//446 2290//2290 532//532
f 2570//2570 2336//2336 3418//3418
f 2322//2322 2324//2324 533//533
f 533//533 2324//2324 2336//2336
f 3417//3417 2406//2406 2407//2407
f 3419//3419 2324//2324 2407//2407
f 2405//2405 3419//3419 2407//2407
f 2405//2405 2310//2310 3419//3419
f 2312//2312 2310//2310 2405//2405
f 2570//2570 3418//3418 2392//2392
f 3419//3419 3418//3418 2336//2336
f 2336//2336 2324//2324 3419//3419
f 2392//2392 3418//3418 2310//2310
f 445//445 2337//2337 3422//3422
f 531//531 2337//2337 445//445
f 2487//2487 2208//2208 2333//2333
f 374//374 2333//2333 2208//2208
f 2487//2487 2333//2333 2684//2684
f 2684//2684 2399//2399 2487//2487
f 2335//2335 3412//3412 2316//2316
f 2408//2408 3423//3423 2232//2232
f 2379//2379 3423//3423 2408//2408
f 465//465 2433//2433 2379//2379
f 3424//3424 2427//2427 3423//3423
f 2425//2425 2427//2427 3424//3424
f 2379//2379 2433//2433 3424//3424
f 3424//3424 3423//3423 2379//2379
f 3424//3424 2433//2433 2425//2425
f 3425//3425 2427//2427 2388//2388
f 2427//2427 3425//3425 3423//3423
f 372//372 3425//3425 2388//2388
f 3423//3423 3425//3425 2403//2403
f 2403//2403 2232//2232 3423//3423
f 2403//2403 3425//3425 372//372
f 2430//2430 460//460 2431//2431
f 2431//2431 460//460 2341//2341
f 2281//2281 460//460 2430//2430
f 2190//2190 2281//2281 2430//2430
f 360//360 361//361 2393//2393
f 2615//2615 391//391 2364//2364
f 2316//2316 2364//2364 391//391
f 2393//2393 361//361 2339//2339
f 2433//2433 2362//2362 2425//2425
f 2362//2362 2615//2615 2364//2364
f 2433//2433 2361//2361 2362//2362
f 2362//2362 2361//2361 2615//2615
f 2615//2615 2361//2361 389//389
f 2433//2433 2240//2240 2361//2361
f 2368//2368 2096//2096 2553//2553
f 2244//2244 2247//2247 2489//2489
f 2248//2248 2489//2489 2247//2247
f 2403//2403 2233//2233 2232//2232
f 2277//2277 2345//2345 2279//2279
f 2403//2403 2411//2411 2233//2233
f 2234//2234 2233//2233 2411//2411
f 2776//2776 2737//2737 2781//2781
f 2253//2253 2737//2737 2776//2776
f 2882//2882 2976//2976 2422//2422
f 932//932 2252//2252 2777//2777
f 459//459 2341//2341 460//460
f 2427//2427 2426//2426 2339//2339
f 2339//2339 2388//2388 2427//2427
f 379//379 380//380 3420//3420
f 3426//3426 3427//3427 3422//3422
f 2394//2394 3422//3422 3427//3427
f 2394//2394 443//443 3422//3422
f 445//445 3422//3422 443//443
f 2384//2384 2415//2415 3420//3420
f 3427//3427 2415//2415 2394//2394
f 3420//3420 2415//2415 3427//3427
f 3426//3426 379//379 3427//3427
f 3427//3427 379//379 3420//3420
f 2392//2392 3421//3421 2570//2570
f 3421//3421 2392//2392 378//378
f 2337//2337 3426//3426 3422//3422
f 2337//2337 3421//3421 3426//3426
f 3426//3426 3421//3421 378//378
f 3426//3426 378//378 379//379
f 2671//2671 2599//2599 3428//3428
f 2601//2601 2247//2247 2246//2246
f 2246//2246 2247//2247 2244//2244
f 3429//3429 2629//2629 3428//3428
f 3429//3429 2571//2571 2629//2629
f 2629//2629 2571//2571 380//380
f 1386//1386 942//942 1460//1460
f 2592//2592 2599//2599 2577//2577
f 2577//2577 2594//2594 2592//2592
f 3429//3429 3428//3428 2220//2220
f 2338//2338 3429//3429 2220//2220
f 3429//3429 2338//2338 2571//2571
f 378//378 2392//2392 380//380
f 2418//2418 2457//2457 2197//2197
f 458//458 2315//2315 459//459
f 2355//2355 2410//2410 1686//1686
f 2356//2356 2410//2410 2355//2355
f 2314//2314 2315//2315 2451//2451
f 2356//2356 2314//2314 2451//2451
f 2451//2451 2410//2410 2356//2356
f 2451//2451 2315//2315 458//458
f 3430//3430 2362//2362 2363//2363
f 3430//3430 2426//2426 2362//2362
f 2362//2362 2426//2426 2425//2425
f 2339//2339 2426//2426 3430//3430
f 3430//3430 2393//2393 2339//2339
f 3412//3412 3430//3430 2363//2363
f 3412//3412 2393//2393 3430//3430
f 3431//3431 2617//2617 2456//2456
f 2249//2249 2617//2617 3431//3431
f 2488//2488 2456//2456 2617//2617
f 2196//2196 2195//2195 2436//2436
f 2436//2436 2456//2456 2196//2196
f 3431//3431 2456//2456 2436//2436
f 3431//3431 2436//2436 2248//2248
f 3431//3431 2248//2248 2249//2249
f 2554//2554 2368//2368 2553//2553
f 530//530 2246//2246 356//356
f 438//438 2163//2163 2292//2292
f 2292//2292 2163//2163 2435//2435
f 2159//2159 2197//2197 17//17
f 17//17 2197//2197 2457//2457
f 402//402 2465//2465 403//403
f 2449//2449 536//536 2441//2441
f 402//402 2438//2438 2439//2439
f 2431//2431 2238//2238 2420//2420
f 2420//2420 2483//2483 2418//2418
f 438//438 2477//2477 436//436
f 2412//2412 2437//2437 2436//2436
f 2195//2195 2412//2412 2436//2436
f 2616//2616 2588//2588 2097//2097
f 2360//2360 2412//2412 2195//2195
f 2477//2477 2418//2418 2483//2483
f 2477//2477 2483//2483 436//436
f 2197//2197 2429//2429 2418//2418
f 2198//2198 2429//2429 2197//2197
f 2613//2613 2458//2458 447//447
f 2613//2613 447//447 2497//2497
f 2419//2419 2418//2418 2429//2429
f 2419//2419 2429//2429 452//452
f 452//452 2429//2429 2428//2428
f 2315//2315 391//391 390//390
f 2341//2341 2238//2238 2431//2431
f 2360//2360 2238//2238 2341//2341
f 2315//2315 390//390 459//459
f 2589//2589 2097//2097 2588//2588
f 2357//2357 2417//2417 2435//2435
f 410//410 2466//2466 409//409
f 2505//2505 2736//2736 2735//2735
f 2554//2554 2553//2553 2556//2556
f 2359//2359 2416//2416 2417//2417
f 513//513 3404//3404 2359//2359
f 2359//2359 3404//3404 2416//2416
f 2416//2416 3432//3432 2444//2444
f 2368//2368 2370//2370 3433//3433
f 3433//3433 2619//2619 2368//2368
f 2203//2203 2466//2466 502//502
f 502//502 2466//2466 410//410
f 2465//2465 409//409 2466//2466
f 2439//2439 2465//2465 402//402
f 2448//2448 2441//2441 2438//2438
f 2440//2440 3434//3434 2439//2439
f 2179//2179 2963//2963 2479//2479
f 426//426 2173//2173 2462//2462
f 2482//2482 2480//2480 2525//2525
f 2525//2525 2480//2480 2179//2179
f 2173//2173 2494//2494 3435//3435
f 1954//1954 2462//2462 2421//2421
f 2462//2462 2173//2173 2421//2421
f 2421//2421 2173//2173 3435//3435
f 3434//3434 2440//2440 2474//2474
f 2455//2455 2163//2163 437//437
f 2476//2476 3435//3435 2475//2475
f 1953//1953 3435//3435 2476//2476
f 3435//3435 1953//1953 2421//2421
f 534//534 2440//2440 2441//2441
f 536//536 534//534 2441//2441
f 2455//2455 437//437 2196//2196
f 2476//2476 2481//2481 1953//1953
f 1953//1953 2481//2481 2474//2474
f 2482//2482 2474//2474 2481//2481
f 2482//2482 3436//3436 2474//2474
f 2474//2474 3436//3436 3434//3434
f 2064//2064 3436//3436 2482//2482
f 2064//2064 2482//2482 2525//2525
f 2485//2485 3388//3388 2463//2463
f 3436//3436 2064//2064 2116//2116
f 2116//2116 2439//2439 3434//3434
f 3436//3436 2116//2116 3434//3434
f 3405//3405 2479//2479 3407//3407
f 2066//2066 2479//2479 3405//3405
f 355//355 2491//2491 354//354
f 2490//2490 2373//2373 2374//2374
f 2150//2150 3388//3388 2485//2485
f 2458//2458 2613//2613 2151//2151
f 2152//2152 2458//2458 2151//2151
f 2494//2494 3403//3403 3435//3435
f 3406//3406 2464//2464 2962//2962
f 3407//3407 2962//2962 2464//2464
f 2151//2151 2613//2613 2783//2783
f 1875//1875 2151//2151 2783//2783
f 2475//2475 2210//2210 2178//2178
f 2178//2178 2210//2210 2177//2177
f 2500//2500 2452//2452 3402//3402
f 2321//2321 3402//3402 3437//3437
f 3437//3437 3402//3402 2452//2452
f 2580//2580 3406//3406 2962//2962
f 2486//2486 3406//3406 2580//2580
f 3388//3388 421//421 2463//2463
f 2454//2454 421//421 3388//3388
f 2151//2151 3437//3437 2452//2452
f 1875//1875 3437//3437 2151//2151
f 2461//2461 3437//3437 1875//1875
f 2174//2174 3438//3438 2172//2172
f 2834//2834 2839//2839 2833//2833
f 2655//2655 2205//2205 2513//2513
f 2513//2513 2206//2206 2172//2172
f 2494//2494 2496//2496 2366//2366
f 2344//2344 3439//3439 2783//2783
f 2842//2842 3439//3439 2344//2344
f 3390//3390 2783//2783 3439//3439
f 2533//2533 2890//2890 2644//2644
f 2321//2321 3437//3437 2461//2461
f 2152//2152 2485//2485 2372//2372
f 2210//2210 3403//3403 2365//2365
f 376//376 2367//2367 2373//2373
f 2365//2365 2367//2367 376//376
f 3438//3438 2513//2513 2172//2172
f 628//628 3440//3440 549//549
f 2443//2443 2774//2774 467//467
f 2443//2443 467//467 522//522
f 549//549 3440//3440 3441//3441
f 2508//2508 2521//2521 628//628
f 2818//2818 3442//3442 2787//2787
f 2787//2787 2816//2816 2818//2818
f 3435//3435 3403//3403 2475//2475
f 2475//2475 3403//3403 2210//2210
f 2344//2344 2783//2783 2893//2893
f 2343//2343 2344//2344 2893//2893
f 2499//2499 2511//2511 481//481
f 468//468 467//467 2774//2774
f 2524//2524 468//468 424//424
f 2496//2496 2517//2517 2468//2468
f 2468//2468 2386//2386 2496//2496
f 2513//2513 2519//2519 2655//2655
f 2365//2365 3403//3403 2366//2366
f 2786//2786 2655//2655 2519//2519
f 2519//2519 629//629 2786//2786
f 432//432 2493//2493 2402//2402
f 3443//3443 2635//2635 2396//2396
f 515//515 2714//2714 516//516
f 3444//3444 3445//3445 2735//2735
f 2783//2783 2784//2784 2892//2892
f 2041//2041 2042//2042 2847//2847
f 2849//2849 2847//2847 2042//2042
f 2531//2531 2829//2829 2530//2530
f 478//478 2784//2784 481//481
f 521//521 2784//2784 479//479
f 479//479 2784//2784 478//478
f 3441//3441 2849//2849 550//550
f 2787//2787 627//627 2816//2816
f 2908//2908 2878//2878 2726//2726
f 3446//3446 2654//2654 480//480
f 2654//2654 3446//3446 2204//2204
f 2512//2512 2467//2467 3446//3446
f 3446//3446 2467//2467 2468//2468
f 2468//2468 2204//2204 3446//3446
f 2205//2205 2654//2654 2204//2204
f 2829//2829 2531//2531 3447//3447
f 2350//2350 3447//3447 2531//2531
f 2654//2654 3447//3447 2350//2350
f 2786//2786 2829//2829 3447//3447
f 2655//2655 3447//3447 2654//2654
f 2786//2786 3447//3447 2655//2655
f 475//475 477//477 2837//2837
f 2801//2801 2973//2973 2802//2802
f 1782//1782 2564//2564 1781//1781
f 466//466 2527//2527 2559//2559
f 3432//3432 2416//2416 3404//3404
f 2509//2509 2174//2174 426//426
f 2174//2174 2509//2509 3438//3438
f 2512//2512 3446//3446 480//480
f 2520//2520 473//473 2527//2527
f 1783//1783 2741//2741 2755//2755
f 2528//2528 2523//2523 2478//2478
f 498//498 2449//2449 3432//3432
f 2449//2449 2444//2444 3432//3432
f 2526//2526 474//474 2563//2563
f 426//426 425//425 2509//2509
f 2774//2774 2507//2507 425//425
f 2509//2509 425//425 2507//2507
f 2566//2566 2586//2586 2587//2587
f 2562//2562 2586//2586 2566//2566
f 3448//3448 2563//2563 474//474
f 3432//3432 3448//3448 498//498
f 498//498 3448//3448 474//474
f 2564//2564 433//433 434//434
f 433//433 2564//2564 1782//1782
f 3433//3433 2561//2561 3449//3449
f 2529//2529 2770//2770 2503//2503
f 2770//2770 434//434 512//512
f 512//512 2473//2473 3401//3401
f 435//435 512//512 434//434
f 2523//2523 535//535 2478//2478
f 442//442 2524//2524 424//424
f 2524//2524 442//442 2523//2523
f 2523//2523 442//442 535//535
f 2493//2493 2566//2566 3450//3450
f 3450//3450 2402//2402 2493//2493
f 2473//2473 3449//3449 3401//3401
f 2462//2462 1954//1954 442//442
f 3449//3449 3451//3451 3401//3401
f 2561//2561 3451//3451 3449//3449
f 3401//3401 3451//3451 2770//2770
f 3451//3451 2503//2503 2770//2770
f 2503//2503 3451//3451 2561//2561
f 2797//2797 2754//2754 2891//2891
f 2703//2703 2891//2891 2754//2754
f 2797//2797 2891//2891 1008//1008
f 3452//3452 612//612 2069//2069
f 2560//2560 433//433 1782//1782
f 433//433 2563//2563 435//435
f 2529//2529 2648//2648 2565//2565
f 2564//2564 2565//2565 2648//2648
f 435//435 2729//2729 512//512
f 2501//2501 336//336 2549//2549
f 2549//2549 2647//2647 2501//2501
f 2501//2501 2647//2647 2529//2529
f 2740//2740 2769//2769 2763//2763
f 2740//2740 2763//2763 2717//2717
f 2740//2740 2727//2727 2769//2769
f 2552//2552 2727//2727 2740//2740
f 3432//3432 2729//2729 3448//3448
f 2729//2729 3432//3432 2555//2555
f 2555//2555 3432//3432 3404//3404
f 2473//2473 512//512 511//511
f 337//337 503//503 561//561
f 503//503 504//504 561//561
f 3453//3453 3454//3454 2741//2741
f 2741//2741 2709//2709 3453//3453
f 3448//3448 2729//2729 435//435
f 435//435 2563//2563 3448//3448
f 2370//2370 2561//2561 3433//3433
f 3433//3433 3455//3455 2619//2619
f 3455//3455 2617//2617 2618//2618
f 2619//2619 3455//3455 2618//2618
f 2617//2617 3455//3455 2488//2488
f 3455//3455 2472//2472 2488//2488
f 3433//3433 2472//2472 3455//3455
f 2472//2472 3433//3433 3449//3449
f 2473//2473 2472//2472 3449//3449
f 2539//2539 2604//2604 2538//2538
f 2538//2538 2604//2604 490//490
f 2566//2566 2587//2587 3450//3450
f 519//519 518//518 2621//2621
f 2625//2625 519//519 2621//2621
f 2625//2625 2610//2610 2612//2612
f 3456//3456 2353//2353 2404//2404
f 2625//2625 2612//2612 519//519
f 3458//3458 3457//3457 2567//2567
f 3457//3457 3458//3458 2609//2609
f 517//517 2401//2401 518//518
f 3457//3457 2610//2610 3459//3459
f 2609//2609 2610//2610 3457//3457
f 2634//2634 3456//3456 2404//2404
f 3456//3456 2634//2634 2567//2567
f 2735//2735 2753//2753 3444//3444
f 2607//2607 517//517 2612//2612
f 2607//2607 2612//2612 2611//2611
f 2608//2608 2611//2611 3460//3460
f 2607//2607 2611//2611 2608//2608
f 2400//2400 2577//2577 2671//2671
f 496//496 2584//2584 495//495
f 2676//2676 2631//2631 2382//2382
f 3461//3461 2382//2382 2631//2631
f 2382//2382 3461//3461 2380//2380
f 3456//3456 2567//2567 3457//3457
f 3462//3462 3461//3461 2631//2631
f 2670//2670 2671//2671 3428//3428
f 3428//3428 2629//2629 2670//2670
f 2766//2766 2634//2634 2390//2390
f 2568//2568 2634//2634 2766//2766
f 2643//2643 2633//2633 471//471
f 2558//2558 3444//3444 2753//2753
f 2558//2558 2753//2753 505//505
f 2643//2643 471//471 2642//2642
f 2765//2765 3444//3444 2558//2558
f 2773//2773 2650//2650 2718//2718
f 3461//3461 2643//2643 2380//2380
f 2659//2659 2661//2661 2603//2603
f 3212//3212 2679//2679 3463//3463
f 2404//2404 2390//2390 2634//2634
f 500//500 932//932 3220//3220
f 2629//2629 2603//2603 2631//2631
f 2631//2631 2603//2603 3462//3462
f 3464//3464 2707//2707 2504//2504
f 2677//2677 2678//2678 974//974
f 2964//2964 3465//3465 2944//2944
f 2621//2621 2630//2630 2626//2626
f 2545//2545 2630//2630 497//497
f 495//495 2545//2545 497//497
f 2246//2246 530//530 2601//2601
f 2616//2616 2601//2601 530//530
f 2598//2598 2592//2592 2591//2591
f 2598//2598 2591//2591 2383//2383
f 2220//2220 3428//3428 2599//2599
f 3467//3467 3466//3466 2608//2608
f 2606//2606 3466//3466 2590//2590
f 2593//2593 2606//2606 2590//2590
f 2608//2608 3466//3466 2606//2606
f 2590//2590 2518//2518 2593//2593
f 3466//3466 3468//3468 2590//2590
f 2590//2590 3468//3468 2279//2279
f 3467//3467 3468//3468 3466//3466
f 2234//2234 2411//2411 3468//3468
f 2411//2411 2279//2279 3468//3468
f 2578//2578 2234//2234 3468//3468
f 2578//2578 3468//3468 3467//3467
f 2582//2582 2249//2249 2247//2247
f 2489//2489 2248//2248 2437//2437
f 2582//2582 2098//2098 2249//2249
f 2249//2249 2098//2098 2618//2618
f 2096//2096 2618//2618 2098//2098
f 2619//2619 2618//2618 2096//2096
f 2589//2589 2378//2378 2377//2377
f 2096//2096 2097//2097 2377//2377
f 2587//2587 2546//2546 2614//2614
f 2614//2614 2546//2546 2548//2548
f 2467//2467 2511//2511 2499//2499
f 2614//2614 2539//2539 2587//2587
f 2587//2587 2539//2539 3450//3450
f 3450//3450 2539//2539 2537//2537
f 2537//2537 2389//2389 3450//3450
f 2389//2389 2402//2402 3450//3450
f 2569//2569 3458//3458 2567//2567
f 2381//2381 2676//2676 2382//2382
f 3458//3458 2569//2569 2605//2605
f 3458//3458 3460//3460 2609//2609
f 2609//2609 3460//3460 2611//2611
f 2643//2643 3469//3469 2633//2633
f 2633//2633 3469//3469 2661//2661
f 3469//3469 3462//3462 2661//2661
f 2661//2661 3462//3462 2603//2603
f 3461//3461 3469//3469 2643//2643
f 3462//3462 3469//3469 3461//3461
f 3460//3460 3458//3458 2605//2605
f 2620//2620 3460//3460 2605//2605
f 2578//2578 3467//3467 2620//2620
f 2386//2386 2374//2374 2367//2367
f 2608//2608 3460//3460 2620//2620
f 2608//2608 2620//2620 3467//3467
f 3470//3470 2680//2680 2649//2649
f 2680//2680 3470//3470 2380//2380
f 2380//2380 2642//2642 2680//2680
f 2380//2380 3470//3470 2545//2545
f 2549//2549 2650//2650 2773//2773
f 2626//2626 2635//2635 3443//3443
f 3443//3443 2625//2625 2626//2626
f 3459//3459 3443//3443 3456//3456
f 3459//3459 3456//3456 3457//3457
f 3459//3459 2625//2625 3443//3443
f 2610//2610 2625//2625 3459//3459
f 2649//2649 2626//2626 2630//2630
f 2649//2649 2630//2630 3470//3470
f 3470//3470 2630//2630 2545//2545
f 3456//3456 2398//2398 2353//2353
f 2396//2396 2398//2398 3443//3443
f 2773//2773 2648//2648 2647//2647
f 2549//2549 2773//2773 2647//2647
f 3443//3443 2398//2398 3456//3456
f 3471//3471 2707//2707 3464//3464
f 2622//2622 2506//2506 2710//2710
f 2622//2622 2623//2623 2506//2506
f 2653//2653 469//469 1055//1055
f 3472//3472 2653//2653 1055//1055
f 2653//2653 2656//2656 2652//2652
f 2656//2656 2653//2653 3472//3472
f 469//469 2642//2642 471//471
f 2514//2514 3473//3473 2516//2516
f 2514//2514 2779//2779 3471//3471
f 3471//3471 2779//2779 2664//2664
f 2657//2657 2515//2515 2516//2516
f 455//455 2779//2779 2515//2515
f 2515//2515 2779//2779 2514//2514
f 3464//3464 2514//2514 3471//3471
f 2514//2514 3464//3464 3473//3473
f 2404//2404 2353//2353 2352//2352
f 3474//3474 2516//2516 2397//2397
f 3473//3473 2354//2354 3475//3475
f 3473//3473 3475//3475 2516//2516
f 2397//2397 3475//3475 2354//2354
f 2516//2516 3475//3475 2397//2397
f 2354//2354 3464//3464 2352//2352
f 3473//3473 3464//3464 2354//2354
f 2624//2624 2352//2352 3464//3464
f 2624//2624 3464//3464 2641//2641
f 2657//2657 3474//3474 2637//2637
f 2637//2637 3474//3474 2635//2635
f 2516//2516 3474//3474 2657//2657
f 2396//2396 2635//2635 3474//3474
f 3474//3474 2397//2397 2396//2396
f 2642//2642 2653//2653 2652//2652
f 3472//3472 2657//2657 2656//2656
f 456//456 3472//3472 1055//1055
f 3472//3472 456//456 455//455
f 455//455 2515//2515 3472//3472
f 2515//2515 2657//2657 3472//3472
f 2659//2659 2677//2677 3476//3476
f 417//417 998//998 415//415
f 3476//3476 2628//2628 416//416
f 2628//2628 417//417 416//416
f 998//998 3463//3463 2681//2681
f 3463//3463 998//998 417//417
f 2681//2681 2679//2679 992//992
f 3463//3463 2679//2679 2681//2681
f 3476//3476 2675//2675 2628//2628
f 3476//3476 2677//2677 2675//2675
f 2661//2661 2660//2660 2633//2633
f 2692//2692 2707//2707 2664//2664
f 2707//2707 2692//2692 2694//2694
f 2660//2660 3476//3476 416//416
f 2660//2660 416//416 2633//2633
f 2660//2660 2659//2659 3476//3476
f 2603//2603 2678//2678 2659//2659
f 417//417 2627//2627 3463//3463
f 105//105 2688//2688 993//993
f 994//994 105//105 993//993
f 2665//2665 2674//2674 2672//2672
f 338//338 2953//2953 2952//2952
f 2627//2627 3212//3212 3463//3463
f 2581//2581 2665//2665 2672//2672
f 483//483 3212//3212 2627//2627
f 1127//1127 483//483 2627//2627
f 85//85 3212//3212 483//483
f 461//461 2665//2665 2581//2581
f 2043//2043 2041//2041 3019//3019
f 2727//2727 2836//2836 2771//2771
f 2707//2707 3471//3471 2664//2664
f 2694//2694 2668//2668 515//515
f 2665//2665 1139//1139 515//515
f 515//515 1139//1139 2714//2714
f 2674//2674 2665//2665 2666//2666
f 2666//2666 2667//2667 2674//2674
f 2667//2667 2666//2666 2668//2668
f 2714//2714 2708//2708 2713//2713
f 2714//2714 1140//1140 2708//2708
f 1139//1139 1140//1140 2714//2714
f 2711//2711 2708//2708 2685//2685
f 2713//2713 2708//2708 2711//2711
f 2623//2623 2504//2504 2506//2506
f 2505//2505 514//514 516//516
f 2505//2505 516//516 2713//2713
f 2504//2504 2641//2641 3464//3464
f 2710//2710 2505//2505 3445//3445
f 3445//3445 2505//2505 2735//2735
f 2639//2639 2781//2781 2782//2782
f 2720//2720 2781//2781 2639//2639
f 2720//2720 2777//2777 2776//2776
f 2715//2715 2505//2505 2712//2712
f 2712//2712 2505//2505 2713//2713
f 2713//2713 2711//2711 2712//2712
f 2836//2836 2757//2757 2841//2841
f 2756//2756 2757//2757 2836//2836
f 2695//2695 2669//2669 2688//2688
f 2669//2669 2668//2668 2692//2692
f 2694//2694 2692//2692 2668//2668
f 2450//2450 2782//2782 2722//2722
f 2952//2952 2450//2450 2722//2722
f 2669//2669 2663//2663 2688//2688
f 2688//2688 2663//2663 993//993
f 1532//1532 1531//1531 2638//2638
f 2678//2678 2603//2603 974//974
f 491//491 3220//3220 2687//2687
f 2687//2687 3220//3220 3221//3221
f 500//500 3220//3220 491//491
f 1146//1146 1531//1531 1144//1144
f 2720//2720 2776//2776 2781//2781
f 3222//3222 1145//1145 1144//1144
f 2715//2715 1145//1145 3222//3222
f 778//778 3007//3007 968//968
f 2964//2964 1464//1464 1463//1463
f 2686//2686 2715//2715 2712//2712
f 2541//2541 2749//2749 2736//2736
f 1144//1144 2505//2505 3222//3222
f 3170//3170 1532//1532 2638//2638
f 2720//2720 2639//2639 1146//1146
f 2422//2422 2976//2976 2424//2424
f 1144//1144 2736//2736 2505//2505
f 2696//2696 2697//2697 3170//3170
f 2893//2893 2885//2885 2343//2343
f 2767//2767 3170//3170 2697//2697
f 2687//2687 2716//2716 2686//2686
f 399//399 2730//2730 400//400
f 937//937 3477//3477 2450//2450
f 2450//2450 3477//3477 2782//2782
f 2638//2638 3477//3477 3170//3170
f 3170//3170 3477//3477 937//937
f 3477//3477 2639//2639 2782//2782
f 2639//2639 3477//3477 2638//2638
f 2723//2723 2725//2725 2737//2737
f 1532//1532 2767//2767 2541//2541
f 1532//1532 3170//3170 2767//2767
f 1532//1532 2541//2541 2736//2736
f 2741//2741 3454//3454 2755//2755
f 2758//2758 2756//2756 2878//2878
f 2878//2878 2756//2756 2726//2726
f 2849//2849 2840//2840 550//550
f 504//504 506//506 398//398
f 504//504 398//398 400//400
f 1144//1144 1532//1532 2736//2736
f 505//505 2753//2753 2761//2761
f 2734//2734 2761//2761 2753//2753
f 2736//2736 2761//2761 2734//2734
f 2749//2749 2761//2761 2736//2736
f 2777//2777 3221//3221 932//932
f 3221//3221 2777//2777 2719//2719
f 2253//2253 2777//2777 2252//2252
f 2722//2722 2782//2782 2725//2725
f 2282//2282 1510//1510 353//353
f 2719//2719 1145//1145 3221//3221
f 3221//3221 1145//1145 2716//2716
f 2737//2737 2725//2725 2781//2781
f 2950//2950 2903//2903 2982//2982
f 2723//2723 294//294 2724//2724
f 927//927 294//294 2723//2723
f 338//338 2724//2724 294//294
f 2906//2906 1727//1727 566//566
f 2906//2906 2699//2699 1727//1727
f 1727//1727 2699//2699 1725//1725
f 935//935 2450//2450 2747//2747
f 2952//2952 2747//2747 2450//2450
f 1725//1725 2747//2747 2952//2952
f 2724//2724 2952//2952 2722//2722
f 2742//2742 2738//2738 1892//1892
f 2597//2597 2982//2982 2903//2903
f 2966//2966 2982//2982 2597//2597
f 2544//2544 2542//2542 2802//2802
f 2883//2883 2422//2422 2993//2993
f 2983//2983 2984//2984 3478//3478
f 2698//2698 2596//2596 2904//2904
f 2961//2961 2746//2746 2747//2747
f 2699//2699 2961//2961 2747//2747
f 3479//3479 2540//2540 2738//2738
f 3479//3479 2698//2698 2540//2540
f 2746//2746 2961//2961 3479//3479
f 3479//3479 2961//2961 2698//2698
f 2742//2742 2746//2746 3479//3479
f 2738//2738 2742//2742 3479//3479
f 2728//2728 2727//2727 2552//2552
f 2728//2728 2550//2550 2943//2943
f 2802//2802 2973//2973 2943//2943
f 2943//2943 2973//2973 2908//2908
f 1895//1895 2943//2943 2550//2550
f 1895//1895 2550//2550 2909//2909
f 2876//2876 2877//2877 970//970
f 2748//2748 2768//2768 2730//2730
f 2749//2749 398//398 506//506
f 2697//2697 2744//2744 2767//2767
f 2748//2748 2744//2744 2745//2745
f 2768//2768 2551//2551 2552//2552
f 2552//2552 2717//2717 2768//2768
f 2551//2551 2768//2768 2748//2748
f 2551//2551 2748//2748 2745//2745
f 2778//2778 2551//2551 2745//2745
f 2551//2551 2909//2909 2550//2550
f 2909//2909 2551//2551 2778//2778
f 3453//3453 2771//2771 3454//3454
f 3454//3454 2705//2705 2755//2755
f 2803//2803 2704//2704 2841//2841
f 2784//2784 2613//2613 481//481
f 2836//2836 2841//2841 2771//2771
f 2771//2771 2841//2841 3454//3454
f 2841//2841 2705//2705 3454//3454
f 2771//2771 2769//2769 2727//2727
f 2648//2648 2773//2773 2772//2772
f 2863//2863 542//542 2843//2843
f 2764//2764 2771//2771 3453//3453
f 2510//2510 2519//2519 2513//2513
f 2509//2509 2510//2510 3438//3438
f 561//561 504//504 560//560
f 2718//2718 2650//2650 560//560
f 2513//2513 3438//3438 2510//2510
f 2772//2772 2709//2709 2648//2648
f 2762//2762 2709//2709 2772//2772
f 2764//2764 2709//2709 2762//2762
f 3453//3453 2709//2709 2764//2764
f 2796//2796 2795//2795 969//969
f 2765//2765 2572//2572 3444//3444
f 3444//3444 2572//2572 3445//3445
f 2718//2718 2762//2762 2773//2773
f 2710//2710 3445//3445 2572//2572
f 2654//2654 2350//2350 480//480
f 3480//3480 3481//3481 3482//3482
f 3483//3483 2877//2877 3452//3452
f 2063//2063 613//613 2062//2062
f 2826//2826 613//613 2063//2063
f 3441//3441 550//550 549//549
f 2757//2757 2645//2645 2803//2803
f 2757//2757 2803//2803 2841//2841
f 2532//2532 3484//3484 2534//2534
f 2063//2063 2534//2534 2826//2826
f 2902//2902 971//971 2534//2534
f 3481//3481 2543//2543 2544//2544
f 559//559 2543//2543 3481//3481
f 3481//3481 556//556 559//559
f 2061//2061 2890//2890 2533//2533
f 2533//2533 2063//2063 2061//2061
f 2645//2645 3485//3485 2532//2532
f 3481//3481 2544//2544 3482//3482
f 2743//2743 2891//2891 2703//2703
f 2442//2442 2832//2832 2831//2831
f 1008//1008 2891//2891 2890//2890
f 2061//2061 1008//1008 2890//2890
f 3020//3020 3485//3485 2645//2645
f 2645//2645 2758//2758 3020//3020
f 2645//2645 2757//2757 2758//2758
f 3487//3487 754//754 3486//3486
f 3023//3023 586//586 727//727
f 2933//2933 2934//2934 2971//2971
f 2821//2821 3011//3011 2911//2911
f 2871//2871 2823//2823 2884//2884
f 2343//2343 2884//2884 540//540
f 3030//3030 2920//2920 2918//2918
f 2069//2069 2820//2820 3483//3483
f 3488//3488 701//701 3094//3094
f 3094//3094 701//701 702//702
f 2845//2845 2752//2752 3019//3019
f 3483//3483 3489//3489 2877//2877
f 614//614 613//613 2795//2795
f 3489//3489 969//969 970//970
f 3489//3489 2911//2911 969//969
f 2821//2821 2911//2911 3489//3489
f 2815//2815 2844//2844 2793//2793
f 2043//2043 3019//3019 2752//2752
f 2750//2750 2043//2043 2752//2752
f 2880//2880 2047//2047 1937//1937
f 2048//2048 2047//2047 2879//2879
f 2877//2877 3489//3489 970//970
f 2826//2826 2795//2795 613//613
f 3489//3489 3483//3483 2821//2821
f 2820//2820 2821//2821 3483//3483
f 2342//2342 2967//2967 2851//2851
f 2879//2879 2047//2047 2880//2880
f 2819//2819 2956//2956 3011//3011
f 3011//3011 2956//2956 2852//2852
f 614//614 2796//2796 2967//2967
f 614//614 2967//2967 2342//2342
f 3011//3011 2967//2967 2796//2796
f 2852//2852 2967//2967 3011//3011
f 3490//3490 2442//2442 2831//2831
f 2442//2442 3490//3490 2443//2443
f 2007//2007 2865//2865 2788//2788
f 2858//2858 2701//2701 2702//2702
f 2864//2864 2863//2863 2870//2870
f 540//540 2884//2884 2857//2857
f 2818//2818 2817//2817 2823//2823
f 2843//2843 540//540 2857//2857
f 969//969 2827//2827 971//971
f 2823//2823 2871//2871 2818//2818
f 2758//2758 2801//2801 3020//3020
f 2849//2849 2042//2042 2840//2840
f 2041//2041 2907//2907 3019//3019
f 2793//2793 2844//2844 2907//2907
f 2825//2825 2793//2793 2907//2907
f 541//541 2343//2343 540//540
f 2864//2864 2870//2870 2912//2912
f 3439//3439 2842//2842 2862//2862
f 3390//3390 3439//3439 2862//2862
f 2575//2575 405//405 404//404
f 2868//2868 2702//2702 2794//2794
f 2750//2750 2868//2868 2794//2794
f 3441//3441 2848//2848 2849//2849
f 2787//2787 3442//3442 2530//2530
f 1009//1009 2832//2832 2798//2798
f 2798//2798 2832//2832 2837//2837
f 2798//2798 2837//2837 477//477
f 3440//3440 628//628 2521//2521
f 2443//2443 3490//3490 2521//2521
f 2848//2848 3490//3490 2831//2831
f 3441//3441 3490//3490 2848//2848
f 3441//3441 3440//3440 3490//3490
f 2521//2521 3490//3490 3440//3440
f 3442//3442 2873//2873 2874//2874
f 2818//2818 2871//2871 3442//3442
f 2873//2873 3442//3442 2871//2871
f 2875//2875 520//520 2874//2874
f 521//521 520//520 2875//2875
f 2874//2874 520//520 2530//2530
f 2874//2874 2530//2530 3442//3442
f 2863//2863 2843//2843 2870//2870
f 2885//2885 2892//2892 2875//2875
f 2885//2885 2893//2893 2892//2892
f 2875//2875 2892//2892 521//521
f 521//521 2892//2892 2784//2784
f 2907//2907 2041//2041 2847//2847
f 541//541 2146//2146 2842//2842
f 2856//2856 2828//2828 2839//2839
f 3390//3390 2855//2855 2783//2783
f 2575//2575 404//404 2862//2862
f 2854//2854 2855//2855 3385//3385
f 3385//3385 2057//2057 2854//2854
f 2535//2535 2864//2864 2858//2858
f 2858//2858 2536//2536 2535//2535
f 529//529 2536//2536 3108//3108
f 2047//2047 733//733 1937//1937
f 2858//2858 3108//3108 2536//2536
f 3491//3491 3097//3097 3096//3096
f 406//406 2869//2869 404//404
f 2862//2862 2869//2869 3390//3390
f 2788//2788 2790//2790 2007//2007
f 2858//2858 2838//2838 2132//2132
f 3389//3389 2132//2132 358//358
f 2036//2036 3492//3492 2023//2023
f 2071//2071 3492//3492 2036//2036
f 2898//2898 2790//2790 2899//2899
f 2838//2838 2858//2858 2702//2702
f 617//617 2790//2790 2898//2898
f 616//616 2799//2799 2751//2751
f 2851//2851 2789//2789 2788//2788
f 2812//2812 2789//2789 2851//2851
f 1983//1983 1818//1818 3119//3119
f 1983//1983 3119//3119 2812//2812
f 2890//2890 2743//2743 2644//2644
f 2910//2910 2851//2851 2788//2788
f 2751//2751 3493//3493 3079//3079
f 3493//3493 2752//2752 2845//2845
f 2752//2752 3493//3493 2751//2751
f 2814//2814 2866//2866 3493//3493
f 3493//3493 2845//2845 2814//2814
f 2845//2845 2815//2815 2814//2814
f 2888//2888 618//618 2897//2897
f 2865//2865 2007//2007 3079//3079
f 3493//3493 2866//2866 3079//3079
f 3079//3079 2866//2866 2865//2865
f 3484//3484 2532//2532 3485//3485
f 3465//3465 2964//2964 3482//3482
f 2964//2964 1463//1463 2949//2949
f 3482//3482 2964//2964 2949//2949
f 2542//2542 2780//2780 3020//3020
f 2069//2069 3483//3483 3452//3452
f 2902//2902 2534//2534 3484//3484
f 3484//3484 3485//3485 3494//3494
f 3484//3484 3494//3494 2902//2902
f 2780//2780 3494//3494 3485//3485
f 2780//2780 3485//3485 3020//3020
f 2543//2543 3494//3494 2780//2780
f 2996//2996 3121//3121 2995//2995
f 701//701 3488//3488 3074//3074
f 2876//2876 2902//2902 3494//3494
f 970//970 2902//2902 2876//2876
f 1028//1028 3495//3495 3161//3161
f 1027//1027 1028//1028 3161//3161
f 3496//3496 591//591 2919//2919
f 2424//2424 2966//2966 3497//3497
f 557//557 3498//3498 2853//2853
f 612//612 557//557 2853//2853
f 3452//3452 557//557 612//612
f 2971//2971 3498//3498 3480//3480
f 556//556 3498//3498 557//557
f 3480//3480 3498//3498 556//556
f 2543//2543 559//559 3494//3494
f 3494//3494 559//559 2876//2876
f 558//558 2876//2876 559//559
f 558//558 557//557 3452//3452
f 558//558 3452//3452 2877//2877
f 2939//2939 2850//2850 734//734
f 2931//2931 2934//2934 2933//2933
f 3498//3498 2934//2934 2853//2853
f 2921//2921 2922//2922 2881//2881
f 2881//2881 2883//2883 2921//2921
f 2971//2971 2934//2934 3498//3498
f 2937//2937 2936//2936 2938//2938
f 2937//2937 611//611 2785//2785
f 2931//2931 2937//2937 2785//2785
f 2932//2932 2922//2922 2923//2923
f 2936//2936 2932//2932 2923//2923
f 2051//2051 2052//2052 2131//2131
f 732//732 2850//2850 3094//3094
f 2850//2850 3488//3488 3094//3094
f 2938//2938 3488//3488 2850//2850
f 3074//3074 3488//3488 3182//3182
f 3182//3182 3488//3488 2938//2938
f 2938//2938 2936//2936 3182//3182
f 3182//3182 2936//2936 2935//2935
f 3497//3497 2966//2966 2822//2822
f 2423//2423 3497//3497 2981//2981
f 3497//3497 2423//2423 2424//2424
f 3073//3073 3071//3071 3122//3122
f 3482//3482 3499//3499 3480//3480
f 3499//3499 3482//3482 2949//2949
f 2544//2544 3465//3465 3482//3482
f 2802//2802 3465//3465 2544//2544
f 2883//2883 2985//2985 2983//2983
f 2945//2945 2983//2983 3478//3478
f 2982//2982 2968//2968 2950//2950
f 3480//3480 556//556 3481//3481
f 3499//3499 2969//2969 3480//3480
f 3480//3480 2969//2969 2971//2971
f 2949//2949 2969//2969 3499//3499
f 2968//2968 2969//2969 2950//2950
f 2950//2950 2969//2969 2949//2949
f 2944//2944 3465//3465 2802//2802
f 2802//2802 2943//2943 2944//2944
f 2422//2422 2423//2423 2993//2993
f 2903//2903 1465//1465 2904//2904
f 1463//1463 1465//1465 2903//2903
f 2904//2904 1465//1465 2540//2540
f 2904//2904 2540//2540 2698//2698
f 2988//2988 2984//2984 2985//2985
f 3497//3497 2972//2972 2981//2981
f 2980//2980 2981//2981 2972//2972
f 2942//2942 2940//2940 954//954
f 1726//1726 566//566 1727//1727
f 3497//3497 2822//2822 2972//2972
f 956//956 2958//2958 2957//2957
f 956//956 2957//2957 2942//2942
f 566//566 1726//1726 3225//3225
f 955//955 3500//3500 3225//3225
f 567//567 3225//3225 3500//3500
f 566//566 3225//3225 567//567
f 2972//2972 567//567 3500//3500
f 2972//2972 3500//3500 3168//3168
f 2980//2980 2972//2972 3168//3168
f 3168//3168 3500//3500 954//954
f 955//955 954//954 3500//3500
f 3168//3168 928//928 770//770
f 3168//3168 954//954 928//928
f 954//954 2940//2940 928//928
f 2935//2935 2923//2923 3166//3166
f 2935//2935 3166//3166 3167//3167
f 3501//3501 3166//3166 2923//2923
f 3501//3501 2923//2923 2945//2945
f 577//577 3502//3502 579//579
f 3501//3501 2945//2945 3478//3478
f 3501//3501 3478//3478 35//35
f 2983//2983 2945//2945 2921//2921
f 2921//2921 2883//2883 2983//2983
f 3501//3501 3071//3071 3166//3166
f 2954//2954 769//769 768//768
f 2733//2733 2732//2732 721//721
f 2997//2997 3503//3503 2998//2998
f 2989//2989 2998//2998 3503//3503
f 2988//2988 2989//2989 3504//3504
f 3503//3503 3504//3504 2989//2989
f 2988//2988 3478//3478 2984//2984
f 35//35 3478//3478 3504//3504
f 2988//2988 3504//3504 3478//3478
f 2997//2997 3504//3504 3503//3503
f 35//35 3504//3504 2997//2997
f 2997//2997 34//34 35//35
f 3037//3037 2955//2955 3172//3172
f 3172//3172 2955//2955 768//768
f 753//753 3002//3002 755//755
f 3163//3163 3031//3031 3030//3030
f 591//591 592//592 2918//2918
f 3030//3030 3003//3003 3163//3163
f 3047//3047 3045//3045 386//386
f 3163//3163 3003//3003 3171//3171
f 3160//3160 3163//3163 3171//3171
f 3171//3171 3003//3003 3002//3002
f 3002//3002 753//753 3159//3159
f 756//756 3159//3159 307//307
f 3014//3014 3159//3159 753//753
f 307//307 3159//3159 3014//3014
f 3505//3505 592//592 755//755
f 2760//2760 591//591 3496//3496
f 2760//2760 3496//3496 3008//3008
f 3486//3486 754//754 755//755
f 3486//3486 755//755 592//592
f 3013//3013 3014//3014 754//754
f 753//753 754//754 3014//3014
f 2918//2918 3505//3505 3030//3030
f 3003//3003 3030//3030 3505//3505
f 3003//3003 3505//3505 755//755
f 3487//3487 3184//3184 3013//3013
f 3184//3184 581//581 3013//3013
f 3013//3013 581//581 3012//3012
f 387//387 3026//3026 1883//1883
f 3487//3487 3013//3013 754//754
f 3001//3001 34//34 3037//3037
f 3486//3486 2926//2926 3487//3487
f 3068//3068 2809//2809 3506//3506
f 701//701 3073//3073 3122//3122
f 3184//3184 3487//3487 2926//2926
f 2924//2924 3184//3184 2926//2926
f 581//581 3184//3184 36//36
f 420//420 3000//3000 419//419
f 3045//3045 3226//3226 386//386
f 3226//3226 3045//3045 3022//3022
f 3505//3505 2918//2918 592//592
f 3060//3060 3059//3059 3502//3502
f 3122//3122 2925//2925 700//700
f 2919//2919 2920//2920 3008//3008
f 3008//3008 3496//3496 2919//2919
f 2924//2924 2925//2925 3122//3122
f 3081//3081 3374//3374 3082//3082
f 3340//3340 3507//3507 3374//3374
f 3082//3082 3374//3374 3507//3507
f 3042//3042 3374//3374 3044//3044
f 3044//3044 3374//3374 3081//3081
f 2733//2733 3155//3155 2731//2731
f 3046//3046 3307//3307 1028//1028
f 1028//1028 3307//3307 3495//3495
f 1027//1027 3022//3022 1029//1029
f 3045//3045 1029//1029 3022//3022
f 3118//3118 2929//2929 2927//2927
f 3023//3023 3027//3027 586//586
f 3508//3508 2045//2045 3082//3082
f 586//586 3027//3027 387//387
f 3058//3058 3307//3307 3046//3046
f 3008//3008 2920//2920 3031//3031
f 3161//3161 3509//3509 3143//3143
f 3495//3495 3307//3307 3306//3306
f 727//727 3226//3226 3154//3154
f 720//720 3155//3155 2733//2733
f 1645//1645 1//1 220//220
f 3023//3023 591//591 3027//3027
f 590//590 591//591 3023//3023
f 3226//3226 3022//3022 3154//3154
f 35//35 3071//3071 3501//3501
f 1882//1882 1883//1883 3155//3155
f 723//723 2732//2732 2731//2731
f 3021//3021 3059//3059 3047//3047
f 3047//3047 3059//3059 3046//3046
f 2045//2045 2046//2046 3082//3082
f 3027//3027 591//591 2731//2731
f 3027//3027 2731//2731 3026//3026
f 723//723 83//83 82//82
f 2804//2804 2806//2806 3035//3035
f 720//720 3502//3502 3155//3155
f 719//719 3502//3502 720//720
f 3052//3052 2925//2925 3072//3072
f 700//700 2925//2925 3052//3052
f 3486//3486 592//592 2926//2926
f 2860//2860 2861//2861 3035//3035
f 3147//3147 3006//3006 2860//2860
f 3059//3059 1884//1884 3502//3502
f 577//577 3060//3060 3502//3502
f 3502//3502 719//719 579//579
f 3502//3502 1884//1884 1882//1882
f 3502//3502 1882//1882 3155//3155
f 700//700 3053//3053 702//702
f 3040//3040 3342//3342 418//418
f 2808//2808 3066//3066 2810//2810
f 3051//3051 3066//3066 2808//2808
f 3041//3041 3341//3341 3040//3040
f 3109//3109 3341//3341 3041//3041
f 3053//3053 3075//3075 3077//3077
f 3077//3077 3075//3075 2995//2995
f 3062//3062 3510//3510 3120//3120
f 2044//2044 3510//3510 3062//3062
f 3306//3306 3063//3063 3495//3495
f 3061//3061 3068//3068 3506//3506
f 3383//3383 3061//3061 3382//3382
f 3382//3382 3061//3061 3506//3506
f 2045//2045 3510//3510 2044//2044
f 3124//3124 3061//3061 3063//3063
f 3062//3062 3061//3061 2044//2044
f 3063//3063 3161//3161 3495//3495
f 3509//3509 3161//3161 3063//3063
f 3120//3120 3509//3509 3063//3063
f 590//590 3511//3511 3078//3078
f 3512//3512 3061//3061 3383//3383
f 3061//3061 3512//3512 2044//2044
f 2809//2809 3382//3382 3506//3506
f 3068//3068 3124//3124 3058//3058
f 2809//2809 3068//3068 712//712
f 297//297 2809//2809 712//712
f 1767//1767 2809//2809 297//297
f 3123//3123 418//418 3342//3342
f 3004//3004 2804//2804 3000//3000
f 3118//3118 3005//3005 2929//2929
f 2929//2929 3004//3004 420//420
f 420//420 3004//3004 3000//3000
f 3513//3513 3082//3082 1981//1981
f 3513//3513 1981//1981 3099//3099
f 1988//1988 2809//2809 1767//1767
f 1988//1988 2808//2808 2809//2809
f 3382//3382 2809//2809 2810//2810
f 1980//1980 1982//1982 3066//3066
f 3036//3036 3049//3049 2927//2927
f 3049//3049 3036//3036 3050//3050
f 3111//3111 334//334 332//332
f 3043//3043 3044//3044 3110//3110
f 334//334 3110//3110 3057//3057
f 3513//3513 3099//3099 3083//3083
f 3513//3513 3083//3083 3082//3082
f 3057//3057 1981//1981 333//333
f 3111//3111 2914//2914 2915//2915
f 332//332 2914//2914 3111//3111
f 3084//3084 2915//2915 3050//3050
f 3050//3050 2915//2915 2913//2913
f 3111//3111 2915//2915 3084//3084
f 3043//3043 3111//3111 3084//3084
f 3177//3177 2805//2805 3005//3005
f 3102//3102 1987//1987 3064//3064
f 2927//2927 3114//3114 3118//3118
f 3087//3087 3114//3114 3106//3106
f 3087//3087 3089//3089 3114//3114
f 3049//3049 3114//3114 2927//2927
f 2900//2900 3092//3092 524//524
f 2091//2091 3070//3070 2073//2073
f 2090//2090 3107//3107 3101//3101
f 2068//2068 3330//3330 3051//3051
f 332//332 3091//3091 2914//2914
f 3091//3091 3102//3102 3370//3370
f 3370//3370 3102//3102 2074//2074
f 2074//2074 3102//3102 3064//3064
f 332//332 3102//3102 3091//3091
f 3101//3101 3070//3070 2091//2091
f 3101//3101 3039//3039 3070//3070
f 3039//3039 3101//3101 3112//3112
f 3101//3101 3106//3106 3112//3112
f 2075//2075 2036//2036 2023//2023
f 2075//2075 3514//3514 595//595
f 2023//2023 3514//3514 2075//2075
f 3095//3095 2071//2071 2050//2050
f 3515//3515 3095//3095 1819//1819
f 3377//3377 3515//3515 1819//1819
f 3095//3095 3515//3515 3492//3492
f 2071//2071 3095//3095 3492//3492
f 3492//3492 3515//3515 2023//2023
f 2023//2023 2021//2021 3514//3514
f 3107//3107 2090//2090 3097//3097
f 2022//2022 2023//2023 3515//3515
f 3069//3069 2022//2022 2896//2896
f 3096//3096 595//595 3514//3514
f 3514//3514 2021//2021 3096//3096
f 2894//2894 3516//3516 3117//3117
f 3051//3051 3330//3330 1980//1980
f 3329//3329 1987//1987 3330//3330
f 2021//2021 2022//2022 3069//3069
f 2022//2022 3377//3377 2896//2896
f 3377//3377 2022//2022 3515//3515
f 3121//3121 3116//3116 2995//2995
f 3106//3106 3107//3107 3087//3087
f 3088//3088 3087//3087 3491//3491
f 3107//3107 3491//3491 3087//3087
f 3491//3491 3107//3107 3097//3097
f 3491//3491 3104//3104 3088//3088
f 3491//3491 3069//3069 3104//3104
f 3069//3069 3032//3032 3104//3104
f 2021//2021 3069//3069 3491//3491
f 3491//3491 3096//3096 2021//2021
f 3077//3077 3116//3116 3098//3098
f 1987//1987 1980//1980 3330//3330
f 1987//1987 3329//3329 3064//3064
f 1981//1981 3065//3065 1982//1982
f 3064//3064 3329//3329 1985//1985
f 1985//1985 3329//3329 1971//1971
f 1971//1971 1972//1972 1985//1985
f 2810//2810 3381//3381 3382//3382
f 3065//3065 3381//3381 3066//3066
f 3066//3066 3381//3381 2810//2810
f 3375//3375 3383//3383 3381//3381
f 3375//3375 3381//3381 3065//3065
f 3065//3065 1981//1981 3375//3375
f 3084//3084 3036//3036 3517//3517
f 3517//3517 3043//3043 3084//3084
f 3034//3034 3121//3121 3055//3055
f 3121//3121 2996//2996 3105//3105
f 3105//3105 3055//3055 3121//3121
f 3118//3118 3177//3177 3005//3005
f 3067//3067 2811//2811 2894//2894
f 1936//1936 3516//3516 2811//2811
f 2811//2811 3516//3516 2894//2894
f 3116//3116 3117//3117 3098//3098
f 3516//3516 3098//3098 3117//3117
f 3098//3098 3516//3516 1935//1935
f 1935//1935 3516//3516 1936//1936
f 2996//2996 2807//2807 2805//2805
f 2996//2996 3177//3177 3105//3105
f 2805//2805 3177//3177 2996//2996
f 3518//3518 2928//2928 3123//3123
f 3518//3518 3517//3517 2928//2928
f 2928//2928 3517//3517 3036//3036
f 3518//3518 3123//3123 3342//3342
f 3517//3517 3518//3518 3042//3042
f 3043//3043 3517//3517 3042//3042
f 3042//3042 3518//3518 3342//3342
f 3512//3512 3383//3383 2046//2046
f 2046//2046 3383//3383 3375//3375
f 3511//3511 3143//3143 3509//3509
f 590//590 3143//3143 3511//3511
f 3511//3511 3509//3509 3120//3120
f 3512//3512 2046//2046 2044//2044
f 3510//3510 2045//2045 3508//3508
f 3510//3510 3508//3508 3511//3511
f 3120//3120 3510//3510 3511//3511
f 3109//3109 3508//3508 3341//3341
f 3519//3519 3341//3341 3508//3508
f 3519//3519 3508//3508 3507//3507
f 3507//3507 3341//3341 3519//3519
f 3507//3507 3340//3340 3341//3341
f 3507//3507 3508//3508 3082//3082
f 3511//3511 3508//3508 3109//3109
f 3109//3109 3078//3078 3511//3511
f 3375//3375 3082//3082 2046//2046
