# Generated by multiview-laplacian-refinement
v -0.208762026 -0.0640464601 -0.566829419
v -0.193535706 -0.0528767016 -0.548881458
v -0.193631817 -0.077862277 -0.538818666
v -0.338584978 0.148930185 0.569839941
v -0.351464288 0.11685061 0.558964396
v -0.274780329 0.104066905 0.648763818
v -0.00772120143 -0.340052342 0.496383241
v 0.0110419985 -0.342019275 0.507307596
v 0.0170872284 -0.338253138 0.490125956
v -0.187944045 -0.17227108 -0.53415762
v -0.195793367 -0.170002424 -0.54613765
v -0.19775021 -0.144091915 -0.52680751
v -0.288811468 -0.20615605 -0.423650751
v -0.278433775 -0.220120992 -0.399004983
v -0.296732925 -0.199744936 -0.394450706
v 0.420051012 0.0292430037 0.179547818
v 0.413181287 0.0624540526 0.197084392
v 0.421623619 0.0671290938 0.163001216
v 0.0177171987 -0.329300349 -0.604216929
v -0.00432025093 -0.329144099 -0.604006059
v 0.02378643 -0.325149775 -0.598838862
v -0.246878369 -0.166533123 -0.601883146
v -0.261288843 -0.1927677 -0.604815862
v -0.271865885 -0.166897568 -0.602756633
v -0.182466753 -0.288666296 -0.356531486
v -0.157299134 -0.297001334 -0.357499944
v -0.173838135 -0.291060093 -0.334631004
v -0.177687778 -0.209556022 -0.565812317
v -0.250746259 -0.106981223 -0.598780103
v -0.235656286 -0.120790333 -0.586730567
v -0.415885554 -0.176607214 -0.0474914311
v -0.417052492 -0.180984887 -0.0171130774
v -0.418667134 -0.153939772 -0.0240967103
v 0.108436819 -0.318405103 -0.249143886
v 0.134501029 -0.311055349 -0.22303192
v 0.132829292 -0.312506182 -0.27920464
v -0.194649169 -0.240266982 -0.60406704
v -0.124862215 -0.257709652 -0.564055919
v -0.107582683 -0.302782237 -0.600109559
v -0.320080643 -0.265109791 -0.09787973
v -0.332050593 -0.271848717 -0.0641062455
v -0.30328435 -0.274779617 -0.0650033065
v -0.219176413 -0.274669092 -0.565474264
v -0.206609091 -0.280570311 -0.585285501
v -0.202638046 -0.287890376 -0.561239286
v -0.650349667 0.0210294127 0.14983544
v -0.626023511 0.0140587075 0.151991587
v -0.629772324 0.0350708584 0.150262526
v -0.228144356 -0.265307195 -0.337184346
v -0.240457635 -0.256036594 -0.359853068
v -0.252410135 -0.248453248 -0.333743842
v -0.269487093 -0.23457205 0.257863337
v -0.276866762 -0.237944625 0.225869463
v -0.248897295 -0.256013245 0.23459311
v -0.200834051 -0.261924739 -0.616223146
v -0.219900992 -0.250999064 -0.608957041
v -0.20594628 -0.271136378 -0.606018044
v 0.713372817 -0.00867269331 -0.147956103
v 0.699272469 -0.0133869524 -0.147387545
v 0.695962918 -0.0365095006 -0.144189504
v -0.123667258 -0.307879242 -0.395033165
v -0.139478434 -0.306639867 -0.420557044
v -0.117041507 -0.31142851 -0.415164964
v -0.273679236 -0.213190774 -0.558917751
v -0.269037792 -0.20537592 -0.587607132
v -0.259763703 -0.223521092 -0.582874489
v -0.0543650698 -0.319789012 0.0220714735
v -0.0658652693 -0.320390382 -0.00489772435
v -0.0776946852 -0.317287277 0.022505832
v -0.288820144 -0.216154806 0.561676123
v -0.308283599 -0.200734693 0.568931639
v -0.287948668 -0.237092915 0.568768884
v -0.357207629 -0.220495943 0.152971058
v -0.326850382 -0.236943148 0.155558017
v -0.343224494 -0.217671281 0.178274564
v -0.0379605496 -0.325199214 -0.0921528317
v -0.0591697321 -0.322502663 -0.10355175
v -0.0589929736 -0.322349874 -0.0707713336
v -0.0666289018 -0.273406046 0.634178177
v -0.0748554839 -0.255364487 0.627498059
v -0.0878606202 -0.263874195 0.630788139
v -0.00577993284 -0.333866362 -0.603491004
v -0.0215070201 -0.339146199 -0.589539994
v -0.0262317925 -0.332984509 -0.603393159
v 0.0495801423 -0.363709587 0.566750196
v 0.020018787 -0.368832739 0.565282718
v 0.0300713055 -0.359085792 0.560959075
v -0.221210254 -0.269174174 0.481815825
v -0.243006819 -0.249247514 0.495662741
v -0.220489301 -0.271309431 0.511519732
v -0.100691217 -0.315177866 0.00945977153
v -0.0948747364 -0.315267825 0.0415810457
v -0.177377488 -0.291352618 -0.378830013
v -0.177252744 -0.292964097 -0.401064736
v -0.201795974 -0.280551374 -0.394535352
v -0.253011678 -0.239953729 -0.562463618
v -0.0911564306 -0.312495512 0.16697766
v -0.0742694628 -0.314189278 0.171019508
v -0.0978096453 -0.311174434 0.190023746
v -0.0673002208 -0.343669456 0.525887996
v -0.0922070428 -0.338963992 0.526189657
v -0.0781416925 -0.335713658 0.498217214
v -0.082424734 -0.345522614 0.540567819
v -0.100177832 -0.343558457 0.544636864
v 0.0835641663 -0.337011672 0.535994389
v 0.0658327282 -0.338381447 0.522464745
v 0.0668979239 -0.34384826 0.546002535
v -0.676722844 0.034664542 0.147718545
v -0.669395784 -0.00384036881 0.14849673
v -0.688924792 0.0139323279 0.148062484
v 0.551825191 0.12058557 0.121096757
v 0.556435248 0.144839035 0.0867316816
v 0.557996009 0.151860406 0.0997944945
v -0.0619340783 -0.35134731 0.545721079
v -0.428611191 -0.0143864497 0.138191267
v -0.43118122 -0.00305853285 0.148064058
v -0.427727823 -0.0193730649 0.156926226
v -0.39863993 -0.207840601 -0.103707218
v -0.392242765 -0.203392829 -0.128478304
v -0.399884623 -0.173261174 -0.122906719
v -0.357110684 0.0608585202 0.510582478
v -0.355716201 0.0774128155 0.540599279
v -0.349813749 0.101119358 0.513343639
v -0.728127467 0.1675961 -0.0122995828
v -0.725770778 0.172885144 -0.0472284746
v -0.726158932 0.165300649 -0.0437626416
v -0.199808716 -0.280975608 -0.342173293
v -0.210251982 -0.276173111 -0.313071146
v -0.230424217 -0.277658903 0.153583291
v -0.233524622 -0.272579464 0.184444809
v -0.253361679 -0.265324907 0.164450327
v -0.163561407 -0.305091031 -0.0181222486
v -0.199232297 -0.298140981 -0.0140725288
v -0.186602872 -0.300224093 -0.0432153761
v -0.293847433 0.0228622866 0.644511385
v -0.36897288 0.0460235564 0.562464893
v -0.374547732 0.0150568139 0.562972755
v -0.361512444 0.0414070059 0.537854033
v -0.36013633 0.0136245476 0.486632874
v -0.362042526 -0.0400026463 0.342940195
v -0.362567036 -0.0154700164 0.353651253
v -0.369847533 -0.0133923288 0.317118891
v -0.221624781 -0.268745436 -0.369634202
v -0.126251695 -0.309222165 0.13479239
v -0.146197771 -0.303969729 0.164990742
v -0.171285311 -0.300049029 0.134796183
v -0.210637285 -0.197514901 0.646485136
v -0.281633285 -0.248063309 0.571618518
v -0.0842573025 -0.352178318 0.552770789
v -0.197544772 -0.282859156 0.377344235
v -0.189148257 -0.28814016 0.403928654
v -0.211920799 -0.274817973 0.397089123
v -0.0614036724 -0.317444461 0.312775528
v -0.0712689098 -0.317506817 0.336391899
v -0.0392020417 -0.321218765 0.343550321
v -0.384937244 -0.0919996628 0.245954799
v -0.372007138 -0.120430975 0.250939134
v -0.371122467 -0.106169669 0.266920075
v 0.344788772 0.209173401 0.215850311
v 0.360186799 0.19678338 0.214094403
v 0.356388775 0.218732382 0.199490328
v -0.204638372 -0.27973019 0.426484289
v -0.281273907 0.0601501883 0.639298039
v -0.274836344 0.0837261121 0.640372882
v -0.266648141 0.0777274606 0.633473357
v -0.277439313 -0.209857054 0.513170818
v -0.269824922 -0.224219206 0.533743112
v -0.258015208 -0.234719228 0.515039146
v -0.359406437 0.063686386 0.552617769
v -0.274535763 -0.228301259 -0.346920368
v -0.271176965 -0.234070735 -0.317943698
v -0.289157358 -0.217910292 -0.319009608
v -0.545106178 0.164375908 0.0734532788
v -0.550685131 0.152280777 0.109637065
v -0.38516285 0.124634755 0.0663982769
v -0.323442162 -0.22627126 0.181109581
v 0.241936763 0.266460219 0.555350029
v 0.231976176 0.272035415 0.545560286
v 0.244697218 0.260726727 0.545830586
v -0.219065367 -0.293387671 -0.039335724
v -0.264042138 -0.254421134 0.194361334
v -0.235521522 -0.268123224 0.210443482
v -0.708471799 0.0253127739 0.150362741
v -0.702201089 -0.00375008535 0.153072905
v -0.701724843 0.0161581685 0.148817844
v -0.0287844936 -0.320890704 0.0409840394
v -0.0664143101 -0.317505057 0.0440257047
v -0.26292391 0.103624391 0.636019287
v -0.123412595 -0.302915542 -0.325353467
v -0.103183073 -0.30582924 -0.335076614
v -0.101385305 -0.306482743 -0.308637123
v -0.309379739 -0.157840118 0.495432761
v -0.317308871 -0.14527342 0.442632382
v -0.331595826 -0.114998869 0.513395496
v -0.713611283 0.0691864605 0.144549529
v -0.722943883 0.0890411691 0.129827054
v -0.724345248 0.136795952 0.0891152171
v -0.196597342 0.304822275 0.588319037
v -0.215849921 0.290840173 0.579260896
v -0.196457 0.296891557 0.577070196
v -0.245996947 -0.0833280936 -0.59787135
v -0.235028216 -0.0914945755 -0.588720094
v -0.12032951 0.348941636 0.207593215
v -0.063330982 0.366229755 0.206954612
v -0.0765166885 0.369085604 0.154376516
v -0.198302571 -0.286397594 -0.465783377
v -0.201929332 -0.282544093 -0.440074509
v -0.185870413 -0.291475457 -0.441593433
v -0.679661579 -0.0875751707 -0.121088851
v -0.682322581 -0.109197211 -0.102632305
v -0.699247151 -0.0925202318 -0.118746224
v -0.699402892 0.017183438 -0.177957114
v -0.691773812 0.0925387777 -0.157697046
v -0.640128506 0.0753950488 -0.165708132
v -0.221692832 -0.08633275 -0.573240438
v -0.211692431 -0.0987693965 -0.55522802
v -0.223570831 -0.103539178 -0.574012165
v -0.258133677 -0.0917349751 -0.6041911
v -0.22967135 -0.0766781626 -0.587970097
v -0.24743294 -0.0364842568 -0.597665199
v -0.621182288 -0.0934738528 -0.122291468
v -0.667783111 -0.0652348346 -0.137069581
v -0.647519189 -0.0444276856 -0.151599014
v -0.363669832 -0.247088081 -0.121041408
v -0.372361788 -0.251780025 -0.0939611417
v -0.38380695 -0.236737946 -0.105782243
v -0.147230454 -0.298608186 -0.329134301
v -0.248014898 -0.252106242 0.263197683
v -0.409301462 -0.180376942 -0.0819794378
v -0.407111009 -0.205190979 -0.0639701861
v -0.235459089 -0.264190274 -0.27498723
v -0.232121276 -0.264142614 -0.306930611
v -0.255620481 -0.249069445 -0.297303474
v -0.641923113 0.124415894 0.103537175
v -0.627398978 0.129872874 0.0990918358
v -0.671931122 0.121757542 0.105221067
v -0.132849656 -0.300763771 -0.302825088
v -0.166485282 -0.298471502 -0.425995451
v -0.172560378 -0.298816454 -0.458625419
v -0.332935214 -0.275962736 0.0251593922
v -0.320533011 -0.279693785 -0.0039363873
v -0.309517238 -0.278830768 0.0265995024
v -0.0688061998 -0.319860861 0.368125493
v -0.190261625 -0.205795188 0.637498492
v -0.194001148 -0.218029773 0.650088217
v -0.261325529 -0.228939566 0.471048527
v -0.257994817 -0.23319345 0.439806384
v -0.275219138 -0.211077702 0.449116117
v -0.691145686 -0.00570780803 0.148557484
v -0.547043727 0.143185391 0.106714641
v -0.190316099 -0.287374351 -0.420404858
v -0.2836579 -0.282185345 -0.0373149369
v -0.27247872 -0.27967572 -0.0620715865
v -0.152105619 -0.300877919 -0.391812647
v -0.233547698 -0.265245572 -0.530190511
v -0.252129923 -0.246394692 -0.533036337
v -0.235901447 -0.260843976 -0.554005333
v -0.086430948 -0.31762614 -0.0874608861
v -0.10772937 -0.314769505 -0.0780342616
v -0.111202306 -0.312715274 -0.108733747
v -0.41212897 -0.103776947 0.0145636524
v -0.417815039 -0.128695204 0.0119830246
v -0.411247563 -0.107433457 -0.00753545968
v -0.138640066 0.178370352 -0.559763578
v -0.169431648 0.163040243 -0.568479733
v -0.151691654 0.14725982 -0.554495973
v -0.200291433 -0.287871301 -0.494363075
v -0.178252225 -0.299557432 -0.486216525
v -0.262590531 0.13472874 -0.624402382
v -0.236658684 0.152514116 -0.625318403
v -0.226079239 0.19388275 -0.626536222
v -0.293013946 -0.210687383 -0.343118263
v -0.286009126 -0.214989003 -0.369600599
v -0.129906433 -0.307200833 -0.136964224
v -0.141479913 -0.306160602 -0.112050209
v -0.166999333 -0.298190606 -0.134780177
v -0.219953356 -0.276568822 -0.545124816
v -0.296924987 0.167627818 -0.602702323
v -0.326779385 0.135491077 -0.534878582
v -0.289949068 0.190571455 -0.597246143
v 0.299657094 0.195779607 -0.48157967
v 0.280136654 0.223674654 -0.520695251
v 0.302069502 0.192036483 -0.506809777
v 0.140941659 0.192322671 -0.45581447
v 0.0482439242 0.172878283 -0.452271655
v 0.096424299 0.181238484 -0.469589282
v 0.386086913 0.245435538 0.0808607798
v 0.362607196 0.272533552 0.0610665104
v 0.39027192 0.248173588 0.0509017863
v -0.550587981 -0.169348112 -0.0538542266
v -0.553622064 -0.166067213 -0.0775972974
v -0.560361693 -0.18353238 -0.0596888359
v 0.035413116 -0.318155266 0.0984859925
v 0.0560653607 -0.316462555 0.113626034
v 0.0527036817 -0.317844594 0.080826245
v 0.0832839715 0.207682878 -0.436832087
v 0.35443312 0.0947879455 -0.466670257
v -0.0889733375 0.183726195 -0.43709145
v 0.0101544042 -0.332162324 -0.413487931
v -0.00361871353 -0.335708423 -0.437824911
v -0.0183885158 -0.327732703 -0.416518821
v 0.322878794 0.0771251938 -0.610423954
v 0.32038335 0.111181773 -0.609840277
v 0.330903059 0.0852986145 -0.585379091
v 0.0542279477 -0.323519574 -0.316319651
v 0.0780708914 -0.32391863 -0.314653931
v 0.0579655262 -0.326808053 -0.343961466
v 0.414603362 0.174187987 -0.0557745654
v 0.414807831 0.154607405 -0.090074334
v 0.408953406 0.193700089 -0.088529142
v 0.567456233 0.126285546 0.10223924
v 0.331097364 0.117228057 -0.548972531
v 0.32260121 0.140983492 -0.568101953
v 0.327643579 0.114296953 -0.578821359
v -0.0453102666 0.128953831 -0.415098254
v -0.138853911 0.0651404088 -0.410023437
v 0.233608225 0.153085021 -0.544935047
v 0.252143206 0.130795156 -0.558045977
v 0.249512336 0.125183848 -0.530925689
v 0.315065762 0.171010187 -0.388642856
v 0.29675243 0.201336361 -0.406817196
v 0.305302486 0.191149291 -0.380476302
v 0.418232218 0.0982042707 -0.109618304
v 0.414559054 0.105923203 -0.128962744
v 0.415216024 0.125505935 -0.112162425
v 0.360923371 0.00304077525 -0.349448075
v 0.367946975 0.0164783938 -0.324920219
v 0.361581026 0.0222180589 -0.345765982
v 0.364785269 0.2329366 0.177493174
v 0.360197491 0.228849732 0.186257814
v 0.341811954 0.242337826 0.191708735
v 0.327364964 -0.0991201241 -0.524330444
v 0.322723806 -0.109787264 -0.553900079
v 0.320589679 -0.120460053 -0.532107501
v 0.341421007 -0.201160697 0.208308672
v 0.352730932 -0.185023335 0.221959993
v 0.337047864 -0.186945625 0.235462571
v 0.0803799127 -0.31411234 0.0919239025
v 0.280168579 0.222849156 -0.451992769
v 0.270274031 0.237100155 -0.426172343
v 0.419136288 0.139725541 -0.0536566056
v 0.421529365 0.115522308 -0.0553051211
v 0.421941482 0.117721853 -0.0298958346
v -0.24095626 -0.210107637 -0.611846817
v -0.0591330247 0.331081184 0.558650246
v -0.0236415211 0.338740427 0.534082525
v -0.0316524916 0.334755962 0.559910759
v 0.298938531 0.181296665 0.492238315
v 0.309341794 0.16179989 0.484188935
v 0.308541651 0.165543878 0.508884249
v 0.296524895 0.209414024 0.319964446
v 0.309887804 0.199573689 0.283193515
v 0.314101294 0.183772359 0.3016718
v 0.34681699 -0.06865241 0.415051385
v 0.349174917 -0.0481087397 0.437471918
v 0.351665782 -0.0461541999 0.400996039
v 0.423127395 0.0834857348 -0.0628590002
v 0.419006038 0.0820920494 -0.0036243924
v 0.419913062 0.114118936 -0.0811648473
v 0.336111646 0.0975301383 0.488518873
v 0.341961744 0.0754365118 0.490515986
v 0.340817209 0.0843942703 0.511275505
v 0.0413125681 -0.345900571 0.536231328
v 0.0204966201 -0.345231702 0.52360985
v 0.0368651978 -0.340031899 0.511281555
v 0.279722605 0.221131031 0.543475302
v 0.295135804 0.195187416 0.536463274
v 0.295777229 0.204198893 0.555836512
v 0.320212456 0.140421253 0.504598347
v 0.328265956 0.12139201 0.484370616
v 0.319235584 0.141423449 0.478602473
v 0.351210715 0.0259595139 0.519599325
v 0.356707563 -0.0023313471 0.535760971
v 0.355164426 0.0335115956 0.541726737
v 0.688494371 0.0181717168 0.152754906
v 0.676337506 -0.0119614656 0.150350569
v 0.656373185 0.0140660728 0.150782279
v 0.254055239 0.0726161991 0.628373891
v 0.264580992 0.0529853086 0.628823944
v 0.23350782 0.0524239105 0.624586104
v 0.332329327 0.112983958 0.514767885
v 0.32601974 0.134311499 0.531828553
v -0.362541035 -0.0169470375 0.540107788
v -0.367509759 -0.037156983 0.564729216
v -0.37216911 -0.00978290509 0.563680945
v 0.148588675 -0.290511814 -0.608674087
v 0.124055493 -0.30234645 -0.60726087
v 0.137832144 -0.29673111 -0.603314157
v 0.354771749 0.0318381187 0.378307844
v 0.357105774 0.0496043571 0.354377577
v 0.350090381 0.0586684258 0.384144302
v 0.369175498 0.0460541077 -0.31524328
v 0.361537772 0.0421378162 -0.340977933
v -0.215637775 -0.274242657 -0.288580154
v 0.418142574 0.0933941119 0.0759465684
v 0.423916865 0.112622365 0.0855266371
v 0.422286531 0.108998711 0.0495896237
v 0.279705265 -0.23744069 0.199822806
v 0.282667254 -0.245154012 0.175542011
v 0.297665869 -0.234137556 0.185647832
v 0.42829503 0.0311910884 0.140915329
v 0.424844075 0.0335275999 0.129750253
v 0.42609709 0.0571658257 0.127277435
v 0.702311918 -0.0828812753 -0.12495275
v 0.676347944 -0.0795597491 -0.127920213
v 0.702071608 -0.0629796822 -0.134777902
v 0.300710195 0.193926756 0.343489902
v 0.322788969 0.159853698 0.326154385
v 0.554622045 0.102082636 0.145563498
v 0.560169974 0.130133468 0.132447346
v 0.294886054 0.189820122 0.514371633
v 0.65201641 0.103613766 0.108892989
v 0.622786326 0.0971753931 0.11675355
v 0.626096834 0.115541667 0.0994926373
v 0.125027853 -0.261906567 0.646746652
v 0.113818097 -0.254146494 0.63419488
v 0.0995275902 -0.269633296 0.645173455
v 0.263082165 -0.208801564 -0.449512894
v 0.248755874 -0.224133071 -0.424952751
v 0.26479014 -0.2033254 -0.420551101
v 0.683521125 0.106587595 0.103787988
v 0.657187142 0.12273287 0.0849530775
v 0.685931822 0.124946408 0.0764840667
v 0.548710361 -0.110393272 0.130640791
v 0.546645944 -0.126014774 0.110597595
v 0.555818176 -0.0997722849 0.128453508
v 0.704687444 0.141866863 -0.00764521989
v 0.713589626 0.142904206 -0.0316391689
v 0.712207163 0.142229845 0.00606647188
v 0.259094264 -0.22649783 0.414338463
v 0.271712944 -0.212377149 0.387800437
v 0.276493171 -0.20697543 0.40906661
v 0.414966302 -0.136868886 0.132976007
v 0.406809399 -0.135964405 0.167495992
v 0.41606716 -0.109312108 0.153857246
v 0.393224884 0.0353144125 0.26464224
v 0.396972301 0.00963396892 0.257841948
v 0.401420689 0.0288011545 0.244151354
v -0.177357265 -0.293316876 0.383072725
v -0.181498605 -0.290003055 0.358419726
v 0.425801772 0.04079133 0.155208989
v 0.54924041 -0.0770388382 0.151885436
v 0.364378946 0.0761786194 0.566121246
v 0.347663784 0.095666363 0.55634011
v 0.35569814 0.110806919 0.569426923
v 0.34157682 0.123023989 0.562882505
v 0.712476998 0.0166834141 0.159229074
v 0.704412116 -0.0018671524 0.153475754
v -0.129462163 -0.23589574 0.628695974
v -0.0985630559 -0.244052094 0.627548409
v -0.112540547 -0.260938035 0.636161944
v 0.37685268 0.124653967 0.252704284
v 0.361047449 0.126357652 0.274840157
v 0.361968338 0.146506993 0.254709325
v 0.17617383 -0.304675278 0.535393613
v 0.172033986 -0.314149929 0.550495698
v 0.153640724 -0.316847538 0.53819821
v 0.345984797 0.0987961528 0.342467259
v 0.354715885 0.0748114115 0.33976095
v 0.357511855 0.0865433703 0.318882677
v 0.0480372841 -0.325405097 0.410568067
v 0.0130402252 -0.329095732 0.424979925
v 0.0168925081 -0.326117461 0.394187128
v 0.041468939 -0.323071716 0.377812954
v 0.353109242 -0.0211907509 0.413198699
v 0.415653577 -0.100879694 0.0737874327
v 0.554280078 -0.158865503 0.0908015783
v 0.55348436 -0.135676699 0.118694236
v 0.152084393 -0.249533113 0.648906098
v 0.137147762 -0.249508143 0.63809512
v 0.153434197 -0.236700178 0.637139245
v 0.425894709 -0.0790491768 0.115549312
v 0.424077097 -0.0952238567 0.107011101
v 0.425370064 -0.0924918284 0.1216696
v 0.415191452 -0.116290575 0.0513831377
v 0.419905362 -0.133444044 0.0657085752
v 0.420256781 -0.136630783 0.0468730142
v 0.723747628 -0.139909966 0.0766465137
v 0.714578765 -0.147423751 0.0532365057
v 0.707437748 -0.126930027 0.0872841781
v 0.723279856 -0.115989264 0.110608914
v 0.0223962832 -0.287818146 0.649447703
v 0.0437595012 -0.281989997 0.646615944
v -0.0376434652 -0.367603707 0.559124396
v -0.023682604 -0.288897671 0.646058111
v -0.0511573471 -0.288094165 0.647869061
v -0.367493625 0.0109377085 0.327281005
v 0.339338969 -0.0944696042 0.483187807
v 0.339664708 -0.0910681668 0.462108907
v 0.332777945 -0.113152061 0.467079689
v 0.0491621607 -0.319502968 0.297822737
v 0.0373081303 -0.321003812 0.31875056
v 0.0566772787 -0.319523615 0.325778036
v 0.37703615 0.200635247 0.197593618
v 0.226504291 -0.169609471 0.630192907
v 0.240629223 -0.150839965 0.63090257
v 0.23765866 -0.171726952 0.638429564
v 0.426558979 -0.0682675784 0.13067467
v 0.00897750015 -0.32072004 0.272707159
v 0.0385863705 -0.320152745 0.274890915
v 0.02823638 -0.320102907 0.255000678
v 0.422639655 0.0883922844 0.10093497
v 0.310208965 -0.200711686 0.249208516
v 0.299776377 -0.221661926 0.213332217
v 0.284412645 -0.221304264 0.2450037
v 0.278029389 -0.23140856 0.222354601
v 0.423638442 -0.000133405759 0.166021398
v 0.426889514 0.0141279581 0.154977507
v 0.420403461 -0.159748901 0.0566397168
v 0.419792232 -0.149307247 0.0793094893
v 0.402588737 -0.072679032 0.22248592
v 0.408026926 -0.098213921 0.191510263
v 0.412086928 -0.0552143144 0.196279319
v 0.139438492 -0.306900875 0.418435393
v 0.100560162 -0.318588861 0.43166553
v 0.128554147 -0.308611213 0.390762864
v 0.334897622 -0.175813996 0.558073219
v 0.252046026 -0.154059877 0.643343782
v 0.318910259 -0.193730817 0.557251263
v 0.7100738 -0.153192726 0.0185643207
v 0.727649483 -0.159729541 0.0117729478
v 0.559105655 -0.17488529 0.075409232
v 0.402599893 0.0288622749 -0.219514764
v 0.406578368 0.0191136049 -0.203725482
v 0.406275711 0.0502724458 -0.196421701
v 0.703784111 0.0653021631 -0.136874979
v 0.709266285 0.0832020019 -0.125934077
v 0.675501635 0.0872745831 -0.129491267
v 0.680851437 -0.0568330702 -0.139556422
v 0.349606532 -0.0661264783 0.383859861
v 0.347212432 0.134653493 0.571242361
v 0.334460248 0.147256352 0.568033574
v 0.260904475 0.120312702 0.65156096
v 0.554378378 -0.0282325278 0.175840782
v 0.555122126 -0.0579064943 0.169881449
v 0.423814002 -0.0286010899 0.127380796
v 0.714293784 0.119858794 -0.08866392
v 0.710626932 0.104812194 -0.104973055
v 0.705483022 0.114689254 -0.0906554957
v 0.666902139 -0.134389877 -0.0736683326
v 0.691894748 -0.12916901 -0.0841716469
v 0.665266398 -0.121404889 -0.0917995129
v 0.411128713 0.0666408108 -0.166173357
v 0.415302402 0.0719886441 -0.142433189
v 0.416968179 0.0427859352 -0.144684842
v 0.0291404624 -0.328556701 -0.18706559
v 0.0227017359 -0.324785857 -0.219176817
v 0.0497635186 -0.326807193 -0.196613312
v 0.584040016 -0.159068732 0.0102819777
v 0.572014711 -0.16065973 -0.0143412567
v 0.598291406 -0.157060406 -0.014787876
v 0.41088807 0.204662661 -0.00186028709
v 0.40578415 0.220819342 -0.023024629
v 0.413304133 0.190469917 -0.0249591682
v -0.00285326643 -0.324660953 -0.393084172
v 0.312904523 -0.277067195 -0.0629918999
v 0.313564606 -0.270812394 -0.0923721619
v 0.338118011 -0.271646415 -0.0766719481
v 0.339667079 -0.275843516 -0.0480559217
v 0.32438111 -0.223839766 0.184668889
v 0.322124167 -0.207345081 0.217484296
v -0.172724533 -0.29420082 -0.601111555
v -0.160244861 -0.287737184 -0.610759546
v -0.186635342 -0.27659793 -0.61289399
v 0.147530223 -0.305237586 -0.00439817588
v 0.118749488 -0.310785753 0.019011484
v 0.111470462 -0.314042049 -0.0103603492
v 0.336481904 0.0572677317 -0.577707475
v 0.340901937 0.0409188024 -0.552831279
v 0.337700451 0.0743458876 -0.555439208
v -0.0423711403 -0.325143732 -0.600239181
v -0.0486142671 -0.315946145 -0.596167874
v -0.0923264047 -0.32212003 -0.604082113
v -0.0927353747 -0.313507886 -0.395648019
v -0.0964141777 -0.318338914 -0.431219489
v -0.0747213716 -0.31996955 -0.417545756
v -0.0128175616 -0.321408927 -0.576669814
v 0.00740330075 -0.325567657 -0.595466205
v 0.0384975337 -0.32323035 -0.592686457
v 0.112679308 -0.318739506 -0.295514036
v 0.120161358 -0.317568351 -0.310972646
v 0.267448011 0.237413571 -0.502583104
v -0.268227371 -0.228876935 -0.50871612
v -0.243827319 -0.255132222 -0.505416875
v -0.259413996 -0.239223129 -0.487431574
v 0.139460898 -0.297167107 -0.61183585
v -0.185845729 -0.29497668 -0.57993069
v -0.190095562 -0.286057528 -0.599837558
v -0.180168373 -0.227579621 -0.592603053
v 0.189007106 -0.278091459 -0.549436627
v 0.0963861105 -0.327867077 -0.55214849
v 0.13740188 -0.314745234 -0.452209828
v 0.418775574 0.0708597579 -0.120113162
v 0.422596236 0.0496588593 -0.106216021
v 0.364614962 -0.0502866822 -0.317943141
v 0.356869328 -0.0521816701 -0.339369037
v 0.366049178 -0.0221104812 -0.325875481
v -0.0869793987 -0.3302851 -0.596072451
v -0.112074195 -0.324222614 -0.591790933
v -0.0900061591 -0.33397532 -0.567521594
v 0.319237061 0.138044612 -0.59510531
v 0.352858819 0.13047325 -0.301149926
v 0.340614645 0.141120542 -0.321204036
v 0.340664523 0.157952827 -0.305412444
v -0.547727551 -0.154907108 -0.0757533124
v 0.346767058 0.030667896 -0.464092842
v 0.347445108 0.010405358 -0.451290143
v 0.346355917 0.00972671706 -0.483742269
v -0.119625122 -0.315518248 -0.443830813
v 0.323663011 -0.247943597 -0.147159171
v 0.302931301 -0.250037519 -0.151853138
v 0.314042469 -0.259892414 -0.1246125
v 0.416110363 -0.205153778 -0.0621064092
v 0.411439615 -0.206776494 -0.0951289945
v 0.417329651 -0.183130789 -0.0871870424
v 0.420786408 -0.0946807391 -0.108960562
v 0.419210452 -0.0877640181 -0.132868082
v 0.42152197 -0.069752191 -0.114816319
v -0.164106707 -0.306283348 -0.577321821
v -0.169273601 -0.29299554 -0.233155859
v -0.166671593 -0.29297819 -0.26146347
v -0.184177552 -0.287961323 -0.251822053
v -0.233043309 -0.231182671 -0.611850862
v 0.342179219 0.0599147743 -0.529151203
v 0.354526836 -0.00135358067 -0.377298225
v 0.356171816 -0.027577157 -0.357023652
v 0.613991128 -0.152870779 0.0305118248
v 0.579605029 -0.152153364 0.0464110422
v 0.606250886 -0.144755299 0.0554822199
v -0.183914516 -0.299609251 -0.553466633
v -0.201808376 -0.289710733 -0.53948822
v -0.194913564 -0.297932593 0.0512686032
v -0.208935883 -0.295520017 0.0176788706
v -0.177738278 -0.301397334 0.0324501038
v -0.41843315 -0.135257672 -0.00833854553
v -0.223014738 -0.269329484 -0.452056433
v -0.220924158 -0.273618313 -0.485461247
v -0.164888009 -0.293820258 -0.304595852
v -0.188769004 -0.285976243 -0.316269204
v -0.244056041 -0.25326029 -0.472336007
v -0.213690899 -0.274930383 -0.421545511
v -0.25369485 -0.216942778 -0.602331116
v -0.257437116 -0.242347372 -0.366623302
v -0.241302023 -0.255153365 -0.380572174
v -0.301006214 -0.177449956 -0.526647605
v -0.283908984 -0.205557604 -0.527191186
v -0.290634324 -0.188947902 -0.551585745
v -0.302422637 -0.167274338 -0.553126544
v -0.0487031875 -0.319397669 -0.396281524
v -0.215313861 -0.279769359 -0.517853272
v -0.315701961 -0.157983638 -0.48855474
v -0.303070748 -0.185656816 -0.439518416
v -0.301367217 -0.185347293 -0.461958507
v -0.25522842 -0.243190044 -0.398155719
v 0.242471617 0.258010549 -0.604697792
v 0.279863096 0.219834693 -0.594934072
v 0.261344397 0.242966321 -0.592995048
v -0.229138394 -0.263615258 -0.400689486
v -0.183963025 -0.299625712 -0.521117115
v -0.197092496 0.192951907 -0.608912122
v -0.170040428 0.23452763 -0.613952703
v -0.197232857 0.22337352 -0.625828458
v -0.293894969 -0.196056721 -0.472665547
v -0.292154705 -0.19704208 -0.500143084
v -0.300494545 -0.192628404 -0.413138894
v -0.277359714 -0.183933716 -0.592891068
v -0.280574991 -0.195570666 -0.572226166
v -0.255115386 -0.242439476 -0.450954335
v -0.239264403 -0.257230087 -0.451029172
v -0.204887004 -0.142917691 -0.542681521
v -0.218275256 -0.124450424 -0.563068843
v -0.20410769 -0.120527513 -0.536919935
v -0.198226059 -0.281758402 -0.367972252
v 0.0269361125 -0.322298029 -0.338189823
v 0.408090328 0.20828326 -0.0539630088
v -0.0184229067 0.339502377 -0.547417139
v -0.0521237534 0.336449037 -0.546569838
v -0.04726592 0.337599906 -0.562515694
v -0.12602593 -0.311339168 0.0248900807
v -0.0250176716 -0.322104761 -0.39722738
v -0.0243900688 -0.318806445 -0.377121732
v -0.0649635601 -0.305377458 -0.586889303
v -0.154271061 -0.311458932 -0.500052978
v -0.133758713 -0.315883754 -0.476418318
v -0.120966994 -0.324071327 -0.510796722
v -0.139728688 0.101184329 -0.542553675
v -0.153516614 0.0710746556 -0.534892145
v -0.128243882 0.10074263 -0.524085179
v -0.166389594 -0.293894759 -0.205494982
v -0.130046241 -0.303601192 -0.219332459
v -0.0701092866 -0.329978667 -0.600856113
v -0.120281494 -0.314489744 -0.603052565
v -0.0761211857 -0.311969792 -0.370972059
v -0.0764083457 -0.309700569 -0.346819681
v -0.102153545 -0.308106237 -0.363780718
v -0.0660915655 -0.31662013 -0.203463738
v -0.0377675029 -0.319609179 -0.213578033
v -0.0476780429 -0.320158849 -0.197245103
v -0.12751704 -0.302960657 -0.346161032
v 0.242583823 -0.249327348 -0.282331714
v 0.246248139 -0.25164979 -0.244191011
v 0.26462734 -0.235460734 -0.255015537
v -0.157452086 -0.307246215 -0.474607851
v -0.0853153857 -0.332714912 -0.49910444
v -0.0966221063 -0.332608029 -0.529203674
v -0.0804048467 -0.335766055 -0.518166568
v -0.146824125 -0.308430603 -0.450540444
v -0.0169782366 -0.316378336 -0.295165246
v -0.045145171 -0.313714226 -0.272938056
v -0.0182557625 -0.317955917 -0.259779029
v -0.249824346 -0.00543960337 -0.447608606
v 0.265905187 -0.410053417 -0.502289659
v -0.052123605 -0.332508382 -0.458849919
v -0.0619841691 -0.335643666 -0.484758568
v -0.0717955976 -0.331078992 -0.468961055
v -0.0355299429 -0.339906947 -0.484773183
v -0.0656320631 -0.338884527 -0.521793705
v -0.0284408778 -0.343800698 -0.538357845
v 0.0603062676 -0.320793006 -0.594923184
v 0.070945545 -0.318731659 -0.59785863
v 0.0460663212 -0.322393579 -0.599965754
v -0.114718019 -0.307442363 -0.379193054
v 0.0167316601 -0.334916895 -0.599267213
v -0.0853633044 -0.317251193 -0.115651501
v -0.0647841962 -0.320244245 -0.139055469
v -0.170189146 0.0454494147 -0.420425318
v 0.155300516 -0.288418302 -0.613612979
v -0.259633057 -0.260173483 -0.200201947
v -0.22554925 -0.274719682 -0.212675555
v -0.250203804 -0.261383282 -0.228639329
v -0.099291722 -0.3243188 -0.466924543
v 0.304065411 -0.216568498 -0.217303365
v 0.330152137 -0.206755729 -0.207566018
v 0.313173285 -0.22495618 -0.191890582
v 0.00872341487 -0.330284271 -0.101137751
v 0.0330284247 -0.329569818 -0.101056238
v 0.0215371238 -0.330990823 -0.121058862
v 0.00720738309 -0.321176317 -0.364125483
v 0.318248709 0.170560796 -0.360974257
v -0.0276829193 -0.323327484 -0.192008136
v -0.0119550323 -0.323984052 -0.210750595
v -0.318850636 -0.13555638 -0.546824568
v 0.0931540229 0.278061633 -0.607196901
v 0.0424137778 0.291497999 -0.610060287
v 0.0408862717 0.260258017 -0.583998302
v 0.293536811 0.204676391 -0.455608152
v 0.311815199 0.1747708 -0.443157716
v -5.5740694e-05 -0.330038018 -0.130272449
v 0.0195829699 -0.330812214 -0.134988767
v -0.0593849019 0.256137317 -0.588766924
v -0.0796794972 0.242063613 -0.580269937
v -0.0605897836 0.235008297 -0.570564832
v 0.0864727029 -0.329688644 -0.379442065
v 0.106114749 -0.324801815 -0.368710493
v 0.100396592 -0.328636187 -0.407574073
v 0.0372691136 -0.328071879 -0.366224564
v -0.0989506474 -0.313243536 0.113453304
v -0.128529024 -0.309840839 0.101850738
v -0.10090293 -0.313237973 -0.138321362
v -0.00756623028 -0.369947599 0.562122714
v -0.242744627 -0.276873966 -0.120099546
v -0.267252701 -0.272142144 -0.111970452
v -0.251190202 -0.27209541 -0.144975791
v -0.229626177 -0.267067796 0.532515154
v -0.240520151 -0.254246273 0.521666378
v 0.0608393376 -0.32295521 -0.287158045
v 0.0409173826 -0.321782577 -0.27402985
v 0.0544854246 -0.3229971 -0.257432567
v 0.0329829646 -0.322457767 -0.250782051
v 0.0444737596 -0.327867059 -0.075493362
v 0.016967426 -0.328694891 -0.0741404684
v -0.28872198 -0.271609181 -0.08849069
v -0.132214514 -0.309698061 -0.0866987682
v -0.0648057313 -0.311819119 -0.260755691
v -0.0811199288 -0.308624736 -0.282037328
v -0.0832529532 -0.309867995 -0.252292785
v -0.105961303 -0.306007306 -0.26577912
v 0.015986948 -0.330574402 -0.1581463
v -0.000610687112 -0.329264452 -0.158179141
v -0.175738923 -0.293688461 -0.16402747
v -0.199272213 -0.285830324 -0.169956646
v -0.185502018 -0.28910036 -0.187174533
v -0.0373798045 -0.324853166 -0.0515521281
v -0.0119625549 -0.326221524 -0.0511196245
v -0.035143749 -0.324077248 -0.0271595194
v -0.0651740882 -0.321106409 -0.0372513789
v -0.0869836305 -0.319114478 -0.0578395932
v -0.112644815 -0.308392385 -0.190294986
v -0.083944496 -0.315888391 -0.167623882
v -0.21160897 -0.280959076 -0.186958983
v -0.205670416 -0.279708079 -0.26424141
v -0.226807936 -0.271358923 -0.245041791
v -0.201763651 -0.282162819 -0.236439632
v -0.194149675 -0.285129231 -0.211372224
v -0.271871421 -0.146946264 -0.608808471
v -0.13627898 -0.300716651 -0.252688854
v -0.149095058 -0.307341678 -0.0721228038
v -0.162719951 -0.303094616 -0.0965097881
v -0.162840788 -0.295816895 -0.184702467
v -0.101779065 -0.316403765 -0.0259290808
v -0.134916172 -0.311093223 -0.0291117371
v -0.129591082 -0.311861842 -0.00454763286
v -0.0250690127 -0.322989713 0.00350506309
v -0.296450883 -0.12072826 -0.612328623
v -0.284608291 -0.0886358031 -0.617883688
v -0.302575514 -0.101087162 -0.616189685
v -0.108535045 -0.305278023 -0.286821045
v -0.346627631 -0.243314906 -0.144415253
v -0.341094228 -0.255178648 -0.119169408
v -0.277472986 -0.247714922 -0.216820321
v -0.0736295098 -0.313980362 0.228551864
v -0.0378764154 -0.318174221 0.24230112
v -0.0438354873 -0.317016858 0.21043163
v -0.197999675 -0.288911562 -0.14561374
v -0.200472806 -0.29178404 -0.11014137
v -0.368895882 -0.228118794 -0.14790733
v -0.376869721 -0.233667114 -0.130078752
v -0.285130345 -0.26247754 -0.137828746
v -0.297374809 -0.264666355 -0.114110949
v -0.317792285 -0.254482494 -0.137129999
v -0.391051552 -0.247823324 -0.0241926535
v -0.402727322 -0.229623872 -0.0339631509
v -0.4032025 -0.22870967 -0.0145740153
v -0.552738931 -0.178122878 -0.0190578278
v -0.559227177 -0.186662475 -0.0366110173
v -0.227585058 -0.261206191 -0.585346413
v -0.192664369 -0.283908446 -0.290636308
v -0.335995622 -0.209255141 0.197231678
v -0.235607522 -0.281674675 0.103807431
v -0.25613166 -0.277062342 0.0891656271
v -0.235202364 -0.285266698 0.0752715225
v -0.185456578 -0.298261335 -0.0868343898
v 0.0215500877 -0.344419502 -0.468451696
v 0.0344467888 -0.342997023 -0.454534197
v 0.0189040068 -0.340836986 -0.445515461
v -0.353023954 -0.261055397 -0.090067825
v -0.371457409 -0.262615178 0.0169982811
v -0.393150347 -0.232248239 0.0372929456
v -0.386215427 -0.250082858 0.0162563707
v -0.293716251 -0.18641476 0.424722275
v -0.272961599 -0.216058513 0.418609207
v -0.180517252 -0.301920276 0.00623983887
v -0.165612462 -0.303929567 0.062906642
v -0.146953349 -0.307736247 0.0435276286
v -0.196843224 -0.122374777 -0.52332267
v -0.198509974 -0.101405103 -0.534514442
v -0.370179755 -0.258909908 -0.0731714687
v -0.409917205 -0.158563549 0.0848011865
v -0.390486767 -0.215319456 0.0785518702
v -0.410992322 -0.180056703 0.0531727687
v -0.357727421 -0.267845368 -0.0558353442
v -0.368207327 -0.266260415 -0.0199647978
v -0.378760134 -0.258112287 -0.0491629765
v -0.382709144 -0.257427585 -0.000559313268
v -0.384164199 -0.2479731 -0.0759293834
v -0.414112926 -0.125062608 -0.029283199
v -0.343604854 -0.177982256 -0.240310384
v -0.35622149 -0.12536044 -0.312715052
v -0.325096044 -0.186700819 -0.283956376
v -0.26199564 -0.24786738 -0.270583767
v -0.31689638 -0.181252414 0.272427154
v -0.313906419 -0.173822081 0.297046625
v -0.329458707 -0.160799425 0.280546997
v -0.221485639 -0.279794104 -0.160115497
v -0.223104965 -0.282044031 -0.132946124
v -0.258495746 -0.284457223 0.0399178226
v -0.280417559 -0.283723235 0.0154653162
v -0.286698923 -0.278779198 0.045806601
v 0.0241509075 -0.321026314 0.297701414
v -0.393978265 -0.241826665 -0.0520082099
v -0.396476343 -0.229038023 -0.0753645094
v -0.205707981 -0.294426884 -0.0725176599
v -0.312366275 -0.223295248 0.199011619
v -0.253176656 -0.286484193 -0.0367569487
v -0.26451402 -0.286295674 -0.011489147
v -0.110326237 -0.306265799 -0.24274978
v -0.241586024 -0.270600193 -0.178562246
v -0.274658813 -0.259452089 -0.168832324
v -0.247673191 -0.260025867 -0.251231738
v -0.232525823 -0.291410083 -0.0116220943
v -0.144546897 -0.30203305 -0.165597001
v -0.12200374 -0.312966611 -0.0562292741
v -0.31272873 -0.278523802 -0.0371444513
v -0.294409938 -0.282585732 -0.0122111056
v -0.34063538 -0.275051524 -0.030882658
v -0.2631068 -0.277413368 -0.0835064891
v -0.242267042 -0.285704605 -0.0641699417
v -0.410164867 -0.136533891 -0.107664457
v -0.415413025 -0.111702038 -0.0951061319
v -0.415693701 -0.138496975 -0.0841871746
v -0.137876259 -0.308912474 0.0724213387
v -0.404164102 -0.22332383 -0.0515497605
v -0.410620085 -0.207383232 -0.0320329571
v -0.172265572 -0.302547507 -0.069624891
v -0.347781574 -0.274599614 0.00224331733
v -0.14950855 -0.306491922 0.116234931
v -0.116154908 -0.307757772 0.215077487
v -0.129122455 -0.304906302 0.235843042
v -0.102427542 -0.310012423 0.241253788
v -0.10302384 -0.313548234 0.0770154304
v -0.219655865 -0.17866003 0.64074068
v -0.235522508 -0.164352103 0.645505856
v -0.0516531311 -0.316367251 0.145248509
v -0.0130450316 -0.318265285 0.13011558
v -0.0386009209 -0.317686124 0.12027119
v -0.208816591 -0.276356503 0.295822847
v -0.215430843 -0.273499889 0.274817238
v -0.19582331 -0.283771541 0.27717171
v 0.043000839 -0.335826556 0.489532277
v -0.590799765 0.135295637 0.0978598918
v -0.550186214 0.142532086 0.0980737438
v -0.563760138 0.123793204 0.115267518
v -0.0886990719 -0.313642786 0.146172003
v -0.112524003 -0.309992559 0.165433228
v -0.209553002 -0.292863573 0.0693758984
v -0.228537747 -0.29044498 0.0455224347
v -0.273886884 -0.225715374 0.282927388
v -0.289299065 -0.212128875 0.27019287
v -0.320210648 -0.253782283 0.11927921
v -0.346124142 -0.250446397 0.110690239
v -0.342096534 -0.241231891 0.136094332
v -0.00650071424 -0.322621013 0.34188929
v 0.031282104 -0.322149485 0.345553978
v 0.0179940034 -0.321784963 0.321052841
v 0.0270355176 -0.318342608 0.125826256
v 0.0298764717 -0.317911284 0.158240379
v 0.0513702954 -0.316882568 0.139931224
v 0.033401682 -0.326090958 -0.0475733567
v -0.0538889215 -0.317447938 0.0698995222
v -0.0468794073 -0.317154021 0.098713034
v -0.0181803884 -0.319565316 0.0759934624
v 0.0538457508 -0.318016861 0.254110153
v -0.125625544 -0.307249498 0.190257082
v -0.121993315 -0.311673516 0.0533371057
v 0.173459538 -0.295023881 0.106787118
v 0.198779549 -0.287550489 0.11971341
v 0.176695725 -0.292772212 0.138374178
v -0.331521236 0.175095061 0.569754785
v -0.315934676 0.19864492 0.568304583
v -0.252283141 0.149374586 0.644351067
v -0.209245898 0.117744457 0.628892379
v -0.14255654 0.121109865 0.630140181
v -0.207582861 0.15534602 0.633870397
v -0.0264204843 -0.320793811 0.310391451
v 0.000309342236 -0.321671348 0.305303624
v -0.0175842121 -0.320301788 0.28480643
v -0.101894963 0.0925312068 -0.460270696
v -0.0697537932 0.124330249 -0.48483457
v -0.14301646 0.086630318 -0.49184885
v -0.0729709923 -0.313619781 0.197517591
v -0.044796126 -0.316975705 0.179133107
v -0.023257655 -0.318057091 0.103698487
v 0.00304659715 -0.319184773 0.0979382715
v 0.0569413551 -0.322096426 -0.020507545
v 0.0722888791 -0.319254605 -3.99833302e-05
v 0.0536363863 -0.321035362 0.00469213428
v -0.0160226144 -0.318252117 0.192674934
v -0.0180366441 -0.318223268 0.161012554
v 0.0120188965 -0.318606069 0.180772798
v 0.00849998109 -0.318832118 0.149130343
v 0.0286223766 -0.318812021 0.0743828339
v -0.0747750666 -0.314456406 0.258009302
v -0.046365976 -0.318200598 0.278923387
v -0.0797060796 -0.314247324 0.28919894
v -0.148957736 -0.325914551 0.544538442
v -0.149783152 -0.31905967 0.525747503
v -0.168436985 -0.314327449 0.541611048
v 0.0428728245 -0.329962139 -0.134795847
v 0.397143184 -0.242228416 -0.0855227369
v 0.38180398 -0.257003551 -0.0763279704
v 0.395186933 -0.250292096 -0.0618850681
v -0.0244053241 -0.234745566 0.624036643
v -0.0801278731 -0.217030757 0.624089353
v -0.0358200054 -0.122351692 0.622899668
v -0.231988682 -0.271876292 0.551336727
v -0.20820634 -0.292434844 0.55188161
v -0.226545246 -0.288672396 0.563876478
v -0.161177772 0.203035735 -0.588457304
v -0.419620019 -0.162088132 0.00301352995
v -0.410321073 -0.205773515 0.00203627958
v -0.0912712492 -0.31168845 0.214858981
v -0.0573616049 0.334350747 0.570844725
v -0.039361805 0.346136854 0.575654154
v -0.0318891632 0.338265406 0.570771104
v -0.0496949574 -0.340941633 0.505212944
v -0.0427971397 -0.349228833 0.532858763
v -0.0271863295 -0.345536812 0.519477495
v -0.0117782743 -0.277882782 0.633810944
v -0.025163819 -0.266019967 0.628251765
v -0.00756241702 -0.264251647 0.626934466
v 0.0176325533 -0.324101952 0.368532519
v 0.105119598 -0.339316142 0.557228404
v 0.106265235 -0.333523589 0.54052387
v 0.0868374922 -0.340862996 0.549807205
v 0.0554919569 -0.320860795 0.355062256
v -0.12321666 -0.33368273 0.535111776
v -0.104604637 -0.331463893 0.505630523
v 0.141080926 -0.342053645 0.56585543
v 0.168000414 -0.328012911 0.561487128
v 0.0491471757 -0.352451625 0.556311795
v 0.0760826615 -0.349405113 0.561553867
v -0.0224089473 -0.323186678 0.359043615
v -0.0379051937 -0.323284005 0.376024117
v -0.00527809286 -0.324542448 0.374874356
v -0.115763839 -0.350027064 0.556666524
v -0.18290739 -0.292806497 0.435587093
v -0.161812668 -0.300838025 0.405070063
v 0.42092812 -0.179833187 0.00998517796
v 0.420094528 -0.145733759 0.00293294789
v 0.421939622 -0.166045285 -0.0218476547
v -0.00749368277 -0.344983269 0.517527838
v -0.158757082 -0.300328655 0.371958545
v -0.153771696 -0.298928663 0.244732644
v -0.142939772 -0.302813503 0.216616932
v -0.709780358 0.0602674274 0.141998283
v -0.300034116 -0.188544553 0.311612181
v -0.286409329 -0.208774873 0.297719684
v -0.282853925 -0.208480535 0.329934543
v -0.356532647 -0.181480164 0.206799538
v -0.381914586 -0.138724612 0.203396301
v -0.388748632 -0.158275923 0.168912205
v -0.130831528 -0.31482325 0.444727022
v -0.123625304 -0.319946926 0.469521693
v -0.146365055 -0.31180398 0.467488069
v -0.18882366 -0.299826085 0.538405977
v -0.186928269 -0.30731109 0.55199097
v 0.192979117 -0.265582486 -0.606058414
v 0.203111988 -0.257175661 -0.609650187
v 0.187292087 -0.268957721 -0.609814311
v -0.290722043 -0.27316889 0.0705644195
v -0.313085174 -0.272637199 0.0598172915
v -0.26512983 -0.265019691 0.136808322
v -0.275967318 -0.255663453 0.160804592
v -0.0304657906 -0.337022973 0.479521167
v -0.0488220612 -0.332055324 0.454863762
v -0.0575871924 -0.335394632 0.479809749
v -0.14795554 -0.345876408 0.561218088
v -0.136970135 -0.256313635 0.645956243
v -0.0732223954 -0.330539781 0.465237569
v -0.028384955 -0.341842927 0.502828653
v -0.00302575592 -0.335979276 0.47044092
v -0.0388071531 -0.328955306 0.42745151
v -0.0164598628 -0.327692089 0.406151902
v -0.0517720051 -0.324962749 0.401298409
v -0.196618395 -0.285793215 0.230259053
v -0.179114574 -0.291701053 0.257355853
v -0.205589289 -0.280071124 0.2548429
v -0.048583197 -0.259021197 0.627321847
v -0.176534371 -0.158900137 0.625008278
v -0.212287146 -0.058452838 0.625299008
v -0.241478568 -0.250182604 0.461448201
v -0.338082764 -0.113984917 0.555845814
v -0.327250221 -0.145712589 0.562671155
v -0.342218909 -0.127671969 0.572307908
v 0.190448311 -0.313305237 0.559431931
v -0.550920034 -0.116794099 -0.120245228
v -0.547478145 -0.142240371 -0.0947019101
v -0.551171035 -0.135692438 -0.114978877
v -0.61345266 -0.127701058 0.0765887586
v -0.608322794 -0.137607728 0.0575180375
v -0.637876806 -0.131356824 0.0683230889
v -0.269659275 -0.221299147 0.386706845
v -0.254755559 -0.237346063 0.410657731
v -0.249003473 -0.244156257 0.382178736
v -0.15482093 -0.299118567 0.32548091
v -0.1235654 -0.307559754 0.330083295
v -0.141514894 -0.304011294 0.353596281
v -0.665315359 -0.12441201 0.0814148368
v -0.668978708 -0.13804898 0.0563480111
v -0.240450529 -0.251809458 0.429733601
v -0.286486833 -0.200869682 0.362617708
v -0.267185824 -0.225125706 0.359030339
v -0.153829882 -0.312275113 0.496391274
v -0.183499738 -0.295946677 0.492283257
v -0.168396728 -0.301872267 0.466363939
v -0.302301574 -0.193544732 0.283671239
v -0.128642937 -0.324279641 0.50735596
v -0.550237278 0.129744295 0.12680937
v -0.410330343 0.0889129034 0.104232182
v -0.247938901 -0.245691914 0.351872611
v -0.231055914 -0.260319802 0.342588721
v -0.225244123 -0.264390212 0.368595103
v -0.140904499 -0.33617777 0.553368149
v -0.172138244 -0.32396337 0.55698877
v -0.114736854 -0.314483533 0.399006675
v -0.13819085 -0.307664302 0.384114723
v -0.123115011 -0.310218413 0.371300799
v -0.156508709 -0.300429445 0.191872338
v -0.169324182 -0.29821815 0.167171823
v -0.181197769 -0.294116036 0.188163085
v -0.254532713 -0.242750457 0.533664218
v -0.546491445 0.129411551 0.116586062
v -0.263446354 -0.230984271 0.335803049
v -0.375355614 -0.0827507614 0.276572168
v -0.374861923 0.00630153067 0.305358995
v -0.0987417952 -0.276536179 0.645553253
v -0.295729629 -0.181441427 0.51253857
v -0.288965036 -0.197241648 0.532968164
v -0.302666139 -0.17586931 0.536135773
v -0.312233444 -0.163736125 0.550828331
v -0.322255375 -0.141280239 0.542886201
v -0.312585821 -0.154605187 0.527123955
v -0.380942481 -0.0122714601 0.291771471
v -0.384528743 0.0190310068 0.282491061
v -0.248017284 -0.269332486 0.56423555
v -0.202690372 -0.306265123 0.562006932
v -0.195735359 -0.290741768 0.159021782
v -0.206519419 -0.284862299 0.182533857
v -0.08971077 -0.274031841 0.637199508
v -0.0850768217 -0.362061552 0.560185894
v -0.0788459823 -0.283343481 0.645880423
v -0.191686892 -0.289991355 0.205121479
v -0.170337169 -0.295625002 0.218235025
v -0.224727622 -0.265510686 0.317770284
v -0.249074337 -0.24502592 0.325681774
v -0.221906388 -0.273001972 0.23304658
v -0.0843449579 -0.32062642 0.40001948
v -0.0979160363 -0.320624592 0.427159143
v -0.118723035 -0.31623181 0.427409809
v -0.0712624295 -0.326027283 0.431293065
v -0.0164304365 -0.357611595 0.549501812
v 0.0098873597 -0.35094314 0.539822954
v -0.0178119176 -0.349934581 0.532035927
v -0.211567484 -0.282565645 0.535089244
v 0.0197581939 -0.278958881 0.636675071
v 0.000127276267 -0.28899141 0.646438809
v 0.0512722352 -0.269222019 0.633591507
v 0.00243268198 -0.220293661 0.623649854
v 0.013082503 -0.256559131 0.625299274
v 0.0307879324 -0.236212726 0.62530173
v -0.239497285 -0.253116198 0.40555679
v -0.223977987 -0.265919145 0.416935063
v -0.23032053 -0.26094539 0.392975241
v -0.0978225622 -0.313292369 0.34696658
v -0.0398512005 -0.27758287 0.634561487
v -0.0975331495 -0.327965185 0.47544883
v -0.118519565 -0.324524623 0.490595065
v -0.10876212 -0.321431329 0.449041954
v 0.0790078031 -0.321042564 0.413487163
v 0.0710360303 -0.320147489 0.381197394
v -0.360319211 -0.0619073368 0.322950658
v -0.353268447 -0.0658821546 0.355371996
v -0.352328805 -0.0798017702 0.335795484
v 0.160882978 -0.296282453 0.254974328
v 0.115525763 -0.309306735 0.266493661
v 0.123938108 -0.306698422 0.229434695
v -0.231423202 -0.0984125596 0.627818035
v -0.261086808 -0.0765716203 0.633239787
v -0.245732486 -0.0692646057 0.628391726
v -0.204070208 -0.188900543 0.635720306
v -0.201113429 -0.176277534 0.63212356
v -0.218551089 -0.161525866 0.63379531
v -0.666699569 0.0712019346 0.139035235
v -0.69135729 0.0698244609 0.138147761
v -0.207076075 -0.276614156 0.345555838
v -0.214447615 -0.279276653 0.207640202
v -0.151531017 -0.209002263 0.626994581
v -0.171816638 -0.20922813 0.630159438
v -0.170078702 -0.193621581 0.627329529
v -0.219987587 -0.269455352 0.448873779
v -0.20220304 -0.282935528 0.472959754
v -0.19956104 -0.283638637 0.449955551
v -0.223843763 -0.143528027 0.631129825
v -0.241656698 -0.144493926 0.638308972
v -0.11885633 -0.309512754 0.353237592
v -0.422881833 0.0425212678 0.168401476
v -0.430299544 0.0281835263 0.153147128
v -0.427864644 0.0549874653 0.147977595
v -0.163901416 -0.297017777 0.348512382
v -0.362672839 -0.100320753 0.28885453
v -0.356970973 -0.130005728 0.269511278
v -0.623906669 0.121377557 0.108212077
v -0.647609146 0.117899584 0.109421969
v -0.228975451 -0.26613127 0.258187143
v -0.266370316 -0.229299684 0.308453709
v -0.232957775 -0.260721466 0.285094738
v -0.366834377 -0.140505299 0.239725727
v -0.382283833 -0.118388784 0.226894205
v -0.666235487 -0.078643185 0.126214061
v -0.686895721 -0.0985472339 0.117792144
v -0.68136531 -0.0656843226 0.133204206
v -0.156218713 -0.305299223 0.439358119
v -0.424453263 0.0104864741 0.127569821
v -0.42792962 0.0355311203 0.131509443
v -0.431567073 0.0147236368 0.143071115
v -0.257056649 -0.241483396 0.28311829
v -0.13440526 -0.318488723 0.486935287
v -0.178533863 -0.290596637 0.29827779
v -0.728655995 0.16464773 0.0265159821
v -0.213317816 -0.286465481 0.129388475
v -0.24612471 -0.288602592 0.015060856
v -0.242588737 -0.275623211 0.125927295
v -0.262894003 -0.270737143 0.109642701
v -0.294031434 -0.216108615 0.244390343
v -0.300441424 -0.221005528 0.221263767
v -0.311361161 -0.204561411 0.238371936
v -0.247399428 -0.248360504 0.303508505
v -0.290399498 -0.235800198 0.202126636
v -0.265221783 -0.279187316 0.0668039403
v -0.324434508 -0.274890193 0.042109113
v -0.421309635 -0.0769059084 0.127234102
v -0.417588757 -0.102757581 0.114605562
v -0.418361976 -0.0820142528 0.102332618
v -0.384371259 -0.221062657 -0.130493852
v -0.395074145 -0.240484437 0.00331559906
v -0.246300001 -0.285253764 0.0564039614
v -0.548338691 -0.116591838 0.120637045
v -0.547832568 -0.096365009 0.133882849
v -0.550879265 -0.110069929 0.114839066
v -0.298181586 -0.241127263 0.17620432
v -0.199712981 -0.280384415 0.318546229
v -0.180505828 -0.290196334 0.332269823
v -0.139699662 -0.302921709 0.299565272
v -0.114064593 -0.308717815 0.307550619
v -0.118110405 -0.307229029 0.289296698
v -0.130819053 -0.304449845 0.266220733
v -0.351596993 -0.271429206 0.031574926
v -0.364087308 -0.259908331 0.0509634264
v -0.296933294 -0.25205226 0.142995019
v -0.289783252 -0.262161433 0.114391525
v -0.325414187 -0.20304053 0.219093089
v -0.692246103 -0.0504227066 0.141542791
v -0.699545113 -0.0617201181 0.146283129
v -0.549021107 0.00399171277 0.167925698
v -0.55449013 0.00844091236 0.162977064
v -0.548149854 -0.0167588903 0.16251583
v -0.351745505 -0.115401248 0.296862105
v -0.341137076 -0.13759146 0.29125379
v -0.408985969 -0.107826627 0.153794314
v -0.571244808 -0.153111294 0.0243632779
v -0.600240863 -0.148018203 0.0271929014
v -0.578005129 -0.143606347 0.0525227848
v -0.367869142 -0.188447309 0.184094251
v -0.680155691 -0.0476630086 0.139359666
v -0.684691955 -0.0271096837 0.14551023
v -0.71128238 0.156766725 -0.077521376
v -0.66143448 0.144455876 -0.102846675
v -0.702895811 0.162792196 -0.0547990256
v -0.228326676 -0.125033056 0.62929372
v -0.330708372 -0.262639929 0.0872977544
v -0.339837818 -0.269659242 0.0540995556
v -0.36730818 -0.239883482 0.101210264
v -0.382390326 -0.206789731 0.122471504
v -0.258826464 -0.0521425499 0.631034554
v -0.42389218 0.0828927775 0.135069104
v -0.418578648 0.105157482 0.131052389
v -0.417735836 0.100093424 0.145202441
v -0.632316138 -0.0444710852 0.142029193
v -0.63424953 -0.0774184933 0.12662433
v -0.608841693 -0.0639548133 0.136998422
v -0.596851948 -0.0899405891 0.121295827
v -0.601740351 -0.113306996 0.0984552415
v -0.624288059 -0.0975734835 0.112247984
v -0.704696957 -0.113967086 -0.0998987377
v -0.713430334 -0.0884488974 -0.128329108
v -0.711715902 -0.130850407 -0.0828877595
v -0.724467625 -0.130854343 -0.0902755566
v -0.638797532 -0.114434333 0.093917272
v -0.668919879 -0.108421767 0.102963513
v -0.137977712 -0.30978164 0.416126858
v -0.387970653 0.117737062 0.234246255
v -0.390336321 0.0907695155 0.249434472
v -0.399388682 0.0923309961 0.222295465
v -0.547272501 0.112887502 0.130055508
v -0.569274214 0.098931049 0.133598209
v -0.641601878 0.107313616 0.119327956
v -0.62699966 0.0862952812 0.133787406
v -0.617916041 0.10181788 0.125110243
v -0.614616834 0.147232352 0.078878049
v -0.605100679 0.0256629864 0.153628435
v -0.304615471 -0.266239334 0.0895868986
v -0.264554816 -0.241973719 0.554141991
v -0.283519849 -0.212848528 0.547982572
v -0.598549468 -0.0367629136 0.148453262
v -0.420469043 0.0979853982 0.121881104
v -0.414669211 0.114665481 0.123634354
v -0.07910612 -0.315855791 0.0669114086
v -0.0725800696 -0.316312306 0.091776328
v -0.623969353 -0.107938942 -0.106696248
v -0.645741568 -0.0919791688 -0.119223732
v -0.636703944 -0.109172704 -0.104334552
v -0.348535509 -0.105453062 0.571002685
v -0.276802135 -0.0862252034 0.653339126
v -0.636147555 -0.00349380004 0.150373397
v -0.605320975 -0.000757933308 0.153686499
v -0.609623601 0.0561815893 0.148028207
v -0.584417844 0.0392665916 0.154893084
v -0.652821076 -0.0919608895 0.116855274
v -0.580839507 0.0150622202 0.157603375
v -0.561050142 0.038104052 0.159762689
v -0.564434542 -0.0436434809 0.153359952
v -0.578543858 -0.0654359194 0.14038468
v -0.641681998 0.062475258 0.143741627
v -0.653516826 0.0427253422 0.147526272
v -0.638657485 -0.144948029 0.03377388
v -0.710629463 0.125820257 0.0993251436
v -0.712201803 0.134155588 0.0903232088
v -0.364878395 0.185279674 0.181415832
v -0.363482775 0.177551037 0.21080922
v -0.345822993 0.200211925 0.194386041
v -0.288363219 -0.195738797 0.392347498
v -0.430450271 0.0396326167 0.14198488
v -0.549423103 -0.0431203651 0.162764398
v -0.550042843 -0.0160516472 0.169428742
v -0.55269377 0.00368616013 0.174333026
v -0.278774973 -0.27078555 0.0898449115
v -0.0665551859 -0.315488151 0.118052529
v -0.578192948 0.168860401 0.0356052642
v -0.548002888 0.171231634 0.0366861274
v -0.571493078 0.158283142 0.0671343606
v -0.556023297 -0.0247305076 0.178590453
v -0.407423526 0.0118021553 0.220941251
v -0.413095876 0.0416824796 0.200079789
v -0.401147405 0.0462380179 0.235607625
v -0.39695904 0.0190808213 0.253152129
v -0.390545233 0.0399277986 0.26517229
v -0.555413349 -0.0681475331 0.166394889
v -0.387823841 0.143186494 0.208482284
v -0.375540423 0.159421354 0.216812495
v -0.375700215 0.144290076 0.233708924
v -0.419862045 -0.0683828351 0.110120696
v -0.421812682 -0.0555167956 0.119205797
v -0.556830969 0.0583595337 0.172651195
v -0.551372769 0.0287743212 0.169433405
v -0.554188474 -0.178999004 0.0134943547
v -0.560472952 -0.186052306 0.0352753432
v -0.0373051585 0.33418414 0.568208579
v -0.0123931208 0.337332573 0.563615829
v -0.378020424 -0.0601950024 0.28477187
v -0.367759015 -0.0738708717 0.299907085
v -0.32901797 -0.128900171 0.545985544
v -0.624129705 -0.023306935 0.148717439
v -0.31609689 0.232358556 0.163740176
v -0.343670894 0.208697938 0.158750937
v -0.372590583 -0.0420202546 0.303861513
v -0.388064106 -0.0363398513 0.269679194
v -0.270850906 -0.103096202 0.651990134
v -0.257549293 -0.122819761 0.644594379
v -0.337092882 -0.151470413 0.572240902
v -0.327259461 -0.14759631 0.313097394
v -0.400061529 0.0027170908 0.243810275
v -0.401510256 -0.0186935632 0.238621197
v -0.357599037 -0.161035106 0.230983621
v -0.333164592 -0.177386092 0.247157652
v -0.574547818 -0.0105558025 0.157786677
v -0.268236722 -0.0914733955 0.642243513
v -0.252099788 -0.104791816 0.633821112
v -0.243683931 0.261908781 0.534175541
v -0.385867487 -0.0660948441 0.263405536
v -0.29377805 -0.171358618 -0.574862361
v -0.425859349 -0.0476727215 0.139906516
v -0.417857208 -0.0735261222 0.15356001
v -0.296543802 -0.178730021 0.493632784
v -0.299538769 -0.174190427 0.473742302
v -0.419843524 -0.0495264051 0.165266731
v -0.415216382 -0.024689661 0.193028236
v -0.279229791 -0.0571285908 0.643934815
v -0.42107164 0.0788908682 0.117825308
v -0.421671889 0.0546674389 0.119930775
v -0.427646326 0.0589526857 0.133269963
v -0.32468026 -0.175139702 0.570165916
v -0.248534835 -0.147608603 0.648897854
v -0.313651559 -0.175920103 0.563250296
v -0.282318757 -0.200532676 0.483686844
v -0.300816662 -0.181853219 0.341683998
v -0.312576221 -0.167943852 0.321371424
v -0.301076523 -0.178993125 0.366478131
v -0.317784081 -0.153244435 0.346770719
v -0.10023968 0.327429074 0.531129636
v -0.0883150341 0.327665944 0.564489499
v -0.12288549 0.319030479 0.562761713
v -0.203332711 -0.283061246 0.497202284
v -0.284735182 0.0776145458 0.649992548
v -0.27573857 -0.0275821164 0.634755778
v -0.255370331 -0.0255231786 0.628384459
v 0.031024581 0.364825402 0.577359817
v -0.0898562768 0.352308526 0.584561517
v -0.0917527659 -0.313089473 0.318089802
v -0.312388809 0.194662535 0.547786518
v -0.30860147 0.194682332 0.489746982
v -0.324583132 0.17137044 0.550872929
v -0.309438983 -0.164170708 0.388231845
v -0.338083244 -0.110219433 0.361162861
v -0.171672339 -0.224802791 0.638900404
v -0.153062943 -0.229443597 0.632321356
v -0.113092404 0.199246983 0.637760555
v -0.156335823 0.210274304 0.638056037
v -0.189385206 0.19858605 0.642627578
v -0.267035799 0.027305072 0.629169185
v -0.244297692 0.00445033794 0.626109648
v -0.245927485 0.0429614667 0.626176189
v -0.263419957 0.0588516136 0.629608384
v -0.334909478 0.143544469 0.516122877
v -0.333564076 0.1496485 0.557821317
v -0.350763677 -0.084381229 0.564364822
v -0.34538968 -0.0841654517 0.540263745
v -0.671587714 0.0295087921 -0.168534889
v -0.696558006 -0.0105978946 -0.16204449
v -0.356060995 -0.0523956966 0.547368009
v -0.342822137 -0.152040068 0.267686198
v -0.350743566 -0.154344383 0.250867694
v -0.353488462 -0.092774893 0.318030383
v -0.243904011 -0.126282748 0.633839912
v -0.565371754 0.174186726 0.0140512054
v -0.540848136 0.179315717 -0.0349497935
v -0.358506958 -0.0883090881 0.571419501
v -0.3632299 -0.0643607517 0.566835526
v -0.290037078 -0.0401258046 0.651193744
v -0.711621782 0.162502091 0.0739592626
v -0.365966298 0.0163088483 0.547166162
v -0.694323883 -0.0743335599 0.132964181
v -0.716071537 0.165528218 -0.0274886856
v -0.722820886 0.166154053 -0.00267703515
v -0.356187661 -0.032291543 0.506624315
v -0.352547838 -0.0510341938 0.421358549
v -0.203160075 -0.292910789 0.099713317
v -0.34264964 0.156468557 0.571462247
v -0.154712969 -0.299004916 0.273218355
v -0.381388947 0.106227207 0.258879947
v -0.359707376 0.0604229997 0.393340076
v -0.361719356 0.0111873555 0.381214087
v -0.271325584 -0.00133299311 0.630509245
v -0.283466767 -0.00753493448 0.636887429
v -0.263676078 0.125702813 0.644703365
v -0.301013942 0.216813613 0.559464787
v -0.281545826 0.232778192 0.551192489
v -0.252895307 0.127707916 0.636607666
v -0.248155758 0.115046181 0.631118585
v -0.150502552 0.194948999 0.636244548
v -0.359713327 0.0823561646 0.558049518
v -0.233351069 0.168411096 0.641028862
v -0.186184495 0.313596198 0.590216124
v -0.150205915 0.251169943 0.658430317
v -0.163034031 0.325073678 0.589843874
v -0.242563033 0.280069103 0.588963831
v -0.240114878 0.275353465 0.580761594
v -0.145436737 0.327087952 0.586129071
v -0.128972571 0.327034243 0.580447119
v -0.161849853 0.314441488 0.583334417
v -0.176228405 0.312874943 0.588296529
v -0.553334769 0.0910272109 0.154876356
v -0.556316591 0.115622962 0.147631877
v -0.203426226 0.0482278313 0.624605497
v -0.275254468 0.25131893 0.577744356
v -0.259037067 0.262817032 0.585751014
v -0.204810053 0.224031816 0.656839232
v -0.349186874 0.187365193 0.215119902
v -0.372298374 0.105391215 0.273626803
v -0.373303543 0.125498799 0.254835967
v -0.675512655 -0.148794386 0.0236026023
v -0.693539905 -0.145985306 0.0434310543
v 0.21788341 0.280176323 0.512609027
v 0.214296192 0.28856843 0.554866008
v 0.0891239955 0.264817197 0.63536407
v 0.0682476148 0.268900853 0.638335891
v 0.0698580778 0.252513439 0.631617002
v 0.251892606 0.255760079 0.548839608
v 0.258324941 0.242688182 0.526906227
v 0.265869741 0.241938366 0.550434014
v 0.0168335321 0.133067309 0.62740832
v 0.026046845 0.233284494 0.634859499
v -0.0449958563 0.225190637 0.64041307
v 0.237853124 -0.289991171 0.00922519803
v 0.244339535 -0.287451516 0.0413835683
v 0.219746232 -0.29223268 0.0208653333
v -0.0264233698 0.266949552 0.648633394
v 0.183079181 0.315172792 0.574800625
v 0.166006844 0.332063413 0.574079459
v 0.189857866 0.321199857 0.574488586
v -0.17090771 0.302909742 0.559438241
v -0.724369113 0.103022156 0.120297972
v -0.713447948 0.112182303 0.112177029
v -0.263393379 0.252569347 0.574394366
v -0.396004608 0.129416381 0.102757635
v -0.330690468 0.220416074 0.0710242212
v 0.0852751228 0.364406539 0.575006987
v 0.0624414057 0.281126634 0.645213876
v 0.0455227865 0.29025527 0.652572283
v -0.153740723 0.332228847 0.246020564
v 0.0576572771 0.368014561 0.577677627
v 0.0344935349 0.341556479 0.562102582
v 0.104854633 0.333158306 0.51940933
v 0.0257929704 0.340912996 0.545830159
v 0.0404063072 0.271227107 0.641912733
v 0.00390409053 0.285510264 0.654365396
v -0.264664952 -0.224628974 0.495522415
v 0.273772652 0.221756732 0.426770106
v 0.292700854 0.191914931 0.431149852
v 0.273208513 0.220891334 0.471875036
v -0.368639863 0.0588679076 0.316281118
v -0.362470893 0.084590957 0.333869912
v -0.366202784 0.0451229121 0.331541781
v -0.281776182 0.0361424658 0.63576999
v -0.291856483 0.0418427469 0.644979237
v 0.0795011935 0.280119013 0.643777859
v -0.293374651 -0.185548104 0.454659865
v 0.0650204904 0.218253747 0.628123021
v -0.0515896116 -0.315545887 -0.240252116
v -0.555080222 -0.109785262 0.143034657
v -0.551534881 -0.137184659 0.109174363
v -0.00189692342 0.343754506 0.570981209
v 0.0533975741 0.348086183 0.56689403
v -0.352347808 0.165927373 0.251867883
v -0.323615657 0.201549683 0.249152499
v -0.344870544 0.180722946 0.228524276
v 0.0997563845 0.338003453 0.466106523
v 0.245091144 0.261021511 0.38787638
v -0.00319978543 0.356954926 0.400553041
v 0.138060509 0.262299108 0.649629094
v 0.323429846 0.190112787 0.265662778
v 0.341173639 0.182112251 0.244828013
v 0.330393355 0.205048823 0.233591124
v -0.414087021 0.106312504 0.114035751
v -0.406141528 0.127482552 0.125108671
v -0.549897973 0.0665785693 0.157937257
v 0.347589788 0.193507215 0.227006899
v 0.390896523 0.220767469 0.148118228
v 0.386645248 0.210734384 0.17360336
v 0.37869901 0.22760966 0.165372137
v 0.327397307 0.179369733 -0.315266769
v 0.30410266 0.211995275 -0.338437307
v 0.302988354 0.202427679 -0.360903918
v -0.18809951 0.298225174 0.493748245
v -0.214228934 0.31535647 0.145527113
v -0.286941243 0.246442583 0.220696617
v -0.186074651 0.320136313 0.211819453
v -0.102807005 -0.30981958 0.273520095
v 0.312794965 0.155074299 0.457550774
v 0.323224697 0.131747726 0.458125995
v 0.317937413 0.144515655 0.427207627
v 0.154595988 -0.297656164 0.212525298
v 0.199860261 -0.280731848 0.202091024
v -0.232375418 0.186030216 0.650092541
v -0.57250661 0.0714267275 0.147548514
v -0.548304925 0.0911455842 0.144784613
v -0.348416226 0.115977351 0.405942478
v -0.337144912 0.15567197 0.352770993
v -0.26947143 0.250302322 0.327473156
v -0.352680955 0.144139756 0.28798571
v -0.34058365 0.132812037 0.548764975
v -0.415362639 -0.0780275683 -0.101983596
v -0.398571436 -0.110483585 -0.165385487
v -0.332517118 -0.129286469 0.334072976
v -0.307141386 -0.197840597 0.259051005
v -0.399656791 0.115019777 0.202334148
v -0.371394256 0.0718805311 0.567690112
v -0.714333173 0.158935246 0.0431185861
v -0.707858679 0.165667501 0.0150489412
v -0.725179967 0.164822696 0.0173077834
v -0.424202939 -0.0346940797 0.127043501
v -0.594816081 0.114784221 0.117406187
v -0.709350239 0.0908147093 0.127531536
v -0.626742884 0.0551888 -0.170666908
v -0.550213824 0.109600057 0.139630992
v -0.653411584 0.0871850564 0.13251238
v -0.416596478 -0.0858237722 -0.0870828415
v -0.614410456 0.167184311 0.0355799648
v -0.577717881 0.168389299 -0.0617985539
v -0.700047918 0.0377099375 0.146001554
v -0.366526078 0.162097543 0.228007634
v -0.356438719 0.173286885 0.226783024
v -0.646997508 -0.018455115 0.147437237
v -0.663191322 -0.0338011262 0.143500435
v -0.70200667 -0.120635569 0.0999021742
v -0.705539552 -0.141246455 0.0712928129
v -0.705066455 -0.138198304 0.0907019079
v -0.576844608 -0.107407823 0.109977322
v -0.568852812 -0.122262595 0.094926829
v -0.550073865 -0.0792894852 0.150719091
v -0.430737148 0.00515184886 0.152262363
v -0.565722076 -0.088130551 0.129819739
v -0.702546167 0.14651029 0.0724890901
v -0.721303143 0.15060998 0.0645382853
v -0.561769939 -0.158560662 0.00176460796
v -0.547332263 -0.166073007 -0.0112570824
v -0.565631753 -0.156026275 -0.0292295559
v -0.599556153 0.0862725623 0.136880196
v -0.543057641 0.171202757 0.0431033233
v -0.547272364 -0.165118834 -0.0346400071
v -0.548731228 -0.103915571 -0.139752235
v -0.552391215 -0.107052696 -0.147828349
v -0.561605972 -0.0454525674 -0.167495541
v -0.374751076 -0.185502765 -0.171619074
v -0.349174616 -0.202596318 -0.200181363
v -0.350909217 -0.213100779 -0.186080855
v -0.558729718 -0.145606525 0.120094445
v -0.559354019 -0.164920926 0.0926420111
v -0.548879614 -0.152893837 0.0737414936
v -0.555553874 -0.174099151 0.0537655882
v -0.392379823 -0.00420030107 0.263852692
v -0.700068082 -0.156988287 0.0139222596
v -0.686258514 -0.152753814 -0.00810861975
v -0.592498633 -0.0893039377 -0.134256928
v -0.581797378 -0.117882633 -0.106492715
v -0.712721796 0.104708421 -0.164578471
v -0.719763869 0.162191446 -0.0567064318
v -0.696745715 0.138268584 -0.11001562
v -0.638001679 0.116892104 -0.13797314
v -0.640869485 0.151818947 0.0682411622
v -0.675368375 0.159318645 0.0490316467
v -0.71306592 0.206274798 -0.0419493372
v -0.712732073 0.141413944 -0.109555201
v -0.331269854 0.00393705852 -0.604032796
v -0.322409527 0.0399493214 -0.629251921
v -0.314424033 0.00638662523 -0.62753631
v 0.404293935 0.177556336 -0.144430514
v 0.396116602 0.206481933 -0.147375285
v 0.395889319 0.189967964 -0.168244087
v -0.328401432 -0.0250636421 -0.598034365
v -0.716167304 -0.146205205 -0.0681990263
v -0.712023192 -0.175869889 -0.0297348174
v -0.706814395 -0.151744433 -0.0483166602
v -0.360378417 -0.178802296 -0.200271865
v -0.327723768 -0.210947849 -0.221306243
v -0.64648306 0.0946275568 -0.15463679
v -0.300711517 0.212032991 -0.437117131
v -0.529806291 0.0659461337 -0.218991089
v -0.334823349 0.163069215 -0.436535344
v -0.704598979 -0.122720963 0.125918837
v -0.697369835 -0.0708324615 -0.133672406
v -0.413331534 -0.0713546857 -0.0842353796
v -0.557746656 -0.158660796 -0.102980833
v -0.333671072 0.0408108825 -0.590423449
v -0.65789874 -0.100854349 -0.110619624
v -0.545688366 -0.156158426 -0.0550720745
v -0.261716266 -0.2363761 -0.469165866
v -0.704123708 0.116572048 -0.137439737
v -0.593927081 -0.146269024 -0.0508923787
v -0.5697458 -0.147395565 -0.0622543925
v -0.595042835 -0.151253214 -0.0262809152
v -0.550426356 -0.150570251 -0.0947288703
v -0.637554132 -0.149050181 -0.0208812092
v -0.64987267 -0.144230672 -0.0449624702
v -0.619653267 -0.14717044 -0.0376439026
v 0.332829562 0.135900793 -0.369317847
v 0.339571986 0.128552994 -0.342567926
v 0.342635779 0.108171354 -0.366983391
v -0.666524994 -0.134155685 -0.0708030155
v -0.679649476 -0.143824798 -0.0495694872
v -0.627500433 -0.137421147 -0.0672673497
v -0.691815643 -0.0369774139 -0.150595164
v -0.691762355 -0.126936314 -0.0827025975
v -0.698981615 -0.139906767 -0.0636233227
v -0.243071537 -0.237848449 -0.596858305
v -0.204859402 -0.0300316314 -0.565888304
v -0.707777231 -0.154943544 0.0358652173
v -0.243286939 -0.256060241 0.540509677
v -0.412188758 -0.155653136 -0.0920570516
v -0.673335726 -0.121524823 -0.0891618855
v -0.418638264 -0.151128886 0.0304897132
v -0.416566366 -0.143234164 0.0534223521
v -0.414362294 -0.114173616 0.0364962824
v -0.416888195 -0.0623308956 -0.0904526474
v -0.692550519 -0.149799678 -0.0333435598
v -0.70345964 -0.15781601 -0.0217362571
v -0.696066121 -0.146211695 -0.0480651845
v -0.651766212 -0.122408252 -0.088024361
v -0.123432641 -0.21788815 0.625494661
v -0.683949346 -0.0136609229 -0.158421114
v -0.655459617 0.00137800666 -0.16487218
v -0.549108243 -0.163123077 0.0463606162
v -0.282887536 -0.250416923 -0.193635683
v -0.301482887 -0.245161178 -0.178372264
v -0.546434808 -0.128461987 0.100276341
v -0.240316119 0.138773187 0.633131206
v -0.416259868 -0.107395979 0.0852435288
v -0.415829562 -0.120068111 0.0640426621
v -0.558220623 -0.139554477 0.072902402
v -0.403993058 -0.0845802369 0.196493198
v -0.414432986 -0.120115624 -0.0530365797
v -0.425694459 0.00740807672 0.167260084
v -0.546593807 -0.161737848 0.023742011
v -0.412974938 -0.186268753 0.0265927356
v -0.240099328 -0.255599463 -0.42973135
v -0.314964325 -0.0587611948 -0.607629049
v -0.409064699 -0.128562667 0.131226709
v -0.298950553 -0.253791048 -0.156824108
v -0.3008689 -0.281893362 0.00541908174
v -0.262772529 -0.129083708 -0.607425733
v -0.267031255 -0.227607735 -0.538063
v -0.183352005 -0.165630324 -0.526886561
v -0.187870464 -0.12115142 -0.523239806
v -0.17009776 -0.172244608 -0.52499817
v -0.209304954 -0.192009326 -0.590823743
v -0.413535128 -0.129860097 0.106892118
v 0.312867267 0.165623437 0.361807061
v 0.292964785 0.199368633 0.372506211
v -0.279632089 -0.23014606 -0.293144337
v -0.171444107 -0.291550241 -0.280116282
v -0.137543862 -0.225731114 -0.531865176
v -0.331775512 -0.241063091 -0.160343592
v -0.132684723 0.133935504 -0.545688135
v -0.12253668 0.159688958 -0.549051868
v -0.1115032 -0.310460512 -0.160095553
v -0.183942333 0.088070815 -0.570523506
v -0.157217763 0.108402268 -0.554041277
v -0.19267355 0.113442139 -0.579939267
v -0.302540734 -0.131509744 -0.602689033
v -0.302881357 -0.145925265 -0.586470217
v -0.313486158 -0.112185947 -0.588986228
v 0.30556876 0.159387883 -0.619719772
v 0.299844012 0.155015572 -0.635806549
v 0.27994955 0.189419171 -0.635053091
v -0.0539352511 -0.311711711 -0.298811022
v -0.226330035 -0.150623563 -0.583676873
v -0.208675943 -0.0812263662 -0.556697143
v -0.0721400629 -0.326039144 -0.44523911
v -0.0503240751 -0.326390539 -0.431606996
v 0.00383282757 -0.318381878 -0.321591141
v 0.00120974942 -0.318420796 -0.3403342
v -0.19030011 -0.214193267 -0.590355968
v -0.28017458 -0.127035222 -0.611037298
v -0.270653532 -0.230142461 -0.377284313
v -0.174129749 0.0416870332 -0.552518126
v -0.161353918 0.0836978902 -0.55407646
v -0.291652317 -0.0320089596 -0.622159231
v -0.125876317 -0.302576445 -0.277244689
v -0.292902242 -0.140759844 -0.605373581
v -0.154481557 -0.307178641 -0.0483487471
v -0.149207401 -0.297673579 -0.278976383
v -0.346474495 -0.0559612559 -0.509216754
v -0.320483223 -0.16397815 -0.404943277
v -0.141681635 -0.301724652 -0.192604309
v -0.365830715 -0.21312779 -0.168200528
v 0.119867997 -0.30922362 0.0665284893
v 0.0999106451 -0.312935608 0.0445936251
v 0.126255309 -0.308891198 0.0402532136
v 0.291427007 0.20921747 -0.537695719
v -0.292376628 0.249662036 0.184962751
v -0.0598908838 0.111663376 -0.459453581
v -0.0690049405 0.0950613905 -0.436994174
v -0.264386889 0.225014657 -0.608188995
v -0.237727515 0.260760805 -0.56616989
v -0.298261154 0.199731253 -0.533909265
v -0.319729953 0.0622509183 -0.629654153
v -0.0284721998 0.264391419 -0.591211286
v -0.0396449797 0.245058891 -0.573452738
v -0.0226276088 0.2427685 -0.569427212
v -0.312641302 0.089704575 -0.601386149
v -0.107873405 0.110185754 -0.505515286
v -0.102666215 0.123601624 -0.52190726
v -0.0670077483 0.135741331 -0.499973647
v -0.18524419 -0.111436747 -0.523338862
v -0.186232666 0.171820673 -0.587646579
v 0.338197762 0.0901352821 -0.530219386
v -0.20017132 0.158815181 -0.595833963
v -0.190615852 0.147737547 -0.582731254
v -0.295362717 0.14734538 -0.610274069
v -0.263890762 0.199149976 -0.622962667
v -0.222741999 0.132870987 -0.608841267
v -0.217064301 0.161559958 -0.613231087
v -0.175243146 0.300639126 -0.598244663
v -0.18019171 0.29678677 -0.56046721
v -0.154536721 0.310325373 -0.587823491
v -0.148475348 0.313162621 -0.603122504
v -0.191353406 0.257534511 -0.627823153
v -0.191269047 0.286090623 -0.613227833
v -0.230604679 0.252495156 -0.615183499
v -0.126858106 0.29262128 -0.630329208
v -0.143225598 0.264148363 -0.623231402
v -0.100262834 0.278326796 -0.618293568
v -0.12407206 0.323193937 -0.589846309
v -0.074208736 0.211214408 -0.556015664
v -0.114784137 0.220489346 -0.576690991
v -0.131930199 0.243960501 -0.601032303
v 0.129207599 0.202615663 -0.475842643
v 0.264926087 0.102033036 -0.482276411
v 0.153819739 0.173372761 -0.489596926
v -0.711244257 0.128114702 -0.122473189
v -0.215482495 0.272924454 -0.606219322
v 0.205148897 0.154506538 -0.422439552
v 0.194044934 0.173133285 -0.452038483
v 0.1895595 0.169186886 -0.417163754
v -0.0552013121 0.338522251 -0.588821478
v -0.0385725793 0.340542924 -0.579528266
v -0.0280162739 0.341692948 -0.587375484
v -0.118100471 0.261858446 -0.610640877
v -0.103133028 0.178484832 -0.550234274
v -0.060239488 0.178576378 -0.530686947
v -0.100372265 0.151030847 -0.533189623
v 0.401043712 -0.188519046 0.129489574
v 0.411057052 -0.164345888 0.120468329
v 0.413431506 -0.177745506 0.0910931051
v -0.086594645 0.333339398 -0.592857657
v -0.101761196 0.328708603 -0.576979714
v 0.0310488496 0.320972063 -0.613948808
v -0.0383861826 0.336391749 -0.602985282
v -0.0468633486 0.311905439 -0.623355345
v -0.241202194 -0.0123719333 -0.492262038
v -0.215755305 -0.232282029 -0.501799205
v 0.392151628 0.183785032 -0.191580781
v 0.401465506 0.161850599 -0.17613457
v 0.344061316 0.0649906618 -0.487545117
v 0.344338873 0.0527886008 -0.505608576
v 0.345751688 0.0419966934 -0.485838705
v 0.154137266 0.199722479 -0.428648307
v 0.172237287 0.187883513 -0.42913067
v 0.165246284 0.197458248 -0.451977844
v -0.143241267 0.113081213 -0.546557176
v -0.120393162 0.122186563 -0.532112123
v -0.160312751 0.121343723 -0.554321106
v -0.0612925258 0.283546836 -0.610761616
v -0.0794800544 0.263628782 -0.598505502
v -0.190368201 0.0100761236 -0.5260072
v -0.155744392 0.0726020828 -0.521153045
v -0.175269706 0.0287896281 -0.541391761
v -0.137080691 0.0849690367 -0.50952852
v -0.287090109 -0.154072618 -0.598640034
v -0.0625377877 0.15538149 -0.520684986
v 0.161801202 0.191193929 -0.406082598
v -0.0930626834 0.316343923 -0.626817284
v -0.0745126185 0.31238847 -0.632194604
v -0.0860662735 0.301706419 -0.630029458
v 0.151749173 0.268712828 -0.621017682
v 0.126303089 0.263287885 -0.603993915
v 0.149026523 0.256046634 -0.607417291
v 0.401850774 -0.0945566321 -0.204332438
v 0.397466277 -0.122648262 -0.201846117
v 0.387180917 -0.116928039 -0.231631623
v -0.310473135 0.0543517232 -0.632010132
v -0.279650172 0.0487514999 -0.621210501
v -0.0843994809 0.33116528 -0.559609015
v -0.192012179 -0.0560552529 -0.528811597
v -0.190195857 -0.0226579811 -0.541165577
v -0.19263623 -0.0838078531 -0.523759929
v -0.378780908 0.165158807 0.194877125
v -0.388518542 0.152652884 0.184702652
v 0.192712461 0.16704561 -0.470596234
v -0.0268938203 0.289190894 -0.610084811
v 0.00540875503 0.276099031 -0.597644666
v 0.0404411109 0.173489311 -0.490121786
v 0.310997804 0.167054972 -0.589101075
v 0.30177906 0.190543051 -0.572063121
v 0.313846736 0.167518059 -0.550792571
v -0.100324154 0.255164089 -0.598089535
v -0.0346587352 0.225191204 -0.556262832
v 0.308541427 0.180786903 -0.524392405
v 0.321728519 0.152301684 -0.520866316
v -0.222881887 0.0830326694 -0.597442265
v 0.00170374594 0.300866432 -0.613942307
v -0.0361618052 0.135394339 -0.479966171
v -0.0257064475 0.129142334 -0.445031477
v 0.356267206 0.179964362 -0.263608053
v 0.366724323 0.16325685 -0.260755982
v 0.357509187 0.154475358 -0.279204717
v -0.203675242 0.0236851832 -0.458968041
v -0.213399213 -0.0447075918 -0.523185066
v -0.223720008 -0.0128052831 -0.50364811
v 0.000313219629 0.155353168 -0.47313163
v -0.0403888114 0.199692306 -0.543126075
v -0.0851763559 0.0824421043 -0.416366586
v -0.0512354072 0.107327 -0.423766852
v 0.0409292596 0.339827629 -0.575677126
v 0.00508473399 0.341748168 -0.584529961
v 0.0204865109 0.340926992 -0.560291018
v 0.0336296945 0.337432688 -0.596744571
v 0.371288661 0.210190674 -0.210262484
v 0.364160509 0.230148123 -0.194253056
v 0.384081434 0.212205689 -0.178907828
v -0.0944366651 0.353706017 0.28482123
v 0.1084267 0.370435445 0.227202925
v -0.118402837 0.068463685 -0.404193262
v -0.125441732 0.0542749304 -0.41178508
v -0.00508032255 0.183362738 -0.522581401
v -0.00531138182 0.19808584 -0.533578753
v -0.178180224 0.13487093 -0.569992005
v -0.384936981 0.161991986 0.150603691
v -0.00749254211 0.342372558 -0.576720431
v -0.0144717978 0.341336874 -0.565940996
v 0.162041378 0.18821446 -0.383512555
v 0.144511985 0.202034228 -0.390697146
v 0.401246611 0.115159082 -0.202514751
v 0.396685054 0.0984998471 -0.223116285
v 0.405409226 0.089711005 -0.191164209
v 0.724702945 0.150687623 -0.0657988935
v 0.712467261 0.132296715 -0.0678189867
v 0.305237926 0.186807287 -0.420700822
v 0.378414544 0.158412494 -0.246140852
v 0.374218376 0.141293482 -0.260565843
v 0.385192568 0.137254664 -0.242862155
v 0.340695091 0.182856057 -0.284859915
v 0.110167701 -0.310695952 -0.597444197
v 0.11486957 -0.305732581 -0.60050711
v 0.122607968 -0.311571393 -0.59230296
v 0.316308756 0.16552525 -0.465112183
v 0.344478665 -0.00327160514 -0.509673988
v 0.343632324 -0.0229005876 -0.489873586
v 0.229561732 0.140338003 -0.487628376
v 0.221268272 0.158468174 -0.508586474
v 0.684792526 0.0541618693 -0.144638483
v 0.702933738 0.0422664017 -0.144023963
v 0.226122803 -0.282465141 0.101011468
v 0.255434528 -0.277857738 0.0951826801
v 0.243308221 -0.283923166 0.0746970904
v 0.272609159 -0.280738411 0.0686020861
v -0.347354995 0.0607436408 -0.506669484
v 0.297418415 0.193346142 -0.591264497
v 0.333744797 0.119429684 -0.487062568
v 0.339388013 0.0938599168 -0.495231587
v 0.331427085 0.123653933 -0.517539489
v 0.345870009 0.0551501885 -0.458063775
v 0.347277311 0.0546424104 -0.423848715
v 0.343261948 0.0803756265 -0.438230063
v 0.269166669 0.236347518 -0.554050852
v 0.22107316 0.241660922 -0.633946557
v 0.258708577 0.231047857 -0.621933143
v 0.148972313 0.220095955 -0.521951133
v 0.126209513 0.219876045 -0.492249885
v 0.118791887 0.228010465 -0.518791776
v 0.0986456271 0.330908793 -0.546771216
v 0.0666004454 0.336281511 -0.568999054
v 0.0749736409 0.336374632 -0.530826351
v 0.0492730828 0.182065077 -0.506014059
v 0.0931051333 0.179441379 -0.490718814
v 0.100407244 0.232647421 -0.533608619
v 0.102941221 0.245543724 -0.557187037
v 0.0805572063 0.246050117 -0.560209301
v 0.132937413 0.243078818 -0.571411384
v 0.101847945 0.256327264 -0.584170337
v 0.136351195 0.252182804 -0.595013376
v 0.411056996 0.151353352 -0.126826241
v 0.402121793 0.223415424 -0.0788042514
v 0.402701784 0.214755217 -0.102666709
v 0.328624485 0.157650436 -0.339577688
v 0.395017559 0.234682736 -0.100808454
v 0.395613436 0.222326937 -0.124312008
v 0.383495365 0.24295347 -0.125636335
v 0.0264648404 0.232312126 -0.556629901
v 0.0354528921 0.215035578 -0.538980175
v 0.0125109816 0.212465762 -0.546110896
v 0.0814382783 0.328139977 -0.595677584
v 0.0653697776 0.33582838 -0.587632989
v -0.0722359354 0.336085449 -0.578007824
v -0.166329412 0.302438967 -0.61061891
v 0.342105877 -0.18892725 -0.220869813
v 0.3603207 -0.181251082 -0.212458553
v 0.356659836 -0.199141474 -0.196114683
v -0.15528765 0.309079188 -0.512223873
v -0.206449559 0.289216341 -0.468955611
v -0.115355735 0.332169777 -0.440917398
v 0.219166379 0.291372509 -0.400996815
v 0.148289378 0.320146637 -0.498894187
v 0.0527672703 0.346516787 -0.46270013
v 0.0558025055 0.337400293 -0.553067973
v 0.307142906 0.0884226438 -0.613735502
v 0.316702497 0.0930647884 -0.615931523
v 0.075948109 0.260739058 -0.59059963
v 0.264018187 0.191943709 -0.636597471
v 0.267634775 0.165968701 -0.619481805
v 0.244873702 0.206449602 -0.632780775
v 0.350400511 -0.0292298019 -0.385399674
v 0.549221279 -0.0439219661 0.163507106
v 0.564283199 -0.0314583979 0.157507445
v 0.551366538 -0.0516422548 0.155057957
v 0.287549982 0.195480078 -0.624034553
v 0.226137506 0.214118565 -0.619725719
v 0.177198872 0.25381139 -0.62511458
v 0.186532229 0.257499843 -0.63324128
v 0.19262262 0.241482063 -0.619218816
v 0.168457513 0.251980459 -0.6156547
v 0.0709784448 0.254951492 -0.577655991
v 0.0592893805 0.256244331 -0.580775733
v 0.344838881 0.0292825331 -0.515227082
v 0.688966319 0.00294225325 -0.149754973
v 0.708410343 0.0134591142 -0.14744417
v 0.694527966 0.0239972983 -0.14793266
v 0.308389526 0.115970509 -0.622901024
v 0.308695862 0.133697854 -0.628215446
v 0.27146176 0.112863373 -0.579507701
v 0.326933084 -0.0412774138 -0.608607902
v 0.32974787 -0.0478004776 -0.595533972
v 0.334576303 -0.024826832 -0.584931006
v 0.341732891 -0.0278302143 -0.521042107
v 0.351227373 0.0299698518 -0.402707937
v 0.350084129 -0.00473188319 -0.40528552
v 0.356392863 0.0312127638 -0.367679447
v 0.350334046 0.0999251428 -0.338211581
v 0.347294206 0.121930915 -0.322460845
v 0.342227386 0.072274498 -0.509930524
v 0.313218356 -0.114478359 -0.597047196
v 0.309143205 -0.136643111 -0.585534297
v 0.306914406 -0.132333436 -0.599262956
v 0.388615099 -0.142736456 -0.208145561
v 0.339239193 -0.0224400206 -0.553677705
v 0.334717737 -0.044710349 -0.570609332
v 0.292343258 0.151822864 -0.632979963
v 0.323824454 -0.0952157832 -0.576568459
v 0.31870652 -0.0616521488 -0.586600368
v 0.309783045 -0.0232597096 -0.554451254
v 0.310087017 -0.0297011564 -0.580650946
v 0.311308823 0.0167121843 -0.598812711
v 0.323084472 0.0386124999 -0.616554905
v 0.352797386 0.070928292 -0.361982119
v 0.381375493 0.193955612 -0.209157012
v 0.324464981 0.147445026 -0.444390578
v 0.323910514 0.156342431 -0.371192804
v 0.175187333 0.176382122 -0.379123241
v 0.18748272 0.166307043 -0.395651416
v 0.183957809 0.170444074 -0.383439788
v 0.368825952 0.122622136 -0.277010873
v 0.677377754 0.0183654651 -0.153365652
v 0.683856516 0.0379445107 -0.148885586
v 0.64067743 0.0401194433 -0.160504435
v 0.315916218 0.166928492 -0.493770045
v 0.326036857 0.143148084 -0.474484859
v 0.326771718 0.14017107 -0.497783213
v 0.419333787 -0.117700258 -0.120391721
v 0.713991906 0.065420114 -0.138143793
v 0.715394138 -0.0434109767 -0.143820917
v 0.209628054 0.147758966 -0.410881397
v 0.333540604 0.121262083 -0.459123883
v 0.340271863 -0.0437733267 -0.49749064
v 0.335832296 -0.0674095889 -0.492772909
v 0.339876585 -0.0497910925 -0.468222986
v 0.343359326 -0.0374148147 -0.436290186
v 0.345103769 -0.0170498897 -0.460022957
v 0.347416397 -0.00978164385 -0.431717952
v 0.33183494 -0.00437444702 -0.603485226
v 0.349894946 0.0591860329 -0.393521869
v 0.34524725 0.0769914204 -0.412981688
v 0.360108517 -0.0898850759 -0.302880115
v 0.367360033 -0.104820599 -0.27755464
v 0.375615661 -0.073598147 -0.2818578
v 0.347674599 0.0355653866 -0.44133592
v 0.695319158 0.104292443 -0.106506549
v 0.661810883 0.121553361 -0.0919035085
v 0.686320933 0.126648551 -0.0714809258
v 0.334822909 0.118912641 -0.431797243
v 0.411902331 0.0445579956 -0.171073166
v 0.412259833 0.0191952068 -0.176742434
v 0.337963003 0.00968762754 -0.574318147
v 0.343044858 0.00492420368 -0.537581874
v 0.348597532 0.035991921 -0.423175848
v 0.348775109 0.01725365 -0.426382757
v 0.398723345 0.0494426689 -0.230441752
v 0.38639311 -0.0507497632 -0.270813273
v 0.386036398 -0.0215861956 -0.276825961
v 0.394735286 -0.0341007947 -0.253136222
v 0.368390661 0.0767760378 -0.302687263
v 0.377473004 0.047746062 -0.292414699
v 0.552657804 -0.177090998 -0.0492415951
v 0.545804146 -0.159786999 -0.0597453003
v 0.552838929 -0.164127366 -0.0819904206
v 0.266032328 -0.20104532 -0.611306609
v 0.273477107 -0.195379294 -0.597620617
v 0.280188176 -0.183012087 -0.605557608
v 0.338778473 -0.220045627 -0.182770251
v 0.320025126 -0.236469842 -0.168781156
v 0.408073838 -0.0676655778 -0.193442178
v 0.401974491 -0.0648870738 -0.220608155
v 0.418099438 0.00615770991 -0.15112744
v 0.421151978 0.0178216522 -0.124886539
v 0.411653786 0.0966953494 -0.153242481
v 0.400268178 0.0729125091 -0.217823291
v 0.715531307 0.0348789155 -0.147146313
v 0.718843854 0.0165592476 -0.150621555
v 0.724046127 0.0363637308 -0.158842898
v 0.333787125 0.0967511935 -0.559388134
v 0.322595511 -0.0398100665 -0.613403462
v 0.320821099 -0.0643274647 -0.609122215
v 0.418863034 -0.199615371 -0.0122589118
v 0.419885143 -0.192544106 -0.0366517661
v 0.41373433 -0.218167014 -0.0336527104
v 0.559074226 0.0563961429 0.150768923
v 0.548578459 0.092606428 0.137537799
v 0.572011627 0.0830328045 0.135485488
v 0.394361624 -0.00287677067 -0.255347778
v 0.323735287 -0.0665991309 -0.603806401
v 0.34048783 -0.251184706 -0.133610635
v 0.400624598 -0.0436596931 -0.231579824
v 0.394274738 -0.0587586738 -0.246666779
v 0.290672867 0.0452155895 -0.551143023
v 0.346272024 -0.0308053624 -0.410226335
v 0.337452476 -0.0486087255 -0.543274588
v 0.375599985 -0.0411544897 -0.297346279
v 0.377163341 -0.00674251222 -0.300958502
v 0.385140709 0.00481324739 -0.281394782
v 0.326513544 0.145916663 -0.394566096
v 0.377648944 0.0916387204 -0.275083664
v 0.365146432 0.105517903 -0.29427036
v 0.344758423 0.0885460238 -0.392467115
v 0.411562094 0.126077323 -0.141851211
v 0.37762339 0.0238146935 -0.297200274
v 0.383191178 0.0608465917 -0.274683126
v 0.387183265 0.0288846698 -0.271862347
v 0.392177353 0.0470841272 -0.253984439
v 0.359851223 0.0714087959 -0.330984929
v 0.358616542 0.0886273197 -0.322188729
v 0.331257683 0.0249062137 -0.6071264
v 0.347379403 -0.0582488374 -0.36892415
v 0.344666484 -0.0501114295 -0.394819347
v 0.327872235 0.00567399597 -0.618120405
v 0.369536873 0.196327414 -0.230781537
v 0.347969488 0.223375715 -0.22875664
v 0.358678189 0.194825358 -0.248024917
v 0.35293642 -0.112944714 0.302728458
v 0.345852221 -0.104540898 0.336589347
v 0.357962739 -0.0870580481 0.314270962
v 0.391259081 0.075680004 -0.247298665
v 0.29655187 0.184360144 0.464905623
v 0.302093392 0.191262981 -0.547826365
v 0.415708095 0.0884491522 -0.129482527
v 0.618404645 0.132865221 -0.101522318
v 0.636246967 0.143578158 -0.0540006398
v 0.633233186 0.15380113 -0.018744537
v -0.360385815 0.107941074 0.312147071
v 0.1773871 0.273324151 -0.6326287
v 0.210546122 0.163084399 -0.473786449
v 0.196213019 0.18381225 -0.495161607
v 0.7071946 0.125573361 -0.0730350273
v 0.38520672 0.112913726 -0.25129063
v 0.393801998 0.12515404 -0.224880821
v 0.336550593 0.0369500362 -0.583141193
v 0.390109571 0.15291305 -0.222887846
v 0.407196773 0.148505046 -0.153977226
v 0.550432572 0.0628851399 0.159858128
v 0.0602896416 0.247156319 -0.565985332
v 0.372140665 0.23940954 -0.162601341
v 0.309919963 0.221482946 -0.305759708
v 0.417977552 0.173357781 0.00693775727
v 0.403713441 0.198991616 -0.12108933
v 0.409249798 0.175755789 -0.114847166
v 0.37499657 0.273198222 -0.00693295021
v 0.384622659 0.264027558 -0.0255447521
v 0.366565138 0.279196338 -0.031343369
v 0.362895524 0.258604413 -0.142251526
v 0.370509376 0.260140423 -0.119843088
v 0.394688085 0.242691253 -0.0736757795
v 0.38009616 0.258526294 -0.0919152883
v 0.390056725 0.254366831 -0.0532965701
v 0.421337693 -0.0113096642 -0.132654701
v 0.423060027 0.0184859798 -0.080745586
v 0.410915037 0.204656521 0.0236268994
v 0.417260421 0.179129432 0.0380450191
v 0.409409868 0.206986475 0.0506883006
v 0.344175703 0.292602719 0.0157414548
v 0.374935323 0.271569423 0.0104069187
v 0.307143937 0.166875679 0.413846514
v 0.306159195 0.16716583 0.436287685
v 0.419367597 0.15471913 -0.0242711925
v 0.422701179 0.130841073 0.0111971688
v 0.687510394 0.142368801 -0.00228438771
v 0.705133843 0.141295081 0.00608219104
v 0.70487935 0.140217032 0.0205122054
v 0.401988031 0.229818474 0.0367756885
v 0.689618067 -0.114669371 -0.0996135635
v 0.603284834 0.151062297 0.052368354
v 0.629840046 0.134005228 0.0739241974
v 0.59098803 0.132148605 0.0869415918
v 0.709019927 0.0850068633 0.134530958
v 0.723086285 0.0965883645 0.148244471
v 0.710934726 0.0696377114 0.145846563
v 0.400124588 0.234841014 -0.049174056
v 0.306433026 0.172859555 0.530764317
v 0.404585193 0.226568606 0.00759044146
v 0.10717966 0.223841677 -0.503875866
v 0.0840758012 0.226203937 -0.51756112
v 0.419136553 0.099853625 0.157266339
v 0.413134008 0.0903450339 0.185379644
v 0.406117606 0.125186295 -0.17432377
v 0.344410005 0.282499932 -0.099374199
v -0.421222343 0.0759883202 0.156915501
v 0.405493532 0.00854332138 0.233168451
v 0.421841358 0.153602516 0.029835524
v 0.405853011 0.172929029 0.157802673
v 0.409132522 0.185281364 0.125627619
v 0.415652004 0.149408361 0.136273825
v 0.39945251 0.199008215 0.153234278
v 0.374802492 0.180083831 0.21577042
v 0.382046321 0.157315371 0.222678021
v 0.388903995 0.171940402 0.202215966
v 0.607743771 -0.0940128104 0.121578056
v 0.58358412 -0.0728332068 0.13879388
v 0.580535137 -0.102295733 0.119188236
v 0.7074328 0.132132255 0.0566584659
v 0.690629715 0.139119717 0.0339287806
v 0.629340203 0.00947076587 0.151578966
v 0.611201773 0.00302530977 0.153271673
v 0.606615891 0.0312684071 0.149884844
v 0.423031729 0.139936218 0.078584311
v 0.422007954 0.130873618 0.10900296
v 0.417773742 0.15924722 0.104344255
v 0.380248977 0.176278095 -0.229747591
v 0.689926105 0.134413326 -0.0502827954
v 0.69584445 0.139256453 -0.0320675488
v 0.702644248 0.133679269 -0.0532266762
v 0.374124179 0.271083236 -0.0579711198
v 0.396045421 0.247566555 -0.0153365173
v 0.346987447 0.151232339 0.272646022
v 0.342293443 0.136672455 0.301201378
v 0.684682865 0.132866203 0.0570771114
v 0.66275267 0.132959717 0.0648343551
v 0.578199253 0.148410079 0.0712682644
v 0.565417786 0.16824722 0.0411859581
v 0.385688957 0.0136758957 0.28429646
v 0.390975004 -0.0120818586 0.270085768
v 0.404193981 0.0844757888 0.216826262
v 0.403437693 0.114191891 0.205767878
v 0.415154369 0.1273879 0.15739557
v 0.412477255 0.113398077 0.176664509
v 0.714443198 0.139108911 0.0352009357
v 0.425171209 0.083957406 0.135024453
v 0.425379912 0.0806270518 0.116970899
v 0.659119296 -0.107691577 0.104969339
v 0.64341042 -0.117309689 0.0962367299
v 0.634104235 -0.102045133 0.111443601
v 0.38066915 0.235380398 0.14181257
v 0.355914738 0.0589030131 0.555071404
v 0.394622191 0.187025933 0.179805359
v 0.63795517 -0.0117222257 0.151164586
v 0.147256548 0.325176337 0.55903131
v 0.401814068 0.160755977 0.182993529
v 0.360407866 0.266404944 0.0977318022
v 0.371081864 0.222509841 0.183379941
v 0.229529573 0.281628644 0.564202502
v 0.256213186 0.261772867 0.564041066
v 0.232645289 0.290187707 0.570116481
v 0.282802029 -0.025160746 0.631745514
v 0.270558471 -0.0218457093 0.625913911
v 0.266234857 -0.048358867 0.625113262
v 0.413048235 0.184928031 0.0935796531
v 0.282371592 0.211500943 0.522031209
v 0.56402347 0.175394441 0.0797317547
v 0.380644337 0.24313307 0.113724427
v 0.396574489 0.227783864 0.0981065884
v 0.379867705 0.264434007 0.026288126
v 0.64092658 0.147165045 0.0365764352
v 0.287872839 0.316103101 0.102033536
v 0.119883918 0.302479374 -0.615762302
v 0.202776268 0.279526123 -0.595784111
v 0.155723188 0.311238746 -0.545814159
v 0.350160876 -0.0354377098 0.495243206
v 0.351047942 -0.0379722705 0.511367641
v 0.349378872 -0.05828881 0.51249504
v 0.361925138 0.17082017 0.234124344
v 0.396606849 0.145130792 0.205404776
v 0.0380463583 0.343477313 0.503212979
v 0.381257768 0.0485520842 0.288079647
v 0.360720217 0.0198309513 0.354787299
v 0.356301466 0.00208130565 0.383124349
v 0.390727304 0.229669637 0.124863879
v 0.329468522 0.118739609 0.432909972
v 0.33276943 0.107865236 0.461642027
v 0.359155391 -0.0250427579 0.35932484
v 0.354961856 -0.026950173 0.384122249
v 0.35490051 -0.0458769838 0.370875949
v 0.360638323 -0.0480637351 0.33776313
v 0.370805031 -0.0344290474 0.311844444
v 0.367118734 -0.062663849 0.308783719
v 0.399769945 0.212830801 0.125548988
v 0.40741857 0.134880144 0.182075146
v 0.0386244514 -0.319306078 0.233145825
v 0.0531566177 -0.31677316 0.20467047
v 0.0270565778 -0.318657975 0.208570554
v 0.299980069 -0.181079044 0.353232035
v 0.287208922 -0.196879236 0.353113936
v 0.297037055 -0.190165599 0.325494484
v 0.288022067 0.232564679 0.295747123
v 0.0676658617 0.384342511 0.145103894
v 0.40653289 0.209081418 0.0791022902
v 0.415122757 0.184272974 0.0657018577
v 0.363303605 0.241039031 0.163769138
v 0.31781888 0.155373393 0.543599802
v 0.306984029 0.179703743 0.551024465
v 0.347428846 0.269379371 0.125143112
v 0.329518583 0.228218882 0.21690346
v 0.309162459 0.218377749 0.256772873
v 0.170309223 0.31781081 0.570455028
v 0.190479239 0.305111392 0.560688599
v 0.283649132 0.211466027 0.391258576
v 0.299625267 0.182224026 0.393134735
v 0.375249481 0.145103252 0.239977717
v 0.364424171 0.24907232 0.140665636
v 0.315840778 0.279516806 0.170048341
v -0.114428556 0.324692912 0.574565211
v 0.327186529 0.125815817 0.406621092
v 0.371084968 -0.025518168 0.55761522
v 0.363807745 -0.0113979889 0.550947334
v 0.361611471 -0.0452705158 0.548079748
v 0.334942729 0.13314925 0.330618119
v 0.345659746 0.114160779 0.321827618
v 0.330414246 0.165172576 0.287794182
v 0.336927057 0.171078943 0.26292748
v 0.349829428 0.163814994 0.252875285
v 0.284587577 0.205772495 0.497808421
v 0.119268469 0.358049836 0.571484491
v 0.0985699318 0.247007538 0.629396983
v 0.12304766 0.258845101 0.637264483
v 0.677537321 0.139967098 -0.0342117661
v 0.328301008 0.139824766 0.554392644
v 0.336145421 0.115119769 0.543694046
v 0.408922653 0.0368018734 0.217897183
v 0.133675806 0.338179451 0.570514403
v 0.117300599 0.349615437 0.570780951
v 0.140161463 0.341859534 0.571890881
v 0.36531145 0.0307973327 0.333532738
v 0.169634045 0.248115422 0.646216711
v 0.197543108 0.222693082 0.649803033
v 0.116580703 0.274567755 0.649754212
v 0.0989259535 0.274258378 0.642819261
v 0.345109995 -0.0689246735 0.465852065
v 0.142287688 0.224804955 0.625823581
v 0.138757683 0.193579751 0.623680978
v 0.105005253 0.204988656 0.624700195
v 0.311115576 0.187182682 0.565009922
v 0.320793752 0.162756944 0.560423031
v 0.124896079 0.241393323 0.62847977
v 0.154076579 0.109839382 0.622934736
v 0.280480478 0.252119438 0.569197679
v 0.222916175 0.14156911 0.630574414
v 0.204548701 0.130826365 0.626024568
v 0.207572992 0.170427814 0.631594272
v 0.1812743 0.175875975 0.627425369
v 0.336186545 0.10650477 0.389475284
v 0.346207396 0.0839388937 0.367193204
v 0.342223021 0.0847334332 0.402528401
v 0.152373907 0.239473375 0.63244566
v 0.172138318 0.220611861 0.629786049
v 0.19851238 0.203475786 0.637143775
v 0.184548552 0.226664842 0.638558398
v 0.718187488 0.135801396 0.0578085681
v 0.325357035 0.173944889 0.571539184
v 0.315981644 0.197301674 0.57158521
v 0.248725867 0.140654758 0.647726366
v 0.672027773 0.1395283 0.0435237454
v 0.669973789 0.143377411 0.0250313253
v 0.315680779 0.152998141 0.525830857
v 0.299838293 0.215547908 0.569477761
v 0.281909464 0.231098274 0.56159479
v 0.410169039 0.149203126 0.163376819
v 0.394470238 0.248146571 0.0201796826
v 0.361407292 0.277503814 -0.0844342018
v 0.349788379 0.0553663402 0.535133035
v 0.207418716 0.303006151 0.572394358
v 0.334757761 0.106216949 0.413036569
v 0.250150322 0.122894308 0.639612521
v 0.266773988 0.0962087204 0.642416011
v 0.262073328 -0.0317347823 0.623829262
v 0.345463976 0.055431358 0.47849657
v 0.346078587 0.0590793451 0.509749674
v 0.366192672 0.0563115399 0.320120153
v 0.412098819 -0.187326716 -0.111941245
v 0.696128486 -0.141675579 -0.065642191
v 0.714941924 -0.133590618 -0.090903331
v 0.373212149 -0.0514791723 0.557826791
v 0.293478948 -0.0200848429 0.644545643
v 0.374936425 0.00623103368 0.560994014
v 0.424061495 0.123942033 0.065675103
v 0.423872529 0.134602733 0.0466933699
v 0.690849675 -0.138007027 0.0656143711
v 0.0262167233 -0.265656967 0.628951588
v 0.254604959 -0.233899271 0.473999425
v 0.259211455 -0.232234882 0.49939955
v 0.237094419 -0.25303281 0.490374692
v 0.317009613 0.151079523 0.39111183
v 0.328467621 0.127778276 0.381379333
v 0.412876935 -0.0232476327 0.203318568
v 0.406105659 -0.0404091875 0.224345528
v 0.416990939 -0.0317280754 0.184801736
v 0.373933058 0.0269253863 0.309798007
v 0.352805254 0.0250474036 0.401544506
v 0.348722872 0.0440327309 0.426529037
v 0.344504203 0.069467816 0.423181703
v 0.34698619 0.0611303099 0.407033995
v 0.654857419 -0.0269929404 0.148629862
v 0.654307618 -0.0545190896 0.140604628
v 0.679567663 -0.0367558772 0.145728972
v 0.356115106 -0.136419301 0.272789622
v 0.357810406 -0.161704201 0.244267244
v 0.366110562 -0.139573376 0.256001952
v 0.362569095 0.021676888 0.55344732
v 0.702109812 0.042820325 0.151170946
v 0.695569155 -0.027861086 0.148883968
v 0.700237901 -0.0503153255 0.142613891
v 0.290496548 0.00314992411 0.63887614
v 0.313783049 -0.16457601 0.337936712
v 0.332430014 -0.138323311 0.324620661
v 0.322490168 -0.147270073 0.350010784
v 0.351217589 -0.0173032195 0.446725545
v 0.191769605 -0.200242665 0.632518115
v 0.2088421 -0.176093046 0.627543994
v 0.189948679 -0.179208192 0.625683408
v 0.288792043 -0.045010499 0.638642843
v 0.278633409 0.000502811961 0.629372044
v 0.370153543 0.0423127692 0.56277341
v 0.679021697 -0.066805683 0.134847893
v 0.293220652 0.0233186427 0.645306203
v 0.34898759 0.0344655229 0.497063472
v 0.290061042 -0.190055376 0.442637776
v 0.276808067 -0.207920962 0.462374655
v 0.274246175 -0.20946542 0.431709851
v 0.237721055 0.102813947 0.628185739
v 0.340245979 0.0835575479 0.466974504
v 0.288996913 0.0443117299 0.644890735
v 0.358487364 -0.0258612424 0.540861716
v 0.25503352 -0.243847062 0.528964733
v 0.241798312 -0.251716033 0.511751823
v 0.262868027 -0.232466904 0.51824651
v 0.341177292 0.0932308176 0.535155516
v 0.246361472 -0.125032152 0.627835872
v 0.257628884 -0.133673189 0.636800934
v 0.287152808 -0.193786619 0.419659941
v 0.35248255 -0.0108247636 0.510178394
v 0.273497043 -0.214322668 0.488155746
v 0.224059504 0.162558938 0.635963831
v 0.219263292 0.18133708 0.641431111
v 0.235918393 0.163655421 0.64623638
v 0.349638805 -0.038875067 0.469560443
v 0.337247507 0.120585857 0.342752884
v 0.326543163 0.138135526 0.357947508
v 0.354190064 -0.0360565911 0.528931061
v 0.376425582 0.00367691237 0.305524292
v 0.367969721 0.00613804673 0.328718816
v 0.361681141 -0.00602035301 0.351987593
v 0.286239703 0.0256407907 0.635491844
v 0.421914502 -0.0259983607 0.167502552
v 0.41843971 -0.00680032684 0.183556203
v 0.393746099 0.0753336393 0.248635588
v 0.377494028 0.0963201783 0.269475697
v 0.383344279 0.0710717999 0.274070769
v 0.571800526 -0.0526513545 0.149973392
v 0.162029342 -0.301817377 -0.089142282
v 0.141036072 -0.307454405 -0.0773830202
v 0.156728987 -0.303553042 -0.0651184058
v 0.349701625 0.0252454978 0.448580104
v 0.348073366 0.0424901309 0.456799909
v 0.349417942 0.0235063655 0.474560514
v 0.388787522 0.12998737 0.228683919
v 0.391694698 0.103673635 0.238630914
v 0.359644878 0.105671342 0.297132175
v 0.370988676 0.0776492131 0.294907991
v 0.571200261 0.104003163 0.121474423
v 0.352067806 0.00978691021 0.424591492
v 0.407884541 -0.0133241038 0.223359152
v 0.413082824 0.00628616693 0.206895307
v 0.380708048 -0.0184351895 0.291917659
v 0.372271696 -0.0132085315 0.313482821
v 0.4257106 0.0133323066 0.132873467
v 0.555459514 0.0431653492 0.175742804
v 0.554584709 0.010767239 0.179120299
v 0.425542563 -0.0120285552 0.13167846
v 0.560455774 -0.186026247 0.047869002
v 0.549938667 -0.163899955 0.0659259761
v 0.426694394 -0.0171360753 0.152523447
v 0.312735624 0.230657541 0.235365848
v 0.27633519 0.271684852 0.263013042
v 0.558362631 0.167537943 0.0718128392
v 0.428927449 -0.000775427161 0.142510869
v 0.42806924 -0.0347796018 0.135658202
v 0.140941991 -0.302677829 0.126601569
v 0.336921453 0.112030221 0.364274904
v 0.719320757 0.111379795 0.109588801
v 0.716659158 0.0935529876 0.127111261
v 0.70793808 0.100401888 0.11364458
v 0.399794077 -0.0209872062 0.246705115
v 0.387990301 -0.0408963388 0.270208879
v 0.404425985 0.06257865 0.225254393
v 0.718506833 0.0398966053 0.162286636
v 0.421471051 0.11586862 0.133482385
v 0.424728573 0.103118617 0.113324893
v 0.720573499 0.149093224 0.00974824614
v 0.560717412 -0.0718408142 0.144886527
v 0.669340502 0.0873735303 0.122621961
v 0.640744787 0.0807845464 0.127219448
v 0.558211747 0.0818162018 0.165912757
v 0.421100589 0.0668980292 0.109214923
v 0.699369862 -0.0863323314 0.124668065
v 0.673476803 -0.0886256009 0.121148989
v 0.42118245 0.15816514 0.0558752414
v 0.426865792 0.0560549315 0.143535005
v 0.396222246 -0.0554073461 0.245559077
v 0.390063167 -0.0878369385 0.24656231
v 0.397945718 -0.0970535701 0.223681931
v 0.548107016 -0.00255026294 0.167056445
v 0.611000351 -0.0209582528 0.152036551
v 0.586871346 -0.0130929936 0.155360113
v 0.399486368 0.0502517134 0.244687416
v 0.423621553 -0.0418015017 0.121745492
v 0.593718528 0.0577879327 0.143478851
v 0.585681375 0.0130508806 0.155181776
v 0.567285303 0.00125243157 0.15946476
v 0.562440663 0.0243188105 0.158316195
v 0.390520156 0.0565266361 0.265019313
v 0.406274102 0.20411279 0.10434626
v 0.688215509 0.0654036616 0.139184145
v 0.672558411 0.0410802508 0.146575312
v 0.347492929 0.0757109443 0.54421805
v 0.38639495 -0.0685831485 0.262944761
v 0.365544158 -0.0198513038 0.33315041
v 0.711072039 -0.0248671453 0.151517057
v 0.343804687 -0.0779626836 0.443142415
v 0.277430366 -0.206841977 0.365777948
v 0.291475814 -0.188823732 0.385172518
v 0.623059674 -0.0654683292 0.138131938
v 0.632213004 -0.0848198471 0.125178778
v 0.65267943 -0.0750349281 0.130349966
v 0.718667539 -0.0196614977 0.157865078
v 0.34590869 -0.065802753 0.490521631
v 0.718277568 -0.0632905232 0.143205615
v 0.70844208 0.116414102 0.0914734662
v 0.369468873 -0.173847798 0.21632812
v 0.370864718 -0.158997586 0.23149673
v 0.381570787 -0.152630084 0.219900461
v 0.226343345 -0.256973892 0.407425085
v 0.179646449 -0.286978279 0.341962956
v 0.235191203 -0.248550984 0.367177956
v 0.545482974 -0.145550672 0.0804088977
v 0.566387103 -0.145177824 0.0688549659
v 0.567303496 -0.124095681 0.100774787
v 0.592217098 -0.135568503 0.0771293499
v 0.716362819 -0.0949101509 0.121864632
v 0.711192417 -0.109835647 0.106801602
v 0.618600141 -0.118714382 0.0962969457
v 0.201514174 -0.28250196 0.501653286
v 0.198460875 -0.289644643 0.527606219
v 0.219397072 -0.272133481 0.516506287
v 0.6512768 -0.0919319621 0.119444506
v 0.290317953 -0.0603516632 0.645020025
v 0.61872009 -0.137332813 0.0694524359
v 0.419862373 -0.0790734271 0.098677753
v 0.548411009 -0.156633348 0.0548486193
v 0.716881117 0.109437603 -0.106674486
v 0.558058902 -0.0942962047 0.159026681
v 0.553998828 -0.112519447 0.139912337
v 0.58129772 0.0365894652 0.152322891
v 0.422443328 -0.117173172 0.109592924
v 0.421952713 -0.104501554 0.0952695818
v 0.425340581 -0.058832129 0.11941878
v 0.385298517 -0.168319631 0.195453414
v 0.682430317 -0.151261616 0.0228346366
v 0.689605714 -0.146202368 0.0443842381
v 0.394987853 -0.251821987 -0.00393889458
v 0.408993558 -0.230014987 -0.00792376647
v 0.401248807 -0.245492363 -0.0364144668
v 0.637488659 -0.0911317451 -0.126037434
v 0.652782199 -0.0668282946 -0.140022156
v 0.304657071 -0.168922474 0.452060218
v 0.320133094 -0.142272377 0.467113687
v 0.317044437 -0.148268639 0.436081398
v 0.20838925 -0.29279822 0.0428747774
v 0.252332368 -0.257289537 0.187551651
v 0.340418421 -0.28031129 0.00218115047
v 0.339874785 -0.278681116 -0.0217295022
v 0.314416199 -0.283819545 -0.00686523772
v 0.218591528 -0.186069049 0.63445327
v 0.330653689 -0.122099737 0.398433257
v 0.342031585 -0.0920523814 0.397116646
v 0.334585617 -0.110135112 0.421445762
v 0.359733458 -0.195492486 0.20120312
v 0.298902724 -0.273372341 0.0875754015
v 0.287457918 -0.265137174 0.117586596
v 0.319657427 -0.262310241 0.113583808
v 0.339628384 -0.143763278 0.29539476
v 0.332034022 -0.170594797 0.271336779
v 0.416455961 -0.0689945811 0.175165974
v 0.320908122 -0.165246006 0.307493376
v 0.306600707 -0.18929169 0.288898432
v 0.287488204 -0.211135102 0.275205108
v 0.420759998 -0.12632653 0.0865653237
v 0.418114996 -0.146778961 0.102865659
v 0.375873673 -0.140401784 0.240026541
v 0.30945835 -0.165016894 0.366761351
v 0.420944192 -0.109544809 0.129892988
v 0.404094645 -0.163723981 0.149011628
v 0.396532302 -0.160654451 0.176408571
v 0.309344262 -0.163351412 0.391076166
v 0.302729531 -0.176041967 0.503106386
v 0.304476525 -0.170281714 0.479105585
v 0.316847138 -0.150446645 0.497295571
v 0.249156248 0.107277711 0.633894991
v 0.255454712 -0.00976710674 0.623962593
v 0.271356891 -0.216627109 0.334134624
v -0.136816815 -0.246127702 0.6357065
v -0.155732431 -0.241863928 0.640924047
v 0.690832515 -0.0957547309 -0.116005079
v 0.668099327 -0.102618704 -0.111672308
v 0.26376171 -0.107289302 0.632418957
v 0.340888992 -0.0951027734 0.512439879
v 0.341315388 -0.088902731 0.42466808
v 0.640251384 0.0353456864 0.147241304
v 0.0343120318 -0.329662905 0.438609095
v 0.355682738 -0.0742896098 0.335297695
v 0.337554209 -0.100501299 0.444912116
v 0.220310116 -0.156029148 0.625702214
v 0.230948812 -0.136304905 0.625201897
v 0.323018004 -0.141089905 0.375521785
v 0.318985372 -0.14513315 0.407469714
v 0.337253397 -0.11199122 0.36931433
v 0.332121667 -0.128222616 0.351078562
v 0.361641933 -0.0837839196 0.553539813
v 0.284698948 -0.0654855129 0.637200333
v 0.276163583 -0.0830062793 0.634275773
v 0.285123236 -0.0792099826 0.644707775
v 0.276248583 -0.1008577 0.643838733
v 0.172981114 0.236082655 0.635469351
v 0.167029019 -0.300939348 0.0186965607
v 0.181375444 -0.298709735 -0.00995783206
v 0.278091527 -0.057539084 0.630745962
v 0.263958803 -0.0804615184 0.627332202
v 0.329790567 -0.122155141 0.491175327
v 0.353793987 -0.0634587786 0.357806129
v -0.0623884452 -0.360927523 0.556832812
v 0.111075939 -0.107007993 0.622353388
v 0.328079111 -0.12479172 0.443658591
v 0.328168116 -0.130461272 0.513603076
v 0.353979303 -0.114855411 0.555457774
v 0.341949306 -0.14637027 0.55527872
v 0.339970737 -0.123514912 0.545402095
v 0.317376365 -0.160275574 0.534187561
v 0.310701948 -0.178194612 0.542523654
v 0.325736341 -0.154575862 0.54565315
v 0.322788623 -0.173895497 0.554057512
v 0.73020477 -0.0379984692 0.171869813
v 0.326471913 -0.129873386 0.421316834
v 0.350770184 0.0440426538 0.398706558
v 0.347384896 -0.0848682668 0.3624907
v 0.377454445 -0.0657445333 0.281923152
v 0.367226146 -0.0861540402 0.292396451
v 0.366099985 -0.107744657 0.280072357
v 0.335180375 -0.1193535 0.529277207
v 0.306786865 -0.217823057 0.55798435
v 0.258620965 -0.227189358 0.363855393
v 0.250317927 -0.234725956 0.38713274
v 0.25822118 -0.228610291 0.446439941
v 0.30173944 -0.202413476 0.549327948
v 0.280928771 -0.236808302 0.553606103
v 0.0720106204 -0.275734532 0.645116827
v 0.0827517669 -0.264341623 0.634412154
v 0.211414579 -0.0547551541 0.621743924
v 0.226983777 -0.189387763 0.646199889
v 0.179087578 -0.148161488 0.62285242
v 0.212516758 -0.13195351 0.622873561
v 0.137917727 -0.233006814 0.629782735
v 0.289412058 -0.193290168 0.485421373
v 0.25739514 -0.248464184 0.543534001
v 0.253391636 -0.26267206 0.554614098
v 0.23830181 -0.267195597 0.546608138
v 0.16618997 -0.294171487 0.185921926
v 0.126476706 -0.305927593 0.191678995
v 0.26832476 -0.120304242 0.643301057
v 0.241254142 -0.244363165 0.431341903
v 0.174933648 -0.227354379 0.643030112
v 0.163848172 -0.217451399 0.631142252
v 0.402564779 -0.239651761 0.0221484496
v 0.383887251 -0.261331413 0.0223116538
v -0.0414481318 -0.357586917 0.550444056
v 0.374334561 -0.188195616 0.192273654
v 0.387680065 -0.190208366 0.165524895
v 0.269420291 -0.262535625 0.560472827
v 0.348527619 -0.21183133 0.187919762
v 0.135560379 -0.329889695 0.551027144
v 0.243836322 -0.283258607 0.561011543
v 0.215499146 -0.301608331 0.561075014
v 0.672241374 -0.126619608 0.083304405
v 0.642696357 -0.131929112 0.0756271729
v 0.228117385 -0.281837028 0.554634826
v 0.219820941 -0.278290656 0.538980636
v 0.0310241128 -0.353192351 0.551616992
v 0.103230066 -0.211915919 0.624029173
v 0.115005519 -0.236360529 0.627206666
v 0.129680977 -0.202479674 0.624578533
v 0.156608 -0.31098067 0.523446426
v 0.126797551 -0.322193594 0.519568013
v 0.152414139 -0.309261428 0.498954976
v 0.0641350561 -0.325844645 0.43996069
v 0.0826999441 -0.32467766 0.458479079
v 0.0829614022 -0.32715524 0.478101505
v 0.102360716 -0.321241324 0.469506517
v 0.100593344 -0.325688568 0.495788614
v 0.23299335 -0.107170856 0.623527825
v 0.251301653 -0.101990993 0.625801524
v 0.0465048426 -0.330031612 0.452875928
v 0.0287816187 -0.333171798 0.465781173
v 0.0595611591 -0.330036759 0.468555986
v 0.0696404178 -0.254664294 0.628162399
v 0.201681221 -0.161738226 0.624080337
v 0.0592381186 -0.221061353 0.624259459
v 0.0661774907 -0.176662015 0.622631783
v 0.099232799 -0.348581174 0.567305789
v 0.196880457 -0.212826355 0.644239055
v 0.119977741 -0.341772683 0.564724769
v -0.36495375 0.0318327353 0.342220846
v -0.371937717 0.0318522307 0.307735912
v 0.344133671 0.0751234692 0.528322803
v 0.0789358835 -0.317126936 0.342027248
v 0.101749449 -0.312570564 0.318340843
v 0.0770293911 -0.316466069 0.300517868
v 0.0929207288 -0.331733365 0.518940978
v 0.00986519377 -0.332434298 0.448701765
v -0.0160791866 -0.332157575 0.444684224
v -0.171242085 -0.236614962 0.650586827
v 0.12755303 -0.316551861 0.483654306
v 0.0553544206 -0.336362663 0.504404467
v 0.124703792 -0.314256877 0.453598827
v 0.0723483565 -0.33181989 0.497087019
v 0.198793448 -0.284434904 0.141852198
v 0.221620486 -0.277897832 0.138595389
v 0.180570467 -0.297647151 0.042253211
v 0.150710859 -0.303053476 0.0475876603
v 0.548011006 -0.11986746 -0.120333472
v 0.554103132 -0.107609993 -0.128643488
v 0.55104845 -0.110703335 -0.13628168
v 0.410089052 -0.21474013 0.0539750008
v 0.401891739 -0.235705955 0.0511981623
v 0.401716105 -0.229081855 0.070403459
v -0.172498293 -0.305721155 0.520275413
v 0.166695273 -0.297543346 0.447092446
v 0.0968449896 -0.31462321 0.364697659
v 0.386409275 -0.213939436 0.137760121
v 0.24068159 -0.244663705 0.344790137
v 0.104773318 -0.31244032 0.343707735
v 0.126378701 -0.306635514 0.332572798
v 0.122041583 -0.309009876 0.362170591
v 0.101566087 -0.315106097 0.393264827
v 0.126066308 -0.306960423 0.304282522
v 0.098313834 -0.312816857 0.287988604
v 0.327658406 -0.245140965 0.146596829
v 0.348820987 -0.227128502 0.165375107
v 0.097537121 -0.311982517 0.240904523
v 0.0948229834 -0.312383695 0.214331967
v -0.0169801205 -0.320238144 0.262964108
v 0.102328444 -0.310348761 0.133010364
v 0.0755551012 -0.313693842 0.137869994
v 0.0853439693 -0.313515884 0.114478048
v 0.0899480262 -0.312225649 0.158390175
v 0.348423858 -0.272463943 0.072420833
v 0.348592128 -0.262636604 0.099861096
v 0.326009719 -0.273438907 0.0812710813
v 0.417701918 -0.0843798002 0.161467833
v 0.302763996 -0.243236731 0.162453283
v 0.0697039369 -0.325514499 -0.597408347
v 0.0407154674 -0.327346738 -0.604088427
v 0.0631947717 -0.321271151 -0.602441769
v 0.251017444 -0.24369926 0.261609778
v 0.242883835 -0.247422959 0.288539049
v 0.228870016 -0.261903067 0.247184789
v 0.0643058919 -0.315429317 0.170943485
v 0.218166439 -0.288817474 0.0696375254
v 0.24809275 -0.273231495 0.120624399
v 0.341025996 -0.255102303 0.123918364
v 0.399758493 -0.209403039 0.10813875
v 0.197888471 -0.290781284 0.0914713112
v 0.410601142 -0.221159823 0.0343823043
v 0.250161743 -0.265481101 0.148927142
v 0.26644647 -0.266301386 0.129227806
v 0.175936584 -0.296405928 0.0825964977
v 0.149339243 -0.302802691 0.0847927467
v 0.278118495 -0.2565142 0.150982689
v 0.260813584 -0.244738507 0.218856465
v 0.55472522 -0.149954887 -0.108501614
v 0.416740419 -0.095325025 -0.0889399242
v 0.411663661 -0.102489735 -0.0663836201
v 0.26765235 -0.228684144 0.266700474
v 0.415842373 -0.191079985 0.0570619896
v 0.407686528 -0.20886157 0.0797187714
v 0.362487187 -0.270751098 0.0585298343
v 0.378519388 -0.261879546 0.0520200835
v 0.365124631 -0.271706643 0.0362039689
v 0.0240556238 -0.34144917 -0.561432492
v 0.0496866464 -0.343008455 -0.529052725
v 0.263194465 -0.237113513 0.242429317
v 0.367920756 -0.225773043 0.15287897
v 0.353575268 -0.241295102 0.140737129
v 0.371245252 -0.237974012 0.12991776
v 0.286089539 -0.20623478 0.304416761
v 0.292877601 -0.18690365 0.464885467
v 0.22560092 -0.272083441 0.167506081
v 0.303862471 -0.254422451 0.136619055
v 0.357789489 -0.251203229 0.120446919
v 0.396073912 -0.138169037 0.1998661
v 0.374768896 -0.248399388 0.102677952
v 0.377649859 -0.211000585 0.159470654
v 0.367698746 -0.207893638 0.175896749
v 0.54852482 -0.144719551 0.0962653298
v 0.421398418 -0.171766671 -0.0568857942
v 0.0752867545 -0.314763969 0.200978789
v 0.0715859675 -0.315728655 0.231006134
v 0.267181737 -0.270515458 0.111419117
v 0.176533919 -0.299509935 0.514389247
v 0.358536251 -0.275073631 -0.00983801731
v 0.096138229 -0.310822934 0.18432946
v 0.116117952 -0.308009573 0.159315298
v 0.732833443 -0.144719031 -0.116316821
v 0.733655915 -0.161719638 0.0526916948
v 0.288588602 -0.261646962 -0.133216708
v 0.63597089 -0.145130655 0.0494824109
v 0.64996525 -0.152381081 0.0185886326
v 0.414241071 -0.144909561 -0.130601149
v 0.406484324 -0.144240623 -0.160203602
v 0.413774374 -0.117301262 -0.146977684
v -0.0302228525 -0.325817357 -0.0703443953
v -0.0137539687 -0.328389114 -0.0922442178
v 0.417333026 -0.135781642 -0.0196436957
v 0.549460417 -0.12846197 -0.118548049
v 0.408662142 -0.224965881 -0.0777686072
v 0.4029576 -0.22306924 -0.105641718
v 0.419594936 -0.176858417 0.0357336656
v 0.421244901 -0.149449046 0.0276655657
v 0.419003658 -0.0764599914 -0.100466873
v 0.407629202 -0.039629878 -0.20289006
v 0.34477511 -0.279558782 0.0265705578
v 0.316507129 -0.283682887 0.0221905052
v 0.392981356 -0.249667735 0.0455317486
v 0.259886273 -0.212065688 -0.375914725
v 0.274254945 -0.198602432 -0.349408332
v 0.25143377 -0.227840471 -0.345427141
v 0.270721804 -0.211639422 -0.320418234
v 0.312611952 -0.132769382 -0.592768673
v 0.334217799 -0.172649924 -0.555453541
v 0.303487484 -0.158911625 -0.595672532
v 0.373402647 -0.16335308 -0.214786153
v 0.391736031 -0.168250792 -0.180648232
v 0.373253296 -0.181936472 -0.197368442
v 0.420940052 -0.143891774 -0.0672573158
v 0.420873607 -0.143271133 -0.042075296
v 0.620805369 -0.155697148 0.00520302259
v 0.620948529 -0.153329316 -0.025562749
v 0.646902434 -0.153852203 -0.0103819826
v 0.377865188 -0.22601417 -0.147884341
v 0.361511991 -0.239283621 -0.143846079
v 0.37965682 -0.237680712 -0.12861021
v 0.133346547 -0.309321986 -0.0300757494
v 0.645043121 -0.149320825 -0.0376590357
v 0.619079859 -0.147691072 -0.0481465576
v 0.413624921 -0.120783254 -0.000274238438
v 0.410721031 -0.227248317 -0.0537751626
v 0.403188748 -0.240581405 -0.0619588652
v 0.592284357 -0.152765876 -0.0406116525
v 0.665298099 -0.147538857 0.0388453989
v 0.54605103 -0.128786925 -0.105193601
v 0.55735506 -0.18885121 0.00546488056
v 0.414585684 -0.124210639 0.0174394836
v 0.54954283 -0.142726586 -0.0836211581
v 0.571821113 -0.132541237 -0.0907335094
v 0.57507626 -0.112179133 -0.117348596
v 0.367478327 -0.263025921 0.0778060281
v 0.416372783 -0.127072609 0.0359282773
v 0.419912512 -0.0442327441 -0.0967575672
v 0.568890919 -0.146841563 -0.0674512102
v 0.561696425 -0.158268772 -0.0405700165
v 0.388204258 -0.248450732 0.0717675125
v 0.709114464 -0.123771955 -0.0941267024
v 0.643575303 -0.127865455 -0.0845378272
v 0.414250934 -0.123717088 -0.0360758347
v 0.417158489 -0.123517009 -0.0564708598
v 0.54737747 -0.147244041 -0.0909689876
v 0.550165137 -0.177688568 -0.0232961244
v 0.547955084 -0.174274884 -2.94358919e-05
v 0.544729814 -0.166503975 -0.0224488986
v 0.287736028 -0.233390207 -0.202359342
v 0.406908878 -0.174266973 -0.139649412
v 0.394677486 -0.196497573 -0.153926417
v 0.290207912 -0.269049779 -0.109665513
v 0.730923505 -0.0196237468 -0.164801925
v 0.72681732 -0.0665029589 -0.145185926
v 0.599250592 -0.138203179 -0.0738770341
v 0.635342149 -0.138921872 -0.0663719476
v 0.59424245 -0.0723137893 -0.152094616
v 0.229725559 -0.246089886 -0.413644717
v 0.214305208 -0.262429254 -0.425275934
v 0.239766302 -0.23499139 -0.402615319
v 0.710515045 -0.102348214 -0.113237139
v 0.638934814 -0.115354136 -0.101884774
v 0.60682224 -0.110678559 -0.113442018
v 0.419321381 -0.141521467 -0.105068694
v 0.421815397 -0.136072143 -0.0873096203
v 0.41992464 -0.158484741 -0.0848503964
v 0.556412107 -0.13308911 -0.131845534
v 0.715843912 -0.0808513499 -0.128736359
v 0.61742395 -0.125275874 -0.0915708264
v 0.672444547 -0.150746425 -0.0279436806
v 0.692609513 -0.148946141 -0.0409680146
v 0.697737212 -0.152463662 -0.021575448
v 0.700557615 -0.153392544 -0.000587739943
v 0.715925833 -0.156542359 -0.0079111856
v 0.362191558 -0.269209135 -0.0626923315
v 0.361347294 -0.262491522 -0.0907659376
v 0.347859035 -0.277253067 0.0486915714
v 0.341982595 -0.236265522 -0.158440327
v 0.36435287 -0.21905091 -0.168020418
v 0.199138821 -0.289391367 -0.120832412
v 0.184646745 -0.294707372 -0.0991570979
v 0.164667602 -0.300425408 -0.120348616
v 0.669234059 -0.145376864 -0.0497065717
v 0.713031483 -0.151846012 -0.0413337993
v 0.414303354 -0.0529421421 -0.170696599
v 0.414903161 -0.0182791638 -0.168949883
v 0.422942469 -0.0358136594 -0.117539035
v 0.419337603 -0.041925575 -0.144686538
v 0.41453496 -0.211840208 0.0138282708
v 0.416371914 -0.200203961 0.0326544405
v 0.726994744 -0.164649441 -0.024829095
v 0.720441213 -0.15216181 -0.0640992175
v 0.363401428 -0.150600909 -0.241782099
v 0.372910056 -0.132116223 -0.246291315
v 0.359464457 -0.131659098 -0.265945556
v 0.421292117 -0.0601487713 -0.130224934
v 0.412734221 -0.0863890674 -0.167313098
v 0.406016663 -0.117791861 -0.177221032
v 0.408165374 -0.00675177543 -0.201284983
v 0.658642083 -0.0121199479 -0.156596879
v 0.383616402 -0.260925149 -0.0485634296
v 0.215595238 -0.293037823 -0.00854160835
v 0.195410777 -0.295694269 0.0165794826
v 0.399173115 0.229591866 0.064769607
v 0.141840595 -0.305916675 0.02418268
v 0.561435952 -0.193513882 -0.0271253536
v 0.331851383 -0.279124966 0.0599712841
v 0.27682065 -0.273444795 0.0956498576
v 0.416002145 -0.166187305 -0.110431557
v 0.392527953 -0.235112771 -0.1125553
v 0.593607557 -0.125076838 -0.0969463581
v 0.330171109 -0.0867302567 -0.46449742
v 0.328678385 -0.0936480372 -0.49745715
v 0.323088497 -0.10844018 -0.47652696
v 0.316347831 -0.201135932 -0.234530932
v 0.37937915 -0.195938808 -0.177249878
v 0.0955067378 -0.332840851 -0.485738935
v 0.0803322673 -0.33754657 -0.514986986
v 0.0735166198 -0.339998921 -0.487318027
v 0.184706399 -0.293509642 -0.147652218
v 0.214333573 -0.282168385 -0.141318348
v 0.209287892 -0.281620137 -0.173972241
v 0.177133527 -0.293310587 -0.304845263
v 0.223897913 -0.258671205 -0.333898608
v 0.16272803 -0.301034283 -0.369855675
v 0.301226871 -0.14876286 -0.412694955
v 0.293010281 -0.164080119 -0.434846298
v 0.284860273 -0.175082479 -0.409627391
v 0.23115722 -0.280440325 -0.116131479
v 0.26443282 -0.269606518 -0.124225032
v 0.239838208 -0.272450634 -0.148413973
v 0.254087798 -0.276918335 -0.10132689
v 0.272667027 -0.273827508 -0.0990735129
v 0.227309795 -0.269589944 -0.193055112
v 0.24291262 -0.265659 -0.176706031
v 0.273104729 -0.257209751 -0.156666224
v 0.26767562 -0.249912385 -0.186645921
v 0.294451958 -0.241618199 -0.17609738
v 0.0295961371 -0.325050296 -0.0239021979
v 0.00813555728 -0.324390149 -0.009111725
v 0.0329470001 -0.322833382 -0.000137736372
v 0.308308988 -0.28129285 0.0563930596
v 0.282800953 -0.285724209 0.0339280483
v 0.173552598 -0.296705808 -0.1701794
v 0.0370797331 -0.318157139 0.184631206
v 0.0229739086 -0.320499009 0.0538710271
v 0.00767591969 -0.319731407 0.0701715472
v 0.248274699 -0.288733248 -0.0194354868
v 0.225416239 -0.290342111 -0.0372561461
v 0.0598984808 -0.326978995 -0.104895825
v 0.109439911 -0.309725031 0.0984949634
v 0.0953804962 -0.313420962 0.0725925127
v 0.0434302492 -0.324537248 -0.237102321
v 0.0693501877 -0.323412625 -0.234308449
v 0.383013637 -0.21235153 -0.158314091
v 0.0389108745 -0.32084744 0.028696629
v 0.0671208601 -0.318426798 0.0162865263
v 0.0672856042 -0.31843082 0.0379562196
v 0.0482449458 -0.318626036 0.0561918916
v 0.16872101 -0.299198831 0.0646467236
v 0.633104508 0.0606342437 0.138126348
v 0.618711589 0.0479252303 0.144349623
v 0.264280457 -0.287851061 0.0101044516
v 0.0102713774 -0.32597193 -0.0347558468
v 0.162439012 -0.302883882 -0.0398029037
v 0.405048263 -0.202226891 -0.124468507
v 0.217816216 -0.289591429 -0.0638131078
v 0.248578046 -0.28568912 -0.0540794965
v 0.236858301 -0.283555166 -0.0851687547
v 0.263663402 -0.279796705 -0.0789344668
v 0.107550095 -0.315406152 -0.0455045719
v 0.329706993 -0.281796898 0.0422570475
v -0.0619900113 -0.337350906 -0.58138273
v 0.209333412 -0.288663863 -0.0930210672
v 0.186153211 -0.295287402 -0.0700310443
v -0.0169946653 -0.318992655 0.219074121
v 0.11293959 -0.315361881 -0.101476549
v 0.0979101612 -0.319390055 -0.110756863
v 0.0947243492 -0.319097486 -0.0805201966
v 0.120084699 -0.31322913 -0.0762270044
v 0.198614878 -0.294814499 -0.0392102784
v 0.153665194 -0.30398664 -0.151087875
v 0.133120513 -0.310323096 -0.157390976
v 0.125621909 -0.312739805 -0.130381321
v -0.0209188433 -0.314940995 -0.332565968
v 0.0814458752 -0.323673832 -0.134261832
v 0.112310128 -0.316726155 -0.161179856
v 0.0790139109 -0.324220378 -0.176555578
v 0.0648394445 -0.326712451 -0.152538538
v -0.0765604122 -0.308935813 -0.315431068
v 0.417732393 -0.0647744631 -0.14754745
v 0.1357956 -0.309147126 -0.0998702849
v 0.0797825792 -0.323638713 -0.103323364
v 0.293671156 -0.193095625 -0.299416916
v 0.291294027 -0.183884255 -0.3286464
v 0.0952536519 -0.320898006 -0.219843284
v 0.0719701573 -0.323927606 -0.207562656
v -0.0503273151 -0.311915513 -0.323917024
v 0.257006151 -0.213228292 -0.405148529
v 0.0937849206 -0.321659928 -0.280538251
v 0.071216973 -0.333875733 -0.399148558
v 0.0790037255 -0.335956866 -0.424358356
v 0.268687092 -0.197689174 -0.396644412
v 0.279831509 -0.184944089 -0.377579411
v 0.234187839 -0.241846325 -0.425932186
v 0.045718647 -0.328590963 -0.168288345
v 0.0580900417 -0.343202925 -0.507136134
v 0.0298352124 -0.345945849 -0.494621737
v 0.318567119 0.161448482 -0.417398235
v 0.392976306 -0.220049357 -0.134147266
v 0.101804165 -0.321943126 -0.314381304
v 0.113310903 -0.320743574 -0.338469316
v 0.0885667487 -0.32613044 -0.347722255
v 0.24707393 -0.229061857 -0.453439574
v -0.00495522513 -0.340874519 -0.46194857
v -0.0267161687 -0.334347523 -0.448783648
v 0.0177037146 -0.327327929 -0.383027738
v 0.561226042 -0.184088614 -0.0655612635
v 0.362526812 -0.274394436 0.0110802932
v 0.139234118 -0.303388201 -0.59640643
v 0.173859881 -0.276957473 -0.613701879
v 0.157304755 -0.291081778 -0.599771993
v 0.0117411129 -0.345859103 -0.523234896
v 0.0405744619 -0.33368827 -0.396347268
v 0.101142073 -0.312070154 -0.605679491
v 0.11514088 -0.310738039 -0.600517717
v -0.165148982 -0.309239245 -0.548939332
v -0.0473008371 -0.333498997 -0.598333342
v 0.0787039183 -0.338218717 -0.456015589
v 0.0520772598 -0.343501265 -0.467012542
v 0.33558833 -0.137323248 -0.2995257
v 0.343437375 -0.139099509 -0.280693976
v 0.328598159 -0.15385484 -0.289002173
v 0.236229476 -0.241283939 -0.374346386
v 0.30694189 -0.140292625 -0.440088674
v 0.0862213211 -0.322068557 -0.24791822
v -0.0179155977 -0.316718933 -0.354070299
v 0.335967544 -0.0694270715 -0.431231679
v 0.26180904 -0.214365504 -0.48125366
v 0.24728452 -0.231465294 -0.492639234
v 0.294589613 -0.169593765 -0.486449642
v 0.30908222 -0.14432197 -0.492564076
v 0.304063884 -0.156025492 -0.513265698
v 0.16976738 -0.279830645 -0.608547211
v 0.191437577 -0.27728717 -0.597768169
v 0.156873506 -0.293634833 -0.597753874
v 0.321342137 -0.110388219 -0.41604589
v 0.312290332 -0.128942512 -0.41938095
v 0.319696921 -0.112929683 -0.445548274
v 0.314816364 -0.100321832 -0.603667587
v 0.245381342 -0.243066394 -0.304549971
v 0.268742837 -0.226126895 -0.279125559
v 0.25965895 -0.228361191 -0.304622223
v 0.322799799 -0.147240039 -0.315892057
v 0.684982447 -0.0199943602 -0.149248066
v 0.313328617 -0.137475158 -0.555419585
v 0.238175508 -0.285420871 -0.576402971
v 0.170287623 -0.323175588 -0.574283761
v -0.0251747119 -0.354656487 -0.531729962
v 0.26551949 -0.208853181 -0.603819452
v 0.251194288 -0.216885846 -0.612600059
v 0.234266567 -0.231009376 -0.611887249
v 0.331771626 -0.0680182566 -0.563607859
v 0.301725651 -0.143251642 -0.602602681
v 0.302860912 -0.138841935 -0.602529627
v 0.37766354 -0.142318976 -0.229922877
v 0.289623978 -0.242670228 -0.573626137
v 0.349246594 -0.118078059 -0.296301109
v 0.341885098 -0.0525460635 -0.413303611
v 0.182127964 -0.291675354 -0.245547603
v 0.248142695 -0.23610396 -0.322836762
v 0.218478485 -0.271477281 -0.233445497
v 0.23958966 -0.258843557 -0.218979233
v 0.276993441 -0.213482987 -0.295689128
v 0.28859864 -0.218204666 -0.246177472
v 0.299621413 -0.200451282 -0.267649128
v 0.229230145 -0.248289236 -0.508396797
v 0.420430724 -0.118796863 -0.0987613265
v 0.342177606 0.0828099505 -0.466325003
v 0.304996078 -0.155870857 -0.542893112
v 0.293496593 -0.171027069 -0.574348924
v 0.305498765 -0.153523633 -0.567813259
v 0.312664824 -0.132356758 -0.468654301
v -0.120483142 0.0655779042 -0.430531207
v 0.322635699 -0.00702375271 -0.618272267
v 0.326091901 -0.116690989 -0.363874464
v 0.324766073 -0.131212982 -0.338818623
v 0.310752531 -0.143835143 -0.361801137
v 0.339120497 0.100874394 -0.447999609
v 0.333203054 -0.0774592165 -0.515014243
v 0.401924297 0.00638590007 -0.225571462
v 0.396742159 0.0252741162 -0.243247218
v 0.277232589 -0.231337587 -0.227898743
v 0.393077019 -0.0843586894 -0.238396648
v 0.356688298 -0.0722334432 -0.323333642
v 0.348114002 -0.0764121348 -0.345488038
v 0.328890138 -0.182203385 -0.247756497
v 0.30943382 -0.144109415 -0.574469858
v 0.656298546 0.13985662 -0.0472333276
v 0.33802652 -0.0737559997 -0.39725297
v 0.331497416 -0.0806516941 -0.542325544
v 0.327692246 -0.0941564953 -0.433990892
v 0.33475763 -0.127537174 -0.317637934
v 0.307644523 -0.159442486 -0.335704289
v 0.32754778 -0.10289178 -0.390483283
v 0.338504913 -0.0886041675 -0.366307233
v 0.662010887 -0.0450969167 -0.147030474
v 0.249883409 -0.228494582 -0.535192263
v 0.312568996 -0.13968515 -0.523028732
v 0.31992093 -0.119226719 -0.502979603
v 0.329922255 -0.0904705569 -0.413843471
v 0.33820808 0.10280297 -0.471320957
v 0.314829737 -0.127562656 -0.391892405
v 0.401682981 -0.0207100008 -0.229252217
v 0.317596249 -0.175368845 -0.278067061
v 0.34237586 -0.157876355 -0.260930715
v 0.297283201 -0.158743485 -0.384028267
v 0.399062164 -0.139164042 -0.185444077
v 0.240319028 -0.228101026 -0.609751322
v 0.309207142 -0.170592984 -0.307192326
v 0.2143942 -0.271193309 -0.273756731
v 0.279402345 -0.184823329 -0.439788721
v 0.242843685 -0.241600883 -0.598031785
v 0.331106514 0.0538760656 -0.599506683
v -0.292771942 -0.199071404 -0.448261558
v -0.195167565 -0.191114018 -0.571388849
v -0.718127094 -0.12699227 -0.109021952
v -0.41354737 -0.0299011188 -0.120356786
v -0.139277468 -0.315201744 -0.586096484
v -0.14424783 -0.305055733 -0.60031147
v -0.276520348 -0.219107448 -0.481409833
v -0.150143754 -0.315090215 -0.561584339
v -0.302242376 -0.197924027 -0.363927368
v -0.322124661 -0.175177488 -0.345502672
v -0.409356324 -0.104277626 -0.0599333174
v -0.591146413 -0.135018879 -0.0789460568
v -0.277776926 -0.218129728 -0.454128656
v -0.265623896 -0.23265439 -0.425819839
v -0.210251018 -0.160680873 -0.564372089
v -0.150678864 -0.315496339 -0.532684761
v -0.0661194451 -0.339090007 -0.553680373
v 0.213727432 -0.252606024 -0.601153718
v -0.0481783526 -0.313640465 -0.358666422
v -0.130695315 -0.304047402 -0.371820875
v -0.606222435 0.0408800179 -0.171847297
v 0.23461406 -0.243040638 -0.459655725
v 0.0106713543 -0.321478045 -0.245958072
v -0.0138710742 -0.321013509 -0.232139139
v 0.0512097523 -0.325488986 -0.217863441
v 0.0118330684 -0.336974888 -0.429511891
v 0.0192788672 -0.325080968 -0.364027198
v -0.000985130689 -0.327182591 -0.184992062
v 0.164792942 -0.283215651 -0.615409084
v 0.0874435942 -0.315232223 -0.599357182
v -0.000830072467 -0.345049839 -0.492226499
v -0.185850933 -0.286826878 -0.26965884
v -0.122879324 -0.324991941 -0.559812696
v 0.0610890352 -0.3309759 -0.371426152
v 0.0410766197 -0.341665631 -0.441014344
v 0.215572491 -0.24617649 -0.614173845
v 0.00570215879 -0.323144147 0.0180619281
v 0.0637646793 -0.339785923 -0.440026248
v 0.0305370233 -0.337595246 -0.423822234
v -0.00780100311 -0.325364119 -0.022179417
v 0.204271986 -0.281732029 -0.209154636
v 0.225981858 -0.268873492 -0.210972733
v 0.071706103 -0.322939459 -0.052930907
v 0.0693299685 -0.324230242 -0.0838668106
v 0.194435121 -0.284148194 0.162261033
v 0.0542161998 -0.338030305 -0.419016651
v 0.0723211793 -0.323250143 -0.261463049
v 0.030223945 -0.320895365 -0.300663328
v 0.00700970683 -0.319750395 0.238359084
v -0.0926274694 -0.310575135 -0.224394729
v -0.0338076256 -0.325915499 -0.122539816
v 0.293649402 -0.171050713 -0.356246028
v -0.0420751131 -0.323924196 -0.149757368
v 0.0111473132 -0.32756872 -0.0508010749
v -0.0520699164 -0.320758142 -0.174479422
v -0.235110693 -0.283463312 -0.0964454712
v 0.244287775 -0.259509094 -0.200853627
v -0.182341222 -0.300246159 0.0811253364
v 0.138325521 -0.312101035 -0.327240091
v -0.113735639 0.195700623 -0.558079936
v -0.0210738238 -0.326761576 -0.15871265
v 0.0729706921 -0.315978145 0.0649321238
v 0.0104396165 -0.320143177 -0.272302291
v -0.00479289963 0.228848359 -0.55517205
v -0.383194181 -0.204001366 -0.149021712
v -0.269801824 -0.247207247 -0.244773066
v -0.414606318 -0.111076995 -0.0737663913
v -0.417822726 -0.130046073 -0.0705235627
v -0.300302986 -0.212153582 -0.292646388
v -0.312267232 -0.214350666 -0.246624033
v -0.295802006 -0.232157155 -0.234375187
v -0.306771874 -0.233821702 -0.205862206
v -0.417915077 -0.144808592 -0.0473013909
v -0.374213421 -0.24462209 0.0725814245
v -0.554119943 -0.13954992 -0.0854493691
v -0.31584529 -0.245208696 -0.163026765
v -0.32723863 -0.232439073 -0.182672538
v -0.33193176 -0.218918172 -0.203080072
v -0.349442371 -0.228661018 -0.168485036
v -0.312596544 -0.206932567 -0.267947158
v -0.289731187 -0.228652299 -0.26281524
v -0.225605831 -0.283667414 -0.116160427
v -0.154369797 -0.306870224 0.0131679163
v -0.195596415 -0.290882425 0.517655181
v -0.172861692 -0.300754151 0.104877499
v -0.154998638 -0.305562935 0.0915262956
v 0.0809387085 -0.360890981 0.568342833
v 0.00237375259 -0.31914615 0.208066435
v 0.00176815383 -0.320823579 0.0475413449
v -0.102593387 -0.310322818 0.29670578
v -0.409037444 0.124228329 0.14422609
v -0.410910333 0.103829323 0.170816126
v -0.398236818 0.135829985 0.176582509
v -0.324775336 0.213747094 0.207975147
v 0.0579531351 -0.318541794 0.276475623
v 0.0827238746 -0.315151936 0.264064978
v 0.143851935 -0.301382401 0.289860034
v -0.0902060112 -0.325605219 0.449914804
v 0.0105710758 -0.359802277 0.55553474
v 0.0898926444 -0.316049334 0.0129265913
v 0.164833479 -0.281820961 -0.612391236
v -0.101977115 -0.314667599 0.371840885
v -0.299976096 -0.190100063 0.552450485
v -0.184899283 -0.189434931 0.630120988
v -0.268285121 -0.256693321 0.568813856
v -0.187702747 -0.291686169 0.464336763
v -0.289762839 -0.0231231105 0.645586226
v -0.195587037 -0.321378732 0.565333546
v 0.00591612642 -0.269477355 0.629140444
v -0.283175868 0.0127512538 0.635512356
v -0.340603599 -0.120928756 0.318837894
v -0.359346243 -0.234494338 0.126189637
v -0.349880738 -0.122547645 0.57749001
v -0.589400522 -0.152738575 -0.00514566076
v -0.611985343 -0.149612982 -0.0184980834
v -0.360892611 -0.20524489 0.178319376
v -0.353338455 -0.201601769 0.193019044
v -0.377914476 -0.191771546 0.157955744
v -0.353102108 -0.259049848 0.0807796156
v -0.689073069 -0.132824166 0.0721929139
v -0.406285136 0.0685324096 0.212196162
v -0.388732818 0.0668593797 0.26263376
v -0.381750848 0.0897100189 0.268369623
v -0.380292443 0.0493503017 0.286165117
v -0.373760771 0.0795518974 0.286387223
v -0.54987125 -0.0720370676 0.144795297
v -0.418341314 0.0157608212 0.18770145
v -0.414779041 0.0705994683 0.18269399
v -0.397906074 0.0722683764 0.237613187
v -0.39761334 -0.0538819221 0.234791483
v -0.23325133 0.10267491 0.627227266
v -0.0923098923 0.337410326 0.578954931
v -0.0806010608 0.333263121 0.573759151
v -0.240344497 0.0667126195 0.625793355
v -0.23325091 0.0813473095 0.625840881
v -0.251353683 0.0910512911 0.628284389
v -0.348989534 -0.0638138479 0.511726456
v -0.328641429 0.199207571 0.224735579
v -0.292821402 0.00230633815 0.644514585
v -0.246819267 0.170588351 0.65015946
v 0.328039932 0.139314822 -0.417193873
v -0.218147714 0.27656998 0.539499298
v -0.669935419 0.169883289 -0.0168219082
v 0.270049565 0.289461587 -0.237625806
v 0.331923869 0.214999233 -0.264003607
v -0.358313817 0.194712466 0.146638037
v -0.0166115617 0.211664761 -0.548707501
v 0.387331027 0.22557214 -0.148048211
v -0.4072458 0.0895984794 0.197049285
v -0.66010704 -0.0561872506 0.136234373
v -0.708321743 0.00535812382 0.170612481
v -0.154918351 0.307101449 -0.541472021
v -0.0789963481 0.332170085 -0.521824579
v -0.704065283 -0.143819513 0.0552841811
v -0.660931508 0.110763496 -0.140607083
v -0.304608145 -0.157045566 -0.567293384
v -0.340043836 0.142885619 -0.459094987
v -0.620435405 -0.122754449 -0.0905820083
v -0.416012275 -0.154146492 -0.0688610566
v -0.31193232 -0.193260226 -0.321285474
v -0.603279007 -0.117434431 -0.10029884
v -0.622757163 -0.149835257 0.00420496883
v -0.667045304 -0.148691662 -0.0273066603
v -0.656337519 -0.149787123 0.00260296607
v -0.687083655 -0.120422888 0.0926114927
v -0.55004516 -0.152398686 0.0487690458
v -0.588273125 -0.131334532 0.0753677896
v -0.39999879 -0.160801137 0.125569005
v -0.194803445 0.132304509 -0.583317091
v -0.330261449 -0.116424397 -0.521008528
v -0.187994105 0.0595128248 -0.568135575
v -0.204771117 0.139477854 -0.597178185
v 0.0442906274 0.233959479 -0.554433577
v 0.238351151 0.124310926 -0.465352901
v 0.229084273 0.130107773 -0.439190794
v 0.031822455 0.189733145 -0.523292273
v 0.258062906 0.101556407 -0.497622076
v 0.215676676 0.149733586 -0.451052504
v -0.196461763 -0.107819639 -0.526240037
v -0.191384316 0.0166697276 -0.556875171
v 0.229719037 -0.238358875 -0.604416936
v 0.219836696 -0.253131131 -0.598939028
v -0.216821919 -0.00899683408 -0.58145605
v -0.210682539 0.0347177469 -0.580948784
v -0.238023307 0.0179461871 -0.597417385
v 0.0670334029 0.194248402 -0.509901184
v 0.0793904636 0.184399716 -0.498927631
v 0.340922717 0.0971236644 -0.419915392
v -0.147279816 0.304952072 -0.621064246
v 0.00136356366 0.253170425 -0.576347096
v -0.201679551 0.138747863 -0.588417612
v -0.109201195 0.324625619 -0.608061046
v 0.0171709931 0.263066842 -0.585103649
v -0.204659901 0.281854141 -0.597904113
v 0.140340881 0.381514223 -0.0204006144
v -0.130730757 0.318794364 -0.566048916
v -0.143196962 0.311673405 -0.552916665
v -0.170532783 0.331789042 -0.257744302
v -0.0303414745 0.159472659 -0.498996279
v 0.0736852649 0.232728483 -0.544218759
v 0.0675925684 0.214977625 -0.523919602
v 0.140854329 0.204653984 -0.420235335
v 0.0542724147 0.203024251 -0.526844569
v 0.328372951 -0.0670346099 -0.587530324
v 0.320476406 -0.0899554705 -0.595672989
v 0.34893257 0.19653417 -0.260804393
v 0.385994191 0.263134905 0.00508977402
v 0.039239506 0.198636836 -0.530645473
v 0.228922664 0.188634356 -0.593534832
v 0.167339207 0.238932103 -0.594364971
v 0.389456226 0.173675174 -0.212338656
v 0.340781365 0.29363329 -0.0504961239
v 0.148965055 0.199362055 -0.382734639
v 0.183842878 0.172586612 -0.395050114
v 0.278709417 -0.195240155 -0.502879522
v 0.265303923 -0.212899893 -0.52260063
v 0.277533059 -0.192348469 -0.468258478
v 0.296313006 0.190722751 -0.607787044
v 0.289534147 0.210029352 -0.562750514
v 0.27498857 0.229925788 -0.570958282
v 0.141301051 0.208545477 -0.453057342
v 0.152140742 0.211592037 -0.482696243
v 0.172674392 0.20798454 -0.512897926
v 0.17395847 0.198380485 -0.477952526
v 0.335907138 0.119360841 -0.399465232
v 0.152636567 0.231583949 -0.556396601
v 0.124337353 0.235051054 -0.542135652
v 0.174101654 0.308697373 -0.496764495
v 0.166089759 0.220258214 -0.544464783
v 0.184938913 0.219118201 -0.572861754
v 0.206839328 0.188483578 -0.547322288
v 0.208583424 0.195002178 -0.567511547
v 0.231244223 0.168840455 -0.567153425
v 0.250514107 0.255654984 -0.582014065
v 0.21105167 0.285030339 -0.511627982
v 0.234571512 0.269445635 -0.550374531
v 0.228384283 0.272171646 -0.580009913
v 0.232851707 0.269185986 -0.525585656
v 0.194927471 0.25914696 -0.638747904
v 0.07397985 0.300870461 -0.616966222
v 0.201270436 0.221343024 -0.599981176
v 0.281321641 0.210237774 -0.614428838
v 0.249809776 0.256415851 -0.555699158
v 0.185696133 0.208410153 -0.545138028
v 0.337624052 -0.056676913 -0.517959695
v 0.324787119 0.141435483 -0.541667438
v 0.326605822 -0.0154716613 -0.616480648
v 0.297754381 0.126149244 -0.624564259
v 0.293168655 -0.17485171 -0.52658052
v 0.294377907 -0.159810511 -0.599300907
v 0.327328886 -0.0507627324 -0.607882575
v 0.374161452 -0.116236714 -0.257356736
v 0.193187702 0.195059325 -0.525406968
v 0.207206037 0.180885749 -0.523827066
v 0.249853911 0.138082831 -0.564623425
v 0.293797152 -0.160631347 -0.60366374
v 0.289431311 -0.185483352 -0.597397312
v 0.282009574 -0.179541016 -0.608527226
v 0.258711402 0.125134581 -0.568999701
v 0.725425307 -0.0183991018 -0.153644342
v 0.722507505 0.0926881758 -0.127102335
v 0.421130511 0.0830153515 -0.0944549788
v 0.698951156 0.0887884457 0.123969704
v 0.56123578 0.176676426 -0.0401330108
v 0.724787053 -0.102751262 -0.123925818
v 0.326343125 0.0174968523 -0.620630523
v 0.356364847 0.104742254 -0.313300819
v 0.394972353 0.16235703 -0.200687767
v 0.720082972 0.150742565 -0.021943828
v 0.368620433 0.179191294 -0.247291559
v 0.399271359 0.139744858 -0.201099761
v 0.333569581 0.268268508 -0.157454117
v 0.641482161 0.146813066 -0.0299897103
v 0.603000171 0.164464178 0.0071443284
v 0.653925548 0.147440809 -0.00441772102
v 0.396682223 -0.115660999 0.216556593
v 0.718268819 0.120595674 0.0899815981
v 0.628988223 -0.0347057774 0.148027491
v 0.418119502 -0.0481037846 0.173971447
v 0.594748159 0.0901663336 0.125541397
v 0.658449939 0.06196422 0.138071216
v 0.618464979 0.0766589964 0.131672906
v 0.157622041 0.327317103 0.572567669
v 0.580793148 0.120761563 0.102576431
v 0.597145193 0.111017068 0.108609198
v 0.418690061 0.165364169 0.0795212744
v 0.338137888 0.0917641017 0.435562335
v 0.0837597156 0.23872307 0.627314127
v 0.092996685 0.350599452 0.571873205
v 0.157433063 0.191939446 0.62465667
v 0.28956243 0.232939294 0.571527119
v 0.230625451 0.181423639 0.65148729
v 0.23770994 0.12452943 0.632531846
v 0.236186662 0.143691954 0.637300203
v 0.269403067 0.0283481348 0.628185066
v 0.257067307 0.0883626363 0.632276788
v 0.28109004 0.0684284802 0.644321966
v 0.350641726 -0.00932167852 0.47928577
v 0.351095575 0.00601472931 0.456038535
v 0.350703191 0.0121949167 0.497373963
v 0.270163456 0.0694302903 0.633930914
v 0.279858088 0.0478086004 0.634521268
v 0.246500373 -0.0755488729 0.623323284
v 0.249453351 -0.0466201505 0.622942604
v 0.344152012 0.0659009043 0.448602433
v 0.377053773 -0.0450804748 0.291663611
v 0.423616353 -0.0548803922 0.153962134
v 0.374939018 -0.116437464 0.258771181
v 0.55029112 0.0329126187 0.168982785
v 0.59630835 -0.0409997968 0.14975966
v 0.547420335 0.036720844 0.161587709
v 0.722718157 0.137204369 0.0802017068
v 0.593146632 -0.114043238 0.105589262
v 0.721692571 -0.121054817 -0.107606294
v 0.560706615 -0.161935888 0.0277568398
v 0.552784652 -0.166191522 0.0032976009
v 0.677447936 -0.153020076 -0.00543895691
v 0.275954464 -0.225033043 0.535817968
v 0.266064767 -0.226414674 0.297216825
v 0.243771218 -0.243801227 0.320990131
v 0.687022701 -0.106938047 0.10740477
v 0.665129156 -0.140512762 0.059103009
v 0.422755854 -0.0867801375 0.140811147
v 0.388163926 -0.114658681 0.237133849
v 0.302362871 -0.172515266 0.420498941
v 0.388522285 -0.132148281 0.223702356
v 0.337836828 -0.263877074 -0.105973391
v 0.386538999 -0.229043879 0.115277775
v 0.394153365 -0.230074034 0.0924885404
v 0.377536174 -0.0886517819 0.271099857
v 0.282661958 -0.20681081 0.512949706
v 0.303281455 -0.180804864 0.525661411
v 0.316026459 -0.155908585 0.517611006
v 0.295367291 -0.198199478 0.535068279
v 0.326903669 -0.140786929 0.532062951
v 0.17017804 -0.193736689 0.626008109
v 0.149801437 -0.178976049 0.623649812
v 0.109361289 -0.354415052 0.56847351
v 0.221473002 -0.264151133 0.463799843
v 0.291792125 -0.286467724 0.00832242701
v 0.349685106 -0.0996633387 0.547136563
v 0.343213037 -0.103292041 0.534757637
v 0.350975104 -0.0760097583 0.534590293
v 0.149062574 -0.210908204 0.626381564
v 0.210462162 -0.200354994 0.640991463
v 0.182368794 -0.292678608 0.486496605
v 0.199477121 -0.298159577 0.549082654
v 0.220646868 -0.267426867 0.493812799
v 0.238105417 -0.260752799 0.53196876
v 0.226862425 -0.263691495 0.50195286
v 0.093619301 -0.2472704 0.62751912
v 0.154655927 -0.297590409 0.161320629
v 0.140017538 -0.309340093 -0.178837046
v 0.191627812 -0.293982358 0.0655789337
v 0.282375286 -0.282019924 -0.0520423274
v 0.312891356 -0.280957185 -0.0338094868
v 0.282936293 -0.285434544 -0.0185086127
v 0.361678851 -0.251853597 -0.118074666
v 0.386127819 -0.260311946 -0.0251966532
v 0.377829631 -0.266088908 -0.00662529532
v 0.128749151 -0.317949007 -0.39055409
v 0.127835265 -0.317357966 -0.358281716
v 0.261223518 -0.246247691 -0.212922052
v 0.380694657 -0.249152044 -0.103020433
v 0.548544963 -0.172621329 0.0262704251
v 0.342355906 -0.102708259 -0.332675735
v 0.386834937 -0.0735215412 -0.260719376
v 0.419087742 -0.121514131 -0.0775877596
v 0.365247526 -0.271528619 -0.0314422844
v 0.217267854 -0.244681247 -0.607499765
v 0.0724681893 -0.338794801 -0.52900824
v 0.135126302 -0.309360713 -0.0541711102
v 0.289463407 -0.275464377 -0.082191047
v 0.265146512 -0.285671544 -0.0356140491
v 0.0841155858 -0.318516341 -0.0175950982
v 0.174900292 -0.295903767 -0.200243516
v 0.0864095017 -0.324881531 -0.584119998
v 0.0903412619 -0.321559118 -0.198530944
v 0.108059165 -0.31782423 -0.192332439
v 0.0991950355 -0.331300036 -0.445438282
v 0.289939694 -0.208269377 -0.586099308
v 0.278832351 -0.19630289 -0.537820299
v 0.264777716 -0.211754329 -0.566261763
v 0.226943234 -0.23934998 -0.611251142
v 0.255930346 -0.214936557 -0.602161093
v 0.235991884 -0.23770323 -0.580303494
v 0.274483571 -0.189858903 -0.610815404
v 0.304947649 -0.152398368 -0.578294231
v 0.367109947 -0.0648582459 -0.303997009
v 0.381390548 -0.0952708062 -0.259677381
v 0.352126461 -0.171196046 -0.233010494
v 0.301156839 -0.153455625 -0.461899821
v 0.289963524 -0.172296843 -0.457455429
v 0.269333253 -0.208412586 -0.542533179
v 0.0391557895 0.340532262 -0.521683132
v 0.160145898 0.192086626 -0.413535935
vn 0.744410497 -0.150077366 -0.650637991
vn 0.919709496 -0.0791386012 -0.384540667
vn 0.80706537 -0.182170516 -0.561657718
vn -0.95439985 0.195004657 -0.226040062
vn -0.9152546 0.311638941 0.255323692
vn -0.140780771 -0.109350763 0.983983326
vn 0.0171569612 -0.980518094 -0.195678068
vn 0.0605876253 -0.974339235 -0.216776832
vn 0.0655125569 -0.982699101 -0.173235624
vn 0.607079175 0.521704072 -0.59939948
vn 0.793999332 0.440682343 -0.41876501
vn 0.759605718 0.246172739 -0.601995129
vn -0.775246142 -0.629353501 -0.0539220685
vn -0.730048763 -0.681101877 -0.0559378031
vn -0.777571341 -0.62392758 -0.078084478
vn 0.964971315 0.0292349575 0.260721457
vn 0.956720962 0.093928665 0.275431311
vn 0.968492461 0.0979641111 0.228965904
vn -0.0060383366 0.198071276 -0.98016902
vn -0.0242539569 0.528491343 -0.848592155
vn -0.0817453649 0.941703562 -0.32636191
vn 0.335675853 0.124667958 -0.933691395
vn -0.495763876 -0.158537023 -0.85386427
vn -0.322563334 -0.208451036 -0.92330984
vn -0.363177342 -0.931370292 0.0255263931
vn -0.267969803 -0.962286299 0.0468749831
vn -0.318502841 -0.947826089 0.013477594
vn 0.697318522 0.505560278 -0.508090233
vn 0.57261313 -0.011295472 -0.819747897
vn 0.713790168 0.024649681 -0.699925702
vn -0.984933205 -0.14241984 -0.0980977624
vn -0.986760565 -0.161381771 -0.0161093661
vn -0.998581115 0.0193015121 -0.0496307282
vn 0.211217997 -0.977378577 0.0108662449
vn 0.300605005 -0.953743402 0.0031866813
vn 0.309562002 -0.950445532 0.0287168649
vn 0.384965321 0.294834892 -0.874570802
vn 0.478700215 0.639183817 -0.601905435
vn 0.190033778 0.391152821 -0.90049244
vn -0.154874205 -0.95712009 -0.24481649
vn -0.159666824 -0.968399315 -0.191596642
vn -0.124113505 -0.9731759 -0.193712429
vn -0.648256708 -0.747741684 -0.14368582
vn -0.586495005 -0.771652261 -0.246122726
vn -0.554260586 -0.825935087 -0.103084598
vn -0.0686597162 0.0375004299 0.996935084
vn -0.0924688632 0.0135260009 0.995623702
vn -0.0785257324 0.133634285 0.987914767
vn -0.530084063 -0.847515632 -0.0269840528
vn -0.589356613 -0.807493929 -0.0247454551
vn -0.610435331 -0.790317493 -0.0526019657
vn -0.65605661 -0.73603215 0.166872403
vn -0.58812296 -0.772076253 0.240851912
vn -0.559673779 -0.815721635 0.146162496
vn -0.156193743 -0.0738069312 -0.984965
vn -0.460000402 -0.334294221 -0.82258556
vn -0.554932332 -0.63210778 -0.540823319
vn -0.218390885 -0.0714786459 -0.973240065
vn 0.0922873359 -0.0778477001 -0.992684634
vn 0.0712622714 -0.234049391 -0.969609494
vn -0.198809447 -0.974289852 0.105990979
vn -0.265307058 -0.95776694 0.110881259
vn -0.211154295 -0.968021445 0.135456066
vn -0.814832734 -0.543314327 -0.202131535
vn -0.790814681 -0.445633844 -0.419550494
vn -0.782340961 -0.540203941 -0.310036002
vn -0.0897448193 -0.994486462 0.0542452266
vn -0.105550425 -0.993379647 0.0453429566
vn -0.103220984 -0.993696285 0.0437392516
vn -0.654084049 -0.430624527 -0.621881479
vn -0.833483233 -0.536089356 -0.133842828
vn -0.839306673 -0.543545546 -0.0110701365
vn -0.611473215 -0.694970628 0.378307194
vn -0.372684695 -0.844780884 0.383993979
vn -0.465167191 -0.774193082 0.429237179
vn -0.127828333 -0.991747546 0.00983473924
vn -0.160184684 -0.98700834 -0.0124660786
vn -0.130586986 -0.991436049 0.00126504685
vn 0.0669150249 0.554482077 0.829501058
vn 0.0477818395 0.226122775 0.972926198
vn 0.138955378 0.374550601 0.916735104
vn 0.0147221264 -0.621172794 -0.783535334
vn -0.0277603061 -0.965723069 -0.258085875
vn -0.101863892 -0.43104841 -0.896560659
vn 0.190453212 -0.953821833 -0.232274589
vn 0.116699385 -0.990698353 -0.069985911
vn 0.156317491 -0.706164406 -0.690577059
vn -0.636791397 -0.770601059 -0.0258983534
vn -0.715405751 -0.697641386 -0.0386148663
vn -0.638284359 -0.763860855 -0.0954446016
vn -0.125895961 -0.991449184 0.0343325307
vn -0.104838641 -0.994251035 0.0217655455
vn -0.370776359 -0.927712239 0.0433000441
vn -0.389164539 -0.919711987 0.0517766526
vn -0.473452643 -0.880293377 0.0304329507
vn -0.758035986 -0.625487728 -0.18478784
vn -0.113184078 -0.993028453 0.0329219797
vn -0.098357278 -0.99486693 0.0237831132
vn -0.123460501 -0.992049536 0.0243971858
vn -0.156346107 -0.949496642 -0.272051506
vn -0.204865779 -0.942472618 -0.264150293
vn -0.16788528 -0.967170503 -0.190776705
vn -0.174955746 -0.907119122 -0.382786345
vn -0.175327113 -0.867494684 -0.46552484
vn 0.210207209 -0.946603632 -0.24444732
vn 0.183291317 -0.960177057 -0.210865626
vn 0.205029091 -0.919215932 -0.336162376
vn -0.0491063852 0.132762294 0.989930672
vn -0.0254856413 -0.0735071269 0.996968999
vn 0.0143716802 0.048317746 0.998728617
vn 0.974653068 0.108679638 0.195550846
vn 0.741362509 0.505790775 0.441086526
vn 0.976691316 0.0946780849 0.192639907
vn -0.145431418 -0.865161266 -0.479943421
vn -0.967555015 -0.122885428 0.220763368
vn -0.99528135 -0.0888551222 0.0389846356
vn -0.971492783 -0.119167379 0.204941231
vn -0.920513283 -0.30598488 -0.242957916
vn -0.904380826 -0.263486748 -0.335663605
vn -0.930730048 -0.175282932 -0.320963349
vn -0.988986696 0.143113104 -0.0377353179
vn -0.983401778 0.107828905 -0.145924193
vn -0.9676708 0.24174408 -0.0719237215
vn 0.579863478 0.813861287 0.037257916
vn 0.998836989 -0.0311373828 -0.0368121271
vn 0.720007407 0.688135224 0.0897733157
vn -0.429992665 -0.902828501 -0.00264674643
vn -0.447879652 -0.89393193 -0.0170153449
vn -0.386928978 -0.916463863 0.101882062
vn -0.441799769 -0.890236654 0.110867779
vn -0.426024001 -0.891817692 0.152199718
vn -0.197203777 -0.980362254 0.000722166499
vn -0.200606835 -0.979658427 -0.00512482882
vn -0.212190929 -0.976878914 -0.0261265441
vn -0.0505296684 0.0147696878 0.998613343
vn -0.992143846 0.1142724 -0.0509156962
vn -0.957992354 0.0268753607 0.285531722
vn -0.97281033 0.149316 -0.177044611
vn -0.998819825 -0.0146689934 -0.0463009511
vn -0.967831256 -0.174636346 0.181120973
vn -0.98787722 -0.0633359134 0.141729182
vn -0.954061211 -0.0424982287 0.296582377
vn -0.526791237 -0.849981181 -0.0047942478
vn -0.155732896 -0.986788396 0.0446757965
vn -0.206399214 -0.977498946 0.0435335989
vn -0.258595633 -0.963938901 0.0628497622
vn -0.128124683 0.0393545066 0.990976936
vn -0.686093122 -0.644036554 0.338368356
vn -0.145599193 -0.749040946 -0.646326957
vn -0.492101461 -0.869997826 -0.0306583768
vn -0.467299466 -0.883700467 -0.0265460553
vn -0.55579363 -0.831162499 -0.0161969457
vn -0.121209385 -0.991818037 -0.0400657792
vn -0.142241624 -0.988232339 -0.0562509046
vn -0.0785759584 -0.995354963 -0.055626575
vn -0.897710709 -0.287145562 0.334160005
vn -0.841302541 -0.389800877 0.374520108
vn -0.841720941 -0.366283468 0.396663936
vn 0.569627956 0.508186722 0.645964587
vn 0.525688788 0.538328686 0.658675583
vn 0.551375064 0.540778814 0.635250985
vn -0.540674915 -0.841047545 -0.0175972651
vn 0.316544568 -0.138829817 0.938363372
vn 0.668125873 -0.22370495 0.709622373
vn 0.486116718 -0.142974038 0.862118878
vn -0.80661233 -0.584330515 -0.0890752345
vn -0.774475276 -0.593937513 -0.217775752
vn -0.753256489 -0.64914185 -0.105922238
vn -0.952068732 0.1714684 -0.253305581
vn -0.677419116 -0.732870957 -0.0632732315
vn -0.648329261 -0.756804686 -0.0831615078
vn -0.687921756 -0.717979056 -0.106158999
vn -0.236808111 0.909874237 0.340662285
vn -0.417402661 0.728321852 0.543435643
vn -0.178063402 0.951609271 0.250466007
vn -0.424567621 -0.800872085 0.422310595
vn 0.596027059 0.726262392 -0.342483113
vn 0.64592773 0.732384591 -0.215383793
vn 0.634421019 0.731820446 -0.24889517
vn -0.212157894 -0.975884301 -0.0513698233
vn -0.48607206 -0.85337795 0.188361426
vn -0.482347829 -0.867725111 0.119973766
vn 0.478095146 0.180768213 0.859504442
vn 0.648148492 0.0157999697 0.761350046
vn 0.269652307 0.121244277 0.955294436
vn -0.052740008 -0.997156391 0.0538295792
vn -0.0842427318 -0.995640305 0.0400442781
vn 0.561563561 -0.211783581 0.799871291
vn -0.163717439 -0.986340509 0.0181383645
vn -0.129233795 -0.991223562 0.0278293962
vn -0.138454808 -0.990368284 -0.000963586586
vn -0.86606161 -0.499750437 -0.0136670897
vn -0.888185966 -0.458652925 0.0276257976
vn -0.912843637 -0.40069623 -0.0784794599
vn 0.566860173 -0.328088675 -0.755663527
vn 0.0314409607 0.586432573 0.80938761
vn -0.570656941 0.681608418 0.457996309
vn -0.553460119 0.813370011 -0.179195765
vn -0.519531067 0.852660752 0.0552911668
vn -0.33738062 0.833314452 -0.43790563
vn 0.53841425 -0.0402321663 -0.841719352
vn 0.681570406 -0.1151022 -0.722643249
vn -0.343586535 0.934855247 0.0894089518
vn -0.186178459 0.975229551 0.119435772
vn -0.269825418 0.96277597 -0.0160211155
vn -0.500964057 -0.862478514 0.0718736855
vn -0.503635486 -0.86246792 0.0500038389
vn -0.441065349 -0.894781652 0.0694777224
vn 0.00606101619 -0.61656357 -0.787281797
vn 0.0273910032 -0.706216422 -0.707465969
vn 0.160785531 -0.629122418 -0.760495231
vn -0.263905129 -0.131840403 -0.955495783
vn 0.204711453 0.493591821 -0.845257555
vn -0.180147411 0.268861017 -0.946182152
vn 0.80093174 -0.153215388 -0.578820691
vn 0.838916809 -0.126183124 -0.529430267
vn 0.806443413 -0.0713364866 -0.586992442
vn 0.425205732 0.0283883333 -0.904651418
vn 0.716633804 -0.118851579 -0.687248349
vn 0.53438065 -0.0397967448 -0.844306544
vn -0.150991998 -0.667027468 -0.729572322
vn -0.0540852279 -0.545804589 -0.836165138
vn -0.125790839 -0.437945246 -0.890157641
vn -0.446527586 -0.823422921 -0.350125417
vn -0.522319383 -0.80816048 -0.27213802
vn -0.759500338 -0.591030666 -0.271738823
vn -0.222388045 -0.974646989 0.0246333963
vn -0.612656463 -0.782161395 0.113470744
vn -0.96173892 -0.191966645 -0.195466257
vn -0.952561775 -0.254811765 -0.166424242
vn -0.494336431 -0.866210703 -0.0728732568
vn -0.524768872 -0.849891377 -0.0479820561
vn -0.591267787 -0.80236685 -0.0813009389
vn -0.0399339053 0.689301058 0.723373579
vn -0.0614301526 0.731505403 0.679062723
vn -0.0389354853 0.692236198 0.720619924
vn -0.190295619 -0.981724411 0.0021811835
vn -0.360890478 -0.929460956 0.0765532152
vn -0.408084721 -0.90832712 0.0916989886
vn -0.169426587 -0.979329958 0.110487394
vn -0.145323183 -0.98936225 0.00659621583
vn -0.123574766 -0.984879189 0.121417708
vn -0.130447712 -0.98814128 -0.0809950989
vn 0.439446592 0.439868888 0.783199881
vn -0.0821907701 -0.113243729 0.990161873
vn -0.768687533 -0.639607141 0.00470965201
vn -0.750814797 -0.660308291 0.0164347383
vn -0.801859218 -0.597102692 0.0221397886
vn 0.174211722 0.0143737393 0.984603307
vn -0.997357435 -0.0306274042 -0.0658794961
vn -0.447922249 -0.892610916 0.0511019791
vn -0.130784136 -0.98475042 -0.114726281
vn -0.166562667 -0.971331746 -0.169621686
vn -0.277913489 -0.957783168 0.0735900567
vn -0.675327471 -0.737369061 -0.0148214321
vn -0.739892882 -0.670020615 -0.060256946
vn -0.70489309 -0.699484918 -0.1176715
vn -0.164460226 -0.985886404 -0.0313182304
vn -0.171926952 -0.984122682 -0.044087069
vn -0.188693338 -0.980899788 -0.0472274339
vn -0.268733722 -0.945729643 -0.182695452
vn -0.988463235 0.151445144 -0.00219132241
vn -0.419706025 -0.869136567 0.261626606
vn 0.353837721 -0.390862178 -0.84972091
vn 0.547141553 -0.302520952 -0.780459604
vn 0.406203721 -0.211719099 -0.888917072
vn -0.520696299 -0.850820436 0.0705687583
vn -0.440516692 -0.892935256 0.0927991022
vn -0.0368389134 -0.103487506 -0.993948304
vn 0.378806985 -0.238976768 -0.89408913
vn 0.217256576 -0.129386 -0.96750134
vn -0.71754309 -0.691087979 -0.0867716523
vn -0.725244117 -0.684613713 -0.0729728292
vn -0.222191448 -0.973623433 -0.0518495023
vn -0.210851669 -0.974940714 -0.0709378437
vn -0.24656074 -0.965883755 -0.0792235654
vn -0.626961157 -0.777606279 -0.0474150072
vn -0.826911863 0.253839147 -0.501779292
vn -0.89818402 0.315300873 -0.306350821
vn -0.833407572 0.406851455 -0.374037046
vn 0.8406708 0.541475238 0.00878479757
vn 0.774842117 0.63187857 0.0186860266
vn 0.849215721 0.527957086 0.00969403858
vn -0.128315175 -0.935794656 0.328365008
vn 0.372259137 -0.907069776 0.196589819
vn 0.0527964702 -0.974961769 0.216014076
vn 0.748820279 0.644877708 0.152973631
vn 0.63034737 0.761124783 0.152811184
vn 0.792446012 0.594331642 0.137110239
vn -0.886201927 0.449213179 0.113374001
vn -0.995108779 0.0978616046 -0.0134767918
vn -0.111619107 -0.792434267 -0.599657491
vn 0.0449481621 -0.998828079 0.01794804
vn 0.0916286859 -0.995641487 0.017384265
vn 0.0779396452 -0.996611972 0.0262676334
vn 0.1268802 -0.88745721 0.443081387
vn -0.720135481 -0.627856447 -0.295298444
vn -0.585236073 0.7844964 0.205095435
vn -0.17448162 -0.957449268 0.229884892
vn -0.172200557 -0.959816595 0.221583105
vn -0.151138611 -0.960791508 0.232458166
vn 0.712210626 0.03679709 -0.701000712
vn 0.888604936 0.0980404159 -0.448072923
vn 0.960790836 0.137231593 -0.240932479
vn -0.0664330757 -0.995712067 0.0643748888
vn 0.0302491851 -0.997441741 0.0647685125
vn -0.0467155252 -0.9910912 0.124723264
vn 0.985364288 0.158281875 -0.0632777044
vn 0.98808808 0.12310916 -0.092336779
vn 0.976077741 0.198494585 -0.0887250947
vn 0.342996629 0.67993234 0.648109039
vn 0.968538655 0.229528989 -0.0961733713
vn 0.948975426 0.294799686 -0.111976722
vn 0.964979901 0.192638833 -0.178056368
vn 0.375481492 -0.298514619 0.877440979
vn -0.276307165 0.107289273 0.955061968
vn -0.792871659 -0.562519918 -0.234362697
vn -0.795977002 -0.570534535 -0.202264572
vn -0.830473719 -0.5236859 -0.18991177
vn 0.88773126 0.455383112 -0.0675235562
vn 0.841144201 0.538985972 -0.0443909426
vn 0.867057934 0.485685507 -0.11099607
vn 0.987248835 0.0827967287 -0.135957493
vn 0.987127738 0.0722360526 -0.142691212
vn 0.988389728 0.0919253934 -0.120977139
vn 0.968161369 -0.0291105926 -0.248628514
vn 0.949874883 0.0244256399 -0.311674662
vn 0.967651781 0.0382122015 -0.249378944
vn 0.578959876 0.666213862 0.470068668
vn 0.552065047 0.592145099 0.587016495
vn 0.626866663 0.59445942 0.503642914
vn 0.958522181 -0.284774945 -0.011766842
vn 0.952749013 -0.288889299 -0.0938738039
vn 0.941973631 -0.335579668 -0.00848319121
vn 0.4328379 -0.756685729 0.489977613
vn 0.530826399 -0.674608913 0.512958233
vn 0.548766379 -0.709716361 0.441767074
vn 0.120955732 -0.992242235 0.0287238316
vn 0.781947785 0.623170074 -0.01472143
vn 0.759543608 0.648335311 -0.0524864957
vn 0.992573856 0.106679725 -0.0584514849
vn 0.995730938 0.0807051865 -0.0447947854
vn 0.999401935 0.0330827561 -0.0100649365
vn -0.140749024 0.0211738177 -0.989818863
vn -0.120028789 0.991667974 -0.0467730631
vn -0.101713047 0.990240362 0.0952810692
vn -0.137472154 0.989553791 0.0434131571
vn 0.867785293 0.495927657 -0.0316929688
vn 0.88829807 0.458807557 -0.0205466563
vn 0.88511472 0.462344779 -0.0530022432
vn 0.844386748 0.500276821 0.191661477
vn 0.828976181 0.49448656 0.261307356
vn 0.835550549 0.501154121 0.225166222
vn 0.976582962 -0.208378944 0.0535157309
vn 0.990613496 -0.130495585 0.0406915657
vn 0.987858555 -0.132423182 0.0812377705
vn 0.999487658 0.0291990998 -0.0131085814
vn 0.447930969 0.830645456 -0.330735503
vn 0.992267343 0.0893574 -0.0861439199
vn 0.95842303 0.284704052 -0.0192067263
vn 0.975637849 0.217985513 -0.0247609307
vn 0.968299094 0.240331266 -0.0681010142
vn 0.145017785 -0.943350836 -0.298427616
vn 0.0903187959 -0.962832803 -0.254549618
vn 0.120009227 -0.97148548 -0.204484099
vn 0.779562663 0.565619497 -0.268991895
vn 0.844946621 0.502304662 -0.183725975
vn 0.780497178 0.466483347 -0.416193996
vn 0.906687272 0.418920734 -0.0492301647
vn 0.930050143 0.366890423 -0.019953684
vn 0.907655727 0.419554601 -0.011619692
vn 0.986293881 0.100767289 -0.130653491
vn 0.950014701 0.0377733628 -0.309911666
vn 0.938591964 0.134811407 -0.317601966
vn -0.153392309 0.0463965695 0.987075558
vn -0.0290099404 -0.110043373 0.993503336
vn -0.0158602539 0.0773748694 0.996875911
vn -0.258255148 -0.122390192 0.958292711
vn -0.279511199 -0.104038516 0.954489118
vn -0.0946943276 -0.0446373693 0.994505148
vn 0.939049549 0.332133619 -0.088731076
vn 0.898779994 0.412247789 -0.149151875
vn -0.961625189 -0.142740992 -0.234311768
vn -0.97887923 -0.103538923 0.176281437
vn -0.977769229 -0.0969605118 0.185919319
vn -0.450392167 0.892600083 0.0202974617
vn -0.432230902 0.695637228 -0.57381643
vn -0.326437014 0.845996627 0.421578679
vn 0.982096226 0.112278142 0.15126342
vn 0.95839937 0.172762879 0.227208353
vn 0.973822322 0.187195056 0.128949978
vn 0.938962413 0.11346466 -0.3247697
vn 0.961609329 0.0978828672 -0.256371688
vn -0.442156859 -0.896354824 -0.0323317458
vn 0.110485455 0.85139435 0.512757863
vn 0.997270151 -0.065128941 -0.0347917737
vn 0.966740125 0.252784576 -0.0389035867
vn 0.477065365 -0.832132451 0.282779456
vn 0.397468946 -0.851815005 0.341217871
vn 0.37456643 -0.85049519 0.369266734
vn 0.996800645 0.0123357702 -0.0789702628
vn 0.385971798 0.171209407 0.906483927
vn 0.966062418 0.195029292 0.169372311
vn -0.0648378756 -0.512861005 -0.856019649
vn 0.0859723391 -0.531161499 -0.842897514
vn -0.0226142117 -0.399598153 -0.916411433
vn 0.84784855 0.506471097 0.156970904
vn 0.861800671 0.463994158 0.204961033
vn 0.999816754 -0.00953124956 0.016601633
vn 0.137868087 0.690571852 0.710002048
vn 0.859736967 0.504863623 -0.0772338566
vn 0.0522713415 0.691804734 0.720190195
vn 0.0857117865 0.620399236 0.779588531
vn 0.10837336 0.740302724 0.663481041
vn -0.010526433 0.0469902346 0.998839883
vn -0.208638718 0.543667769 0.812954637
vn -0.00879189232 0.0460635798 0.998899819
vn 0.790379211 -0.607982386 0.0752204856
vn 0.779930836 -0.624778089 0.0368813038
vn 0.801081143 -0.597618197 0.0334886973
vn -0.0100637721 0.76858006 0.639674458
vn 0.0958455701 0.820824158 0.56308199
vn 0.0605672514 0.886753653 0.458257097
vn 0.996885554 0.0191215201 -0.0765085598
vn 0.964334091 -0.223481726 0.141829756
vn 0.476842773 -0.559681711 0.677773821
vn -0.074166748 0.997219251 -0.00728414381
vn -0.492517561 0.864242201 -0.102527412
vn -0.293368418 0.953907614 0.0632078732
vn 0.719935747 -0.693844909 -0.0164852151
vn 0.743323697 -0.668857664 0.00996525892
vn 0.761954648 -0.647628852 0.00140878773
vn 0.957731189 -0.210889324 0.195644226
vn 0.934681024 -0.238126582 0.263945289
vn 0.957362014 -0.174289453 0.230393489
vn 0.920968668 0.0728057686 0.382774128
vn 0.932415396 -0.00417664595 0.3613642
vn 0.944933518 0.0492270328 0.323538785
vn -0.416967469 -0.908038519 -0.0400521764
vn -0.417720448 -0.907914578 -0.0346517884
vn 0.977669531 0.0571462893 0.202229052
vn 0.995735649 -0.0351555266 0.0852913027
vn 0.971486811 0.236724463 -0.0132251866
vn 0.815986398 0.253399529 -0.51957182
vn 0.934787372 0.354779296 0.0174419073
vn 0.713685456 0.334226344 -0.615585755
vn -0.498208904 -0.0329743614 0.866429789
vn -0.254433336 -0.140293195 0.956860229
vn 0.169148089 0.291463779 0.941508253
vn 0.10484808 0.203007847 0.973547479
vn 0.157620968 0.297874243 0.941502292
vn 0.785529975 0.356812684 0.505596052
vn 0.784791517 0.420401714 0.455373115
vn 0.699124337 0.478654231 0.531145261
vn 0.440084712 -0.845537057 -0.302311977
vn 0.371115785 -0.752825903 -0.543623247
vn 0.392323946 -0.860514082 -0.32495759
vn 0.914921038 0.337808825 0.220917841
vn 0.927575392 0.274226458 0.253778923
vn 0.892554734 0.309969868 0.327512944
vn 0.10303164 -0.99054741 -0.0905555633
vn 0.0383699972 -0.992592538 -0.115272702
vn 0.0386162938 -0.99553446 -0.0861389564
vn 0.0809224645 -0.994642298 -0.0643292546
vn 0.995981815 -0.0510669049 0.0735689843
vn 0.638559294 -0.634577242 0.435377712
vn 0.981098049 -0.00992864555 0.193256409
vn 0.956335428 -0.21524224 0.197720327
vn 0.0717825337 -0.1001119 0.992383432
vn -0.331397078 0.606689049 0.722567903
vn -0.388274857 0.524779709 0.757528147
vn 0.985589348 0.0173929717 -0.168259091
vn 0.984857547 -0.0113049187 -0.172996564
vn 0.992322444 -0.110523415 0.0555044374
vn 0.650547191 -0.638881726 0.410631822
vn 0.9949353 0.0922747451 -0.0398637617
vn 0.986117876 0.161049762 -0.0404290678
vn -0.39585272 -0.778596862 0.486916369
vn -0.318384303 -0.893652844 0.316253111
vn -0.211988715 -0.793336143 0.570682529
vn -0.286484026 -0.658840059 0.695598073
vn 0.0139678075 -0.151095856 0.988420428
vn 0.0103362986 0.0710953229 0.997415969
vn -0.113695765 -0.992257562 -0.0499820344
vn -0.00795820677 0.0109065203 0.999908853
vn -0.00708789724 -0.165997742 0.98610066
vn -0.978310227 -0.0013665367 0.207140612
vn 0.961361076 -0.273658342 -0.0299331527
vn 0.963344385 -0.268058739 0.0105881063
vn 0.93777374 -0.347219545 -0.00435888688
vn 0.0849705874 -0.996239983 -0.0169084356
vn 0.0608640559 -0.997746867 -0.0282268615
vn 0.101432612 -0.994382185 -0.0302571633
vn 0.66780432 0.479499612 0.569313194
vn -0.358751297 0.312175514 0.879684009
vn -0.460187808 0.266768347 0.846795035
vn -0.236084114 0.231925791 0.94364968
vn 0.997387055 -0.0519673934 0.0501841793
vn 0.00112023253 -0.999739314 -0.0228045792
vn 0.0585697055 -0.998043663 -0.0218731881
vn 0.0391223779 -0.998967294 -0.0231037692
vn 0.960135829 0.247203799 0.130497022
vn 0.585499894 -0.7508483 0.305641464
vn 0.45805359 -0.827275229 0.325273122
vn 0.564975491 -0.79621021 0.216453217
vn 0.534041984 -0.813566852 0.230017687
vn 0.962483448 -0.0285182706 0.269837583
vn 0.978538105 0.00801470561 0.205910033
vn 0.996130205 -0.067345469 0.0564730203
vn 0.994574211 -0.0892660295 0.0534201632
vn 0.936093654 -0.140606246 0.322426046
vn 0.94746565 -0.166607334 0.273039995
vn 0.962264827 -0.0955536659 0.254785987
vn 0.318999182 -0.945811987 -0.0606564718
vn 0.218420279 -0.972436304 -0.081610153
vn 0.279576875 -0.958188911 -0.0609161887
vn 0.853390991 -0.4637599 0.238013807
vn 0.2587561 -0.14952825 0.954299001
vn 0.783161635 -0.484918581 -0.389245196
vn -0.163545 -0.977670995 0.131956277
vn -0.510146185 -0.853747875 0.104237398
vn 0.288327587 -0.74298658 0.604018331
vn 0.972184017 0.0492395414 -0.228984069
vn 0.975478939 0.045317009 -0.215376899
vn 0.976560714 0.058919098 -0.207021041
vn 0.0492646688 0.415265148 -0.908365482
vn -0.183874421 0.6149998 -0.766789047
vn 0.150856157 0.604032978 -0.782551329
vn 0.135787276 -0.389223426 -0.911080095
vn 0.972359428 -0.20988774 0.102295057
vn 0.900372352 0.399101265 0.173343033
vn 0.846821421 0.465147323 -0.25793691
vn 0.232070031 0.101762442 0.967361311
vn 0.766288347 -0.119773909 0.631234014
vn 0.770563385 -0.177511672 0.612145143
vn 0.364555253 -0.27913149 0.888360894
vn -0.544522205 0.686082824 -0.48247894
vn -0.29546979 0.732849276 -0.612886239
vn -0.131143659 0.825316483 -0.54923041
vn -0.0271804686 -0.858852392 -0.511501506
vn -0.158320645 -0.748573703 -0.643872647
vn 0.01156837 -0.771807238 -0.635751335
vn 0.980528106 0.0649761844 -0.185317913
vn 0.983797575 0.0758013238 -0.162469967
vn 0.983703713 0.063278169 -0.168294021
vn 0.00669405135 -0.996399961 -0.0845121723
vn -0.0420393894 -0.994649095 -0.0943709092
vn 0.0664105 -0.995830419 -0.0625413603
vn 0.159627696 -0.983755984 0.0821167683
vn 0.193718222 -0.975018467 -0.10868413
vn 0.11143486 -0.989079666 -0.0964556186
vn 0.968726164 0.24741414 -0.0188643271
vn 0.955496912 0.293402134 -0.0306730938
vn 0.978077452 0.203558271 -0.043915021
vn -0.175924432 -0.963936601 0.19969182
vn 0.108261665 -0.979616904 -0.169204414
vn 0.112876096 -0.960577621 -0.254066175
vn 0.166045354 -0.96380811 -0.208573411
vn 0.170512535 -0.977551181 -0.123770608
vn 0.342738549 -0.819324667 0.459605676
vn 0.475853222 -0.779304416 0.407735623
vn -0.340223039 -0.790601331 -0.509114741
vn 0.0132229436 -0.276191299 -0.961011717
vn -0.146484665 -0.413899571 -0.898459453
vn 0.21029546 -0.977315038 0.0251224146
vn 0.18793401 -0.981449814 0.0379087098
vn 0.192341362 -0.980571658 0.0385230276
vn 0.977663669 0.0936834235 -0.188141346
vn 0.991639608 0.0403516671 -0.12256684
vn 0.983595772 0.122961674 -0.131984033
vn 0.0806762842 0.383557945 -0.919986217
vn 0.303776886 0.714179597 -0.63060852
vn -0.101390272 -0.401460546 -0.910246913
vn -0.159639292 -0.977214755 0.139880734
vn -0.1975951 -0.965807534 0.167845116
vn -0.15413657 -0.970638014 0.184672043
vn 0.28516194 0.937758571 -0.198220915
vn -0.0230322989 0.962132486 -0.271607422
vn -0.0616667698 0.99809476 0.00201487376
vn 0.225381645 -0.972501483 0.0586854271
vn 0.265897295 -0.963145638 0.0406092185
vn 0.728823384 0.684280601 0.0240111322
vn -0.774662307 -0.631504154 -0.0331785128
vn -0.687186621 -0.72627266 0.0173945662
vn -0.727887141 -0.685653541 0.00771568213
vn -0.0252333074 -0.358040444 -0.933365052
vn -0.470814856 -0.857256887 -0.208432246
vn -0.461804171 -0.774861546 -0.431655526
vn 0.846861134 0.113964555 -0.519459623
vn 0.561187842 -0.824025982 -0.0777778054
vn 0.344331274 -0.928238294 -0.140746736
vn 0.456917703 -0.889369971 -0.0157247577
vn 0.986071193 0.0791704508 -0.146272491
vn 0.994606169 0.0431711935 -0.0943123304
vn 0.909507171 -0.199140883 -0.364883016
vn 0.934286576 -0.210059374 -0.288068834
vn 0.938700549 -0.100514203 -0.329754718
vn -0.200820411 -0.902008595 -0.382167053
vn -0.302228731 -0.892459804 -0.334922814
vn -0.225486026 -0.97157345 -0.072118538
vn 0.943018752 0.248753317 -0.220991902
vn 0.859133589 0.300198631 -0.414451756
vn 0.892129945 0.331215729 -0.307246321
vn 0.854570357 0.339734762 -0.392797399
vn -0.989591564 0.121895605 0.076485277
vn 0.998967779 0.0254326341 -0.0376371732
vn 0.998673869 -0.0247297097 -0.0451546822
vn 0.998816521 -0.0293805166 -0.0387600641
vn -0.247878882 -0.957676086 0.146330357
vn 0.201074799 -0.867575388 -0.454842689
vn 0.235778739 -0.882259019 -0.407464612
vn 0.160100115 -0.917164402 -0.364934808
vn 0.972950294 -0.216067055 -0.0817481051
vn 0.947649064 -0.258044561 -0.188080452
vn 0.980607739 -0.146856465 -0.129775348
vn 0.998038208 -0.00419230335 0.0624672773
vn 0.9882721 -0.0612938338 -0.139861794
vn 0.998161485 -0.0379163718 0.0472863574
vn -0.414797681 -0.882332296 -0.22233444
vn -0.281542619 -0.959416699 -0.0159170258
vn -0.274205262 -0.961594919 -0.0121114078
vn -0.316609816 -0.948217624 -0.0253290648
vn -0.302856763 -0.249900608 -0.919688788
vn 0.992104988 0.0884392742 -0.0889167488
vn 0.982499448 -0.0527430824 -0.178642106
vn 0.962340158 -0.134206459 -0.23641076
vn 0.0889290575 -0.968049438 0.234460889
vn 0.177763626 -0.927457589 0.328971903
vn 0.0853971383 -0.916474462 0.39087324
vn -0.471996722 -0.879052139 -0.0669808242
vn -0.539572615 -0.84190739 -0.00730338432
vn -0.220749416 -0.974932556 0.027860475
vn -0.199115074 -0.979690313 0.0236659481
vn -0.199955893 -0.979633646 0.0183182825
vn -0.98798114 0.144062649 -0.0560287508
vn -0.579915002 -0.81391307 0.0352718874
vn -0.59515582 -0.801502997 0.0581592259
vn -0.277314372 -0.960740981 0.00857363873
vn -0.364858426 -0.931057435 0.0032221565
vn -0.663647894 -0.747647804 0.0243769138
vn -0.534420145 -0.844620821 0.0317927237
vn -0.676047898 -0.379427034 -0.631660008
vn -0.643829679 -0.7645265 -0.0313460588
vn -0.602684715 -0.797794356 -0.0171842819
vn -0.869530215 -0.481010711 -0.112008485
vn -0.827698794 -0.552234576 -0.0997581013
vn -0.84435157 -0.501280223 -0.189178656
vn -0.865749981 -0.465953605 -0.182658724
vn -0.119991265 -0.976253105 0.180366215
vn -0.588712047 -0.807420737 0.0385989688
vn -0.892543937 -0.446438176 -0.0637045956
vn -0.821312487 -0.566147712 -0.0701610073
vn -0.838207642 -0.541855239 -0.0616510163
vn -0.659753086 -0.750987287 -0.0272756337
vn 0.57068284 0.740166975 -0.355631756
vn 0.78624713 0.588959633 -0.1869278
vn 0.729321638 0.660958466 -0.176702727
vn -0.57641917 -0.817147632 0.00326918468
vn -0.467883208 -0.882708023 0.043724709
vn 0.557122221 -0.370505306 -0.743196239
vn 0.407375932 -0.422262382 -0.809777334
vn 0.387713796 -0.271326067 -0.880942778
vn -0.82466028 -0.56437818 -0.037585795
vn -0.832679157 -0.550957636 -0.0555976991
vn -0.806053936 -0.587773908 -0.0692739903
vn -0.725637333 -0.372449019 -0.578560445
vn -0.821958948 -0.481214117 -0.304657941
vn -0.697910184 -0.716095319 0.0113520639
vn -0.640356059 -0.76788028 0.0174353793
vn 0.878418492 0.211903317 -0.428343247
vn 0.852080557 0.0640977991 -0.519471074
vn 0.87716968 -0.0403921638 -0.478478658
vn -0.440332137 -0.897766196 0.0111115326
vn -0.15106623 -0.983530862 0.0992272038
vn 0.968372633 0.243754384 -0.0532751625
vn -0.0642679866 0.995279171 0.0727255014
vn -0.126789386 0.991336561 0.034296848
vn -0.12449559 0.98836745 0.0873534829
vn -0.147758565 -0.988813918 0.0203578288
vn -0.125782548 -0.971479647 0.201012551
vn -0.121731531 -0.981304082 0.149076267
vn 0.292047156 0.771654734 -0.565028698
vn -0.367315538 -0.925792378 0.0893743116
vn -0.301340966 -0.946228582 0.11766517
vn -0.295639875 -0.951483721 0.0852982629
vn 0.650104477 -0.295242307 -0.700140092
vn 0.830980068 -0.484244504 -0.273823643
vn 0.69781607 -0.597983572 -0.394294788
vn -0.281782275 -0.958948943 -0.031869658
vn -0.225246721 -0.973548924 -0.0382936982
vn -0.050915648 -0.694790744 -0.717407429
vn -0.240004102 -0.491142885 -0.837362943
vn -0.116967738 -0.985411287 0.123625013
vn -0.115191238 -0.991657294 0.057851453
vn -0.143006233 -0.985510318 0.09120653
vn -0.164147207 -0.983447535 -0.0767244435
vn -0.140280956 -0.984717987 -0.103207265
vn -0.146702972 -0.985411076 -0.0862742653
vn -0.173952408 -0.983606181 0.0475335814
vn 0.63831052 -0.761054872 -0.115564533
vn 0.578663082 -0.807984253 -0.110952625
vn 0.624467124 -0.764768328 -0.15865124
vn -0.367860972 -0.92343899 0.109264525
vn -0.227321219 -0.966549731 0.118771552
vn -0.248909324 -0.967815225 0.0371192424
vn -0.21055091 -0.974877731 0.0726754661
vn -0.326354956 -0.938145184 0.115654904
vn -0.11343566 -0.993105967 -0.0295446942
vn -0.12972565 -0.990020671 -0.0550483983
vn -0.107022653 -0.991873619 -0.0687959011
vn 0.202538446 -0.32579296 0.923491811
vn -0.42443147 0.860666408 -0.281267243
vn -0.158880216 -0.966933128 0.199492864
vn -0.175314073 -0.974219854 0.141988212
vn -0.198876972 -0.964000586 0.176495946
vn -0.142106227 -0.981668112 0.127017867
vn -0.171847061 -0.983786607 0.0513078929
vn -0.072687076 -0.996834766 -0.032203093
vn -0.0935600679 0.959537154 0.265584192
vn -0.140943584 0.981561308 0.129121276
vn -0.126213867 0.936463189 -0.327271686
vn -0.170834528 -0.979028323 0.11099147
vn 0.103147794 -0.878319979 -0.466813182
vn -0.184614515 -0.982267036 -0.0326948113
vn -0.176696087 -0.983613229 -0.035826083
vn 0.0180264091 -0.693564342 0.720169114
vn -0.348996047 0.382233646 -0.855627956
vn -0.422820406 -0.895103437 -0.1414664
vn -0.373480526 -0.92519984 -0.0672127482
vn -0.469193981 -0.876058952 -0.111255206
vn -0.239133367 -0.958328831 0.156272471
vn 0.503742483 -0.793582283 -0.341277997
vn 0.449698253 -0.752110767 -0.481768488
vn 0.382991927 -0.802530998 -0.457450741
vn -0.0241103175 -0.998907865 0.0400221278
vn 0.0600516413 -0.99731996 0.041793524
vn 0.00934068568 -0.999868313 0.0132705951
vn -0.199635465 -0.970109691 0.137959663
vn 0.888009849 0.440764547 -0.131015729
vn -0.137990323 -0.987209788 -0.0798467642
vn -0.107446618 -0.988650514 -0.105001839
vn -0.916252137 -0.347367558 -0.199543982
vn -0.133018427 -0.562629013 -0.815937921
vn -0.0540170093 -0.439274066 -0.896727639
vn -0.0272663781 -0.716269708 -0.697290649
vn 0.823687057 0.567023451 -0.00490285938
vn 0.882171792 0.470907598 -0.00435484305
vn -0.0816399914 -0.99663033 -0.00793074207
vn -0.00205367224 -0.99993469 -0.0112427043
vn 0.14381368 -0.647554956 -0.748324932
vn 0.207478405 -0.611401455 -0.763636675
vn 0.18518159 -0.618788368 -0.763419108
vn 0.153629259 -0.983733341 0.0930954636
vn 0.25356026 -0.965244536 0.0633259892
vn 0.28439522 -0.956755503 0.0611413599
vn -0.125400463 -0.980375687 0.152112575
vn -0.103153159 -0.994332496 0.0257354318
vn -0.141087529 -0.989830494 0.0181631922
vn -0.196345109 -0.979860162 -0.0363684018
vn 0.0110715665 -0.999633512 -0.0247034908
vn -0.288915196 -0.947967504 -0.133737133
vn -0.239301851 -0.957693589 -0.159867489
vn -0.2987632 -0.945608545 -0.128705205
vn -0.660996839 -0.724638982 -0.194888494
vn -0.697301844 -0.704372105 -0.132778293
vn -0.0252394952 -0.999651253 0.00776794007
vn -0.0563995348 -0.99809262 -0.0251040639
vn -0.0246865605 -0.998980664 -0.0377916111
vn -0.0570690686 -0.99570472 -0.0729056326
vn 0.0965431745 -0.993741704 0.0561857712
vn -0.000309421716 -0.998329572 0.0577751603
vn -0.167381485 -0.966644279 -0.193861489
vn -0.189959391 -0.980298196 -0.0541375789
vn -0.136593564 -0.988282352 -0.0681189518
vn -0.122887947 -0.99210055 -0.0252002317
vn -0.143639983 -0.987601679 -0.0633283451
vn -0.154205044 -0.987635092 -0.0282440912
vn -0.0153911106 -0.998972419 -0.0426288613
vn -0.0992420136 -0.993773812 -0.0506422027
vn -0.275911676 -0.958344031 -0.0738204902
vn -0.296600632 -0.951778313 -0.0783971212
vn -0.290683203 -0.955182507 -0.0559433142
vn -0.0935422241 -0.995286281 0.0255943582
vn -0.0518947598 -0.997548414 0.0469478033
vn -0.0763559454 -0.996209944 0.0416595262
vn -0.115174378 -0.99306734 0.0234972657
vn -0.144528515 -0.989393414 -0.0145663895
vn -0.208540176 -0.976726068 -0.0501715447
vn -0.186357315 -0.981295714 -0.0482666922
vn -0.313451233 -0.947651703 -0.0608652126
vn -0.386293969 -0.921650624 -0.0365663458
vn -0.423370657 -0.902740802 -0.0762648755
vn -0.341013709 -0.939574551 -0.0301548214
vn -0.305075471 -0.951759676 -0.0329010074
vn -0.0883684691 -0.190405286 -0.977720226
vn -0.2139704 -0.976585099 -0.0223206716
vn -0.193358233 -0.979967234 -0.0477159778
vn -0.22023519 -0.972279326 -0.0785453563
vn -0.276486332 -0.959616687 -0.0518760344
vn -0.141975694 -0.989706974 0.0179724292
vn -0.179777401 -0.983707281 -0.000265577568
vn -0.164794027 -0.98609692 0.02134931
vn -0.0501042992 -0.997119688 0.056937567
vn -0.407317686 -0.269428958 -0.872639868
vn 0.12583726 -0.0660914959 -0.989846906
vn -0.538808909 -0.162672787 -0.826572758
vn -0.149989752 -0.98863888 -0.00981016827
vn -0.348815416 -0.845489747 -0.404320285
vn -0.240505394 -0.919117176 -0.312058924
vn -0.487482559 -0.853949723 -0.1820182
vn -0.121149464 -0.992547242 -0.0131445408
vn -0.0787619888 -0.99663004 -0.0229153517
vn -0.0851913518 -0.996272581 -0.0135417416
vn -0.288249402 -0.95284513 -0.0948601059
vn -0.268395198 -0.957283142 -0.107577893
vn -0.615124201 -0.628046174 -0.476634263
vn -0.672334879 -0.634976562 -0.380487289
vn -0.26880527 -0.941890476 -0.20145982
vn -0.198489675 -0.955993473 -0.216051678
vn -0.243775949 -0.921448186 -0.302500459
vn -0.762708661 -0.646486499 -0.0181852875
vn -0.892638658 -0.449389816 -0.0352848292
vn -0.903164238 -0.427461771 0.0396332244
vn -0.990252638 0.00328576153 0.13924409
vn -0.324927472 -0.813210266 0.482815908
vn -0.687716685 -0.660258609 -0.301834939
vn -0.361069721 -0.932486637 -0.00986553254
vn -0.481730188 -0.70833844 0.51593864
vn -0.326045469 -0.936161391 0.131515025
vn -0.277757768 -0.944240629 0.176805703
vn -0.261309504 -0.957686326 0.120640972
vn -0.242058039 -0.966574768 -0.0845051712
vn -0.0370800257 -0.994145089 0.101491942
vn -0.0143954076 -0.993882532 0.109500156
vn -0.0987056967 -0.980773184 0.168348291
vn -0.28052879 -0.924181646 -0.259213973
vn -0.553575514 -0.817232591 0.160265541
vn -0.830876349 -0.514608554 0.211713317
vn -0.728032369 -0.650741269 0.215649417
vn -0.832980253 -0.552368394 0.0321411753
vn -0.788749853 -0.614118506 0.027057915
vn -0.198304027 -0.979976653 0.0179240799
vn -0.194258958 -0.980911659 0.00870487885
vn -0.178925969 -0.983790617 0.0118962151
vn 0.468277505 -0.0901490699 -0.878970605
vn 0.669107642 -0.270957185 -0.692009514
vn -0.467716723 -0.859767972 -0.205036828
vn -0.961304039 -0.223355269 0.161266762
vn -0.864606993 -0.435112656 0.251260271
vn -0.950901034 -0.258676488 0.169922623
vn -0.330546013 -0.932566783 -0.145115567
vn -0.466282084 -0.884194927 -0.0279347353
vn -0.59724571 -0.796041979 -0.0980547267
vn -0.67728946 -0.73361649 0.0555502779
vn -0.703624934 -0.681384504 -0.201561677
vn -0.833821936 -0.551193206 0.0304471623
vn -0.802088721 -0.529513563 -0.276168553
vn -0.833973835 -0.523156816 -0.17548387
vn -0.776984866 -0.595846415 -0.203129438
vn -0.568250494 -0.812290288 -0.131437677
vn -0.726259398 -0.618019151 0.3009977
vn -0.78556004 -0.576186874 0.225619392
vn -0.757225614 -0.566248256 0.32553384
vn -0.308887912 -0.946176454 -0.0966352762
vn -0.304492814 -0.946435899 -0.107439358
vn -0.189181932 -0.975553513 0.111828169
vn -0.130383386 -0.989047012 0.0691822278
vn -0.151260959 -0.975320453 0.160841959
vn 0.0363486968 -0.99908211 -0.0226651588
vn -0.811799996 -0.572394093 -0.115523886
vn -0.876773451 -0.434393285 -0.206326902
vn -0.243578802 -0.966556504 -0.0802364748
vn -0.491492356 -0.780876031 0.385574752
vn -0.173311725 -0.980991989 -0.0872798042
vn -0.140070991 -0.989906578 -0.0215658121
vn -0.175099879 -0.983164799 -0.0522207836
vn -0.354044653 -0.929084763 -0.107022834
vn -0.360524187 -0.912056216 -0.195386207
vn -0.498825357 -0.859436431 -0.111992343
vn -0.182792908 -0.983093642 -0.010660383
vn -0.24874617 -0.967102779 -0.0532687346
vn -0.176187546 -0.984033042 -0.0252372829
vn -0.129220404 -0.985169905 -0.112881996
vn -0.11717944 -0.992672868 -0.0294882504
vn -0.221390419 -0.971840687 -0.0806967297
vn -0.222699418 -0.962061405 -0.15761606
vn -0.2301368 -0.965599104 -0.121059588
vn -0.961003265 -0.112324264 -0.252697416
vn -0.992161461 -0.0235237307 -0.122728439
vn -0.981421545 -0.085954105 -0.171533212
vn -0.159955888 -0.98697854 0.0169550863
vn -0.920438924 -0.36791698 -0.132020011
vn -0.961522304 -0.270967232 -0.0452947976
vn -0.221111019 -0.974009868 -0.0491395394
vn -0.294064282 -0.955498088 0.0234435754
vn -0.199967345 -0.97909054 0.0373466872
vn -0.16688289 -0.985714655 0.0227314618
vn -0.202692306 -0.979060373 0.0188842775
vn -0.166535681 -0.9860346 0.00127865952
vn -0.113118989 -0.993385559 0.0197288231
vn 0.169896713 0.117579775 0.978422252
vn 0.0668530895 -0.06714407 0.995501049
vn -0.0655778005 -0.997810369 0.00860349188
vn -0.0256049898 -0.999657327 0.00544177724
vn -0.0505823154 -0.998686053 0.00822167743
vn -0.491735176 -0.869894351 0.0384751268
vn -0.512776331 -0.856844955 0.0536391421
vn -0.433665628 -0.90017657 0.0402028051
vn 0.129795106 -0.978067391 -0.162903069
vn -0.10554212 0.754776726 0.647435676
vn -0.484005352 0.68382314 0.546007996
vn -0.20489554 0.671374487 0.712231785
vn -0.0995389521 -0.994703741 0.025621567
vn -0.142634441 -0.989207522 0.0335245438
vn -0.26513869 -0.961642132 0.0703269884
vn -0.218259763 -0.972617201 0.0798652386
vn -0.707553654 -0.694991187 0.127886968
vn -0.707484401 -0.680010305 0.192488461
vn -0.224693296 -0.917449554 0.328327943
vn -0.387069054 -0.853829784 0.348069315
vn -0.395165239 -0.820458673 0.413148884
vn -0.013078384 -0.99882092 -0.0467517533
vn 0.0514602254 -0.997776481 -0.042354918
vn 0.0242458564 -0.999363465 -0.0261687424
vn 0.0365429481 -0.999318921 0.00512896456
vn 0.0507289574 -0.998711904 -0.00105132258
vn 0.0887903726 -0.996039385 0.00467052292
vn 0.064298711 -0.995200692 0.0737648864
vn -0.0644215226 -0.997469793 0.0300645912
vn -0.0513248244 -0.998458316 0.0211365392
vn -0.0309791805 -0.998692804 0.0406567763
vn 0.0953960317 -0.995084805 -0.0265674376
vn -0.176941596 -0.983640166 0.0338185829
vn -0.141397915 -0.989830398 0.0155696403
vn 0.244610563 -0.967315792 0.0668268723
vn 0.274538587 -0.955240697 0.110198797
vn 0.293527277 -0.953015584 0.0748534186
vn -0.879441488 0.460916243 0.118907044
vn -0.83460154 0.504554986 0.221053239
vn 0.0285565248 -0.100260697 0.994551315
vn 0.00356371117 -0.10938947 0.993992577
vn 0.00823838367 -0.0877157728 0.996111476
vn 0.0508316868 -0.196957325 0.979093434
vn -0.0637027553 -0.997362524 -0.0347844146
vn -0.00987038087 -0.999506953 -0.0298064695
vn -0.0451037393 -0.998692442 -0.0240636268
vn 0.430775132 -0.777253902 -0.458594765
vn 0.411370427 -0.787603243 -0.458754296
vn 0.605438393 -0.795882925 -0.00383690607
vn -0.108590063 -0.994071493 0.00548313229
vn -0.0756612369 -0.99712529 0.0040660838
vn -0.0360108464 -0.999181224 0.0184418246
vn 0.00395514996 -0.999755234 0.021767615
vn 0.102803223 -0.992731308 0.062578331
vn 0.12170014 -0.990415702 0.0653131967
vn 0.0990399955 -0.992890518 0.0660265026
vn -0.0358398173 -0.999255055 -0.0143122978
vn -0.0340469935 -0.999419743 -0.000989506918
vn 0.00655577006 -0.999945284 -0.00815169066
vn 0.0066782246 -0.999977081 -0.00111321929
vn 0.0393035713 -0.998525739 0.0374376511
vn -0.137224209 -0.990405174 -0.016343456
vn -0.0962532422 -0.995093913 -0.0228783129
vn -0.154288925 -0.987730015 -0.0241732444
vn -0.39703192 -0.803200128 -0.444111707
vn -0.422537489 -0.877006073 -0.228740941
vn -0.481007225 -0.791925609 -0.376146088
vn 0.0928091095 -0.99568387 -0.000318107895
vn 0.737687265 -0.635220958 -0.228717802
vn 0.508459289 -0.834670179 -0.211647923
vn 0.680860256 -0.722538643 -0.11986334
vn 0.019107594 0.0785115745 0.99673007
vn 0.0256608064 0.0640483292 0.997616828
vn 0.00155358264 -0.000193840365 0.999998774
vn -0.611461087 -0.669439441 -0.421860372
vn -0.533670438 -0.700263784 -0.474158726
vn -0.634685394 -0.771509663 0.0441281151
vn 0.463519979 -0.482333464 -0.743305898
vn -0.99675466 -0.0760711993 0.0263309889
vn -0.948000198 -0.303934818 0.0944417884
vn -0.132709893 -0.991150165 0.00307153425
vn -0.103676616 0.786921824 -0.608280529
vn -0.105203118 0.459476305 -0.881937543
vn -0.125907269 0.635222612 -0.761997108
vn -0.0872088272 -0.971583422 -0.220046074
vn -0.0790444023 -0.935043209 -0.345609867
vn -0.0236029521 -0.962775265 -0.269270662
vn 0.000475013305 0.597593814 0.801798858
vn 0.0393164588 0.315079008 0.948250724
vn 0.0213760104 0.291847355 0.956226013
vn 0.0309036704 -0.997287607 -0.066801141
vn 0.197185605 -0.859768302 -0.471079934
vn 0.21786391 -0.936416237 -0.275063534
vn 0.213052057 -0.90987595 -0.355998
vn 0.102177959 -0.993810887 -0.0435842413
vn -0.311367242 -0.877133603 -0.365632442
vn -0.251208673 -0.947580026 -0.19744948
vn 0.312334438 -0.949283761 -0.0361599266
vn 0.462298374 -0.886560527 -0.0170482931
vn 0.164535058 -0.83140155 -0.530753877
vn 0.200662952 -0.736615244 -0.64585785
vn -0.0433181536 -0.997311767 -0.0590997202
vn -0.0637326919 -0.994634662 -0.0814863937
vn -0.0158907961 -0.997093566 -0.0745110882
vn -0.255401707 -0.941323308 -0.220636346
vn -0.463676444 -0.884748727 -0.0471576621
vn -0.371327579 -0.927250637 -0.0481880101
vn 0.995640253 -0.0879487253 0.0310726367
vn 0.986998515 0.160302338 -0.0117086506
vn 0.999814206 0.0147870921 0.0123650562
vn 0.0265653933 -0.965791983 -0.257953728
vn -0.340160122 -0.938535291 -0.0586736615
vn -0.244349978 -0.969524589 0.0177527247
vn -0.215783621 -0.975714409 0.0376672382
vn 0.394698204 0.367996825 0.841897657
vn -0.79679535 -0.588176507 0.138439757
vn -0.751638369 -0.646084326 0.132720782
vn -0.779726557 -0.62243296 0.0678506175
vn -0.700732757 -0.519496605 0.488975337
vn -0.859337794 -0.391281597 0.329298145
vn -0.875034615 -0.341164322 0.343396749
vn -0.297248235 -0.949269198 -0.102622981
vn -0.29501682 -0.94759925 -0.122559121
vn -0.35736527 -0.928314963 -0.10257384
vn -0.537437752 -0.798123415 -0.272322744
vn -0.502416511 -0.696233125 -0.512676394
vn 0.598955524 -0.800775959 0.00318498227
vn -0.398931771 0.537944959 0.742609362
vn -0.230891887 0.427818154 0.873876744
vn -0.164457286 -0.961825362 0.218736768
vn -0.135012187 -0.967174464 0.215279507
vn -0.355530316 -0.918227279 0.174518937
vn -0.397216357 -0.894878018 0.203500611
vn -0.0344019786 -0.984362828 -0.172760896
vn -0.0865093834 -0.984709415 -0.151206796
vn -0.107300621 -0.978826276 -0.174314939
vn -0.434388053 -0.864565357 0.252653444
vn -0.0296434352 -0.275473006 0.960851648
vn -0.148936784 -0.976247106 -0.157351268
vn -0.0175678129 -0.977211068 -0.211541721
vn 0.025697493 -0.988388659 -0.14975813
vn -0.0727015774 -0.989741256 -0.122990756
vn -0.0237416251 -0.993839445 -0.108256602
vn -0.0934094053 -0.989949754 -0.106179881
vn -0.395138616 -0.916392159 0.0639600269
vn -0.34257135 -0.939080153 0.0278089244
vn -0.456311278 -0.888212889 0.0534591572
vn 0.0402510292 0.24811916 0.967892937
vn 0.117539265 0.0811110275 0.989750232
vn 0.0717064076 0.0139510497 0.99732821
vn -0.700516304 -0.713636342 0.000280816545
vn -0.88828612 -0.338116562 -0.310845555
vn -0.769049168 -0.339401958 -0.541636122
vn -0.952838344 -0.284802302 -0.104817647
vn 0.473839558 -0.859859502 -0.190046601
vn -0.72762074 -0.504448206 -0.464865643
vn -0.996651445 -0.078257928 -0.0236979737
vn -0.99472726 -0.0246585465 -0.0995471455
vn -0.0648017234 -0.852418118 0.518829537
vn -0.0766131745 -0.919958143 0.384457327
vn -0.00448620801 -0.886255338 0.46317529
vn -0.770933387 -0.636419336 0.0251424262
vn -0.734919591 -0.677951114 0.016597627
vn -0.699288384 -0.714819112 0.0054215554
vn -0.296172611 -0.954675116 -0.0296176788
vn -0.216792939 -0.975586003 -0.0351108625
vn -0.261894176 -0.962965205 -0.0641050274
vn 0.0811301245 -0.840619327 0.535515686
vn 0.0758798691 -0.920259347 0.383881465
vn -0.687694617 -0.72590663 0.0116481216
vn -0.805815174 -0.590439203 0.0452045652
vn -0.751612862 -0.658657789 0.0353273746
vn -0.415555399 -0.900922011 -0.125112908
vn -0.511659143 -0.855843393 -0.075743034
vn -0.437068059 -0.896403197 -0.0737076698
vn -0.745733458 -0.630783106 0.214462779
vn -0.34162873 -0.9206739 -0.188810435
vn -0.994191532 0.0156172492 -0.10648615
vn -0.183013098 0.770333687 0.610812751
vn -0.681412836 -0.731575423 0.021770349
vn -0.614745228 -0.788650386 0.0109029203
vn -0.602204818 -0.79830219 -0.00793541051
vn -0.331438634 -0.679875227 -0.654154498
vn -0.446220341 -0.777214402 -0.44364984
vn -0.219659838 -0.971833094 -0.0853814607
vn -0.274155971 -0.95916276 -0.0696082169
vn -0.222814619 -0.970933471 -0.0874176249
vn -0.237369704 -0.970597358 0.0399548722
vn -0.25991228 -0.964322419 0.050278022
vn -0.296392729 -0.954106842 0.0427958398
vn -0.714960127 -0.664014057 -0.218900315
vn -0.913610396 0.296651293 0.278054052
vn -0.72586171 -0.686875594 0.0364238338
vn -0.875107477 -0.28946668 0.387809161
vn -0.928877272 0.0237106163 0.369627948
vn -0.114204358 -0.0795791577 0.990264875
vn -0.849740123 -0.521187464 -0.0794062357
vn -0.81815248 -0.53775116 -0.203593246
vn -0.858524079 -0.475941385 -0.190830303
vn -0.847371954 -0.435928643 -0.303194641
vn -0.867958403 -0.450185386 -0.209717261
vn -0.874275961 -0.471380177 -0.115940817
vn -0.920293485 -0.0373985501 0.389437093
vn -0.91562365 0.0420209441 0.399834431
vn -0.621729996 -0.76973369 -0.144782109
vn -0.648872981 -0.679232333 -0.342939196
vn -0.327852407 -0.942742351 0.0612344545
vn -0.382952442 -0.92132943 0.0670783797
vn 0.214195157 0.660650158 0.719487181
vn -0.177990683 -0.979202154 0.0973779192
vn -0.0921142225 0.03327671 0.995192258
vn -0.356556022 -0.932268241 0.0611860246
vn -0.279007269 -0.959103009 0.0477112395
vn -0.576767468 -0.816485799 0.0262721858
vn -0.668834922 -0.742881152 0.0280613702
vn -0.483142287 -0.87105384 0.0885366489
vn -0.165535577 -0.981431331 -0.0969046702
vn -0.19598446 -0.973428111 -0.118439034
vn -0.240983038 -0.964603256 -0.107087505
vn -0.138623222 -0.982118418 -0.1273853
vn 0.0232630405 -0.821434252 -0.569828571
vn 0.0915710703 -0.922977345 -0.373801498
vn 0.00937688249 -0.937839289 -0.346943139
vn -0.596726608 -0.769977122 -0.225948195
vn -0.100896286 0.683852541 0.722610297
vn -0.0710721344 0.0314988413 0.996973708
vn -0.104521258 0.540831445 0.834611679
vn -0.0270841699 0.0171400027 0.999486202
vn -0.0452899594 0.160534532 0.98599061
vn -0.0543256517 0.10477779 0.993010744
vn -0.676516698 -0.736381565 0.00820660046
vn -0.616464679 -0.787381628 0.00121282849
vn -0.633045277 -0.774031469 -0.0113561107
vn -0.182496984 -0.981351631 -0.0603641227
vn 0.06015792 0.587711998 0.806830609
vn -0.222518903 -0.962924654 -0.152517046
vn -0.295402096 -0.942438062 -0.156678337
vn -0.237086502 -0.962728127 -0.130171212
vn 0.168790006 -0.982474785 -0.0790773707
vn 0.149085915 -0.987183545 -0.0569388991
vn -0.925529305 -0.258013832 0.277172093
vn -0.948181931 -0.287990089 0.134211528
vn -0.940440215 -0.272021583 0.203903066
vn 0.346863476 -0.937877346 0.00847418523
vn 0.225493271 -0.974148381 -0.0137009601
vn 0.235108901 -0.97192562 -0.00918656285
vn 0.175297695 0.067681489 0.982186303
vn 0.425912347 0.111413836 0.897878405
vn 0.18238283 0.0307759192 0.98274582
vn 0.408021356 0.336311911 0.848771389
vn 0.290745815 0.186019249 0.938543398
vn 0.350750796 0.271844546 0.896144197
vn -0.0922452532 0.373705117 0.92294924
vn 9.71536544e-05 0.370105519 0.928989717
vn -0.508555383 -0.861006811 -0.00622040991
vn -0.433000616 -0.897471952 0.0839914415
vn 0.128497386 0.156196787 0.979331908
vn 0.291110005 0.291309993 0.911259268
vn 0.168573137 0.124446574 0.977801691
vn -0.614086826 -0.789129155 -0.0131357381
vn -0.562519039 -0.826111506 -0.0333483116
vn -0.538445641 -0.841922324 -0.0352575223
vn 0.266206232 0.20014685 0.942907992
vn 0.551495164 0.337175544 0.762997862
vn -0.213424225 -0.974515771 -0.0690587562
vn -0.942973092 0.106427672 0.315396414
vn -0.972661043 0.0656518479 0.222756211
vn -0.972370411 0.159615321 0.170348857
vn -0.336144978 -0.940954136 -0.0401480841
vn -0.842588336 -0.370265051 0.391086549
vn -0.783879549 -0.466884756 0.409330522
vn -0.0672110295 0.682410229 0.727872899
vn -0.0411221759 0.680351972 0.731730935
vn -0.539476653 -0.837838326 0.0836174694
vn -0.715775521 -0.694285537 0.075053291
vn -0.588351652 -0.806107341 0.0635081725
vn -0.801729648 -0.46415291 0.376552316
vn -0.878306321 -0.357460168 0.317490528
vn 0.0480282511 -0.46445855 0.884291548
vn 0.538257679 -0.524226444 0.659897951
vn 0.143032053 -0.385320812 0.911630245
vn -0.371492173 -0.925488072 -0.0739283003
vn -0.0793110773 0.0934517463 0.992459835
vn -0.98259494 0.104621076 0.153497931
vn -0.989797504 -0.00840030142 -0.142233386
vn -0.658991836 -0.745603274 0.0990228162
vn -0.337020953 -0.93149948 -0.136841502
vn -0.368289079 -0.929622651 0.0128405742
vn -0.0838371175 0.955651562 0.282314416
vn -0.337075219 -0.936985176 0.0918644435
vn -0.169047535 -0.984739012 0.0413764268
vn -0.358435957 -0.924750399 0.12790764
vn -0.303150763 -0.935615078 0.180897872
vn -0.636584558 -0.717728514 0.282180582
vn -0.570440819 -0.750871913 0.33284928
vn -0.616948066 -0.699976423 0.35973336
vn -0.654608025 -0.753808164 0.0571102951
vn -0.521555601 -0.800619789 0.294936789
vn -0.218646948 -0.960034566 0.174720185
vn -0.140768443 -0.975068173 0.171540965
vn -0.989824908 -0.142285295 0.00124390737
vn -0.985773857 -0.154193639 0.0668896374
vn -0.584848058 -0.497468541 0.640685414
vn -0.827313785 -0.428447629 -0.363296754
vn -0.851916896 -0.512664271 0.106831395
vn -0.223721133 -0.966597009 0.125056294
vn -0.986709712 0.0924417393 -0.133635582
vn -0.968820659 -0.168098353 0.18201504
vn -0.580821434 -0.591986346 0.558747373
vn -0.425505461 -0.849954395 0.310680911
vn -0.470439288 -0.882413184 0.00581790148
vn -0.401357505 -0.915800023 -0.0149154567
vn -0.244505218 -0.969522282 -0.0156122868
vn -0.190262036 -0.981098105 -0.0353109826
vn -0.191410065 -0.981221673 -0.0237952957
vn -0.206890982 -0.978345889 -0.00595346547
vn -0.34679814 -0.925964338 0.149402458
vn -0.563996187 -0.799555995 0.206442517
vn -0.316078637 -0.908208389 0.274320647
vn -0.242927442 -0.939415442 0.241836486
vn -0.584195725 -0.695802572 0.417820698
vn 0.385287725 -0.253011076 0.887433808
vn 0.751693685 -0.1439949 0.643600864
vn -0.996832928 -0.0777419176 0.016742399
vn -0.491074825 -0.0787514073 0.86755042
vn -0.778248995 -0.0759258532 0.623348832
vn -0.828895144 -0.429740232 0.35812871
vn -0.792110094 -0.505939284 0.341448444
vn -0.937060358 -0.257267339 0.236074992
vn -0.240579366 -0.951415974 0.192169752
vn -0.0955860517 -0.973334376 0.208526973
vn -0.181375146 -0.922061434 0.341914855
vn -0.787034653 -0.421968397 0.450021251
vn 0.0991223191 -0.297729025 0.949490492
vn 0.134478934 -0.175723198 0.975211143
vn 0.258091156 0.931187447 -0.257446874
vn -0.000127298299 0.858091379 -0.513497
vn 0.0212835725 0.977109021 -0.211671845
vn 0.218215121 0.111010243 0.96956634
vn -0.194038793 -0.938308513 0.286227323
vn -0.243534754 -0.945631469 0.215573533
vn -0.685072167 -0.658155372 0.31226212
vn -0.828716494 -0.47864386 0.290050044
vn 0.310247964 0.0622394097 0.948616074
vn -0.98086973 0.192610637 0.0282084118
vn -0.945780472 0.317984371 0.0662211329
vn -0.941371651 0.281733826 0.185594898
vn -0.0834963712 -0.321536511 0.943208688
vn -0.0396622134 -0.507135179 0.860953436
vn -0.109466565 -0.442897324 0.889864614
vn -0.122437283 -0.606739713 0.785414561
vn -0.102436412 -0.756496736 0.645925282
vn -0.0424497227 -0.663965509 0.746557314
vn 0.13111838 -0.715393083 -0.686309484
vn 0.277641401 -0.582903196 -0.763635461
vn 0.262546999 -0.734742033 -0.625478391
vn 0.939587142 -0.231428963 -0.252223389
vn -0.00697819147 -0.77721911 0.629191354
vn 0.110561897 -0.750214183 0.651885531
vn -0.291922214 -0.953151653 -0.0792675723
vn -0.869755144 0.333424222 0.363805275
vn -0.904619048 0.215021261 0.368008471
vn -0.932155563 0.205467424 0.298109281
vn -0.899303806 0.293112353 0.324557874
vn -0.190784793 0.5469427 0.815140997
vn -0.0531607141 0.610630762 0.79012911
vn -0.0631835054 0.467154835 0.881915078
vn -0.0722321085 0.581314069 0.810466825
vn -0.0710746827 0.837203687 0.542253055
vn -0.117613273 0.0811923681 0.989734771
vn -0.167615716 -0.950443294 0.26184445
vn -0.647795492 -0.575538922 -0.499115167
vn -0.771653082 -0.539441729 -0.336977954
vn -0.141165916 -0.268519941 0.952874192
vn -0.946235723 0.229645805 -0.227817387
vn -0.87576652 0.446714133 -0.182974001
vn -0.0775627385 -0.996805578 0.0190436779
vn -0.0689809557 -0.997370347 0.0222265125
vn -0.101976291 -0.719293314 -0.687181174
vn -0.0750683066 -0.654101043 -0.752672953
vn -0.0628436933 -0.712889466 -0.698454923
vn -0.932411076 -0.350104334 -0.0896467557
vn -0.258699599 0.184576173 0.94815935
vn -0.0817751106 -0.0841878934 0.993088732
vn -0.119695724 -0.0751126885 0.98996516
vn -0.101795624 0.27900776 0.954878171
vn -0.151952921 0.173540399 0.973033422
vn 0.0597729545 -0.632808878 0.771997486
vn -0.169608791 0.0283285035 0.985104235
vn -0.386269169 0.138968483 0.911857385
vn -0.311375683 -0.272410613 0.910405208
vn -0.187844299 -0.453371417 0.871302977
vn -0.0567477023 0.311255225 0.94863053
vn -0.0664150284 0.180984163 0.981240937
vn -0.000372564923 -0.967256387 0.253800991
vn 0.00885295624 0.712499484 0.701616783
vn 0.0377814815 0.799429541 0.599570653
vn -0.732976713 0.669997279 0.117680859
vn -0.677432018 0.654035466 0.336635517
vn -0.649717362 0.725580558 0.226716127
vn -0.819557849 -0.571843031 0.0363384011
vn -0.995502679 0.0772119885 -0.0548883016
vn -0.999912202 0.00304442645 -0.01289652
vn -0.910238433 0.039677914 -0.412179158
vn -0.977457882 0.122333345 0.172077431
vn -0.21787359 -0.950310901 0.222351726
vn -0.0702712115 -0.99731145 0.0207804912
vn -0.064801803 0.961520032 0.266983059
vn -0.106775513 0.976015352 0.189718272
vn -0.163875959 0.899965583 0.403988391
vn -0.537862078 0.0136806786 0.842921837
vn -0.952072611 0.0102156189 0.305701464
vn -0.950125938 0.0785578715 0.301810143
vn -0.941946929 0.0787246386 0.326402227
vn -0.936771449 0.028053198 0.348815524
vn -0.920740519 0.082915583 0.38126356
vn -0.768633251 -0.225637814 0.598573724
vn -0.867012024 0.412386693 0.279691555
vn -0.769556159 0.53032595 0.355721387
vn -0.790859167 0.447212408 0.417783245
vn -0.595386312 -0.485195765 0.640390669
vn -0.609103709 -0.459453247 0.646448285
vn -0.166775671 0.139589738 0.97606382
vn -0.713165251 0.0035573977 0.700986926
vn -0.986931487 -0.129358371 -0.0960866846
vn 0.197782521 -0.97674819 -0.0827348078
vn -0.128176558 0.917805017 -0.375772167
vn -0.134548282 0.960421922 -0.243898525
vn -0.898202885 -0.192943264 0.394974018
vn -0.8815268 -0.255084927 0.39729357
vn -0.884527971 -0.417972482 -0.207145537
vn -0.0967269225 -0.189368659 0.977130193
vn -0.64546733 0.757792191 0.0955139844
vn -0.677303657 0.732802871 0.0652664443
vn -0.919830278 -0.14947131 0.362726601
vn -0.924723849 -0.110390914 0.36427963
vn -0.109188502 -0.327738695 0.938437648
vn 0.29259498 0.0673093915 0.953864573
vn -0.88091139 -0.434556899 0.187497799
vn -0.830959602 -0.510679023 0.220710389
vn -0.944437885 -0.0122857182 0.328460259
vn -0.94386794 -0.0638391421 0.324095474
vn -0.749904108 -0.528829157 0.397471446
vn -0.680523495 -0.616526484 0.395958164
vn -0.18714989 -0.115481785 0.975519798
vn 0.712191326 0.23893396 0.660071267
vn 0.443637121 0.169731105 0.879987191
vn -0.561197791 0.820026646 -0.112309119
vn -0.913715811 -0.207318006 0.349489144
vn -0.808557405 -0.466215757 -0.35899553
vn -0.991448289 -0.130258683 0.00793505909
vn -0.954248126 -0.218341128 0.204297982
vn -0.846977663 -0.531355422 -0.0170368561
vn -0.850090294 -0.526379096 0.0164784473
vn -0.949639585 -0.179872834 0.256574398
vn -0.946920256 -0.0936514528 0.30752469
vn 0.288476396 0.0850111275 0.953705655
vn -0.956609777 0.288137101 -0.0432983194
vn -0.190719377 0.404406231 0.894472872
vn -0.974281166 0.0909301579 -0.206174479
vn -0.898337533 -0.436065615 -0.0532583949
vn -0.0998415988 -0.0793059218 0.991837802
vn -0.695948862 -0.329596916 -0.637982018
vn -0.822986323 -0.568004206 -0.00804578048
vn -0.829473699 -0.55253554 0.0817181707
vn -0.826456131 -0.543758721 0.145933944
vn -0.838590522 -0.542692196 0.0474459492
vn -0.862368123 -0.495221876 0.105245018
vn -0.230285855 0.971896231 0.0488481481
vn -0.182065381 0.961288359 -0.206825743
vn -0.273260723 0.956023652 -0.106523963
vn -0.580326612 -0.812417196 -0.056562564
vn -0.262272354 0.07874659 0.961775539
vn 0.468832158 0.129550248 0.873735166
vn 0.194811527 0.0600520393 0.979000624
vn -0.0788623418 0.869017095 -0.488456773
vn -0.300662509 0.91813305 -0.258135156
vn -0.170817749 -0.984503383 -0.0396785191
vn -0.865135142 0.47889635 -0.148994874
vn -0.829791057 0.556390327 -0.0433197972
vn -0.895032889 0.388380246 -0.219264479
vn -0.860301767 -0.507989924 0.0427446647
vn -0.913464095 -0.385837793 0.129277008
vn 0.462188902 0.524816986 0.714806652
vn 0.291817639 0.387194607 0.874598652
vn 0.0132200287 -0.258697678 0.96586787
vn 0.0653508525 -0.365732424 0.928422889
vn 0.0143667862 -0.267182583 0.963538823
vn 0.269424483 -0.0182083747 0.962849367
vn 0.103577286 0.0143223473 0.994518283
vn 0.109293235 -0.00907308578 0.993968142
vn 0.321698602 -0.0707951593 0.944191747
vn -0.921721776 0.387018549 -0.0254088627
vn -0.902631633 0.389425304 -0.183314123
vn -0.798629697 -0.313730372 -0.513579459
vn -0.939829024 -0.305700839 -0.152539841
vn 0.184631718 -0.346432988 -0.919725673
vn 0.182136308 -0.393895318 -0.900928878
vn -0.925956788 -0.264906717 -0.269125357
vn -0.73530937 -0.552191659 0.392943384
vn -0.721488353 -0.547005856 0.424545816
vn -0.894969477 -0.325903023 0.304658589
vn 0.441659213 0.210107284 0.872233953
vn -0.108020959 0.990152193 0.0890511448
vn -0.0564633938 0.996592443 0.060128091
vn -0.957629996 -0.23800838 0.162162888
vn -0.939281045 -0.336914033 0.0651156798
vn -0.432121067 -0.0807403622 0.898193953
vn 0.0539893693 -0.776443125 -0.627870386
vn -0.951288444 0.025291667 -0.307263126
vn 0.634916985 -0.260217778 0.727438747
vn 0.0510392371 0.996963681 -0.0588082887
vn 0.0847575429 0.995574511 0.0405900497
vn -0.981430242 -0.178743447 -0.0696093434
vn -0.973978215 -0.222469606 0.0432863955
vn -0.28878239 -0.954242763 0.0776239703
vn -0.912104769 0.157955263 0.378305466
vn -0.268030615 -0.963398704 0.00474626038
vn -0.829414917 0.341671078 0.441963539
vn -0.994062091 0.084669459 0.0683494054
vn -0.99674752 -0.031882203 0.0740128759
vn 0.311537112 0.0435481934 0.949235578
vn 0.579356686 0.0902038086 0.810067345
vn 0.05841722 0.0703292437 0.995811843
vn -0.768243217 0.615783011 0.174967548
vn -0.589017106 0.76288584 -0.2665784
vn 0.521675353 -0.258339451 0.813090127
vn 0.322699418 -0.17283621 0.930587304
vn 0.0643420169 -0.0839529722 0.994390267
vn -0.956357836 0.255062237 -0.142558563
vn 0.332404407 -0.353828468 0.874249807
vn -0.530087591 0.82437231 -0.19853826
vn -0.15372805 0.381368236 0.9115514
vn -0.381448547 0.820813114 -0.42516213
vn -0.359576958 0.912390419 0.195571303
vn -0.44679568 0.873142167 -0.194926594
vn -0.267828611 0.500548691 -0.823236809
vn -0.240470213 0.645680195 -0.724755933
vn -0.340327426 0.75650116 -0.558465074
vn -0.250890427 0.544791324 -0.800160238
vn -0.998733338 -0.0320371535 -0.0387987048
vn -0.194028599 0.465206299 0.863675866
vn 0.00381184688 -0.0262307943 0.999648646
vn -0.725758546 0.652806848 0.217066241
vn -0.661470567 0.748654002 -0.0444283022
vn -0.516086922 0.108328649 0.84965828
vn -0.587196509 0.687779945 0.426800899
vn -0.854442366 0.319080135 0.410019646
vn -0.81574569 0.406754779 0.411229278
vn 0.136578929 -0.972358141 0.189382793
vn 0.235904463 -0.910307958 0.34013013
vn 0.604985568 0.790351007 -0.096632023
vn 0.55555653 0.782317288 -0.281667539
vn -0.0450856409 -0.432723077 0.900398814
vn 0.0606310843 -0.429321211 0.901114404
vn 0.0952573172 -0.262019155 0.960349939
vn 0.626703164 0.709734316 -0.321745776
vn 0.726370315 0.669109262 -0.157095388
vn 0.706073397 0.623106777 -0.336449554
vn 0.0465633901 -0.0562132817 0.997332401
vn 0.123868607 -0.165245012 0.978442974
vn 0.0786240604 -0.201556639 0.976316126
vn 0.114662864 -0.993163788 0.0218659136
vn 0.120005572 -0.989102685 0.0852909257
vn 0.140603236 -0.989558681 0.0316914187
vn 0.00853485298 -0.0381109436 0.999237065
vn 0.212570258 0.459306467 -0.862468234
vn 0.431208086 0.831224742 -0.350891742
vn 0.546030833 0.836837776 0.0394064346
vn -0.371654618 0.911834121 -0.174445925
vn -0.280255347 0.577946127 0.766443223
vn 0.00882993145 0.647812029 0.761749045
vn -0.492022922 0.783518495 -0.379489409
vn -0.729485968 0.663714786 -0.165326661
vn -0.647798494 0.761478222 0.0225394742
vn 0.231895018 0.938017438 -0.257581029
vn 0.206844379 -0.0880202667 0.974406402
vn 0.155812562 0.310065489 0.937860244
vn -0.398083869 0.90910857 0.122681869
vn 0.0157407679 0.959744314 0.280433734
vn -0.0829441776 0.927634136 -0.364163664
vn 0.21966354 0.971470378 -0.0894048902
vn -0.00074514393 0.999590618 0.0286014287
vn 0.110001222 -0.399492057 0.910113085
vn -0.0604798418 0.193959951 0.979143363
vn -0.776895123 -0.628469855 -0.0382048212
vn 0.811839803 0.582084493 0.0457578174
vn 0.860543752 0.508860562 0.0229211451
vn 0.798657365 0.601591062 -0.0153168875
vn -0.97246607 0.0751434223 0.220597392
vn -0.973067947 0.174120044 0.151066144
vn -0.987500296 0.0166903417 0.156730973
vn 0.526519924 -0.0817991167 0.846218455
vn -0.18374422 0.0415247063 0.982096615
vn 0.09627188 0.0737938639 0.992615832
vn -0.839708443 -0.542426294 0.0257574603
vn 0.117274716 -0.0813619798 0.989761016
vn -0.136627968 -0.987070318 -0.0838151928
vn -0.904178761 -0.160337549 0.395919989
vn -0.896466294 0.343086088 -0.280428457
vn -0.108749933 0.669740752 -0.734588849
vn -0.0173237385 0.700447065 -0.713494077
vn -0.755177998 0.584941568 0.295887737
vn -0.750719668 0.650840723 0.113253402
vn -0.640396034 0.690031757 0.337267095
vn 0.277456371 0.960524666 -0.0202565387
vn 0.687911623 0.722007593 0.074044817
vn -0.00634384369 0.996437763 0.0840924486
vn 0.0966600316 0.128004651 0.987051998
vn 0.776210224 0.514686247 0.364137002
vn 0.663793282 0.538410657 0.519126616
vn 0.685383413 0.512097752 0.517692447
vn -0.808644004 0.312628588 -0.498355537
vn -0.795328253 0.558146978 -0.236484505
vn -0.952282544 0.116283438 0.282198721
vn 0.568139569 0.550819164 0.611404677
vn 0.818178523 0.514442202 0.256774465
vn 0.787910955 0.465609733 0.402993677
vn 0.679018532 0.638088265 0.363011293
vn 0.85820928 0.400951571 -0.320491294
vn 0.81473964 0.509903625 -0.27603915
vn 0.848533412 0.494809623 -0.187495297
vn -0.42505186 0.905100142 0.0111646647
vn -0.514611721 0.856249822 -0.0448443784
vn -0.659814522 0.732738318 0.166551353
vn -0.471683355 0.876540469 0.0958729306
vn -0.178412253 -0.983887157 -0.0116245346
vn 0.893871393 0.448317006 -0.00240731307
vn 0.918136531 0.396264122 -0.000235667454
vn 0.902179028 0.430497236 0.0272970816
vn 0.309575584 -0.950874835 -7.26073354e-05
vn 0.39066598 -0.919215167 0.0492297643
vn -0.180185875 0.160520285 0.970446438
vn -0.209915539 0.363056653 0.90781349
vn -0.913062373 0.237085726 0.331824443
vn -0.951468454 0.301241783 0.0629378238
vn -0.887412341 0.452763183 0.086630466
vn -0.643460421 0.756494113 0.116941622
vn -0.869306304 0.429199762 0.245141009
vn -0.887038431 0.430238326 -0.167504643
vn -0.987500351 -0.0299559461 -0.154743976
vn -0.9353826 -0.278060335 -0.218499066
vn -0.865380675 -0.470444438 0.172621894
vn -0.678893803 -0.671582821 0.296782275
vn -0.922782522 0.282193242 0.262372618
vn -0.847730304 0.206310689 0.48866065
vn 0.0215820566 0.957502112 0.287617663
vn -0.0212864196 0.99328946 0.113679098
vn 0.0949424827 0.989020922 0.113241072
vn -0.359638851 -0.404572799 0.840821472
vn -0.107316055 0.631162644 0.768190719
vn 0.0528385427 0.519981603 0.852541624
vn -0.0972497894 -0.270939205 -0.957671356
vn -0.881956095 -0.231309797 -0.41066924
vn -0.0825313305 0.497166821 0.863720865
vn -0.924738807 -0.0696978482 -0.374166206
vn -0.0604350761 0.9683268 0.242261862
vn -0.065370714 0.967700764 -0.243478749
vn 0.0947529192 0.163523171 0.981978644
vn -0.705059596 0.584640177 0.401356237
vn -0.601561846 0.687654859 0.406514624
vn -0.0692597094 -0.189465657 0.979441605
vn -0.0168736264 -0.244388835 0.969530494
vn 0.826743478 -0.544631361 0.140967737
vn 0.611546523 -0.731407229 0.301752075
vn 0.919652428 -0.353781744 -0.170522401
vn -0.173980077 -0.69342475 0.699208873
vn -0.226500425 -0.767987708 0.599076321
vn -0.952419469 0.128920065 -0.276182497
vn -0.97555617 -0.020211311 0.218818788
vn -0.276725605 -0.579215239 0.766767661
vn 0.00797812958 0.867732295 0.49696782
vn -0.0792442749 0.892569895 0.443891121
vn -0.321872254 -0.945154548 0.0555079439
vn -0.940751786 -0.339051687 0.00548002589
vn -0.304219891 -0.941075174 -0.147742258
vn -0.107133101 0.484373283 0.868277042
vn 0.11621514 0.975521826 0.186684784
vn -0.989468174 -0.126236763 -0.0708308696
vn -0.997424291 -0.0204680863 0.068744758
vn -0.0442637355 -0.584606551 -0.810108574
vn -0.298160824 -0.399005681 -0.867118555
vn -0.821982257 -0.295360106 -0.486936933
vn -0.725467499 -0.47847126 -0.494734435
vn -0.641835882 -0.575946814 -0.506292374
vn -0.375636607 -0.547554302 0.747717477
vn -0.506733627 -0.848749133 0.151148738
vn -0.996631037 0.0736117946 -0.0361646163
vn -0.99719535 0.0504602728 0.0552738244
vn -0.929549355 -0.0260199559 0.36777841
vn 0.45899672 -0.879510601 0.12563086
vn 0.217678595 -0.974572351 -0.0531484937
vn -0.186899098 -0.627251489 -0.756058395
vn -0.205349032 -0.767772234 -0.606924684
vn -0.0568878821 0.628682163 -0.77557882
vn 0.513773266 0.856001648 0.0574300417
vn 0.0231382307 0.696487726 -0.717195559
vn -0.101395079 0.736179862 -0.669147404
vn -0.0663153334 0.867493796 0.493007901
vn -0.037805426 0.933048931 0.357757519
vn -0.940096151 -0.326420235 0.098331364
vn 0.147144343 0.809712618 -0.568079236
vn -0.918437769 -0.107686378 -0.380625418
vn -0.702475213 -0.031258027 -0.711021456
vn -0.369790905 -0.175925985 -0.912307368
vn 0.964296801 0.197045861 -0.176931086
vn 0.917612593 0.322243121 -0.232694005
vn 0.929001817 0.289647869 -0.230346991
vn -0.882225032 -0.201360747 -0.425597043
vn 0.810254933 -0.416826364 -0.411998453
vn -0.348789367 -0.93402762 -0.0770609024
vn 0.57318793 -0.736287512 -0.359633558
vn -0.810027544 -0.365154944 -0.458821583
vn -0.667883671 -0.63062374 -0.39527851
vn -0.13399245 0.535646535 -0.833743853
vn -0.70802104 0.693181875 -0.13492626
vn -0.633999023 0.317511122 -0.705146741
vn -0.801079645 0.533075385 -0.272216894
vn -0.457607704 -0.525893868 0.716959433
vn 0.126241332 -0.530367467 -0.838315857
vn 0.174954667 -0.441348275 -0.880115086
vn -0.122575078 -0.636070385 -0.761833194
vn -0.967289625 0.143719888 -0.209034388
vn -0.036369439 -0.687088133 -0.725663256
vn -0.847585849 -0.502939676 -0.169262845
vn -0.726486053 -0.687041092 0.013876301
vn 0.396654511 0.713603832 -0.577438109
vn -0.132885772 -0.950453296 -0.281033635
vn -0.207187719 -0.918355566 -0.337188825
vn -0.131009882 -0.985359652 -0.109099799
vn -0.880391164 0.394750411 0.262837422
vn -0.00925736539 -0.995077719 -0.0986642485
vn -0.00287465501 -0.961578688 -0.274514415
vn -0.0661132511 -0.97878118 -0.193949582
vn 0.927730688 0.355317786 -0.114302413
vn 0.920961088 0.335489544 -0.198185369
vn 0.949361744 0.284529952 -0.133247832
vn 0.0177077001 -0.874627618 -0.484471844
vn 0.0784638017 -0.944698434 -0.318415294
vn -0.0624345266 -0.90108589 -0.429122533
vn 0.0349775338 -0.415703126 -0.908827532
vn 0.0754732604 -0.792321019 -0.605418194
vn 0.236013693 -0.848803122 -0.473107595
vn -0.692633407 -0.566284179 -0.446745109
vn 0.75355496 -0.0925718106 -0.650834373
vn 0.288816697 -0.900685988 0.324576133
vn -0.678543338 -0.693697882 -0.241582673
vn -0.964280694 -0.150290589 -0.218118047
vn 0.00582667025 -0.781840662 -0.623451065
vn -0.995652794 -0.0388326884 0.0846613073
vn -0.99477171 -0.0390157036 0.0943770098
vn -0.636498161 -0.769193939 0.0566637063
vn -0.792849241 -0.405967917 -0.454510871
vn 0.261826761 -0.934000637 -0.243083438
vn 0.635845731 -0.754957219 -0.160436289
vn 0.274474935 -0.89641169 -0.348008035
vn -0.0284803601 -0.77655974 -0.629399587
vn 0.062754522 0.10289315 0.992710869
vn 0.0359899722 -0.380065141 -0.924259277
vn -0.0440804239 -0.257063799 -0.965388585
vn -0.967197398 0.241538978 -0.0786645709
vn -0.439864843 -0.873144234 -0.210090616
vn -0.3859858 -0.876953265 -0.286300424
vn -0.897485373 -0.343839879 0.276213944
vn 0.25527535 -0.227600764 0.93969803
vn -0.688614183 -0.589655518 0.422038953
vn -0.773586922 -0.612983584 0.160668599
vn -0.444230016 -0.793268779 0.416394448
vn -0.927320713 -0.244017816 0.283780903
vn -0.969413065 -0.146693367 -0.196772368
vn -0.941726149 2.96928337e-05 0.336380529
vn -0.885745757 -0.459327917 0.0668753959
vn -0.959406179 -0.253924274 0.122728348
vn -0.632194643 -0.774681615 0.0140829523
vn -0.702674146 -0.160667563 -0.693134171
vn -0.941587131 -0.257188995 0.217410892
vn -0.313896327 -0.905680426 -0.284977302
vn -0.120965539 -0.991695261 0.0436789181
vn 0.349029037 0.0126508807 -0.937026513
vn -0.791510249 -0.602298277 -0.10367406
vn 0.318172057 0.381471851 -0.867897326
vn 0.22620277 -0.12509876 -0.966013772
vn 0.250918042 0.272119277 -0.928973216
vn 0.606451247 0.425576141 -0.671641149
vn -0.971194865 -0.209592612 0.113364327
vn 0.878155151 0.459064441 0.134548762
vn 0.843022598 0.529239069 0.0960151438
vn -0.63529629 -0.761668064 -0.127516209
vn -0.301058846 -0.953603439 -0.00201293113
vn 0.378012926 0.5815138 -0.720380405
vn -0.320238348 -0.86242055 -0.392018106
vn 0.428214341 -0.241272523 -0.870873152
vn 0.338432406 -0.316725399 -0.886086073
vn -0.218019626 -0.974933913 -0.0443994115
vn 0.573036498 -0.119483203 -0.810773048
vn 0.540523803 -0.0349656097 -0.840601823
vn 0.634551476 -0.0810461655 -0.768619505
vn -0.765781801 -0.330178648 -0.551869817
vn -0.807899958 -0.434146406 -0.39851544
vn -0.900493739 -0.22167039 -0.37413001
vn 0.875165399 0.31273481 -0.369164548
vn 0.4181071 0.0541060982 -0.906784971
vn 0.384028749 0.271210732 -0.882590879
vn -0.122151368 -0.992339871 -0.0184560014
vn 0.713690948 0.254606829 -0.652549304
vn 0.783790651 -0.250396986 -0.568307632
vn -0.181381816 -0.962909224 0.19976602
vn -0.14728953 -0.965626135 0.214177406
vn -0.13073317 -0.991317883 0.0140603292
vn -0.146107832 -0.987877838 0.0524392846
vn 0.58091227 0.501006996 -0.64150832
vn 0.0649916444 -0.194009026 -0.978844515
vn -0.69240506 -0.71971835 -0.0508008861
vn 0.740138932 -0.321922931 -0.590389692
vn 0.639165747 -0.215326377 -0.738310029
vn 0.105688189 -0.105521119 -0.988784759
vn -0.181855335 -0.983245216 -0.0125492136
vn -0.407185264 -0.479670108 -0.777249476
vn -0.199979374 -0.979618445 -0.0188667107
vn -0.233674027 -0.972308467 -0.00356287454
vn -0.950257739 -0.216488177 -0.223926546
vn -0.856352087 -0.50584262 -0.103847705
vn -0.257047944 -0.965595233 -0.0393979735
vn -0.6978656 -0.472037238 -0.538669147
vn 0.186225849 -0.982050371 0.0299499793
vn 0.154158742 -0.987558616 0.0310332598
vn 0.191694121 -0.980996717 0.0299800884
vn 0.821241968 0.570514755 -0.00863385388
vn -0.641917275 0.753840687 0.140237052
vn 0.432381046 -0.791539711 -0.431869791
vn 0.506434896 -0.821633454 -0.261614533
vn -0.718550944 0.571714029 -0.396014658
vn -0.647504094 0.755008646 -0.103442707
vn -0.833892978 0.531374439 -0.149210279
vn -0.598516655 0.379028095 -0.705772992
vn 0.0977815446 -0.661437686 -0.743598653
vn 0.140921582 -0.663001353 -0.735234869
vn 0.089077345 -0.667635546 -0.739140044
vn -0.623386028 0.383511835 -0.681401888
vn 0.595018224 -0.753176761 -0.280496132
vn 0.515785412 -0.567490003 -0.641810334
vn 0.4686638 -0.708192491 -0.528031854
vn 0.375498279 -0.0414421369 -0.925896102
vn 0.621549994 -0.352145333 -0.699763724
vn 0.982150166 0.169824796 -0.0808739149
vn 0.718534929 -0.258512666 -0.645661488
vn 0.624145896 -0.208617051 -0.752941449
vn -0.703641788 0.107280987 -0.702409442
vn -0.460235785 0.229113274 -0.857723808
vn 0.512811259 -0.266204084 -0.816186252
vn 0.60463485 -0.215265174 -0.76686218
vn -0.484725637 0.86831475 -0.105216689
vn -0.436904871 0.899475112 0.00765877551
vn -0.406678039 0.912750908 0.0387137197
vn -0.371593495 0.907074473 -0.197823594
vn -0.0578969632 0.0764773194 -0.99538895
vn -0.471279633 0.703594829 -0.531836275
vn -0.541091108 0.567541576 -0.620577935
vn 0.00752800306 -0.0454263836 -0.998939324
vn 0.251529605 -0.495679966 -0.831284686
vn 0.231746026 -0.572244458 -0.786657524
vn -0.31653348 0.94842291 -0.0173360672
vn 0.21895428 -0.524596274 -0.822713664
vn 0.328218629 -0.555646417 -0.763891086
vn 0.339195576 -0.572015894 -0.746822722
vn 0.70793771 -0.0318289554 -0.705557309
vn -0.513307809 -0.483187055 0.70925691
vn 0.0532235576 -0.73485269 -0.676135177
vn 0.292995701 0.7580753 -0.582645139
vn -0.604768781 0.7445532 -0.282657485
vn -0.722055986 -0.675312242 -0.150294805
vn -0.67753092 -0.711131811 -0.187732256
vn -0.677410317 -0.715613396 -0.170331237
vn -0.125821156 0.985432812 -0.114416826
vn -0.100021003 0.993281011 0.0582119614
vn -0.0497612491 0.990800276 -0.125851627
vn 0.28969684 -0.629275494 -0.721171334
vn 0.302617976 -0.384427404 -0.872145591
vn 0.299182597 -0.536161794 -0.789316353
vn 0.413596904 -0.393510241 -0.821028192
vn 0.901652128 -0.338725016 0.268865773
vn 0.945061328 -0.254113404 0.205634297
vn 0.959521579 -0.225513998 0.168706182
vn -0.199078513 0.972579152 -0.120239507
vn -0.260282376 0.961823636 0.0845480781
vn 0.0603305004 0.344276565 -0.936927893
vn -0.0267450543 0.871198911 -0.490201142
vn 0.169987124 0.0198103769 -0.98524714
vn 0.94310604 -0.30422847 -0.134149301
vn 0.843990716 0.535659922 -0.0273517733
vn 0.915454569 0.307992892 -0.259004462
vn 0.960792499 0.184237063 -0.207206366
vn 0.993201945 0.111094264 -0.0347557306
vn 0.996020053 0.0709363097 -0.0539638147
vn 0.998405526 0.0429522153 -0.0366266755
vn -0.471482929 -0.870278852 -0.142543213
vn -0.611896541 -0.774990669 -0.158025586
vn -0.520740542 -0.834449388 -0.180342749
vn 0.496631435 -0.114738393 -0.860344303
vn 0.570639338 -0.344595138 -0.745402533
vn 0.496570363 -0.051853977 -0.866446213
vn 0.169964776 -0.571609417 -0.802729499
vn 0.197778507 -0.63534768 -0.746469683
vn 0.906241798 -0.28675142 0.310643569
vn 0.76873884 -0.638851677 0.0301517995
vn 0.905298756 -0.415809244 -0.0868149513
vn 0.5869287 -0.806325739 0.0731676469
vn -0.523410941 -0.404625606 -0.749879394
vn 0.454399488 -0.516732492 -0.725609149
vn -0.588802218 -0.798731311 -0.123855725
vn -0.091622216 0.615421544 -0.782854835
vn 0.0532667611 0.262132107 -0.963560798
vn 0.104645409 -0.308497975 -0.945451394
vn -0.377528456 -0.480913316 -0.791324616
vn -0.292529364 -0.729421003 -0.618362007
vn -0.350251177 -0.721410921 -0.597403043
vn 0.945548302 -0.159612946 -0.283658449
vn 0.917218437 -0.220029379 -0.332110539
vn 0.872979126 -0.289388054 -0.392634691
vn 0.1464431 0.237994104 -0.960163124
vn 0.300226369 0.0260299345 -0.953512753
vn -0.210168298 0.9750836 0.0710018211
vn 0.996253796 0.0390025139 0.0771827568
vn 0.949754589 -0.171982447 -0.261511488
vn -0.874665124 0.00840935103 0.484654725
vn -0.802206214 0.568810333 0.181438681
vn -0.85992958 0.493198575 0.131439273
vn -0.255515435 -0.847282392 0.465644081
vn 0.0878248388 -0.531798999 -0.842304352
vn 0.028207688 -0.635157031 -0.771867782
vn 0.192218348 -0.940478832 -0.280270714
vn 0.913884909 0.376858712 -0.150969811
vn 0.867847867 0.491099799 -0.0752400576
vn 0.914334446 0.40123459 -0.0548025912
vn 0.26781309 -0.614689817 -0.741911436
vn 0.124839965 -0.551471493 -0.824799476
vn 0.884476921 0.466218192 -0.0184709093
vn 0.92876681 0.369364275 -0.0310200848
vn 0.522610715 -0.140766844 -0.840870226
vn 0.0687719176 -0.379520121 -0.922623922
vn 0.437193285 -0.747908239 -0.499495042
vn 0.598303726 -0.796796075 -0.0845497862
vn 0.751217838 0.39689229 -0.52739764
vn 0.776808189 0.325592933 -0.539034581
vn 0.800740534 0.312665914 -0.510935048
vn 0.672794 -0.728920279 -0.126583804
vn 0.990760771 -0.0271965747 -0.132866252
vn 0.735947965 -0.19141613 0.649415474
vn 0.413549314 -0.833357032 -0.366732903
vn 0.137532753 -0.568032826 -0.811432961
vn 0.572774899 -0.772066805 0.275393832
vn 0.671221524 -0.672152783 0.312525684
vn 0.108843117 0.992816629 -0.049682168
vn 0.0399017692 0.988717423 -0.144380419
vn 0.0379886981 0.99876979 0.0318710646
vn 0.106942888 0.921477559 -0.373419772
vn 0.747031259 0.534153117 -0.395758443
vn 0.654026018 0.65404018 -0.380107103
vn 0.837062904 0.450975433 -0.30975289
vn -0.275452073 0.950041931 0.14678721
vn 0.215741217 0.958756041 0.185047509
vn 0.028956807 -0.19691399 0.979993053
vn 0.308414825 -0.745970331 0.590261435
vn 0.155867702 -0.742972781 -0.650919893
vn 0.10645047 -0.65512899 -0.747980149
vn 0.604868495 -0.124507892 -0.786531556
vn -0.815391707 0.578241996 -0.0277949329
vn -0.0152178502 0.999506105 0.0274947991
vn -0.0553207913 0.99455179 0.0883535378
vn -0.645812868 -0.762303087 -0.042658447
vn -0.69806129 -0.716009007 -0.00644492739
vn 0.967430484 0.0773933707 -0.241015612
vn 0.954447227 0.0814554251 -0.287046172
vn 0.976892352 0.0601819311 -0.205084049
vn 0.368169921 0.871460424 -0.324048821
vn -0.58601733 0.729479769 -0.352764732
vn 0.857460439 0.514319733 -0.0153885356
vn 0.839400634 0.275360535 -0.468597003
vn 0.829013252 0.22160617 -0.513446914
vn 0.892749676 0.173676262 -0.415733775
vn 0.78610899 0.416534627 -0.456652561
vn -0.206050868 0.744287372 0.635278953
vn -0.300799078 0.869225606 0.392385985
vn -0.1661686 0.710037504 0.6842768
vn 0.899830426 0.436239772 -0.000255816047
vn 0.996869453 -0.0572328591 -0.0545499116
vn 0.992773261 -0.115834262 -0.0313636184
vn -0.803341883 -0.575733606 -0.152225605
vn -0.781848723 -0.597059991 -0.179532563
vn 0.19099547 0.32981062 -0.924524573
vn 0.0553716274 0.207114573 -0.976748451
vn 0.22518597 -0.961616436 0.156796397
vn 0.193404067 -0.954338904 0.227666692
vn 0.158194521 -0.975923899 0.150156705
vn 0.107543933 -0.974781826 0.195536936
vn -0.926684953 0.105965076 -0.360591735
vn 0.861084831 0.491672066 -0.129581995
vn 0.961568994 0.273531549 -0.0237815286
vn 0.981015882 0.189797402 -0.0398093716
vn 0.962421329 0.267762311 -0.0452607014
vn 0.995692227 0.0862887007 -0.0339300581
vn 0.992893796 0.0946966257 -0.0720725948
vn 0.986878029 0.156430962 -0.0400138753
vn 0.742611999 0.669710442 0.00391704703
vn -0.0161971698 0.0438445072 -0.998907058
vn 0.534834575 0.620351663 -0.573686144
vn -0.319621448 -0.910304886 -0.263034493
vn 0.0832650185 -0.916274854 -0.391800114
vn -0.118646684 -0.951485217 -0.28389936
vn 0.258449283 0.960998788 -0.0984139075
vn 0.138729694 0.989214267 -0.0470021873
vn 0.124971569 0.990078372 -0.0642411489
vn 0.19219237 -0.773488616 -0.603968091
vn 0.0197590924 -0.960857726 -0.276336765
vn 0.04987681 -0.920860649 -0.386688465
vn -0.0969374349 -0.909283458 -0.404730437
vn 0.0783821515 -0.866011084 -0.493843133
vn -0.27266645 -0.89899932 -0.342714501
vn -0.133081501 -0.860048449 -0.492550484
vn -0.30345896 -0.809227853 -0.503053617
vn 0.983686165 0.120400255 -0.133661169
vn 0.944034967 0.3195049 -0.0819426603
vn 0.945289303 0.2971497 -0.134648393
vn 0.896365962 0.382925105 -0.223375081
vn 0.874289207 0.458310181 -0.159906725
vn 0.896311364 0.388976629 -0.212892276
vn 0.781210813 0.573325754 -0.246996448
vn 0.106977353 -0.64581561 -0.755961668
vn 0.308095444 -0.499673546 -0.809569976
vn 0.144949518 -0.554152893 -0.819697632
vn 0.267406765 0.862625937 -0.429383412
vn 0.199257893 0.962953438 -0.18170572
vn -0.175585816 0.982108489 0.068062746
vn -0.431683968 0.826442354 -0.361444307
vn 0.539405218 -0.676350957 -0.501588869
vn 0.586694068 -0.59716719 -0.546974787
vn 0.502202071 -0.652955068 -0.566959222
vn -0.346291087 0.935153282 -0.0746379369
vn -0.503182639 0.862024916 -0.0609940692
vn -0.259822033 0.962532594 -0.0776113132
vn 0.571353875 0.815752889 -0.0900109616
vn 0.338333368 0.939871134 -0.0466131263
vn 0.0948063944 0.995478634 -0.00583403102
vn 0.10179374 0.994777614 -0.00745207066
vn -0.383699155 -0.272536503 -0.882325798
vn 0.393302123 -0.14711623 -0.90756281
vn -0.044717262 -0.813470478 -0.579884599
vn -0.295786301 -0.261423241 -0.918786348
vn -0.63534108 -0.471118467 -0.611873437
vn -0.551138987 -0.456145297 -0.698696848
vn 0.974767329 -0.15059435 -0.164772558
vn 0.99319767 -0.0693244939 0.0935548085
vn 0.317569927 -0.203832 0.926067955
vn 0.552637238 -0.295280111 0.779359827
vn 0.740241097 0.462803387 -0.487704975
vn -0.585524519 -0.560646269 -0.585522671
vn -0.406862603 -0.665215272 -0.626060273
vn -0.385841043 -0.516312318 -0.764557571
vn -0.414413891 -0.690697491 -0.592619696
vn -0.417637666 -0.721742027 -0.551966689
vn 0.00935864694 -0.889400612 -0.457032786
vn -0.0328847081 -0.866762624 -0.497635559
vn 0.997565706 0.0185820522 -0.0672113854
vn 0.196133127 -0.02391636 -0.980285573
vn -0.0685320707 0.0477001095 -0.99650793
vn 0.203058675 0.0900486747 -0.975017133
vn 0.183229721 -0.25837017 -0.948510266
vn 0.569154029 -0.112019491 -0.8145645
vn -0.807050035 -0.45773514 -0.373026518
vn 0.819703979 -0.13407776 -0.556873901
vn 0.971084754 -0.127061038 -0.202113566
vn 0.978101942 -0.0815134293 -0.191499745
vn 0.991645421 -0.113391233 -0.0614962371
vn 0.991965194 0.0289519468 -0.12315372
vn 0.990346312 -0.0712526516 -0.118900134
vn 0.98042725 0.0544382119 -0.189205944
vn 0.92882856 0.280903843 -0.241599954
vn 0.901073159 0.31639523 -0.296582568
vn 0.990353895 0.126752987 -0.0559718007
vn 0.904366394 -0.267385292 -0.332605669
vn 0.899869285 -0.351496515 -0.258235298
vn 0.86652962 -0.266835824 -0.421811641
vn 0.848717384 -0.343784348 -0.401859583
vn 0.989132965 -0.0837698666 -0.120824609
vn 0.980225661 -0.133294893 -0.146253632
vn -0.272249196 -0.307959997 -0.91161451
vn 0.951542678 -0.254014564 -0.173329551
vn -0.989398392 0.0036941558 -0.145179801
vn -0.971768999 -0.140766349 -0.189340558
vn -0.962600105 -0.206662987 -0.175189747
vn -0.868719497 -0.158001592 -0.469427239
vn 0.149127191 0.107085472 -0.983002433
vn 0.96639942 0.183045914 -0.180461506
vn 0.832866799 0.422459383 -0.357576515
vn 0.926622412 0.375890658 -0.00878172141
vn 0.90103926 0.418808707 -0.112816303
vn -0.551539418 -0.776194002 0.305494912
vn -0.647973735 -0.759941154 -0.0511808606
vn 0.386825415 -0.315432801 0.866526541
vn 0.848624909 0.236508413 -0.473180234
vn 0.251082682 0.0425732768 -0.967028957
vn 0.24023641 0.167894292 -0.956084711
vn 0.0273488113 0.235657406 -0.971451301
vn 0.901180081 0.433440294 -0.00199350294
vn 0.934577289 0.355687759 -0.00717702907
vn 0.940873588 0.338105394 -0.021015091
vn 0.989476827 -0.0668651436 -0.128314699
vn -0.331157594 0.376338517 -0.865276816
vn -0.31700295 -0.248949805 -0.915168358
vn -0.388764852 -0.878147893 0.278779783
vn 0.957118773 0.289417116 -0.0127038507
vn 0.986165631 -0.163799646 -0.0254366599
vn 0.973630641 -0.228112799 -0.00281543401
vn 0.980197446 -0.19693329 -0.0207423529
vn 0.98221814 -0.178519594 -0.0581229788
vn 0.993225392 -0.108678643 -0.0411372559
vn 0.993741586 -0.0897829795 -0.0664580828
vn 0.96538615 -0.0528960896 -0.255404748
vn 0.984643187 0.127890479 -0.11883526
vn 0.983892527 0.162367127 -0.0747824256
vn 0.856299426 -0.320544131 -0.404972534
vn 0.805834608 -0.364185501 -0.466904171
vn 0.863681045 -0.237512167 -0.444570604
vn 0.998173663 0.0356969358 -0.0487346573
vn 0.0923455996 0.787705008 -0.609092038
vn 0.228310571 0.858367578 -0.459433765
vn 0.0600660922 0.909320885 -0.411737287
vn 0.955353675 0.294193582 -0.027376849
vn 0.978981188 0.06694906 -0.192649049
vn 0.978798881 0.0472355269 -0.199302671
vn 0.985773843 -0.0229959645 -0.166496594
vn 0.994307582 -0.0363192027 -0.100166602
vn 0.995532163 0.0457621909 -0.0825925853
vn 0.997130983 -0.00635200607 -0.0754284687
vn 0.965012482 0.0705140741 -0.252544404
vn 0.910403257 -0.129076301 -0.393071519
vn 0.92809851 -0.0485028987 -0.369162057
vn 0.946201025 -0.0514530527 -0.319462368
vn 0.91128282 0.19742849 -0.361366315
vn 0.924955018 0.109396976 -0.363992467
vn 0.843755762 0.516255902 0.146819811
vn 0.97204847 -0.220873204 -0.0796040209
vn 0.989724106 0.122806836 -0.073243949
vn 0.766044197 -0.619704501 0.170712097
vn 0.78981458 -0.597061082 -0.140395846
vn 0.828298115 -0.542559383 -0.139826855
vn 0.351053366 -0.759124093 -0.548171639
vn 0.272257698 -0.828787468 -0.488863047
vn 0.968762228 -0.087615379 -0.231998473
vn 0.957978843 -0.108819407 -0.265395691
vn 0.984787943 0.0369182158 -0.169793264
vn 0.994332951 0.0279339032 -0.102575239
vn 0.984840897 0.0660307952 -0.160400568
vn 0.965804232 0.0707678947 -0.249427526
vn -0.47595059 0.123297924 -0.87078623
vn -0.53599736 -0.00804467935 -0.844181327
vn -0.212426882 0.197489708 -0.957012348
vn 0.976649727 0.163611928 -0.139235221
vn -0.166026441 -0.180173515 -0.969521906
vn 0.176025445 -0.191721745 -0.965534989
vn 0.978949979 -0.203351297 0.0174696307
vn 0.987427091 -0.15635615 -0.0232485514
vn 0.950404191 -0.310996974 -0.00357162828
vn 0.400125091 0.296534467 0.867160436
vn 0.803477546 0.287337346 0.521402995
vn 0.222525366 0.477212068 0.850147695
vn 0.953440624 0.0149597659 -0.301209532
vn 0.831045367 -0.242586985 -0.500514887
vn 0.221032922 -0.873658775 -0.433433722
vn 0.961661796 -0.0576473519 -0.268110747
vn 0.938423815 -0.12206458 -0.323204241
vn -0.92371458 -0.369133871 -0.102428316
vn 0.981699052 -0.157565985 -0.106957616
vn 0.984668162 -0.148944956 -0.0907965396
vn 0.905004672 -0.145095165 -0.399892406
vn 0.92751279 -0.0279693403 -0.372743531
vn 0.934019224 0.0177620239 -0.356780886
vn 0.919590071 0.387764931 -0.063185922
vn 0.895974402 0.181803121 -0.405188223
vn 0.86993993 0.253102487 -0.423253646
vn 0.971430144 0.216332096 -0.0975904723
vn 0.98606268 0.0827531248 -0.144334024
vn 0.931539341 0.0592542315 -0.358780423
vn 0.922693651 0.123453729 -0.365233629
vn 0.937981553 0.0656629211 -0.340410027
vn 0.947729664 0.0802334157 -0.308822089
vn 0.939607621 0.193156313 -0.282538772
vn 0.918989075 0.256008204 -0.299864768
vn 0.943443571 0.0632272149 -0.325448226
vn 0.948754206 -0.238959366 -0.206794287
vn 0.965667451 -0.215866019 -0.144527631
vn 0.773379721 -0.064043844 -0.630699765
vn 0.753360958 0.482108218 -0.447234763
vn 0.64919807 0.62955012 -0.426858891
vn 0.717567765 0.488877152 -0.496080269
vn 0.856693814 -0.376695446 0.352386507
vn 0.910488751 -0.355060277 0.211996307
vn 0.906139953 -0.290196336 0.30772792
vn 0.940847106 0.107869589 -0.321202232
vn 0.864384242 0.502738295 -0.00969996021
vn 0.867705464 0.496160906 -0.0301924465
vn 0.985245015 0.0798772174 -0.151366742
vn 0.085613785 0.825688564 -0.557591854
vn 0.282220226 0.922261706 -0.264168676
vn 0.295524022 0.944810344 -0.141417704
vn -0.941256447 0.283912369 0.182838912
vn 0.0399416566 0.42468101 -0.904461554
vn -0.752163494 -0.633351218 -0.181978878
vn -0.682020583 -0.704075749 -0.197801074
vn -0.275755294 0.839294897 -0.46855426
vn 0.901788821 0.142027526 -0.408172885
vn 0.941231146 0.112830686 -0.318360121
vn 0.979309858 0.034388656 -0.199423224
vn 0.916993262 0.197655924 -0.34649025
vn 0.978603402 0.124779431 -0.163601577
vn 0.981760524 -0.0954068279 -0.164450023
vn 0.0804928648 -0.814549939 -0.574481763
vn 0.685995992 0.638019119 -0.349772931
vn 0.785718332 0.537416354 -0.306317425
vn 0.984150645 0.174631165 -0.0308458037
vn 0.956649134 0.239953355 -0.165060056
vn 0.978392436 0.16331581 -0.126791908
vn 0.616336317 0.78707967 0.025201942
vn 0.733810206 0.678200596 -0.0395794528
vn 0.578335943 0.815021941 -0.035591757
vn 0.582164456 0.748673577 -0.317131552
vn 0.643838201 0.731594295 -0.224147626
vn 0.87472961 0.472181329 -0.109054584
vn 0.721741428 0.664780289 -0.19276016
vn 0.820567455 0.5653393 -0.0840269442
vn 0.992905662 0.0136472703 -0.118118998
vn 0.682015998 0.311669466 -0.661601332
vn 0.962720155 0.270136202 0.0140119923
vn 0.975412958 0.220185988 0.00936444452
vn 0.948638181 0.311827645 0.0533771676
vn 0.520001236 0.851686243 0.065032748
vn 0.605420129 0.787067131 0.118286936
vn 0.880442436 0.472348674 0.0413261191
vn 0.881270877 0.47244212 0.0126524812
vn 0.99166887 0.119829507 -0.0472624677
vn 0.999233067 0.0211663096 -0.0329433593
vn 0.0743754172 0.997228082 0.00210959857
vn -0.0487731977 0.997109259 0.0582606367
vn -0.0458404538 0.990247383 0.131562809
vn 0.916694557 0.39344127 0.0698216052
vn -0.0578785446 -0.694084852 -0.717562744
vn 0.253702539 0.876089092 0.410003567
vn 0.155629206 0.856925669 0.491383708
vn 0.21524762 0.758666063 0.614893703
vn -0.542262042 0.624574322 0.562013162
vn -0.12977821 0.636924562 0.759924153
vn -0.530299629 0.345112038 0.774390072
vn 0.927833087 0.369298859 -0.0523843098
vn 0.875445308 0.464798609 -0.132505716
vn 0.940425465 0.339774024 0.0123918338
vn 0.151886494 -0.859499406 -0.488048423
vn 0.369927384 -0.758077599 -0.537095973
vn 0.969047726 0.123937685 0.213508677
vn 0.954875108 0.123205123 0.270248081
vn 0.979262343 0.0890578372 -0.18197243
vn 0.462479677 0.851535818 -0.246980362
vn -0.948783066 0.200397619 0.244236542
vn 0.95341909 -0.00120205689 0.301646471
vn 0.991330912 0.128743985 -0.0262299434
vn 0.938512042 0.25161861 0.236396323
vn 0.952341475 0.263964014 0.152868294
vn 0.969057647 0.187112764 0.160984753
vn 0.905345121 0.342465198 0.251133032
vn 0.645168521 0.456297716 0.612821323
vn 0.7509347 0.367106865 0.548934993
vn 0.80762408 0.346792606 0.476946782
vn 0.106828148 -0.617087495 0.779609371
vn 0.165558948 -0.473124202 0.865299789
vn 0.161561158 -0.638075802 0.752832825
vn -0.121519578 0.940391791 0.317641734
vn 0.105439419 0.976289541 0.189053593
vn 0.0455622591 0.0883410382 0.995047708
vn 0.0854573163 0.0313739435 0.995847741
vn 0.089888821 0.201565886 0.975341578
vn 0.993426646 0.105305929 0.04487939
vn 0.989419425 0.123354089 0.0763738815
vn 0.976241617 0.191401828 0.101575811
vn 0.837729945 0.345641346 -0.422777245
vn 0.00527519408 0.952650119 -0.3040229
vn -0.046105007 0.982628427 -0.179765687
vn -0.166947355 0.92732099 -0.334969195
vn 0.651478017 0.752715558 -0.0948455697
vn 0.889312948 0.457094315 -0.0136845514
vn 0.745440952 0.519985453 0.417052654
vn 0.834739092 0.443175938 0.32681147
vn 0.10140886 0.938115604 0.331142503
vn 0.128222788 0.909173362 0.396185203
vn 0.265153648 0.816361623 0.513076255
vn 0.163421219 0.948273614 0.272159253
vn 0.916631334 0.0103233415 0.399600333
vn 0.917512914 -0.0615114442 0.392920341
vn 0.933556969 0.146757757 0.327006951
vn 0.92173673 0.177244412 0.344943211
vn 0.964123659 0.151465474 0.217999496
vn 0.954615387 0.14141363 0.262129066
vn -0.370146766 0.91176978 0.177952913
vn 0.992670184 0.0827774157 0.0880556978
vn 0.988449131 -0.0424138847 -0.145497001
vn 0.0159470273 -0.692480039 0.721260763
vn 0.036559831 -0.753019855 0.656981336
vn 0.0483011835 -0.666009357 0.74437795
vn 0.672799625 0.697251138 0.247348975
vn 0.815446114 0.187805558 -0.547518682
vn 0.861007065 0.338017364 0.380014598
vn 0.0456228743 -0.0711939506 0.996418574
vn 0.342007866 0.845029557 -0.411042173
vn 0.909427305 0.247606804 0.334115021
vn 0.631728057 0.753831895 0.180712855
vn 0.606167577 0.586348446 0.537360558
vn 0.492476993 0.677439291 -0.546390353
vn 0.598488363 0.71966505 -0.351985646
vn 0.607618783 0.788139438 0.098161295
vn -0.591627706 0.0253010982 0.805814192
vn -0.295176051 -0.0147077646 0.955329671
vn -0.273761031 0.0471993001 0.960638914
vn 0.962516529 0.257109508 0.0863517982
vn 0.818060897 0.563487928 -0.11514219
vn -0.136189533 0.98620504 -0.0940852234
vn 0.691389724 0.697736932 0.187465792
vn 0.853891523 0.506484503 0.119761073
vn 0.674642006 0.722858526 0.149444691
vn 0.216327009 0.9508182 0.221692076
vn 0.467046226 0.872980523 0.140615893
vn 0.103223171 0.469019061 -0.877135165
vn 0.391347074 0.856063977 -0.337641726
vn 0.447012847 0.875435552 -0.183826302
vn 0.995236045 -0.0808452543 -0.0544909109
vn 0.990479627 -0.0726481948 -0.116928817
vn 0.980584869 -0.140137052 -0.137167495
vn 0.610003021 0.505807648 0.609963063
vn 0.875241979 0.249700554 0.414247645
vn 0.0668252771 0.994062122 0.0858771212
vn 0.902338811 0.137616594 0.40846829
vn 0.972788225 0.0680568196 0.221475369
vn 0.990665984 0.0131969415 0.135671477
vn 0.791662622 0.585372852 0.174954041
vn 0.930912698 0.36422727 0.0272037376
vn 0.945581835 0.325371149 0.00293397836
vn 0.978957685 -0.0815752951 0.187048985
vn 0.990415341 -0.0743830317 0.116381347
vn 0.97956204 -0.14049086 0.143946268
vn 0.958650103 -0.157863275 0.236789289
vn 0.934525666 -0.123379999 0.333825037
vn 0.917876024 -0.210216562 0.336619373
vn 0.902647566 0.398060105 0.163632283
vn 0.939851849 0.174708917 0.293522225
vn 0.0625618498 -0.997648757 -0.0279816413
vn 0.0856840717 -0.996119911 -0.0200838751
vn 0.0343801621 -0.999190661 -0.0208812863
vn 0.799247178 -0.593316624 0.0958088375
vn 0.756307605 -0.649374176 0.0794480093
vn 0.757255798 -0.637246541 0.143110106
vn 0.840212926 0.484249201 0.244018342
vn 0.0734108379 0.994881576 0.0694370097
vn 0.936546886 0.342272568 0.0756929318
vn 0.966735427 0.250621458 0.0511028266
vn 0.597703684 0.725675471 0.340801138
vn 0.869411226 0.437898009 -0.228843732
vn 0.83669873 0.450117603 -0.311976568
vn 0.609762288 0.760005842 0.22490236
vn 0.670990247 0.413441686 0.615498222
vn 0.801063613 0.482876388 0.353733632
vn 0.399452825 0.784265091 -0.474726982
vn 0.421231473 0.847696707 -0.322450521
vn 0.832214297 0.550617313 0.065114806
vn 0.868558561 0.489337338 0.0784537884
vn 0.725971056 0.410172537 0.552018582
vn 0.626121303 0.736110988 0.257123951
vn 0.571544928 0.764471976 0.298192881
vn -0.216599259 0.818331385 -0.532370647
vn 0.919667805 0.389204761 0.0522568936
vn 0.969238233 -0.00876577994 -0.24596831
vn 0.797368427 0.0192729532 -0.603185001
vn 0.811505552 -0.0368564697 -0.583181224
vn 0.885073424 0.401850373 0.234864455
vn 0.88183144 0.374743081 0.28625327
vn 0.804025043 0.511684203 0.302858065
vn 0.738301291 0.530637297 0.416335516
vn 0.662198613 0.541666189 0.517774793
vn 0.836003886 0.547287214 -0.0396762915
vn 0.199756581 0.927502231 0.315969808
vn -0.0350247651 -0.276998328 0.960231843
vn -0.215631847 -0.576806002 0.787907192
vn 0.0885384215 0.972139072 -0.217040485
vn 0.840788773 0.396323131 -0.368784781
vn 0.899815245 0.348601396 -0.262315825
vn 0.95715945 0.0575230323 0.283790218
vn 0.182089698 0.407037032 -0.89507776
vn 0.00247322176 0.101451713 -0.99483739
vn 0.33001861 0.530349424 -0.780907937
vn 0.953220593 0.0921711556 0.287880146
vn -0.0474751339 -0.16900643 0.984470892
vn 0.204175564 0.111802236 0.972528971
vn 0.022610446 0.294677116 0.955329349
vn -0.150162276 -0.11723192 0.981686288
vn 0.980483486 -0.196459394 0.00747262962
vn -0.0816510206 -0.164399914 0.983008535
vn -0.0189221475 -0.0384006256 0.999083252
vn 0.0235470137 -0.0632717101 0.997718512
vn 0.681953949 0.366684134 -0.632836122
vn 0.774866149 0.393219875 -0.494934927
vn -0.0680983828 -0.296345892 0.952649843
vn -0.0222202554 -0.0177350091 0.999595783
vn 0.630698192 0.675386515 0.382194774
vn -0.308921314 -0.185636203 0.932795166
vn -0.12045784 -0.0870474067 0.988894665
vn -0.293906481 -0.218224546 0.930589613
vn -0.176372367 -0.102348897 0.978987994
vn 0.935327807 0.343663897 0.0840060605
vn 0.947617966 0.282295701 0.149430008
vn 0.962986563 0.258281851 0.0771191627
vn -0.198455256 -0.458463173 0.866271915
vn -0.276828876 -0.224017974 0.93444193
vn -0.175871012 -0.210278044 0.961692535
vn -0.575709097 -0.462978087 0.673951279
vn -0.615135642 0.753676155 0.231474394
vn 0.904518655 0.425947733 0.0203600583
vn 0.836345288 0.514454439 0.18937579
vn -0.0791106084 0.0119916296 0.996793716
vn 0.153341861 0.949851168 0.272523452
vn 0.156891725 0.981373024 0.110869181
vn 0.89029458 0.442583917 -0.107214912
vn 0.869410922 0.484879327 -0.0949562415
vn 0.671086256 0.476517331 -0.567956399
vn 0.951739997 0.192303274 0.239187017
vn 0.853919427 0.513438671 0.0848666168
vn 0.559862834 0.804059816 -0.200103522
vn 0.957875564 0.185541489 -0.219200273
vn 0.485916657 0.800437495 -0.350976949
vn 0.94200981 0.33185813 0.049876841
vn -0.61757423 -0.312450421 0.72178723
vn -0.197291271 -0.192750695 0.961209303
vn -0.149313353 -0.00524492179 0.988776018
vn 0.98712018 0.159874663 -0.00581740912
vn 0.981882998 0.177311526 -0.0668311374
vn 0.92137773 0.197735006 0.33461014
vn 0.955278969 -0.192384343 -0.224567039
vn -0.197417906 -0.901952534 -0.384067438
vn -0.549976514 -0.612668548 -0.567594119
vn 0.96120712 -0.0663762942 0.267721984
vn 0.294109334 -0.0186545921 0.955589716
vn 0.995380183 0.0111600628 0.0953611231
vn 0.999860652 -0.013910166 -0.00922950268
vn 0.999285972 0.0351640807 -0.0138214773
vn -0.0727031994 -0.891616205 0.44691698
vn -0.112459647 0.339211334 0.933963864
vn 0.72015185 -0.690185463 -0.0708896274
vn 0.728533024 -0.675946439 -0.111067753
vn 0.673817514 -0.732137337 -0.0997240092
vn 0.894719305 0.43996181 0.0768828376
vn 0.916470331 0.389247071 0.0925680805
vn 0.966580014 -0.0549662949 0.25040324
vn 0.949892106 -0.0887720463 0.299707375
vn 0.967026936 -0.0698375567 0.244911453
vn 0.928253727 0.06759972 0.365753054
vn 0.99080073 0.0964141152 0.0949643688
vn 0.989320952 0.13546152 0.053798061
vn 0.977003158 0.206704618 0.0523261885
vn 0.97897958 0.187344971 0.080627807
vn 0.0297433823 -0.204968264 0.978316586
vn 0.0369955333 -0.3530026 0.934890632
vn -0.0175920816 -0.268516629 0.963114395
vn 0.761928617 -0.45498888 0.460922881
vn 0.649935246 -0.567289887 0.505733487
vn 0.743689927 -0.441738478 0.501789208
vn 0.776632677 0.120196929 -0.618380452
vn -0.329124854 0.233248262 0.915025726
vn -0.0850084678 -0.20814708 0.974396405
vn -0.123941402 -0.337874587 0.932994798
vn -0.347244918 -0.021863889 0.937519566
vn 0.823101042 -0.54836181 0.147661775
vn 0.852558154 -0.471257438 0.225966858
vn 0.860569291 -0.49259276 0.129510112
vn 0.99891662 -0.0320297752 0.033759141
vn -0.28425986 0.428568288 0.857627864
vn -0.192491205 0.26412477 0.94508478
vn -0.101122133 0.186081075 0.97731681
vn -0.364336015 0.0743716294 0.928293127
vn -0.422853767 -0.0379850346 0.905401474
vn 0.98254295 0.175892798 -0.0605894051
vn -0.0120671545 -0.43957598 0.898124346
vn 0.134701588 -0.0977495179 0.986052998
vn 0.992904781 0.111147692 -0.0422644727
vn 0.803248158 -0.595519956 -0.0121811045
vn 0.774912982 -0.630817317 -0.0397414529
vn 0.765709941 -0.64306947 -0.0122451266
vn -0.260833512 -0.145609718 0.954339399
vn 0.970678028 0.240322892 0.0053920327
vn -0.0738787786 -0.0379490778 0.996544928
vn 0.919440215 -0.00748975363 -0.393158485
vn 0.679135142 -0.687629266 -0.256790676
vn 0.675330828 -0.721119474 -0.154644677
vn 0.716384045 -0.666770317 -0.205453752
vn 0.947275504 0.251798558 -0.198158032
vn -0.346077688 0.168015158 0.923039079
vn -0.273446459 0.114463571 0.95505242
vn 0.79051056 -0.612422532 0.00563002389
vn 0.994307419 -0.00564572372 -0.106399631
vn 0.765606354 -0.638335195 -0.0798441591
vn -0.474082467 -0.295979615 0.829241752
vn -0.433535689 -0.0144456664 0.901020604
vn -0.1334344 -0.101259104 0.985871115
vn 0.995325855 -0.0964308397 0.00524749164
vn 0.902851392 0.377151584 0.206436546
vn 0.901139525 0.407013085 0.149291341
vn 0.966405116 -0.0586127045 -0.250251277
vn 0.928738465 -0.0219672104 0.370084188
vn 0.954858674 -0.0017535246 0.297055279
vn 0.976021124 -0.024835999 0.216254338
vn -0.661705067 -0.102043627 0.742787656
vn 0.961496056 -0.0636752572 0.267340224
vn 0.966816413 -0.0336792302 0.253242438
vn 0.905219498 0.191716715 0.379239188
vn 0.843991252 0.298379321 0.445700063
vn 0.879139287 0.225331026 0.419928616
vn 0.198443963 -0.332441352 0.922010163
vn 0.2735001 -0.96176746 -0.014179142
vn 0.26012577 -0.965566536 -0.00398106773
vn 0.256708854 -0.966265488 -0.0207742989
vn 0.995923971 0.0859633918 0.0273082195
vn 0.991604824 0.126297823 0.0277260214
vn 0.996761039 0.0803151375 0.00411209419
vn 0.838548457 0.283904272 0.46501059
vn 0.877627593 0.231564749 0.419699387
vn 0.845759063 0.362436506 0.391575518
vn 0.872328754 0.268353152 0.408691976
vn 0.285592853 0.592002282 0.753637857
vn 0.99665657 0.0514115302 0.0635022525
vn 0.957195573 -0.0401942493 0.286637502
vn 0.96546553 -0.00788960961 0.260411338
vn 0.916330032 -0.0843622865 0.391436171
vn 0.93698714 -0.0668851365 0.342901557
vn 0.696113793 0.0756550923 0.713934097
vn 0.769747219 0.0408325266 0.63704154
vn 0.766265351 -0.040066479 0.641273802
vn 0.717224175 -0.0998315556 0.689654366
vn 0.449018157 -0.872566126 0.192382562
vn 0.907097521 0.392528436 -0.151972083
vn 0.975909417 -0.0482984265 0.212762948
vn 0.757943169 0.406506245 0.510171368
vn 0.691376127 0.614828523 0.379453473
vn 0.851537668 0.427863826 -0.303011793
vn 0.99620555 0.00160527067 -0.0870168144
vn 0.987931907 0.0170363813 -0.153949046
vn 0.229090372 -0.97286 0.0325733222
vn 0.921593338 0.363086372 0.137237041
vn -0.700058786 0.595390287 0.394243709
vn -0.562934317 0.695078385 0.447181164
vn -0.279295405 0.743119857 0.608084661
vn 0.934965573 -0.0685622095 0.348049709
vn 0.904288223 -0.1319822 0.406009246
vn 0.94222827 0.117955581 0.313516137
vn -0.390864074 0.17534668 0.903592175
vn 0.980885826 0.134261174 0.140843651
vn 0.998956814 0.0450979729 -0.00717328094
vn -0.391413075 0.913685096 0.109431938
vn 0.371150525 -0.388138769 0.843561251
vn -0.0287083748 0.613227063 0.789384823
vn 0.0348178891 0.544332216 0.838146857
vn 0.169720859 0.528720014 0.831654963
vn 0.188509321 0.632137305 0.75157612
vn -0.120739474 -0.553087257 0.824327887
vn -0.015177092 -0.586545408 0.809774129
vn 0.985955737 0.165496138 0.0224123216
vn 0.992996583 0.0728221079 0.0930307826
vn 0.918064887 -0.135924806 0.372399397
vn 0.88809967 -0.198927711 0.414375122
vn 0.918764874 -0.181568926 0.350576427
vn 0.934304806 0.0244582372 0.355635099
vn 0.0850920739 -0.123656702 0.988669995
vn 0.141316455 -0.0663796574 0.987736504
vn 0.935782389 0.11022606 0.334905263
vn 0.367975372 -0.243990496 0.897252898
vn 0.141629424 0.377943466 0.914931605
vn 0.155003526 0.0917552939 0.983643672
vn 0.256153818 0.0116072472 0.966566342
vn 0.266388596 0.165574816 0.949537833
vn 0.90834352 0.149352812 0.390647907
vn 0.934748792 0.338493055 0.108014568
vn -0.216842332 0.476945805 0.851764112
vn -0.0897448085 0.265022271 0.960056803
vn 0.934068942 0.216045879 -0.284322687
vn 0.888874993 -0.17913359 0.42167808
vn 0.960855005 -0.0771717374 0.266086795
vn -0.303543004 -0.235149686 0.923345152
vn 0.973025136 -0.228759678 0.0298512082
vn 0.746604018 -0.663335429 0.0506808466
vn 0.790516034 -0.611433154 0.0351268821
vn 0.0793647681 -0.439161444 0.894895781
vn 0.05750751 -0.57103386 0.818909774
vn 0.0348812041 -0.511072372 0.858829629
vn -0.653268435 -0.191146654 0.732600374
vn 0.983151107 -0.177313115 -0.044429266
vn -0.436988096 -0.393237886 0.808953255
vn -0.191943604 0.850700474 0.489352997
vn 0.670997904 -0.56569635 0.479321868
vn 0.709003602 -0.493681776 0.503579385
vn 0.804732455 -0.419669017 0.419861395
vn 0.629564052 -0.776414232 -0.0288105019
vn 0.45225015 -0.891890917 0.00062717839
vn 0.637332826 -0.770585637 -0.00215504734
vn 0.884008452 -0.392381115 0.254098638
vn 0.224981409 -0.859665997 0.45864773
vn 0.238896378 -0.751639291 0.614790124
vn 0.126093893 -0.849872965 0.511679854
vn -0.286159424 -0.571087029 0.769397419
vn -0.27225951 -0.645456698 0.713624838
vn 0.0729822053 -0.763909567 0.641183102
vn 0.554086801 -0.822990122 -0.12520014
vn 0.525081334 -0.816617651 -0.239635566
vn 0.610457138 -0.774201375 -0.167195434
vn 0.0306514245 -0.6094233 0.792252315
vn 0.137815829 0.0519489629 0.989094587
vn 0.0753218639 -0.872276817 0.48317675
vn 0.660173132 -0.613198981 0.433772343
vn 0.68962021 -0.654185528 0.310588573
vn -0.544151884 0.628714291 -0.555533138
vn 0.107402639 -0.472259909 0.874891566
vn 0.977383578 -0.204123687 0.0552708038
vn 0.16420599 0.225529342 0.960298344
vn 0.99122616 -0.12942405 0.0268349544
vn 0.980176358 0.0336623226 -0.195246398
vn 0.961858209 -0.160146856 0.221769632
vn 0.810081615 -0.431852494 0.396574331
vn -0.0154796206 -0.989392838 0.144437507
vn -0.0563811808 -0.957223782 0.283802384
vn 0.742633364 -0.66900422 0.0304801768
vn 0.909705447 -0.414267627 0.0286065114
vn 0.80528246 -0.592814018 -0.00957604701
vn 0.140795075 -0.638572598 -0.756572392
vn 0.178752948 -0.474075562 -0.862148331
vn 0.844882195 -0.53487916 -0.00885217568
vn 0.893273583 -0.449318803 -0.0132257227
vn 0.879826444 -0.475230485 0.00783675114
vn 0.158683673 -0.98545216 0.0608566532
vn 0.444062559 -0.875059571 0.19255958
vn 0.200491244 -0.979237316 -0.0299589743
vn 0.188143408 -0.977817786 -0.0920566951
vn 0.117831338 -0.991166863 -0.0608607039
vn -0.423962675 0.491377161 0.760791782
vn 0.915638586 -0.399301301 0.0465236665
vn 0.953106018 -0.295035297 0.0674024603
vn 0.936762574 -0.348686342 0.0298950743
vn 0.525733279 -0.679563506 0.511661959
vn 0.0899361466 -0.953654989 0.287147439
vn 0.168469058 -0.937535455 0.304377146
vn 0.127176084 -0.919745984 0.371340233
vn 0.798800682 -0.49456898 0.342518604
vn 0.696022621 -0.616733904 0.367684379
vn 0.960956392 -0.103427293 0.256642958
vn 0.782946104 -0.568017801 0.253675336
vn 0.698815396 -0.679321947 0.224006105
vn 0.640572375 -0.74704512 0.177737506
vn 0.997749482 -0.0106108959 -0.0662071072
vn 0.979930578 -0.166339767 0.109850553
vn 0.774303187 -0.400261982 0.490147856
vn 0.836181365 -0.541870672 0.0847165841
vn 0.968205328 -0.180933581 0.172746873
vn 0.917493286 -0.29806564 0.26336846
vn 0.888306413 -0.335206085 0.313924509
vn 0.845422372 -0.532722548 0.0383105673
vn 0.843642842 -0.528540007 -0.0944045395
vn 0.848822882 -0.527106502 -0.0407240862
vn 0.883556921 -0.463858062 -0.0645202755
vn -0.473785682 -0.248827264 0.844755657
vn -0.117698367 -0.0419139263 0.992164461
vn 0.709695519 -0.699978025 0.0797686328
vn 0.312372889 0.536210242 0.784156716
vn 0.278272684 0.231918211 0.932082752
vn -0.0154907499 -0.601790133 -0.798504021
vn 0.0597021671 -0.669153362 -0.740722235
vn -0.571575664 0.238068468 0.785254522
vn 0.947068001 -0.290246186 -0.137183648
vn 0.96114828 -0.274095236 0.032646372
vn 0.0172861201 0.258232487 0.96592814
vn 0.0892318038 -0.989084141 -0.117261448
vn 0.938823366 -0.252849705 0.233832663
vn 0.950956349 -0.30862515 0.020797562
vn -0.192125964 0.151131863 0.969663227
vn -0.203049656 0.115094754 0.972380602
vn 0.881968148 -0.465508151 0.0737180312
vn 0.879349607 -0.475256989 0.0295814657
vn 0.919222467 -0.378449648 0.108655054
vn 0.889931875 -0.434358 0.139120038
vn 0.95472788 -0.268603186 -0.1278554
vn -0.755480882 0.178015938 0.63052277
vn -0.645214086 0.235314962 0.726860132
vn -0.0625566197 0.0388414735 0.99728532
vn -0.0381117503 0.00444492302 0.999263597
vn -0.389775426 -0.499521743 0.773662164
vn 0.19045254 -0.98134631 0.0262154445
vn 0.185416494 -0.982636227 0.00683884996
vn -0.525721452 0.0973486806 0.845068157
vn -0.354087123 0.121518877 0.927283922
vn 0.925417687 -0.376369059 -0.0441410951
vn 0.963387789 -0.212010114 0.16412093
vn -0.127290516 -0.929461699 -0.346263014
vn 0.00233525053 0.0071483389 0.999971724
vn 0.918940554 -0.394141589 0.0141656734
vn 0.909894573 -0.395750617 -0.124391782
vn 0.94612899 -0.320532438 -0.0458136452
vn 0.898767642 -0.369967029 -0.23524694
vn 0.789321576 -0.317711079 -0.525386638
vn 0.83947132 -0.462445393 -0.285363209
vn 0.781991468 -0.446152122 -0.435244332
vn 0.747818786 -0.399253641 -0.530437172
vn 0.531204417 -0.30669617 -0.789784354
vn 0.0952259645 -0.24022682 0.966034725
vn 0.907868011 -0.418611678 0.0232365379
vn 0.984460423 0.146488081 0.0968448166
vn 0.950029815 -0.278148908 0.141691694
vn 0.888320098 -0.195631362 0.415470545
vn 0.873384844 -0.272576781 0.403609729
vn 0.832026002 -0.332044901 0.444385999
vn 0.899550451 -0.357951516 -0.25035914
vn 0.779853934 -0.575699372 0.245760198
vn 0.702978234 -0.71047548 0.0323449448
vn 0.695818183 -0.718216434 0.00148690718
vn 0.722976387 -0.690226466 -0.0298759064
vn 0.631517752 -0.399017819 -0.664808325
vn 0.68073782 -0.609913531 -0.405711112
vn 0.00980291545 0.0681521428 0.997626778
vn -0.146850939 0.596697 0.78891539
vn -0.0229916523 0.00112636239 0.999735023
vn 0.262734871 -0.13616717 0.955211437
vn -0.0176976388 0.0492623316 0.998629068
vn -0.0680400899 0.050936994 0.996381437
vn -0.193637799 0.322431139 0.926575719
vn 0.810160982 -0.582631342 -0.0646521655
vn 0.601339617 -0.65579343 -0.45642704
vn 0.425504166 -0.523834632 -0.737931896
vn 0.567668315 -0.681777532 -0.461445642
vn 0.320690448 -0.94714302 0.00881680058
vn 0.233622591 -0.972287739 -0.00877712245
vn 0.1039333 -0.14702624 0.983657031
vn 0.686722239 -0.726211829 -0.0320771802
vn -0.0568709508 0.106291048 0.992707363
vn -0.28281262 0.368436839 0.885590943
vn 0.851761427 -0.52118497 0.0535602316
vn 0.62932056 -0.775318586 0.0532608898
vn -0.0849302184 -0.791625786 -0.605074766
vn 0.694518128 -0.559800472 0.451960178
vn 0.812750596 -0.447018957 0.373644913
vn 0.690094255 -0.67843507 0.251983682
vn 0.401115616 -0.753644997 0.52069711
vn 0.242808172 -0.835183965 -0.493469287
vn 0.571357055 -0.813314573 -0.109865926
vn 0.571511026 -0.81919677 -0.0478727339
vn -0.0187695814 -0.812592133 0.582530452
vn 0.0325319379 -0.854735724 0.518042967
vn 0.45240131 -0.591756363 -0.667201215
vn 0.575621789 -0.745421055 -0.336165149
vn 0.152312532 -0.880598824 -0.448716618
vn -0.0275094123 0.064405317 0.997544579
vn -0.113266416 0.21896353 0.96913657
vn -0.0458818061 0.0880959918 0.99505475
vn 0.406653464 -0.890833283 -0.20260558
vn 0.313875981 -0.925190631 -0.213317052
vn 0.402196758 -0.907671485 -0.119875949
vn 0.154178096 -0.98232138 -0.106178254
vn 0.194230613 -0.974694729 -0.110655565
vn 0.204122329 -0.969938679 -0.132487863
vn 0.236595555 -0.965155208 -0.111794313
vn 0.236999723 -0.959758095 -0.150650356
vn -0.118204194 0.0596913293 0.99119358
vn -0.265649496 0.117081215 0.956933819
vn 0.120607773 -0.986065278 -0.114581987
vn 0.0865371855 -0.986927142 -0.135963716
vn 0.151936666 -0.979830962 -0.129794208
vn -0.0343242097 0.279943494 0.959402673
vn -0.0794431437 0.112701482 0.990447961
vn -0.00141238155 0.071237125 0.997458409
vn 0.000123140282 0.0224329644 0.999748342
vn 0.124777898 -0.499813729 -0.857097843
vn 0.169037223 -0.122144025 0.978011889
vn 0.0747888196 -0.619340218 -0.781552511
vn -0.989882306 0.0199224328 0.140485293
vn -0.952431313 0.0460416104 0.301255314
vn 0.966764748 0.215343565 -0.13781535
vn 0.158029193 -0.986917432 -0.0319492913
vn 0.20136654 -0.979418708 -0.0138025908
vn 0.138371235 -0.990250902 -0.0160172677
vn 0.224686528 -0.955165728 -0.192806629
vn 0.0433559758 -0.99035649 -0.131583748
vn -0.01535974 -0.990612683 -0.135832955
vn -0.129323619 -0.259912539 0.956933056
vn 0.301391496 -0.945403439 -0.123997996
vn 0.153195769 -0.971565291 -0.180532381
vn 0.291468579 -0.952949284 -0.0832690151
vn 0.187152122 -0.968016395 -0.167087829
vn 0.311800251 -0.944199483 0.106150552
vn 0.304435816 -0.941488608 0.144630687
vn 0.185256248 -0.981882303 0.0398405161
vn 0.201867307 -0.978963254 0.0296738628
vn 0.982892249 -0.17575772 0.0550640505
vn 0.59713665 -0.717555717 -0.358527007
vn 0.846955338 -0.342883874 -0.406321676
vn 0.940674532 -0.310378792 0.137100075
vn 0.863810091 -0.484153044 0.139384205
vn 0.871253181 -0.444448181 0.208287563
vn -0.49662858 -0.851004085 -0.170739865
vn 0.442476224 -0.893884685 -0.0720066694
vn 0.194940878 -0.98007469 -0.0381006143
vn 0.785692256 -0.504546603 0.357939107
vn 0.637567642 -0.769613489 0.0346782275
vn 0.212424884 -0.976787531 -0.0276005144
vn 0.282623047 -0.959111241 -0.0151604748
vn 0.264401485 -0.963572603 -0.0402454277
vn 0.203845404 -0.976978794 -0.0629244606
vn 0.268057213 -0.963397178 0.00334778416
vn 0.18466068 -0.982746484 -0.0104776728
vn 0.206153965 -0.859675284 0.467395922
vn 0.351845544 -0.777155578 0.521760406
vn 0.170968436 -0.985116824 -0.0177380222
vn 0.164049463 -0.986263274 -0.019300972
vn -0.043417135 -0.998795803 -0.0228450673
vn 0.161744698 -0.986774831 0.0106810397
vn 0.122136905 -0.992470047 0.00926184764
vn 0.129737349 -0.991364604 0.01909039
vn 0.138310225 -0.990384079 0.00310764591
vn 0.265074026 -0.927591147 0.26326873
vn 0.281421452 -0.898092285 0.337982564
vn 0.111233736 -0.944822775 0.308118451
vn 0.959863922 -0.135761723 0.245418024
vn 0.287586786 -0.866415445 0.408188825
vn 0.172313601 -0.793828576 -0.58321884
vn 0.0703779163 -0.203019005 -0.976642326
vn -0.00513887543 0.471061087 -0.882085622
vn 0.621937738 -0.776253723 0.103070889
vn 0.62001744 -0.780426752 0.0806998059
vn 0.537887341 -0.837115819 0.0995706509
vn 0.109209773 -0.993985768 -0.00809432282
vn 0.178894755 -0.977859561 0.108569542
vn 0.253707026 -0.941805245 0.220534862
vn 0.210610348 -0.879639397 0.42647135
vn 0.883426952 -0.378502786 0.276210902
vn 0.223247884 -0.970239986 0.093780336
vn 0.934183365 -0.347646175 0.0802719024
vn 0.309386829 -0.928546644 0.205136344
vn 0.233321321 -0.938376044 0.254973649
vn 0.227297451 -0.971407666 0.0685785305
vn 0.21567236 -0.975502008 0.0433735634
vn 0.299261163 -0.905230837 0.301661877
vn 0.564437397 -0.800643628 0.200948267
vn 0.742505178 -0.630348463 -0.22659849
vn 0.821932057 -0.489363655 -0.291463387
vn 0.160709906 -0.757896165 -0.632270298
vn 0.626326865 -0.76832731 0.13186282
vn 0.973862448 -0.19472088 0.1169432
vn 0.924401337 -0.319259633 0.208699436
vn 0.416278152 -0.894256928 0.164368634
vn 0.590027626 -0.794521518 0.143537307
vn 0.43090946 -0.899705992 0.0696144001
vn 0.101622458 -0.983037228 -0.152678372
vn 0.129202269 -0.983955459 -0.123038323
vn 0.590872369 -0.789123245 0.167792575
vn 0.549786872 -0.687442989 0.47450662
vn 0.338407751 -0.801783455 0.492568255
vn 0.588864788 -0.695371966 0.411941852
vn 0.698698075 -0.701898579 0.138417433
vn 0.816464875 -0.57664047 -0.02951062
vn 0.370329323 -0.921715914 0.115308138
vn 0.204221046 -0.900456505 0.384020633
vn 0.392718773 -0.831872835 0.392121859
vn 0.896112566 -0.298977249 0.328016575
vn 0.597230588 -0.735730345 0.319400194
vn 0.702553115 -0.55852414 0.440987421
vn 0.575881577 -0.64637757 0.500556138
vn 0.886591512 0.377344548 -0.267519315
vn 0.997120349 -0.0597443387 -0.0467078485
vn 0.123231286 -0.992047807 -0.025596863
vn 0.119229667 -0.9926628 -0.0201209395
vn 0.206741129 -0.944490467 0.255334806
vn 0.470143826 -0.868289019 -0.158237044
vn 0.320009448 -0.946144143 -0.0490429728
vn 0.154600698 -0.987900516 -0.012296104
vn 0.198090096 -0.980164072 0.00622147427
vn 0.434476227 -0.649086801 -0.62443313
vn 0.0672902837 -0.923928537 0.376600686
vn 0.205361262 -0.919736599 -0.334531525
vn 0.0512932599 -0.93470377 0.351707071
vn 0.0438960994 -0.98859845 0.144035541
vn 0.966741583 -0.128113647 -0.221354025
vn 0.937029606 -0.190202783 -0.29291367
vn 0.968088275 -0.113404954 -0.223482458
vn -0.101130397 -0.994561282 0.0249098065
vn -0.0912036631 -0.995318306 0.0319900255
vn 0.975907447 -0.214539939 0.039714845
vn 0.91042299 0.284003577 0.300785551
vn 0.910590197 -0.381285689 -0.159520267
vn 0.861432195 -0.429484681 -0.271067302
vn 0.992573081 -0.107143735 0.0576098855
vn 0.995078174 0.0973908105 -0.018288199
vn 0.878001202 -0.132410465 -0.459979737
vn 0.974669501 -0.0309350396 -0.221500308
vn 0.241306641 -0.970016121 0.0289798218
vn 0.105368483 -0.993941762 0.0312610937
vn 0.748640613 -0.65325183 0.113133902
vn 0.787837179 -0.610435704 -0.0817363406
vn 0.778239062 -0.60768665 -0.158306341
vn 0.748241992 -0.651264929 -0.126443324
vn 0.737889021 -0.644142732 -0.201494251
vn -0.850034492 0.154253707 0.503633951
vn -0.83791083 0.147841665 0.525402972
vn -0.69756322 0.246742641 0.672698761
vn 0.711657147 -0.498053652 -0.495466109
vn 0.836315638 -0.343818593 -0.427042069
vn 0.665476011 -0.519474062 -0.535992889
vn 0.997785641 0.0615158564 0.0252906024
vn 0.985876975 0.161033962 0.0459853577
vn 0.083358387 -0.996306849 0.0205922678
vn 0.0762881689 -0.983085409 -0.166502836
vn 0.0450710372 -0.996379187 -0.0720910417
vn 0.552020256 -0.664651901 -0.503499243
vn 0.364153914 -0.79069859 -0.492125661
vn 0.536471175 -0.732769453 -0.418625856
vn 0.224406466 -0.97426959 0.0209881754
vn 0.0394514818 -0.966123121 -0.255048417
vn 0.0735442685 -0.941768779 -0.328120112
vn 0.353000373 -0.91313477 0.203901025
vn 0.926507547 -0.373396009 -0.0464670449
vn 0.836956668 -0.536208925 -0.109469284
vn 0.130127399 -0.954110396 -0.269703933
vn 0.00545325897 -0.963114983 0.269034927
vn 0.809925686 -0.486728954 -0.32728475
vn 0.971552181 -0.230574894 -0.0540516232
vn 0.649539481 -0.755027159 -0.0896239438
vn 0.60473952 -0.666938586 -0.435296491
vn 0.168995572 -0.82391013 -0.540936774
vn 0.155815349 -0.755675076 -0.636142088
vn 0.482891782 -0.831930987 0.27332464
vn 0.913881388 -0.402795841 0.0507574432
vn 0.480043016 -0.0261570855 -0.876854897
vn 0.233763609 -0.876608075 -0.420610101
vn 0.259310705 -0.939086061 -0.225555601
vn 0.725142514 -0.649560773 0.228558822
vn -0.350587675 -0.600723173 -0.718484483
vn 0.0443594028 -0.827402133 -0.559855298
vn 0.341151821 -0.899588154 -0.272684043
vn 0.974388008 -0.148153698 -0.169170009
vn 0.974172341 0.182214543 0.133364578
vn 0.86672232 0.495670558 0.0557056399
vn 0.989054223 0.132340753 -0.0652508229
vn 0.811875859 -0.569100796 -0.130314517
vn 0.471181793 -0.819297004 -0.326711091
vn 0.929329453 -0.206675692 -0.305993343
vn 0.826605328 -0.360004001 -0.432574561
vn 0.147488062 -0.953207204 -0.263900168
vn -0.561717002 -0.216405706 -0.798525254
vn -0.639703961 -0.270139915 -0.719585484
vn 0.113069265 -0.881672704 -0.45811416
vn 0.0452907025 -0.897807065 -0.438053907
vn 0.0896608065 -0.40730032 -0.908882495
vn 0.7125948 -0.699919098 0.048186176
vn 0.669112176 -0.743141256 -0.00547448113
vn 0.756304481 -0.654218864 -0.00110008997
vn -0.303815093 -0.564216078 -0.767695647
vn 0.0884223426 -0.758355486 -0.645816108
vn 0.124150087 -0.744655352 -0.655801161
vn 0.988599679 -0.0759649443 -0.130000007
vn 0.999827109 0.0135265717 -0.0127586634
vn 0.993425022 -0.0795506986 -0.0823311092
vn 0.164681562 -0.259714185 -0.951540081
vn -0.379667586 -0.420228725 -0.82417252
vn 0.0920273255 -0.828274893 -0.552713011
vn -0.00705615787 -0.985563841 -0.169157104
vn -0.0813316411 -0.970609346 -0.226500909
vn -0.091972703 -0.990864556 -0.0986329223
vn -0.0938396342 -0.995191422 0.0280741139
vn -0.327332966 -0.94484054 0.0113791147
vn 0.319457117 -0.933615536 -0.162201052
vn 0.323571311 -0.904493261 -0.277837268
vn 0.276267922 -0.95402849 0.116213923
vn 0.275130381 -0.803246123 -0.528298154
vn 0.446096198 -0.680908552 -0.580828483
vn 0.299075436 -0.952208536 -0.0620708315
vn 0.27635646 -0.960370455 -0.0362725139
vn 0.29947897 -0.954044754 -0.0105334886
vn -0.0268084693 -0.94640114 -0.32187915
vn -0.340543057 -0.927482852 -0.154291883
vn 0.979187516 -0.0425551623 -0.198446132
vn 0.981143447 0.00527980145 -0.193208849
vn 0.999573398 -0.0224912757 -0.0186323378
vn 0.986320432 -0.0181240916 -0.163839929
vn 0.956873025 -0.287408525 0.0423125731
vn 0.975050925 -0.208465676 0.076274211
vn -0.407653106 -0.911370842 -0.0567638373
vn -0.49261007 -0.830738273 -0.259247453
vn 0.682323601 -0.526021079 -0.507677386
vn 0.766788744 -0.422000958 -0.483684002
vn 0.721018197 -0.485653911 -0.49423986
vn 0.991582577 -0.0429783812 -0.122134563
vn 0.971348832 -0.0930168598 -0.218699132
vn 0.949178194 -0.157515836 -0.272487646
vn 0.976185047 0.0200124678 -0.216014478
vn 0.174753086 -0.119100091 -0.977382488
vn 0.5474142 -0.832404136 -0.0862615142
vn 0.143917115 -0.989528413 -0.0110174074
vn 0.162212494 -0.986449361 0.0245919799
vn 0.884979877 0.454470825 0.101325643
vn 0.205523098 -0.978324854 0.0253127501
vn 0.50783899 -0.857443505 0.0830072005
vn 0.144187064 -0.968324701 0.203856234
vn 0.150765956 -0.951297168 0.268892777
vn 0.974134811 -0.129661854 -0.185065321
vn 0.698486209 -0.629813553 -0.339782143
vn 0.1185357 -0.817068564 -0.564223581
vn 0.952256061 -0.305180931 0.00854363179
vn 0.955339542 -0.295133009 0.0149287405
vn 0.935165758 -0.352133152 0.038304683
vn 0.570582686 -0.73313461 -0.370066266
vn 0.662353196 -0.503646245 -0.554642861
vn 0.363136709 -0.931507663 -0.020620501
vn 0.30358755 -0.951548776 -0.0488827841
vn 0.244518197 -0.969641656 0.00243098267
vn 0.344827072 -0.937851701 -0.0390957374
vn 0.335639855 -0.937332015 -0.0935659188
vn 0.404072178 -0.910754024 -0.0851632689
vn 0.486187607 -0.873718202 -0.0154309299
vn 0.659902365 -0.746585451 -0.0844928024
vn 0.496107255 -0.86824723 -0.00493340767
vn 0.862028133 -0.506718022 -0.012014329
vn 0.851106393 -0.522180141 0.0542753024
vn 0.825466606 -0.564405149 -0.00719098727
vn 0.267304115 -0.953529638 -0.139031432
vn 0.22882905 -0.944752284 -0.234692111
vn 0.344185734 -0.92460804 -0.163205859
vn 0.21112115 -0.958804104 -0.190059332
vn 0.154359514 -0.964080215 -0.216153831
vn 0.467668896 -0.876018236 -0.117804302
vn 0.421502261 -0.884311213 -0.200822117
vn 0.327199363 -0.897818621 -0.29472411
vn 0.447038139 -0.85341952 -0.268014972
vn 0.348674114 -0.853388601 -0.387497429
vn 0.0522828692 -0.996351221 0.06745922
vn 0.0103872041 -0.997801484 0.0654545945
vn 0.0619069145 -0.996065016 0.0634193806
vn 0.0584527185 -0.981815103 0.180616677
vn 0.0654221161 -0.993475631 0.0934136854
vn 0.35994954 -0.932789658 -0.0184332128
vn 0.0586108583 -0.998214224 -0.0115382278
vn 0.0351805778 -0.998003335 0.0524563692
vn 0.0141174266 -0.998978704 0.0429214068
vn 0.107380889 -0.99299416 -0.0493147376
vn 0.146547699 -0.987104338 -0.0644111632
vn 0.141828088 -0.989371579 0.0320729094
vn 0.171245526 -0.984684025 0.0327466141
vn 0.139450555 -0.989680284 0.0329617639
vn -0.0105716771 -0.997307802 -0.0725629929
vn 0.0653298159 -0.997570674 -0.0241819289
vn 0.654656569 -0.541532143 -0.527416074
vn 0.0645871565 -0.996582071 0.0515041291
vn 0.108591374 -0.992784013 0.0508705966
vn 0.107819147 -0.993401441 0.0390974351
vn 0.0697131134 -0.996388994 0.0484670444
vn 0.211392079 -0.976496373 0.042050246
vn 0.0361431617 0.406442632 0.912961148
vn 0.0726920031 0.344762821 0.935870969
vn 0.0682079199 -0.997607422 0.0112744013
vn 0.00392161948 -0.997753674 0.0668747081
vn 0.226697923 -0.97390569 -0.0107591541
vn 0.902508024 -0.30035913 -0.308648117
vn 0.178379914 -0.980210514 -0.0858367936
vn 0.134739869 -0.98484364 -0.109216177
vn 0.196461329 -0.970689021 -0.138440498
vn 0.154168537 -0.97082912 -0.183637908
vn 0.204928783 -0.978444721 0.0254975005
vn 0.132422959 -0.987804133 0.0818972216
vn -0.114624229 -0.97431224 -0.193847736
vn 0.232774247 -0.969058696 -0.0821059918
vn 0.238023604 -0.970099084 -0.0474608309
vn -0.0412527459 -0.99896244 -0.0192939019
vn 0.246133037 -0.968992357 0.0217334002
vn 0.240077893 -0.970491804 0.0225447158
vn 0.215423643 -0.975928715 0.0339970217
vn 0.243037076 -0.969950894 0.01132441
vn 0.187725161 -0.981095998 -0.0470096542
vn 0.31186529 -0.950117683 0.00405331376
vn 0.289459763 -0.956940057 0.0218808653
vn 0.271797174 -0.962291223 0.0110407522
vn -0.119814296 -0.992502173 0.0241654933
vn 0.199439644 -0.979855096 0.0103835982
vn 0.252304204 -0.967576125 0.0117911448
vn 0.16592139 -0.985943391 -0.0196398066
vn 0.145802563 -0.98926278 -0.0100381264
vn -0.112238257 -0.993679909 0.00167694469
vn 0.981776768 -0.0538631731 -0.182244714
vn 0.271341416 -0.962448268 0.00819561133
vn 0.198080398 -0.979474155 0.0373434869
vn 0.731908509 -0.625855021 -0.269472498
vn 0.762986665 -0.603842833 -0.230705833
vn 0.169245728 -0.985572953 0.00135543795
vn 0.115446732 -0.992799149 -0.0319672102
vn -0.110973892 -0.993765348 0.0107344533
vn 0.793452498 -0.608448588 -0.0149481738
vn 0.131350192 -0.990941992 0.0279480838
vn 0.104519129 -0.986413042 0.126748026
vn 0.19746221 -0.975397694 0.0980204824
vn 0.804450568 -0.593014763 -0.0345365757
vn 0.803953345 -0.586666438 -0.0973730451
vn 0.741590125 -0.670162785 0.0304290689
vn 0.088083964 -0.995286037 -0.0405822648
vn 0.168551755 -0.985323303 -0.0269869196
vn 0.0368522006 -0.999279967 0.00902569657
vn 0.904446942 0.425935463 -0.0235523033
vn 0.754682417 -0.513777396 -0.408028475
vn 0.167314212 -0.984524667 0.0521261299
vn 0.252627332 -0.96591751 0.0564162633
vn 0.115177884 -0.988840014 0.0944959393
vn 0.757316847 -0.650735292 0.0549069516
vn -0.133214182 -0.976757404 0.167925444
vn -0.159636386 -0.963300072 0.215798972
vn -0.205146771 -0.963884418 0.16982824
vn 0.0826735473 -0.78736028 -0.610924606
vn 0.386932646 -0.922066811 0.00871343334
vn -0.208925576 0.649547455 0.731052808
vn 0.358518004 0.0961952862 -0.928553341
vn 0.487881105 -0.857643317 -0.162542206
vn 0.00802475753 -0.998820542 -0.0478866265
vn -0.0871809392 -0.981662073 0.169525979
vn -0.278617043 0.374594878 -0.884336599
vn 0.284458954 -0.864901272 -0.413556398
vn -0.426672448 -0.90340893 -0.0424608808
vn -0.103630169 -0.728341648 -0.677332438
vn 0.241438868 -0.969645239 0.0386701985
vn 0.0995657768 -0.993469152 0.0557288102
vn 0.786165631 -0.520110431 -0.333809437
vn 0.734217688 -0.527836474 -0.426981315
vn 0.757034573 -0.546181708 -0.358586388
vn 0.756883483 -0.650241916 -0.0656722514
vn 0.885727339 -0.462451718 0.0403173598
vn 0.115414426 -0.993291 0.00724559369
vn -0.126438791 -0.987797522 0.09093562
vn 0.958808321 -0.278630982 -0.0552393023
vn 0.770560735 -0.634550641 0.0598467772
vn 0.719021949 -0.694701501 0.0199314103
vn 0.851302135 -0.520315663 0.0675002671
vn 0.897057904 -0.43751219 0.0622109343
vn 0.874795679 -0.483067456 0.0371261711
vn -0.440300118 0.831429068 0.338912247
vn -0.375615288 0.611350494 0.696536954
vn -0.307727179 0.69616459 0.648582182
vn 0.90916794 -0.413080938 -0.0527047885
vn 0.890838874 -0.453912902 -0.0192139904
vn 0.918793002 -0.394392809 0.0165448713
vn 0.552811604 -0.365578261 -0.74883367
vn 0.694973435 -0.703594921 -0.148209688
vn 0.670769887 -0.717867994 -0.186368726
vn 0.707528362 -0.68102937 -0.188686551
vn 0.793804573 -0.532258843 -0.294235999
vn 0.185467695 -0.148407731 -0.971378855
vn 0.934748154 -0.350176458 -0.0601858517
vn -0.312537493 0.45231671 0.835302286
vn -0.156927588 0.640083268 0.752108464
vn 0.43937223 0.89816696 0.0157529663
vn -0.618557971 0.493208784 0.611662596
vn 0.681304511 -0.722902933 -0.115045695
vn -0.430355065 0.902423578 0.0206447162
vn 0.973659132 -0.189952215 -0.126119193
vn 0.825697463 -0.319105705 -0.465183027
vn 0.67476756 -0.065868514 -0.735085082
vn 0.777560007 -0.427371456 -0.461252723
vn -0.545052433 0.365898936 0.754344625
vn 0.790014656 -0.467234123 -0.396949767
vn 0.970350469 -0.221828488 -0.0959796298
vn 0.443447007 -0.895901287 -0.0267513539
vn 0.718943226 -0.677438167 -0.155557604
vn 0.530541073 -0.84451569 -0.0729343481
vn 0.537358672 -0.834280233 -0.123378082
vn 0.702926207 -0.673718544 -0.228030857
vn 0.604763785 -0.76019956 -0.237397122
vn 0.671637055 -0.679651825 -0.29491874
vn 0.66003418 -0.750911703 -0.0220566545
vn 0.99897085 0.0408537583 0.0197030929
vn 0.986582158 0.16131698 -0.0251491057
vn 0.87355308 -0.486648591 -0.00884117051
vn 0.823431149 -0.543223281 -0.163919521
vn 0.877948869 -0.475052247 -0.0594234393
vn 0.908429179 -0.413889099 0.0587557756
vn 0.43847799 -0.854191317 -0.279453476
vn -0.499397187 -0.0899813877 -0.861687762
vn 0.866346679 -0.454598434 -0.2068422
vn 0.82699016 -0.495896741 -0.264903185
vn 0.831988245 -0.5211496 -0.190259442
vn 0.975143168 0.220125497 -0.0253094274
vn 0.970738058 -0.239654147 -0.0152811083
vn 0.970101921 0.0305483222 -0.240767655
vn 0.960715151 0.046753107 -0.27357
vn 0.568454314 -0.794327813 -0.214249898
vn 0.923129606 -0.195714703 -0.330949369
vn 0.898589354 -0.271010304 -0.345095042
vn 0.917926582 -0.294773098 -0.265555286
vn 0.633606221 -0.646282345 -0.42527907
vn 0.927107383 -0.348705865 -0.137390397
vn 0.196481018 0.94784931 -0.250951976
vn 0.943726482 -0.30337433 -0.131697922
vn 0.971739224 -0.224203078 -0.0738638006
vn 0.933591374 -0.357604122 -0.0229442296
vn 0.811657244 -0.490485747 -0.317232171
vn 0.794763557 -0.554372944 -0.247025358
vn 0.904560696 -0.403452523 -0.137826011
vn 0.912635929 -0.349001405 -0.212823121
vn 0.170750813 -0.299964934 -0.938544191
vn 0.693095181 -0.720197185 -0.0305791412
vn 0.912635844 -0.40816588 0.022280718
vn 0.934178679 -0.354878399 0.0370339934
vn 0.930020306 -0.359364285 -0.076938558
vn 0.974716114 0.222401337 -0.0215903196
vn 0.87208568 -0.477365974 -0.107648935
vn 0.968482681 -0.000269771353 -0.249080758
vn 0.715143611 -0.602984313 -0.353524445
vn 0.681279235 -0.563158123 -0.467666048
vn 0.836004042 -0.539040093 -0.1026305
vn 0.911617194 -0.244346765 -0.330527986
vn 0.625799757 -0.68822155 -0.367050082
vn 0.762939615 -0.57995889 -0.285606074
vn 0.556012285 -0.828479485 -0.0668736245
vn 0.817017617 -0.572257204 0.0707382837
vn -0.341652088 0.515417946 0.785886882
vn 0.928812211 0.108827527 -0.354209608
vn -0.807271637 -0.588430881 -0.0454048611
vn 0.717432295 0.517914183 -0.465892479
vn 0.290322626 0.739607075 0.6072019
vn -0.493143863 -0.55057124 -0.673558045
vn -0.375140908 -0.878324791 -0.296335725
vn -0.255228 -0.646258918 -0.719171801
vn -0.781510542 -0.623743578 -0.0136096142
vn -0.375477462 -0.922289529 -0.0916444237
vn -0.768595391 -0.631024602 -0.10520968
vn -0.821956188 -0.559892085 -0.104445575
vn 0.116832444 -0.89770108 -0.42483285
vn -0.152220106 -0.85345586 -0.4984397
vn -0.765935326 -0.642664943 -0.0180235451
vn -0.714137718 -0.699663707 -0.0218636087
vn 0.807902956 0.353588448 -0.471453098
vn -0.363722914 -0.931101042 0.0275043976
vn -0.149319868 -0.988130716 -0.0360730617
vn 0.584139268 -0.786607579 -0.200074565
vn -0.10885062 -0.989425058 0.0958623873
vn -0.190790987 -0.978001533 0.0843314954
vn -0.195433783 -0.193963563 -0.961344773
vn 0.713588739 -0.700170395 0.0235059479
vn -0.0720384771 -0.994457483 -0.0765817986
vn -0.100214981 -0.989580227 -0.103382455
vn 0.0394246525 -0.997906684 -0.0512635034
vn -0.147933774 -0.963473809 0.223234894
vn -0.22616452 -0.962238616 0.151480875
vn -0.0853097972 -0.992646225 -0.0858819583
vn 0.0286955811 -0.0828643607 -0.99614761
vn -0.286481734 0.958009881 -0.0120533727
vn -0.077436001 -0.995128689 0.0610127731
vn -0.323080554 -0.946163505 -0.0198387612
vn -0.310769264 -0.949005461 -0.0530197996
vn 0.00834550743 -0.990615656 0.136422043
vn -0.00172825069 -0.990679065 0.136205737
vn 0.686546705 -0.472485636 -0.552639979
vn 0.0111725502 -0.998082883 0.0608747344
vn 0.122445325 -0.987734822 0.0968868615
vn -0.0915039526 -0.975231527 0.201371535
vn -0.0243980664 -0.998233185 0.0541778784
vn 0.477699513 -0.876559951 -0.0587011618
vn 0.514418311 -0.852433755 -0.0934371183
vn 0.150450999 -0.987049666 0.0556547703
vn 0.172376214 -0.983869276 0.0478297855
vn 0.330675968 -0.941538459 0.0644882537
vn 0.0332527617 -0.987673556 0.152954894
vn 0.0351042566 -0.999358488 -0.00709257187
vn -0.0872528592 -0.99613727 0.00987304955
vn -0.0071349241 -0.999614939 -0.0268154119
vn -0.171027251 -0.983170137 -0.0642352083
vn -0.1404434 -0.989992293 -0.0138170275
vn 0.798844253 -0.574799744 -0.17735026
vn -0.164494801 -0.985545109 -0.040525276
vn -0.00238368885 -0.997296995 0.0734371955
vn -0.161885106 -0.985146735 -0.0572636279
vn -0.274373104 -0.951941161 -0.13611549
vn 0.48860005 -0.855259933 -0.172628035
vn -0.240675359 -0.969496016 0.0463987729
vn 0.367378743 -0.929590758 0.0298978491
vn 0.282109189 -0.430327982 -0.85745684
vn -0.135499496 -0.989440894 -0.0514451622
vn 0.1115029 -0.99307445 0.0370167631
vn -0.0766173188 -0.996185218 -0.041770771
vn 0.0682243836 -0.547167607 -0.834238002
vn -0.833937266 -0.315659198 -0.452667546
vn -0.538965133 -0.827655608 -0.156533638
vn -0.979439855 -0.195816803 -0.0485113347
vn -0.998543124 0.0527173799 -0.0115111926
vn -0.692644265 -0.701934476 -0.165927437
vn -0.678518077 -0.685179346 -0.264844261
vn -0.573217701 -0.785719325 -0.232522277
vn -0.490425392 -0.816825364 -0.303775016
vn -0.998990561 0.0449176612 0.000513475752
vn -0.723040259 -0.646334669 0.243852986
vn -0.508857938 -0.751346838 -0.42016845
vn -0.322213263 -0.880159201 -0.348566198
vn -0.428533644 -0.811743571 -0.396776121
vn -0.572464177 -0.697970918 -0.430257324
vn -0.485216195 -0.728646686 -0.483362444
vn -0.711600966 -0.670412609 -0.210168977
vn -0.617221838 -0.762479335 -0.194068202
vn -0.306232548 -0.942005039 -0.137288503
vn -0.186531286 -0.982267145 0.0189033289
vn -0.564318084 -0.815604072 -0.127808831
vn -0.247217453 -0.967769158 0.048024862
vn -0.194373665 -0.980682629 0.0219193984
vn 0.224576793 -0.959246592 -0.171497058
vn -0.00530475264 -0.999742002 -0.022085956
vn 0.0059934855 -0.998600563 0.0525451513
vn -0.178590423 -0.983434299 -0.0310232124
vn -0.893204733 0.439909623 0.0930850635
vn -0.936237455 0.268040777 0.227186202
vn -0.899760864 0.406145497 0.159612726
vn -0.64817281 0.694492728 0.312332929
vn 0.103948357 -0.994340769 -0.0219356681
vn 0.145670544 -0.989055566 -0.0234345682
vn 0.306078352 -0.951958352 0.0095571065
vn -0.182835986 -0.972543371 -0.143980533
vn 0.144306753 -0.761400287 -0.632016744
vn 0.143019913 -0.988457646 0.0499678554
vn -0.492119586 0.853848542 -0.169590624
vn -0.188445402 -0.978060087 -0.0888076396
vn -0.790889544 -0.449231525 -0.415553566
vn 0.267429233 0.192317435 0.944190452
vn -0.630736505 -0.775880288 -0.0134625384
vn -0.501883714 -0.863553978 -0.0488596416
vn 0.114048069 0.143011893 0.983127986
vn -0.418737829 -0.771407533 0.479154513
vn -0.042208399 0.436001317 0.898955673
vn 0.530768996 0.00623020211 0.847493632
vn -0.856320814 -0.453661537 0.246791152
vn -0.618974596 -0.691536653 0.372354008
vn -0.691834921 -0.306915353 0.653580452
vn -0.14681175 -0.988865305 0.0243252585
vn -0.0756220746 -0.995152583 -0.0628700137
vn -0.682648292 -0.615514049 0.393870239
vn -0.580712507 -0.606009215 0.543622862
vn -0.828828159 -0.465416322 0.310534266
vn -0.443779671 -0.853288999 0.273783651
vn 0.234215738 -0.884856349 0.402706134
vn -0.948239609 0.13010212 0.289681
vn -0.905458759 0.132649826 0.40317299
vn -0.850829355 0.238554774 0.468167735
vn -0.914457691 0.10672465 0.390354943
vn -0.914456694 0.198743891 0.352519248
vn -0.66808184 -0.363824642 0.649074946
vn -0.948286817 0.0197645036 0.316798796
vn -0.948649629 0.157045386 0.274591749
vn -0.93577038 0.130444889 0.327594149
vn -0.936182687 -0.168877499 0.308289421
vn 0.0601475955 -0.10298104 0.992863119
vn -0.156136078 0.504974232 -0.848894899
vn -0.160562465 0.721666746 -0.673362312
vn 0.101739892 -0.0219513596 0.994568817
vn 0.0496729135 -0.0497558523 0.997525417
vn 0.257677181 -0.101882114 0.960844683
vn -0.957438232 -0.281385878 -0.0642963448
vn -0.708654412 0.660358804 0.24846564
vn -0.0253420088 0.0115119988 0.999612553
vn -0.232998831 0.124722372 0.96444589
vn 0.932761797 0.359199956 -0.0305093773
vn -0.507959737 0.858498047 0.0704131274
vn -0.0323419944 0.998209551 -0.0503158864
vn 0.49820788 0.828508869 -0.255659856
vn 0.703437968 0.580209974 -0.410525775
vn -0.740403034 0.672162601 0.000886317807
vn 0.0908509641 -0.537177343 -0.838562225
vn 0.838016656 0.473248646 -0.271594924
vn -0.944770871 0.193191699 0.264735657
vn 0.00261958426 -0.367101348 0.930177261
vn -0.579886171 -0.240538095 0.778378734
vn -0.331807239 0.94301577 -0.0250042715
vn -0.204936909 0.978750572 0.00694128673
vn 0.468683988 -0.830999271 0.299625653
vn -0.0785487957 0.695312258 -0.714402513
vn -0.865756575 -0.430445841 -0.255307522
vn -0.783534051 0.57497139 -0.235546793
vn -0.0878414744 -0.782982243 -0.61581059
vn -0.986619406 -0.115667558 -0.114905022
vn -0.770795852 -0.625467597 -0.121095163
vn -0.146362433 -0.762186991 -0.630594187
vn -0.039951208 -0.997851166 0.0519321799
vn 0.0600818496 -0.985215331 -0.16043978
vn 0.0414966402 -0.998419128 0.0379113949
vn 0.231024346 -0.790218026 0.56761186
vn -0.709911048 -0.681495638 0.177735755
vn -0.14373826 -0.859126581 0.491162732
vn -0.915778782 -0.329544374 0.229673088
vn 0.723005396 0.0640536893 -0.6878665
vn -0.950220185 -0.295487707 -0.0988363052
vn 0.59320035 -0.187547034 -0.782904499
vn 0.788935533 -0.0308307395 -0.613702037
vn 0.183667745 -0.726578846 -0.662079557
vn -0.726013711 -0.686671609 -0.0372316109
vn -0.662400648 -0.749070674 -0.0108860959
vn 0.189357071 -0.72009886 -0.667533918
vn -0.769672571 -0.636839198 0.0451660148
vn -0.759161691 -0.629490262 -0.165576379
vn 0.553414619 0.278266094 0.785047922
vn 0.741080878 -0.218832499 -0.634753078
vn -0.349130511 0.655227007 0.669914514
vn -0.402719669 0.518372519 0.754391675
vn 0.635444949 -0.111779012 -0.764012545
vn 0.624913233 -0.13274966 -0.769325015
vn 0.506969965 -0.0927530974 -0.856958761
vn 0.360191287 -0.539616116 -0.760970882
vn 0.0872470099 -0.740152325 -0.666755199
vn 0.974022301 0.221383847 -0.0476418955
vn -0.30054099 0.656391411 -0.69197213
vn 0.0398383746 -0.674452651 -0.737242515
vn 0.799327431 0.00371529175 -0.600884228
vn -0.226157507 0.907170342 -0.354816507
vn -0.0226647892 -0.676718962 -0.735892488
vn -0.543963749 0.832680884 -0.103662843
vn 0.12476211 0.981759909 -0.14346392
vn -0.338590236 0.936174721 0.0945174243
vn -0.364224292 0.928087014 0.0774284108
vn -0.264088383 0.963313519 -0.0477952963
vn 0.367173623 -0.698412146 -0.614332162
vn 0.24641212 -0.812601133 -0.528167081
vn 0.457470633 -0.546670068 -0.701336194
vn 0.158894695 -0.946418878 -0.281147262
vn 0.427661425 -0.453711132 -0.781826013
vn 0.958307846 -0.195745358 -0.208158179
vn 0.92852594 -0.245480328 -0.278530047
vn 0.714526752 0.499389144 -0.489961227
vn 0.741999438 0.667039907 0.0670417496
vn 0.245264176 -0.605337426 -0.75723978
vn -0.676429336 -0.590421118 -0.440279749
vn -0.400440563 -0.8058965 -0.436094242
vn 0.90022354 0.287183247 -0.327297053
vn 0.46486537 0.880863711 -0.0893269821
vn 0.478815588 0.854049677 0.203309572
vn 0.661945515 0.743290528 0.0966815711
vn 0.80677106 -0.589031557 0.0465003379
vn 0.744709361 -0.667328093 0.00901018707
vn 0.809886404 -0.580524201 0.0841169725
vn 0.853104257 0.469262832 -0.22804719
vn 0.830008266 0.555163868 -0.053659659
vn 0.774364367 0.631150502 -0.0448204245
vn -0.00124416591 -0.971801775 -0.235796018
vn -0.372025335 -0.906850969 -0.198036539
vn -0.518890695 -0.82562047 -0.221592615
vn -0.573755629 -0.791774124 -0.209519005
vn 0.950819713 0.302964837 -0.0644529406
vn -0.37361139 -0.871413742 -0.317887748
vn -0.192321779 -0.916351705 -0.351157921
vn 0.548756351 0.824892545 -0.135715719
vn -0.451312576 -0.847507261 -0.27937144
vn -0.556890692 -0.76229496 -0.329816844
vn -0.716071729 -0.651887497 -0.249567567
vn -0.680064187 -0.666703058 -0.304991368
vn -0.765576153 -0.560890597 -0.315110921
vn 0.677019714 0.733440816 -0.0609005427
vn 0.561826865 0.824126818 -0.0718718418
vn 0.568209985 0.822687649 0.0179567884
vn 0.47157997 0.879235723 -0.0675046315
vn 0.547732159 0.836649656 0.00261440087
vn -0.139075014 -0.0687460926 -0.987892765
vn -0.04282768 -0.208430419 -0.977099048
vn -0.55087974 -0.691860011 -0.466756079
vn 0.753686871 0.582116939 -0.305116323
vn 0.679441194 0.733729127 0.0011101124
vn -0.611667311 -0.748649095 -0.255710055
vn 0.982790313 -0.1810005 -0.0369055383
vn 0.945669401 0.318939171 -0.063144187
vn 0.666979952 -0.13507146 -0.73273013
vn -0.39080657 -0.351048498 -0.850902566
vn 0.841820233 -0.539698536 0.00801155642
vn 0.87503411 -0.469893917 -0.116254092
vn 0.757020823 -0.170424348 -0.630773347
vn 0.797272853 -0.379004857 -0.46979923
vn -0.658144526 -0.719693961 -0.221102658
vn -0.736321232 -0.647050754 -0.197879672
vn -0.813708343 -0.478179624 -0.330488999
vn -0.0221337501 -0.162422333 0.986473052
vn -0.655409187 0.337951443 0.675446238
vn 0.266325021 -0.238966103 0.933791296
vn -0.80051547 -0.521681816 -0.294996721
vn -0.681604571 -0.0954944207 -0.725462628
vn -0.144845422 0.59852306 -0.787902247
vn 0.992388371 0.0747357555 -0.0978769071
vn -0.218676727 0.700894707 0.67891612
vn -0.201397829 0.929903421 -0.307763775
vn -0.684446558 -0.367018243 -0.629944854
vn 0.521542282 0.0528318284 -0.851588191
vn 0.897173955 0.285659259 -0.336864488
vn 0.945578401 0.198584528 -0.257770582
vn -0.449324662 0.893361956 0.00342967903
vn 0.767696011 0.392922962 -0.506215745
vn 0.958405678 0.135868359 -0.250994714
vn 0.484308102 0.813958702 -0.320806631
vn 0.346490188 0.917446028 -0.195543694
vn 0.288564906 0.956539563 0.0419804721
vn 0.215031749 0.974131293 -0.0694951139
vn 0.91156728 -0.234587177 0.337659518
vn -0.602628999 0.716796163 0.35077279
vn 0.0672885204 -0.234481736 0.969788931
vn 0.962982585 -0.0770166438 0.258327267
vn 0.147486351 0.550923336 0.821420267
vn -0.0386026294 0.429470872 0.902255289
vn 0.08004507 0.482194073 0.872399944
vn 0.299430709 0.457591297 -0.837228437
vn 0.218273587 0.693705769 0.686388336
vn 0.148114866 0.675913602 0.721943758
vn 0.977962269 0.198430777 0.0649232468
vn 0.960587171 0.275851213 0.0343277603
vn 0.0512773159 -0.139801245 0.988850974
vn 0.0388982159 0.400026166 -0.915677888
vn -0.111106535 -0.0571063958 0.992166416
vn 0.881885426 0.468214417 0.0552571687
vn 0.290227508 0.321700184 0.901264104
vn -0.427386356 -0.227341905 0.875018035
vn -0.542670317 -0.288438931 0.788867486
vn -0.282455998 -0.069295751 0.956774116
vn -0.434306105 -0.237382406 0.868923357
vn -0.0529138329 -0.0355548619 0.99796592
vn 0.999931158 -0.00131305381 -0.0116599641
vn 0.998703528 0.0404490781 0.0309052578
vn 0.997328412 0.055367307 -0.0476497693
vn -0.507560617 -0.23374577 0.829304006
vn -0.580559598 -0.178552341 0.794398901
vn -0.124581763 0.0443288671 0.991218612
vn -0.0715254924 0.00897922779 0.997398354
vn 0.980171392 0.196581078 0.0248982453
vn 0.908869307 -0.150777041 0.388873844
vn 0.969323211 -0.0893403782 0.22897775
vn 0.815156614 -0.320408513 0.482553707
vn 0.891041075 -0.0840391819 -0.446075351
vn 0.128210792 -0.262027504 0.956505923
vn 0.881893147 0.0495430193 0.468838956
vn -0.570509942 0.770609546 0.284041076
vn 0.137547554 -0.727844131 0.671806216
vn -0.688527713 -0.419291211 -0.591713164
vn 0.400541676 -0.896355012 0.190036995
vn 0.552228376 -0.831353654 -0.0624093197
vn 0.00153269615 -0.999928785 -0.0118353819
vn 0.70267192 -0.603350147 -0.377121695
vn 0.664253362 -0.741045103 0.0980796909
vn 0.632965512 -0.771082337 0.0691859091
vn -0.0579989077 -0.689843483 0.721631551
vn -0.000901538955 -0.910907685 0.412609231
vn 0.969278908 -0.136047033 0.204913649
vn 0.862107396 -0.265857661 0.431382129
vn 0.835158774 -0.549902541 0.0108174957
vn 0.855760121 -0.324499087 0.402957761
vn 0.189422292 -0.925825566 -0.3270569
vn 0.767780517 -0.552881444 0.323782622
vn 0.815320404 -0.507350912 0.279011991
vn 0.861248931 -0.245890483 0.444733796
vn 0.787083215 -0.593690223 -0.167427395
vn 0.83325065 -0.50789684 -0.218481475
vn 0.870532832 -0.469498642 -0.147457158
vn 0.784873849 -0.514488228 -0.34536199
vn 0.870229345 -0.415415903 -0.264821664
vn -0.124911564 0.175738718 0.976479905
vn -0.0288388125 0.0600442067 0.997779042
vn 0.227062231 -0.941924119 -0.247430188
vn 0.624622479 -0.777659326 -0.0713633743
vn 0.0737648335 -0.997270833 -0.00310394149
vn 0.780112993 -0.274098022 -0.562400207
vn 0.900101708 -0.310775794 -0.305344594
vn 0.911441148 -0.201357765 -0.358789749
vn -0.104071906 0.168351233 0.980217782
vn -0.130072883 0.167998771 0.977168081
vn 0.501885377 -0.858413565 -0.106005758
vn 0.453580027 -0.725194276 -0.518033224
vn 0.618557834 -0.778472393 -0.106615852
vn 0.634502291 -0.725022819 -0.26785958
vn 0.646043913 -0.754728549 -0.114070502
vn -0.0829623388 0.266108217 0.960366423
vn 0.282968677 -0.958820629 0.0243254687
vn 0.305926179 -0.951967327 0.012937615
vn 0.198143174 -0.977771015 0.068579338
vn 0.111594234 -0.98405446 -0.138504681
vn 0.113786267 -0.986735927 -0.115779514
vn 0.087477828 -0.993163949 -0.0772851896
vn 0.339099143 -0.860795175 -0.379530549
vn 0.599674847 -0.799998675 -0.0198039693
vn 0.523401775 -0.852040023 -0.00885329577
vn 0.373345795 -0.927404591 0.0231006896
vn 0.355196167 -0.934097212 0.0360289029
vn 0.524985882 -0.828341612 -0.195550498
vn 0.507852085 -0.801082678 -0.316785106
vn 0.999056103 -0.0432077548 -0.00447126522
vn 0.867577472 -0.393986522 -0.303453374
vn 0.898938452 -0.191267294 -0.394114808
vn 0.977612736 0.169656219 0.124459253
vn 0.360739732 -0.929974877 -0.0708065993
vn -0.592092188 0.711309167 0.378769203
vn 0.231172378 -0.965100846 -0.123043443
vn 0.237492136 -0.971389461 -1.96038536e-05
vn 0.114609538 -0.971394941 -0.207982025
vn 0.104759326 -0.990035163 -0.0941055725
vn 0.147862685 -0.987703125 0.0507854615
vn 0.385864729 -0.922318447 -0.0209067929
vn -0.0758808977 0.87445249 0.479139784
vn 0.172039819 -0.985042599 -0.00966323624
vn 0.230447222 -0.973083265 0.00174253781
vn 0.338499754 -0.940264459 0.0363409455
vn -0.626898696 0.302969197 0.717779695
vn 0.807709475 -0.589197856 -0.0212436052
vn 0.745884572 -0.662022771 -0.073362501
vn 0.588598013 -0.681034965 -0.435595863
vn 0.714893725 -0.682938876 -0.150071497
vn 0.656405594 -0.747708473 -0.100318172
vn 0.17895805 -0.231225683 0.956299482
vn 0.82390148 -0.473950042 -0.310737362
vn 0.885474451 -0.232984257 -0.402061355
vn 0.857532575 -0.279738176 -0.431722638
vn 0.615821006 -0.603506756 -0.506501811
vn 0.873588291 -0.480895985 0.0747164646
vn 0.841057914 -0.534232427 0.0849546875
vn 0.756521855 -0.653449962 -0.0260351906
vn 0.0213000837 0.999461942 -0.02494261
vn 0.584326997 0.8100791 -0.0483095536
f 1//1 2//2 3//3
f 4//4 5//5 6//6
f 9//9 8//8 7//7
f 10//10 11//11 12//12
f 13//13 14//14 15//15
f 18//18 17//17 16//16
f 19//19 20//20 21//21
f 22//22 23//23 24//24
f 25//25 26//26 27//27
f 11//11 10//10 28//28
f 29//29 30//30 22//22
f 31//31 32//32 33//33
f 36//36 35//35 34//34
f 37//37 38//38 39//39
f 42//42 41//41 40//40
f 43//43 44//44 45//45
f 46//46 47//47 48//48
f 51//51 50//50 49//49
f 52//52 53//53 54//54
f 57//57 56//56 55//55
f 60//60 59//59 58//58
f 61//61 62//62 63//63
f 64//64 65//65 66//66
f 69//69 68//68 67//67
f 72//72 71//71 70//70
f 73//73 74//74 75//75
f 78//78 77//77 76//76
f 79//79 80//80 81//81
f 82//82 83//83 84//84
f 85//85 86//86 87//87
f 90//90 89//89 88//88
f 92//92 91//91 69//69
f 95//95 94//94 93//93
f 64//64 66//66 96//96
f 97//97 98//98 99//99
f 100//100 101//101 102//102
f 104//104 101//101 103//103
f 107//107 106//106 105//105
f 110//110 109//109 108//108
f 111//111 112//112 113//113
f 103//103 101//101 100//100
f 100//100 114//114 103//103
f 117//117 116//116 115//115
f 120//120 119//119 118//118
f 121//121 122//122 123//123
f 126//126 125//125 124//124
f 127//127 128//128 49//49
f 129//129 130//130 131//131
f 132//132 133//133 134//134
f 135//135 136//136 137//137
f 121//121 139//139 138//138
f 140//140 141//141 142//142
f 127//127 49//49 143//143
f 144//144 145//145 146//146
f 72//72 148//148 147//147
f 104//104 103//103 149//149
f 150//150 151//151 152//152
f 114//114 149//149 103//103
f 155//155 154//154 153//153
f 156//156 157//157 158//158
f 159//159 160//160 161//161
f 162//162 152//152 151//151
f 165//165 164//164 163//163
f 168//168 167//167 166//166
f 121//121 169//169 122//122
f 170//170 171//171 172//172
f 173//173 174//174 175//175
f 176//176 75//75 74//74
f 179//179 178//178 177//177
f 134//134 133//133 180//180
f 54//54 181//181 182//182
f 183//183 184//184 185//185
f 67//67 186//186 187//187
f 164//164 165//165 188//188
f 189//189 190//190 191//191
f 194//194 193//193 192//192
f 195//195 196//196 197//197
f 200//200 199//199 198//198
f 29//29 201//201 202//202
f 203//203 204//204 205//205
f 208//208 207//207 206//206
f 209//209 210//210 211//211
f 212//212 213//213 214//214
f 215//215 216//216 217//217
f 220//220 219//219 218//218
f 221//221 222//222 223//223
f 224//224 225//225 226//226
f 227//227 27//27 26//26
f 228//228 52//52 54//54
f 230//230 31//31 229//229
f 233//233 232//232 231//231
f 234//234 235//235 236//236
f 237//237 189//189 191//191
f 239//239 238//238 208//208
f 240//240 241//241 242//242
f 243//243 154//154 155//155
f 245//245 244//244 147//147
f 248//248 247//247 246//246
f 185//185 184//184 249//249
f 174//174 173//173 250//250
f 95//95 251//251 94//94
f 252//252 42//42 253//253
f 254//254 62//62 61//61
f 255//255 256//256 257//257
f 258//258 259//259 260//260
f 263//263 262//262 261//261
f 266//266 265//265 264//264
f 268//268 206//206 267//267
f 271//271 270//270 269//269
f 170//170 272//272 273//273
f 274//274 275//275 276//276
f 277//277 257//257 43//43
f 202//202 215//215 217//217
f 278//278 279//279 280//280
f 283//283 282//282 281//281
f 284//284 285//285 286//286
f 289//289 288//288 287//287
f 290//290 291//291 292//292
f 295//295 294//294 293//293
f 296//296 297//297 298//298
f 301//301 300//300 299//299
f 302//302 303//303 304//304
f 307//307 306//306 305//305
f 25//25 93//93 26//26
f 308//308 309//309 310//310
f 311//311 112//112 111//111
f 314//314 313//313 312//312
f 298//298 316//316 315//315
f 317//317 318//318 319//319
f 320//320 321//321 322//322
f 323//323 324//324 325//325
f 328//328 327//327 326//326
f 331//331 330//330 329//329
f 334//334 333//333 332//332
f 335//335 336//336 337//337
f 338//338 294//294 295//295
f 340//340 321//321 339//339
f 343//343 342//342 341//341
f 37//37 344//344 22//22
f 347//347 346//346 345//345
f 350//350 349//349 348//348
f 353//353 352//352 351//351
f 356//356 355//355 354//354
f 358//358 357//357 343//343
f 325//325 309//309 359//359
f 362//362 361//361 360//360
f 363//363 364//364 365//365
f 368//368 367//367 366//366
f 369//369 370//370 371//371
f 374//374 373//373 372//372
f 377//377 376//376 375//375
f 380//380 379//379 378//378
f 382//382 381//381 369//369
f 383//383 384//384 385//385
f 386//386 387//387 388//388
f 389//389 390//390 391//391
f 392//392 327//327 393//393
f 128//128 394//394 232//232
f 232//232 394//394 231//231
f 397//397 396//396 395//395
f 398//398 399//399 400//400
f 401//401 402//402 403//403
f 404//404 405//405 406//406
f 408//408 353//353 407//407
f 409//409 111//111 410//410
f 411//411 350//350 348//348
f 414//414 413//413 412//412
f 415//415 416//416 417//417
f 420//420 419//419 418//418
f 423//423 422//422 421//421
f 424//424 425//425 426//426
f 429//429 428//428 427//427
f 430//430 431//431 432//432
f 435//435 434//434 433//433
f 436//436 437//437 438//438
f 150//150 440//440 439//439
f 441//441 18//18 16//16
f 424//424 426//426 442//442
f 443//443 444//444 445//445
f 446//446 445//445 444//444
f 375//375 448//448 447//447
f 451//451 450//450 449//449
f 454//454 453//453 452//452
f 455//455 456//456 457//457
f 458//458 459//459 460//460
f 461//461 462//462 463//463
f 461//461 463//463 464//464
f 465//465 355//355 356//356
f 466//466 467//467 468//468
f 471//471 470//470 469//469
f 474//474 473//473 472//472
f 475//475 476//476 477//477
f 480//480 479//479 478//478
f 481//481 480//480 478//478
f 85//85 482//482 86//86
f 483//483 482//482 85//85
f 484//484 485//485 486//486
f 487//487 142//142 141//141
f 490//490 489//489 488//488
f 493//493 492//492 491//491
f 161//161 160//160 494//494
f 497//497 496//496 495//495
f 474//474 472//472 498//498
f 501//501 500//500 499//499
f 395//395 396//396 502//502
f 505//505 504//504 503//503
f 504//504 505//505 506//506
f 508//508 16//16 507//507
f 509//509 476//476 510//510
f 511//511 512//512 513//513
f 514//514 515//515 516//516
f 517//517 518//518 519//519
f 479//479 520//520 521//521
f 466//466 475//475 522//522
f 525//525 524//524 523//523
f 528//528 527//527 526//526
f 529//529 60//60 406//406
f 530//530 356//356 354//354
f 531//531 532//532 533//533
f 536//536 535//535 534//534
f 537//537 538//538 539//539
f 542//542 541//541 540//540
f 543//543 544//544 545//545
f 546//546 547//547 548//548
f 549//549 550//550 551//551
f 554//554 553//553 552//552
f 301//301 299//299 555//555
f 556//556 557//557 558//558
f 558//558 559//559 556//556
f 561//561 560//560 335//335
f 564//564 563//563 562//562
f 565//565 566//566 567//567
f 570//570 569//569 568//568
f 572//572 571//571 39//39
f 39//39 571//571 573//573
f 574//574 575//575 576//576
f 579//579 578//578 577//577
f 580//580 581//581 36//36
f 582//582 281//281 282//282
f 583//583 584//584 585//585
f 55//55 56//56 37//37
f 386//386 586//586 387//387
f 588//588 587//587 44//44
f 589//589 28//28 37//37
f 592//592 591//591 590//590
f 545//545 544//544 593//593
f 593//593 594//594 545//545
f 595//595 596//596 597//597
f 600//600 599//599 598//598
f 601//601 314//314 303//303
f 602//602 603//603 604//604
f 44//44 587//587 45//45
f 605//605 291//291 290//290
f 606//606 607//607 608//608
f 609//609 575//575 63//63
f 612//612 611//611 610//610
f 613//613 614//614 615//615
f 616//616 617//617 618//618
f 619//619 587//587 562//562
f 622//622 621//621 620//620
f 56//56 623//623 37//37
f 624//624 569//569 570//570
f 326//326 626//626 625//625
f 549//549 627//627 628//628
f 629//629 628//628 627//627
f 631//631 45//45 630//630
f 632//632 633//633 634//634
f 263//263 635//635 262//262
f 239//239 208//208 206//206
f 206//206 636//636 637//637
f 638//638 639//639 27//27
f 128//128 232//232 49//49
f 49//49 232//232 51//51
f 208//208 238//238 251//251
f 636//636 640//640 637//637
f 297//297 296//296 284//284
f 641//641 251//251 95//95
f 344//344 623//623 642//642
f 588//588 44//44 57//57
f 564//564 588//588 57//57
f 50//50 643//643 644//644
f 562//562 588//588 564//564
f 647//647 646//646 645//645
f 648//648 647//647 645//645
f 576//576 649//649 574//574
f 650//650 277//277 631//631
f 653//653 652//652 651//651
f 643//643 654//654 644//644
f 657//657 656//656 655//655
f 95//95 658//658 641//641
f 650//650 631//631 659//659
f 267//267 650//650 659//659
f 662//662 661//661 660//660
f 663//663 651//651 664//664
f 652//652 13//13 665//665
f 45//45 631//631 277//277
f 667//667 666//666 65//65
f 640//640 669//669 668//668
f 23//23 65//65 666//666
f 630//630 587//587 619//619
f 670//670 12//12 11//11
f 670//670 671//671 672//672
f 277//277 43//43 45//45
f 647//647 64//64 646//646
f 23//23 344//344 642//642
f 127//127 143//143 673//673
f 674//674 307//307 305//305
f 667//667 65//65 64//64
f 310//310 675//675 308//308
f 571//571 577//577 578//578
f 28//28 38//38 37//37
f 678//678 677//677 676//676
f 1//1 219//219 220//220
f 251//251 238//238 94//94
f 62//62 254//254 238//238
f 638//638 27//27 227//227
f 92//92 679//679 91//91
f 680//680 681//681 649//649
f 39//39 682//682 572//572
f 254//254 26//26 93//93
f 685//685 684//684 683//683
f 688//688 687//687 686//686
f 638//638 227//227 237//237
f 689//689 620//620 690//690
f 573//573 691//691 598//598
f 573//573 692//692 39//39
f 680//680 301//301 555//555
f 693//693 694//694 695//695
f 22//22 344//344 23//23
f 696//696 697//697 698//698
f 699//699 190//190 189//189
f 702//702 701//701 700//700
f 239//239 206//206 268//268
f 703//703 239//239 268//268
f 704//704 705//705 706//706
f 20//20 19//19 82//82
f 238//238 707//707 62//62
f 63//63 575//575 574//574
f 710//710 709//709 708//708
f 695//695 190//190 699//699
f 712//712 711//711 298//298
f 715//715 714//714 713//713
f 716//716 717//717 718//718
f 719//719 720//720 721//721
f 704//704 706//706 717//717
f 574//574 695//695 722//722
f 723//723 82//82 19//19
f 721//721 579//579 719//719
f 682//682 577//577 572//572
f 38//38 577//577 682//682
f 579//579 21//21 578//578
f 724//724 725//725 77//77
f 578//578 21//21 20//20
f 20//20 571//571 578//578
f 316//316 298//298 726//726
f 727//727 586//586 386//386
f 730//730 729//729 728//728
f 704//704 731//731 685//685
f 705//705 704//704 685//685
f 717//717 714//714 704//704
f 732//732 733//733 734//734
f 714//714 717//717 716//716
f 737//737 736//736 735//735
f 600//600 717//717 705//705
f 555//555 681//681 680//680
f 738//738 681//681 555//555
f 320//320 322//322 739//739
f 714//714 715//715 704//704
f 697//697 741//741 740//740
f 239//239 707//707 238//238
f 742//742 648//648 645//645
f 745//745 744//744 743//743
f 746//746 747//747 281//281
f 737//737 735//735 748//748
f 737//737 748//748 749//749
f 260//260 724//724 258//258
f 752//752 751//751 750//750
f 755//755 754//754 753//753
f 674//674 756//756 307//307
f 758//758 757//757 144//144
f 274//274 759//759 260//260
f 760//760 485//485 484//484
f 761//761 762//762 763//763
f 765//765 90//90 764//764
f 768//768 767//767 766//766
f 768//768 769//769 767//767
f 770//770 771//771 736//736
f 42//42 40//40 772//772
f 773//773 275//275 260//260
f 776//776 775//775 774//774
f 777//777 775//775 776//776
f 721//721 21//21 579//579
f 748//748 779//779 778//778
f 780//780 781//781 782//782
f 748//748 778//778 749//749
f 783//783 784//784 785//785
f 785//785 786//786 783//783
f 786//786 787//787 78//78
f 789//789 788//788 696//696
f 782//782 781//781 790//790
f 793//793 792//792 791//791
f 794//794 620//620 689//689
f 24//24 795//795 22//22
f 690//690 620//620 796//796
f 798//798 773//773 797//797
f 275//275 773//773 798//798
f 275//275 274//274 260//260
f 799//799 782//782 689//689
f 802//802 801//801 800//800
f 67//67 803//803 186//186
f 806//806 805//805 804//804
f 583//583 664//664 646//646
f 237//237 191//191 807//807
f 808//808 809//809 224//224
f 232//232 233//233 51//51
f 730//730 728//728 810//810
f 813//813 812//812 811//811
f 815//815 814//814 276//276
f 816//816 224//224 817//817
f 233//233 171//171 51//51
f 818//818 819//819 820//820
f 730//730 792//792 729//729
f 823//823 822//822 821//821
f 14//14 273//273 15//15
f 825//825 824//824 290//290
f 57//57 44//44 826//826
f 394//394 827//827 791//791
f 226//226 817//817 224//224
f 75//75 176//176 828//828
f 829//829 830//830 831//831
f 621//621 796//796 620//620
f 793//793 794//794 729//729
f 815//815 798//798 832//832
f 833//833 834//834 835//835
f 40//40 836//836 809//809
f 837//837 838//838 839//839
f 840//840 841//841 248//248
f 842//842 133//133 132//132
f 844//844 843//843 634//634
f 672//672 846//846 845//845
f 225//225 836//836 847//847
f 850//850 849//849 848//848
f 851//851 852//852 853//853
f 854//854 852//852 837//837
f 855//855 847//847 853//853
f 225//225 847//847 855//855
f 127//127 673//673 25//25
f 263//263 825//825 856//856
f 857//857 858//858 859//859
f 233//233 231//231 860//860
f 861//861 862//862 863//863
f 864//864 814//814 865//865
f 763//763 762//762 818//818
f 868//868 867//867 866//866
f 259//259 773//773 260//260
f 40//40 819//819 772//772
f 869//869 499//499 500//500
f 870//870 871//871 855//855
f 872//872 134//134 180//180
f 873//873 828//828 176//176
f 252//252 253//253 874//874
f 874//874 875//875 252//252
f 876//876 796//796 777//777
f 729//729 877//877 728//728
f 864//864 877//877 790//790
f 877//877 878//878 728//728
f 763//763 864//864 865//865
f 865//865 761//761 763//763
f 864//864 763//763 877//877
f 860//860 231//231 879//879
f 879//879 231//231 792//792
f 180//180 880//880 874//874
f 780//780 782//782 799//799
f 276//276 780//780 881//881
f 881//881 274//274 276//276
f 793//793 729//729 792//792
f 796//796 876//876 690//690
f 882//882 773//773 259//259
f 884//884 883//883 252//252
f 252//252 883//883 42//42
f 41//41 885//885 851//851
f 772//772 886//886 253//253
f 772//772 253//253 42//42
f 874//874 253//253 887//887
f 882//882 797//797 773//773
f 890//890 889//889 888//888
f 844//844 891//891 843//843
f 893//893 892//892 822//822
f 781//781 814//814 864//864
f 780//780 814//814 781//781
f 894//894 832//832 798//798
f 798//798 797//797 894//894
f 895//895 837//837 852//852
f 758//758 144//144 896//896
f 899//899 898//898 897//897
f 900//900 757//757 758//758
f 900//900 758//758 891//891
f 72//72 147//147 901//901
f 72//72 901//901 902//902
f 905//905 904//904 903//903
f 906//906 907//907 908//908
f 909//909 365//365 9//9
f 912//912 911//911 910//910
f 914//914 913//913 97//97
f 913//913 914//914 144//144
f 144//144 914//914 145//145
f 632//632 915//915 916//916
f 917//917 918//918 52//52
f 921//921 920//920 919//919
f 924//924 923//923 922//922
f 927//927 926//926 925//925
f 771//771 770//770 928//928
f 927//927 925//925 294//294
f 931//931 930//930 929//929
f 932//932 500//500 501//501
f 914//914 933//933 145//145
f 99//99 933//933 914//914
f 891//891 934//934 900//900
f 935//935 936//936 937//937
f 940//940 939//939 938//938
f 941//941 942//942 943//943
f 946//946 945//945 944//944
f 869//869 491//491 492//492
f 257//257 826//826 43//43
f 949//949 948//948 947//947
f 950//950 98//98 951//951
f 952//952 953//953 904//904
f 904//904 905//905 952//952
f 954//954 955//955 956//956
f 99//99 914//914 97//97
f 951//951 813//813 950//950
f 957//957 813//813 951//951
f 925//925 904//904 953//953
f 959//959 957//957 958//958
f 925//925 926//926 960//960
f 959//959 960//960 926//926
f 786//786 68//68 800//800
f 91//91 68//68 69//69
f 68//68 91//91 800//800
f 929//929 186//186 931//931
f 293//293 961//961 295//295
f 962//962 963//963 964//964
f 967//967 966//966 965//965
f 737//737 749//749 968//968
f 971//971 970//970 969//969
f 974//974 973//973 972//972
f 975//975 976//976 977//977
f 957//957 951//951 958//958
f 960//960 904//904 925//925
f 913//913 144//144 757//757
f 903//903 958//958 951//951
f 661//661 978//978 660//660
f 979//979 33//33 32//32
f 979//979 32//32 980//980
f 981//981 897//897 99//99
f 99//99 897//897 933//933
f 982//982 983//983 984//984
f 987//987 986//986 985//985
f 990//990 989//989 988//988
f 151//151 150//150 439//439
f 463//463 991//991 464//464
f 994//994 993//993 992//992
f 995//995 464//464 923//923
f 923//923 464//464 991//991
f 996//996 997//997 101//101
f 923//923 493//493 995//995
f 415//415 998//998 999//999
f 85//85 1000//1000 1001//1001
f 1004//1004 1003//1003 1002//1002
f 149//149 1005//1005 104//104
f 155//155 153//153 944//944
f 151//151 1007//1007 1006//1006
f 1010//1010 1009//1009 1008//1008
f 8//8 1011//1011 7//7
f 247//247 248//248 841//841
f 1012//1012 439//439 440//440
f 997//997 102//102 101//101
f 493//493 923//923 492//492
f 1013//1013 1014//1014 898//898
f 183//183 1015//1015 195//195
f 1016//1016 1017//1017 1018//1018
f 1019//1019 1020//1020 1021//1021
f 1022//1022 1023//1023 1024//1024
f 81//81 80//80 450//450
f 1025//1025 967//967 1026//1026
f 960//960 959//959 958//958
f 183//183 195//195 184//184
f 144//144 146//146 896//896
f 1029//1029 1028//1028 1027//1027
f 1030//1030 1031//1031 868//868
f 131//131 1033//1033 1032//1032
f 1032//1032 129//129 131//131
f 1036//1036 1035//1035 1034//1034
f 1038//1038 1037//1037 451//451
f 1005//1005 996//996 104//104
f 243//243 155//155 1003//1003
f 1039//1039 1035//1035 1036//1036
f 1034//1034 7//7 1040//1040
f 1040//1040 7//7 1011//1011
f 9//9 7//7 1041//1041
f 492//492 923//923 924//924
f 90//90 765//765 89//89
f 1003//1003 155//155 1002//1002
f 1044//1044 1043//1043 1042//1042
f 8//8 364//364 1011//1011
f 1045//1045 1046//1046 1047//1047
f 1048//1048 80//80 79//79
f 974//974 1050//1050 1049//1049
f 246//246 247//247 1051//1051
f 1052//1052 1053//1053 1054//1054
f 1055//1055 469//469 999//999
f 1058//1058 1057//1057 1056//1056
f 1051//1051 88//88 89//89
f 1061//1061 1060//1060 1059//1059
f 1063//1063 841//841 1062//1062
f 1062//1062 1064//1064 1063//1063
f 1065//1065 1066//1066 1067//1067
f 976//976 1025//1025 1026//1026
f 1061//1061 1068//1068 1069//1069
f 1070//1070 1051//1051 247//247
f 1062//1062 1071//1071 1072//1072
f 1073//1073 1074//1074 1075//1075
f 918//918 1017//1017 1076//1076
f 1077//1077 996//996 966//966
f 1079//1079 174//174 1078//1078
f 1080//1080 1081//1081 1082//1082
f 1080//1080 1082//1082 1064//1064
f 965//965 1083//1083 1084//1084
f 965//965 1084//1084 967//967
f 1085//1085 1086//1086 1087//1087
f 1090//1090 1089//1089 1088//1088
f 996//996 965//965 966//966
f 765//765 1091//1091 168//168
f 765//765 168//168 89//89
f 1092//1092 250//250 911//911
f 1072//1072 1093//1093 1080//1080
f 156//156 158//158 1094//1094
f 1080//1080 1064//1064 1072//1072
f 487//487 1095//1095 142//142
f 1096//1096 451//451 1037//1037
f 1097//1097 1098//1098 1099//1099
f 1100//1100 1101//1101 1102//1102
f 1103//1103 1095//1095 1104//1104
f 977//977 1105//1105 975//975
f 1026//1026 1106//1106 976//976
f 1107//1107 1089//1089 1090//1090
f 1108//1108 1107//1107 1090//1090
f 451//451 1096//1096 1109//1109
f 1110//1110 486//486 1111//1111
f 996//996 101//101 104//104
f 1113//1113 1045//1045 1112//1112
f 451//451 81//81 450//450
f 1081//1081 1115//1115 1114//1114
f 1109//1109 81//81 451//451
f 1045//1045 1047//1047 1116//1116
f 1085//1085 1117//1117 1118//1118
f 1085//1085 1118//1118 1119//1119
f 1120//1120 1118//1118 1117//1117
f 1123//1123 1122//1122 1121//1121
f 1122//1122 1123//1123 1011//1011
f 975//975 1124//1124 976//976
f 986//986 1123//1123 1121//1121
f 1025//1025 976//976 1124//1124
f 482//482 1125//1125 1126//1126
f 483//483 1125//1125 482//482
f 1127//1127 1125//1125 483//483
f 1128//1128 1129//1129 1130//1130
f 365//365 8//8 9//9
f 364//364 1122//1122 1011//1011
f 1133//1133 1132//1132 1131//1131
f 975//975 764//764 1124//1124
f 1134//1134 154//154 243//243
f 921//921 74//74 73//73
f 79//79 1109//1109 1111//1111
f 988//988 989//989 1135//1135
f 985//985 1036//1036 1034//1034
f 1023//1023 1136//1136 1137//1137
f 1138//1138 1136//1136 1023//1023
f 1048//1048 989//989 972//972
f 79//79 81//81 1109//1109
f 972//972 989//989 990//990
f 1048//1048 972//972 973//973
f 1140//1140 1139//1139 461//461
f 1143//1143 1142//1142 1141//1141
f 1144//1144 1145//1145 1146//1146
f 1149//1149 1148//1148 1147//1147
f 147//147 1150//1150 901//901
f 1012//1012 1067//1067 1086//1086
f 973//973 450//450 80//80
f 973//973 80//80 1048//1048
f 1049//1049 1152//1152 1151//1151
f 236//236 1154//1154 1153//1153
f 1155//1155 440//440 150//150
f 182//182 1156//1156 1116//1116
f 1087//1087 1086//1086 1067//1067
f 1159//1159 1158//1158 1157//1157
f 1162//1162 1161//1161 1160//1160
f 1164//1164 1152//1152 1163//1163
f 1165//1165 1087//1087 1067//1067
f 1165//1165 1067//1067 1066//1066
f 1160//1160 1132//1132 162//162
f 1168//1168 1167//1167 1166//1166
f 181//181 130//130 182//182
f 131//131 130//130 181//181
f 1169//1169 1067//1067 1012//1012
f 1088//1088 1089//1089 145//145
f 1170//1170 158//158 1171//1171
f 1172//1172 234//234 1173//1173
f 1116//1116 54//54 182//182
f 1174//1174 228//228 54//54
f 1116//1116 1174//1174 54//54
f 1116//1116 1047//1047 1174//1174
f 1037//1037 1084//1084 1083//1083
f 1093//1093 1072//1072 1018//1018
f 1093//1093 1018//1018 1175//1175
f 1176//1176 907//907 906//906
f 906//906 1114//1114 1176//1176
f 152//152 162//162 1132//1132
f 152//152 1132//1132 1133//1133
f 157//157 1178//1178 1177//1177
f 1108//1108 130//130 129//129
f 1072//1072 1064//1064 1062//1062
f 1088//1088 1113//1113 1090//1090
f 1181//1181 1180//1180 1179//1179
f 151//151 1006//1006 162//162
f 1022//1022 1024//1024 1182//1182
f 1185//1185 1184//1184 1183//1183
f 907//907 1174//1174 1047//1047
f 1176//1176 228//228 1174//1174
f 1007//1007 1012//1012 1086//1086
f 439//439 1012//1012 1007//1007
f 1175//1175 917//917 1186//1186
f 962//962 812//812 963//963
f 1077//1077 1187//1187 1137//1137
f 908//908 1046//1046 1188//1188
f 897//897 1014//1014 933//933
f 898//898 1014//1014 897//897
f 1089//1089 1107//1107 146//146
f 145//145 1089//1089 146//146
f 125//125 1189//1189 124//124
f 634//634 633//633 842//842
f 54//54 53//53 181//181
f 129//129 1190//1190 1107//1107
f 129//129 1107//1107 1108//1108
f 866//866 1191//1191 916//916
f 811//811 812//812 962//962
f 1193//1193 829//829 1192//1192
f 829//829 1193//1193 830//830
f 679//679 92//92 934//934
f 903//903 98//98 913//913
f 242//242 867//867 868//868
f 1196//1196 1195//1195 1194//1194
f 99//99 98//98 950//950
f 97//97 913//913 98//98
f 813//813 811//811 950//950
f 981//981 950//950 811//811
f 950//950 981//981 99//99
f 908//908 1188//1188 906//906
f 1186//1186 1176//1176 1197//1197
f 1186//1186 228//228 1176//1176
f 1114//1114 1197//1197 1176//1176
f 1198//1198 181//181 53//53
f 918//918 1194//1194 52//52
f 1194//1194 1195//1195 53//53
f 1194//1194 53//53 52//52
f 902//902 1152//1152 1164//1164
f 830//830 1199//1199 831//831
f 916//916 633//633 632//632
f 242//242 868//868 1031//1031
f 242//242 1031//1031 1200//1200
f 1203//1203 1202//1202 1201//1201
f 118//118 1204//1204 226//226
f 1205//1205 839//839 838//838
f 837//837 839//839 854//854
f 831//831 1206//1206 916//916
f 916//916 915//915 831//831
f 922//922 945//945 924//924
f 1207//1207 1208//1208 1209//1209
f 873//873 176//176 1210//1210
f 873//873 1210//1210 1198//1198
f 1211//1211 1212//1212 1155//1155
f 1211//1211 1155//1155 1114//1114
f 980//980 1205//1205 838//838
f 247//247 841//841 1063//1063
f 41//41 836//836 40//40
f 1215//1215 1214//1214 1213//1213
f 1213//1213 1216//1216 1215//1215
f 837//837 1217//1217 1218//1218
f 1219//1219 74//74 919//919
f 919//919 1220//1220 1219//1219
f 89//89 246//246 1051//1051
f 240//240 1217//1217 895//895
f 906//906 1211//1211 1114//1114
f 1018//1018 1017//1017 1175//1175
f 1115//1115 1197//1197 1114//1114
f 1195//1195 1221//1221 873//873
f 1221//1221 1195//1195 1196//1196
f 52//52 1186//1186 917//917
f 1223//1223 1222//1222 184//184
f 1224//1224 1225//1225 1226//1226
f 918//918 917//917 1017//1017
f 133//133 633//633 880//880
f 1186//1186 52//52 228//228
f 1227//1227 1171//1171 1228//1228
f 51//51 171//171 170//170
f 1015//1015 196//196 195//195
f 1229//1229 1201//1201 1202//1202
f 1232//1232 1231//1231 1230//1230
f 1019//1019 1021//1021 1233//1233
f 1222//1222 1234//1234 1235//1235
f 1238//1238 1237//1237 1236//1236
f 1163//1163 1152//1152 1049//1049
f 1163//1163 1049//1049 1239//1239
f 1240//1240 1241//1241 1031//1031
f 1243//1243 849//849 1242//1242
f 791//791 622//622 793//793
f 1244//1244 1148//1148 1149//1149
f 119//119 1204//1204 118//118
f 1247//1247 1246//1246 1245//1245
f 1248//1248 1249//1249 1250//1250
f 1253//1253 1252//1252 1251//1251
f 1256//1256 1255//1255 1254//1254
f 1255//1255 1256//1256 1257//1257
f 110//110 249//249 109//109
f 1259//1259 1068//1068 1258//1258
f 1050//1050 1147//1147 1049//1049
f 1085//1085 1119//1119 1260//1260
f 1085//1085 1260//1260 1086//1086
f 1263//1263 1262//1262 1261//1261
f 912//912 1265//1265 1264//1264
f 1266//1266 1267//1267 1268//1268
f 235//235 1269//1269 236//236
f 47//47 1270//1270 48//48
f 1177//1177 1171//1171 157//157
f 919//919 1271//1271 1220//1220
f 70//70 1273//1273 1272//1272
f 1266//1266 1172//1172 1173//1173
f 1268//1268 1172//1172 1266//1266
f 1248//1248 1250//1250 1274//1274
f 1275//1275 1246//1246 1276//1276
f 1278//1278 900//900 1277//1277
f 1281//1281 1280//1280 1279//1279
f 1283//1283 1282//1282 1054//1054
f 1284//1284 1285//1285 47//47
f 1287//1287 1286//1286 1270//1270
f 1179//1179 1288//1288 1249//1249
f 1290//1290 1287//1287 1289//1289
f 1289//1289 1225//1225 1290//1290
f 1292//1292 1291//1291 1274//1274
f 46//46 1284//1284 47//47
f 1293//1293 1286//1286 1267//1267
f 48//48 1294//1294 46//46
f 1295//1295 1231//1231 1060//1060
f 236//236 1297//1297 1296//1296
f 1298//1298 1299//1299 1300//1300
f 1301//1301 1071//1071 1062//1062
f 1184//1184 1185//1185 1302//1302
f 868//868 1199//1199 1030//1030
f 1304//1304 1226//1226 1303//1303
f 1226//1226 1304//1304 1224//1224
f 1253//1253 1251//1251 1249//1249
f 1249//1249 1251//1251 1250//1250
f 1304//1304 1305//1305 1224//1224
f 1199//1199 1306//1306 1030//1030
f 830//830 1306//1306 1199//1199
f 913//913 1307//1307 903//903
f 903//903 1307//1307 905//905
f 1310//1310 1309//1309 1308//1308
f 1311//1311 1305//1305 1304//1304
f 1314//1314 1313//1313 1312//1312
f 1210//1210 1219//1219 1033//1033
f 1315//1315 1104//1104 1316//1316
f 1311//1311 1303//1303 1317//1317
f 1269//1269 235//235 910//910
f 1320//1320 1319//1319 1318//1318
f 169//169 121//121 138//138
f 1304//1304 1303//1303 1311//1311
f 1201//1201 1322//1322 1321//1321
f 1321//1321 1203//1203 1201//1201
f 1183//1183 1323//1323 1324//1324
f 261//261 1326//1326 1325//1325
f 1183//1183 1305//1305 1311//1311
f 1185//1185 1183//1183 115//115
f 1311//1311 115//115 1183//1183
f 1327//1327 1328//1328 347//347
f 1329//1329 1094//1094 1330//1330
f 110//110 185//185 249//249
f 1331//1331 1101//1101 1053//1053
f 1226//1226 1291//1291 1303//1303
f 1332//1332 1285//1285 1284//1284
f 1171//1171 158//158 157//157
f 166//166 167//167 1098//1098
f 1333//1333 1334//1334 1300//1300
f 1258//1258 1253//1253 1288//1288
f 1288//1288 1259//1259 1258//1258
f 1336//1336 1329//1329 1335//1335
f 1103//1103 1336//1336 1335//1335
f 1270//1270 1285//1285 1289//1289
f 1339//1339 1338//1338 1337//1337
f 1228//1228 863//863 1340//1340
f 1341//1341 1312//1312 1342//1342
f 1019//1019 1344//1344 1343//1343
f 1289//1289 1285//1285 1345//1345
f 1346//1346 1347//1347 1148//1148
f 1348//1348 199//199 200//200
f 1183//1183 1324//1324 1305//1305
f 1349//1349 156//156 1094//1094
f 1350//1350 666//666 667//667
f 1352//1352 1351//1351 1201//1201
f 1101//1101 1100//1100 1053//1053
f 1354//1354 1353//1353 192//192
f 1356//1356 117//117 1355//1355
f 1102//1102 1097//1097 1099//1099
f 1346//1346 1357//1357 1283//1283
f 1358//1358 1359//1359 1360//1360
f 71//71 1362//1362 1361//1361
f 1363//1363 71//71 1361//1361
f 1301//1301 1062//1062 841//841
f 1070//1070 1131//1131 1132//1132
f 1063//1063 1131//1131 1070//1070
f 1097//1097 1353//1353 1364//1364
f 1071//1071 1365//1365 1018//1018
f 1016//1016 1365//1365 1366//1366
f 1018//1018 1365//1365 1016//1016
f 192//192 1102//1102 194//194
f 1272//1272 1273//1273 167//167
f 1071//1071 1367//1367 1365//1365
f 1071//1071 1301//1301 1367//1367
f 1365//1365 1367//1367 1368//1368
f 1371//1371 1370//1370 1369//1369
f 142//142 1095//1095 1103//1103
f 142//142 1103//1103 1335//1335
f 1214//1214 1066//1066 1213//1213
f 1331//1331 1053//1053 1052//1052
f 1065//1065 1067//1067 1169//1169
f 1372//1372 90//90 88//88
f 6//6 1373//1373 164//164
f 1375//1375 1374//1374 1244//1244
f 1160//1160 1161//1161 88//88
f 1155//1155 150//150 1082//1082
f 983//983 1377//1377 1376//1376
f 1378//1378 154//154 1134//1134
f 153//153 154//154 1378//1378
f 1379//1379 1380//1380 1381//1381
f 1383//1383 1368//1368 1382//1382
f 193//193 1383//1383 1382//1382
f 1147//1147 1347//1347 1239//1239
f 1024//1024 1023//1023 1187//1187
f 1170//1170 1094//1094 158//158
f 1330//1330 1094//1094 1170//1170
f 1346//1346 1148//1148 1357//1357
f 1158//1158 1384//1384 1385//1385
f 415//415 470//470 416//416
f 1388//1388 1387//1387 1386//1386
f 1389//1389 1390//1390 1391//1391
f 1391//1391 1392//1392 1389//1389
f 1394//1394 1381//1381 1393//1393
f 1052//1052 1282//1282 1395//1395
f 1395//1395 1396//1396 1052//1052
f 1331//1331 194//194 1101//1101
f 212//212 1397//1397 1398//1398
f 1395//1395 1399//1399 1396//1396
f 1400//1400 1171//1171 1401//1401
f 140//140 142//142 1335//1335
f 1141//1141 140//140 1335//1335
f 1402//1402 1170//1170 1227//1227
f 1315//1315 1314//1314 1312//1312
f 1239//1239 1347//1347 1403//1403
f 1339//1339 1337//1337 1054//1054
f 1227//1227 1170//1170 1171//1171
f 1404//1404 1309//1309 1405//1405
f 1283//1283 1357//1357 1406//1406
f 109//109 46//46 108//108
f 384//384 1399//1399 1407//1407
f 1407//1407 1395//1395 1406//1406
f 1408//1408 1407//1407 1357//1357
f 1357//1357 1407//1407 1406//1406
f 197//197 125//125 1409//1409
f 1409//1409 195//195 197//197
f 383//383 385//385 1410//1410
f 1181//1181 1411//1411 1180//1180
f 124//124 1413//1413 1412//1412
f 139//139 1414//1414 383//383
f 140//140 1415//1415 141//141
f 1415//1415 140//140 1142//1142
f 1142//1142 140//140 1141//1141
f 1401//1401 1171//1171 1177//1177
f 1076//1076 1017//1017 1016//1016
f 1416//1416 831//831 915//915
f 861//861 1076//1076 862//862
f 4//4 6//6 1417//1417
f 1418//1418 1188//1188 1046//1046
f 1262//1262 1419//1419 1261//1261
f 139//139 121//121 1420//1420
f 139//139 1421//1421 1415//1415
f 1420//1420 1421//1421 139//139
f 1423//1423 1374//1374 1422//1422
f 139//139 1415//1415 1414//1414
f 1422//1422 1375//1375 1390//1390
f 1422//1422 1374//1374 1375//1375
f 1417//1417 6//6 1424//1424
f 1426//1426 1380//1380 1425//1425
f 1245//1245 1246//1246 1275//1275
f 188//188 1428//1428 1427//1427
f 1427//1427 1424//1424 188//188
f 1388//1388 1429//1429 1387//1387
f 123//123 122//122 1430//1430
f 1431//1431 943//943 1388//1388
f 1432//1432 1433//1433 1434//1434
f 910//910 235//235 1172//1172
f 1433//1433 1436//1436 1435//1435
f 1377//1377 1438//1438 1437//1437
f 1438//1438 1439//1439 1437//1437
f 198//198 1432//1432 1440//1440
f 1440//1440 200//200 198//198
f 1359//1359 1442//1442 1441//1441
f 941//941 1443//1443 942//942
f 1437//1437 1439//1439 1440//1440
f 1446//1446 1445//1445 1444//1444
f 1300//1300 1299//1299 1447//1447
f 6//6 188//188 1424//1424
f 1449//1449 1419//1419 1448//1448
f 1451//1451 1450//1450 1069//1069
f 198//198 1433//1433 1432//1432
f 1377//1377 1434//1434 1433//1433
f 1453//1453 178//178 1452//1452
f 1388//1388 1386//1386 1433//1433
f 1454//1454 1455//1455 1456//1456
f 1459//1459 1458//1458 1457//1457
f 1460//1460 1461//1461 1462//1462
f 1463//1463 1464//1464 1465//1465
f 1462//1462 1433//1433 1386//1386
f 1461//1461 1466//1466 1462//1462
f 1467//1467 1468//1468 1469//1469
f 1438//1438 1470//1470 1439//1439
f 5//5 1430//1430 1373//1373
f 197//197 1471//1471 1472//1472
f 1348//1348 1426//1426 1473//1473
f 1474//1474 1475//1475 175//175
f 1462//1462 1466//1466 1433//1433
f 951//951 98//98 903//903
f 1478//1478 1477//1477 1476//1476
f 1479//1479 204//204 203//203
f 1480//1480 1376//1376 1478//1478
f 1481//1481 1482//1482 1483//1483
f 1444//1444 1473//1473 1426//1426
f 345//345 1369//1369 1370//1370
f 1327//1327 984//984 1328//1328
f 1484//1484 1485//1485 1466//1466
f 869//869 924//924 945//945
f 492//492 924//924 869//869
f 1357//1357 1148//1148 1244//1244
f 1086//1086 1260//1260 1007//1007
f 89//89 1486//1486 246//246
f 168//168 1486//1486 89//89
f 1013//1013 1418//1418 1046//1046
f 908//908 1047//1047 1046//1046
f 907//907 1047//1047 908//908
f 1489//1489 1488//1488 1487//1487
f 1427//1427 940//940 1424//1424
f 136//136 138//138 1410//1410
f 1439//1439 200//200 1440//1440
f 1420//1420 1491//1491 1490//1490
f 1490//1490 1492//1492 1420//1420
f 163//163 1494//1494 1493//1493
f 1495//1495 1455//1455 1454//1454
f 1496//1496 1354//1354 193//193
f 1461//1461 1460//1460 1497//1497
f 697//697 696//696 1498//1498
f 1499//1499 1207//1207 1500//1500
f 1501//1501 1502//1502 1481//1481
f 1222//1222 1223//1223 1411//1411
f 1181//1181 1222//1222 1411//1411
f 1446//1446 1444//1444 1388//1388
f 1503//1503 1504//1504 1505//1505
f 1506//1506 1507//1507 1508//1508
f 1466//1466 1461//1461 1484//1484
f 1501//1501 1328//1328 984//984
f 1509//1509 1469//1469 1468//1468
f 1510//1510 1511//1511 1512//1512
f 236//236 1296//1296 1472//1472
f 1513//1513 1276//1276 1514//1514
f 984//984 983//983 1501//1501
f 1515//1515 1324//1324 1323//1323
f 1512//1512 1511//1511 1516//1516
f 1519//1519 1518//1518 1517//1517
f 1522//1522 1521//1521 1520//1520
f 1369//1369 1508//1508 1523//1523
f 1369//1369 1523//1523 1470//1470
f 1524//1524 1525//1525 1526//1526
f 234//234 1172//1172 235//235
f 1216//1216 1527//1527 1215//1215
f 1011//1011 987//987 1040//1040
f 153//153 963//963 944//944
f 1528//1528 1529//1529 1530//1530
f 962//962 1527//1527 899//899
f 964//964 1527//1527 962//962
f 1531//1531 1532//1532 1144//1144
f 903//903 904//904 958//958
f 1392//1392 165//165 163//163
f 163//163 1493//1493 1392//1392
f 911//911 912//912 1092//1092
f 1323//1323 1441//1441 1515//1515
f 1388//1388 1444//1444 1533//1533
f 1515//1515 1535//1535 1534//1534
f 1534//1534 1290//1290 1515//1515
f 123//123 1393//1393 1536//1536
f 123//123 1536//1536 1420//1420
f 1537//1537 1538//1538 1539//1539
f 5//5 4//4 1540//1540
f 1542//1542 889//889 1541//1541
f 899//899 1527//1527 1216//1216
f 1216//1216 898//898 899//899
f 1211//1211 1188//1188 1212//1212
f 1368//1368 1543//1543 1340//1340
f 1194//1194 918//918 1544//1544
f 1261//1261 1545//1545 1263//1263
f 1294//1294 1293//1293 1153//1153
f 136//136 1494//1494 1546//1546
f 109//109 1284//1284 46//46
f 1547//1547 1548//1548 1549//1549
f 1324//1324 1515//1515 1290//1290
f 1311//1311 1317//1317 1550//1550
f 1311//1311 1550//1550 115//115
f 1550//1550 1351//1351 115//115
f 1332//1332 1274//1274 1285//1285
f 1345//1345 1285//1285 1274//1274
f 1551//1551 1172//1172 1268//1268
f 1552//1552 1154//1154 236//236
f 1553//1553 1397//1397 212//212
f 1472//1472 1296//1296 197//197
f 197//197 1189//1189 125//125
f 1442//1442 1078//1078 1554//1554
f 194//194 1415//1415 193//193
f 1153//1153 1555//1555 236//236
f 1541//1541 889//889 1556//1556
f 156//156 1178//1178 157//157
f 1444//1444 1425//1425 1533//1533
f 910//910 911//911 1310//1310
f 1286//1286 48//48 1270//1270
f 1471//1471 197//197 196//196
f 45//45 587//587 630//630
f 1558//1558 1557//1557 1404//1404
f 1442//1442 1554//1554 1441//1441
f 1154//1154 1015//1015 1559//1559
f 183//183 185//185 1559//1559
f 47//47 1285//1285 1270//1270
f 1560//1560 1561//1561 1299//1299
f 1562//1562 1284//1284 109//109
f 1562//1562 109//109 1563//1563
f 1293//1293 1555//1555 1153//1153
f 1267//1267 1555//1555 1293//1293
f 1566//1566 1565//1565 1564//1564
f 1015//1015 1552//1552 196//196
f 1535//1535 1554//1554 1264//1264
f 1015//1015 1154//1154 1552//1552
f 1555//1555 1267//1267 1266//1266
f 1180//1180 1288//1288 1179//1179
f 1568//1568 1209//1209 1567//1567
f 1222//1222 1181//1181 1234//1234
f 1351//1351 1322//1322 1201//1201
f 1189//1189 1549//1549 124//124
f 183//183 1559//1559 1015//1015
f 1317//1317 1569//1569 1499//1499
f 1569//1569 1208//1208 1499//1499
f 1570//1570 1167//1167 1185//1185
f 1020//1020 1019//1019 1343//1343
f 1020//1020 1177//1177 1178//1178
f 1177//1177 1020//1020 1343//1343
f 1208//1208 1571//1571 1209//1209
f 1297//1297 1572//1572 1573//1573
f 1576//1576 1575//1575 1574//1574
f 185//185 110//110 1559//1559
f 1559//1559 110//110 108//108
f 1286//1286 1577//1577 1267//1267
f 1449//1449 1448//1448 1539//1539
f 1405//1405 1309//1309 1578//1578
f 1092//1092 912//912 1264//1264
f 1551//1551 1265//1265 912//912
f 1079//1079 1078//1078 1442//1442
f 1551//1551 912//912 910//910
f 1551//1551 910//910 1172//1172
f 1358//1358 1442//1442 1359//1359
f 1269//1269 1310//1310 1557//1557
f 824//824 1575//1575 1579//1579
f 1582//1582 1581//1581 1580//1580
f 1557//1557 1310//1310 1308//1308
f 911//911 173//173 1310//1310
f 250//250 1092//1092 1078//1078
f 1513//1513 1275//1275 1276//1276
f 236//236 1266//1266 1173//1173
f 1308//1308 1404//1404 1557//1557
f 174//174 1474//1474 175//175
f 1474//1474 174//174 1079//1079
f 1583//1583 1584//1584 1585//1585
f 1309//1309 1310//1310 1578//1578
f 1586//1586 1499//1499 1500//1500
f 1587//1587 1588//1588 1589//1589
f 1303//1303 1569//1569 1317//1317
f 1590//1590 1341//1341 1342//1342
f 1534//1534 1535//1535 1265//1265
f 1544//1544 861//861 1344//1344
f 1221//1221 828//828 873//873
f 1270//1270 1289//1289 1287//1287
f 1268//1268 1267//1267 1577//1577
f 883//883 884//884 241//241
f 241//241 885//885 883//883
f 1450//1450 1591//1591 1592//1592
f 109//109 1235//1235 1563//1563
f 173//173 1405//1405 1578//1578
f 173//173 1578//1578 1310//1310
f 1535//1535 1264//1264 1265//1265
f 1515//1515 1441//1441 1535//1535
f 1593//1593 1594//1594 221//221
f 126//126 124//124 1412//1412
f 212//212 1595//1595 213//213
f 1547//1547 1573//1573 1572//1572
f 1412//1412 1238//1238 1596//1596
f 1236//1236 1596//1596 1238//1238
f 1598//1598 1597//1597 1237//1237
f 1557//1557 1599//1599 1269//1269
f 1600//1600 1599//1599 1557//1557
f 1599//1599 236//236 1269//1269
f 1409//1409 125//125 1601//1601
f 1602//1602 1595//1595 125//125
f 1603//1603 1604//1604 1605//1605
f 1608//1608 1607//1607 1606//1606
f 1079//1079 1442//1442 1358//1358
f 854//854 839//839 1205//1205
f 1603//1603 1605//1605 1609//1609
f 1612//1612 1611//1611 1610//1610
f 1613//1613 1614//1614 1584//1584
f 213//213 1615//1615 214//214
f 1618//1618 1617//1617 1616//1616
f 1601//1601 1611//1611 1619//1619
f 123//123 1420//1420 121//121
f 221//221 223//223 1593//1593
f 214//214 1553//1553 212//212
f 211//211 1620//1620 209//209
f 1058//1058 1621//1621 1622//1622
f 1604//1604 1603//1603 1623//1623
f 210//210 209//209 1624//1624
f 1624//1624 209//209 1280//1280
f 290//290 1579//1579 1625//1625
f 1451//1451 1591//1591 1450//1450
f 668//668 1626//1626 640//640
f 213//213 1595//1595 1627//1627
f 1628//1628 1629//1629 1576//1576
f 1628//1628 1576//1576 1630//1630
f 1622//1622 1631//1631 1058//1058
f 1632//1632 1633//1633 1634//1634
f 1240//1240 1271//1271 919//919
f 1635//1635 1636//1636 1637//1637
f 851//851 853//853 847//847
f 226//226 1204//1204 817//817
f 1633//1633 1639//1639 1638//1638
f 1640//1640 1633//1633 1638//1638
f 1641//1641 222//222 1620//1620
f 1280//1280 222//222 221//221
f 1638//1638 1643//1643 1642//1642
f 209//209 222//222 1280//1280
f 1620//1620 222//222 209//209
f 1644//1644 642//642 623//623
f 2//2 1//1 1645//1645
f 1611//1611 1591//1591 1646//1646
f 1647//1647 1091//1091 765//765
f 967//967 1084//1084 1026//1026
f 888//888 120//120 1648//1648
f 211//211 1254//1254 1255//1255
f 1638//1638 1642//1642 1649//1649
f 1272//1272 1091//1091 1647//1647
f 1583//1583 120//120 1542//1542
f 1650//1650 1651//1651 1652//1652
f 893//893 32//32 31//31
f 250//250 1078//1078 174//174
f 1653//1653 1541//1541 1556//1556
f 1612//1612 1610//1610 1643//1643
f 1654//1654 1655//1655 1612//1612
f 1654//1654 1612//1612 1656//1656
f 1234//1234 1563//1563 1235//1235
f 1450//1450 1295//1295 1069//1069
f 1074//1074 1372//1372 1161//1161
f 88//88 1161//1161 1372//1372
f 1638//1638 1657//1657 1640//1640
f 1649//1649 1657//1657 1638//1638
f 1655//1655 1592//1592 1591//1591
f 1114//1114 1155//1155 1081//1081
f 1082//1082 1081//1081 1155//1155
f 449//449 450//450 1658//1658
f 210//210 1649//1649 1642//1642
f 852//852 885//885 895//895
f 1654//1654 1656//1656 1639//1639
f 1153//1153 108//108 1294//1294
f 1325//1325 1575//1575 824//824
f 1641//1641 1398//1398 1659//1659
f 210//210 1657//1657 1649//1649
f 1281//1281 1657//1657 1624//1624
f 1617//1617 1598//1598 1237//1237
f 1558//1558 1617//1617 1237//1237
f 1398//1398 1660//1660 1659//1659
f 210//210 1642//1642 1254//1254
f 1222//1222 1235//1235 184//184
f 1235//1235 109//109 249//249
f 184//184 1235//1235 249//249
f 1325//1325 1589//1589 1661//1661
f 1567//1567 1209//1209 1571//1571
f 1662//1662 878//878 1663//1663
f 1207//1207 1209//1209 1664//1664
f 1500//1500 1587//1587 1586//1586
f 1587//1587 1500//1500 1588//1588
f 1250//1250 1292//1292 1274//1274
f 941//941 943//943 1665//1665
f 1662//1662 728//728 878//878
f 850//850 1651//1651 1650//1650
f 1667//1667 1666//1666 1587//1587
f 1587//1587 1666//1666 1586//1586
f 1567//1567 1571//1571 1251//1251
f 1251//1251 1571//1571 1292//1292
f 1664//1664 1668//1668 1588//1588
f 1250//1250 1251//1251 1292//1292
f 1185//1185 1167//1167 1302//1302
f 1669//1669 1229//1229 1020//1020
f 1021//1021 1020//1020 1229//1229
f 1178//1178 1669//1669 1020//1020
f 1205//1205 823//823 821//821
f 821//821 854//854 1205//1205
f 1499//1499 1321//1321 1322//1322
f 1288//1288 1253//1253 1249//1249
f 1325//1325 1326//1326 1589//1589
f 856//856 292//292 1670//1670
f 1671//1671 1167//1167 1570//1570
f 261//261 262//262 1652//1652
f 261//261 1652//1652 1326//1326
f 1574//1574 1672//1672 1230//1230
f 1650//1650 979//979 1673//1673
f 1673//1673 979//979 980//980
f 1325//1325 1661//1661 1672//1672
f 27//27 639//639 127//127
f 127//127 25//25 27//27
f 636//636 207//207 641//641
f 1674//1674 636//636 641//641
f 1675//1675 1609//1609 1605//1605
f 1676//1676 1021//1021 1229//1229
f 878//878 1677//1677 1663//1663
f 242//242 241//241 1678//1678
f 241//241 240//240 895//895
f 1205//1205 980//980 823//823
f 1679//1679 29//29 22//22
f 646//646 1680//1680 583//583
f 1681//1681 1682//1682 1683//1683
f 41//41 851//851 836//836
f 635//635 263//263 856//856
f 642//642 65//65 23//23
f 22//22 1684//1684 37//37
f 584//584 640//640 585//585
f 240//240 242//242 1200//1200
f 1581//1581 1621//1621 1058//1058
f 1058//1058 1580//1580 1581//1581
f 1366//1366 862//862 1016//1016
f 1202//1202 1685//1685 1676//1676
f 1687//1687 1686//1686 407//407
f 1343//1343 1401//1401 1177//1177
f 233//233 1688//1688 171//171
f 638//638 1689//1689 827//827
f 258//258 78//78 787//787
f 1683//1683 1690//1690 38//38
f 860//860 1688//1688 233//233
f 808//808 1691//1691 820//820
f 1693//1693 1692//1692 266//266
f 1631//1631 1057//1057 1058//1058
f 1580//1580 1058//1058 1056//1056
f 789//789 1694//1694 788//788
f 1697//1697 1696//1696 1695//1695
f 203//203 1526//1526 1479//1479
f 636//636 206//206 207//207
f 1698//1698 1699//1699 1700//1700
f 643//643 51//51 170//170
f 1701//1701 1702//1702 1703//1703
f 37//37 623//623 344//344
f 1704//1704 709//709 775//775
f 1705//1705 30//30 671//671
f 219//219 1706//1706 215//215
f 202//202 219//219 215//215
f 38//38 28//28 1681//1681
f 576//576 1707//1707 1708//1708
f 658//658 1674//1674 641//641
f 1679//1679 218//218 29//29
f 1710//1710 674//674 1709//1709
f 38//38 1681//1681 1683//1683
f 1711//1711 28//28 589//589
f 1712//1712 805//805 218//218
f 1713//1713 14//14 654//654
f 1714//1714 1715//1715 687//687
f 666//666 24//24 23//23
f 1675//1675 1605//1605 1716//1716
f 777//777 1717//1717 807//807
f 1712//1712 1718//1718 804//804
f 894//894 134//134 872//872
f 1719//1719 894//894 797//797
f 134//134 894//894 1719//1719
f 1720//1720 1717//1717 796//796
f 224//224 816//816 808//808
f 858//858 1721//1721 1722//1722
f 394//394 791//791 231//231
f 231//231 791//791 792//792
f 827//827 394//394 128//128
f 827//827 128//128 639//639
f 881//881 780//780 799//799
f 881//881 799//799 1723//1723
f 777//777 796//796 1717//1717
f 1585//1585 1724//1724 1583//1583
f 1725//1725 1726//1726 1727//1727
f 283//283 1728//1728 282//282
f 952//952 931//931 953//953
f 930//930 931//931 952//952
f 805//805 220//220 218//218
f 1524//1524 1729//1729 1525//1525
f 1549//1549 1413//1413 124//124
f 1275//1275 1358//1358 1245//1245
f 1730//1730 1731//1731 947//947
f 1734//1734 1733//1733 1732//1732
f 888//888 1542//1542 120//120
f 889//889 1542//1542 888//888
f 1681//1681 28//28 10//10
f 1675//1675 805//805 806//806
f 1681//1681 12//12 845//845
f 1623//1623 1735//1735 1604//1604
f 1738//1738 1737//1737 1736//1736
f 1513//1513 1514//1514 1474//1474
f 804//804 1718//1718 1698//1698
f 22//22 795//795 1679//1679
f 1735//1735 1623//1623 1739//1739
f 1740//1740 1741//1741 1742//1742
f 1743//1743 1690//1690 1683//1683
f 978//978 1744//1744 660//660
f 570//570 1745//1745 624//624
f 660//660 1744//1744 1746//1746
f 1747//1747 1746//1746 1744//1744
f 278//278 1748//1748 279//279
f 280//280 1732//1732 1749//1749
f 270//270 1751//1751 1750//1750
f 1752//1752 1753//1753 1754//1754
f 1754//1754 1755//1755 1752//1752
f 1758//1758 1757//1757 1756//1756
f 271//271 1751//1751 270//270
f 1761//1761 1760//1760 1759//1759
f 1755//1755 1754//1754 1762//1762
f 751//751 752//752 1763//1763
f 1764//1764 751//751 1763//1763
f 1764//1764 978//978 1765//1765
f 1766//1766 1767//1767 1768//1768
f 1287//1287 1290//1290 1534//1534
f 1309//1309 1404//1404 1308//1308
f 1412//1412 1596//1596 126//126
f 1597//1597 1769//1769 1602//1602
f 1549//1549 1548//1548 1413//1413
f 1757//1757 1758//1758 1770//1770
f 1773//1773 1772//1772 1771//1771
f 1774//1774 1775//1775 1776//1776
f 1761//1761 1777//1777 1760//1760
f 1765//1765 1760//1760 1777//1777
f 1778//1778 1779//1779 1780//1780
f 1783//1783 1782//1782 1781//1781
f 1784//1784 1762//1762 1785//1785
f 1788//1788 1787//1787 1786//1786
f 1790//1790 1789//1789 712//712
f 661//661 662//662 1756//1756
f 1791//1791 1608//1608 1792//1792
f 1318//1318 1545//1545 1261//1261
f 1320//1320 1318//1318 1261//1261
f 1795//1795 1794//1794 1793//1793
f 1798//1798 1797//1797 1796//1796
f 1692//1692 1800//1800 1799//1799
f 1692//1692 1799//1799 1801//1801
f 1802//1802 750//750 1803//1803
f 1806//1806 1805//1805 1804//1804
f 1805//1805 1806//1806 687//687
f 949//949 1807//1807 1740//1740
f 1718//1718 1808//1808 1699//1699
f 750//750 1802//1802 1736//1736
f 1780//1780 1779//1779 1809//1809
f 1797//1797 1773//1773 1810//1810
f 1810//1810 1796//1796 1797//1797
f 1811//1811 1812//1812 1813//1813
f 1788//1788 1813//1813 1812//1812
f 1816//1816 1815//1815 1814//1814
f 1740//1740 1805//1805 688//688
f 1817//1817 1818//1818 1819//1819
f 1605//1605 1820//1820 1821//1821
f 1822//1822 677//677 678//678
f 1823//1823 1824//1824 1825//1825
f 1360//1360 1168//1168 1245//1245
f 1604//1604 1820//1820 1605//1605
f 1318//1318 1826//1826 1827//1827
f 1696//1696 686//686 1715//1715
f 1695//1695 1696//1696 1715//1715
f 1828//1828 297//297 284//284
f 1803//1803 750//750 751//751
f 1830//1830 1736//1736 1829//1829
f 285//285 1831//1831 286//286
f 1832//1832 1833//1833 1834//1834
f 1765//1765 1777//1777 1835//1835
f 1780//1780 1741//1741 1800//1800
f 1836//1836 1737//1737 1738//1738
f 1838//1838 1834//1834 1837//1837
f 1750//1750 269//269 270//270
f 1750//1750 1839//1839 269//269
f 1821//1821 269//269 1839//1839
f 744//744 1830//1830 1840//1840
f 1820//1820 1739//1739 1821//1821
f 1730//1730 1841//1841 1842//1842
f 1843//1843 1844//1844 1845//1845
f 947//947 1846//1846 949//949
f 1847//1847 1804//1804 1805//1805
f 1848//1848 1847//1847 1805//1805
f 1841//1841 1849//1849 1842//1842
f 1842//1842 1849//1849 285//285
f 1779//1779 1763//1763 1850//1850
f 315//315 1851//1851 1852//1852
f 1853//1853 1854//1854 1855//1855
f 1853//1853 1856//1856 1854//1854
f 1857//1857 1858//1858 1859//1859
f 204//204 1860//1860 1861//1861
f 1862//1862 1863//1863 315//315
f 1850//1850 1865//1865 1864//1864
f 265//265 266//266 1866//1866
f 661//661 1765//1765 978//978
f 1867//1867 1475//1475 1474//1474
f 1514//1514 1867//1867 1474//1474
f 1868//1868 1775//1775 1869//1869
f 1871//1871 1810//1810 1870//1870
f 1874//1874 1873//1873 1872//1872
f 537//537 1876//1876 1875//1875
f 1877//1877 321//321 320//320
f 339//339 321//321 1877//1877
f 1798//1798 1772//1772 1797//1797
f 1842//1842 1731//1731 1730//1730
f 1767//1767 297//297 1828//1828
f 1880//1880 1879//1879 1878//1878
f 1881//1881 604//604 1520//1520
f 1884//1884 1883//1883 1882//1882
f 315//315 1842//1842 285//285
f 1885//1885 281//281 747//747
f 1887//1887 1886//1886 608//608
f 1888//1888 1889//1889 319//319
f 526//526 1891//1891 1890//1890
f 1894//1894 1893//1893 1892//1892
f 1895//1895 1893//1893 1894//1894
f 279//279 1896//1896 1617//1617
f 1833//1833 1832//1832 1897//1897
f 1898//1898 1899//1899 1900//1900
f 1903//1903 1902//1902 1901//1901
f 282//282 1728//1728 1904//1904
f 1905//1905 1906//1906 1703//1703
f 1907//1907 1908//1908 1909//1909
f 1910//1910 1911//1911 1912//1912
f 1697//1697 1801//1801 1696//1696
f 1913//1913 1831//1831 1864//1864
f 1831//1831 1913//1913 1914//1914
f 1917//1917 1916//1916 1915//1915
f 1918//1918 1919//1919 1920//1920
f 325//325 1921//1921 309//309
f 1815//1815 743//743 1814//1814
f 1923//1923 1922//1922 310//310
f 1520//1520 1924//1924 1522//1522
f 1925//1925 1926//1926 1927//1927
f 1739//1739 269//269 1821//1821
f 1928//1928 1929//1929 1930//1930
f 1910//1910 1931//1931 1932//1932
f 1933//1933 1822//1822 678//678
f 1755//1755 1934//1934 1752//1752
f 1935//1935 1936//1936 1937//1937
f 1938//1938 1939//1939 1940//1940
f 1896//1896 279//279 1739//1739
f 1896//1896 1739//1739 1623//1623
f 1941//1941 1942//1942 1943//1943
f 1944//1944 1911//1911 1853//1853
f 302//302 1945//1945 1946//1946
f 745//745 743//743 1947//1947
f 1734//1734 1616//1616 1733//1733
f 1756//1756 662//662 271//271
f 660//660 271//271 662//662
f 1948//1948 1949//1949 1950//1950
f 1951//1951 625//625 626//626
f 1954//1954 1953//1953 1952//1952
f 1906//1906 1955//1955 1703//1703
f 1956//1956 1950//1950 1949//1949
f 1957//1957 1958//1958 1959//1959
f 1957//1957 1959//1959 1960//1960
f 1932//1932 1856//1856 1911//1911
f 1912//1912 1911//1911 1944//1944
f 1961//1961 1962//1962 1947//1947
f 608//608 1886//1886 1963//1963
f 1966//1966 1965//1965 1964//1964
f 303//303 1967//1967 1968//1968
f 1949//1949 1945//1945 1969//1969
f 1972//1972 1971//1971 1970//1970
f 1973//1973 1886//1886 1887//1887
f 625//625 1975//1975 1974//1974
f 1974//1974 1976//1976 625//625
f 1977//1977 1636//1636 1978//1978
f 1637//1637 1636//1636 1977//1977
f 1979//1979 1899//1899 1793//1793
f 1980//1980 1981//1981 1982//1982
f 624//624 1794//1794 1963//1963
f 1963//1963 569//569 624//624
f 1983//1983 1819//1819 1818//1818
f 1984//1984 1985//1985 1972//1972
f 1986//1986 1968//1968 1967//1967
f 333//333 1981//1981 1987//1987
f 1702//1702 1701//1701 1968//1968
f 1988//1988 1989//1989 1990//1990
f 1945//1945 1992//1992 1991//1991
f 1637//1637 1977//1977 1993//1993
f 1857//1857 1859//1859 1994//1994
f 1885//1885 747//747 1995//1995
f 1877//1877 746//746 339//339
f 1941//1941 1521//1521 1522//1522
f 1941//1941 1522//1522 340//340
f 603//603 1636//1636 1924//1924
f 320//320 739//739 1996//1996
f 604//604 603//603 1924//1924
f 1924//1924 1520//1520 604//604
f 1635//1635 1996//1996 1924//1924
f 1870//1870 1998//1998 1997//1997
f 1997//1997 1998//1998 1999//1999
f 1635//1635 1924//1924 1636//1636
f 522//522 467//467 466//466
f 602//602 1845//1845 2000//2000
f 2003//2003 2002//2002 2001//2001
f 2004//2004 2005//2005 2006//2006
f 2007//2007 617//617 616//616
f 2008//2008 1891//1891 526//526
f 2009//2009 406//406 60//60
f 1999//1999 1998//1998 2010//2010
f 317//317 319//319 1889//1889
f 2011//2011 2005//2005 1995//1995
f 2014//2014 2013//2013 2012//2012
f 2015//2015 2016//2016 2017//2017
f 1972//1972 1970//1970 2018//2018
f 1902//1902 2020//2020 2019//2019
f 2023//2023 2022//2022 2021//2021
f 2014//2014 2012//2012 1887//1887
f 2014//2014 1887//1887 2016//2016
f 1885//1885 1995//1995 2005//2005
f 2024//2024 606//606 1901//1901
f 2025//2025 2026//2026 2027//2027
f 1901//1901 1795//1795 1793//1793
f 606//606 1795//1795 1901//1901
f 1998//1998 1771//1771 2010//2010
f 2011//2011 1995//1995 2028//2028
f 326//326 327//327 597//597
f 1976//1976 328//328 326//326
f 326//326 625//625 1976//1976
f 2030//2030 525//525 2029//2029
f 1984//1984 2031//2031 2032//2032
f 2034//2034 2033//2033 1974//1974
f 525//525 523//523 2035//2035
f 2036//2036 2037//2037 2038//2038
f 392//392 2039//2039 2040//2040
f 524//524 525//525 2030//2030
f 2043//2043 2042//2042 2041//2041
f 2046//2046 2045//2045 2044//2044
f 734//734 2047//2047 2048//2048
f 2050//2050 2049//2049 1817//1817
f 2030//2030 545//545 2051//2051
f 2051//2051 545//545 2052//2052
f 2053//2053 544//544 543//543
f 393//393 328//328 1976//1976
f 2054//2054 1874//1874 525//525
f 1874//1874 2054//2054 1873//1873
f 2006//2006 1898//1898 1900//1900
f 2057//2057 2056//2056 2055//2055
f 327//327 328//328 393//393
f 304//304 2058//2058 570//570
f 304//304 570//570 568//568
f 1922//1922 675//675 310//310
f 2060//2060 1988//1988 2059//2059
f 314//314 2058//2058 304//304
f 2063//2063 2062//2062 2061//2061
f 545//545 2030//2030 2029//2029
f 2066//2066 2065//2065 2064//2064
f 602//602 1978//1978 603//603
f 2037//2037 2067//2067 2038//2038
f 1980//1980 1987//1987 1981//1981
f 1970//1970 2068//2068 2060//2060
f 612//612 610//610 2069//2069
f 2038//2038 2070//2070 2071//2071
f 1991//1991 1990//1990 2072//2072
f 2073//2073 1975//1975 1951//1951
f 1985//1985 1984//1984 2074//2074
f 2075//2075 2076//2076 2037//2037
f 2037//2037 2036//2036 2075//2075
f 2076//2076 2077//2077 2037//2037
f 2067//2067 2037//2037 2077//2077
f 57//57 55//55 564//564
f 608//608 1795//1795 606//606
f 1795//1795 608//608 1963//1963
f 1794//1794 1795//1795 1963//1963
f 1862//1862 315//315 316//316
f 1951//1951 1975//1975 625//625
f 596//596 626//626 597//597
f 1988//1988 1990//1990 1991//1991
f 2078//2078 1996//1996 1635//1635
f 2016//2016 2015//2015 2014//2014
f 2080//2080 2079//2079 2039//2039
f 2081//2081 2019//2019 2020//2020
f 324//324 2082//2082 325//325
f 2083//2083 392//392 2040//2040
f 2008//2008 2055//2055 1891//1891
f 2077//2077 2076//2076 2083//2083
f 1965//1965 2055//2055 2056//2056
f 2085//2085 2040//2040 2084//2084
f 2086//2086 2085//2085 2084//2084
f 2088//2088 2087//2087 1977//1977
f 1977//1977 2087//2087 1993//1993
f 326//326 597//597 626//626
f 327//327 2083//2083 2076//2076
f 2076//2076 597//597 327//327
f 2083//2083 327//327 392//392
f 2087//2087 392//392 393//393
f 2087//2087 393//393 1993//1993
f 2018//2018 2089//2089 2031//2031
f 1951//1951 626//626 2090//2090
f 2090//2090 2091//2091 1951//1951
f 2039//2039 392//392 2087//2087
f 1921//1921 325//325 2082//2082
f 2092//2092 2089//2089 2018//2018
f 2095//2095 2094//2094 2093//2093
f 1965//1965 1891//1891 2055//2055
f 2039//2039 2084//2084 2040//2040
f 2094//2094 1857//1857 2093//2093
f 2098//2098 2097//2097 2096//2096
f 2084//2084 2099//2099 2086//2086
f 349//349 1528//1528 2100//2100
f 2101//2101 1834//1834 1833//1833
f 2053//2053 2102//2102 544//544
f 544//544 2102//2102 593//593
f 675//675 553//553 554//554
f 1860//1860 1538//1538 1508//1508
f 2105//2105 2104//2104 2103//2103
f 1539//1539 1448//1448 2106//2106
f 2106//2106 1537//1537 1539//1539
f 2107//2107 1958//1958 1814//1814
f 2109//2109 2108//2108 1772//1772
f 2110//2110 539//539 2027//2027
f 2112//2112 1873//1873 2111//2111
f 1994//1994 2093//2093 1857//1857
f 2027//2027 539//539 2025//2025
f 2113//2113 2031//2031 2089//2089
f 1880//1880 1878//1878 2114//2114
f 1792//1792 1606//1606 2115//2115
f 2064//2064 2065//2065 2116//2116
f 2111//2111 1879//1879 1880//1880
f 1961//1961 2117//2117 1962//1962
f 1859//1859 1858//1858 2118//2118
f 1881//1881 1520//1520 2119//2119
f 1878//1878 1879//1879 1844//1844
f 2000//2000 1879//1879 2111//2111
f 281//281 2004//2004 283//283
f 2004//2004 281//281 1885//1885
f 1923//1923 1926//1926 1925//1925
f 554//554 552//552 2120//2120
f 1606//1606 1792//1792 1608//1608
f 1791//1791 1859//1859 1608//1608
f 1859//1859 1791//1791 1994//1994
f 2122//2122 2121//2121 310//310
f 1606//1606 2121//2121 2122//2122
f 2123//2123 2124//2124 2125//2125
f 2126//2126 2127//2127 1927//1927
f 2078//2078 320//320 1996//1996
f 2128//2128 2129//2129 2130//2130
f 2052//2052 2132//2132 2131//2131
f 2135//2135 2134//2134 2133//2133
f 2136//2136 2137//2137 2123//2123
f 2138//2138 2139//2139 1530//1530
f 982//982 345//345 1370//1370
f 554//554 2120//2120 2140//2140
f 343//343 2140//2140 2141//2141
f 2144//2144 2143//2143 2142//2142
f 2133//2133 2145//2145 2135//2135
f 1881//1881 1843//1843 1845//1845
f 541//541 542//542 2146//2146
f 342//342 357//357 359//359
f 2149//2149 2148//2148 2147//2147
f 2152//2152 2151//2151 2150//2150
f 2133//2133 2134//2134 2120//2120
f 2142//2142 2143//2143 427//427
f 675//675 2153//2153 553//553
f 2154//2154 411//411 367//367
f 552//552 553//553 2155//2155
f 1915//1915 2156//2156 2157//2157
f 341//341 342//342 359//359
f 309//309 341//341 359//359
f 18//18 2158//2158 2159//2159
f 113//113 410//410 111//111
f 2153//2153 675//675 1922//1922
f 2053//2053 2160//2160 2082//2082
f 2129//2129 2127//2127 2161//2161
f 410//410 113//113 395//395
f 1247//1247 1245//1245 2162//2162
f 675//675 554//554 308//308
f 324//324 323//323 2102//2102
f 2102//2102 2053//2053 324//324
f 438//438 437//437 2163//2163
f 2133//2133 2155//2155 2145//2145
f 2164//2164 2120//2120 2134//2134
f 2167//2167 2166//2166 2165//2165
f 1518//1518 2168//2168 1517//1517
f 2169//2169 2170//2170 2171//2171
f 554//554 2140//2140 308//308
f 2172//2172 2173//2173 2174//2174
f 2144//2144 2176//2176 2175//2175
f 2179//2179 2178//2178 2177//2177
f 2182//2182 2181//2181 2180//2180
f 2114//2114 1878//1878 2183//2183
f 2184//2184 2185//2185 2186//2186
f 1965//1965 2056//2056 58//58
f 1489//1489 2100//2100 1488//1488
f 2176//2176 2144//2144 2142//2142
f 2124//2124 2187//2187 2125//2125
f 2188//2188 2130//2130 2124//2124
f 2189//2189 2190//2190 453//453
f 2192//2192 423//423 2191//2191
f 1380//1380 1426//1426 1348//1348
f 2194//2194 112//112 2193//2193
f 531//531 445//445 446//446
f 2187//2187 2130//2130 2129//2129
f 436//436 2195//2195 437//437
f 437//437 2195//2195 2196//2196
f 369//369 381//381 370//370
f 2198//2198 2197//2197 2159//2159
f 396//396 2180//2180 2181//2181
f 2200//2200 2158//2158 2199//2199
f 112//112 311//311 2149//2149
f 502//502 410//410 395//395
f 2175//2175 2201//2201 2144//2144
f 2202//2202 403//403 2203//2203
f 2206//2206 2205//2205 2204//2204
f 2207//2207 1519//1519 1517//1517
f 2202//2202 2158//2158 18//18
f 444//444 443//443 2208//2208
f 2209//2209 1518//1518 494//494
f 2171//2171 494//494 2169//2169
f 160//160 2169//2169 494//494
f 1455//1455 1484//1484 1456//1456
f 376//376 377//377 2210//2210
f 2209//2209 2168//2168 1518//1518
f 2211//2211 1482//1482 1502//1502
f 2171//2171 2212//2212 2209//2209
f 2213//2213 287//287 288//288
f 2214//2214 494//494 1518//1518
f 2217//2217 2216//2216 2215//2215
f 2218//2218 2219//2219 2220//2220
f 2175//2175 2176//2176 2191//2191
f 2175//2175 2191//2191 423//423
f 1954//1954 1952//1952 442//442
f 2166//2166 2182//2182 2221//2221
f 2222//2222 1458//1458 366//366
f 358//358 397//397 2223//2223
f 287//287 2224//2224 2225//2225
f 2226//2226 2137//2137 2136//2136
f 2148//2148 2192//2192 2227//2227
f 2136//2136 2228//2228 288//288
f 2226//2226 2136//2136 288//288
f 2231//2231 2230//2230 2229//2229
f 288//288 2228//2228 2213//2213
f 2232//2232 2233//2233 2234//2234
f 2169//2169 2235//2235 2170//2170
f 2171//2171 2236//2236 2212//2212
f 1508//1508 346//346 2237//2237
f 2237//2237 346//346 1483//1483
f 346//346 1369//1369 345//345
f 436//436 2238//2238 2195//2195
f 2236//2236 2171//2171 2170//2170
f 2239//2239 389//389 2240//2240
f 2224//2224 2241//2241 2225//2225
f 453//453 454//454 2189//2189
f 1529//1529 2242//2242 1530//1530
f 2242//2242 1529//1529 2243//2243
f 2209//2209 494//494 2171//2171
f 2168//2168 2209//2209 2165//2165
f 2244//2244 2245//2245 2246//2246
f 2249//2249 2248//2248 2247//2247
f 2165//2165 2166//2166 2168//2168
f 2250//2250 2168//2168 2166//2166
f 2236//2236 2251//2251 2212//2212
f 2250//2250 1517//1517 2168//2168
f 2254//2254 2253//2253 2252//2252
f 2255//2255 2256//2256 2257//2257
f 351//351 2258//2258 1507//1507
f 1861//1861 2259//2259 204//204
f 2261//2261 2135//2135 2260//2260
f 1519//1519 2262//2262 329//329
f 2264//2264 2263//2263 2154//2154
f 2224//2224 2213//2213 2265//2265
f 161//161 2266//2266 159//159
f 1510//1510 1512//1512 2267//2267
f 2268//2268 1467//1467 2269//2269
f 351//351 1507//1507 407//407
f 407//407 353//353 351//351
f 2270//2270 1687//1687 1507//1507
f 2271//2271 1687//1687 2270//2270
f 160//160 159//159 1516//1516
f 2170//2170 2235//2235 2272//2272
f 408//408 407//407 1686//1686
f 2265//2265 2274//2274 2273//2273
f 2273//2273 2224//2224 2265//2265
f 2273//2273 2262//2262 2207//2207
f 2275//2275 1371//1371 1470//1470
f 1438//1438 2275//2275 1470//1470
f 161//161 330//330 331//331
f 331//331 2266//2266 161//161
f 2276//2276 1530//1530 2242//2242
f 2279//2279 2278//2278 2277//2277
f 2190//2190 2280//2280 2281//2281
f 2189//2189 2282//2282 2190//2190
f 2283//2283 2282//2282 2189//2189
f 2235//2235 1511//1511 2284//2284
f 2283//2283 1511//1511 1510//1510
f 408//408 2282//2282 353//353
f 2222//2222 2285//2285 1458//1458
f 1861//1861 2228//2228 2259//2259
f 370//370 381//381 360//360
f 353//353 1510//1510 352//352
f 1476//1476 1495//1495 2286//2286
f 2288//2288 1454//1454 2287//2287
f 1476//1476 1376//1376 1480//1480
f 2185//2185 2289//2289 2142//2142
f 2290//2290 2291//2291 382//382
f 2292//2292 16//16 17//17
f 983//983 1376//1376 1502//1502
f 1477//1477 1478//1478 1484//1484
f 1461//1461 1456//1456 1484//1484
f 2210//2210 377//377 2177//2177
f 1860//1860 1479//1479 1538//1538
f 1860//1860 204//204 1479//1479
f 2293//2293 2294//2294 2295//2295
f 390//390 2239//2239 2296//2296
f 2298//2298 2217//2217 2297//2297
f 2299//2299 2288//2288 1509//1509
f 2300//2300 2288//2288 2299//2299
f 2269//2269 1452//1452 2211//2211
f 488//488 489//489 2301//2301
f 2304//2304 2303//2303 2302//2302
f 465//465 356//356 2245//2245
f 2306//2306 2264//2264 2305//2305
f 2307//2307 2288//2288 2287//2287
f 2304//2304 2308//2308 2303//2303
f 2309//2309 2216//2216 2298//2298
f 2298//2298 2216//2216 2217//2217
f 2222//2222 411//411 2285//2285
f 2312//2312 2311//2311 2310//2310
f 2312//2312 2313//2313 2311//2311
f 2316//2316 2315//2315 2314//2314
f 1452//1452 2269//2269 1453//1453
f 366//366 367//367 2222//2222
f 2297//2297 1469//1469 1509//1509
f 2307//2307 2302//2302 2317//2317
f 2297//2297 2288//2288 2317//2317
f 2307//2307 2317//2317 2288//2288
f 2317//2317 2302//2302 2318//2318
f 2318//2318 2319//2319 2320//2320
f 2321//2321 2201//2201 2175//2175
f 2322//2322 533//533 532//532
f 532//532 2306//2306 2322//2322
f 2100//2100 348//348 349//349
f 2306//2306 2263//2263 2264//2264
f 2322//2322 2323//2323 2324//2324
f 1459//1459 1457//1457 2216//2216
f 178//178 2215//2215 177//177
f 1453//1453 2215//2215 178//178
f 2325//2325 2227//2227 2192//2192
f 2326//2326 2227//2227 2325//2325
f 2327//2327 382//382 369//369
f 2329//2329 2328//2328 368//368
f 369//369 349//349 350//350
f 371//371 349//349 369//369
f 1489//1489 2285//2285 2100//2100
f 2284//2284 1511//1511 2283//2283
f 2283//2283 2189//2189 2284//2284
f 2165//2165 2330//2330 2167//2167
f 2331//2331 2226//2226 289//289
f 2213//2213 2228//2228 2265//2265
f 2213//2213 2224//2224 287//287
f 2129//2129 2332//2332 2187//2187
f 1457//1457 179//179 177//177
f 1458//1458 179//179 1457//1457
f 372//372 2333//2333 374//374
f 2334//2334 1467//1467 1469//1469
f 1469//1469 2297//2297 2334//2334
f 2242//2242 2335//2335 2276//2276
f 368//368 2264//2264 367//367
f 2336//2336 2337//2337 533//533
f 531//531 533//533 2337//2337
f 2216//2216 1457//1457 177//177
f 2220//2220 2219//2219 2338//2338
f 361//361 2340//2340 2339//2339
f 2216//2216 2329//2329 1459//1459
f 348//348 2100//2100 2285//2285
f 2263//2263 2306//2306 2290//2290
f 2296//2296 2341//2341 390//390
f 2342//2342 615//615 614//614
f 2343//2343 541//541 2344//2344
f 2345//2345 2277//2277 2346//2346
f 2347//2347 2346//2346 2277//2277
f 2180//2180 396//396 2348//2348
f 2349//2349 2180//2180 2348//2348
f 2276//2276 2335//2335 2314//2314
f 479//479 480//480 2350//2350
f 2351//2351 1125//1125 1127//1127
f 2352//2352 2353//2353 2354//2354
f 2356//2356 2355//2355 2276//2276
f 2357//2357 2358//2358 513//513
f 2357//2357 513//513 2359//2359
f 2360//2360 2341//2341 2296//2296
f 389//389 2361//2361 2240//2240
f 2364//2364 2363//2363 2362//2362
f 376//376 2210//2210 2365//2365
f 2365//2365 2366//2366 2367//2367
f 2368//2368 2369//2369 2370//2370
f 2347//2347 2277//2277 2278//2278
f 2278//2278 2371//2371 2347//2347
f 2371//2371 2278//2278 373//373
f 373//373 374//374 2371//2371
f 375//375 447//447 2372//2372
f 2373//2373 2367//2367 2374//2374
f 458//458 460//460 2281//2281
f 2034//2034 2024//2024 2033//2033
f 2375//2375 2346//2346 2347//2347
f 2376//2376 2377//2377 2378//2378
f 2379//2379 355//355 465//465
f 2380//2380 2381//2381 2382//2382
f 2243//2243 370//370 360//360
f 2383//2383 2346//2346 2218//2218
f 2375//2375 2384//2384 2218//2218
f 2208//2208 443//443 2385//2385
f 2367//2367 2366//2366 2386//2386
f 2376//2376 2255//2255 2257//2257
f 2347//2347 2387//2387 2375//2375
f 1546//1546 163//163 1373//1373
f 381//381 362//362 360//360
f 2340//2340 2388//2388 2339//2339
f 2389//2389 2390//2390 2391//2391
f 2311//2311 2392//2392 2310//2310
f 2243//2243 360//360 2393//2393
f 2387//2387 2385//2385 2394//2394
f 2278//2278 2279//2279 2395//2395
f 178//178 179//179 1458//1458
f 178//178 1458//1458 1452//1452
f 2396//2396 2397//2397 2398//2398
f 1389//1389 1392//1392 1493//1493
f 390//390 389//389 2239//2239
f 2399//2399 362//362 381//381
f 2401//2401 2400//2400 496//496
f 2389//2389 2391//2391 2402//2402
f 2394//2394 2385//2385 443//443
f 2403//2403 372//372 373//373
f 2278//2278 2395//2395 373//373
f 2322//2322 2306//2306 2305//2305
f 2385//2385 2347//2347 2371//2371
f 2347//2347 2385//2385 2387//2387
f 2404//2404 2352//2352 2390//2390
f 2407//2407 2406//2406 2405//2405
f 355//355 2379//2379 2408//2408
f 2410//2410 2409//2409 2280//2280
f 2395//2395 2279//2279 2411//2411
f 2409//2409 2281//2281 2280//2280
f 2413//2413 2412//2412 2360//2360
f 458//458 2281//2281 2409//2409
f 2413//2413 2239//2239 2414//2414
f 1530//1530 2139//2139 1528//1528
f 2375//2375 2387//2387 2415//2415
f 2394//2394 2415//2415 2387//2387
f 2384//2384 2375//2375 2415//2415
f 465//465 2245//2245 2240//2240
f 507//507 2417//2417 2416//2416
f 16//16 2417//2417 507//507
f 2418//2418 2419//2419 2420//2420
f 2421//2421 1953//1953 1954//1954
f 2240//2240 2414//2414 2239//2239
f 2424//2424 2423//2423 2422//2422
f 2159//2159 2200//2200 2198//2198
f 2425//2425 2426//2426 2427//2427
f 2429//2429 2198//2198 2428//2428
f 453//453 2430//2430 2419//2419
f 2419//2419 2430//2430 2431//2431
f 453//453 2190//2190 2430//2430
f 2316//2316 2363//2363 2364//2364
f 111//111 2432//2432 311//311
f 465//465 2240//2240 2433//2433
f 448//448 375//375 376//376
f 2163//2163 2434//2434 2435//2435
f 2356//2356 2276//2276 2314//2314
f 2431//2431 2420//2420 2419//2419
f 2340//2340 361//361 362//362
f 2346//2346 2375//2375 2218//2218
f 2434//2434 2357//2357 2435//2435
f 2413//2413 2360//2360 2296//2296
f 2296//2296 2239//2239 2413//2413
f 2437//2437 2248//2248 2436//2436
f 2440//2440 2439//2439 2438//2438
f 2441//2441 2440//2440 2438//2438
f 522//522 475//475 2442//2442
f 522//522 2442//2442 2443//2443
f 2444//2444 507//507 2416//2416
f 2235//2235 2169//2169 160//160
f 2445//2445 2446//2446 2267//2267
f 2235//2235 1516//1516 1511//1511
f 2223//2223 113//113 2447//2447
f 2448//2448 2444//2444 2449//2449
f 935//935 937//937 2450//2450
f 452//452 453//453 2419//2419
f 408//408 2410//2410 2280//2280
f 2410//2410 2451//2451 2409//2409
f 2454//2454 2453//2453 2452//2452
f 2456//2456 2455//2455 2196//2196
f 2457//2457 2292//2292 17//17
f 2241//2241 2250//2250 2225//2225
f 2458//2458 2372//2372 447//447
f 409//409 2065//2065 111//111
f 2459//2459 2181//2181 2167//2167
f 2459//2459 2460//2460 2181//2181
f 2202//2202 2460//2460 2459//2459
f 2198//2198 2251//2251 2236//2236
f 429//429 2144//2144 2201//2201
f 429//429 2201//2201 2461//2461
f 426//426 2462//2462 442//442
f 1686//1686 2410//2410 408//408
f 2464//2464 2463//2463 412//412
f 2465//2465 2466//2466 403//403
f 2124//2124 2130//2130 2187//2187
f 2386//2386 2468//2468 2467//2467
f 2134//2134 2469//2469 2164//2164
f 112//112 2149//2149 2193//2193
f 2470//2470 401//401 403//403
f 403//403 2202//2202 2470//2470
f 441//441 401//401 2470//2470
f 511//511 2471//2471 2472//2472
f 511//511 2472//2472 2473//2473
f 412//412 2463//2463 421//421
f 2464//2464 412//412 413//413
f 535//535 442//442 1952//1952
f 1952//1952 534//534 535//535
f 2151//2151 2453//2453 2150//2150
f 401//401 2438//2438 402//402
f 2434//2434 2358//2358 2357//2357
f 1952//1952 1953//1953 2474//2474
f 2474//2474 534//534 1952//1952
f 2475//2475 2178//2178 2476//2476
f 2292//2292 2477//2477 438//438
f 536//536 2449//2449 2478//2478
f 2066//2066 2064//2064 2479//2479
f 2440//2440 534//534 2474//2474
f 2481//2481 2476//2476 2480//2480
f 2482//2482 2481//2481 2480//2480
f 2480//2480 2178//2178 2179//2179
f 2178//2178 2480//2480 2476//2476
f 2238//2238 436//436 2483//2483
f 2238//2238 2360//2360 2195//2195
f 2372//2372 2458//2458 2152//2152
f 2469//2469 2349//2349 2164//2164
f 2198//2198 2200//2200 2251//2251
f 2203//2203 2460//2460 2202//2202
f 2262//2262 2273//2273 2274//2274
f 2484//2484 2260//2260 2225//2225
f 2250//2250 2484//2484 2225//2225
f 2485//2485 2486//2486 2372//2372
f 2486//2486 377//377 375//375
f 444//444 2208//2208 2487//2487
f 2116//2116 2065//2065 409//409
f 373//373 2411//2411 2403//2403
f 2456//2456 2488//2488 2471//2471
f 2413//2413 2414//2414 2489//2489
f 448//448 2373//2373 2490//2490
f 376//376 2373//2373 448//448
f 2301//2301 2491//2491 355//355
f 2395//2395 2411//2411 373//373
f 2492//2492 2493//2493 431//431
f 432//432 431//431 2493//2493
f 2494//2494 2495//2495 2496//2496
f 448//448 2490//2490 2497//2497
f 448//448 2497//2497 447//447
f 375//375 2372//2372 2486//2486
f 488//488 2301//2301 2498//2498
f 2449//2449 2441//2441 2448//2448
f 422//422 423//423 2192//2192
f 2490//2490 2499//2499 2497//2497
f 421//421 2500//2500 423//423
f 2503//2503 2502//2502 2501//2501
f 2504//2504 2505//2505 2506//2506
f 2507//2507 2508//2508 2509//2509
f 2510//2510 2509//2509 2508//2508
f 2374//2374 2386//2386 2467//2467
f 2374//2374 2467//2467 2499//2499
f 2512//2512 481//481 2511//2511
f 2500//2500 421//421 2454//2454
f 2513//2513 2205//2205 2206//2206
f 2516//2516 2515//2515 2514//2514
f 2206//2206 2517//2517 2495//2495
f 2208//2208 2385//2385 2371//2371
f 374//374 2208//2208 2371//2371
f 2383//2383 2518//2518 2345//2345
f 607//607 2016//2016 608//608
f 608//608 2016//2016 1887//1887
f 629//629 2519//2519 2510//2510
f 468//468 2520//2520 466//466
f 477//477 476//476 509//509
f 2521//2521 2508//2508 2507//2507
f 538//538 2522//2522 527//527
f 2524//2524 2523//2523 2520//2520
f 2116//2116 409//409 2465//2465
f 2439//2439 2116//2116 2465//2465
f 2179//2179 2479//2479 2525//2525
f 2471//2471 511//511 2358//2358
f 2455//2455 2471//2471 2358//2358
f 2471//2471 2455//2455 2456//2456
f 2434//2434 2455//2455 2358//2358
f 2434//2434 2163//2163 2455//2455
f 2522//2522 538//538 537//537
f 2191//2191 2176//2176 2325//2325
f 2527//2527 473//473 2526//2526
f 536//536 2478//2478 535//535
f 2460//2460 396//396 2181//2181
f 2449//2449 2528//2528 2478//2478
f 2529//2529 2503//2503 2501//2501
f 511//511 513//513 2358//2358
f 2530//2530 520//520 2531//2531
f 2534//2534 2533//2533 2532//2532
f 2348//2348 396//396 397//397
f 2536//2536 405//405 2535//2535
f 2052//2052 545//545 594//594
f 1876//1876 2110//2110 2186//2186
f 2186//2186 2110//2110 2027//2027
f 2539//2539 2538//2538 2537//2537
f 2540//2540 1465//1465 1464//1464
f 337//337 561//561 335//335
f 2541//2541 399//399 398//398
f 2544//2544 2543//2543 2542//2542
f 18//18 441//441 2470//2470
f 2202//2202 18//18 2470//2470
f 2159//2159 17//17 18//18
f 495//495 2381//2381 2545//2545
f 498//498 472//472 2528//2528
f 2528//2528 2449//2449 498//498
f 2546//2546 2547//2547 2548//2548
f 2549//2549 336//336 335//335
f 2552//2552 2551//2551 2550//2550
f 2159//2159 2158//2158 2200//2200
f 2377//2377 2553//2553 2096//2096
f 2369//2369 337//337 336//336
f 2554//2554 337//337 2369//2369
f 503//503 337//337 2554//2554
f 512//512 2555//2555 513//513
f 2557//2557 2554//2554 2556//2556
f 2557//2557 503//503 2554//2554
f 2558//2558 503//503 2557//2557
f 2526//2526 2560//2560 2559//2559
f 2501//2501 2369//2369 336//336
f 2501//2501 2502//2502 2369//2369
f 2561//2561 2502//2502 2503//2503
f 401//401 508//508 2448//2448
f 401//401 2448//2448 2438//2438
f 2444//2444 508//508 507//507
f 2199//2199 2158//2158 2459//2459
f 2459//2459 2158//2158 2202//2202
f 2376//2376 2378//2378 2562//2562
f 2562//2562 2255//2255 2376//2376
f 433//433 2560//2560 2526//2526
f 2526//2526 2563//2563 433//433
f 499//499 945//945 946//946
f 945//945 499//499 869//869
f 958//958 904//904 960//960
f 2565//2565 2564//2564 434//434
f 2520//2520 472//472 473//473
f 2566//2566 2493//2493 2562//2562
f 2488//2488 2472//2472 2471//2471
f 355//355 2408//2408 2301//2301
f 2567//2567 2568//2568 2569//2569
f 2336//2336 2570//2570 2337//2337
f 496//496 497//497 518//518
f 496//496 518//518 2401//2401
f 1129//1129 2351//2351 1130//1130
f 2338//2338 2219//2219 2571//2571
f 2572//2572 2256//2256 2492//2492
f 2574//2574 1038//1038 2573//2573
f 2576//2576 2575//2575 2146//2146
f 2577//2577 2400//2400 2401//2401
f 2256//2256 2572//2572 2257//2257
f 2578//2578 2498//2498 2234//2234
f 2547//2547 354//354 2579//2579
f 2512//2512 2511//2511 2467//2467
f 469//469 470//470 415//415
f 2580//2580 2177//2177 377//377
f 2580//2580 377//377 2486//2486
f 2498//2498 2301//2301 2408//2408
f 2581//2581 462//462 461//461
f 2392//2392 2311//2311 380//380
f 2582//2582 2097//2097 2098//2098
f 2417//2417 2357//2357 2359//2359
f 2583//2583 2548//2548 2579//2579
f 2538//2538 2568//2568 2537//2537
f 496//496 2585//2585 2584//2584
f 2585//2585 496//496 2400//2400
f 2546//2546 2587//2587 2586//2586
f 2546//2546 2586//2586 2588//2588
f 2589//2589 2588//2588 2586//2586
f 2377//2377 2556//2556 2553//2553
f 2590//2590 2279//2279 2345//2345
f 2518//2518 2590//2590 2345//2345
f 2547//2547 2579//2579 2548//2548
f 2378//2378 2586//2586 2562//2562
f 489//489 2491//2491 2301//2301
f 2591//2591 2592//2592 2593//2593
f 2593//2593 2592//2592 2594//2594
f 2568//2568 2538//2538 2569//2569
f 2317//2317 2595//2595 2297//2297
f 565//565 2597//2597 2596//2596
f 2378//2378 2589//2589 2586//2586
f 2376//2376 2257//2257 2556//2556
f 2218//2218 2384//2384 2219//2219
f 489//489 2583//2583 2491//2491
f 2220//2220 2599//2599 2598//2598
f 2232//2232 2234//2234 2498//2498
f 2232//2232 2498//2498 2408//2408
f 488//488 2600//2600 490//490
f 2496//2496 2386//2386 2366//2366
f 2582//2582 2247//2247 2601//2601
f 2602//2602 484//484 486//486
f 488//488 2498//2498 2578//2578
f 1460//1460 974//974 2603//2603
f 2604//2604 2583//2583 490//490
f 490//490 2583//2583 489//489
f 2600//2600 2569//2569 2538//2538
f 2600//2600 488//488 2578//2578
f 2605//2605 2600//2600 2578//2578
f 2606//2606 2593//2593 2594//2594
f 2606//2606 2607//2607 2608//2608
f 2611//2611 2610//2610 2609//2609
f 2610//2610 2611//2611 2612//2612
f 2499//2499 481//481 2613//2613
f 2499//2499 2613//2613 2497//2497
f 480//480 481//481 2512//2512
f 2240//2240 2244//2244 2414//2414
f 2245//2245 2244//2244 2240//2240
f 354//354 2547//2547 530//530
f 2604//2604 2614//2614 2548//2548
f 2614//2614 2604//2604 2539//2539
f 389//389 391//391 2615//2615
f 2588//2588 2616//2616 2547//2547
f 2546//2546 2588//2588 2547//2547
f 2547//2547 2616//2616 530//530
f 2617//2617 2249//2249 2618//2618
f 2556//2556 2377//2377 2376//2376
f 2593//2593 2518//2518 2591//2591
f 2345//2345 2346//2346 2383//2383
f 2489//2489 2414//2414 2244//2244
f 2499//2499 2490//2490 2374//2374
f 2583//2583 2604//2604 2548//2548
f 2569//2569 2600//2600 2605//2605
f 2594//2594 2607//2607 2606//2606
f 2377//2377 2097//2097 2589//2589
f 2097//2097 2582//2582 2616//2616
f 2616//2616 2582//2582 2601//2601
f 2096//2096 2368//2368 2619//2619
f 2620//2620 2605//2605 2578//2578
f 2538//2538 490//490 2600//2600
f 994//994 992//992 1001//1001
f 1001//1001 107//107 994//994
f 2621//2621 518//518 497//497
f 2622//2622 431//431 2623//2623
f 2390//2390 2352//2352 2624//2624
f 2626//2626 2625//2625 2621//2621
f 2493//2493 2492//2492 2256//2256
f 2493//2493 2256//2256 2255//2255
f 2255//2255 2562//2562 2493//2493
f 2628//2628 2627//2627 417//417
f 1460//1460 2603//2603 2308//2308
f 2308//2308 2603//2603 2629//2629
f 497//497 2630//2630 2621//2621
f 517//517 519//519 2612//2612
f 2632//2632 2629//2629 2631//2631
f 470//470 471//471 2633//2633
f 415//415 999//999 469//469
f 2534//2534 2063//2063 2533//2533
f 2634//2634 2568//2568 2567//2567
f 1128//1128 974//974 972//972
f 2635//2635 2636//2636 2637//2637
f 1531//1531 2639//2639 2638//2638
f 1146//1146 2639//2639 1531//1531
f 2607//2607 2640//2640 517//517
f 2577//2577 2401//2401 2640//2640
f 2577//2577 2640//2640 2594//2594
f 2398//2398 2397//2397 2353//2353
f 2397//2397 2354//2354 2353//2353
f 430//430 2641//2641 2504//2504
f 2623//2623 430//430 2504//2504
f 2380//2380 2643//2643 2642//2642
f 2645//2645 2532//2532 2644//2644
f 114//114 986//986 2646//2646
f 2647//2647 2648//2648 2529//2529
f 2390//2390 2624//2624 2391//2391
f 2391//2391 430//430 432//432
f 430//430 2624//2624 2641//2641
f 2391//2391 2624//2624 430//430
f 2636//2636 2626//2626 2649//2649
f 2626//2626 2636//2636 2635//2635
f 335//335 2650//2650 2549//2549
f 560//560 2650//2650 335//335
f 1055//1055 999//999 456//456
f 456//456 999//999 2651//2651
f 457//457 456//456 2651//2651
f 2652//2652 2636//2636 2649//2649
f 2653//2653 2642//2642 469//469
f 2655//2655 2654//2654 2205//2205
f 2652//2652 2656//2656 2636//2636
f 2657//2657 2637//2637 2656//2656
f 2636//2636 2656//2656 2637//2637
f 363//363 1000//1000 2658//2658
f 2659//2659 2660//2660 2661//2661
f 2662//2662 2663//2663 2664//2664
f 2666//2666 2665//2665 515//515
f 2667//2667 2668//2668 2669//2669
f 1011//1011 1123//1123 987//987
f 976//976 1106//1106 977//977
f 2400//2400 2671//2671 2670//2670
f 2673//2673 2581//2581 2672//2672
f 2672//2672 2674//2674 2673//2673
f 2675//2675 1127//1127 2628//2628
f 2676//2676 2632//2632 2631//2631
f 2677//2677 2659//2659 2678//2678
f 992//992 2679//2679 1001//1001
f 1150//1150 147//147 244//244
f 2649//2649 2680//2680 2652//2652
f 2640//2640 2607//2607 2594//2594
f 2401//2401 517//517 2640//2640
f 999//999 998//998 2651//2651
f 2632//2632 2670//2670 2629//2629
f 2651//2651 998//998 2681//2681
f 464//464 1140//1140 461//461
f 995//995 1140//1140 464//464
f 2683//2683 2682//2682 1492//1492
f 2682//2682 2683//2683 487//487
f 2380//2380 2545//2545 2381//2381
f 2400//2400 2670//2670 2585//2585
f 2577//2577 2599//2599 2671//2671
f 2598//2598 2599//2599 2592//2592
f 2383//2383 2218//2218 2598//2598
f 1385//1385 2574//2574 2573//2573
f 1127//1127 2675//2675 1130//1130
f 1130//1130 2351//2351 1127//1127
f 2684//2684 2340//2340 362//362
f 2684//2684 362//362 2399//2399
f 1140//1140 995//995 2685//2685
f 2686//2686 2685//2685 2687//2687
f 2687//2687 2685//2685 493//493
f 493//493 491//491 2687//2687
f 87//87 1000//1000 85//85
f 1000//1000 107//107 1001//1001
f 107//107 1000//1000 363//363
f 105//105 106//106 2688//2688
f 992//992 993//993 2651//2651
f 2670//2670 2632//2632 2585//2585
f 462//462 2581//2581 2689//2689
f 2689//2689 2690//2690 462//462
f 2689//2689 2581//2581 2673//2673
f 245//245 977//977 2691//2691
f 1127//1127 2627//2627 2628//2628
f 2681//2681 992//992 2651//2651
f 2663//2663 2692//2692 2664//2664
f 2693//2693 106//106 365//365
f 2668//2668 2666//2666 515//515
f 514//514 2694//2694 515//515
f 106//106 2695//2695 2688//2688
f 2695//2695 106//106 2693//2693
f 2697//2697 2696//2696 936//936
f 2596//2596 2698//2698 2699//2699
f 2702//2702 2701//2701 2700//2700
f 2663//2663 2669//2669 2692//2692
f 1042//1042 1043//1043 2690//2690
f 2705//2705 2704//2704 2703//2703
f 470//470 2633//2633 416//416
f 2642//2642 2652//2652 2680//2680
f 2381//2381 2584//2584 2676//2676
f 2706//2706 1074//1074 1073//1073
f 2707//2707 2694//2694 514//514
f 495//495 2584//2584 2381//2381
f 457//457 2662//2662 455//455
f 2662//2662 457//457 2663//2663
f 2651//2651 2663//2663 457//457
f 993//993 2663//2663 2651//2651
f 1140//1140 2685//2685 2708//2708
f 2685//2685 995//995 493//493
f 432//432 2402//2402 2391//2391
f 1781//1781 2648//2648 2709//2709
f 2505//2505 2710//2710 2506//2506
f 2711//2711 2686//2686 2712//2712
f 2685//2685 2686//2686 2711//2711
f 401//401 441//441 508//508
f 16//16 508//508 441//441
f 2417//2417 16//16 2435//2435
f 1043//1043 1044//1044 1003//1003
f 516//516 2714//2714 2713//2713
f 510//510 2559//2559 2560//2560
f 2716//2716 2715//2715 2686//2686
f 2715//2715 2716//2716 1145//1145
f 560//560 2717//2717 2718//2718
f 2719//2719 2720//2720 1146//1146
f 2721//2721 946//946 963//963
f 963//963 946//946 944//944
f 2722//2722 2723//2723 2724//2724
f 2722//2722 2725//2725 2723//2723
f 2726//2726 2727//2727 2728//2728
f 2555//2555 512//512 2729//2729
f 400//400 2730//2730 560//560
f 2561//2561 2369//2369 2502//2502
f 2731//2731 2732//2732 2733//2733
f 2243//2243 1529//1529 370//370
f 2283//2283 1510//1510 2282//2282
f 2734//2734 2735//2735 2736//2736
f 927//927 2723//2723 2737//2737
f 1894//1894 1892//1892 2738//2738
f 2435//2435 16//16 2292//2292
f 2697//2697 1892//1892 2739//2739
f 2717//2717 2552//2552 2740//2740
f 1781//1781 2709//2709 2741//2741
f 400//400 560//560 504//504
f 1783//1783 510//510 2560//2560
f 2742//2742 936//936 935//935
f 2704//2704 2743//2743 2703//2703
f 2744//2744 2739//2739 2745//2745
f 2697//2697 2739//2739 2744//2744
f 2369//2369 2561//2561 2370//2370
f 2444//2444 2448//2448 508//508
f 2707//2707 514//514 2505//2505
f 466//466 476//476 475//475
f 2747//2747 2746//2746 935//935
f 935//935 2746//2746 2742//2742
f 2730//2730 399//399 2748//2748
f 2369//2369 2368//2368 2554//2554
f 510//510 1783//1783 509//509
f 398//398 2749//2749 2541//2541
f 2752//2752 2751//2751 2750//2750
f 2734//2734 2753//2753 2735//2735
f 509//509 1783//1783 2754//2754
f 2754//2754 1783//1783 2755//2755
f 510//510 476//476 2559//2559
f 1782//1782 1783//1783 2560//2560
f 2758//2758 2757//2757 2756//2756
f 2730//2730 2717//2717 560//560
f 591//591 2759//2759 2731//2731
f 2759//2759 591//591 2760//2760
f 2749//2749 506//506 2761//2761
f 2492//2492 2622//2622 2572//2572
f 2710//2710 2572//2572 2622//2622
f 2492//2492 431//431 2622//2622
f 2762//2762 2763//2763 2764//2764
f 2572//2572 2765//2765 2257//2257
f 2257//2257 2765//2765 2557//2557
f 2556//2556 2257//2257 2557//2557
f 2557//2557 2765//2765 2558//2558
f 2568//2568 2766//2766 2537//2537
f 2537//2537 2766//2766 2389//2389
f 2390//2390 2389//2389 2766//2766
f 505//505 503//503 2558//2558
f 2767//2767 2744//2744 2541//2541
f 506//506 505//505 2761//2761
f 2623//2623 431//431 430//430
f 2763//2763 2762//2762 2718//2718
f 2768//2768 2717//2717 2730//2730
f 2763//2763 2769//2769 2764//2764
f 2565//2565 2770//2770 2529//2529
f 2504//2504 2707//2707 2505//2505
f 2764//2764 2769//2769 2771//2771
f 2772//2772 2773//2773 2762//2762
f 2173//2173 2172//2172 2494//2494
f 2517//2517 2496//2496 2495//2495
f 2564//2564 2648//2648 1781//1781
f 2495//2495 2494//2494 2172//2172
f 2206//2206 2204//2204 2517//2517
f 2468//2468 2517//2517 2204//2204
f 2172//2172 2206//2206 2495//2495
f 2520//2520 468//468 2524//2524
f 2507//2507 2774//2774 2443//2443
f 399//399 2541//2541 2748//2748
f 2748//2748 2541//2541 2744//2744
f 2770//2770 2565//2565 434//434
f 2775//2775 613//613 615//615
f 2763//2763 2718//2718 2717//2717
f 2776//2776 2777//2777 2253//2253
f 2739//2739 2778//2778 2745//2745
f 2662//2662 2664//2664 2779//2779
f 2542//2542 2543//2543 2780//2780
f 1893//1893 2778//2778 2739//2739
f 2719//2719 2777//2777 2720//2720
f 2781//2781 2725//2725 2782//2782
f 2703//2703 2755//2755 2705//2705
f 2662//2662 2779//2779 455//455
f 2783//2783 2613//2613 2784//2784
f 2062//2062 613//613 2775//2775
f 2507//2507 2443//2443 2521//2521
f 612//612 2785//2785 611//611
f 107//107 363//363 106//106
f 365//365 106//106 363//363
f 2787//2787 2786//2786 627//627
f 2788//2788 2789//2789 2790//2790
f 2792//2792 784//784 2791//2791
f 2793//2793 1009//1009 1010//1010
f 2794//2794 2702//2702 2700//2700
f 2795//2795 2796//2796 614//614
f 509//509 2797//2797 2798//2798
f 509//509 2798//2798 477//477
f 618//618 2799//2799 616//616
f 2049//2049 2050//2050 2800//2800
f 2802//2802 2542//2542 2801//2801
f 2704//2704 2803//2803 2644//2644
f 2804//2804 2805//2805 2806//2806
f 2807//2807 2806//2806 2805//2805
f 2810//2810 2809//2809 2808//2808
f 2811//2811 2812//2812 2813//2813
f 1983//1983 2812//2812 2811//2811
f 2775//2775 2814//2814 2815//2815
f 2816//2816 551//551 2817//2817
f 2816//2816 2817//2817 2818//2818
f 2798//2798 2797//2797 1008//1008
f 2803//2803 2645//2645 2644//2644
f 2821//2821 2820//2820 2819//2819
f 2704//2704 2644//2644 2743//2743
f 565//565 567//567 2822//2822
f 2797//2797 509//509 2754//2754
f 2824//2824 2823//2823 2817//2817
f 2825//2825 1009//1009 2793//2793
f 2827//2827 2826//2826 2534//2534
f 2828//2828 2817//2817 551//551
f 2828//2828 551//551 550//550
f 2787//2787 2530//2530 2829//2829
f 1010//1010 2061//2061 2062//2062
f 2061//2061 1010//1010 1008//1008
f 2830//2830 2794//2794 2700//2700
f 2795//2795 2826//2826 2827//2827
f 2786//2786 629//629 627//627
f 2831//2831 2832//2832 2825//2825
f 2830//2830 2834//2834 2833//2833
f 2835//2835 2834//2834 2830//2830
f 2533//2533 2644//2644 2532//2532
f 2756//2756 2836//2836 2726//2726
f 2837//2837 2832//2832 2442//2442
f 2442//2442 475//475 2837//2837
f 618//618 2838//2838 2799//2799
f 2833//2833 2839//2839 2042//2042
f 2775//2775 1010//1010 2062//2062
f 2828//2828 550//550 2840//2840
f 2815//2815 2793//2793 1010//1010
f 1781//1781 2741//2741 1783//1783
f 2075//2075 595//595 597//597
f 2076//2076 2075//2075 597//597
f 2841//2841 2704//2704 2705//2705
f 468//468 425//425 424//424
f 2774//2774 425//425 468//468
f 529//529 406//406 405//405
f 2081//2081 1993//1993 2019//2019
f 2559//2559 2527//2527 2526//2526
f 2520//2520 2527//2527 466//466
f 551//551 2816//2816 549//549
f 549//549 2816//2816 627//627
f 541//541 2842//2842 2344//2344
f 540//540 2843//2843 542//542
f 2845//2845 2844//2844 2815//2815
f 971//971 2827//2827 2534//2534
f 2794//2794 2846//2846 2750//2750
f 2849//2849 2848//2848 2847//2847
f 2700//2700 2701//2701 2830//2830
f 734//734 2850//2850 732//732
f 2851//2851 2852//2852 2812//2812
f 2853//2853 2785//2785 612//612
f 2008//2008 2057//2057 2055//2055
f 2854//2854 2783//2783 2855//2855
f 2857//2857 2824//2824 2856//2856
f 2835//2835 2701//2701 2858//2858
f 2861//2861 2860//2860 2859//2859
f 2847//2847 2848//2848 2831//2831
f 2146//2146 2575//2575 2862//2862
f 2576//2576 2863//2863 2535//2535
f 2863//2863 2864//2864 2535//2535
f 2865//2865 2866//2866 2867//2867
f 2838//2838 2702//2702 2868//2868
f 404//404 2869//2869 2862//2862
f 2857//2857 2856//2856 2870//2870
f 2857//2857 2870//2870 2843//2843
f 2871//2871 2872//2872 2873//2873
f 238//238 254//254 94//94
f 2874//2874 2873//2873 2875//2875
f 558//558 2877//2877 2876//2876
f 2817//2817 2828//2828 2824//2824
f 2824//2824 2828//2828 2856//2856
f 2801//2801 2758//2758 2878//2878
f 2880//2880 2820//2820 2879//2879
f 2881//2881 2882//2882 2883//2883
f 2872//2872 2884//2884 2343//2343
f 2343//2343 2885//2885 2872//2872
f 2886//2886 2800//2800 2887//2887
f 2813//2813 1936//1936 2811//2811
f 2888//2888 2838//2838 618//618
f 2856//2856 2839//2839 2834//2834
f 2889//2889 2887//2887 2131//2131
f 2743//2743 2890//2890 2891//2891
f 2830//2830 2701//2701 2835//2835
f 2868//2868 2751//2751 2799//2799
f 2783//2783 2892//2892 2893//2893
f 2896//2896 2895//2895 2894//2894
f 2889//2889 2131//2131 2888//2888
f 2897//2897 2889//2889 2888//2888
f 2069//2069 610//610 2879//2879
f 2820//2820 2069//2069 2879//2879
f 2899//2899 1817//1817 2898//2898
f 2873//2873 2872//2872 2885//2885
f 2029//2029 543//543 545//545
f 2886//2886 2887//2887 2889//2889
f 2008//2008 526//526 527//527
f 2887//2887 2900//2900 2030//2030
f 2003//2003 2001//2001 2901//2901
f 607//607 606//606 2024//2024
f 2790//2790 2789//2789 2899//2899
f 2868//2868 2799//2799 2838//2838
f 2858//2858 2003//2003 2901//2901
f 2902//2902 970//970 971//971
f 2751//2751 2868//2868 2750//2750
f 1008//1008 1009//1009 2798//2798
f 969//969 2795//2795 2827//2827
f 596//596 2090//2090 626//626
f 479//479 2531//2531 520//520
f 2350//2350 2531//2531 479//479
f 2597//2597 2903//2903 2904//2904
f 2904//2904 2596//2596 2597//2597
f 2225//2225 2905//2905 287//287
f 287//287 2905//2905 289//289
f 2906//2906 566//566 565//565
f 1519//1519 2207//2207 2262//2262
f 2155//2155 2331//2331 2145//2145
f 2847//2847 2831//2831 2907//2907
f 2907//2907 2831//2831 2825//2825
f 2754//2754 2755//2755 2703//2703
f 2836//2836 2727//2727 2726//2726
f 2726//2726 2728//2728 2908//2908
f 2552//2552 2550//2550 2728//2728
f 2909//2909 2778//2778 1893//1893
f 1895//1895 2909//2909 1893//1893
f 2867//2867 2910//2910 2865//2865
f 2911//2911 2796//2796 969//969
f 2856//2856 2834//2834 2912//2912
f 2912//2912 2870//2870 2856//2856
f 2915//2915 2914//2914 2913//2913
f 2916//2916 733//733 732//732
f 2852//2852 2917//2917 2812//2812
f 2918//2918 2919//2919 591//591
f 2920//2920 2919//2919 2918//2918
f 2923//2923 2922//2922 2921//2921
f 2867//2867 2775//2775 615//615
f 2875//2875 2873//2873 2885//2885
f 2926//2926 2925//2925 2924//2924
f 2929//2929 2928//2928 2927//2927
f 2932//2932 2931//2931 2930//2930
f 2930//2930 2931//2931 2933//2933
f 2851//2851 2910//2910 2342//2342
f 2934//2934 2931//2931 2853//2853
f 2853//2853 2931//2931 2785//2785
f 2865//2865 2910//2910 2788//2788
f 2912//2912 2834//2834 2835//2835
f 1937//1937 1936//1936 2813//2813
f 2936//2936 2923//2923 2935//2935
f 2932//2932 2936//2936 2937//2937
f 2881//2881 2922//2922 2930//2930
f 2937//2937 2938//2938 2939//2939
f 2937//2937 2939//2939 611//611
f 2942//2942 2941//2941 2940//2940
f 2943//2943 1895//1895 2944//2944
f 1464//1464 2944//2944 1895//1895
f 1046//1046 1113//1113 1013//1013
f 1113//1113 1046//1046 1045//1045
f 2048//2048 2939//2939 734//734
f 611//611 2939//2939 2048//2048
f 2923//2923 2921//2921 2945//2945
f 959//959 2946//2946 2254//2254
f 2947//2947 961//961 2948//2948
f 2948//2948 961//961 953//953
f 953//953 961//961 293//293
f 2903//2903 2950//2950 2949//2949
f 1463//1463 2903//2903 2949//2949
f 736//736 968//968 2951//2951
f 638//638 237//237 1720//1720
f 1725//1725 2952//2952 2953//2953
f 2596//2596 2906//2906 565//565
f 2739//2739 1892//1892 1893//1893
f 778//778 968//968 749//749
f 1464//1464 2738//2738 2540//2540
f 289//289 2905//2905 2145//2145
f 289//289 2145//2145 2331//2331
f 784//784 783//783 2791//2791
f 956//956 2942//2942 954//954
f 768//768 2955//2955 2954//2954
f 2956//2956 2917//2917 2852//2852
f 2596//2596 2699//2699 2906//2906
f 338//338 2952//2952 2724//2724
f 2957//2957 2958//2958 2959//2959
f 2959//2959 2960//2960 2957//2957
f 2880//2880 2819//2819 2820//2820
f 542//542 2863//2863 2576//2576
f 2576//2576 2146//2146 542//542
f 2961//2961 2699//2699 2698//2698
f 2883//2883 2882//2882 2422//2422
f 2580//2580 2962//2962 2963//2963
f 2145//2145 2905//2905 2135//2135
f 1894//1894 2738//2738 1464//1464
f 1464//1464 1895//1895 1894//1894
f 2964//2964 2944//2944 1464//1464
f 2941//2941 2965//2965 2940//2940
f 2940//2940 2965//2965 928//928
f 1145//1145 2719//2719 1146//1146
f 2908//2908 2728//2728 2943//2943
f 403//403 2466//2466 2203//2203
f 2966//2966 2597//2597 565//565
f 2822//2822 2966//2966 565//565
f 2930//2930 2922//2922 2932//2932
f 2852//2852 2851//2851 2967//2967
f 2970//2970 2969//2969 2968//2968
f 2971//2971 2969//2969 2970//2970
f 567//567 2972//2972 2822//2822
f 2973//2973 2801//2801 2878//2878
f 2917//2917 2880//2880 1937//1937
f 2917//2917 1937//1937 2813//2813
f 2917//2917 2956//2956 2880//2880
f 598//598 2974//2974 600//600
f 2121//2121 1607//1607 1926//1926
f 2882//2882 2881//2881 2975//2975
f 2976//2976 2882//2882 2975//2975
f 957//957 2977//2977 813//813
f 2956//2956 2819//2819 2880//2880
f 2931//2931 2932//2932 2937//2937
f 2938//2938 2850//2850 2939//2939
f 2968//2968 2976//2976 2975//2975
f 2970//2970 2968//2968 2975//2975
f 1720//1720 237//237 1717//1717
f 807//807 1717//1717 237//237
f 2980//2980 2979//2979 2978//2978
f 2981//2981 2980//2980 2978//2978
f 2966//2966 2976//2976 2982//2982
f 2976//2976 2966//2966 2424//2424
f 2985//2985 2984//2984 2983//2983
f 708//708 2986//2986 1709//1709
f 2989//2989 2988//2988 2987//2987
f 2990//2990 2989//2989 2987//2987
f 1704//1704 775//775 2991//2991
f 2991//2991 775//775 191//191
f 2879//2879 610//610 2048//2048
f 2898//2898 2992//2992 617//617
f 2048//2048 610//610 611//611
f 931//931 2948//2948 953//953
f 925//925 953//953 293//293
f 293//293 294//294 925//925
f 2978//2978 2979//2979 2985//2985
f 2985//2985 2993//2993 2978//2978
f 2994//2994 2979//2979 2980//2980
f 2993//2993 2423//2423 2981//2981
f 2993//2993 2981//2981 2978//2978
f 2996//2996 2995//2995 2807//2807
f 737//737 968//968 736//736
f 2998//2998 2955//2955 2997//2997
f 2979//2979 2987//2987 2985//2985
f 2985//2985 2987//2987 2988//2988
f 1704//1704 2999//2999 708//708
f 2987//2987 2979//2979 2994//2994
f 2883//2883 2993//2993 2985//2985
f 3000//3000 2861//2861 419//419
f 36//36 34//34 3001//3001
f 755//755 3002//3002 3003//3003
f 3001//3001 580//580 36//36
f 3004//3004 3005//3005 2804//2804
f 2859//2859 3006//3006 2861//2861
f 2998//2998 2989//2989 548//548
f 3007//3007 778//778 546//546
f 3008//3008 3009//3009 2760//2760
f 1707//1707 576//576 575//575
f 1877//1877 320//320 3010//3010
f 2819//2819 3011//3011 2821//2821
f 3014//3014 3013//3013 3012//3012
f 2971//2971 2970//2970 2933//2933
f 770//770 736//736 2951//2951
f 2930//2930 2933//2933 2970//2970
f 419//419 3015//3015 418//418
f 581//581 580//580 3012//3012
f 3012//3012 580//580 3001//3001
f 571//571 572//572 577//577
f 3017//3017 3016//3016 300//300
f 1682//1682 3//3 1743//1743
f 3018//3018 738//738 555//555
f 19//19 21//21 721//721
f 3019//3019 2844//2844 2845//2845
f 2042//2042 2839//2839 2840//2840
f 2801//2801 2542//2542 3020//3020
f 2907//2907 2844//2844 3019//3019
f 388//388 387//387 1883//1883
f 1883//1883 3021//3021 388//388
f 777//777 807//807 775//775
f 2911//2911 3011//3011 2796//2796
f 2823//2823 2824//2824 2857//2857
f 2839//2839 2828//2828 2840//2840
f 3023//3023 3022//3022 1027//1027
f 718//718 2759//2759 3024//3024
f 3025//3025 3018//3018 299//299
f 3027//3027 3026//3026 387//387
f 20//20 82//82 84//84
f 20//20 84//84 571//571
f 619//619 3028//3028 630//630
f 2872//2872 2871//2871 2884//2884
f 2823//2823 2857//2857 2884//2884
f 84//84 3029//3029 571//571
f 315//315 1863//1863 1851//1851
f 2926//2926 592//592 2860//2860
f 2930//2930 2975//2975 2881//2881
f 793//793 622//622 620//620
f 3031//3031 2920//2920 3030//3030
f 2733//2733 721//721 720//720
f 3032//3032 3033//3033 3034//3034
f 2861//2861 3000//3000 2804//2804
f 2861//2861 2804//2804 3035//3035
f 590//590 3023//3023 1027//1027
f 2928//2928 3036//3036 2927//2927
f 128//128 127//127 639//639
f 2017//2017 2073//2073 2015//2015
f 2997//2997 2955//2955 3037//3037
f 219//219 202//202 201//201
f 2047//2047 734//734 733//733
f 2975//2975 2930//2930 2970//2970
f 738//738 1710//1710 3038//3038
f 3039//3039 2014//2014 2015//2015
f 746//746 582//582 339//339
f 2976//2976 2968//2968 2982//2982
f 3040//3040 3015//3015 3041//3041
f 3044//3044 3043//3043 3042//3042
f 3046//3046 1029//1029 3045//3045
f 3047//3047 3046//3046 3045//3045
f 3048//3048 3049//3049 3050//3050
f 1837//1837 1728//1728 283//283
f 2101//2101 1728//1728 1837//1837
f 563//563 564//564 37//37
f 2060//2060 3051//3051 1988//1988
f 3053//3053 700//700 3052//3052
f 3054//3054 3053//3053 3052//3052
f 306//306 307//307 3014//3014
f 3055//3055 3032//3032 3034//3034
f 201//201 218//218 219//219
f 805//805 1675//1675 1716//1716
f 59//59 60//60 3056//3056
f 3057//3057 333//333 334//334
f 712//712 3058//3058 3059//3059
f 3059//3059 3060//3060 712//712
f 3061//3061 3062//3062 3063//3063
f 2576//2576 405//405 2575//2575
f 2074//2074 3064//3064 1985//1985
f 3066//3066 1982//1982 3065//3065
f 3067//3067 1819//1819 1983//1983
f 3068//3068 3058//3058 712//712
f 1896//1896 1623//1623 1721//1721
f 418//418 3015//3015 3040//3040
f 836//836 225//225 224//224
f 3032//3032 3069//3069 3033//3033
f 2015//2015 3070//3070 3039//3039
f 36//36 3071//3071 35//35
f 569//569 1963//1963 2032//2032
f 2807//2807 3072//3072 2806//2806
f 2925//2925 2806//2806 3072//3072
f 3071//3071 36//36 2924//2924
f 3074//3074 3073//3073 701//701
f 3054//3054 2807//2807 3075//3075
f 3054//3054 3052//3052 3072//3072
f 3054//3054 3072//3072 2807//2807
f 3053//3053 3077//3077 3076//3076
f 1818//1818 1817//1817 2899//2899
f 3075//3075 3053//3053 3054//3054
f 2049//2049 2898//2898 1817//1817
f 2861//2861 3006//3006 419//419
f 3035//3035 2806//2806 2925//2925
f 3078//3078 2860//2860 590//590
f 592//592 590//590 2860//2860
f 3033//3033 3069//3069 2896//2896
f 2750//2750 2846//2846 2043//2043
f 2038//2038 2071//2071 2036//2036
f 616//616 2751//2751 3079//3079
f 1988//1988 3051//3051 2808//2808
f 3080//3080 1793//1793 1899//1899
f 1963//1963 1886//1886 2032//2032
f 3081//3081 3082//3082 3083//3083
f 3081//3081 3083//3083 3057//3057
f 3050//3050 3036//3036 3084//3084
f 1699//1699 1808//1808 1350//1350
f 3085//3085 1846//1846 947//947
f 1974//1974 2019//2019 1976//1976
f 2059//2059 1988//1988 3086//3086
f 2060//2060 2068//2068 3051//3051
f 3087//3087 3088//3088 3089//3089
f 1743//1743 1825//1825 1690//1690
f 3006//3006 3015//3015 419//419
f 1682//1682 1743//1743 1683//1683
f 3080//3080 1903//1903 1901//1901
f 3090//3090 1903//1903 3080//3080
f 269//269 1748//1748 1749//1749
f 563//563 37//37 39//39
f 3091//3091 2013//2013 2914//2914
f 2914//2914 2013//2013 2913//2913
f 2014//2014 3039//3039 2913//2913
f 2001//2001 1966//1966 1964//1964
f 1819//1819 3067//3067 2895//2895
f 2886//2886 2898//2898 2049//2049
f 2122//2122 309//309 1921//1921
f 309//309 2122//2122 310//310
f 3093//3093 3092//3092 2067//2067
f 1520//1520 1521//1521 2119//2119
f 2800//2800 2886//2886 2049//2049
f 732//732 3094//3094 3076//3076
f 2916//2916 732//732 3076//3076
f 1817//1817 1819//1819 3095//3095
f 702//702 3053//3053 3076//3076
f 2867//2867 615//615 2910//2910
f 3096//3096 3097//3097 596//596
f 596//596 3097//3097 2090//2090
f 2910//2910 615//615 2342//2342
f 2867//2867 2866//2866 2814//2814
f 2814//2814 2775//2775 2867//2867
f 2043//2043 2846//2846 2042//2042
f 2833//2833 2846//2846 2830//2830
f 3098//3098 1935//1935 2916//2916
f 3057//3057 3083//3083 3099//3099
f 2794//2794 2830//2830 2846//2846
f 2289//2289 2027//2027 3100//3100
f 2051//2051 2887//2887 2030//2030
f 2090//2090 3101//3101 2091//2091
f 3051//3051 1980//1980 3066//3066
f 333//333 3102//3102 332//332
f 296//296 315//315 285//285
f 296//296 285//285 284//284
f 3099//3099 1981//1981 3057//3057
f 333//333 1987//1987 3102//3102
f 3039//3039 3103//3103 2913//2913
f 3055//3055 3088//3088 3104//3104
f 3089//3089 3088//3088 3105//3105
f 3105//3105 3088//3088 3055//3055
f 3101//3101 3107//3107 3106//3106
f 1965//1965 1966//1966 1891//1891
f 3056//3056 2901//2901 1964//1964
f 59//59 3056//3056 1964//1964
f 2073//2073 2017//2017 1975//1975
f 2916//2916 3076//3076 3077//3077
f 2894//2894 2895//2895 3067//3067
f 3108//3108 2901//2901 3056//3056
f 2858//2858 2901//2901 3108//3108
f 3103//3103 3048//3048 3050//3050
f 3041//3041 3078//3078 3109//3109
f 1817//1817 3095//3095 2050//2050
f 3043//3043 3110//3110 3111//3111
f 2775//2775 2815//2815 1010//1010
f 2916//2916 3077//3077 3098//3098
f 2917//2917 2813//2813 2812//2812
f 3094//3094 702//702 3076//3076
f 3048//3048 3112//3112 3106//3106
f 3080//3080 1899//1899 3113//3113
f 3106//3106 3114//3114 3048//3048
f 2073//2073 1951//1951 2091//2091
f 3092//3092 2900//2900 3115//3115
f 3032//3032 3055//3055 3104//3104
f 766//766 305//305 306//306
f 3117//3117 3116//3116 3034//3034
f 617//617 2007//2007 2790//2790
f 2896//2896 2894//2894 3117//3117
f 3114//3114 3049//3049 3048//3048
f 3118//3118 3114//3114 3089//3089
f 1937//1937 733//733 1935//1935
f 2042//2042 2846//2846 2833//2833
f 3079//3079 2007//2007 616//616
f 2789//2789 2812//2812 3119//3119
f 1983//1983 2811//2811 3067//3067
f 2842//2842 2146//2146 2862//2862
f 2009//2009 2869//2869 406//406
f 3119//3119 1818//1818 2899//2899
f 2886//2886 2992//2992 2898//2898
f 1935//1935 733//733 2916//2916
f 3117//3117 3033//3033 2896//2896
f 3034//3034 3033//3033 3117//3117
f 3075//3075 2807//2807 2995//2995
f 3063//3063 3062//3062 3120//3120
f 2995//2995 3116//3116 3077//3077
f 3116//3116 3121//3121 3034//3034
f 3111//3111 3110//3110 334//334
f 700//700 701//701 3122//3122
f 2928//2928 2929//2929 3123//3123
f 420//420 3123//3123 2929//2929
f 3068//3068 3061//3061 3124//3124
f 3125//3125 302//302 304//304
f 3057//3057 3110//3110 3081//3081
f 3081//3081 3110//3110 3044//3044
f 3009//3009 3008//3008 3031//3031
f 653//653 3126//3126 652//652
f 268//268 659//659 683//683
f 703//703 268//268 683//683
f 43//43 826//826 44//44
f 268//268 267//267 659//659
f 206//206 637//637 267//267
f 254//254 93//93 94//94
f 257//257 96//96 826//826
f 636//636 1674//1674 669//669
f 1896//1896 1721//1721 1617//1617
f 251//251 207//207 208//208
f 684//684 707//707 703//703
f 684//684 703//703 683//683
f 588//588 562//562 587//587
f 1579//1579 1575//1575 1576//1576
f 1713//1713 654//654 643//643
f 64//64 647//647 667//667
f 51//51 643//643 50//50
f 658//658 95//95 143//143
f 658//658 143//143 644//644
f 673//673 93//93 25//25
f 673//673 143//143 95//95
f 95//95 93//93 673//673
f 226//226 855//855 871//871
f 644//644 143//143 50//50
f 584//584 637//637 640//640
f 650//650 637//637 584//584
f 1641//1641 223//223 222//222
f 56//56 57//57 826//826
f 650//650 267//267 637//637
f 650//650 584//584 255//255
f 650//650 255//255 277//277
f 1711//1711 3127//3127 28//28
f 216//216 1706//1706 846//846
f 277//277 255//255 257//257
f 826//826 1644//1644 56//56
f 1644//1644 623//623 56//56
f 1255//1255 3128//3128 212//212
f 1398//1398 1255//1255 212//212
f 636//636 669//669 640//640
f 1700//1700 1721//1721 1675//1675
f 826//826 96//96 1644//1644
f 256//256 584//584 583//583
f 171//171 1688//1688 172//172
f 584//584 256//256 255//255
f 257//257 256//256 96//96
f 96//96 256//256 1680//1680
f 3129//3129 1581//1581 1582//1582
f 870//870 821//821 822//822
f 883//883 41//41 42//42
f 885//885 41//41 883//883
f 1604//1604 1735//1735 1820//1820
f 646//646 64//64 1680//1680
f 619//619 3131//3131 3130//3130
f 563//563 3131//3131 562//562
f 562//562 3131//3131 619//619
f 3132//3132 583//583 585//585
f 3028//3028 619//619 3133//3133
f 809//809 836//836 224//224
f 3135//3135 1722//1722 3134//3134
f 291//291 3136//3136 292//292
f 808//808 820//820 809//809
f 15//15 665//665 13//13
f 3133//3133 619//619 3130//3130
f 3137//3137 1629//1629 1628//1628
f 1700//1700 806//806 804//804
f 3132//3132 663//663 664//664
f 664//664 651//651 645//645
f 646//646 664//664 645//645
f 664//664 583//583 3132//3132
f 12//12 1681//1681 10//10
f 1626//1626 3132//3132 585//585
f 1684//1684 1711//1711 37//37
f 1711//1711 589//589 37//37
f 256//256 583//583 1680//1680
f 3138//3138 1626//1626 668//668
f 668//668 3139//3139 3138//3138
f 3127//3127 11//11 28//28
f 64//64 96//96 1680//1680
f 1684//1684 3127//3127 1711//1711
f 3140//3140 11//11 3127//3127
f 315//315 296//296 298//298
f 658//658 654//654 1674//1674
f 836//836 851//851 847//847
f 96//96 66//66 1644//1644
f 66//66 65//65 642//642
f 66//66 642//642 1644//1644
f 3130//3130 3131//3131 692//692
f 3130//3130 692//692 599//599
f 3131//3131 39//39 692//692
f 683//683 659//659 3141//3141
f 3142//3142 2974//2974 718//718
f 3142//3142 718//718 717//717
f 590//590 1027//1027 3143//3143
f 718//718 83//83 2759//2759
f 571//571 691//691 573//573
f 3028//3028 3141//3141 659//659
f 3028//3028 659//659 630//630
f 630//630 659//659 631//631
f 2925//2925 2860//2860 3035//3035
f 2926//2926 2860//2860 2925//2925
f 3144//3144 3038//3038 2986//2986
f 254//254 3145//3145 26//26
f 699//699 3145//3145 695//695
f 227//227 699//699 189//189
f 237//237 227//227 189//189
f 3145//3145 699//699 26//26
f 26//26 699//699 227//227
f 1397//1397 3146//3146 1660//1660
f 651//651 742//742 645//645
f 38//38 682//682 39//39
f 1863//1863 726//726 3085//3085
f 609//609 63//63 62//62
f 3//3 1682//1682 846//846
f 1681//1681 845//845 1682//1682
f 695//695 694//694 190//190
f 1706//1706 1//1 3//3
f 738//738 3038//3038 681//681
f 3038//3038 3144//3144 681//681
f 694//694 2999//2999 2991//2991
f 1707//1707 713//713 1708//1708
f 1710//1710 2986//2986 3038//3038
f 715//715 713//713 1707//1707
f 3017//3017 716//716 3016//3016
f 691//691 2974//2974 598//598
f 1823//1823 1825//1825 1743//1743
f 1743//1743 3//3 1823//1823
f 2860//2860 3078//3078 3147//3147
f 3148//3148 547//547 3149//3149
f 3148//3148 3149//3149 710//710
f 2991//2991 2999//2999 1704//1704
f 741//741 697//697 3149//3149
f 854//854 821//821 852//852
f 853//853 852//852 821//821
f 782//782 790//790 794//794
f 689//689 782//782 794//794
f 280//280 1734//1734 1732//1732
f 61//61 722//722 3145//3145
f 254//254 61//61 3145//3145
f 722//722 695//695 3145//3145
f 740//740 698//698 697//697
f 574//574 722//722 61//61
f 61//61 63//63 574//574
f 2998//2998 3150//3150 2955//2955
f 649//649 301//301 680//680
f 300//300 835//835 3151//3151
f 300//300 3151//3151 299//299
f 555//555 299//299 3018//3018
f 649//649 576//576 1708//1708
f 649//649 1708//1708 301//301
f 386//386 388//388 3047//3047
f 3047//3047 388//388 3021//3021
f 738//738 3152//3152 674//674
f 738//738 674//674 1710//1710
f 694//694 693//693 3144//3144
f 3144//3144 693//693 649//649
f 649//649 693//693 574//574
f 649//649 681//681 3144//3144
f 715//715 731//731 704//704
f 1617//1617 1721//1721 858//858
f 731//731 715//715 1707//1707
f 1707//1707 575//575 731//731
f 575//575 609//609 731//731
f 693//693 695//695 574//574
f 716//716 3017//3017 713//713
f 714//714 716//716 713//713
f 3006//3006 2859//2859 2860//2860
f 3021//3021 1884//1884 3059//3059
f 298//298 711//711 726//726
f 1708//1708 3017//3017 301//301
f 301//301 3017//3017 300//300
f 713//713 3017//3017 1708//1708
f 740//740 741//741 3153//3153
f 2669//2669 2695//2695 2667//2667
f 3029//3029 83//83 2974//2974
f 3154//3154 3022//3022 3023//3023
f 727//727 3154//3154 3023//3023
f 2732//2732 723//723 19//19
f 2732//2732 19//19 721//721
f 3026//3026 3155//3155 1883//1883
f 3029//3029 691//691 571//571
f 2759//2759 723//723 2731//2731
f 691//691 3029//3029 2974//2974
f 600//600 2974//2974 3142//3142
f 3142//3142 717//717 600//600
f 83//83 3029//3029 84//84
f 3131//3131 563//563 39//39
f 708//708 2999//2999 2986//2986
f 55//55 37//37 564//564
f 3024//3024 3156//3156 718//718
f 2991//2991 190//190 694//694
f 706//706 705//705 717//717
f 692//692 573//573 599//599
f 3157//3157 1689//1689 621//621
f 599//599 600//600 3158//3158
f 598//598 599//599 573//573
f 3158//3158 3130//3130 599//599
f 600//600 705//705 3158//3158
f 685//685 3158//3158 705//705
f 3158//3158 685//685 3141//3141
f 3158//3158 3133//3133 3130//3130
f 3141//3141 3133//3133 3158//3158
f 3028//3028 3133//3133 3141//3141
f 3152//3152 756//756 674//674
f 1709//1709 2986//2986 1710//1710
f 731//731 609//609 684//684
f 685//685 731//731 684//684
f 707//707 684//684 609//609
f 3141//3141 685//685 683//683
f 2974//2974 83//83 718//718
f 723//723 2759//2759 83//83
f 2999//2999 694//694 3144//3144
f 2999//2999 3144//3144 2986//2986
f 3153//3153 778//778 779//779
f 546//546 778//778 3153//3153
f 716//716 718//718 3156//3156
f 833//833 3016//3016 3156//3156
f 835//835 300//300 3016//3016
f 833//833 3031//3031 834//834
f 3009//3009 3031//3031 833//833
f 3156//3156 3016//3016 716//716
f 835//835 3016//3016 833//833
f 769//769 547//547 3148//3148
f 3159//3159 3025//3025 3002//3002
f 834//834 3160//3160 835//835
f 3143//3143 1027//1027 3161//3161
f 3024//3024 3009//3009 3156//3156
f 3162//3162 2941//2941 2942//2942
f 2957//2957 3162//3162 2942//2942
f 3018//3018 3152//3152 738//738
f 833//833 3156//3156 3009//3009
f 3160//3160 834//834 3031//3031
f 3160//3160 3031//3031 3163//3163
f 3024//3024 2759//2759 2760//2760
f 3024//3024 2760//2760 3009//3009
f 299//299 3151//3151 3164//3164
f 3164//3164 835//835 3160//3160
f 835//835 3164//3164 3151//3151
f 3025//3025 299//299 3164//3164
f 3152//3152 3018//3018 756//756
f 756//756 3018//3018 3025//3025
f 3025//3025 3159//3159 756//756
f 2994//2994 2951//2951 2987//2987
f 2951//2951 968//968 2987//2987
f 968//968 2990//2990 2987//2987
f 784//784 3165//3165 785//785
f 785//785 3165//3165 803//803
f 709//709 710//710 1498//1498
f 547//547 741//741 3149//3149
f 774//774 709//709 1498//1498
f 774//774 775//775 709//709
f 3166//3166 3071//3071 3073//3073
f 3073//3073 3167//3167 3166//3166
f 3007//3007 546//546 548//548
f 3001//3001 766//766 306//306
f 3001//3001 306//306 3012//3012
f 547//547 3150//3150 548//548
f 3150//3150 547//547 2954//2954
f 2954//2954 547//547 769//769
f 3150//3150 2998//2998 548//548
f 2990//2990 3007//3007 2989//2989
f 968//968 3007//3007 2990//2990
f 771//771 735//735 736//736
f 3168//3168 770//770 3169//3169
f 3168//3168 3169//3169 2980//2980
f 937//937 2696//2696 3170//3170
f 936//936 2696//2696 937//937
f 3007//3007 548//548 2989//2989
f 3164//3164 3171//3171 3025//3025
f 3160//3160 3171//3171 3164//3164
f 3002//3002 3025//3025 3171//3171
f 3172//3172 3001//3001 3037//3037
f 788//788 1694//1694 881//881
f 1723//1723 788//788 881//881
f 3001//3001 3172//3172 766//766
f 770//770 2951//2951 3169//3169
f 708//708 1709//1709 3173//3173
f 274//274 881//881 1694//1694
f 3153//3153 741//741 547//547
f 546//546 3153//3153 547//547
f 2252//2252 3174//3174 2254//2254
f 2252//2252 932//932 501//501
f 788//788 3175//3175 696//696
f 725//725 3176//3176 77//77
f 787//787 882//882 259//259
f 258//258 787//787 259//259
f 786//786 785//785 68//68
f 3105//3105 3177//3177 3089//3089
f 3178//3178 3176//3176 725//725
f 784//784 771//771 3179//3179
f 3180//3180 3178//3178 725//725
f 191//191 775//775 807//807
f 790//790 729//729 794//794
f 877//877 729//729 790//790
f 1723//1723 799//799 689//689
f 689//689 690//690 1723//1723
f 884//884 1678//1678 241//241
f 260//260 759//759 724//724
f 928//928 2965//2965 3179//3179
f 3179//3179 771//771 928//928
f 258//258 724//724 77//77
f 76//76 77//77 3176//3176
f 91//91 802//802 800//800
f 3181//3181 762//762 761//761
f 2935//2935 3167//3167 3182//3182
f 876//876 3175//3175 690//690
f 634//634 843//843 632//632
f 632//632 843//843 3183//3183
f 632//632 3183//3183 915//915
f 926//926 2946//2946 959//959
f 814//814 780//780 276//276
f 3149//3149 697//697 1498//1498
f 1498//1498 710//710 3149//3149
f 622//622 791//791 3157//3157
f 621//621 622//622 3157//3157
f 876//876 777//777 776//776
f 36//36 3184//3184 2924//2924
f 1779//1779 1778//1778 1763//1763
f 1763//1763 1778//1778 3185//3185
f 190//190 2991//2991 191//191
f 690//690 788//788 1723//1723
f 779//779 3186//3186 3153//3153
f 740//740 3153//3153 3186//3186
f 3180//3180 696//696 698//698
f 789//789 696//696 3180//3180
f 787//787 786//786 800//800
f 698//698 740//740 3180//3180
f 3186//3186 3180//3180 740//740
f 3180//3180 3186//3186 3178//3178
f 779//779 748//748 3186//3186
f 3176//3176 3186//3186 748//748
f 3178//3178 3186//3186 3176//3176
f 783//783 786//786 78//78
f 2791//2791 76//76 2792//2792
f 78//78 76//76 2791//2791
f 2791//2791 783//783 78//78
f 735//735 771//771 2792//2792
f 735//735 2792//2792 748//748
f 803//803 67//67 68//68
f 34//34 2997//2997 3037//3037
f 803//803 3165//3165 2941//2941
f 2941//2941 3162//3162 803//803
f 3165//3165 784//784 2965//2965
f 2965//2965 784//784 3179//3179
f 2954//2954 2955//2955 3150//3150
f 2941//2941 3165//3165 2965//2965
f 3176//3176 748//748 2792//2792
f 3176//3176 2792//2792 76//76
f 690//690 3175//3175 788//788
f 2792//2792 771//771 784//784
f 1726//1726 2953//2953 3187//3187
f 955//955 2958//2958 956//956
f 1725//1725 2953//2953 1726//1726
f 1498//1498 3175//3175 776//776
f 774//774 1498//1498 776//776
f 696//696 3175//3175 1498//1498
f 776//776 3175//3175 876//876
f 709//709 1704//1704 708//708
f 769//769 3148//3148 3188//3188
f 3188//3188 710//710 708//708
f 3148//3148 710//710 3188//3188
f 3173//3173 3188//3188 708//708
f 3012//3012 306//306 3014//3014
f 3173//3173 305//305 766//766
f 3188//3188 3173//3173 767//767
f 3188//3188 767//767 769//769
f 305//305 3173//3173 674//674
f 1709//1709 674//674 3173//3173
f 3173//3173 766//766 767//767
f 1720//1720 1689//1689 638//638
f 759//759 725//725 724//724
f 789//789 3180//3180 725//725
f 1694//1694 789//789 759//759
f 759//759 789//789 725//725
f 864//864 790//790 781//781
f 621//621 1720//1720 796//796
f 1689//1689 1720//1720 621//621
f 1780//1780 1800//1800 1692//1692
f 22//22 30//30 1705//1705
f 132//132 801//801 802//802
f 882//882 800//800 801//801
f 787//787 800//800 882//882
f 801//801 132//132 1719//1719
f 1719//1719 132//132 134//134
f 801//801 1719//1719 882//882
f 882//882 1719//1719 797//797
f 762//762 886//886 772//772
f 820//820 819//819 40//40
f 40//40 809//809 820//820
f 772//772 819//819 762//762
f 878//878 818//818 1677//1677
f 763//763 818//818 878//878
f 763//763 878//878 877//877
f 1677//1677 818//818 820//820
f 1738//1738 3189//3189 1836//1836
f 119//119 3190//3190 1204//1204
f 1204//1204 3190//3190 816//816
f 879//879 792//792 730//730
f 810//810 3191//3191 730//730
f 852//852 851//851 885//885
f 3//3 2//2 1823//1823
f 3191//3191 860//860 879//879
f 3134//3134 273//273 272//272
f 118//118 230//230 229//229
f 3192//3192 3193//3193 1670//1670
f 172//172 1688//1688 3194//3194
f 652//652 3126//3126 13//13
f 1693//1693 264//264 1778//1778
f 266//266 264//264 1693//1693
f 1614//1614 3195//3195 3196//3196
f 1614//1614 3196//3196 3197//3197
f 817//817 1204//1204 816//816
f 816//816 3190//3190 1724//1724
f 3085//3085 947//947 1731//1731
f 849//849 850//850 838//838
f 241//241 895//895 885//885
f 180//180 874//874 887//887
f 180//180 887//887 872//872
f 821//821 870//870 853//853
f 855//855 853//853 870//870
f 3198//3198 1670//1670 3193//3193
f 3199//3199 838//838 1218//1218
f 849//849 838//838 3199//3199
f 837//837 1218//1218 838//838
f 822//822 823//823 893//893
f 871//871 118//118 226//226
f 118//118 871//871 230//230
f 230//230 893//893 31//31
f 870//870 892//892 871//871
f 822//822 892//892 870//870
f 3200//3200 1625//1625 1629//1629
f 804//804 1698//1698 1700//1700
f 1648//1648 120//120 229//229
f 1057//1057 605//605 3200//3200
f 820//820 3201//3201 1677//1677
f 728//728 1662//1662 810//810
f 3201//3201 1663//1663 1677//1677
f 3197//3197 1662//1662 1663//1663
f 3197//3197 1663//1663 3202//3202
f 810//810 1662//1662 3197//3197
f 810//810 3197//3197 3196//3196
f 1584//1584 1614//1614 3203//3203
f 3203//3203 1585//1585 1584//1584
f 671//671 30//30 217//217
f 1724//1724 1585//1585 3204//3204
f 3194//3194 3205//3205 859//859
f 3206//3206 3205//3205 3194//3194
f 1688//1688 3206//3206 3194//3194
f 3202//3202 3204//3204 1585//1585
f 3202//3202 1585//1585 3203//3203
f 3202//3202 3203//3203 3197//3197
f 3203//3203 1614//1614 3197//3197
f 3206//3206 3195//3195 3205//3205
f 3195//3195 3206//3206 3196//3196
f 1691//1691 3204//3204 3202//3202
f 3202//3202 3201//3201 1691//1691
f 3202//3202 1663//1663 3201//3201
f 820//820 1691//1691 3201//3201
f 810//810 3196//3196 3191//3191
f 3191//3191 879//879 730//730
f 860//860 3191//3191 3206//3206
f 860//860 3206//3206 1688//1688
f 3206//3206 3191//3191 3196//3196
f 1724//1724 3204//3204 816//816
f 816//816 3204//3204 808//808
f 762//762 3181//3181 886//886
f 798//798 815//815 276//276
f 276//276 275//275 798//798
f 865//865 815//815 3207//3207
f 815//815 3181//3181 3207//3207
f 242//242 1678//1678 867//867
f 865//865 814//814 815//815
f 133//133 880//880 180//180
f 1032//1032 1193//1193 1192//1192
f 1192//1192 129//129 1032//1032
f 856//856 825//825 292//292
f 831//831 1199//1199 1206//1206
f 639//639 638//638 827//827
f 3157//3157 827//827 1689//1689
f 827//827 3157//3157 791//791
f 793//793 620//620 794//794
f 872//872 832//832 894//894
f 887//887 3181//3181 872//872
f 886//886 3181//3181 887//887
f 815//815 832//832 872//872
f 815//815 872//872 3181//3181
f 253//253 886//886 887//887
f 634//634 3208//3208 844//844
f 802//802 679//679 3208//3208
f 679//679 844//844 3208//3208
f 934//934 844//844 679//679
f 891//891 844//844 934//934
f 1372//1372 3209//3209 90//90
f 3183//3183 1416//1416 915//915
f 634//634 842//842 3208//3208
f 3210//3210 3183//3183 3211//3211
f 758//758 896//896 3211//3211
f 758//758 3211//3211 891//891
f 843//843 3211//3211 3183//3183
f 891//891 3211//3211 843//843
f 842//842 132//132 3208//3208
f 132//132 802//802 3208//3208
f 462//462 2690//2690 1043//1043
f 1001//1001 2679//2679 3212//3212
f 3212//3212 85//85 1001//1001
f 3174//3174 3213//3213 2254//2254
f 1188//1188 1211//1211 906//906
f 1183//1183 1184//1184 1323//1323
f 900//900 1278//1278 757//757
f 931//931 186//186 3214//3214
f 931//931 3214//3214 2948//2948
f 1190//1190 129//129 1192//1192
f 757//757 1307//1307 913//913
f 2957//2957 2960//2960 2947//2947
f 811//811 899//899 981//981
f 962//962 899//899 811//811
f 897//897 981//981 899//899
f 1214//1214 1378//1378 1066//1066
f 3215//3215 1378//1378 1214//1214
f 3215//3215 1214//1214 1215//1215
f 1527//1527 3215//3215 1215//1215
f 964//964 3215//3215 1527//1527
f 1378//1378 3215//3215 964//964
f 1277//1277 92//92 187//187
f 900//900 92//92 1277//1277
f 934//934 92//92 900//900
f 187//187 92//92 69//69
f 69//69 67//67 187//187
f 802//802 91//91 679//679
f 1449//1449 1539//1539 1503//1503
f 1449//1449 1503//1503 1320//1320
f 3216//3216 3217//3217 3218//3218
f 929//929 930//930 1278//1278
f 1277//1277 929//929 1278//1278
f 1278//1278 930//930 1307//1307
f 1307//1307 757//757 1278//1278
f 3187//3187 338//338 295//295
f 338//338 3187//3187 2953//2953
f 926//926 2737//2737 2946//2946
f 927//927 2737//2737 926//926
f 2948//2948 3214//3214 2947//2947
f 2947//2947 3214//3214 2957//2957
f 2957//2957 3214//3214 3162//3162
f 3162//3162 3214//3214 186//186
f 803//803 3162//3162 186//186
f 2947//2947 2960//2960 961//961
f 803//803 68//68 785//785
f 1300//1300 1334//1334 1298//1298
f 295//295 961//961 2960//2960
f 295//295 2960//2960 3187//3187
f 1538//1538 1526//1526 1525//1525
f 1479//1479 1526//1526 1538//1538
f 3219//3219 1300//1300 1447//1447
f 2980//2980 3169//3169 2994//2994
f 2994//2994 3169//3169 2951//2951
f 2253//2253 2946//2946 2737//2737
f 2254//2254 2946//2946 2253//2253
f 959//959 3213//3213 957//957
f 3213//3213 959//959 2254//2254
f 922//922 155//155 944//944
f 944//944 945//945 922//922
f 2677//2677 974//974 1130//1130
f 2675//2675 2677//2677 1130//1130
f 1042//1042 2690//2690 1035//1035
f 2658//2658 1000//1000 87//87
f 1002//1002 155//155 922//922
f 3213//3213 2977//2977 957//957
f 3221//3221 3220//3220 932//932
f 2687//2687 3221//3221 2716//2716
f 491//491 869//869 500//500
f 3222//3222 2505//2505 2715//2715
f 2689//2689 1041//1041 2690//2690
f 1725//1725 2699//2699 2747//2747
f 2252//2252 501//501 3174//3174
f 946//946 2721//2721 499//499
f 3213//3213 3174//3174 2977//2977
f 3174//3174 501//501 499//499
f 499//499 2721//2721 3174//3174
f 2721//2721 812//812 3174//3174
f 3174//3174 812//812 2977//2977
f 2977//2977 812//812 813//813
f 812//812 2721//2721 963//963
f 1044//1044 1120//1120 1117//1117
f 922//922 923//923 991//991
f 1034//1034 1041//1041 7//7
f 463//463 1043//1043 1004//1004
f 462//462 1043//1043 463//463
f 991//991 463//463 1004//1004
f 1039//1039 3223//3223 1120//1120
f 1044//1044 1042//1042 1120//1120
f 1034//1034 1040//1040 985//985
f 3223//3223 1118//1118 1120//1120
f 3224//3224 86//86 760//760
f 1034//1034 1035//1035 2690//2690
f 1041//1041 1034//1034 2690//2690
f 236//236 1572//1572 1297//1297
f 261//261 1325//1325 263//263
f 1666//1666 1685//1685 1202//1202
f 2958//2958 3225//3225 2959//2959
f 3225//3225 2958//2958 955//955
f 1043//1043 1003//1003 1004//1004
f 922//922 1004//1004 1002//1002
f 991//991 1004//1004 922//922
f 86//86 3224//3224 87//87
f 1126//1126 485//485 760//760
f 1126//1126 760//760 86//86
f 86//86 482//482 1126//1126
f 909//909 2673//2673 2674//2674
f 139//139 383//383 1410//1410
f 1443//1443 1390//1390 1050//1050
f 1443//1443 1050//1050 974//974
f 1130//1130 974//974 1128//1128
f 2673//2673 909//909 9//9
f 9//9 1041//1041 2673//2673
f 3224//3224 2658//2658 87//87
f 985//985 1040//1040 987//987
f 1122//1122 363//363 2658//2658
f 364//364 363//363 1122//1122
f 365//365 364//364 8//8
f 386//386 3226//3226 727//727
f 1139//1139 2665//2665 461//461
f 994//994 107//107 105//105
f 909//909 2693//2693 365//365
f 2695//2695 2693//2693 909//909
f 2674//2674 2695//2695 909//909
f 2674//2674 2667//2667 2695//2695
f 988//988 485//485 1126//1126
f 1135//1135 486//486 485//485
f 1135//1135 485//485 988//988
f 484//484 1121//1121 760//760
f 100//100 102//102 985//985
f 1121//1121 3224//3224 760//760
f 114//114 2646//2646 2602//2602
f 114//114 2602//2602 149//149
f 986//986 100//100 985//985
f 2646//2646 1121//1121 484//484
f 986//986 1121//1121 2646//2646
f 1122//1122 3224//3224 1121//1121
f 2658//2658 3224//3224 1122//1122
f 987//987 1123//1123 986//986
f 114//114 100//100 986//986
f 2646//2646 484//484 2602//2602
f 486//486 1110//1110 2602//2602
f 2602//2602 1110//1110 149//149
f 1083//1083 996//996 1005//1005
f 1083//1083 1005//1005 1037//1037
f 996//996 1083//1083 965//965
f 997//997 1077//1077 1137//1137
f 1077//1077 966//966 1073//1073
f 2706//2706 967//967 1025//1025
f 1272//1272 167//167 1091//1091
f 1187//1187 1023//1023 1137//1137
f 1138//1138 3223//3223 1136//1136
f 90//90 3209//3209 1124//1124
f 997//997 1136//1136 102//102
f 997//997 1137//1137 1136//1136
f 102//102 1039//1039 1036//1036
f 1136//1136 1039//1039 102//102
f 1039//1039 1136//1136 3223//3223
f 985//985 102//102 1036//1036
f 966//966 967//967 2706//2706
f 1075//1075 1024//1024 1073//1073
f 1073//1073 1024//1024 1187//1187
f 1035//1035 1120//1120 1042//1042
f 1120//1120 1035//1035 1039//1039
f 1164//1164 1403//1403 1338//1338
f 487//487 2683//2683 1095//1095
f 2215//2215 2216//2216 177//177
f 243//243 1003//1003 1044//1044
f 243//243 3227//3227 1134//1134
f 1117//1117 243//243 1044//1044
f 1117//1117 1085//1085 3227//3227
f 1117//1117 3227//3227 243//243
f 1085//1085 1087//1087 3227//3227
f 1052//1052 1396//1396 194//194
f 3228//3228 1273//1273 70//70
f 1395//1395 1407//1407 1399//1399
f 1007//1007 151//151 439//439
f 1496//1496 840//840 248//248
f 88//88 1051//1051 1160//1160
f 1273//1273 1098//1098 167//167
f 1213//1213 1065//1065 1188//1188
f 1213//1213 1066//1066 1065//1065
f 1024//1024 1075//1075 1182//1182
f 1066//1066 1378//1378 1134//1134
f 1165//1165 3227//3227 1087//1087
f 1134//1134 3227//3227 1165//1165
f 1165//1165 1066//1066 1134//1134
f 79//79 1111//1111 486//486
f 79//79 486//486 1135//1135
f 1111//1111 1096//1096 1005//1005
f 1096//1096 1111//1111 1109//1109
f 1110//1110 1111//1111 1005//1005
f 1005//1005 149//149 1110//1110
f 1138//1138 1118//1118 3223//3223
f 1119//1119 1118//1118 1138//1138
f 1022//1022 1119//1119 1138//1138
f 1022//1022 1138//1138 1023//1023
f 1119//1119 1022//1022 1260//1260
f 1104//1104 1095//1095 2683//2683
f 1536//1536 1393//1393 1380//1380
f 1375//1375 1050//1050 1390//1390
f 1339//1339 1054//1054 1053//1053
f 1260//1260 1022//1022 1182//1182
f 1158//1158 1385//1385 1157//1157
f 1147//1147 1148//1148 1347//1347
f 3229//3229 1150//1150 244//244
f 1260//1260 1182//1182 1007//1007
f 1007//1007 1182//1182 1006//1006
f 248//248 1364//1364 1496//1496
f 1133//1133 1064//1064 1082//1082
f 1647//1647 975//975 1272//1272
f 764//764 975//975 1647//1647
f 765//765 764//764 1647//1647
f 1063//1063 1070//1070 247//247
f 1272//1272 975//975 1105//1105
f 1384//1384 2691//2691 2574//2574
f 245//245 2691//2691 1384//1384
f 1384//1384 244//244 245//245
f 1005//1005 1096//1096 1037//1037
f 1105//1105 977//977 245//245
f 245//245 3230//3230 1105//1105
f 3230//3230 147//147 148//148
f 3230//3230 245//245 147//147
f 1105//1105 3230//3230 1272//1272
f 148//148 72//72 3230//3230
f 3230//3230 72//72 1272//1272
f 72//72 70//70 1272//1272
f 1142//1142 1383//1383 1415//1415
f 1099//1099 1100//1100 1102//1102
f 1049//1049 1147//1147 1239//1239
f 1074//1074 1161//1161 3231//3231
f 1364//1364 1353//1353 1354//1354
f 1354//1354 1496//1496 1364//1364
f 1158//1158 3229//3229 244//244
f 1159//1159 3229//3229 1158//1158
f 90//90 1124//1124 764//764
f 246//246 1364//1364 248//248
f 71//71 1363//1363 3228//3228
f 3228//3228 70//70 71//71
f 449//449 1658//1658 1157//1157
f 1157//1157 1385//1385 449//449
f 384//384 1408//1408 3232//3232
f 973//973 1658//1658 450//450
f 384//384 3232//3232 385//385
f 1282//1282 1052//1052 1054//1054
f 902//902 71//71 72//72
f 449//449 2573//2573 451//451
f 1364//1364 1486//1486 166//166
f 1151//1151 1152//1152 901//901
f 902//902 901//901 1152//1152
f 1384//1384 1158//1158 244//244
f 234//234 236//236 1173//1173
f 2574//2574 1385//1385 1384//1384
f 1124//1124 3209//3209 1025//1025
f 1084//1084 1037//1037 1038//1038
f 1038//1038 3233//3233 1084//1084
f 108//108 46//46 1294//1294
f 2574//2574 2691//2691 3233//3233
f 3233//3233 1038//1038 2574//2574
f 1082//1082 152//152 1133//1133
f 150//150 152//152 1082//1082
f 451//451 2573//2573 1038//1038
f 449//449 1385//1385 2573//2573
f 1135//1135 989//989 1048//1048
f 79//79 1135//1135 1048//1048
f 1403//1403 1163//1163 1239//1239
f 990//990 988//988 3234//3234
f 3234//3234 988//988 1125//1125
f 1125//1125 988//988 1126//1126
f 2351//2351 1129//1129 3234//3234
f 2351//2351 3234//3234 1125//1125
f 1175//1175 1115//1115 1093//1093
f 1063//1063 1064//1064 1131//1131
f 1093//1093 1115//1115 1080//1080
f 1075//1075 3231//3231 1006//1006
f 1006//1006 1182//1182 1075//1075
f 1162//1162 1006//1006 3231//3231
f 162//162 1006//1006 1162//1162
f 3233//3233 2691//2691 1106//1106
f 1025//1025 3209//3209 2706//2706
f 977//977 1106//1106 2691//2691
f 1073//1073 966//966 2706//2706
f 1084//1084 3233//3233 1106//1106
f 1026//1026 1084//1084 1106//1106
f 2706//2706 3209//3209 1074//1074
f 1074//1074 3209//3209 1372//1372
f 1160//1160 162//162 1162//1162
f 1129//1129 990//990 3234//3234
f 1128//1128 972//972 1129//1129
f 1129//1129 972//972 990//990
f 1041//1041 2689//2689 2673//2673
f 1074//1074 3231//3231 1075//1075
f 1493//1493 3235//3235 1389//1389
f 1050//1050 1149//1149 1147//1147
f 1081//1081 1080//1080 1115//1115
f 1115//1115 1175//1175 1197//1197
f 1175//1175 1186//1186 1197//1197
f 1113//1113 1112//1112 1090//1090
f 1090//1090 1112//1112 1108//1108
f 130//130 1156//1156 182//182
f 1116//1116 1156//1156 1045//1045
f 440//440 1169//1169 1012//1012
f 1169//1169 1212//1212 1065//1065
f 1065//1065 1212//1212 1188//1188
f 1535//1535 1441//1441 1554//1554
f 1212//1212 1169//1169 440//440
f 1155//1155 1212//1212 440//440
f 1014//1014 1088//1088 933//933
f 933//933 1088//1088 145//145
f 1088//1088 1014//1014 1113//1113
f 1113//1113 1014//1014 1013//1013
f 842//842 633//633 133//133
f 1418//1418 1213//1213 1188//1188
f 1213//1213 1418//1418 1216//1216
f 1216//1216 1418//1418 1013//1013
f 898//898 1216//1216 1013//1013
f 1368//1368 1366//1366 1365//1365
f 153//153 1378//1378 964//964
f 831//831 1416//1416 829//829
f 3210//3210 1416//1416 3183//3183
f 1340//1340 1543//1543 3236//3236
f 963//963 153//153 964//964
f 146//146 1107//1107 1190//1190
f 1416//1416 3210//3210 146//146
f 1190//1190 1416//1416 146//146
f 829//829 1416//1416 1190//1190
f 1192//1192 829//829 1190//1190
f 866//866 1206//1206 1199//1199
f 1199//1199 868//868 866//866
f 1500//1500 1207//1207 1664//1664
f 1664//1664 1588//1588 1500//1500
f 916//916 1206//1206 866//866
f 1210//1210 176//176 74//74
f 1219//1219 1210//1210 74//74
f 1175//1175 1017//1017 917//917
f 1072//1072 1071//1071 1018//1018
f 863//863 862//862 1340//1340
f 1196//1196 1194//1194 1544//1544
f 873//873 1198//1198 1195//1195
f 53//53 1195//1195 1198//1198
f 181//181 1033//1033 131//131
f 1210//1210 1033//1033 181//181
f 181//181 1198//1198 1210//1210
f 1330//1330 1170//1170 1402//1402
f 1383//1383 1543//1543 1368//1368
f 3236//3236 1543//1543 1383//1383
f 1076//1076 1016//1016 862//862
f 1340//1340 862//862 1366//1366
f 1368//1368 1340//1340 1366//1366
f 1143//1143 1402//1402 1383//1383
f 1033//1033 1219//1219 1032//1032
f 1032//1032 1219//1219 1220//1220
f 1322//1322 1351//1351 1550//1550
f 1032//1032 1220//1220 1193//1193
f 1399//1399 384//384 383//383
f 1414//1414 1399//1399 383//383
f 156//156 1669//1669 1178//1178
f 1344//1344 1401//1401 1343//1343
f 1352//1352 1669//1669 1355//1355
f 1221//1221 1344//1344 1019//1019
f 921//921 73//73 3237//3237
f 3236//3236 1402//1402 1227//1227
f 1054//1054 3238//3238 1283//1283
f 1337//1337 3238//3238 1054//1054
f 1208//1208 1207//1207 1499//1499
f 1574//1574 3239//3239 1576//1576
f 3240//3240 1630//1630 3239//3239
f 1217//1217 240//240 1241//1241
f 1200//1200 1241//1241 240//240
f 1077//1077 1073//1073 1187//1187
f 996//996 1077//1077 997//997
f 1061//1061 1069//1069 1295//1295
f 1061//1061 1295//1295 1060//1060
f 1232//1232 1060//1060 1231//1231
f 1233//1233 3241//3241 3242//3242
f 1233//1233 3242//3242 1019//1019
f 1233//1233 3243//3243 3241//3241
f 3237//3237 73//73 1243//1243
f 1652//1652 1651//1651 1667//1667
f 828//828 3242//3242 75//75
f 75//75 3242//3242 3241//3241
f 1019//1019 3242//3242 828//828
f 1019//1019 828//828 1221//1221
f 75//75 3241//3241 73//73
f 1243//1243 73//73 3243//3243
f 3241//3241 3243//3243 73//73
f 921//921 3237//3237 920//920
f 3199//3199 1218//1218 3244//3244
f 3210//3210 3211//3211 896//896
f 896//896 146//146 3210//3210
f 1240//1240 919//919 920//920
f 1108//1108 1156//1156 130//130
f 1112//1112 1045//1045 1156//1156
f 1108//1108 1112//1112 1156//1156
f 1176//1176 1174//1174 907//907
f 1064//1064 1133//1133 1131//1131
f 1132//1132 1160//1160 1070//1070
f 1160//1160 1051//1051 1070//1070
f 1068//1068 3245//3245 1069//1069
f 3244//3244 1241//1241 1240//1240
f 1031//1031 1241//1241 1200//1200
f 1217//1217 1241//1241 1218//1218
f 1218//1218 1241//1241 3244//3244
f 1031//1031 1030//1030 1271//1271
f 1217//1217 837//837 895//895
f 1242//1242 849//849 3199//3199
f 1314//1314 3246//3246 1313//1313
f 1262//1262 3247//3247 3248//3248
f 3250//3250 3247//3247 3249//3249
f 3249//3249 1490//1490 3250//3250
f 1248//1248 1274//1274 1332//1332
f 1225//1225 1224//1224 1324//1324
f 1305//1305 1324//1324 1224//1224
f 1345//1345 1291//1291 1226//1226
f 1226//1226 1225//1225 1345//1345
f 1345//1345 1225//1225 1289//1289
f 1291//1291 1345//1345 1274//1274
f 1303//1303 1291//1291 3251//3251
f 1303//1303 3251//3251 1569//1569
f 1208//1208 1569//1569 3251//3251
f 1208//1208 3251//3251 1571//1571
f 1291//1291 1292//1292 3251//3251
f 1292//1292 1571//1571 3251//3251
f 1499//1499 1322//1322 1317//1317
f 1620//1620 1255//1255 1641//1641
f 1317//1317 1322//1322 1550//1550
f 115//115 116//116 1185//1185
f 1595//1595 1601//1601 125//125
f 1352//1352 1355//1355 1351//1351
f 1351//1351 1355//1355 117//117
f 117//117 1570//1570 116//116
f 117//117 1671//1671 1570//1570
f 1356//1356 1671//1671 117//117
f 1441//1441 1323//1323 1359//1359
f 1671//1671 1166//1166 1167//1167
f 848//848 1651//1651 850//850
f 2683//2683 1492//1492 1490//1490
f 1166//1166 3252//3252 1313//1313
f 1313//1313 3253//3253 1166//1166
f 1233//1233 1021//1021 3243//3243
f 1344//1344 1400//1400 1401//1401
f 1203//1203 1586//1586 1666//1666
f 1220//1220 1271//1271 1306//1306
f 3229//3229 1151//1151 1150//1150
f 192//192 1353//1353 1097//1097
f 1097//1097 1102//1102 192//192
f 1342//1342 1336//1336 1590//1590
f 1103//1103 1590//1590 1336//1336
f 1315//1315 1312//1312 1341//1341
f 1341//1341 1590//1590 1315//1315
f 1590//1590 1104//1104 1315//1315
f 1104//1104 1590//1590 1103//1103
f 3249//3249 2683//2683 1490//1490
f 1400//1400 1344//1344 863//863
f 1430//1430 136//136 1546//1546
f 863//863 1344//1344 861//861
f 1651//1651 848//848 1667//1667
f 1667//1667 848//848 1666//1666
f 290//290 292//292 825//825
f 1202//1202 1676//1676 1229//1229
f 1196//1196 1544//1544 1344//1344
f 1196//1196 1344//1344 1221//1221
f 1229//1229 1669//1669 1352//1352
f 1229//1229 1352//1352 1201//1201
f 1316//1316 1104//1104 3249//3249
f 1228//1228 1171//1171 1400//1400
f 1499//1499 1203//1203 1321//1321
f 1586//1586 1203//1203 1499//1499
f 1166//1166 1671//1671 3252//3252
f 1671//1671 1356//1356 3252//3252
f 824//824 263//263 1325//1325
f 1650//1650 262//262 979//979
f 863//863 1228//1228 1400//1400
f 1330//1330 1141//1141 1335//1335
f 1329//1329 1330//1330 1335//1335
f 1141//1141 1330//1330 1402//1402
f 1141//1141 1402//1402 1143//1143
f 1227//1227 1228//1228 3236//3236
f 585//585 640//640 1626//1626
f 3254//3254 3246//3246 1314//1314
f 3247//3247 3254//3254 1314//1314
f 1324//1324 1290//1290 1225//1225
f 1316//1316 3247//3247 1314//1314
f 1315//1315 1316//1316 1314//1314
f 115//115 1351//1351 117//117
f 1669//1669 1356//1356 1355//1355
f 3255//3255 1342//1342 1356//1356
f 1356//1356 1342//1342 1312//1312
f 1669//1669 3255//3255 1356//1356
f 1312//1312 3252//3252 1356//1356
f 1336//1336 3255//3255 1349//1349
f 1349//1349 1329//1329 1336//1336
f 3255//3255 1336//1336 1342//1342
f 1349//1349 1094//1094 1329//1329
f 3255//3255 1669//1669 156//156
f 1349//1349 3255//3255 156//156
f 167//167 168//168 1091//1091
f 1301//1301 1382//1382 1367//1367
f 1301//1301 840//840 1382//1382
f 1301//1301 841//841 840//840
f 1382//1382 1368//1368 1367//1367
f 141//141 1415//1415 1421//1421
f 1496//1496 193//193 840//840
f 902//902 1164//1164 1362//1362
f 1406//1406 1282//1282 1283//1283
f 1395//1395 1282//1282 1406//1406
f 1100//1100 1099//1099 3228//3228
f 3228//3228 1363//1363 1100//1100
f 193//193 1382//1382 840//840
f 1338//1338 1346//1346 1337//1337
f 1346//1346 1338//1338 1347//1347
f 1338//1338 1403//1403 1347//1347
f 1098//1098 3228//3228 1099//1099
f 1273//1273 3228//3228 1098//1098
f 1102//1102 1101//1101 194//194
f 1283//1283 3238//3238 1337//1337
f 1283//1283 1337//1337 1346//1346
f 3256//3256 1443//1443 941//941
f 983//983 3258//3258 3257//3257
f 1377//1377 983//983 3257//3257
f 164//164 188//188 6//6
f 1392//1392 1391//1391 3259//3259
f 1104//1104 2683//2683 3249//3249
f 1391//1391 1443//1443 3259//3259
f 1391//1391 1390//1390 1443//1443
f 1244//1244 1149//1149 1050//1050
f 1244//1244 1050//1050 1375//1375
f 71//71 902//902 1362//1362
f 1377//1377 3257//3257 1438//1438
f 136//136 169//169 138//138
f 1417//1417 938//938 4//4
f 4//4 938//938 1381//1381
f 1163//1163 1403//1403 1164//1164
f 1354//1354 192//192 193//193
f 1159//1159 1157//1157 1049//1049
f 3256//3256 3261//3261 3260//3260
f 1389//1389 3235//3235 1422//1422
f 135//135 1493//1493 1494//1494
f 1157//1157 1658//1658 1049//1049
f 1658//1658 973//973 1049//1049
f 974//974 1049//1049 973//973
f 1161//1161 1162//1162 3231//3231
f 246//246 1486//1486 1364//1364
f 1364//1364 166//166 1097//1097
f 1097//1097 166//166 1098//1098
f 1151//1151 901//901 1150//1150
f 3229//3229 1049//1049 1151//1151
f 1159//1159 1049//1049 3229//3229
f 1486//1486 168//168 166//166
f 1053//1053 1100//1100 1363//1363
f 1053//1053 1363//1363 1361//1361
f 1053//1053 1361//1361 1339//1339
f 1339//1339 1361//1361 1338//1338
f 1362//1362 1338//1338 1361//1361
f 1164//1164 1338//1338 1362//1362
f 138//138 139//139 1410//1410
f 1407//1407 1408//1408 384//384
f 1374//1374 3232//3232 1357//1357
f 1374//1374 1357//1357 1244//1244
f 3232//3232 1408//1408 1357//1357
f 136//136 135//135 1494//1494
f 194//194 1331//1331 1052//1052
f 1399//1399 3262//3262 1396//1396
f 1414//1414 3262//3262 1399//1399
f 1415//1415 3262//3262 1414//1414
f 194//194 3262//3262 1415//1415
f 1396//1396 3262//3262 194//194
f 1383//1383 1402//1402 3236//3236
f 1504//1504 1525//1525 3263//3263
f 1544//1544 1076//1076 861//861
f 1340//1340 3236//3236 1228//1228
f 1415//1415 1383//1383 193//193
f 1142//1142 1143//1143 1383//1383
f 3232//3232 3264//3264 385//385
f 1423//1423 3264//3264 3232//3232
f 1374//1374 1423//1423 3232//3232
f 2682//2682 1421//1421 1420//1420
f 1420//1420 1492//1492 2682//2682
f 2682//2682 487//487 1421//1421
f 1421//1421 487//487 141//141
f 2518//2518 2383//2383 2591//2591
f 135//135 137//137 3264//3264
f 385//385 3264//3264 137//137
f 1386//1386 1429//1429 942//942
f 1387//1387 1429//1429 1386//1386
f 385//385 137//137 1410//1410
f 1410//1410 137//137 136//136
f 1428//1428 1665//1665 1427//1427
f 3256//3256 1428//1428 3261//3261
f 3261//3261 1428//1428 188//188
f 983//983 982//982 3258//3258
f 3235//3235 1493//1493 135//135
f 3235//3235 135//135 3264//3264
f 3264//3264 1423//1423 3235//3235
f 1422//1422 3235//3235 1423//1423
f 974//974 942//942 1443//1443
f 2220//2220 2598//2598 2218//2218
f 1430//1430 1546//1546 1373//1373
f 1422//1422 1390//1390 1389//1389
f 163//163 164//164 1373//1373
f 165//165 3261//3261 188//188
f 163//163 1546//1546 1494//1494
f 5//5 1373//1373 6//6
f 3260//3260 1443//1443 3256//3256
f 3259//3259 1443//1443 3260//3260
f 3260//3260 3261//3261 3259//3259
f 3261//3261 1392//1392 3259//3259
f 1392//1392 3261//3261 165//165
f 1381//1381 1380//1380 1393//1393
f 1433//1433 1446//1446 1388//1388
f 1424//1424 940//940 938//938
f 1424//1424 938//938 1417//1417
f 1445//1445 1435//1435 1436//1436
f 1445//1445 1436//1436 1473//1473
f 1425//1425 1379//1379 939//939
f 199//199 1436//1436 1433//1433
f 1433//1433 198//198 199//199
f 1394//1394 1540//1540 4//4
f 3258//3258 1370//1370 2275//2275
f 2275//2275 1370//1370 1371//1371
f 1540//1540 1393//1393 123//123
f 1393//1393 1540//1540 1394//1394
f 1437//1437 1440//1440 1434//1434
f 1432//1432 1434//1434 1440//1440
f 1434//1434 1377//1377 1437//1437
f 1425//1425 1444//1444 1426//1426
f 3248//3248 3247//3247 3250//3250
f 1503//1503 1561//1561 1560//1560
f 1379//1379 1381//1381 939//939
f 1381//1381 938//938 939//939
f 942//942 1388//1388 943//943
f 1533//1533 1431//1431 1388//1388
f 1533//1533 1425//1425 3265//3265
f 939//939 3265//3265 1425//1425
f 1665//1665 1431//1431 940//940
f 940//940 1427//1427 1665//1665
f 1444//1444 1445//1445 1473//1473
f 1445//1445 1446//1446 1435//1435
f 3265//3265 939//939 940//940
f 1431//1431 3265//3265 940//940
f 1431//1431 1533//1533 3265//3265
f 1431//1431 1665//1665 943//943
f 1433//1433 1466//1466 1377//1377
f 1433//1433 1435//1435 1446//1446
f 1376//1376 1485//1485 1478//1478
f 1478//1478 1485//1485 1484//1484
f 942//942 1429//1429 1388//1388
f 1328//1328 346//346 347//347
f 347//347 345//345 1327//1327
f 1466//1466 1485//1485 1377//1377
f 1327//1327 345//345 982//982
f 1376//1376 1377//1377 1485//1485
f 1501//1501 1481//1481 1328//1328
f 1328//1328 1481//1481 1483//1483
f 2317//2317 2318//2318 2595//2595
f 2320//2320 2595//2595 2318//2318
f 942//942 974//974 1460//1460
f 1369//1369 1470//1470 1371//1371
f 1381//1381 1394//1394 4//4
f 3266//3266 2028//2028 1995//1995
f 159//159 1512//1512 1516//1516
f 1505//1505 1561//1561 1503//1503
f 123//123 5//5 1540//1540
f 1436//1436 1348//1348 1473//1473
f 199//199 1348//1348 1436//1436
f 123//123 1430//1430 5//5
f 1430//1430 122//122 169//169
f 1430//1430 169//169 136//136
f 1665//1665 3256//3256 941//941
f 1665//1665 1428//1428 3256//3256
f 1508//1508 1538//1538 1523//1523
f 1481//1481 1502//1502 1482//1482
f 1483//1483 1482//1482 2237//2237
f 1506//1506 1508//1508 2237//2237
f 1503//1503 1560//1560 1320//1320
f 1369//1369 346//346 1508//1508
f 2162//2162 1245//1245 1168//1168
f 1425//1425 1380//1380 1379//1379
f 1810//1810 1998//1998 1870//1870
f 1348//1348 3267//3267 1523//1523
f 1523//1523 3267//3267 1470//1470
f 1348//1348 1470//1470 3267//3267
f 200//200 1470//1470 1348//1348
f 2031//2031 1972//1972 2018//2018
f 205//205 1524//1524 1526//1526
f 1526//1526 203//203 205//205
f 983//983 1502//1502 1501//1501
f 3219//3219 1729//1729 1333//1333
f 1557//1557 3268//3268 1600//1600
f 1483//1483 346//346 1328//1328
f 1729//1729 3219//3219 1525//1525
f 1525//1525 3219//3219 3263//3263
f 204//204 2259//2259 205//205
f 3257//3257 2275//2275 1438//1438
f 3257//3257 3258//3258 2275//2275
f 200//200 1439//1439 1470//1470
f 982//982 1370//1370 3258//3258
f 984//984 1327//1327 982//982
f 3270//3270 3269//3269 2094//2094
f 929//929 187//187 186//186
f 1277//1277 187//187 929//929
f 1323//1323 1184//1184 1359//1359
f 1360//1360 1359//1359 1184//1184
f 1334//1334 3271//3271 1298//1298
f 1930//1930 1865//1865 3272//3272
f 3272//3272 3189//3189 1930//1930
f 1166//1166 3253//3253 2162//2162
f 1166//1166 2162//2162 1168//1168
f 1926//1926 3273//3273 1927//1927
f 930//930 905//905 1307//1307
f 905//905 930//930 952//952
f 1641//1641 1659//1659 223//223
f 1821//1821 1716//1716 1605//1605
f 1558//1558 3268//3268 1557//1557
f 1615//1615 213//213 1627//1627
f 1447//1447 1561//1561 1505//1505
f 1505//1505 3263//3263 3219//3219
f 3216//3216 1247//1247 3217//3217
f 3263//3263 1505//1505 1504//1504
f 1333//1333 1729//1729 1524//1524
f 1537//1537 1380//1380 1538//1538
f 1538//1538 1380//1380 1348//1348
f 1348//1348 1523//1523 1538//1538
f 1293//1293 48//48 1286//1286
f 1536//1536 1380//1380 1537//1537
f 911//911 250//250 173//173
f 3219//3219 1333//1333 1300//1300
f 1313//1313 3252//3252 1312//1312
f 1276//1276 3216//3216 1514//1514
f 1503//1503 1538//1538 1504//1504
f 1412//1412 3268//3268 1238//1238
f 3219//3219 1447//1447 1505//1505
f 1261//1261 1419//1419 1449//1449
f 1261//1261 1449//1449 1320//1320
f 2106//2106 1536//1536 1537//1537
f 3246//3246 3253//3253 1313//1313
f 918//918 1076//1076 1544//1544
f 3271//3271 1867//1867 1298//1298
f 1299//1299 1826//1826 1319//1319
f 1298//1298 1826//1826 1299//1299
f 1299//1299 1319//1319 1560//1560
f 1534//1534 1577//1577 1286//1286
f 1867//1867 1826//1826 1298//1298
f 1560//1560 1319//1319 1320//1320
f 1827//1827 1826//1826 1867//1867
f 1867//1867 1514//1514 3216//3216
f 1867//1867 3218//3218 1827//1827
f 3216//3216 3218//3218 1867//1867
f 1513//1513 1358//1358 1275//1275
f 1561//1561 1447//1447 1299//1299
f 3218//3218 1545//1545 1318//1318
f 3218//3218 1318//1318 1827//1827
f 3217//3217 1545//1545 3218//3218
f 1318//1318 1319//1319 1826//1826
f 1293//1293 1294//1294 48//48
f 1420//1420 1536//1536 1491//1491
f 2106//2106 1491//1491 1536//1536
f 2106//2106 3250//3250 1491//1491
f 3250//3250 1490//1490 1491//1491
f 3249//3249 3247//3247 1316//1316
f 1263//1263 3274//3274 3246//3246
f 3254//3254 1263//1263 3246//3246
f 3253//3253 3246//3246 3274//3274
f 1552//1552 1471//1471 196//196
f 1472//1472 1471//1471 1552//1552
f 1262//1262 3254//3254 3247//3247
f 1287//1287 1534//1534 1286//1286
f 1262//1262 3248//3248 1419//1419
f 1448//1448 3248//3248 3250//3250
f 3250//3250 2106//2106 1448//1448
f 1419//1419 3248//3248 1448//1448
f 3254//3254 1262//1262 1263//1263
f 1545//1545 3274//3274 1263//1263
f 3217//3217 3274//3274 1545//1545
f 1539//1539 1538//1538 1503//1503
f 633//633 916//916 1191//1191
f 1191//1191 880//880 633//633
f 3274//3274 3217//3217 3253//3253
f 1525//1525 1504//1504 1538//1538
f 2162//2162 3217//3217 1247//1247
f 3217//3217 2162//2162 3253//3253
f 1358//1358 1360//1360 1245//1245
f 1168//1168 1360//1360 1302//1302
f 1167//1167 1168//1168 1302//1302
f 1659//1659 1660//1660 223//223
f 1268//1268 1577//1577 1551//1551
f 1302//1302 1360//1360 1184//1184
f 1265//1265 1577//1577 1534//1534
f 1551//1551 1577//1577 1265//1265
f 1358//1358 1513//1513 1079//1079
f 1078//1078 1092//1092 1264//1264
f 1264//1264 1554//1554 1078//1078
f 108//108 1154//1154 1559//1559
f 1153//1153 1154//1154 108//108
f 1266//1266 236//236 1555//1555
f 236//236 1472//1472 1552//1552
f 1595//1595 1611//1611 1601//1601
f 212//212 1611//1611 1595//1595
f 1474//1474 1079//1079 1513//1513
f 1180//1180 1223//1223 1619//1619
f 1547//1547 1549//1549 1189//1189
f 1547//1547 1189//1189 1573//1573
f 125//125 126//126 1596//1596
f 125//125 1596//1596 1236//1236
f 1573//1573 1189//1189 197//197
f 1573//1573 197//197 1297//1297
f 197//197 1296//1296 1297//1297
f 1411//1411 1223//1223 1180//1180
f 1180//1180 1566//1566 1564//1564
f 1237//1237 1238//1238 3268//3268
f 1619//1619 1566//1566 1180//1180
f 1180//1180 1259//1259 1288//1288
f 1256//1256 1642//1642 1643//1643
f 1068//1068 1061//1061 1258//1258
f 1179//1179 3275//3275 1181//1181
f 3275//3275 1179//1179 1249//1249
f 3275//3275 1234//1234 1181//1181
f 3275//3275 1563//1563 1234//1234
f 1563//1563 3275//3275 1248//1248
f 1562//1562 1563//1563 1248//1248
f 184//184 3276//3276 1223//1223
f 1619//1619 1223//1223 3276//3276
f 3276//3276 184//184 195//195
f 1258//1258 1252//1252 1253//1253
f 3275//3275 1249//1249 1248//1248
f 1332//1332 1284//1284 1562//1562
f 1332//1332 1562//1562 1248//1248
f 1310//1310 1269//1269 910//910
f 1600//1600 236//236 1599//1599
f 236//236 1600//1600 1572//1572
f 1600//1600 1547//1547 1572//1572
f 175//175 1475//1475 1405//1405
f 175//175 1405//1405 173//173
f 1333//1333 1475//1475 1334//1334
f 1333//1333 1524//1524 1475//1475
f 1334//1334 1475//1475 3271//3271
f 3271//3271 1475//1475 1867//1867
f 2119//2119 1521//1521 1941//1941
f 2119//2119 1941//1941 3269//3269
f 1753//1753 1938//1938 3277//3277
f 1558//1558 1404//1404 1405//1405
f 3276//3276 195//195 1409//1409
f 1801//1801 1799//1799 1696//1696
f 266//266 1801//1801 1866//1866
f 280//280 279//279 1734//1734
f 1615//1615 1617//1617 214//214
f 1938//1938 3278//3278 3277//3277
f 1914//1914 286//286 1831//1831
f 712//712 1789//1789 1846//1846
f 660//660 1751//1751 271//271
f 1237//1237 1597//1597 1602//1602
f 3245//3245 3279//3279 1451//1451
f 1398//1398 1397//1397 1660//1660
f 1256//1256 1610//1610 1257//1257
f 1627//1627 1595//1595 1602//1602
f 3276//3276 1409//1409 1601//1601
f 1672//1672 1575//1575 1325//1325
f 210//210 1254//1254 211//211
f 1570//1570 1185//1185 116//116
f 1600//1600 1548//1548 1547//1547
f 1412//1412 1548//1548 3268//3268
f 1600//1600 3268//3268 1548//1548
f 1413//1413 1548//1548 1412//1412
f 1236//1236 1237//1237 1602//1602
f 1236//1236 1602//1602 125//125
f 3268//3268 1558//1558 1237//1237
f 1769//1769 1627//1627 1602//1602
f 3146//3146 1397//1397 1553//1553
f 3134//3134 1722//1722 15//15
f 273//273 3134//3134 15//15
f 1582//1582 1580//1580 1056//1056
f 1597//1597 3280//3280 1769//1769
f 1598//1598 3280//3280 1597//1597
f 1598//1598 1617//1617 3280//3280
f 1615//1615 3280//3280 1617//1617
f 3280//3280 1627//1627 1769//1769
f 1615//1615 1627//1627 3280//3280
f 1553//1553 214//214 1617//1617
f 742//742 3281//3281 648//648
f 1617//1617 1618//1618 3282//3282
f 3282//3282 1618//1618 1734//1734
f 1256//1256 1643//1643 1610//1610
f 1617//1617 3146//3146 1553//1553
f 1256//1256 1254//1254 1642//1642
f 1655//1655 1654//1654 1592//1592
f 859//859 3205//3205 857//857
f 218//218 201//201 29//29
f 1593//1593 1582//1582 1056//1056
f 3128//3128 1611//1611 212//212
f 1619//1619 3276//3276 1601//1601
f 1281//1281 1624//1624 1280//1280
f 120//120 118//118 229//229
f 3283//3283 1281//1281 1279//1279
f 1621//1621 1653//1653 1556//1556
f 1622//1622 1621//1621 1556//1556
f 3284//3284 31//31 3198//3198
f 1621//1621 1581//1581 1653//1653
f 3192//3192 889//889 3193//3193
f 3193//3193 889//889 890//890
f 889//889 3192//3192 1556//1556
f 1741//1741 1740//1740 688//688
f 3194//3194 859//859 3285//3285
f 251//251 641//641 207//207
f 1640//1640 1634//1634 1633//1633
f 3283//3283 3286//3286 3137//3137
f 1653//1653 1581//1581 3129//3129
f 1715//1715 686//686 687//687
f 1722//1722 3135//3135 858//858
f 3146//3146 1582//1582 1660//1660
f 1660//1660 1582//1582 223//223
f 223//223 1582//1582 1593//1593
f 1646//1646 3279//3279 1565//1565
f 1582//1582 1617//1617 3129//3129
f 1617//1617 1582//1582 3146//3146
f 1628//1628 1634//1634 1640//1640
f 1629//1629 1625//1625 1576//1576
f 1542//1542 1541//1541 3129//3129
f 3129//3129 1617//1617 1542//1542
f 3129//3129 1541//1541 1653//1653
f 652//652 1722//1722 651//651
f 3281//3281 742//742 1699//1699
f 1700//1700 1675//1675 806//806
f 1706//1706 219//219 1//1
f 846//846 1706//1706 3//3
f 3283//3283 3137//3137 1640//1640
f 1640//1640 3137//3137 1628//1628
f 3286//3286 3283//3283 1279//1279
f 1281//1281 3283//3283 1657//1657
f 1594//1594 1593//1593 1056//1056
f 221//221 1594//1594 3286//3286
f 3286//3286 1279//1279 221//221
f 3200//3200 1594//1594 1056//1056
f 1279//1279 1280//1280 221//221
f 1638//1638 1639//1639 1643//1643
f 1620//1620 211//211 1255//1255
f 1565//1565 1611//1611 1646//1646
f 1655//1655 1611//1611 1612//1612
f 1656//1656 1643//1643 1639//1639
f 1257//1257 3128//3128 1255//1255
f 1641//1641 1255//1255 1398//1398
f 1611//1611 1566//1566 1619//1619
f 3287//3287 1632//1632 3240//3240
f 1624//1624 1657//1657 210//210
f 1056//1056 1057//1057 3200//3200
f 1625//1625 1579//1579 1576//1576
f 3136//3136 1622//1622 3192//3192
f 3192//3192 1622//1622 1556//1556
f 1640//1640 1657//1657 3283//3283
f 3286//3286 1594//1594 3137//3137
f 1594//1594 3200//3200 3137//3137
f 3137//3137 3200//3200 1629//1629
f 1584//1584 1583//1583 1613//1613
f 663//663 653//653 651//651
f 3198//3198 856//856 1670//1670
f 892//892 230//230 871//871
f 290//290 1625//1625 605//605
f 3200//3200 605//605 1625//1625
f 3198//3198 31//31 33//33
f 1667//1667 1587//1587 1652//1652
f 1589//1589 1652//1652 1587//1587
f 893//893 230//230 892//892
f 824//824 1579//1579 290//290
f 890//890 1648//1648 3284//3284
f 888//888 1648//1648 890//890
f 856//856 3198//3198 33//33
f 1326//1326 1652//1652 1589//1589
f 3192//3192 1670//1670 3136//3136
f 3287//3287 3239//3239 1231//1231
f 1678//1678 884//884 867//867
f 292//292 3136//3136 1670//1670
f 3193//3193 3284//3284 3198//3198
f 890//890 3284//3284 3193//3193
f 1801//1801 266//266 1692//1692
f 1246//1246 1247//1247 3216//3216
f 3216//3216 1276//1276 1246//1246
f 818//818 762//762 819//819
f 3181//3181 761//761 3207//3207
f 824//824 825//825 263//263
f 264//264 265//265 978//978
f 653//653 663//663 3126//3126
f 605//605 1631//1631 291//291
f 1622//1622 291//291 1631//1631
f 120//120 1583//1583 3190//3190
f 3190//3190 1583//1583 1724//1724
f 1622//1622 3136//3136 291//291
f 119//119 120//120 3190//3190
f 855//855 226//226 225//225
f 979//979 635//635 33//33
f 3140//3140 670//670 11//11
f 1631//1631 605//605 1057//1057
f 808//808 3204//3204 1691//1691
f 875//875 867//867 884//884
f 867//867 875//875 1191//1191
f 875//875 880//880 1191//1191
f 880//880 875//875 874//874
f 229//229 31//31 3284//3284
f 3284//3284 1648//1648 229//229
f 252//252 875//875 884//884
f 647//647 1350//1350 667//667
f 1592//1592 1654//1654 3288//3288
f 3288//3288 1654//1654 1639//1639
f 3288//3288 1639//1639 1633//1633
f 1612//1612 1643//1643 1656//1656
f 1610//1610 3128//3128 1257//1257
f 1611//1611 3128//3128 1610//1610
f 1574//1574 1575//1575 1672//1672
f 1628//1628 1630//1630 1634//1634
f 1630//1630 3240//3240 1634//1634
f 1634//1634 3240//3240 1632//1632
f 1632//1632 3289//3289 3288//3288
f 3288//3288 1633//1633 1632//1632
f 3288//3288 3289//3289 1592//1592
f 3279//3279 3245//3245 1565//1565
f 3240//3240 3239//3239 3287//3287
f 1655//1655 1591//1591 1611//1611
f 1059//1059 1258//1258 1061//1061
f 1059//1059 1252//1252 1258//1258
f 1231//1231 1295//1295 3287//3287
f 3287//3287 1295//1295 3289//3289
f 1632//1632 3287//3287 3289//3289
f 1180//1180 3290//3290 1259//1259
f 1069//1069 3245//3245 1451//1451
f 1672//1672 3291//3291 1230//1230
f 1564//1564 3290//3290 1180//1180
f 1588//1588 3291//3291 1661//1661
f 1588//1588 1661//1661 1589//1589
f 3289//3289 1450//1450 1592//1592
f 3289//3289 1295//1295 1450//1450
f 3245//3245 3290//3290 1565//1565
f 1565//1565 3290//3290 1564//1564
f 3290//3290 1068//1068 1259//1259
f 1068//1068 3290//3290 3245//3245
f 1611//1611 1565//1565 1566//1566
f 1451//1451 3279//3279 1646//1646
f 1591//1591 1451//1451 1646//1646
f 1252//1252 1568//1568 1567//1567
f 1252//1252 1567//1567 1251//1251
f 1060//1060 1232//1232 3292//3292
f 3292//3292 1059//1059 1060//1060
f 1568//1568 1252//1252 3292//3292
f 1059//1059 3292//3292 1252//1252
f 1668//1668 1664//1664 1568//1568
f 1568//1568 1664//1664 1209//1209
f 1650//1650 1652//1652 262//262
f 1203//1203 1666//1666 1202//1202
f 671//671 670//670 3140//3140
f 1661//1661 3291//3291 1672//1672
f 1668//1668 3292//3292 1232//1232
f 1568//1568 3292//3292 1668//1668
f 1232//1232 3291//3291 1668//1668
f 1668//1668 3291//3291 1588//1588
f 1230//1230 3291//3291 1232//1232
f 3239//3239 1630//1630 1576//1576
f 1243//1243 848//848 849//849
f 979//979 262//262 635//635
f 33//33 635//635 856//856
f 1808//1808 24//24 666//666
f 921//921 919//919 74//74
f 3243//3243 1021//1021 3293//3293
f 1676//1676 3293//3293 1021//1021
f 1685//1685 3293//3293 1676//1676
f 848//848 3293//3293 1685//1685
f 1685//1685 1666//1666 848//848
f 3293//3293 1243//1243 3243//3243
f 1242//1242 3237//3237 1243//1243
f 3293//3293 848//848 1243//1243
f 3237//3237 1242//1242 920//920
f 1306//1306 830//830 1193//1193
f 1220//1220 1306//1306 1193//1193
f 1306//1306 1271//1271 1030//1030
f 1240//1240 1031//1031 1271//1271
f 3239//3239 1574//1574 1230//1230
f 3244//3244 920//920 1242//1242
f 3244//3244 1242//1242 3199//3199
f 850//850 1673//1673 838//838
f 838//838 1673//1673 980//980
f 1240//1240 920//920 3244//3244
f 893//893 980//980 32//32
f 823//823 980//980 893//893
f 1231//1231 3239//3239 1230//1230
f 866//866 867//867 1191//1191
f 1650//1650 1673//1673 850//850
f 1808//1808 1712//1712 795//795
f 24//24 1808//1808 795//795
f 804//804 805//805 1712//1712
f 3281//3281 1699//1699 1350//1350
f 1350//1350 648//648 3281//3281
f 1350//1350 647//647 648//648
f 671//671 3140//3140 1705//1705
f 3127//3127 1684//1684 3140//3140
f 22//22 1705//1705 1684//1684
f 1684//1684 1705//1705 3140//3140
f 670//670 672//672 12//12
f 845//845 12//12 672//672
f 846//846 1682//1682 845//845
f 671//671 217//217 216//216
f 216//216 672//672 671//671
f 216//216 846//846 672//672
f 654//654 14//14 3139//3139
f 3205//3205 3195//3195 857//857
f 1614//1614 857//857 3195//3195
f 1542//1542 857//857 1613//1613
f 1613//1613 1583//1583 1542//1542
f 3139//3139 14//14 13//13
f 654//654 658//658 644//644
f 13//13 3126//3126 3138//3138
f 49//49 50//50 143//143
f 3139//3139 13//13 3138//3138
f 1609//1609 1721//1721 1603//1603
f 3194//3194 3285//3285 172//172
f 3285//3285 272//272 172//172
f 859//859 858//858 3285//3285
f 3285//3285 858//858 3135//3135
f 272//272 3285//3285 3134//3134
f 3285//3285 3135//3135 3134//3134
f 1542//1542 858//858 857//857
f 1747//1747 1866//1866 3294//3294
f 1542//1542 1617//1617 858//858
f 272//272 170//170 172//172
f 947//947 948//948 1730//1730
f 1699//1699 742//742 1700//1700
f 1674//1674 668//668 669//669
f 668//668 1674//1674 3139//3139
f 1721//1721 1609//1609 1675//1675
f 3139//3139 1674//1674 654//654
f 1626//1626 3138//3138 3132//3132
f 3132//3132 3138//3138 663//663
f 3126//3126 663//663 3138//3138
f 652//652 665//665 1722//1722
f 665//665 15//15 1722//1722
f 215//215 1706//1706 216//216
f 170//170 273//273 1713//1713
f 273//273 14//14 1713//1713
f 170//170 1713//1713 643//643
f 609//609 62//62 707//707
f 707//707 239//239 703//703
f 1722//1722 1721//1721 651//651
f 651//651 1721//1721 3295//3295
f 3295//3295 742//742 651//651
f 1721//1721 742//742 3295//3295
f 742//742 1721//1721 1700//1700
f 29//29 202//202 30//30
f 217//217 30//30 202//202
f 1805//1805 687//687 688//688
f 2011//2011 3090//3090 3113//3113
f 1800//1800 688//688 686//686
f 1799//1799 686//686 1696//1696
f 1800//1800 686//686 1799//1799
f 1695//1695 1715//1715 3296//3296
f 1839//1839 1695//1695 3296//3296
f 1697//1697 1695//1695 1839//1839
f 3297//3297 1750//1750 1751//1751
f 1697//1697 1750//1750 3297//3297
f 949//949 1740//1740 948//948
f 1767//1767 1766//1766 3521//3521
f 1790//1790 1848//1848 1789//1789
f 949//949 1848//1848 1805//1805
f 949//949 1805//1805 1807//1807
f 949//949 1846//1846 1789//1789
f 1789//1789 1848//1848 949//949
f 1742//1742 948//948 1740//1740
f 3123//3123 420//420 418//418
f 1745//1745 1900//1900 1899//1899
f 286//286 1828//1828 284//284
f 746//746 281//281 582//582
f 1979//1979 1793//1793 1794//1794
f 577//577 38//38 1690//1690
f 577//577 1690//1690 3060//3060
f 2072//2072 1989//1989 1767//1767
f 1928//1928 745//745 3298//3298
f 1808//1808 1718//1718 1712//1712
f 3299//3299 1767//1767 3300//3300
f 2010//2010 3300//3300 1767//1767
f 3050//3050 2913//2913 3103//3103
f 3048//3048 3103//3103 3112//3112
f 1712//1712 1679//1679 795//795
f 747//747 1877//1877 3010//3010
f 1988//1988 1767//1767 1989//1989
f 3010//3010 1995//1995 747//747
f 624//624 1745//1745 1979//1979
f 1899//1899 1979//1979 1745//1745
f 2078//2078 3010//3010 320//320
f 3301//3301 1864//1864 1865//1865
f 1712//1712 218//218 1679//1679
f 766//766 3172//3172 768//768
f 1698//1698 1718//1718 1699//1699
f 1847//1847 1848//1848 3060//3060
f 1888//1888 319//319 3302//3302
f 3266//3266 1995//1995 3010//3010
f 739//739 322//322 1522//1522
f 3303//3303 1888//1888 3299//3299
f 604//604 1845//1845 602//602
f 1845//1845 604//604 1881//1881
f 1693//1693 1778//1778 1780//1780
f 1780//1780 1692//1692 1693//1693
f 316//316 1863//1863 1862//1862
f 1863//1863 316//316 726//726
f 1741//1741 1809//1809 1742//1742
f 1847//1847 3304//3304 1804//1804
f 1694//1694 759//759 274//274
f 1824//1824 1823//1823 2//2
f 3060//3060 1690//1690 3304//3304
f 1884//1884 3021//3021 1883//1883
f 1846//1846 711//711 712//712
f 1739//1739 1820//1820 1735//1735
f 726//726 711//711 1846//1846
f 1846//1846 3085//3085 726//726
f 1848//1848 1790//1790 3060//3060
f 1824//1824 2//2 1645//1645
f 3305//3305 1824//1824 1645//1645
f 1806//1806 3305//3305 1714//1714
f 1806//1806 1714//1714 687//687
f 3305//3305 1806//1806 1824//1824
f 1749//1749 278//278 280//280
f 1824//1824 1806//1806 1804//1804
f 1690//1690 1825//1825 3304//3304
f 1748//1748 269//269 1739//1739
f 1836//1836 1763//1763 752//752
f 3085//3085 1731//1731 1851//1851
f 3085//3085 1851//1851 1863//1863
f 1763//1763 3185//3185 1764//1764
f 1613//1613 857//857 1614//1614
f 1824//1824 1804//1804 3304//3304
f 1825//1825 1824//1824 3304//3304
f 3207//3207 761//761 865//865
f 1730//1730 948//948 1841//1841
f 1741//1741 688//688 1800//1800
f 1741//1741 1780//1780 1809//1809
f 1851//1851 1731//1731 1852//1852
f 1852//1852 1731//1731 1842//1842
f 1855//1855 1869//1869 676//676
f 1771//1771 1998//1998 1773//1773
f 1868//1868 1869//1869 1855//1855
f 78//78 258//258 77//77
f 1623//1623 1603//1603 1721//1721
f 666//666 1350//1350 1808//1808
f 279//279 1748//1748 1739//1739
f 1756//1756 1749//1749 1758//1758
f 1756//1756 271//271 1749//1749
f 269//269 1749//1749 271//271
f 3124//3124 3306//3306 3307//3307
f 3124//3124 3307//3307 3058//3058
f 2929//2929 3005//3005 3004//3004
f 220//220 3308//3308 1645//1645
f 1645//1645 3308//3308 3305//3305
f 3309//3309 3305//3305 3308//3308
f 3309//3309 3308//3308 3310//3310
f 3310//3310 3308//3308 220//220
f 220//220 1821//1821 3310//3310
f 1821//1821 1839//1839 3310//3310
f 1840//1840 1830//1830 1829//1829
f 1839//1839 1750//1750 1697//1697
f 3309//3309 1839//1839 3296//3296
f 3309//3309 3296//3296 3305//3305
f 1714//1714 3305//3305 3296//3296
f 1714//1714 3296//3296 1715//1715
f 3312//3312 1913//1913 3311//3311
f 1913//1913 3312//3312 1914//1914
f 752//752 1737//1737 1836//1836
f 1847//1847 3060//3060 3304//3304
f 1802//1802 1829//1829 1736//1736
f 1807//1807 1805//1805 1740//1740
f 1835//1835 1803//1803 751//751
f 1905//1905 2230//2230 1906//1906
f 3282//3282 1734//1734 279//279
f 1865//1865 1850//1850 3272//3272
f 2805//2805 2804//2804 3005//3005
f 1029//1029 3046//3046 1028//1028
f 3313//3313 2020//2020 1903//1903
f 3090//3090 3313//3313 1903//1903
f 1905//1905 1703//1703 1948//1948
f 1950//1950 1905//1905 1948//1948
f 1949//1949 1948//1948 1986//1986
f 1991//1991 3086//3086 1988//1988
f 1986//1986 1702//1702 1968//1968
f 2040//2040 2085//2085 2083//2083
f 661//661 1756//1756 1760//1760
f 1786//1786 1787//1787 1856//1856
f 3310//3310 1839//1839 3309//3309
f 220//220 1716//1716 1821//1821
f 220//220 805//805 1716//1716
f 1749//1749 1732//1732 1758//1758
f 3147//3147 3015//3015 3006//3006
f 1749//1749 1748//1748 278//278
f 1788//1788 1786//1786 1840//1840
f 1840//1840 1786//1786 744//744
f 1747//1747 265//265 1866//1866
f 661//661 1760//1760 1765//1765
f 1732//1732 1733//1733 1758//1758
f 1758//1758 1733//1733 1770//1770
f 1813//1813 1788//1788 1802//1802
f 750//750 1737//1737 752//752
f 265//265 1747//1747 1744//1744
f 1761//1761 1759//1759 1813//1813
f 1788//1788 1840//1840 1829//1829
f 1802//1802 1788//1788 1829//1829
f 1813//1813 1759//1759 1811//1811
f 1760//1760 1756//1756 1759//1759
f 1759//1759 3314//3314 1811//1811
f 1759//1759 1756//1756 3314//3314
f 1756//1756 1757//1757 3314//3314
f 1934//1934 3314//3314 1757//1757
f 1755//1755 3314//3314 1934//1934
f 1850//1850 1763//1763 1836//1836
f 1761//1761 1813//1813 1802//1802
f 1736//1736 3315//3315 1738//1738
f 3316//3316 1746//1746 1747//1747
f 2123//2123 2125//2125 2136//2136
f 1830//1830 3315//3315 1736//1736
f 745//745 1830//1830 744//744
f 1764//1764 1765//1765 1835//1835
f 1764//1764 1835//1835 751//751
f 3294//3294 1697//1697 3297//3297
f 3317//3317 1762//1762 1784//1784
f 3317//3317 1755//1755 1762//1762
f 1755//1755 3317//3317 3314//3314
f 3318//3318 3315//3315 1830//1830
f 745//745 1928//1928 3315//3315
f 1802//1802 1803//1803 1761//1761
f 1855//1855 1854//1854 1868//1868
f 1784//1784 1774//1774 1787//1787
f 1774//1774 1776//1776 1787//1787
f 1784//1784 1787//1787 3317//3317
f 1787//1787 1788//1788 1811//1811
f 1811//1811 1788//1788 1812//1812
f 3317//3317 1787//1787 1811//1811
f 3317//3317 1811//1811 3314//3314
f 745//745 3318//3318 1830//1830
f 1854//1854 1856//1856 1787//1787
f 1869//1869 678//678 676//676
f 678//678 1869//1869 1775//1775
f 3319//3319 1752//1752 1757//1757
f 1524//1524 3320//3320 1475//1475
f 1868//1868 1854//1854 1776//1776
f 1776//1776 1854//1854 1787//1787
f 1775//1775 1868//1868 1776//1776
f 1835//1835 1777//1777 1761//1761
f 1752//1752 1934//1934 1757//1757
f 1803//1803 1835//1835 1761//1761
f 1774//1774 1784//1784 1933//1933
f 1785//1785 1933//1933 1784//1784
f 1785//1785 1822//1822 1933//1933
f 3321//3321 1762//1762 1754//1754
f 1841//1841 948//948 1742//1742
f 1753//1753 3321//3321 1754//1754
f 3322//3322 3321//3321 1753//1753
f 1775//1775 1933//1933 678//678
f 1774//1774 1933//1933 1775//1775
f 3315//3315 3189//3189 1738//1738
f 2185//2185 2142//2142 427//427
f 1928//1928 3189//3189 3315//3315
f 3297//3297 1746//1746 3316//3316
f 3316//3316 3294//3294 3297//3297
f 660//660 1746//1746 1751//1751
f 1734//1734 1618//1618 1616//1616
f 1938//1938 1753//1753 1939//1939
f 3282//3282 279//279 1617//1617
f 3294//3294 3316//3316 1747//1747
f 3297//3297 1751//1751 1746//1746
f 1753//1753 1752//1752 3319//3319
f 1733//1733 3319//3319 1770//1770
f 1770//1770 3319//3319 1757//1757
f 1785//1785 1762//1762 3321//3321
f 3322//3322 3278//3278 3321//3321
f 3321//3321 3278//3278 1822//1822
f 3321//3321 1822//1822 1785//1785
f 1822//1822 3278//3278 677//677
f 1940//1940 3278//3278 1938//1938
f 1939//1939 1733//1733 1616//1616
f 1939//1939 1753//1753 1733//1733
f 1733//1733 1753//1753 3319//3319
f 1753//1753 3277//3277 3322//3322
f 1836//1836 3189//3189 3272//3272
f 1944//1944 1855//1855 3520//3520
f 1853//1853 1855//1855 1944//1944
f 1940//1940 1943//1943 3278//3278
f 676//676 677//677 3278//3278
f 1941//1941 1943//1943 3323//3323
f 1940//1940 1939//1939 3323//3323
f 1616//1616 3323//3323 1939//1939
f 1831//1831 3324//3324 1864//1864
f 1778//1778 264//264 3185//3185
f 1764//1764 3185//3185 264//264
f 978//978 265//265 1744//1744
f 1902//1902 2033//2033 2024//2024
f 1962//1962 745//745 1947//1947
f 1773//1773 1998//1998 1810//1810
f 1910//1910 1912//1912 1943//1943
f 340//340 322//322 321//321
f 3059//3059 3058//3058 3046//3046
f 1522//1522 322//322 340//340
f 1838//1838 2004//2004 2006//2006
f 3326//3326 3298//3298 3325//3325
f 3327//3327 1810//1810 1871//1871
f 1929//1929 3326//3326 3328//3328
f 1979//1979 1794//1794 624//624
f 3113//3113 1899//1899 1898//1898
f 3329//3329 3330//3330 2068//2068
f 1768//1768 1767//1767 1828//1828
f 1837//1837 2004//2004 1838//1838
f 1837//1837 283//283 2004//2004
f 3118//3118 3089//3089 3177//3177
f 1984//1984 1972//1972 2031//2031
f 1866//1866 1697//1697 3294//3294
f 1928//1928 1930//1930 3189//3189
f 264//264 978//978 1764//1764
f 1866//1866 1801//1801 1697//1697
f 2013//2013 2014//2014 2913//2913
f 3322//3322 3277//3277 3278//3278
f 1616//1616 1617//1617 3323//3323
f 1617//1617 1558//1558 1405//1405
f 1405//1405 3323//3323 1617//1617
f 1475//1475 3323//3323 1405//1405
f 3324//3324 1779//1779 1864//1864
f 1864//1864 1779//1779 1850//1850
f 3270//3270 3331//3331 1881//1881
f 2119//2119 3269//3269 3270//3270
f 3270//3270 1881//1881 2119//2119
f 1842//1842 315//315 1852//1852
f 1779//1779 3324//3324 1809//1809
f 3324//3324 1742//1742 1809//1809
f 1742//1742 3324//3324 1841//1841
f 1841//1841 3324//3324 1849//1849
f 3324//3324 1831//1831 1849//1849
f 1849//1849 1831//1831 285//285
f 1606//1606 1607//1607 2121//2121
f 2124//2124 2123//2123 3332//3332
f 2137//2137 3332//3332 2123//2123
f 1836//1836 3272//3272 1850//1850
f 3298//3298 3326//3326 1929//1929
f 1929//1929 1928//1928 3298//3298
f 1909//1909 1908//1908 2156//2156
f 2156//2156 1908//1908 1766//1766
f 1736//1736 1737//1737 750//750
f 1913//1913 1864//1864 3301//3301
f 3333//3333 3311//3311 3301//3301
f 1913//1913 3301//3301 3311//3311
f 3333//3333 3301//3301 1865//1865
f 1865//1865 1930//1930 3333//3333
f 3333//3333 1929//1929 3328//3328
f 1969//1969 3334//3334 1949//1949
f 1920//1920 3335//3335 1918//1918
f 1920//1920 1919//1919 1815//1815
f 3318//3318 745//745 3315//3315
f 2121//2121 1923//1923 310//310
f 1923//1923 2121//2121 1926//1926
f 2128//2128 2130//2130 2153//2153
f 2153//2153 2130//2130 2188//2188
f 553//553 2153//2153 2188//2188
f 1994//1994 3336//3336 2183//2183
f 2117//2117 745//745 1962//1962
f 1796//1796 1810//1810 3327//3327
f 1922//1922 2128//2128 2153//2153
f 2161//2161 3320//3320 3337//3337
f 2133//2133 2120//2120 552//552
f 2267//2267 1512//1512 2445//2445
f 1475//1475 3320//3320 3323//3323
f 205//205 3320//3320 1524//1524
f 2136//2136 3337//3337 3320//3320
f 2136//2136 3320//3320 2228//2228
f 3320//3320 2259//2259 2228//2228
f 2259//2259 3320//3320 205//205
f 1870//1870 3338//3338 1871//1871
f 3124//3124 3063//3063 3306//3306
f 3521//3521 3338//3338 3339//3339
f 1871//1871 3338//3338 3521//3521
f 3040//3040 3341//3341 3340//3340
f 3342//3342 3040//3040 3340//3340
f 1871//1871 3521//3521 3327//3327
f 1997//1997 3339//3339 3338//3338
f 1997//1997 3338//3338 1870//1870
f 1999//1999 3339//3339 1997//1997
f 3302//3302 1767//1767 3299//3299
f 3302//3302 3299//3299 1888//1888
f 3339//3339 1999//1999 2010//2010
f 2024//2024 2034//2034 607//607
f 2034//2034 1974//1974 1975//1975
f 3167//3167 3073//3073 3074//3074
f 3167//3167 3074//3074 3182//3182
f 3026//3026 2731//2731 3155//3155
f 1965//1965 59//59 1964//1964
f 341//341 309//309 308//308
f 2140//2140 341//341 308//308
f 3187//3187 2960//2960 2959//2959
f 3225//3225 1726//1726 2959//2959
f 2959//2959 1726//1726 3187//3187
f 3122//3122 3071//3071 2924//2924
f 1940//1940 3323//3323 1943//1943
f 1834//1834 2101//2101 1837//1837
f 302//302 1992//1992 1945//1945
f 3343//3343 1832//1832 1701//1701
f 3344//3344 2101//2101 1833//1833
f 1728//1728 2101//2101 3344//3344
f 3344//3344 3345//3345 1728//1728
f 1728//1728 3345//3345 1904//1904
f 3346//3346 1796//1796 3327//3327
f 1772//1772 2108//2108 3303//3303
f 3339//3339 1767//1767 3521//3521
f 1838//1838 2006//2006 1900//1900
f 3347//3347 1907//1907 3348//3348
f 1772//1772 3349//3349 2109//2109
f 1798//1798 3349//3349 1772//1772
f 1943//1943 1942//1942 1910//1910
f 3350//3350 3313//3313 2028//2028
f 3298//3298 2117//2117 3325//3325
f 3333//3333 1930//1930 1929//1929
f 2157//2157 3326//3326 3325//3325
f 3328//3328 3326//3326 3311//3311
f 3311//3311 3333//3333 3328//3328
f 1798//1798 3346//3346 3347//3347
f 1798//1798 3347//3347 3349//3349
f 3325//3325 1917//1917 1915//1915
f 2157//2157 3325//3325 1915//1915
f 3348//3348 3349//3349 3347//3347
f 1771//1771 1772//1772 3303//3303
f 3352//3352 3351//3351 1907//1907
f 1816//1816 1960//1960 3335//3335
f 1911//1911 1856//1856 1853//1853
f 1942//1942 3353//3353 2231//2231
f 1941//1941 2231//2231 3353//3353
f 1941//1941 3353//3353 1942//1942
f 2032//2032 1886//1886 1973//1973
f 1973//1973 1984//1984 2032//2032
f 1855//1855 676//676 3520//3520
f 1943//1943 3520//3520 3278//3278
f 3326//3326 2157//2157 1766//1766
f 3346//3346 1798//1798 1796//1796
f 1932//1932 1911//1911 1910//1910
f 2160//2160 2053//2053 1874//1874
f 1872//1872 2160//2160 1874//1874
f 3326//3326 1766//1766 3311//3311
f 1907//1907 1909//1909 3352//3352
f 3352//3352 1909//1909 1915//1915
f 3520//3520 676//676 3278//3278
f 1912//1912 3520//3520 1943//1943
f 2156//2156 1915//1915 1909//1909
f 3521//3521 1766//1766 3327//3327
f 712//712 3060//3060 1790//1790
f 2082//2082 2160//2160 2115//2115
f 745//745 2117//2117 3298//3298
f 1908//1908 3346//3346 1766//1766
f 3347//3347 3346//3346 1908//1908
f 1916//1916 1918//1918 3352//3352
f 1916//1916 3352//3352 1915//1915
f 1918//1918 3351//3351 3352//3352
f 3354//3354 3348//3348 1907//1907
f 3354//3354 1907//1907 3351//3351
f 3335//3335 3355//3355 3351//3351
f 3355//3355 3354//3354 3351//3351
f 3356//3356 3357//3357 3358//3358
f 3356//3356 3358//3358 317//317
f 1907//1907 3347//3347 1908//1908
f 1912//1912 1944//1944 3520//3520
f 1459//1459 366//366 1458//1458
f 3345//3345 3359//3359 1904//1904
f 657//657 3359//3359 3345//3345
f 655//655 1906//1906 2230//2230
f 1960//1960 1816//1816 1814//1814
f 3346//3346 3327//3327 1766//1766
f 2194//2194 2447//2447 112//112
f 1910//1910 2231//2231 1931//1931
f 1942//1942 2231//2231 1910//1910
f 1925//1925 2128//2128 1922//1922
f 1922//1922 1923//1923 1925//1925
f 2193//2193 2149//2149 2147//2147
f 2231//2231 3360//3360 2230//2230
f 1815//1815 1919//1919 743//743
f 1947//1947 1919//1919 1961//1961
f 2117//2117 1917//1917 3325//3325
f 1919//1919 1947//1947 743//743
f 1961//1961 1917//1917 2117//2117
f 3361//3361 3362//3362 3363//3363
f 3363//3363 582//582 3361//3361
f 3363//3363 339//339 582//582
f 2332//2332 2161//2161 3337//3337
f 2161//2161 2332//2332 2129//2129
f 655//655 3362//3362 3359//3359
f 3359//3359 657//657 655//655
f 1898//1898 2005//2005 2011//2011
f 2129//2129 2128//2128 1925//1925
f 1925//1925 1927//1927 2129//2129
f 1905//1905 2107//2107 2230//2230
f 2230//2230 2107//2107 2229//2229
f 2231//2231 2229//2229 1931//1931
f 1931//1931 2229//2229 1786//1786
f 1786//1786 1856//1856 1931//1931
f 1856//1856 1932//1932 1931//1931
f 3364//3364 1905//1905 1958//1958
f 3364//3364 1958//1958 2107//2107
f 2107//2107 1905//1905 3364//3364
f 1786//1786 3365//3365 744//744
f 2229//2229 3365//3365 1786//1786
f 2107//2107 1814//1814 2229//2229
f 743//743 3365//3365 2229//2229
f 2229//2229 1814//1814 743//743
f 744//744 3365//3365 743//743
f 1960//1960 1814//1814 1957//1957
f 1958//1958 1957//1957 1814//1814
f 1905//1905 1959//1959 1958//1958
f 1815//1815 1816//1816 1920//1920
f 1920//1920 1816//1816 3335//3335
f 1956//1956 1959//1959 1905//1905
f 1956//1956 1905//1905 1950//1950
f 3366//3366 1959//1959 1956//1956
f 3367//3367 1906//1906 656//656
f 1955//1955 1906//1906 3367//3367
f 3351//3351 1918//1918 3335//3335
f 1916//1916 1919//1919 1918//1918
f 3335//3335 3366//3366 3355//3355
f 3335//3335 1960//1960 1959//1959
f 3335//3335 1959//1959 3366//3366
f 1904//1904 3368//3368 282//282
f 1897//1897 1832//1832 3343//3343
f 1772//1772 1773//1773 1797//1797
f 3368//3368 3361//3361 582//582
f 1956//1956 1949//1949 3334//3334
f 1956//1956 3334//3334 3366//3366
f 3368//3368 582//582 282//282
f 1955//1955 3343//3343 1701//1701
f 1701//1701 1703//1703 1955//1955
f 3357//3357 3369//3369 3355//3355
f 3368//3368 3359//3359 3362//3362
f 3361//3361 3368//3368 3362//3362
f 3370//3370 2012//2012 2013//2013
f 3091//3091 3370//3370 2013//2013
f 3345//3345 3344//3344 656//656
f 656//656 1833//1833 1897//1897
f 656//656 3344//3344 1833//1833
f 3343//3343 656//656 1897//1897
f 3345//3345 656//656 657//657
f 3343//3343 3367//3367 656//656
f 1955//1955 3367//3367 3343//3343
f 655//655 656//656 1906//1906
f 1919//1919 1917//1917 1961//1961
f 1917//1917 1919//1919 1916//1916
f 3355//3355 3366//3366 3334//3334
f 3355//3355 3369//3369 3354//3354
f 3359//3359 3368//3368 1904//1904
f 1969//1969 1945//1945 1991//1991
f 1945//1945 1967//1967 1946//1946
f 314//314 304//304 303//303
f 1745//1745 2058//2058 312//312
f 3371//3371 313//313 1834//1834
f 1834//1834 1838//1838 3371//3371
f 312//312 2058//2058 314//314
f 1745//1745 570//570 2058//2058
f 1834//1834 313//313 1832//1832
f 1832//1832 313//313 601//601
f 601//601 313//313 314//314
f 3371//3371 312//312 313//313
f 1838//1838 1900//1900 3371//3371
f 312//312 1900//1900 1745//1745
f 1900//1900 312//312 3371//3371
f 1946//1946 1967//1967 303//303
f 601//601 303//303 1701//1701
f 303//303 1968//1968 1701//1701
f 1832//1832 601//601 1701//1701
f 2092//2092 2018//2018 3372//3372
f 2092//2092 3372//3372 3086//3086
f 2059//2059 1970//1970 2060//2060
f 3373//3373 1967//1967 1945//1945
f 1986//1986 1967//1967 3373//3373
f 3086//3086 3372//3372 2059//2059
f 2059//2059 3372//3372 1970//1970
f 1970//1970 3372//3372 2018//2018
f 3373//3373 1945//1945 1949//1949
f 3373//3373 1949//1949 1986//1986
f 1703//1703 1702//1702 1986//1986
f 1986//1986 1948//1948 1703//1703
f 1946//1946 303//303 302//302
f 2083//2083 2085//2085 2077//2077
f 1903//1903 2020//2020 1902//1902
f 3340//3340 3374//3374 3042//3042
f 3342//3342 3340//3340 3042//3042
f 3125//3125 1992//1992 302//302
f 2020//2020 3313//3313 2081//2081
f 1991//1991 1992//1992 3086//3086
f 1981//1981 3082//3082 3375//3375
f 3329//3329 2068//2068 1971//1971
f 1971//1971 3376//3376 1970//1970
f 3376//3376 1971//1971 2068//2068
f 1970//1970 3376//3376 2068//2068
f 1989//1989 2072//2072 1990//1990
f 3370//3370 2074//2074 1973//1973
f 2012//2012 3370//3370 1973//1973
f 1767//1767 3339//3339 2010//2010
f 2108//2108 1889//1889 1888//1888
f 2024//2024 1901//1901 1902//1902
f 2005//2005 2004//2004 1885//1885
f 2072//2072 1969//1969 1991//1991
f 2113//2113 569//569 2031//2031
f 1984//1984 1973//1973 2074//2074
f 2895//2895 3377//3377 1819//1819
f 3377//3377 2895//2895 2896//2896
f 2012//2012 1973//1973 1887//1887
f 1888//1888 3303//3303 2108//2108
f 568//568 569//569 2113//2113
f 2031//2031 569//569 2032//2032
f 2109//2109 3349//3349 3348//3348
f 2156//2156 1766//1766 2157//2157
f 1766//1766 1768//1768 3311//3311
f 3312//3312 3311//3311 1768//1768
f 3357//3357 3356//3356 3369//3369
f 3369//3369 3356//3356 3378//3378
f 3356//3356 3379//3379 3378//3378
f 3379//3379 2109//2109 3378//3378
f 3379//3379 1889//1889 2109//2109
f 317//317 1889//1889 3379//3379
f 3356//3356 317//317 3379//3379
f 3380//3380 317//317 3358//3358
f 3358//3358 1969//1969 3380//3380
f 1969//1969 3358//3358 3334//3334
f 286//286 1914//1914 1828//1828
f 3383//3383 3382//3382 3381//3381
f 1768//1768 1828//1828 1914//1914
f 3312//3312 1768//1768 1914//1914
f 3384//3384 1969//1969 318//318
f 3384//3384 3380//3380 1969//1969
f 318//318 3380//3380 3384//3384
f 318//318 317//317 3380//3380
f 3358//3358 3357//3357 3334//3334
f 3355//3355 3334//3334 3357//3357
f 3378//3378 3348//3348 3369//3369
f 3369//3369 3348//3348 3354//3354
f 3103//3103 3039//3039 3112//3112
f 3348//3348 3378//3378 2109//2109
f 1969//1969 2072//2072 319//319
f 1969//1969 319//319 318//318
f 2072//2072 3302//3302 319//319
f 1767//1767 3302//3302 2072//2072
f 1901//1901 1793//1793 3080//3080
f 2109//2109 1889//1889 2108//2108
f 2005//2005 1898//1898 2006//2006
f 3113//3113 3090//3090 3080//3080
f 603//603 1978//1978 1636//1636
f 2010//2010 1771//1771 3300//3300
f 298//298 297//297 712//712
f 2011//2011 3113//3113 1898//1898
f 3015//3015 3147//3147 3041//3041
f 3041//3041 3147//3147 3078//3078
f 2011//2011 2028//2028 3090//3090
f 3090//3090 2028//2028 3313//3313
f 3303//3303 3300//3300 1771//1771
f 3300//3300 3303//3303 3299//3299
f 746//746 1877//1877 747//747
f 3266//3266 3010//3010 2078//2078
f 3350//3350 3266//3266 2078//2078
f 2028//2028 3266//3266 3350//3350
f 1635//1635 1637//1637 3350//3350
f 1635//1635 3350//3350 2078//2078
f 2887//2887 2800//2800 2900//2900
f 543//543 2029//2029 525//525
f 2789//2789 3119//3119 2899//2899
f 607//607 2034//2034 2017//2017
f 607//607 2017//2017 2016//2016
f 2017//2017 2034//2034 1975//1975
f 3070//3070 2015//2015 2073//2073
f 3092//3092 3115//3115 2067//2067
f 2800//2800 2050//2050 2070//2070
f 3115//3115 2800//2800 2070//2070
f 2900//2900 2800//2800 3115//3115
f 2070//2070 2050//2050 2071//2071
f 3093//3093 523//523 3092//3092
f 2901//2901 2001//2001 1964//1964
f 3385//3385 2009//2009 58//58
f 58//58 2009//2009 60//60
f 3385//3385 2056//2056 2057//2057
f 2051//2051 2131//2131 2887//2887
f 2035//2035 523//523 3093//3093
f 3093//3093 2086//2086 2035//2035
f 523//523 524//524 3092//3092
f 58//58 2056//2056 3385//3385
f 2900//2900 524//524 2030//2030
f 2992//2992 2886//2886 2889//2889
f 2992//2992 2889//2889 2897//2897
f 2897//2897 617//617 2992//2992
f 617//617 2897//2897 618//618
f 1874//1874 543//543 525//525
f 2053//2053 543//543 1874//1874
f 2035//2035 2054//2054 525//525
f 2081//2081 3350//3350 1637//1637
f 3313//3313 3350//3350 2081//2081
f 3386//3386 2057//2057 2008//2008
f 2099//2099 2054//2054 2035//2035
f 2099//2099 2035//2035 2086//2086
f 1966//1966 2001//2001 2002//2002
f 1891//1891 1966//1966 2002//2002
f 2088//2088 2039//2039 2087//2087
f 2003//2003 1890//1890 2002//2002
f 2099//2099 1873//1873 2054//2054
f 1891//1891 2002//2002 1890//1890
f 3115//3115 2038//2038 2067//2067
f 2070//2070 2038//2038 3115//3115
f 1902//1902 1974//1974 2033//2033
f 3387//3387 359//359 357//357
f 1890//1890 528//528 526//526
f 359//359 3387//3387 323//323
f 323//323 325//325 359//359
f 323//323 3387//3387 593//593
f 593//593 2102//2102 323//323
f 1881//1881 3331//3331 1843//1843
f 2114//2114 2183//2183 3336//3336
f 324//324 2053//2053 2082//2082
f 539//539 538//538 2025//2025
f 527//527 2025//2025 538//538
f 1976//1976 2019//2019 1993//1993
f 1976//1976 1993//1993 393//393
f 596//596 595//595 3096//3096
f 3387//3387 594//594 593//593
f 466//466 2559//2559 476//476
f 2008//2008 527//527 3386//3386
f 1009//1009 2825//2825 2832//2832
f 2131//2131 2132//2132 2888//2888
f 58//58 59//59 1965//1965
f 2783//2783 2854//2854 2057//2057
f 2835//2835 2858//2858 2864//2864
f 2912//2912 2835//2835 2864//2864
f 2535//2535 405//405 2576//2576
f 528//528 2025//2025 527//527
f 2025//2025 528//528 2026//2026
f 2150//2150 2453//2453 3388//3388
f 357//357 358//358 2132//2132
f 2186//2186 2185//2185 428//428
f 427//427 428//428 2185//2185
f 527//527 2522//2522 3386//3386
f 594//594 2132//2132 2052//2052
f 2003//2003 2132//2132 2103//2103
f 2858//2858 2132//2132 2003//2003
f 2103//2103 2132//2132 3389//3389
f 594//594 357//357 2132//2132
f 3387//3387 357//357 594//594
f 3337//3337 2136//2136 2125//2125
f 2888//2888 2132//2132 2838//2838
f 529//529 405//405 2536//2536
f 2009//2009 2855//2855 2869//2869
f 2869//2869 2855//2855 3390//3390
f 2855//2855 2009//2009 3385//3385
f 3108//3108 3056//3056 60//60
f 3108//3108 60//60 529//529
f 1902//1902 2019//2019 1974//1974
f 2085//2085 2067//2067 2077//2077
f 2067//2067 2085//2085 3093//3093
f 1637//1637 1993//1993 2081//2081
f 3093//3093 2085//2085 2086//2086
f 3125//3125 2089//2089 1992//1992
f 1992//1992 2089//2089 3391//3391
f 1992//1992 3391//3391 3086//3086
f 2113//2113 2089//2089 3125//3125
f 3125//3125 568//568 2113//2113
f 3125//3125 304//304 568//568
f 3391//3391 2089//2089 2092//2092
f 3391//3391 2092//2092 3086//3086
f 1977//1977 1978//1978 3392//3392
f 3392//3392 1978//1978 602//602
f 2000//2000 2080//2080 602//602
f 602//602 2080//2080 3392//3392
f 3392//3392 2080//2080 2039//2039
f 3392//3392 2039//2039 2088//2088
f 3392//3392 2088//2088 1977//1977
f 2039//2039 2079//2079 2084//2084
f 2000//2000 2079//2079 2080//2080
f 2084//2084 2079//2079 2099//2099
f 2099//2099 2079//2079 2111//2111
f 1873//1873 2099//2099 2111//2111
f 2111//2111 2079//2079 2000//2000
f 2082//2082 2115//2115 1921//1921
f 1921//1921 2115//2115 1606//1606
f 1791//1791 1792//1792 3393//3393
f 1859//1859 1607//1607 1608//1608
f 1606//1606 2122//2122 1921//1921
f 2026//2026 3100//3100 2027//2027
f 2155//2155 2133//2133 552//552
f 1875//1875 1876//1876 428//428
f 342//342 343//343 357//357
f 3394//3394 1875//1875 428//428
f 2461//2461 3394//3394 428//428
f 422//422 412//412 421//421
f 428//428 1876//1876 2186//2186
f 1926//1926 1607//1607 3273//3273
f 539//539 2110//2110 537//537
f 2522//2522 537//537 1875//1875
f 1880//1880 2114//2114 2112//2112
f 528//528 1890//1890 2003//2003
f 2003//2003 2103//2103 528//528
f 528//528 2103//2103 2026//2026
f 2483//2483 2420//2420 2238//2238
f 2114//2114 3336//3336 3393//3393
f 2111//2111 1880//1880 2112//2112
f 739//739 1924//1924 1996//1996
f 2183//2183 2093//2093 1994//1994
f 1924//1924 739//739 1522//1522
f 1941//1941 3360//3360 2231//2231
f 3395//3395 2095//2095 2093//2093
f 2000//2000 1845//1845 1879//1879
f 1844//1844 1879//1879 1845//1845
f 2112//2112 2114//2114 3396//3396
f 2112//2112 3396//3396 1872//1872
f 1872//1872 1873//1873 2112//2112
f 1994//1994 1791//1791 3336//3336
f 2094//2094 1858//1858 1857//1857
f 2183//2183 3395//3395 2093//2093
f 3395//3395 1844//1844 1843//1843
f 1844//1844 3395//3395 1878//1878
f 1878//1878 3395//3395 2183//2183
f 3331//3331 2094//2094 2095//2095
f 3270//3270 2094//2094 3331//3331
f 1843//1843 3331//3331 2095//2095
f 1843//1843 2095//2095 3395//3395
f 2161//2161 3397//3397 3320//3320
f 3269//3269 1941//1941 3323//3323
f 3320//3320 3397//3397 3269//3269
f 3269//3269 3323//3323 3320//3320
f 2118//2118 2126//2126 1927//1927
f 3397//3397 1858//1858 2094//2094
f 1927//1927 3273//3273 2118//2118
f 3360//3360 3363//3363 2230//2230
f 2118//2118 3397//3397 2126//2126
f 1858//1858 3397//3397 2118//2118
f 3363//3363 340//340 339//339
f 2094//2094 3269//3269 3397//3397
f 3360//3360 1941//1941 340//340
f 3360//3360 340//340 3363//3363
f 3362//3362 2230//2230 3363//3363
f 2161//2161 2127//2127 2126//2126
f 1859//1859 2118//2118 3273//3273
f 3397//3397 2161//2161 2126//2126
f 2289//2289 2184//2184 2027//2027
f 2167//2167 2182//2182 2166//2166
f 358//358 2141//2141 397//397
f 2184//2184 2186//2186 2027//2027
f 2155//2155 2188//2188 2331//2331
f 3398//3398 3100//3100 2104//2104
f 2105//2105 3398//3398 2104//2104
f 3362//3362 655//655 2230//2230
f 3399//3399 2227//2227 2105//2105
f 3400//3400 2326//2326 2142//2142
f 2453//2453 2151//2151 2452//2452
f 2129//2129 1927//1927 2127//2127
f 3332//3332 2226//2226 2331//2331
f 2184//2184 2289//2289 2185//2185
f 3100//3100 2026//2026 2104//2104
f 2104//2104 2026//2026 2103//2103
f 2115//2115 2160//2160 1792//1792
f 2160//2160 1872//1872 3396//3396
f 1792//1792 2160//2160 3396//3396
f 1792//1792 3396//3396 3393//3393
f 3393//3393 3396//3396 2114//2114
f 3393//3393 3336//3336 1791//1791
f 1607//1607 1859//1859 3273//3273
f 429//429 2461//2461 428//428
f 2141//2141 358//358 343//343
f 537//537 2110//2110 1876//1876
f 2461//2461 1875//1875 3394//3394
f 2140//2140 343//343 341//341
f 1875//1875 3386//3386 2522//2522
f 2057//2057 3386//3386 1875//1875
f 2057//2057 1875//1875 2783//2783
f 2187//2187 3337//3337 2125//2125
f 2332//2332 3337//3337 2187//2187
f 2526//2526 473//473 474//474
f 2770//2770 512//512 3401//3401
f 2341//2341 459//459 390//390
f 2520//2520 2523//2523 2528//2528
f 2528//2528 472//472 2520//2520
f 3400//3400 2142//2142 2289//2289
f 2583//2583 2579//2579 2491//2491
f 354//354 2491//2491 2579//2579
f 2180//2180 2349//2349 2469//2469
f 3402//3402 2321//2321 2175//2175
f 2500//2500 3402//3402 2175//2175
f 2494//2494 2366//2366 3403//3403
f 397//397 2141//2141 2349//2349
f 112//112 2447//2447 113//113
f 2065//2065 2432//2432 111//111
f 2065//2065 2066//2066 2432//2432
f 1507//1507 2258//2258 2446//2446
f 2258//2258 2267//2267 2446//2446
f 2908//2908 2973//2973 2878//2878
f 2742//2742 1892//1892 936//936
f 936//936 1892//1892 2697//2697
f 3400//3400 2289//2289 3100//3100
f 2214//2214 1519//1519 329//329
f 1518//1518 1519//1519 2214//2214
f 2164//2164 2141//2141 2120//2120
f 2120//2120 2141//2141 2140//2140
f 2227//2227 3399//3399 2147//2147
f 2147//2147 2148//2148 2227//2227
f 3399//3399 2194//2194 2147//2147
f 2147//2147 2194//2194 2193//2193
f 2194//2194 3399//3399 3389//3389
f 2105//2105 2227//2227 3400//3400
f 3398//3398 3400//3400 3100//3100
f 2105//2105 3400//3400 3398//3398
f 2174//2174 2173//2173 426//426
f 2479//2479 2064//2064 2525//2525
f 2508//2508 628//628 2510//2510
f 2510//2510 628//628 629//629
f 2105//2105 2103//2103 3399//3399
f 3389//3389 3399//3399 2103//2103
f 2212//2212 2330//2330 2165//2165
f 2555//2555 3404//3404 513//513
f 2164//2164 2349//2349 2141//2141
f 2432//2432 2066//2066 3405//3405
f 2212//2212 2251//2251 2330//2330
f 2224//2224 2207//2207 2241//2241
f 427//427 2143//2143 429//429
f 2463//2463 2464//2464 3406//3406
f 2325//2325 2192//2192 2191//2191
f 2175//2175 423//423 2500//2500
f 3332//3332 2331//2331 2188//2188
f 3407//3407 2963//2963 2962//2962
f 2479//2479 2963//2963 3407//3407
f 2326//2326 2325//2325 2176//2176
f 553//553 2188//2188 2155//2155
f 422//422 2192//2192 2148//2148
f 2349//2349 2348//2348 397//397
f 2142//2142 2326//2326 2176//2176
f 2227//2227 2326//2326 3400//3400
f 2223//2223 2447//2447 358//358
f 2166//2166 2484//2484 2250//2250
f 3332//3332 2188//2188 2124//2124
f 3332//3332 2137//2137 2226//2226
f 3406//3406 2485//2485 2463//2463
f 1468//1468 1467//1467 3408//3408
f 2292//2292 2457//2457 2477//2477
f 2194//2194 358//358 2447//2447
f 2143//2143 2144//2144 429//429
f 2201//2201 2321//2321 2461//2461
f 2207//2207 2224//2224 2273//2273
f 414//414 2148//2148 2149//2149
f 422//422 2148//2148 414//414
f 2212//2212 2165//2165 2209//2209
f 2905//2905 2225//2225 2260//2260
f 2905//2905 2260//2260 2135//2135
f 358//358 2194//2194 3389//3389
f 289//289 2226//2226 288//288
f 2284//2284 2189//2189 454//454
f 2464//2464 413//413 3407//3407
f 3407//3407 413//413 3405//3405
f 2152//2152 2150//2150 2485//2485
f 2454//2454 2452//2452 2500//2500
f 2454//2454 3388//3388 2453//2453
f 2829//2829 2786//2786 2787//2787
f 2236//2236 2428//2428 2198//2198
f 2457//2457 2418//2418 2477//2477
f 1517//1517 2250//2250 2241//2241
f 1517//1517 2241//2241 2207//2207
f 502//502 2460//2460 2203//2203
f 311//311 3409//3409 2149//2149
f 2432//2432 3409//3409 311//311
f 3410//3410 3409//3409 2432//2432
f 2432//2432 3405//3405 3410//3410
f 113//113 2223//2223 395//395
f 397//397 395//395 2223//2223
f 2181//2181 2182//2182 2167//2167
f 2460//2460 502//502 396//396
f 2261//2261 2134//2134 2135//2135
f 3411//3411 2469//2469 2261//2261
f 2261//2261 2469//2469 2134//2134
f 2267//2267 2258//2258 352//352
f 1510//1510 2267//2267 352//352
f 3411//3411 2180//2180 2469//2469
f 2180//2180 3411//3411 2182//2182
f 3411//3411 2221//2221 2182//2182
f 2261//2261 2221//2221 3411//3411
f 2260//2260 2221//2221 2261//2261
f 2166//2166 2221//2221 2484//2484
f 2484//2484 2221//2221 2260//2260
f 160//160 1516//1516 2235//2235
f 2330//2330 2251//2251 2199//2199
f 2199//2199 2251//2251 2200//2200
f 2167//2167 2330//2330 2199//2199
f 2199//2199 2459//2459 2167//2167
f 2217//2217 2334//2334 2297//2297
f 3412//3412 2363//2363 2316//2316
f 2315//2315 2316//2316 391//391
f 2428//2428 2170//2170 2272//2272
f 2236//2236 2170//2170 2428//2428
f 3409//3409 3410//3410 2149//2149
f 414//414 2149//2149 3410//3410
f 422//422 414//414 412//412
f 413//413 3410//3410 3405//3405
f 1507//1507 1687//1687 407//407
f 161//161 494//494 2214//2214
f 159//159 2266//2266 1512//1512
f 2445//2445 1512//1512 2266//2266
f 329//329 330//330 2214//2214
f 2214//2214 330//330 161//161
f 2272//2272 454//454 452//452
f 452//452 2428//2428 2272//2272
f 2274//2274 331//331 2262//2262
f 2262//2262 331//331 329//329
f 2284//2284 454//454 2235//2235
f 2235//2235 454//454 2272//2272
f 2280//2280 2190//2190 408//408
f 2190//2190 2282//2282 408//408
f 2334//2334 2217//2217 2215//2215
f 1686//1686 1687//1687 2271//2271
f 352//352 2258//2258 351//351
f 2446//2446 2445//2445 2266//2266
f 1861//1861 2446//2446 2274//2274
f 1495//1495 1476//1476 1477//1477
f 1477//1477 1455//1455 1495//1495
f 1497//1497 3413//3413 1456//1456
f 1456//1456 1461//1461 1497//1497
f 1477//1477 1484//1484 1455//1455
f 1508//1508 2446//2446 1861//1861
f 1861//1861 1860//1860 1508//1508
f 331//331 2446//2446 2266//2266
f 2139//2139 2138//2138 1488//1488
f 2138//2138 2271//2271 1488//1488
f 1487//1487 1488//1488 2271//2271
f 2270//2270 1507//1507 1487//1487
f 2271//2271 2270//2270 1487//1487
f 366//366 2329//2329 368//368
f 2100//2100 2139//2139 1488//1488
f 1528//1528 2139//2139 2100//2100
f 370//370 1529//1529 371//371
f 371//371 1529//1529 1528//1528
f 1528//1528 349//349 371//371
f 2138//2138 1530//1530 2355//2355
f 2276//2276 2355//2355 1530//1530
f 2409//2409 2451//2451 458//458
f 1686//1686 2271//2271 2355//2355
f 2138//2138 2355//2355 2271//2271
f 3410//3410 413//413 414//414
f 2486//2486 2485//2485 3406//3406
f 2437//2437 2412//2412 2413//2413
f 2413//2413 2489//2489 2437//2437
f 2580//2580 2963//2963 2179//2179
f 2580//2580 2179//2179 2177//2177
f 2393//2393 3412//3412 2243//2243
f 2316//2316 2314//2314 2335//2335
f 3412//3412 2335//2335 2242//2242
f 2242//2242 2243//2243 3412//3412
f 1467//1467 2334//2334 2269//2269
f 1468//1468 2295//2295 2299//2299
f 2320//2320 2297//2297 2595//2595
f 3408//3408 2211//2211 2293//2293
f 2268//2268 2211//2211 3408//3408
f 1480//1480 1478//1478 1476//1476
f 1453//1453 2269//2269 2334//2334
f 1467//1467 2268//2268 3408//3408
f 2211//2211 2268//2268 2269//2269
f 2299//2299 1509//1509 1468//1468
f 1507//1507 1452//1452 1487//1487
f 1506//1506 1482//1482 1507//1507
f 2297//2297 1509//1509 2288//2288
f 1489//1489 1452//1452 1458//1458
f 1452//1452 1489//1489 1487//1487
f 1495//1495 1454//1454 2300//2300
f 2295//2295 1468//1468 3408//3408
f 2286//2286 2295//2295 2294//2294
f 2211//2211 1452//1452 1482//1482
f 1507//1507 1482//1482 1452//1452
f 1508//1508 1507//1507 2446//2446
f 2446//2446 331//331 2274//2274
f 1459//1459 2329//2329 366//366
f 2293//2293 2295//2295 3408//3408
f 2334//2334 2215//2215 1453//1453
f 2286//2286 1495//1495 2300//2300
f 2286//2286 2300//2300 2299//2299
f 2286//2286 2299//2299 2295//2295
f 2300//2300 1454//1454 2288//2288
f 1456//1456 2287//2287 1454//1454
f 1482//1482 1506//1506 2237//2237
f 2228//2228 1861//1861 2274//2274
f 2274//2274 2265//2265 2228//2228
f 1502//1502 3414//3414 2211//2211
f 2211//2211 3414//3414 2293//2293
f 2294//2294 2293//2293 3414//3414
f 1476//1476 3414//3414 1376//1376
f 3414//3414 1476//1476 2294//2294
f 1476//1476 2286//2286 2294//2294
f 3414//3414 1502//1502 1376//1376
f 1456//1456 3413//3413 2287//2287
f 2304//2304 2287//2287 3413//3413
f 2307//2307 2287//2287 2304//2304
f 2307//2307 2304//2304 2302//2302
f 1386//1386 1460//1460 1462//1462
f 2304//2304 3413//3413 1497//1497
f 2304//2304 1497//1497 1460//1460
f 2311//2311 2313//2313 2308//2308
f 2313//2313 2319//2319 2318//2318
f 2318//2318 2302//2302 3415//3415
f 2303//2303 3415//3415 2302//2302
f 2308//2308 2313//2313 3415//3415
f 3415//3415 2313//2313 2318//2318
f 2303//2303 2308//2308 3415//3415
f 1460//1460 2308//2308 2304//2304
f 380//380 2308//2308 2629//2629
f 2311//2311 2308//2308 380//380
f 2585//2585 2632//2632 2584//2584
f 2584//2584 2632//2632 2676//2676
f 2246//2246 2245//2245 356//356
f 2684//2684 2333//2333 2340//2340
f 2340//2340 2333//2333 372//372
f 2388//2388 2340//2340 372//372
f 2329//2329 2309//2309 3416//3416
f 2216//2216 2309//2309 2329//2329
f 3417//3417 3416//3416 2309//2309
f 2309//2309 2406//2406 3417//3417
f 2406//2406 2309//2309 2319//2319
f 2298//2298 2319//2319 2309//2309
f 2298//2298 2297//2297 2320//2320
f 2320//2320 2319//2319 2298//2298
f 2323//2323 2407//2407 2324//2324
f 2405//2405 2406//2406 2312//2312
f 2406//2406 2319//2319 2312//2312
f 2313//2313 2312//2312 2319//2319
f 2329//2329 3416//3416 2328//2328
f 2328//2328 3416//3416 3417//3417
f 2310//2310 3418//3418 3419//3419
f 2384//2384 2571//2571 2219//2219
f 3420//3420 2571//2571 2384//2384
f 2570//2570 3421//3421 2337//2337
f 350//350 2327//2327 369//369
f 411//411 2154//2154 350//350
f 2264//2264 2154//2154 367//367
f 1458//1458 2285//2285 1489//1489
f 348//348 2285//2285 411//411
f 2222//2222 367//367 411//411
f 382//382 2327//2327 2263//2263
f 2290//2290 382//382 2263//2263
f 2263//2263 2327//2327 2154//2154
f 2154//2154 2327//2327 350//350
f 380//380 2571//2571 3420//3420
f 444//444 2399//2399 2291//2291
f 2487//2487 2399//2399 444//444
f 444//444 2291//2291 446//446
f 2290//2290 446//446 2291//2291
f 2291//2291 2399//2399 381//381
f 382//382 2291//2291 381//381
f 2323//2323 2328//2328 2407//2407
f 3417//3417 2407//2407 2328//2328
f 2322//2322 2305//2305 2323//2323
f 2323//2323 2305//2305 2328//2328
f 2328//2328 2305//2305 368//368
f 2264//2264 368//368 2305//2305
f 532//532 2290//2290 2306//2306
f 532//532 531//531 446//446
f 446//446 2290//2290 532//532
f 2570//2570 2336//2336 3418//3418
f 2322//2322 2324//2324 533//533
f 533//533 2324//2324 2336//2336
f 3417//3417 2406//2406 2407//2407
f 3419//3419 2324//2324 2407//2407
f 2405//2405 3419//3419 2407//2407
f 2405//2405 2310//2310 3419//3419
f 2312//2312 2310//2310 2405//2405
f 2570//2570 3418//3418 2392//2392
f 3419//3419 3418//3418 2336//2336
f 2336//2336 2324//2324 3419//3419
f 2392//2392 3418//3418 2310//2310
f 445//445 2337//2337 3422//3422
f 531//531 2337//2337 445//445
f 2487//2487 2208//2208 2333//2333
f 374//374 2333//2333 2208//2208
f 2487//2487 2333//2333 2684//2684
f 2684//2684 2399//2399 2487//2487
f 2335//2335 3412//3412 2316//2316
f 2408//2408 3423//3423 2232//2232
f 2379//2379 3423//3423 2408//2408
f 465//465 2433//2433 2379//2379
f 3424//3424 2427//2427 3423//3423
f 2425//2425 2427//2427 3424//3424
f 2379//2379 2433//2433 3424//3424
f 3424//3424 3423//3423 2379//2379
f 3424//3424 2433//2433 2425//2425
f 3425//3425 2427//2427 2388//2388
f 2427//2427 3425//3425 3423//3423
f 372//372 3425//3425 2388//2388
f 3423//3423 3425//3425 2403//2403
f 2403//2403 2232//2232 3423//3423
f 2403//2403 3425//3425 372//372
f 2430//2430 460//460 2431//2431
f 2431//2431 460//460 2341//2341
f 2281//2281 460//460 2430//2430
f 2190//2190 2281//2281 2430//2430
f 360//360 361//361 2393//2393
f 2615//2615 391//391 2364//2364
f 2316//2316 2364//2364 391//391
f 2393//2393 361//361 2339//2339
f 2433//2433 2362//2362 2425//2425
f 2362//2362 2615//2615 2364//2364
f 2433//2433 2361//2361 2362//2362
f 2362//2362 2361//2361 2615//2615
f 2615//2615 2361//2361 389//389
f 2433//2433 2240//2240 2361//2361
f 2368//2368 2096//2096 2553//2553
f 2244//2244 2247//2247 2489//2489
f 2248//2248 2489//2489 2247//2247
f 2403//2403 2233//2233 2232//2232
f 2277//2277 2345//2345 2279//2279
f 2403//2403 2411//2411 2233//2233
f 2234//2234 2233//2233 2411//2411
f 2776//2776 2737//2737 2781//2781
f 2253//2253 2737//2737 2776//2776
f 2882//2882 2976//2976 2422//2422
f 932//932 2252//2252 2777//2777
f 459//459 2341//2341 460//460
f 2427//2427 2426//2426 2339//2339
f 2339//2339 2388//2388 2427//2427
f 379//379 380//380 3420//3420
f 3426//3426 3427//3427 3422//3422
f 2394//2394 3422//3422 3427//3427
f 2394//2394 443//443 3422//3422
f 445//445 3422//3422 443//443
f 2384//2384 2415//2415 3420//3420
f 3427//3427 2415//2415 2394//2394
f 3420//3420 2415//2415 3427//3427
f 3426//3426 379//379 3427//3427
f 3427//3427 379//379 3420//3420
f 2392//2392 3421//3421 2570//2570
f 3421//3421 2392//2392 378//378
f 2337//2337 3426//3426 3422//3422
f 2337//2337 3421//3421 3426//3426
f 3426//3426 3421//3421 378//378
f 3426//3426 378//378 379//379
f 2671//2671 2599//2599 3428//3428
f 2601//2601 2247//2247 2246//2246
f 2246//2246 2247//2247 2244//2244
f 3429//3429 2629//2629 3428//3428
f 3429//3429 2571//2571 2629//2629
f 2629//2629 2571//2571 380//380
f 1386//1386 942//942 1460//1460
f 2592//2592 2599//2599 2577//2577
f 2577//2577 2594//2594 2592//2592
f 3429//3429 3428//3428 2220//2220
f 2338//2338 3429//3429 2220//2220
f 3429//3429 2338//2338 2571//2571
f 378//378 2392//2392 380//380
f 2418//2418 2457//2457 2197//2197
f 458//458 2315//2315 459//459
f 2355//2355 2410//2410 1686//1686
f 2356//2356 2410//2410 2355//2355
f 2314//2314 2315//2315 2451//2451
f 2356//2356 2314//2314 2451//2451
f 2451//2451 2410//2410 2356//2356
f 2451//2451 2315//2315 458//458
f 3430//3430 2362//2362 2363//2363
f 3430//3430 2426//2426 2362//2362
f 2362//2362 2426//2426 2425//2425
f 2339//2339 2426//2426 3430//3430
f 3430//3430 2393//2393 2339//2339
f 3412//3412 3430//3430 2363//2363
f 3412//3412 2393//2393 3430//3430
f 3431//3431 2617//2617 2456//2456
f 2249//2249 2617//2617 3431//3431
f 2488//2488 2456//2456 2617//2617
f 2196//2196 2195//2195 2436//2436
f 2436//2436 2456//2456 2196//2196
f 3431//3431 2456//2456 2436//2436
f 3431//3431 2436//2436 2248//2248
f 3431//3431 2248//2248 2249//2249
f 2554//2554 2368//2368 2553//2553
f 530//530 2246//2246 356//356
f 438//438 2163//2163 2292//2292
f 2292//2292 2163//2163 2435//2435
f 2159//2159 2197//2197 17//17
f 17//17 2197//2197 2457//2457
f 402//402 2465//2465 403//403
f 2449//2449 536//536 2441//2441
f 402//402 2438//2438 2439//2439
f 2431//2431 2238//2238 2420//2420
f 2420//2420 2483//2483 2418//2418
f 438//438 2477//2477 436//436
f 2412//2412 2437//2437 2436//2436
f 2195//2195 2412//2412 2436//2436
f 2616//2616 2588//2588 2097//2097
f 2360//2360 2412//2412 2195//2195
f 2477//2477 2418//2418 2483//2483
f 2477//2477 2483//2483 436//436
f 2197//2197 2429//2429 2418//2418
f 2198//2198 2429//2429 2197//2197
f 2613//2613 2458//2458 447//447
f 2613//2613 447//447 2497//2497
f 2419//2419 2418//2418 2429//2429
f 2419//2419 2429//2429 452//452
f 452//452 2429//2429 2428//2428
f 2315//2315 391//391 390//390
f 2341//2341 2238//2238 2431//2431
f 2360//2360 2238//2238 2341//2341
f 2315//2315 390//390 459//459
f 2589//2589 2097//2097 2588//2588
f 2357//2357 2417//2417 2435//2435
f 410//410 2466//2466 409//409
f 2505//2505 2736//2736 2735//2735
f 2554//2554 2553//2553 2556//2556
f 2359//2359 2416//2416 2417//2417
f 513//513 3404//3404 2359//2359
f 2359//2359 3404//3404 2416//2416
f 2416//2416 3432//3432 2444//2444
f 2368//2368 2370//2370 3433//3433
f 3433//3433 2619//2619 2368//2368
f 2203//2203 2466//2466 502//502
f 502//502 2466//2466 410//410
f 2465//2465 409//409 2466//2466
f 2439//2439 2465//2465 402//402
f 2448//2448 2441//2441 2438//2438
f 2440//2440 3434//3434 2439//2439
f 2179//2179 2963//2963 2479//2479
f 426//426 2173//2173 2462//2462
f 2482//2482 2480//2480 2525//2525
f 2525//2525 2480//2480 2179//2179
f 2173//2173 2494//2494 3435//3435
f 1954//1954 2462//2462 2421//2421
f 2462//2462 2173//2173 2421//2421
f 2421//2421 2173//2173 3435//3435
f 3434//3434 2440//2440 2474//2474
f 2455//2455 2163//2163 437//437
f 2476//2476 3435//3435 2475//2475
f 1953//1953 3435//3435 2476//2476
f 3435//3435 1953//1953 2421//2421
f 534//534 2440//2440 2441//2441
f 536//536 534//534 2441//2441
f 2455//2455 437//437 2196//2196
f 2476//2476 2481//2481 1953//1953
f 1953//1953 2481//2481 2474//2474
f 2482//2482 2474//2474 2481//2481
f 2482//2482 3436//3436 2474//2474
f 2474//2474 3436//3436 3434//3434
f 2064//2064 3436//3436 2482//2482
f 2064//2064 2482//2482 2525//2525
f 2485//2485 3388//3388 2463//2463
f 3436//3436 2064//2064 2116//2116
f 2116//2116 2439//2439 3434//3434
f 3436//3436 2116//2116 3434//3434
f 3405//3405 2479//2479 3407//3407
f 2066//2066 2479//2479 3405//3405
f 355//355 2491//2491 354//354
f 2490//2490 2373//2373 2374//2374
f 2150//2150 3388//3388 2485//2485
f 2458//2458 2613//2613 2151//2151
f 2152//2152 2458//2458 2151//2151
f 2494//2494 3403//3403 3435//3435
f 3406//3406 2464//2464 2962//2962
f 3407//3407 2962//2962 2464//2464
f 2151//2151 2613//2613 2783//2783
f 1875//1875 2151//2151 2783//2783
f 2475//2475 2210//2210 2178//2178
f 2178//2178 2210//2210 2177//2177
f 2500//2500 2452//2452 3402//3402
f 2321//2321 3402//3402 3437//3437
f 3437//3437 3402//3402 2452//2452
f 2580//2580 3406//3406 2962//2962
f 2486//2486 3406//3406 2580//2580
f 3388//3388 421//421 2463//2463
f 2454//2454 421//421 3388//3388
f 2151//2151 3437//3437 2452//2452
f 1875//1875 3437//3437 2151//2151
f 2461//2461 3437//3437 1875//1875
f 2174//2174 3438//3438 2172//2172
f 2834//2834 2839//2839 2833//2833
f 2655//2655 2205//2205 2513//2513
f 2513//2513 2206//2206 2172//2172
f 2494//2494 2496//2496 2366//2366
f 2344//2344 3439//3439 2783//2783
f 2842//2842 3439//3439 2344//2344
f 3390//3390 2783//2783 3439//3439
f 2533//2533 2890//2890 2644//2644
f 2321//2321 3437//3437 2461//2461
f 2152//2152 2485//2485 2372//2372
f 2210//2210 3403//3403 2365//2365
f 376//376 2367//2367 2373//2373
f 2365//2365 2367//2367 376//376
f 3438//3438 2513//2513 2172//2172
f 628//628 3440//3440 549//549
f 2443//2443 2774//2774 467//467
f 2443//2443 467//467 522//522
f 549//549 3440//3440 3441//3441
f 2508//2508 2521//2521 628//628
f 2818//2818 3442//3442 2787//2787
f 2787//2787 2816//2816 2818//2818
f 3435//3435 3403//3403 2475//2475
f 2475//2475 3403//3403 2210//2210
f 2344//2344 2783//2783 2893//2893
f 2343//2343 2344//2344 2893//2893
f 2499//2499 2511//2511 481//481
f 468//468 467//467 2774//2774
f 2524//2524 468//468 424//424
f 2496//2496 2517//2517 2468//2468
f 2468//2468 2386//2386 2496//2496
f 2513//2513 2519//2519 2655//2655
f 2365//2365 3403//3403 2366//2366
f 2786//2786 2655//2655 2519//2519
f 2519//2519 629//629 2786//2786
f 432//432 2493//2493 2402//2402
f 3443//3443 2635//2635 2396//2396
f 515//515 2714//2714 516//516
f 3444//3444 3445//3445 2735//2735
f 2783//2783 2784//2784 2892//2892
f 2041//2041 2042//2042 2847//2847
f 2849//2849 2847//2847 2042//2042
f 2531//2531 2829//2829 2530//2530
f 478//478 2784//2784 481//481
f 521//521 2784//2784 479//479
f 479//479 2784//2784 478//478
f 3441//3441 2849//2849 550//550
f 2787//2787 627//627 2816//2816
f 2908//2908 2878//2878 2726//2726
f 3446//3446 2654//2654 480//480
f 2654//2654 3446//3446 2204//2204
f 2512//2512 2467//2467 3446//3446
f 3446//3446 2467//2467 2468//2468
f 2468//2468 2204//2204 3446//3446
f 2205//2205 2654//2654 2204//2204
f 2829//2829 2531//2531 3447//3447
f 2350//2350 3447//3447 2531//2531
f 2654//2654 3447//3447 2350//2350
f 2786//2786 2829//2829 3447//3447
f 2655//2655 3447//3447 2654//2654
f 2786//2786 3447//3447 2655//2655
f 475//475 477//477 2837//2837
f 2801//2801 2973//2973 2802//2802
f 1782//1782 2564//2564 1781//1781
f 466//466 2527//2527 2559//2559
f 3432//3432 2416//2416 3404//3404
f 2509//2509 2174//2174 426//426
f 2174//2174 2509//2509 3438//3438
f 2512//2512 3446//3446 480//480
f 2520//2520 473//473 2527//2527
f 1783//1783 2741//2741 2755//2755
f 2528//2528 2523//2523 2478//2478
f 498//498 2449//2449 3432//3432
f 2449//2449 2444//2444 3432//3432
f 2526//2526 474//474 2563//2563
f 426//426 425//425 2509//2509
f 2774//2774 2507//2507 425//425
f 2509//2509 425//425 2507//2507
f 2566//2566 2586//2586 2587//2587
f 2562//2562 2586//2586 2566//2566
f 3448//3448 2563//2563 474//474
f 3432//3432 3448//3448 498//498
f 498//498 3448//3448 474//474
f 2564//2564 433//433 434//434
f 433//433 2564//2564 1782//1782
f 3433//3433 2561//2561 3449//3449
f 2529//2529 2770//2770 2503//2503
f 2770//2770 434//434 512//512
f 512//512 2473//2473 3401//3401
f 435//435 512//512 434//434
f 2523//2523 535//535 2478//2478
f 442//442 2524//2524 424//424
f 2524//2524 442//442 2523//2523
f 2523//2523 442//442 535//535
f 2493//2493 2566//2566 3450//3450
f 3450//3450 2402//2402 2493//2493
f 2473//2473 3449//3449 3401//3401
f 2462//2462 1954//1954 442//442
f 3449//3449 3451//3451 3401//3401
f 2561//2561 3451//3451 3449//3449
f 3401//3401 3451//3451 2770//2770
f 3451//3451 2503//2503 2770//2770
f 2503//2503 3451//3451 2561//2561
f 2797//2797 2754//2754 2891//2891
f 2703//2703 2891//2891 2754//2754
f 2797//2797 2891//2891 1008//1008
f 3452//3452 612//612 2069//2069
f 2560//2560 433//433 1782//1782
f 433//433 2563//2563 435//435
f 2529//2529 2648//2648 2565//2565
f 2564//2564 2565//2565 2648//2648
f 435//435 2729//2729 512//512
f 2501//2501 336//336 2549//2549
f 2549//2549 2647//2647 2501//2501
f 2501//2501 2647//2647 2529//2529
f 2740//2740 2769//2769 2763//2763
f 2740//2740 2763//2763 2717//2717
f 2740//2740 2727//2727 2769//2769
f 2552//2552 2727//2727 2740//2740
f 3432//3432 2729//2729 3448//3448
f 2729//2729 3432//3432 2555//2555
f 2555//2555 3432//3432 3404//3404
f 2473//2473 512//512 511//511
f 337//337 503//503 561//561
f 503//503 504//504 561//561
f 3453//3453 3454//3454 2741//2741
f 2741//2741 2709//2709 3453//3453
f 3448//3448 2729//2729 435//435
f 435//435 2563//2563 3448//3448
f 2370//2370 2561//2561 3433//3433
f 3433//3433 3455//3455 2619//2619
f 3455//3455 2617//2617 2618//2618
f 2619//2619 3455//3455 2618//2618
f 2617//2617 3455//3455 2488//2488
f 3455//3455 2472//2472 2488//2488
f 3433//3433 2472//2472 3455//3455
f 2472//2472 3433//3433 3449//3449
f 2473//2473 2472//2472 3449//3449
f 2539//2539 2604//2604 2538//2538
f 2538//2538 2604//2604 490//490
f 2566//2566 2587//2587 3450//3450
f 519//519 518//518 2621//2621
f 2625//2625 519//519 2621//2621
f 2625//2625 2610//2610 2612//2612
f 3456//3456 2353//2353 2404//2404
f 2625//2625 2612//2612 519//519
f 3458//3458 3457//3457 2567//2567
f 3457//3457 3458//3458 2609//2609
f 517//517 2401//2401 518//518
f 3457//3457 2610//2610 3459//3459
f 2609//2609 2610//2610 3457//3457
f 2634//2634 3456//3456 2404//2404
f 3456//3456 2634//2634 2567//2567
f 2735//2735 2753//2753 3444//3444
f 2607//2607 517//517 2612//2612
f 2607//2607 2612//2612 2611//2611
f 2608//2608 2611//2611 3460//3460
f 2607//2607 2611//2611 2608//2608
f 2400//2400 2577//2577 2671//2671
f 496//496 2584//2584 495//495
f 2676//2676 2631//2631 2382//2382
f 3461//3461 2382//2382 2631//2631
f 2382//2382 3461//3461 2380//2380
f 3456//3456 2567//2567 3457//3457
f 3462//3462 3461//3461 2631//2631
f 2670//2670 2671//2671 3428//3428
f 3428//3428 2629//2629 2670//2670
f 2766//2766 2634//2634 2390//2390
f 2568//2568 2634//2634 2766//2766
f 2643//2643 2633//2633 471//471
f 2558//2558 3444//3444 2753//2753
f 2558//2558 2753//2753 505//505
f 2643//2643 471//471 2642//2642
f 2765//2765 3444//3444 2558//2558
f 2773//2773 2650//2650 2718//2718
f 3461//3461 2643//2643 2380//2380
f 2659//2659 2661//2661 2603//2603
f 3212//3212 2679//2679 3463//3463
f 2404//2404 2390//2390 2634//2634
f 500//500 932//932 3220//3220
f 2629//2629 2603//2603 2631//2631
f 2631//2631 2603//2603 3462//3462
f 3464//3464 2707//2707 2504//2504
f 2677//2677 2678//2678 974//974
f 2964//2964 3465//3465 2944//2944
f 2621//2621 2630//2630 2626//2626
f 2545//2545 2630//2630 497//497
f 495//495 2545//2545 497//497
f 2246//2246 530//530 2601//2601
f 2616//2616 2601//2601 530//530
f 2598//2598 2592//2592 2591//2591
f 2598//2598 2591//2591 2383//2383
f 2220//2220 3428//3428 2599//2599
f 3467//3467 3466//3466 2608//2608
f 2606//2606 3466//3466 2590//2590
f 2593//2593 2606//2606 2590//2590
f 2608//2608 3466//3466 2606//2606
f 2590//2590 2518//2518 2593//2593
f 3466//3466 3468//3468 2590//2590
f 2590//2590 3468//3468 2279//2279
f 3467//3467 3468//3468 3466//3466
f 2234//2234 2411//2411 3468//3468
f 2411//2411 2279//2279 3468//3468
f 2578//2578 2234//2234 3468//3468
f 2578//2578 3468//3468 3467//3467
f 2582//2582 2249//2249 2247//2247
f 2489//2489 2248//2248 2437//2437
f 2582//2582 2098//2098 2249//2249
f 2249//2249 2098//2098 2618//2618
f 2096//2096 2618//2618 2098//2098
f 2619//2619 2618//2618 2096//2096
f 2589//2589 2378//2378 2377//2377
f 2096//2096 2097//2097 2377//2377
f 2587//2587 2546//2546 2614//2614
f 2614//2614 2546//2546 2548//2548
f 2467//2467 2511//2511 2499//2499
f 2614//2614 2539//2539 2587//2587
f 2587//2587 2539//2539 3450//3450
f 3450//3450 2539//2539 2537//2537
f 2537//2537 2389//2389 3450//3450
f 2389//2389 2402//2402 3450//3450
f 2569//2569 3458//3458 2567//2567
f 2381//2381 2676//2676 2382//2382
f 3458//3458 2569//2569 2605//2605
f 3458//3458 3460//3460 2609//2609
f 2609//2609 3460//3460 2611//2611
f 2643//2643 3469//3469 2633//2633
f 2633//2633 3469//3469 2661//2661
f 3469//3469 3462//3462 2661//2661
f 2661//2661 3462//3462 2603//2603
f 3461//3461 3469//3469 2643//2643
f 3462//3462 3469//3469 3461//3461
f 3460//3460 3458//3458 2605//2605
f 2620//2620 3460//3460 2605//2605
f 2578//2578 3467//3467 2620//2620
f 2386//2386 2374//2374 2367//2367
f 2608//2608 3460//3460 2620//2620
f 2608//2608 2620//2620 3467//3467
f 3470//3470 2680//2680 2649//2649
f 2680//2680 3470//3470 2380//2380
f 2380//2380 2642//2642 2680//2680
f 2380//2380 3470//3470 2545//2545
f 2549//2549 2650//2650 2773//2773
f 2626//2626 2635//2635 3443//3443
f 3443//3443 2625//2625 2626//2626
f 3459//3459 3443//3443 3456//3456
f 3459//3459 3456//3456 3457//3457
f 3459//3459 2625//2625 3443//3443
f 2610//2610 2625//2625 3459//3459
f 2649//2649 2626//2626 2630//2630
f 2649//2649 2630//2630 3470//3470
f 3470//3470 2630//2630 2545//2545
f 3456//3456 2398//2398 2353//2353
f 2396//2396 2398//2398 3443//3443
f 2773//2773 2648//2648 2647//2647
f 2549//2549 2773//2773 2647//2647
f 3443//3443 2398//2398 3456//3456
f 3471//3471 2707//2707 3464//3464
f 2622//2622 2506//2506 2710//2710
f 2622//2622 2623//2623 2506//2506
f 2653//2653 469//469 1055//1055
f 3472//3472 2653//2653 1055//1055
f 2653//2653 2656//2656 2652//2652
f 2656//2656 2653//2653 3472//3472
f 469//469 2642//2642 471//471
f 2514//2514 3473//3473 2516//2516
f 2514//2514 2779//2779 3471//3471
f 3471//3471 2779//2779 2664//2664
f 2657//2657 2515//2515 2516//2516
f 455//455 2779//2779 2515//2515
f 2515//2515 2779//2779 2514//2514
f 3464//3464 2514//2514 3471//3471
f 2514//2514 3464//3464 3473//3473
f 2404//2404 2353//2353 2352//2352
f 3474//3474 2516//2516 2397//2397
f 3473//3473 2354//2354 3475//3475
f 3473//3473 3475//3475 2516//2516
f 2397//2397 3475//3475 2354//2354
f 2516//2516 3475//3475 2397//2397
f 2354//2354 3464//3464 2352//2352
f 3473//3473 3464//3464 2354//2354
f 2624//2624 2352//2352 3464//3464
f 2624//2624 3464//3464 2641//2641
f 2657//2657 3474//3474 2637//2637
f 2637//2637 3474//3474 2635//2635
f 2516//2516 3474//3474 2657//2657
f 2396//2396 2635//2635 3474//3474
f 3474//3474 2397//2397 2396//2396
f 2642//2642 2653//2653 2652//2652
f 3472//3472 2657//2657 2656//2656
f 456//456 3472//3472 1055//1055
f 3472//3472 456//456 455//455
f 455//455 2515//2515 3472//3472
f 2515//2515 2657//2657 3472//3472
f 2659//2659 2677//2677 3476//3476
f 417//417 998//998 415//415
f 3476//3476 2628//2628 416//416
f 2628//2628 417//417 416//416
f 998//998 3463//3463 2681//2681
f 3463//3463 998//998 417//417
f 2681//2681 2679//2679 992//992
f 3463//3463 2679//2679 2681//2681
f 3476//3476 2675//2675 2628//2628
f 3476//3476 2677//2677 2675//2675
f 2661//2661 2660//2660 2633//2633
f 2692//2692 2707//2707 2664//2664
f 2707//2707 2692//2692 2694//2694
f 2660//2660 3476//3476 416//416
f 2660//2660 416//416 2633//2633
f 2660//2660 2659//2659 3476//3476
f 2603//2603 2678//2678 2659//2659
f 417//417 2627//2627 3463//3463
f 105//105 2688//2688 993//993
f 994//994 105//105 993//993
f 2665//2665 2674//2674 2672//2672
f 338//338 2953//2953 2952//2952
f 2627//2627 3212//3212 3463//3463
f 2581//2581 2665//2665 2672//2672
f 483//483 3212//3212 2627//2627
f 1127//1127 483//483 2627//2627
f 85//85 3212//3212 483//483
f 461//461 2665//2665 2581//2581
f 2043//2043 2041//2041 3019//3019
f 2727//2727 2836//2836 2771//2771
f 2707//2707 3471//3471 2664//2664
f 2694//2694 2668//2668 515//515
f 2665//2665 1139//1139 515//515
f 515//515 1139//1139 2714//2714
f 2674//2674 2665//2665 2666//2666
f 2666//2666 2667//2667 2674//2674
f 2667//2667 2666//2666 2668//2668
f 2714//2714 2708//2708 2713//2713
f 2714//2714 1140//1140 2708//2708
f 1139//1139 1140//1140 2714//2714
f 2711//2711 2708//2708 2685//2685
f 2713//2713 2708//2708 2711//2711
f 2623//2623 2504//2504 2506//2506
f 2505//2505 514//514 516//516
f 2505//2505 516//516 2713//2713
f 2504//2504 2641//2641 3464//3464
f 2710//2710 2505//2505 3445//3445
f 3445//3445 2505//2505 2735//2735
f 2639//2639 2781//2781 2782//2782
f 2720//2720 2781//2781 2639//2639
f 2720//2720 2777//2777 2776//2776
f 2715//2715 2505//2505 2712//2712
f 2712//2712 2505//2505 2713//2713
f 2713//2713 2711//2711 2712//2712
f 2836//2836 2757//2757 2841//2841
f 2756//2756 2757//2757 2836//2836
f 2695//2695 2669//2669 2688//2688
f 2669//2669 2668//2668 2692//2692
f 2694//2694 2692//2692 2668//2668
f 2450//2450 2782//2782 2722//2722
f 2952//2952 2450//2450 2722//2722
f 2669//2669 2663//2663 2688//2688
f 2688//2688 2663//2663 993//993
f 1532//1532 1531//1531 2638//2638
f 2678//2678 2603//2603 974//974
f 491//491 3220//3220 2687//2687
f 2687//2687 3220//3220 3221//3221
f 500//500 3220//3220 491//491
f 1146//1146 1531//1531 1144//1144
f 2720//2720 2776//2776 2781//2781
f 3222//3222 1145//1145 1144//1144
f 2715//2715 1145//1145 3222//3222
f 778//778 3007//3007 968//968
f 2964//2964 1464//1464 1463//1463
f 2686//2686 2715//2715 2712//2712
f 2541//2541 2749//2749 2736//2736
f 1144//1144 2505//2505 3222//3222
f 3170//3170 1532//1532 2638//2638
f 2720//2720 2639//2639 1146//1146
f 2422//2422 2976//2976 2424//2424
f 1144//1144 2736//2736 2505//2505
f 2696//2696 2697//2697 3170//3170
f 2893//2893 2885//2885 2343//2343
f 2767//2767 3170//3170 2697//2697
f 2687//2687 2716//2716 2686//2686
f 399//399 2730//2730 400//400
f 937//937 3477//3477 2450//2450
f 2450//2450 3477//3477 2782//2782
f 2638//2638 3477//3477 3170//3170
f 3170//3170 3477//3477 937//937
f 3477//3477 2639//2639 2782//2782
f 2639//2639 3477//3477 2638//2638
f 2723//2723 2725//2725 2737//2737
f 1532//1532 2767//2767 2541//2541
f 1532//1532 3170//3170 2767//2767
f 1532//1532 2541//2541 2736//2736
f 2741//2741 3454//3454 2755//2755
f 2758//2758 2756//2756 2878//2878
f 2878//2878 2756//2756 2726//2726
f 2849//2849 2840//2840 550//550
f 504//504 506//506 398//398
f 504//504 398//398 400//400
f 1144//1144 1532//1532 2736//2736
f 505//505 2753//2753 2761//2761
f 2734//2734 2761//2761 2753//2753
f 2736//2736 2761//2761 2734//2734
f 2749//2749 2761//2761 2736//2736
f 2777//2777 3221//3221 932//932
f 3221//3221 2777//2777 2719//2719
f 2253//2253 2777//2777 2252//2252
f 2722//2722 2782//2782 2725//2725
f 2282//2282 1510//1510 353//353
f 2719//2719 1145//1145 3221//3221
f 3221//3221 1145//1145 2716//2716
f 2737//2737 2725//2725 2781//2781
f 2950//2950 2903//2903 2982//2982
f 2723//2723 294//294 2724//2724
f 927//927 294//294 2723//2723
f 338//338 2724//2724 294//294
f 2906//2906 1727//1727 566//566
f 2906//2906 2699//2699 1727//1727
f 1727//1727 2699//2699 1725//1725
f 935//935 2450//2450 2747//2747
f 2952//2952 2747//2747 2450//2450
f 1725//1725 2747//2747 2952//2952
f 2724//2724 2952//2952 2722//2722
f 2742//2742 2738//2738 1892//1892
f 2597//2597 2982//2982 2903//2903
f 2966//2966 2982//2982 2597//2597
f 2544//2544 2542//2542 2802//2802
f 2883//2883 2422//2422 2993//2993
f 2983//2983 2984//2984 3478//3478
f 2698//2698 2596//2596 2904//2904
f 2961//2961 2746//2746 2747//2747
f 2699//2699 2961//2961 2747//2747
f 3479//3479 2540//2540 2738//2738
f 3479//3479 2698//2698 2540//2540
f 2746//2746 2961//2961 3479//3479
f 3479//3479 2961//2961 2698//2698
f 2742//2742 2746//2746 3479//3479
f 2738//2738 2742//2742 3479//3479
f 2728//2728 2727//2727 2552//2552
f 2728//2728 2550//2550 2943//2943
f 2802//2802 2973//2973 2943//2943
f 2943//2943 2973//2973 2908//2908
f 1895//1895 2943//2943 2550//2550
f 1895//1895 2550//2550 2909//2909
f 2876//2876 2877//2877 970//970
f 2748//2748 2768//2768 2730//2730
f 2749//2749 398//398 506//506
f 2697//2697 2744//2744 2767//2767
f 2748//2748 2744//2744 2745//2745
f 2768//2768 2551//2551 2552//2552
f 2552//2552 2717//2717 2768//2768
f 2551//2551 2768//2768 2748//2748
f 2551//2551 2748//2748 2745//2745
f 2778//2778 2551//2551 2745//2745
f 2551//2551 2909//2909 2550//2550
f 2909//2909 2551//2551 2778//2778
f 3453//3453 2771//2771 3454//3454
f 3454//3454 2705//2705 2755//2755
f 2803//2803 2704//2704 2841//2841
f 2784//2784 2613//2613 481//481
f 2836//2836 2841//2841 2771//2771
f 2771//2771 2841//2841 3454//3454
f 2841//2841 2705//2705 3454//3454
f 2771//2771 2769//2769 2727//2727
f 2648//2648 2773//2773 2772//2772
f 2863//2863 542//542 2843//2843
f 2764//2764 2771//2771 3453//3453
f 2510//2510 2519//2519 2513//2513
f 2509//2509 2510//2510 3438//3438
f 561//561 504//504 560//560
f 2718//2718 2650//2650 560//560
f 2513//2513 3438//3438 2510//2510
f 2772//2772 2709//2709 2648//2648
f 2762//2762 2709//2709 2772//2772
f 2764//2764 2709//2709 2762//2762
f 3453//3453 2709//2709 2764//2764
f 2796//2796 2795//2795 969//969
f 2765//2765 2572//2572 3444//3444
f 3444//3444 2572//2572 3445//3445
f 2718//2718 2762//2762 2773//2773
f 2710//2710 3445//3445 2572//2572
f 2654//2654 2350//2350 480//480
f 3480//3480 3481//3481 3482//3482
f 3483//3483 2877//2877 3452//3452
f 2063//2063 613//613 2062//2062
f 2826//2826 613//613 2063//2063
f 3441//3441 550//550 549//549
f 2757//2757 2645//2645 2803//2803
f 2757//2757 2803//2803 2841//2841
f 2532//2532 3484//3484 2534//2534
f 2063//2063 2534//2534 2826//2826
f 2902//2902 971//971 2534//2534
f 3481//3481 2543//2543 2544//2544
f 559//559 2543//2543 3481//3481
f 3481//3481 556//556 559//559
f 2061//2061 2890//2890 2533//2533
f 2533//2533 2063//2063 2061//2061
f 2645//2645 3485//3485 2532//2532
f 3481//3481 2544//2544 3482//3482
f 2743//2743 2891//2891 2703//2703
f 2442//2442 2832//2832 2831//2831
f 1008//1008 2891//2891 2890//2890
f 2061//2061 1008//1008 2890//2890
f 3020//3020 3485//3485 2645//2645
f 2645//2645 2758//2758 3020//3020
f 2645//2645 2757//2757 2758//2758
f 3487//3487 754//754 3486//3486
f 3023//3023 586//586 727//727
f 2933//2933 2934//2934 2971//2971
f 2821//2821 3011//3011 2911//2911
f 2871//2871 2823//2823 2884//2884
f 2343//2343 2884//2884 540//540
f 3030//3030 2920//2920 2918//2918
f 2069//2069 2820//2820 3483//3483
f 3488//3488 701//701 3094//3094
f 3094//3094 701//701 702//702
f 2845//2845 2752//2752 3019//3019
f 3483//3483 3489//3489 2877//2877
f 614//614 613//613 2795//2795
f 3489//3489 969//969 970//970
f 3489//3489 2911//2911 969//969
f 2821//2821 2911//2911 3489//3489
f 2815//2815 2844//2844 2793//2793
f 2043//2043 3019//3019 2752//2752
f 2750//2750 2043//2043 2752//2752
f 2880//2880 2047//2047 1937//1937
f 2048//2048 2047//2047 2879//2879
f 2877//2877 3489//3489 970//970
f 2826//2826 2795//2795 613//613
f 3489//3489 3483//3483 2821//2821
f 2820//2820 2821//2821 3483//3483
f 2342//2342 2967//2967 2851//2851
f 2879//2879 2047//2047 2880//2880
f 2819//2819 2956//2956 3011//3011
f 3011//3011 2956//2956 2852//2852
f 614//614 2796//2796 2967//2967
f 614//614 2967//2967 2342//2342
f 3011//3011 2967//2967 2796//2796
f 2852//2852 2967//2967 3011//3011
f 3490//3490 2442//2442 2831//2831
f 2442//2442 3490//3490 2443//2443
f 2007//2007 2865//2865 2788//2788
f 2858//2858 2701//2701 2702//2702
f 2864//2864 2863//2863 2870//2870
f 540//540 2884//2884 2857//2857
f 2818//2818 2817//2817 2823//2823
f 2843//2843 540//540 2857//2857
f 969//969 2827//2827 971//971
f 2823//2823 2871//2871 2818//2818
f 2758//2758 2801//2801 3020//3020
f 2849//2849 2042//2042 2840//2840
f 2041//2041 2907//2907 3019//3019
f 2793//2793 2844//2844 2907//2907
f 2825//2825 2793//2793 2907//2907
f 541//541 2343//2343 540//540
f 2864//2864 2870//2870 2912//2912
f 3439//3439 2842//2842 2862//2862
f 3390//3390 3439//3439 2862//2862
f 2575//2575 405//405 404//404
f 2868//2868 2702//2702 2794//2794
f 2750//2750 2868//2868 2794//2794
f 3441//3441 2848//2848 2849//2849
f 2787//2787 3442//3442 2530//2530
f 1009//1009 2832//2832 2798//2798
f 2798//2798 2832//2832 2837//2837
f 2798//2798 2837//2837 477//477
f 3440//3440 628//628 2521//2521
f 2443//2443 3490//3490 2521//2521
f 2848//2848 3490//3490 2831//2831
f 3441//3441 3490//3490 2848//2848
f 3441//3441 3440//3440 3490//3490
f 2521//2521 3490//3490 3440//3440
f 3442//3442 2873//2873 2874//2874
f 2818//2818 2871//2871 3442//3442
f 2873//2873 3442//3442 2871//2871
f 2875//2875 520//520 2874//2874
f 521//521 520//520 2875//2875
f 2874//2874 520//520 2530//2530
f 2874//2874 2530//2530 3442//3442
f 2863//2863 2843//2843 2870//2870
f 2885//2885 2892//2892 2875//2875
f 2885//2885 2893//2893 2892//2892
f 2875//2875 2892//2892 521//521
f 521//521 2892//2892 2784//2784
f 2907//2907 2041//2041 2847//2847
f 541//541 2146//2146 2842//2842
f 2856//2856 2828//2828 2839//2839
f 3390//3390 2855//2855 2783//2783
f 2575//2575 404//404 2862//2862
f 2854//2854 2855//2855 3385//3385
f 3385//3385 2057//2057 2854//2854
f 2535//2535 2864//2864 2858//2858
f 2858//2858 2536//2536 2535//2535
f 529//529 2536//2536 3108//3108
f 2047//2047 733//733 1937//1937
f 2858//2858 3108//3108 2536//2536
f 3491//3491 3097//3097 3096//3096
f 406//406 2869//2869 404//404
f 2862//2862 2869//2869 3390//3390
f 2788//2788 2790//2790 2007//2007
f 2858//2858 2838//2838 2132//2132
f 3389//3389 2132//2132 358//358
f 2036//2036 3492//3492 2023//2023
f 2071//2071 3492//3492 2036//2036
f 2898//2898 2790//2790 2899//2899
f 2838//2838 2858//2858 2702//2702
f 617//617 2790//2790 2898//2898
f 616//616 2799//2799 2751//2751
f 2851//2851 2789//2789 2788//2788
f 2812//2812 2789//2789 2851//2851
f 1983//1983 1818//1818 3119//3119
f 1983//1983 3119//3119 2812//2812
f 2890//2890 2743//2743 2644//2644
f 2910//2910 2851//2851 2788//2788
f 2751//2751 3493//3493 3079//3079
f 3493//3493 2752//2752 2845//2845
f 2752//2752 3493//3493 2751//2751
f 2814//2814 2866//2866 3493//3493
f 3493//3493 2845//2845 2814//2814
f 2845//2845 2815//2815 2814//2814
f 2888//2888 618//618 2897//2897
f 2865//2865 2007//2007 3079//3079
f 3493//3493 2866//2866 3079//3079
f 3079//3079 2866//2866 2865//2865
f 3484//3484 2532//2532 3485//3485
f 3465//3465 2964//2964 3482//3482
f 2964//2964 1463//1463 2949//2949
f 3482//3482 2964//2964 2949//2949
f 2542//2542 2780//2780 3020//3020
f 2069//2069 3483//3483 3452//3452
f 2902//2902 2534//2534 3484//3484
f 3484//3484 3485//3485 3494//3494
f 3484//3484 3494//3494 2902//2902
f 2780//2780 3494//3494 3485//3485
f 2780//2780 3485//3485 3020//3020
f 2543//2543 3494//3494 2780//2780
f 2996//2996 3121//3121 2995//2995
f 701//701 3488//3488 3074//3074
f 2876//2876 2902//2902 3494//3494
f 970//970 2902//2902 2876//2876
f 1028//1028 3495//3495 3161//3161
f 1027//1027 1028//1028 3161//3161
f 3496//3496 591//591 2919//2919
f 2424//2424 2966//2966 3497//3497
f 557//557 3498//3498 2853//2853
f 612//612 557//557 2853//2853
f 3452//3452 557//557 612//612
f 2971//2971 3498//3498 3480//3480
f 556//556 3498//3498 557//557
f 3480//3480 3498//3498 556//556
f 2543//2543 559//559 3494//3494
f 3494//3494 559//559 2876//2876
f 558//558 2876//2876 559//559
f 558//558 557//557 3452//3452
f 558//558 3452//3452 2877//2877
f 2939//2939 2850//2850 734//734
f 2931//2931 2934//2934 2933//2933
f 3498//3498 2934//2934 2853//2853
f 2921//2921 2922//2922 2881//2881
f 2881//2881 2883//2883 2921//2921
f 2971//2971 2934//2934 3498//3498
f 2937//2937 2936//2936 2938//2938
f 2937//2937 611//611 2785//2785
f 2931//2931 2937//2937 2785//2785
f 2932//2932 2922//2922 2923//2923
f 2936//2936 2932//2932 2923//2923
f 2051//2051 2052//2052 2131//2131
f 732//732 2850//2850 3094//3094
f 2850//2850 3488//3488 3094//3094
f 2938//2938 3488//3488 2850//2850
f 3074//3074 3488//3488 3182//3182
f 3182//3182 3488//3488 2938//2938
f 2938//2938 2936//2936 3182//3182
f 3182//3182 2936//2936 2935//2935
f 3497//3497 2966//2966 2822//2822
f 2423//2423 3497//3497 2981//2981
f 3497//3497 2423//2423 2424//2424
f 3073//3073 3071//3071 3122//3122
f 3482//3482 3499//3499 3480//3480
f 3499//3499 3482//3482 2949//2949
f 2544//2544 3465//3465 3482//3482
f 2802//2802 3465//3465 2544//2544
f 2883//2883 2985//2985 2983//2983
f 2945//2945 2983//2983 3478//3478
f 2982//2982 2968//2968 2950//2950
f 3480//3480 556//556 3481//3481
f 3499//3499 2969//2969 3480//3480
f 3480//3480 2969//2969 2971//2971
f 2949//2949 2969//2969 3499//3499
f 2968//2968 2969//2969 2950//2950
f 2950//2950 2969//2969 2949//2949
f 2944//2944 3465//3465 2802//2802
f 2802//2802 2943//2943 2944//2944
f 2422//2422 2423//2423 2993//2993
f 2903//2903 1465//1465 2904//2904
f 1463//1463 1465//1465 2903//2903
f 2904//2904 1465//1465 2540//2540
f 2904//2904 2540//2540 2698//2698
f 2988//2988 2984//2984 2985//2985
f 3497//3497 2972//2972 2981//2981
f 2980//2980 2981//2981 2972//2972
f 2942//2942 2940//2940 954//954
f 1726//1726 566//566 1727//1727
f 3497//3497 2822//2822 2972//2972
f 956//956 2958//2958 2957//2957
f 956//956 2957//2957 2942//2942
f 566//566 1726//1726 3225//3225
f 955//955 3500//3500 3225//3225
f 567//567 3225//3225 3500//3500
f 566//566 3225//3225 567//567
f 2972//2972 567//567 3500//3500
f 2972//2972 3500//3500 3168//3168
f 2980//2980 2972//2972 3168//3168
f 3168//3168 3500//3500 954//954
f 955//955 954//954 3500//3500
f 3168//3168 928//928 770//770
f 3168//3168 954//954 928//928
f 954//954 2940//2940 928//928
f 2935//2935 2923//2923 3166//3166
f 2935//2935 3166//3166 3167//3167
f 3501//3501 3166//3166 2923//2923
f 3501//3501 2923//2923 2945//2945
f 577//577 3502//3502 579//579
f 3501//3501 2945//2945 3478//3478
f 3501//3501 3478//3478 35//35
f 2983//2983 2945//2945 2921//2921
f 2921//2921 2883//2883 2983//2983
f 3501//3501 3071//3071 3166//3166
f 2954//2954 769//769 768//768
f 2733//2733 2732//2732 721//721
f 2997//2997 3503//3503 2998//2998
f 2989//2989 2998//2998 3503//3503
f 2988//2988 2989//2989 3504//3504
f 3503//3503 3504//3504 2989//2989
f 2988//2988 3478//3478 2984//2984
f 35//35 3478//3478 3504//3504
f 2988//2988 3504//3504 3478//3478
f 2997//2997 3504//3504 3503//3503
f 35//35 3504//3504 2997//2997
f 2997//2997 34//34 35//35
f 3037//3037 2955//2955 3172//3172
f 3172//3172 2955//2955 768//768
f 753//753 3002//3002 755//755
f 3163//3163 3031//3031 3030//3030
f 591//591 592//592 2918//2918
f 3030//3030 3003//3003 3163//3163
f 3047//3047 3045//3045 386//386
f 3163//3163 3003//3003 3171//3171
f 3160//3160 3163//3163 3171//3171
f 3171//3171 3003//3003 3002//3002
f 3002//3002 753//753 3159//3159
f 756//756 3159//3159 307//307
f 3014//3014 3159//3159 753//753
f 307//307 3159//3159 3014//3014
f 3505//3505 592//592 755//755
f 2760//2760 591//591 3496//3496
f 2760//2760 3496//3496 3008//3008
f 3486//3486 754//754 755//755
f 3486//3486 755//755 592//592
f 3013//3013 3014//3014 754//754
f 753//753 754//754 3014//3014
f 2918//2918 3505//3505 3030//3030
f 3003//3003 3030//3030 3505//3505
f 3003//3003 3505//3505 755//755
f 3487//3487 3184//3184 3013//3013
f 3184//3184 581//581 3013//3013
f 3013//3013 581//581 3012//3012
f 387//387 3026//3026 1883//1883
f 3487//3487 3013//3013 754//754
f 3001//3001 34//34 3037//3037
f 3486//3486 2926//2926 3487//3487
f 3068//3068 2809//2809 3506//3506
f 701//701 3073//3073 3122//3122
f 3184//3184 3487//3487 2926//2926
f 2924//2924 3184//3184 2926//2926
f 581//581 3184//3184 36//36
f 420//420 3000//3000 419//419
f 3045//3045 3226//3226 386//386
f 3226//3226 3045//3045 3022//3022
f 3505//3505 2918//2918 592//592
f 3060//3060 3059//3059 3502//3502
f 3122//3122 2925//2925 700//700
f 2919//2919 2920//2920 3008//3008
f 3008//3008 3496//3496 2919//2919
f 2924//2924 2925//2925 3122//3122
f 3081//3081 3374//3374 3082//3082
f 3340//3340 3507//3507 3374//3374
f 3082//3082 3374//3374 3507//3507
f 3042//3042 3374//3374 3044//3044
f 3044//3044 3374//3374 3081//3081
f 2733//2733 3155//3155 2731//2731
f 3046//3046 3307//3307 1028//1028
f 1028//1028 3307//3307 3495//3495
f 1027//1027 3022//3022 1029//1029
f 3045//3045 1029//1029 3022//3022
f 3118//3118 2929//2929 2927//2927
f 3023//3023 3027//3027 586//586
f 3508//3508 2045//2045 3082//3082
f 586//586 3027//3027 387//387
f 3058//3058 3307//3307 3046//3046
f 3008//3008 2920//2920 3031//3031
f 3161//3161 3509//3509 3143//3143
f 3495//3495 3307//3307 3306//3306
f 727//727 3226//3226 3154//3154
f 720//720 3155//3155 2733//2733
f 1645//1645 1//1 220//220
f 3023//3023 591//591 3027//3027
f 590//590 591//591 3023//3023
f 3226//3226 3022//3022 3154//3154
f 35//35 3071//3071 3501//3501
f 1882//1882 1883//1883 3155//3155
f 723//723 2732//2732 2731//2731
f 3021//3021 3059//3059 3047//3047
f 3047//3047 3059//3059 3046//3046
f 2045//2045 2046//2046 3082//3082
f 3027//3027 591//591 2731//2731
f 3027//3027 2731//2731 3026//3026
f 723//723 83//83 82//82
f 2804//2804 2806//2806 3035//3035
f 720//720 3502//3502 3155//3155
f 719//719 3502//3502 720//720
f 3052//3052 2925//2925 3072//3072
f 700//700 2925//2925 3052//3052
f 3486//3486 592//592 2926//2926
f 2860//2860 2861//2861 3035//3035
f 3147//3147 3006//3006 2860//2860
f 3059//3059 1884//1884 3502//3502
f 577//577 3060//3060 3502//3502
f 3502//3502 719//719 579//579
f 3502//3502 1884//1884 1882//1882
f 3502//3502 1882//1882 3155//3155
f 700//700 3053//3053 702//702
f 3040//3040 3342//3342 418//418
f 2808//2808 3066//3066 2810//2810
f 3051//3051 3066//3066 2808//2808
f 3041//3041 3341//3341 3040//3040
f 3109//3109 3341//3341 3041//3041
f 3053//3053 3075//3075 3077//3077
f 3077//3077 3075//3075 2995//2995
f 3062//3062 3510//3510 3120//3120
f 2044//2044 3510//3510 3062//3062
f 3306//3306 3063//3063 3495//3495
f 3061//3061 3068//3068 3506//3506
f 3383//3383 3061//3061 3382//3382
f 3382//3382 3061//3061 3506//3506
f 2045//2045 3510//3510 2044//2044
f 3124//3124 3061//3061 3063//3063
f 3062//3062 3061//3061 2044//2044
f 3063//3063 3161//3161 3495//3495
f 3509//3509 3161//3161 3063//3063
f 3120//3120 3509//3509 3063//3063
f 590//590 3511//3511 3078//3078
f 3512//3512 3061//3061 3383//3383
f 3061//3061 3512//3512 2044//2044
f 2809//2809 3382//3382 3506//3506
f 3068//3068 3124//3124 3058//3058
f 2809//2809 3068//3068 712//712
f 297//297 2809//2809 712//712
f 1767//1767 2809//2809 297//297
f 3123//3123 418//418 3342//3342
f 3004//3004 2804//2804 3000//3000
f 3118//3118 3005//3005 2929//2929
f 2929//2929 3004//3004 420//420
f 420//420 3004//3004 3000//3000
f 3513//3513 3082//3082 1981//1981
f 3513//3513 1981//1981 3099//3099
f 1988//1988 2809//2809 1767//1767
f 1988//1988 2808//2808 2809//2809
f 3382//3382 2809//2809 2810//2810
f 1980//1980 1982//1982 3066//3066
f 3036//3036 3049//3049 2927//2927
f 3049//3049 3036//3036 3050//3050
f 3111//3111 334//334 332//332
f 3043//3043 3044//3044 3110//3110
f 334//334 3110//3110 3057//3057
f 3513//3513 3099//3099 3083//3083
f 3513//3513 3083//3083 3082//3082
f 3057//3057 1981//1981 333//333
f 3111//3111 2914//2914 2915//2915
f 332//332 2914//2914 3111//3111
f 3084//3084 2915//2915 3050//3050
f 3050//3050 2915//2915 2913//2913
f 3111//3111 2915//2915 3084//3084
f 3043//3043 3111//3111 3084//3084
f 3177//3177 2805//2805 3005//3005
f 3102//3102 1987//1987 3064//3064
f 2927//2927 3114//3114 3118//3118
f 3087//3087 3114//3114 3106//3106
f 3087//3087 3089//3089 3114//3114
f 3049//3049 3114//3114 2927//2927
f 2900//2900 3092//3092 524//524
f 2091//2091 3070//3070 2073//2073
f 2090//2090 3107//3107 3101//3101
f 2068//2068 3330//3330 3051//3051
f 332//332 3091//3091 2914//2914
f 3091//3091 3102//3102 3370//3370
f 3370//3370 3102//3102 2074//2074
f 2074//2074 3102//3102 3064//3064
f 332//332 3102//3102 3091//3091
f 3101//3101 3070//3070 2091//2091
f 3101//3101 3039//3039 3070//3070
f 3039//3039 3101//3101 3112//3112
f 3101//3101 3106//3106 3112//3112
f 2075//2075 2036//2036 2023//2023
f 2075//2075 3514//3514 595//595
f 2023//2023 3514//3514 2075//2075
f 3095//3095 2071//2071 2050//2050
f 3515//3515 3095//3095 1819//1819
f 3377//3377 3515//3515 1819//1819
f 3095//3095 3515//3515 3492//3492
f 2071//2071 3095//3095 3492//3492
f 3492//3492 3515//3515 2023//2023
f 2023//2023 2021//2021 3514//3514
f 3107//3107 2090//2090 3097//3097
f 2022//2022 2023//2023 3515//3515
f 3069//3069 2022//2022 2896//2896
f 3096//3096 595//595 3514//3514
f 3514//3514 2021//2021 3096//3096
f 2894//2894 3516//3516 3117//3117
f 3051//3051 3330//3330 1980//1980
f 3329//3329 1987//1987 3330//3330
f 2021//2021 2022//2022 3069//3069
f 2022//2022 3377//3377 2896//2896
f 3377//3377 2022//2022 3515//3515
f 3121//3121 3116//3116 2995//2995
f 3106//3106 3107//3107 3087//3087
f 3088//3088 3087//3087 3491//3491
f 3107//3107 3491//3491 3087//3087
f 3491//3491 3107//3107 3097//3097
f 3491//3491 3104//3104 3088//3088
f 3491//3491 3069//3069 3104//3104
f 3069//3069 3032//3032 3104//3104
f 2021//2021 3069//3069 3491//3491
f 3491//3491 3096//3096 2021//2021
f 3077//3077 3116//3116 3098//3098
f 1987//1987 1980//1980 3330//3330
f 1987//1987 3329//3329 3064//3064
f 1981//1981 3065//3065 1982//1982
f 3064//3064 3329//3329 1985//1985
f 1985//1985 3329//3329 1971//1971
f 1971//1971 1972//1972 1985//1985
f 2810//2810 3381//3381 3382//3382
f 3065//3065 3381//3381 3066//3066
f 3066//3066 3381//3381 2810//2810
f 3375//3375 3383//3383 3381//3381
f 3375//3375 3381//3381 3065//3065
f 3065//3065 1981//1981 3375//3375
f 3084//3084 3036//3036 3517//3517
f 3517//3517 3043//3043 3084//3084
f 3034//3034 3121//3121 3055//3055
f 3121//3121 2996//2996 3105//3105
f 3105//3105 3055//3055 3121//3121
f 3118//3118 3177//3177 3005//3005
f 3067//3067 2811//2811 2894//2894
f 1936//1936 3516//3516 2811//2811
f 2811//2811 3516//3516 2894//2894
f 3116//3116 3117//3117 3098//3098
f 3516//3516 3098//3098 3117//3117
f 3098//3098 3516//3516 1935//1935
f 1935//1935 3516//3516 1936//1936
f 2996//2996 2807//2807 2805//2805
f 2996//2996 3177//3177 3105//3105
f 2805//2805 3177//3177 2996//2996
f 3518//3518 2928//2928 3123//3123
f 3518//3518 3517//3517 2928//2928
f 2928//2928 3517//3517 3036//3036
f 3518//3518 3123//3123 3342//3342
f 3517//3517 3518//3518 3042//3042
f 3043//3043 3517//3517 3042//3042
f 3042//3042 3518//3518 3342//3342
f 3512//3512 3383//3383 2046//2046
f 2046//2046 3383//3383 3375//3375
f 3511//3511 3143//3143 3509//3509
f 590//590 3143//3143 3511//3511
f 3511//3511 3509//3509 3120//3120
f 3512//3512 2046//2046 2044//2044
f 3510//3510 2045//2045 3508//3508
f 3510//3510 3508//3508 3511//3511
f 3120//3120 3510//3510 3511//3511
f 3109//3109 3508//3508 3341//3341
f 3519//3519 3341//3341 3508//3508
f 3519//3519 3508//3508 3507//3507
f 3507//3507 3341//3341 3519//3519
f 3507//3507 3340//3340 3341//3341
f 3507//3507 3508//3508 3082//3082
f 3511//3511 3508//3508 3109//3109
f 3109//3109 3078//3078 3511//3511
f 3375//3375 3082//3082 2046//2046
