# Generated by multiview-laplacian-refinement
v -0.376611561 -0.108494217 -0.566466694
v -0.377191993 -0.0937802181 -0.548288359
v -0.363922397 -0.141301618 -0.538174806
v -0.371772313 0.163699898 0.594627036
v -0.385991628 0.128916759 0.582667763
v -0.302078466 0.114761049 0.681691945
v -0.00819400763 -0.405296133 0.494722663
v 0.0142063858 -0.405595526 0.506589873
v 0.0218087152 -0.404536921 0.487869999
v -0.303226468 -0.25745917 -0.533652214
v -0.30746536 -0.254108845 -0.54614381
v -0.32332024 -0.229989176 -0.526897846
v -0.33111116 -0.235930348 -0.423700428
v -0.318796482 -0.252326235 -0.399005787
v -0.337637572 -0.226611232 -0.394980948
v 0.411742995 0.0290388942 0.18143463
v 0.407774864 0.0611981465 0.197293684
v 0.408187429 0.065659741 0.1663643
v 0.0156469734 -0.405231674 -0.604120531
v -0.0160622226 -0.404395634 -0.603727849
v 0.0117954989 -0.403571586 -0.598814621
v -0.333858095 -0.224050461 -0.60170584
v -0.32556052 -0.240580989 -0.604591982
v -0.34413085 -0.212170291 -0.602559362
v -0.215586295 -0.343570352 -0.356462437
v -0.187839426 -0.359120037 -0.357346253
v -0.206581531 -0.349095127 -0.334485879
v -0.274801255 -0.290146725 -0.565852756
v -0.365187237 -0.161836412 -0.598353858
v -0.352546459 -0.186612644 -0.586591531
v -0.3826753 -0.163323501 -0.0484356926
v -0.381385349 -0.16649127 -0.0176183996
v -0.389402303 -0.148665526 -0.025356935
v 0.13078354 -0.383251278 -0.249426866
v 0.161432787 -0.371531234 -0.22271357
v 0.159324592 -0.372699698 -0.278732166
v -0.261302517 -0.307031367 -0.604093955
v -0.216337136 -0.333218781 -0.563380944
v -0.153442098 -0.372694334 -0.600001454
v -0.316816566 -0.264129317 -0.097206587
v -0.318905814 -0.26354514 -0.0641527491
v -0.30356099 -0.277959066 -0.0649078159
v -0.25181195 -0.319279605 -0.565480196
v -0.239502558 -0.328659857 -0.585180531
v -0.232167159 -0.333972877 -0.561111672
v -0.65128972 0.0300686523 0.205564044
v -0.627650741 0.0203890105 0.206823324
v -0.631085899 0.0486801641 0.202378174
v -0.264383732 -0.308605044 -0.337092475
v -0.278060639 -0.296608553 -0.35936905
v -0.289638632 -0.285352864 -0.333474993
v -0.306983931 -0.266533128 0.257703306
v -0.309106784 -0.265005581 0.22571205
v -0.283551218 -0.291387303 0.234627101
v -0.249398237 -0.319582431 -0.616048874
v -0.267679009 -0.304670564 -0.608903272
v -0.245831526 -0.32352938 -0.606087053
v 0.712666215 -0.0137989821 -0.207550452
v 0.698741126 -0.0169914917 -0.208115145
v 0.695057561 -0.0496960245 -0.20324502
v -0.148951276 -0.376008295 -0.394793604
v -0.165748227 -0.369044737 -0.420424328
v -0.13984518 -0.379546084 -0.415282607
v -0.319813732 -0.250518762 -0.558724654
v -0.32188169 -0.247168996 -0.587374949
v -0.306594977 -0.26636302 -0.582604275
v -0.0667128401 -0.397849783 0.0221371794
v -0.0811236271 -0.395679756 -0.00489799978
v -0.0946534277 -0.392575992 0.0224728685
v -0.324830362 -0.242418136 0.578611776
v -0.340809266 -0.220851336 0.593114447
v -0.313862377 -0.258236105 0.597578207
v -0.350872079 -0.217541261 0.152700087
v -0.332000884 -0.242008041 0.155261712
v -0.347164736 -0.220667023 0.177828096
v -0.0486239959 -0.401033052 -0.0921341684
v -0.0743654763 -0.397194679 -0.103618274
v -0.0733680484 -0.397327404 -0.070701156
v -0.0698522007 -0.289538683 0.679802005
v -0.0763861952 -0.264101681 0.680097971
v -0.0912776294 -0.276792805 0.67978827
v -0.00899306663 -0.4062384 -0.603529612
v -0.0232993334 -0.406018666 -0.589272437
v -0.0362888666 -0.404154416 -0.603354162
v 0.0560035841 -0.402422271 0.58981357
v 0.022840237 -0.406033344 0.59015279
v 0.0348774848 -0.404095678 0.577664571
v -0.259146915 -0.312941605 0.480169178
v -0.284751051 -0.289689102 0.494385174
v -0.257092936 -0.3143986 0.512297306
v -0.121673932 -0.385275767 0.0091153443
v -0.115761957 -0.387187023 0.0417661338
v -0.210158789 -0.346907044 -0.378502799
v -0.2092119 -0.347275145 -0.400963823
v -0.236534089 -0.329823165 -0.394300081
v -0.293359379 -0.281060302 -0.56238379
v -0.112721966 -0.387702324 0.16701188
v -0.0920066874 -0.392677845 0.171442968
v -0.120142114 -0.38561083 0.189772033
v -0.0778541645 -0.398169289 0.531493746
v -0.105750313 -0.391541934 0.532337996
v -0.0911683276 -0.395323478 0.499191053
v -0.09346482 -0.394898801 0.550673949
v -0.113176632 -0.389444459 0.557716742
v 0.0978774025 -0.393829931 0.539394632
v 0.0769490318 -0.398476224 0.52322951
v 0.077174529 -0.398135053 0.551908741
v -0.67725341 0.0494912755 0.201798881
v -0.670109504 -0.00196914437 0.20756628
v -0.688986465 0.0238221001 0.20548949
v 0.54558508 0.145724243 0.148394902
v 0.550463853 0.177537094 0.107835623
v 0.546129423 0.172695932 0.11706916
v -0.0698572435 -0.399434646 0.557548929
v -0.415163337 -0.015996355 0.155014475
v -0.415738331 -0.00364556484 0.158501739
v -0.414209094 -0.0207312245 0.164886865
v -0.369306135 -0.190634791 -0.103767076
v -0.368767407 -0.18961892 -0.129457062
v -0.380893131 -0.162843034 -0.125572472
v -0.400032821 0.0673477068 0.522401224
v -0.396808033 0.0859102249 0.55613937
v -0.389913479 0.1130227 0.526333352
v -0.728057938 0.208754834 -0.00870474249
v -0.726135074 0.202565296 -0.0433628562
v -0.72618664 0.204671217 -0.0427935728
v -0.234930271 -0.331250679 -0.341737897
v -0.245724902 -0.323672275 -0.312783908
v -0.258752071 -0.313959845 0.153627101
v -0.264545244 -0.308901575 0.184385744
v -0.280719997 -0.295136135 0.16443969
v -0.190164407 -0.358378375 -0.0180281937
v -0.224174632 -0.33942478 -0.0138854374
v -0.212770195 -0.3463342 -0.043591389
v -0.319981959 0.0254639018 0.681294418
v -0.403348336 0.0499500195 0.589500063
v -0.406677167 0.0162198266 0.593425976
v -0.403212629 0.0450752069 0.554516164
v -0.405498382 0.0132554712 0.495810266
v -0.404223688 -0.046746336 0.34166254
v -0.406336238 -0.0195303034 0.352656069
v -0.407425642 -0.0161693153 0.314980264
v -0.257952824 -0.313735879 -0.369297936
v -0.152407964 -0.374716469 0.135004459
v -0.174375868 -0.365759579 0.164691003
v -0.200137686 -0.3528671 0.134850945
v -0.230655806 -0.216026292 0.681753048
v -0.305440099 -0.268993443 0.602329865
v -0.0937800285 -0.394828837 0.57051328
v -0.232703054 -0.332380858 0.37642572
v -0.223162271 -0.338931756 0.402632644
v -0.248190438 -0.321474007 0.395788749
v -0.0756058608 -0.395990204 0.312866015
v -0.0873086519 -0.394118857 0.335991054
v -0.0492067646 -0.400620279 0.343496239
v -0.399367537 -0.0957827456 0.244992536
v -0.390343459 -0.126345603 0.249904397
v -0.39392049 -0.112197874 0.265345709
v 0.34939906 0.216069806 0.215245738
v 0.360728673 0.198662273 0.21338962
v 0.350311627 0.218902176 0.198853103
v -0.240152788 -0.327435511 0.424637795
v -0.302357241 0.0652067508 0.680412329
v -0.296392913 0.0912225833 0.68031524
v -0.281606958 0.0823017586 0.680044115
v -0.324105561 -0.244250289 0.51332532
v -0.312824278 -0.258142847 0.53824389
v -0.301384678 -0.272193659 0.515818964
v -0.399666971 0.0703258207 0.570622092
v -0.312861874 -0.260154529 -0.346816929
v -0.307966707 -0.265984575 -0.317775964
v -0.324984194 -0.24507356 -0.31955793
v -0.545712888 0.191745622 0.0851847107
v -0.546529 0.17152385 0.122482977
v -0.385404494 0.145858205 0.0727696925
v -0.335076068 -0.235775564 0.18069903
v 0.273918137 0.300542383 0.565362613
v 0.264225367 0.308940807 0.552836265
v 0.279065208 0.295607602 0.552320304
v -0.24216531 -0.327599974 -0.0390564509
v -0.292901294 -0.282894564 0.194265685
v -0.268808868 -0.305165578 0.210497702
v -0.708153285 0.0406824088 0.201478632
v -0.70202612 -0.000807354024 0.205178317
v -0.7017181 0.0257788188 0.204897869
v -0.0359828709 -0.401847272 0.0409683139
v -0.0813826176 -0.395065476 0.0436714635
v -0.280012235 0.11080529 0.680197455
v -0.150465852 -0.375295757 -0.325262489
v -0.126633414 -0.382887251 -0.334942643
v -0.125839866 -0.383599443 -0.30865685
v -0.361176917 -0.184571671 0.495302916
v -0.368929235 -0.169044912 0.441693366
v -0.382678055 -0.133728448 0.518100936
v -0.713375649 0.0882234884 0.185349065
v -0.722490359 0.118936137 0.168883448
v -0.724122111 0.170934246 0.116565318
v -0.218554591 0.34375436 0.603486264
v -0.238450459 0.328695891 0.59381423
v -0.219932347 0.341188462 0.586541029
v -0.373807962 -0.135884767 -0.597706695
v -0.366824263 -0.151972323 -0.588166359
v -0.1383131 0.381345331 0.206082535
v -0.0803339591 0.397163095 0.20555931
v -0.0944670182 0.395121286 0.153039096
v -0.229851158 -0.334411469 -0.46555651
v -0.235574928 -0.330213646 -0.439830158
v -0.217238462 -0.342475052 -0.4415754
v -0.679508419 -0.125134863 -0.167687172
v -0.682373499 -0.151332241 -0.14475222
v -0.699146511 -0.129504618 -0.163768935
v -0.702010228 0.00618340103 -0.207902775
v -0.696318351 0.100530081 -0.182239821
v -0.647087619 0.0816035147 -0.192799287
v -0.36536263 -0.151360011 -0.572987998
v -0.355446882 -0.172731546 -0.554669106
v -0.35713859 -0.173163399 -0.573565498
v -0.376584968 -0.132699283 -0.603974396
v -0.374427642 -0.127630066 -0.587355354
v -0.391917231 -0.0555383784 -0.597521967
v -0.621873732 -0.127540564 -0.16599919
v -0.66799941 -0.0978396974 -0.184643089
v -0.648163879 -0.0688202182 -0.197187177
v -0.343606653 -0.233036439 -0.12061421
v -0.344703982 -0.233073979 -0.0931687703
v -0.354429423 -0.217562615 -0.105824987
v -0.177181108 -0.363874393 -0.329015544
v -0.285420835 -0.289349942 0.263300282
v -0.379797408 -0.166542575 -0.0835448702
v -0.371774689 -0.185678925 -0.0646608017
v -0.270567534 -0.303532022 -0.274630277
v -0.268567038 -0.305334417 -0.306421286
v -0.291400346 -0.283956529 -0.297265846
v -0.6429579 0.159481872 0.135763584
v -0.628846438 0.165788224 0.128319958
v -0.672514303 0.157651005 0.137437486
v -0.161691776 -0.370713937 -0.302802538
v -0.196460423 -0.354474117 -0.425716226
v -0.201546915 -0.351852168 -0.458514481
v -0.318408421 -0.26461686 0.0250235805
v -0.309976988 -0.272929524 -0.00425243759
v -0.305380268 -0.277036599 0.0264238752
v -0.0844035362 -0.39484073 0.367528262
v -0.203170625 -0.219552496 0.680278118
v -0.214465325 -0.240930936 0.681687974
v -0.306674075 -0.266355937 0.46857969
v -0.302646996 -0.271135802 0.437446159
v -0.323877104 -0.245110745 0.44651792
v -0.691252449 -0.00187987122 0.206305996
v -0.545560186 0.168022881 0.125004943
v -0.223496129 -0.338500833 -0.420253728
v -0.289095676 -0.291407572 -0.0375925568
v -0.284388743 -0.29485637 -0.0616809949
v -0.181383043 -0.362465604 -0.39189833
v -0.267122073 -0.306268873 -0.530107805
v -0.289185545 -0.285464582 -0.532826154
v -0.270671247 -0.303333332 -0.553914637
v -0.106393962 -0.38975973 -0.0874475817
v -0.13092702 -0.382819158 -0.0782588311
v -0.13554684 -0.380883869 -0.108578501
v -0.397148011 -0.120624043 0.0186915638
v -0.395191319 -0.134098874 0.0145447432
v -0.39620768 -0.124079963 -0.0076315228
v -0.241465787 0.312411519 -0.559409311
v -0.284352022 0.27577492 -0.568071905
v -0.283216284 0.272943923 -0.554399648
v -0.230106094 -0.334539186 -0.494349658
v -0.205703852 -0.349844543 -0.486197999
v -0.361190035 0.176806633 -0.62568646
v -0.339782173 0.213299277 -0.6261757
v -0.309935228 0.257187063 -0.626943077
v -0.330567549 -0.237244687 -0.343674541
v -0.325574616 -0.244062733 -0.36978106
v -0.15663248 -0.372757003 -0.136887764
v -0.168513971 -0.368256883 -0.112400978
v -0.196454959 -0.354525462 -0.134440551
v -0.250726774 -0.31985317 -0.54495229
v -0.353135191 0.201814573 -0.606407556
v -0.373888729 0.160556747 -0.542105737
v -0.338487769 0.225384019 -0.601556052
v 0.340951739 0.222028793 -0.481308491
v 0.319322601 0.251850146 -0.520626366
v 0.343610318 0.217686544 -0.507222055
v 0.103004531 0.370628388 -0.455563563
v -0.031179485 0.381024756 -0.452239679
v 0.0693125 0.377459296 -0.46948031
v 0.349531161 0.226771332 0.080289425
v 0.326752386 0.257197071 0.060290114
v 0.350681707 0.226001881 0.0505888084
v -0.544300897 -0.198596846 -0.0652632673
v -0.544934621 -0.18803929 -0.0936492615
v -0.546239303 -0.19976973 -0.0694264638
v 0.0445319608 -0.400978933 0.098677989
v 0.0709385144 -0.397178727 0.113539976
v 0.066455213 -0.398310247 0.0805740439
v 0.0069108124 0.385148645 -0.436992019
v 0.327765582 0.218763714 -0.466095681
v -0.193491929 0.335794449 -0.437108338
v 0.0112870167 -0.403985931 -0.413420589
v -0.00420567259 -0.404342975 -0.43761859
v -0.0237567035 -0.403005807 -0.416556644
v 0.39305381 0.0956160275 -0.610568158
v 0.383062622 0.13278814 -0.609889097
v 0.393549969 0.0989066639 -0.585221135
v 0.0627240864 -0.399312981 -0.316085791
v 0.0924702503 -0.394277433 -0.314997779
v 0.0684426624 -0.398982837 -0.343466885
v 0.382794597 0.159912718 -0.0553817856
v 0.388445875 0.143438704 -0.0903800097
v 0.376312258 0.175815386 -0.0886409923
v 0.565242083 0.160563806 0.13179303
v 0.383879023 0.133957143 -0.549017506
v 0.373163531 0.161104457 -0.568199565
v 0.384065039 0.13197821 -0.578661579
v -0.178845314 0.334837409 -0.415471885
v -0.279484782 0.25615779 -0.410559706
v 0.334643883 0.218952227 -0.544871359
v 0.352277567 0.18951974 -0.558160108
v 0.351029073 0.189681034 -0.53116307
v 0.356281322 0.196456748 -0.388804717
v 0.335058248 0.230658185 -0.407187977
v 0.342178554 0.220069628 -0.380252659
v 0.402224546 0.0945900904 -0.11079434
v 0.399919958 0.101452458 -0.129076959
v 0.396109259 0.118586523 -0.112218834
v 0.406961642 0.00368673158 -0.349510483
v 0.407573529 0.018622708 -0.324996427
v 0.406052763 0.0253212857 -0.34531289
v 0.347544403 0.227114847 0.176733809
v 0.347105752 0.225891843 0.185261606
v 0.331902156 0.24538822 0.190885178
v 0.387911089 -0.120124461 -0.524336394
v 0.383378499 -0.13412954 -0.553984557
v 0.379244176 -0.145366786 -0.531946649
v 0.353311441 -0.208508861 0.208188272
v 0.36359223 -0.190541239 0.221432678
v 0.357344581 -0.198784549 0.235632264
v 0.0999695841 -0.391049932 0.0920599308
v 0.318106853 0.253749366 -0.451883174
v 0.303063812 0.271033879 -0.426371356
v 0.393328933 0.132039582 -0.0538130349
v 0.399339239 0.112722031 -0.0563672241
v 0.398549384 0.1167549 -0.0295938557
v -0.305541613 -0.265005566 -0.611619032
v -0.0680803482 0.398280258 0.557321449
v -0.0279002184 0.402437946 0.532083085
v -0.0374534014 0.402074808 0.55795193
v 0.347522079 0.210922155 0.490142473
v 0.359964126 0.188960856 0.481559893
v 0.357799536 0.19290167 0.507979791
v 0.32641832 0.241309997 0.318749554
v 0.337452907 0.226585194 0.281944698
v 0.3476671 0.21035015 0.300601128
v 0.398520806 -0.0796312069 0.413518499
v 0.402995952 -0.0557074742 0.436093343
v 0.403178514 -0.0527873563 0.399823351
v 0.40635804 0.0856369811 -0.065720049
v 0.403869413 0.0955443509 -0.00125451805
v 0.399245871 0.109982524 -0.0819930872
v 0.390540806 0.113012048 0.486586682
v 0.3970482 0.0873698162 0.489256332
v 0.394479441 0.0976205209 0.511712844
v 0.0486634998 -0.402872712 0.540379606
v 0.0238525273 -0.405035962 0.524867037
v 0.0436515851 -0.403273932 0.510417599
v 0.318595865 0.251574242 0.55155241
v 0.338477417 0.22419922 0.541473201
v 0.334012763 0.229949588 0.568333178
v 0.371901627 0.16365253 0.503307491
v 0.381276922 0.141496977 0.482169747
v 0.371356666 0.165546688 0.476057425
v 0.405113373 0.0296649496 0.522532484
v 0.405632555 -0.00214135108 0.545144039
v 0.403877794 0.0376682619 0.551224897
v 0.688990496 0.020851317 0.20617833
v 0.677051695 -0.0187147349 0.20681795
v 0.657550774 0.0185067953 0.206765243
v 0.262312753 0.0756611871 0.680522344
v 0.273651195 0.0554854621 0.680459583
v 0.237493103 0.0543898653 0.68073248
v 0.384493012 0.130944266 0.515796983
v 0.375258917 0.155292265 0.534763841
v -0.404962074 -0.0204822685 0.558039635
v -0.40433044 -0.0414500741 0.590829536
v -0.406541376 -0.0111763306 0.591915171
v 0.178483341 -0.363080829 -0.608754619
v 0.148491498 -0.376668065 -0.607220554
v 0.15774751 -0.370806451 -0.603360551
v 0.405108963 0.0368379738 0.377396
v 0.402995235 0.056698068 0.353731735
v 0.400754073 0.0676080231 0.38294089
v 0.404733006 0.0508017531 -0.31467161
v 0.40426899 0.0474726266 -0.341158121
v -0.250863557 -0.319478969 -0.288507963
v 0.401178332 0.104128436 0.0881692991
v 0.400386846 0.113283526 0.0924167556
v 0.399965694 0.113399312 0.0552123376
v 0.30884853 -0.265324337 0.199847864
v 0.306749516 -0.268949991 0.175843236
v 0.319932979 -0.253793392 0.185448147
v 0.414477414 0.0328292824 0.153422144
v 0.412905292 0.0380513372 0.149452025
v 0.411007677 0.0609137885 0.141452274
v 0.702093477 -0.11267045 -0.175899139
v 0.675773765 -0.109312759 -0.178824561
v 0.701517156 -0.0863183441 -0.189939717
v 0.337097594 0.225842866 0.341766075
v 0.362767623 0.183864356 0.325146846
v 0.545814649 0.117519593 0.172511058
v 0.546868585 0.144905693 0.151821719
v 0.341696498 0.219916363 0.514640435
v 0.653047802 0.144365868 0.149641438
v 0.624310613 0.133145541 0.160015947
v 0.626766449 0.159126359 0.134386479
v 0.137069126 -0.287236303 0.681169339
v 0.119995251 -0.26896974 0.679964334
v 0.108191353 -0.294495565 0.681338691
v 0.317979498 -0.250033955 -0.449314526
v 0.30229006 -0.26887823 -0.425055457
v 0.321791038 -0.24437338 -0.420508615
v 0.684221051 0.152546101 0.140728986
v 0.657860383 0.17241783 0.116591697
v 0.686234717 0.18019802 0.102988078
v 0.545096973 -0.132388566 0.160137102
v 0.545835079 -0.154924227 0.138419351
v 0.55681488 -0.126987831 0.164359607
v 0.705095124 0.207204664 -0.0130609363
v 0.713942737 0.202362822 -0.0425232191
v 0.712505931 0.206715322 0.00573892841
v 0.304584498 -0.268095907 0.412250548
v 0.318638612 -0.251643719 0.386395652
v 0.324315197 -0.243928389 0.407534274
v 0.393245294 -0.130008061 0.133921568
v 0.392140012 -0.129779843 0.167400779
v 0.39966854 -0.104859149 0.154578628
v 0.408966802 0.0362899148 0.263939923
v 0.410546284 0.00968025373 0.256969599
v 0.410439232 0.0293597366 0.243240895
v -0.209571756 -0.347160806 0.382075912
v -0.21527497 -0.343628625 0.357897033
v 0.41240083 0.0405498833 0.161040791
v 0.545521205 -0.0930804127 0.186149313
v 0.398051211 0.0831503192 0.592741591
v 0.390920569 0.107116312 0.571210205
v 0.388156704 0.120490838 0.596961874
v 0.381416036 0.137408124 0.580134852
v 0.712629572 0.0155483416 0.205550285
v 0.704486026 -0.0104042628 0.206401959
v -0.134018972 -0.24543044 0.680107996
v -0.101568772 -0.25246852 0.68035165
v -0.119017768 -0.277965106 0.680180041
v 0.389798872 0.128655374 0.252078427
v 0.385826706 0.135751756 0.274335789
v 0.379574706 0.154315885 0.254204831
v 0.203750245 -0.351065189 0.541484931
v 0.19455377 -0.356023881 0.563713695
v 0.17686374 -0.365000337 0.544988559
v 0.390653659 0.112729326 0.341587018
v 0.398214013 0.0847984342 0.339165702
v 0.395889623 0.0970801808 0.318558828
v 0.0581307651 -0.400025043 0.408969085
v 0.0161518401 -0.403937056 0.423399572
v 0.0199830854 -0.403207933 0.393177896
v 0.0504314505 -0.400841469 0.377339363
v 0.405488076 -0.0242734208 0.411731301
v 0.400024954 -0.110408581 0.0856145366
v 0.545487588 -0.179468714 0.107589109
v 0.545807704 -0.155054044 0.140297514
v 0.166729222 -0.275177571 0.681341431
v 0.146109075 -0.26716797 0.680183909
v 0.16357886 -0.252945531 0.679870748
v 0.408158734 -0.0811307197 0.126263965
v 0.404596252 -0.09666315 0.116001628
v 0.405140294 -0.0913848436 0.127453792
v 0.39626101 -0.124357218 0.0591822905
v 0.394947707 -0.133136232 0.0711252153
v 0.39432331 -0.135943572 0.0509969411
v 0.723654926 -0.180345041 0.101265343
v 0.714930886 -0.194306159 0.0717542989
v 0.707350217 -0.169635651 0.118746054
v 0.723364827 -0.148247705 0.143584372
v 0.0262405861 -0.318083002 0.681541222
v 0.0498612801 -0.309406186 0.681277725
v -0.0399485577 -0.404896249 0.583460597
v -0.0249565339 -0.315943795 0.68106106
v -0.0553162474 -0.316557226 0.681280686
v -0.407272418 0.0107297231 0.325909997
v 0.391705518 -0.108581003 0.482521102
v 0.392927199 -0.105285903 0.460598539
v 0.384960776 -0.130565881 0.465253616
v 0.0612579764 -0.39959448 0.297955141
v 0.0454675154 -0.401087182 0.318659279
v 0.0700884851 -0.39779638 0.325833058
v 0.365311356 0.194658045 0.196801019
v 0.236053117 -0.17759403 0.67988117
v 0.251741715 -0.158587436 0.679992854
v 0.253819575 -0.184694339 0.680480466
v 0.40969337 -0.0684094887 0.139366795
v 0.0114821887 -0.403708282 0.272877823
v 0.0476186665 -0.400947853 0.27502357
v 0.0354509751 -0.402022734 0.255260633
v 0.404917405 0.0946310492 0.113470173
v 0.341110903 -0.222789932 0.249165648
v 0.326919035 -0.243659689 0.21358493
v 0.319721541 -0.251108746 0.244998392
v 0.311187706 -0.262116687 0.222191485
v 0.413042894 -0.000131795879 0.168929047
v 0.413885565 0.0146451561 0.161979566
v 0.388229641 -0.150897646 0.0589549891
v 0.391075234 -0.141955413 0.0824523551
v 0.405297114 -0.0722995924 0.22159732
v 0.400925431 -0.0957344061 0.190718618
v 0.407724974 -0.0543103371 0.195747062
v 0.168400291 -0.368343078 0.416707744
v 0.122990265 -0.385401314 0.429859371
v 0.155987847 -0.373299147 0.389574158
v 0.360172327 -0.189988221 0.591838003
v 0.272713299 -0.167652611 0.681513024
v 0.346736796 -0.211874908 0.586207091
v 0.710495296 -0.206217823 0.027187682
v 0.7275337 -0.206277206 0.0187389907
v 0.546188857 -0.191670551 0.0869118439
v 0.409921528 0.0295996703 -0.219247406
v 0.410473281 0.0195613205 -0.203649971
v 0.408185587 0.050318663 -0.196533764
v 0.702383731 0.0933483283 -0.185982629
v 0.708588077 0.121559825 -0.168198645
v 0.673186673 0.122454296 -0.16862718
v 0.680463095 -0.0775878667 -0.194353193
v 0.399624609 -0.075889997 0.383159089
v 0.379055802 0.147213354 0.598496679
v 0.371235966 0.163893468 0.589107986
v 0.289426562 0.133298145 0.682128961
v 0.546698547 -0.0308307332 0.207091417
v 0.546623751 -0.0658801996 0.198527328
v 0.413828799 -0.0325754015 0.150874652
v 0.714199518 0.170403686 -0.117608922
v 0.710181205 0.152750073 -0.140364657
v 0.705195018 0.168507195 -0.121817755
v 0.667739101 -0.182500498 -0.102734836
v 0.691771377 -0.172560539 -0.117690019
v 0.666183319 -0.16488075 -0.129340141
v 0.406416545 0.0657437084 -0.166627828
v 0.405966837 0.0705013842 -0.143522892
v 0.410181095 0.0434769788 -0.147151918
v 0.0346423272 -0.403363962 -0.186921617
v 0.0266431854 -0.403010587 -0.219019501
v 0.0604144874 -0.39999261 -0.196675934
v 0.587560725 -0.208509679 0.0141729198
v 0.575975822 -0.208154313 -0.0197821177
v 0.602118191 -0.208476315 -0.0198182325
v 0.372591859 0.18395859 -0.00185223175
v 0.36587761 0.197984222 -0.0230653304
v 0.377858444 0.17258054 -0.0249091209
v -0.00592769731 -0.403147459 -0.392538279
v 0.307058506 -0.275065517 -0.062851908
v 0.310538369 -0.270643001 -0.0924136486
v 0.321885057 -0.260482824 -0.0767056602
v 0.320684737 -0.262483581 -0.0480700548
v 0.336779271 -0.233509959 0.184813305
v 0.343232631 -0.221925223 0.217253777
v -0.206620508 -0.350025667 -0.601093159
v -0.203924275 -0.3499602 -0.610558184
v -0.229986764 -0.3340652 -0.612826624
v 0.175430002 -0.365102544 -0.00427225899
v 0.144004144 -0.377840605 0.018798958
v 0.135763444 -0.381232416 -0.0105812632
v 0.400438297 0.0651680607 -0.577644212
v 0.403463888 0.0439057765 -0.552641175
v 0.397652277 0.0839658535 -0.555450496
v -0.0693781935 -0.397526938 -0.600310205
v -0.0970925511 -0.38887188 -0.595751344
v -0.116770346 -0.388327019 -0.604052861
v -0.112946481 -0.387173161 -0.395476441
v -0.11553835 -0.387048275 -0.431031486
v -0.0900564996 -0.39353293 -0.417676777
v -0.073765022 -0.390775733 -0.576058327
v -0.01827729 -0.401744193 -0.595188009
v 0.0165849586 -0.400734263 -0.592089027
v 0.135213214 -0.382121336 -0.295756432
v 0.144431973 -0.378679453 -0.310685627
v 0.306036956 0.268220808 -0.502822413
v -0.308474607 -0.264246006 -0.508663115
v -0.279334984 -0.294989928 -0.505308705
v -0.298185131 -0.275852472 -0.487151275
v 0.170500337 -0.368604816 -0.611782046
v -0.215741367 -0.344804346 -0.579916798
v -0.225168265 -0.338266764 -0.599638164
v -0.263747739 -0.302613307 -0.592090116
v 0.228881755 -0.335767779 -0.549426801
v 0.119076531 -0.389069073 -0.55195256
v 0.166010031 -0.370670249 -0.452033277
v 0.407004339 0.0700271311 -0.121797
v 0.410858629 0.0520752594 -0.111377544
v 0.404190706 -0.0558301001 -0.317840512
v 0.402646977 -0.0589489644 -0.339300774
v 0.406570182 -0.024702509 -0.325569025
v -0.102546403 -0.393352913 -0.595955839
v -0.131500284 -0.384545088 -0.591686385
v -0.10217708 -0.393759395 -0.567362799
v 0.373381714 0.160295962 -0.595068211
v 0.382368132 0.14210011 -0.301246533
v 0.375701425 0.156820042 -0.321522287
v 0.368654592 0.174005525 -0.305441863
v -0.544704832 -0.185748688 -0.0960563773
v 0.404361797 0.0341524445 -0.463939034
v 0.406108196 0.0111119232 -0.451470316
v 0.405542987 0.00973815597 -0.483542479
v -0.142298783 -0.378969568 -0.44359332
v 0.325486084 -0.251326469 -0.147062838
v 0.314696766 -0.262295978 -0.15185969
v 0.315914086 -0.263320045 -0.124757712
v 0.374203021 -0.183298338 -0.0622930227
v 0.372564256 -0.185679365 -0.0950030178
v 0.381104726 -0.166275506 -0.0878071299
v 0.404254858 -0.0960918936 -0.117437259
v 0.404796644 -0.085763155 -0.137606932
v 0.408978308 -0.0714532177 -0.125383943
v -0.190680847 -0.35927042 -0.577137116
v -0.201429001 -0.351510925 -0.233211573
v -0.199565832 -0.352777604 -0.261164237
v -0.217929934 -0.341768768 -0.251506992
v -0.287740506 -0.285233576 -0.611657032
v 0.400132367 0.0674747834 -0.529295795
v 0.406261285 -0.00148442849 -0.377043945
v 0.405788737 -0.0311034252 -0.357131302
v 0.617404071 -0.204974539 0.0416873921
v 0.58290205 -0.19901528 0.0625321185
v 0.609429632 -0.194315439 0.0757100648
v -0.210386789 -0.347928186 -0.553391822
v -0.230230701 -0.335140378 -0.539525691
v -0.2213897 -0.341016755 0.0513730973
v -0.233431884 -0.333395541 0.0176011345
v -0.204443032 -0.351036472 0.0325139014
v -0.393765073 -0.13768033 -0.00904559112
v -0.258413247 -0.31312233 -0.451932473
v -0.254253063 -0.316493342 -0.485239998
v -0.197373879 -0.354054973 -0.304415743
v -0.222777609 -0.339119511 -0.316214561
v -0.281273953 -0.292963915 -0.472161144
v -0.249021387 -0.320444329 -0.421296249
v -0.307438611 -0.264446931 -0.602141488
v -0.29574067 -0.278949797 -0.366425161
v -0.27893306 -0.295468395 -0.38035204
v -0.349864256 -0.205895337 -0.526946703
v -0.328094203 -0.239091733 -0.527209655
v -0.3399728 -0.221679494 -0.551443817
v -0.355019083 -0.196143635 -0.553302759
v -0.0608072932 -0.398288227 -0.395881201
v -0.246061851 -0.323469555 -0.517752133
v -0.362854809 -0.18180847 -0.489587638
v -0.346846045 -0.211632254 -0.440123843
v -0.34622845 -0.212591852 -0.462256162
v -0.294337216 -0.280314708 -0.397778431
v 0.281929527 0.293696845 -0.604740367
v 0.321658816 0.249633227 -0.594761404
v 0.300851584 0.274682337 -0.593173345
v -0.26616566 -0.306765683 -0.400428191
v -0.210028844 -0.347728292 -0.520875541
v -0.288690955 0.277670539 -0.60889635
v -0.239704763 0.322191189 -0.613712893
v -0.271047583 0.297707035 -0.626221329
v -0.337850924 -0.225427389 -0.472887084
v -0.336184169 -0.227710475 -0.500136938
v -0.342572735 -0.218867169 -0.413872769
v -0.338102785 -0.223498054 -0.592521502
v -0.332837922 -0.232267415 -0.572088139
v -0.294357711 -0.279993336 -0.450723843
v -0.27666306 -0.297122734 -0.45073735
v -0.327523407 -0.225827008 -0.542189805
v -0.343332 -0.200808873 -0.562864883
v -0.340193665 -0.202870963 -0.536786711
v -0.232535215 -0.332862311 -0.36788188
v 0.0299272853 -0.402610642 -0.338470177
v 0.370986275 0.187441314 -0.0540025652
v -0.0250528039 0.403089075 -0.547264775
v -0.0617835409 0.398661674 -0.546491884
v -0.0556273515 0.400774746 -0.562357441
v -0.150418989 -0.376062981 0.0249506397
v -0.0320106778 -0.401401479 -0.397151472
v -0.0312795451 -0.401403368 -0.377221604
v -0.126434866 -0.379165697 -0.586717597
v -0.177826675 -0.365055081 -0.500135137
v -0.156151053 -0.374026756 -0.476312624
v -0.139214094 -0.381226591 -0.510607402
v -0.328311449 0.206654562 -0.542038466
v -0.35577622 0.148618299 -0.534787076
v -0.318281998 0.216604888 -0.52373376
v -0.197686913 -0.353394457 -0.205567237
v -0.158506334 -0.371747946 -0.218977283
v -0.0866331199 -0.396368314 -0.60064358
v -0.148697984 -0.377438616 -0.602888521
v -0.0932676156 -0.391883422 -0.370987417
v -0.0945311531 -0.391567716 -0.346903747
v -0.124964428 -0.383681654 -0.363592694
v -0.0830428756 -0.394799416 -0.203114495
v -0.0475761379 -0.400188544 -0.213771366
v -0.0602704603 -0.398988891 -0.19738164
v -0.154499697 -0.374029654 -0.34627175
v 0.283748565 -0.290061285 -0.28221059
v 0.283706773 -0.290561387 -0.244403743
v 0.302837823 -0.270685809 -0.254905044
v -0.183184387 -0.361767146 -0.47436919
v -0.0984471386 -0.393628305 -0.499129014
v -0.10989978 -0.391138629 -0.529232781
v -0.0919443039 -0.395348573 -0.517992545
v -0.17284736 -0.366739497 -0.450667858
v -0.0241970559 -0.401697226 -0.295375017
v -0.0589055686 -0.398134394 -0.272587144
v -0.0248467295 -0.401751707 -0.259993793
v -0.369090575 0.122570644 -0.447390733
v 0.189513707 -0.35251054 -0.500605861
v -0.0616576438 -0.400033209 -0.458969308
v -0.0715637568 -0.398931813 -0.484625537
v -0.0847525955 -0.395595677 -0.468809209
v -0.0398984765 -0.403340369 -0.484559051
v -0.0744639227 -0.399413376 -0.521935665
v -0.0292703652 -0.405724956 -0.538297159
v 0.0473240453 -0.398875593 -0.594718256
v 0.0659426206 -0.396884268 -0.597569292
v 0.0417352909 -0.401613951 -0.599752658
v -0.138585088 -0.3797511 -0.379304728
v 0.0213637644 -0.406177074 -0.599110802
v -0.104998749 -0.390076488 -0.115682492
v -0.0811018769 -0.395498342 -0.138887174
v -0.313430251 0.214239942 -0.420806418
v 0.189809481 -0.358887208 -0.613591664
v -0.286696667 -0.2894385 -0.200111383
v -0.257159341 -0.315020797 -0.212528344
v -0.281325839 -0.29435274 -0.228124318
v -0.11680685 -0.387892143 -0.467066067
v 0.330486328 -0.238755759 -0.217374901
v 0.346089177 -0.219084518 -0.207496736
v 0.33087687 -0.24042301 -0.191824828
v 0.0111418076 -0.404721927 -0.101115944
v 0.0408589309 -0.402931676 -0.101023964
v 0.0262420065 -0.404015101 -0.121082433
v 0.00567951458 -0.40276952 -0.364092292
v 0.356298884 0.19616377 -0.361319671
v -0.0353219462 -0.402319168 -0.191654177
v -0.0164899502 -0.40332322 -0.210875719
v -0.373503085 -0.15864285 -0.547680621
v 0.128807665 0.38026997 -0.607386711
v 0.0611083147 0.397094555 -0.609945452
v 0.0677176206 0.392674614 -0.583813991
v 0.333879385 0.232504042 -0.455823067
v 0.354778743 0.199426318 -0.44337096
v -0.000602330041 -0.404779379 -0.130330474
v 0.0245224034 -0.404418848 -0.134896728
v -0.0874595725 0.388751871 -0.588211019
v -0.126556821 0.37700625 -0.57970545
v -0.0962508132 0.384554125 -0.570264474
v 0.10329796 -0.392266613 -0.379110481
v 0.127549241 -0.385207993 -0.368656662
v 0.120308475 -0.387790092 -0.40750788
v 0.0436165083 -0.401979884 -0.366167587
v -0.120308034 -0.385861503 0.11333121
v -0.154506084 -0.374102354 0.101663264
v -0.122891579 -0.384949229 -0.138466982
v -0.00755088634 -0.406870671 0.587284842
v -0.266611831 -0.308322066 -0.120074872
v -0.285047127 -0.293219734 -0.111675939
v -0.274872934 -0.30113957 -0.144868834
v -0.265401606 -0.30716899 0.537327065
v -0.280299936 -0.293606548 0.523462311
v 0.0720741934 -0.397944227 -0.286716237
v 0.0466269556 -0.401007997 -0.274278331
v 0.0650701996 -0.398960449 -0.256984522
v 0.037968311 -0.401737877 -0.250709688
v 0.0553523623 -0.400765289 -0.0754295336
v 0.0203444197 -0.403723868 -0.0742434027
v -0.297002741 -0.283109012 -0.088518865
v -0.159030522 -0.372305722 -0.0863508132
v -0.0823143665 -0.394172903 -0.261054508
v -0.102135278 -0.389786275 -0.282004243
v -0.104591234 -0.389299529 -0.251970935
v -0.131441066 -0.381493106 -0.265914416
v 0.0200483422 -0.404435698 -0.158177337
v -0.00125225801 -0.405028315 -0.157995493
v -0.206643431 -0.348570779 -0.16410789
v -0.23071011 -0.334102297 -0.169503049
v -0.217316244 -0.34232709 -0.187231461
v -0.0481337137 -0.401066326 -0.0515004781
v -0.0154023077 -0.403610376 -0.0512158657
v -0.044235037 -0.401345582 -0.0270608745
v -0.0804369398 -0.395598239 -0.0375374941
v -0.107492025 -0.389673544 -0.0578052733
v -0.137522489 -0.379713326 -0.190306083
v -0.104012992 -0.39020458 -0.167746269
v -0.242917094 -0.325561705 -0.186936864
v -0.240476569 -0.327479903 -0.263911069
v -0.260464886 -0.311843517 -0.244744364
v -0.235241571 -0.330923319 -0.236312036
v -0.226885147 -0.336172543 -0.210872178
v -0.355205386 -0.191372725 -0.60847849
v -0.16577828 -0.368441031 -0.252643247
v -0.176216921 -0.365172656 -0.0724596851
v -0.191225065 -0.357636166 -0.0963470642
v -0.193951145 -0.355361998 -0.18426782
v -0.123102789 -0.385336552 -0.0257819981
v -0.160151213 -0.372151905 -0.0295020639
v -0.154326603 -0.374548948 -0.00436527137
v -0.031641416 -0.402214584 0.00324605146
v -0.377217692 -0.147158877 -0.612505021
v -0.3863133 -0.112423254 -0.618258214
v -0.385736061 -0.122072158 -0.616716601
v -0.134312087 -0.380570791 -0.286791718
v -0.33823352 -0.237505802 -0.143661475
v -0.330282796 -0.248717939 -0.118814634
v -0.303363507 -0.272235919 -0.216831635
v -0.0902472428 -0.393330722 0.228583479
v -0.0468525776 -0.400664554 0.242414548
v -0.0547758989 -0.399319913 0.210901684
v -0.227864951 -0.336083351 -0.145644383
v -0.228477599 -0.336055395 -0.110230623
v -0.352460053 -0.217463077 -0.148048322
v -0.353521778 -0.21828892 -0.129297728
v -0.299638057 -0.278998376 -0.137403719
v -0.305134974 -0.274651051 -0.113859518
v -0.320350659 -0.258060618 -0.136923322
v -0.352471775 -0.222668071 -0.0235106653
v -0.362455355 -0.205027224 -0.0337706377
v -0.362696778 -0.204865669 -0.0144292667
v -0.545307262 -0.208068244 -0.0231448774
v -0.54615713 -0.206557497 -0.0426431416
v -0.265561449 -0.30766192 -0.585136626
v -0.227296883 -0.33633306 -0.290230685
v -0.347842133 -0.217145705 0.196620548
v -0.26011324 -0.313455382 0.103681322
v -0.275957659 -0.300831103 0.0891645668
v -0.258426251 -0.315396075 0.0751830936
v -0.213396726 -0.345784312 -0.0868992612
v 0.0270536309 -0.404892009 -0.468128912
v 0.0412987862 -0.403841056 -0.454621637
v 0.0227668239 -0.404763413 -0.445488341
v -0.333419013 -0.247026561 -0.0897295845
v -0.339643963 -0.241025258 0.0172635884
v -0.358320417 -0.21254623 0.0379297711
v -0.350015532 -0.226796299 0.0166863125
v -0.343579507 -0.216468586 0.422672422
v -0.319591507 -0.250540195 0.416300396
v -0.206722331 -0.349820278 0.00618729098
v -0.193416613 -0.356688981 0.0626973803
v -0.173576266 -0.366470752 0.0436749275
v -0.336551657 -0.206109345 -0.522786088
v -0.350695717 -0.178293583 -0.534331417
v -0.340894437 -0.238653758 -0.0730016966
v -0.38695864 -0.153497745 0.0893497924
v -0.364020861 -0.20191116 0.079788966
v -0.38109169 -0.169406152 0.0560937222
v -0.332557223 -0.249835 -0.0551758386
v -0.336820318 -0.244442556 -0.0199905618
v -0.344262399 -0.234658342 -0.0488351688
v -0.345562864 -0.233010227 -0.000424095242
v -0.3506953 -0.225261002 -0.0752847594
v -0.393975614 -0.132626158 -0.0332886047
v -0.36258984 -0.188892043 -0.243382919
v -0.384977299 -0.135478912 -0.317974472
v -0.353462181 -0.203243597 -0.28640154
v -0.295874912 -0.279480222 -0.270295353
v -0.353710062 -0.20166024 0.271770239
v -0.355871481 -0.196710279 0.295938546
v -0.365894268 -0.178793702 0.279865793
v -0.250660006 -0.320140098 -0.160109225
v -0.250990885 -0.320133977 -0.132519573
v -0.273944143 -0.303586372 0.0397005565
v -0.286641871 -0.293405755 0.0150281056
v -0.293333771 -0.286916729 0.0459574463
v 0.0303138158 -0.402465511 0.297979574
v -0.355491299 -0.21727011 -0.0518790575
v -0.360910945 -0.207081793 -0.074974673
v -0.231533228 -0.334557499 -0.0723310638
v -0.332291508 -0.238023656 0.198712387
v -0.268675083 -0.308012242 -0.0366527726
v -0.276425886 -0.301972233 -0.0113464311
v -0.136328389 -0.380002217 -0.242786192
v -0.269764227 -0.305108503 -0.178025454
v -0.295676035 -0.281611159 -0.168591589
v -0.280702883 -0.294585114 -0.251130506
v -0.252035464 -0.32073699 -0.0119644954
v -0.172942239 -0.365876104 -0.165773992
v -0.147056959 -0.376997207 -0.0561985819
v -0.30718654 -0.275497417 -0.0368263789
v -0.295264156 -0.286206799 -0.0122995823
v -0.321628288 -0.261317452 -0.0308805011
v -0.279361737 -0.298595156 -0.0833597905
v -0.261692434 -0.313127594 -0.064507174
v -0.393062731 -0.13096896 -0.113297094
v -0.400954159 -0.111674362 -0.104822914
v -0.393548927 -0.132594572 -0.0896805512
v -0.164148075 -0.370648007 0.0724350666
v -0.365300365 -0.200066106 -0.0511347328
v -0.371768779 -0.18677142 -0.0316667848
v -0.200159556 -0.353029994 -0.0695092865
v -0.325373468 -0.258145542 0.00246617523
v -0.177268251 -0.364790384 0.116135066
v -0.141252247 -0.378805993 0.215120763
v -0.156622078 -0.37291108 0.236167421
v -0.12477249 -0.384345652 0.241166181
v -0.12553811 -0.384120839 0.0772061019
v -0.237005234 -0.191980551 0.681157549
v -0.257725175 -0.17893143 0.681516093
v -0.063496255 -0.398269988 0.145148119
v -0.0162522213 -0.402622638 0.130254975
v -0.048126221 -0.400245458 0.120014572
v -0.244397822 -0.324250033 0.295882461
v -0.2518747 -0.318803073 0.274838949
v -0.231241269 -0.333715661 0.277298113
v 0.05230464 -0.402154761 0.487437468
v -0.592686308 0.168320093 0.124110206
v -0.551181241 0.172344081 0.11892723
v -0.564723397 0.151869336 0.143475894
v -0.108890925 -0.388876032 0.145877276
v -0.137012761 -0.380185452 0.165620462
v -0.235738742 -0.331453588 0.0693617344
v -0.250365129 -0.321702568 0.0453367619
v -0.313836779 -0.258316 0.282910983
v -0.328387047 -0.240040172 0.269862896
v -0.321777628 -0.25643483 0.118736271
v -0.334491696 -0.243344476 0.110613989
v -0.336665986 -0.238634909 0.135939164
v -0.00784848566 -0.403249768 0.341833887
v 0.038331537 -0.402027157 0.345416851
v 0.0225296496 -0.403230421 0.321092274
v 0.033501799 -0.401862303 0.126088739
v 0.038329644 -0.401461959 0.158641972
v 0.064609332 -0.398476416 0.139735169
v 0.0412965394 -0.402113841 -0.0476459617
v -0.0661287711 -0.397574846 0.0701665581
v -0.0576724297 -0.399031372 0.098425481
v -0.0227883575 -0.402489986 0.0757726267
v 0.0675116032 -0.398241673 0.254322667
v -0.152922745 -0.37439297 0.190485423
v -0.146577411 -0.377280906 0.0530212786
v 0.204028899 -0.35001453 0.107035858
v 0.229584754 -0.335025601 0.119544967
v 0.207776215 -0.348049938 0.138269111
v -0.359829085 0.190275994 0.599456776
v -0.343948365 0.2168739 0.595516229
v -0.273953691 0.162465013 0.681223655
v -0.216660157 0.123870282 0.680636377
v -0.149778499 0.129359665 0.680638966
v -0.219442784 0.165569994 0.680331693
v -0.0329071347 -0.402163303 0.310300973
v -8.56747215e-05 -0.403600362 0.305440873
v -0.0215179017 -0.402655967 0.285147791
v -0.272169545 0.265486914 -0.460459063
v -0.239928595 0.296961317 -0.484849891
v -0.322147749 0.202910349 -0.491603311
v -0.0896223473 -0.393342635 0.197470458
v -0.0563108976 -0.399313287 0.178998041
v -0.0286617902 -0.401850799 0.104118273
v 0.00519935788 -0.40324925 0.0974315662
v 0.0692259893 -0.398139988 -0.0203158969
v 0.0879718871 -0.394693999 -0.000289241876
v 0.0653941586 -0.398644914 0.00462110468
v -0.0209305947 -0.402673292 0.192702237
v -0.0227120885 -0.402271031 0.161401485
v 0.0140488823 -0.402963725 0.180932191
v 0.010560497 -0.403311983 0.148868151
v 0.0363345784 -0.401595265 0.0744474924
v -0.0917701372 -0.392681304 0.258310413
v -0.0571688359 -0.399491354 0.279200234
v -0.0976529569 -0.391728505 0.289152214
v -0.168896875 -0.368406243 0.557691805
v -0.172861805 -0.367169451 0.531900971
v -0.192218617 -0.357282061 0.552375049
v 0.0526630106 -0.401552865 -0.134764047
v 0.356774093 -0.216796907 -0.0851835892
v 0.346068888 -0.232860926 -0.0762563166
v 0.353059753 -0.223198573 -0.0616716242
v -0.0239065223 -0.238441817 0.680803953
v -0.0813477818 -0.220862885 0.680559888
v -0.0371113942 -0.121832308 0.681046182
v -0.263782669 -0.307905757 0.563168988
v -0.235653374 -0.33018298 0.565564738
v -0.25119853 -0.31936615 0.586046824
v -0.249398434 0.310685733 -0.588308466
v -0.387619188 -0.154285659 0.00430863032
v -0.372572927 -0.186647773 0.00278078802
v -0.112552109 -0.387532506 0.215246639
v -0.0665954831 0.39926801 0.5712848
v -0.045326183 0.403509513 0.582312084
v -0.0369006965 0.403476879 0.571908825
v -0.0567401296 -0.401694974 0.506037371
v -0.048044478 -0.402918435 0.539746492
v -0.0316941312 -0.40450721 0.521540537
v -0.0109995485 -0.293817043 0.679945707
v -0.0251853877 -0.275268185 0.680213504
v -0.00620879742 -0.271980354 0.680320096
v 0.020874671 -0.403283683 0.367878209
v 0.119663167 -0.387100545 0.569532496
v 0.122306085 -0.386543996 0.546138669
v 0.100297874 -0.392993989 0.557470653
v 0.0684101787 -0.397937895 0.35449385
v -0.14037324 -0.380864098 0.54536539
v -0.12275322 -0.386813491 0.508301312
v 0.154353859 -0.376213791 0.59174149
v 0.184465741 -0.362344531 0.585207755
v 0.0565390195 -0.401808371 0.568132654
v 0.0867645127 -0.395849546 0.575940431
v -0.0277561012 -0.402685677 0.358524176
v -0.0460142323 -0.400777385 0.375276406
v -0.00747986814 -0.403815763 0.374445543
v -0.126902196 -0.386013894 0.580561943
v -0.214296365 -0.344769632 0.433844252
v -0.192289111 -0.357074343 0.403741029
v 0.382829493 -0.165165253 0.0102458806
v 0.391791121 -0.143877292 0.00254740258
v 0.387373604 -0.155093603 -0.0231379616
v -0.00737132516 -0.405667281 0.51824326
v -0.189279361 -0.35819639 0.371167979
v -0.183731704 -0.361160761 0.244797464
v -0.171791287 -0.366647116 0.216418035
v -0.709577043 0.083798504 0.188771008
v -0.34428788 -0.21574108 0.310986399
v -0.328575589 -0.239227397 0.297050753
v -0.327181626 -0.240921774 0.329398072
v -0.36588329 -0.186801796 0.206640511
v -0.386562801 -0.141927531 0.203986431
v -0.382155742 -0.157127351 0.17037554
v -0.155630461 -0.37471987 0.44312385
v -0.146181665 -0.378627129 0.468213207
v -0.171612682 -0.367815751 0.466168628
v -0.217075486 -0.34282165 0.546091853
v -0.211272133 -0.345782829 0.566759833
v 0.235205079 -0.330049985 -0.60598535
v 0.243467282 -0.320721132 -0.609629723
v 0.224366735 -0.33528584 -0.609702183
v -0.29819478 -0.282200365 0.0703170479
v -0.310118382 -0.271372163 0.0593856995
v -0.287534433 -0.289376208 0.136550199
v -0.298279 -0.278354459 0.160715637
v -0.0351123324 -0.403547539 0.477776208
v -0.0576539631 -0.400977284 0.4530318
v -0.0677020398 -0.3997732 0.47912175
v -0.159766532 -0.374462957 0.592437291
v -0.149133197 -0.280193942 0.681622695
v -0.0869375133 -0.395657565 0.463853164
v -0.0314383478 -0.404626566 0.502733416
v -0.00157044932 -0.405244441 0.468396801
v -0.0472105555 -0.401294266 0.425791423
v -0.0204143681 -0.403494937 0.404767669
v -0.0631638492 -0.399280275 0.400096564
v -0.230913945 -0.334129886 0.230274042
v -0.212213731 -0.345676996 0.257386823
v -0.240531306 -0.327179115 0.255125081
v -0.0493600745 -0.267714549 0.68016287
v -0.181398207 -0.161849587 0.68064889
v -0.217560889 -0.058740457 0.680732563
v -0.283391351 -0.291306514 0.459130572
v -0.383543581 -0.129846889 0.57027112
v -0.370415777 -0.16412795 0.578554653
v -0.380516941 -0.141156943 0.596393571
v 0.210906031 -0.347385179 0.581146086
v -0.550230679 -0.142785043 -0.152994174
v -0.545334904 -0.170581835 -0.121087289
v -0.545936793 -0.155461642 -0.14105717
v -0.616095515 -0.177768844 0.108054154
v -0.611162853 -0.192076296 0.0800583518
v -0.639710132 -0.185107095 0.0949992977
v -0.315045517 -0.256557482 0.385184018
v -0.298678011 -0.275633589 0.408720285
v -0.290457689 -0.283842897 0.380869278
v -0.185347785 -0.359983571 0.325377828
v -0.148820646 -0.376048161 0.329741819
v -0.169672126 -0.367460281 0.353074616
v -0.666480708 -0.174793392 0.111866212
v -0.670071968 -0.193324983 0.0762514382
v -0.281347617 -0.293016247 0.427566397
v -0.332792831 -0.232723878 0.361288986
v -0.311451805 -0.261069163 0.358004291
v -0.179979411 -0.364214889 0.497066094
v -0.214415486 -0.344890219 0.49188488
v -0.198064973 -0.354485112 0.465067741
v -0.342478462 -0.219136353 0.283312796
v -0.150106299 -0.377025838 0.509813091
v -0.545610193 0.148858837 0.147057879
v -0.401916372 0.100750976 0.117389024
v -0.289064852 -0.285563683 0.351268658
v -0.269792566 -0.303550204 0.342146104
v -0.2640807 -0.30864876 0.367738033
v -0.156767522 -0.374182364 0.573536409
v -0.190321713 -0.358591399 0.579495565
v -0.138190369 -0.380476558 0.397846581
v -0.16551271 -0.369685376 0.383077175
v -0.147952381 -0.376348748 0.370424207
v -0.186593663 -0.35969267 0.19197303
v -0.200103073 -0.352658691 0.167356176
v -0.212767922 -0.345594117 0.188068741
v -0.294184266 -0.279386567 0.538460414
v -0.545839847 0.154444019 0.140423902
v -0.305638952 -0.267633177 0.335145758
v -0.399844841 -0.0882137331 0.274684361
v -0.408421507 0.00631621089 0.302882197
v -0.107223081 -0.30197981 0.681271771
v -0.346290647 -0.211584089 0.512752919
v -0.33545748 -0.228339885 0.537183968
v -0.350325599 -0.203995644 0.540742446
v -0.359325076 -0.187645756 0.559854135
v -0.370848208 -0.163118322 0.550485258
v -0.363605051 -0.179776491 0.530621421
v -0.408981603 -0.013599661 0.289330271
v -0.408906118 0.0200011701 0.279805878
v -0.275403024 -0.298610365 0.58561784
v -0.22413999 -0.33869541 0.584793908
v -0.226155895 -0.337324675 0.158989246
v -0.238885166 -0.328548681 0.182644837
v -0.0950548263 -0.293008204 0.67989658
v -0.0925572506 -0.396444313 0.586946958
v -0.0851142323 -0.309853838 0.680976203
v -0.224619079 -0.338268756 0.205204135
v -0.202693677 -0.351095053 0.218497556
v -0.26303543 -0.309701362 0.31752174
v -0.289698491 -0.284965388 0.325409708
v -0.256941681 -0.314751897 0.233131941
v -0.101994132 -0.391101983 0.398742167
v -0.117349559 -0.387374077 0.425494144
v -0.14179195 -0.379398848 0.42574963
v -0.0856442798 -0.395342159 0.429717409
v -0.0184913151 -0.405067611 0.562797287
v 0.0115068781 -0.405715642 0.546303807
v -0.0194713589 -0.405435082 0.537424951
v -0.244207826 -0.323795665 0.540992288
v 0.0222881328 -0.297553881 0.680014824
v 0.00258104814 -0.316514754 0.68108708
v 0.0548717475 -0.283937981 0.680328579
v 0.00330658948 -0.222791574 0.680847261
v 0.01399446 -0.261955718 0.680664156
v 0.0322386143 -0.240934702 0.680864618
v -0.280241034 -0.29440963 0.403883664
v -0.262623194 -0.309971257 0.415182541
v -0.269627284 -0.303968794 0.391611863
v -0.118903062 -0.385729017 0.346634567
v -0.0402788069 -0.294026807 0.679962055
v -0.115904556 -0.388849329 0.47472105
v -0.138969125 -0.38152421 0.490721408
v -0.129652734 -0.384064824 0.447425655
v 0.0961747987 -0.392814308 0.412146225
v 0.0873542726 -0.394436449 0.380334344
v -0.401082912 -0.0709126471 0.321097231
v -0.398945108 -0.0768986884 0.353978246
v -0.396028423 -0.0919389247 0.334118571
v 0.193307589 -0.355790954 0.254579663
v 0.143189105 -0.377757377 0.26625312
v 0.15221248 -0.374452813 0.22955598
v -0.240214326 -0.101093778 0.680412948
v -0.275924816 -0.0804984503 0.680245232
v -0.255480334 -0.0708899911 0.680537172
v -0.217060903 -0.200879557 0.680403638
v -0.211367503 -0.184465975 0.680302215
v -0.231371257 -0.1703811 0.680335025
v -0.667284081 0.0955235886 0.185316033
v -0.691438187 0.0953195678 0.18460403
v -0.242881571 -0.325176036 0.345191303
v -0.247615628 -0.322168836 0.207786928
v -0.156065159 -0.215367093 0.680520559
v -0.179340524 -0.218541877 0.680174514
v -0.175205436 -0.199427718 0.680341544
v -0.257482066 -0.31433901 0.446786338
v -0.236924063 -0.330253546 0.471209441
v -0.234162844 -0.331810761 0.448057154
v -0.235025298 -0.149181581 0.680266117
v -0.259754991 -0.154095355 0.680373591
v -0.143525291 -0.378019642 0.35283084
v -0.410600439 0.0410041039 0.170036341
v -0.413823387 0.0273571925 0.159433115
v -0.410854545 0.0545509829 0.153484554
v -0.194832422 -0.355278458 0.348047812
v -0.393836079 -0.109182211 0.28724747
v -0.384140724 -0.139660813 0.268160632
v -0.62542486 0.154558374 0.141187698
v -0.648741485 0.152745725 0.143186419
v -0.265614783 -0.307651886 0.25820133
v -0.308489983 -0.264607714 0.308227527
v -0.271140102 -0.302592337 0.285271943
v -0.383160906 -0.146595573 0.238860677
v -0.392573041 -0.121946841 0.226498048
v -0.667044583 -0.107366965 0.176959941
v -0.687277554 -0.129747622 0.159455689
v -0.681807511 -0.0879483731 0.186602795
v -0.184416172 -0.361460944 0.437743645
v -0.414336798 0.0113814792 0.152764557
v -0.413848604 0.0384520519 0.14877131
v -0.415636469 0.0146306018 0.156436911
v -0.296674086 -0.277995492 0.282844203
v -0.158279602 -0.374038421 0.486806747
v -0.211464995 -0.346125582 0.298237713
v -0.728276033 0.204933894 0.0389559031
v -0.242002068 -0.326623254 0.129343279
v -0.263239174 -0.312064337 0.0152799431
v -0.267826756 -0.306928352 0.12593432
v -0.283016126 -0.294354199 0.109573788
v -0.327628762 -0.241380522 0.244182559
v -0.328219641 -0.24155805 0.220774322
v -0.340935635 -0.223632052 0.238021508
v -0.28671254 -0.287874746 0.303449329
v -0.31596599 -0.25758852 0.20196798
v -0.280283288 -0.297814705 0.0665753654
v -0.314484054 -0.267835812 0.04191446
v -0.408271684 -0.0808487151 0.13904379
v -0.402319697 -0.104201717 0.122898584
v -0.40514083 -0.0897767912 0.117631353
v -0.360676487 -0.205606934 -0.130476212
v -0.355996958 -0.216639244 0.0036866549
v -0.265680407 -0.309704451 0.0564780687
v -0.545328342 -0.143030331 0.150681222
v -0.545820223 -0.119831711 0.169770793
v -0.551738992 -0.142867866 0.150799145
v -0.31731747 -0.257630127 0.175721259
v -0.235559725 -0.330356287 0.318508534
v -0.213644086 -0.34471298 0.331961442
v -0.168042358 -0.368316443 0.299608342
v -0.139293071 -0.379279314 0.307584002
v -0.143312602 -0.378264204 0.289375481
v -0.157838864 -0.372300791 0.266195047
v -0.32789603 -0.254737503 0.0313232377
v -0.338238529 -0.242078264 0.0510553275
v -0.310884994 -0.266308687 0.142862334
v -0.302513812 -0.276168091 0.114204525
v -0.346267058 -0.216979698 0.218665374
v -0.692441733 -0.0628368463 0.195953991
v -0.699620898 -0.0744309015 0.191063083
v -0.54584247 0.00285085544 0.20789017
v -0.553604953 0.00951601912 0.207804298
v -0.546896167 -0.0219875858 0.206423886
v -0.387406277 -0.127103565 0.29527318
v -0.377913304 -0.152480102 0.289840488
v -0.40018892 -0.108037246 0.15816712
v -0.573663283 -0.205132588 0.0341169214
v -0.602995699 -0.204308687 0.0387176491
v -0.580818023 -0.194892268 0.0719553664
v -0.366634866 -0.188493057 0.183958167
v -0.68053234 -0.0623029084 0.19705434
v -0.684902984 -0.0322658141 0.204006192
v -0.713039819 0.191491104 -0.0842540531
v -0.666412375 0.17642876 -0.114948095
v -0.704621794 0.201239354 -0.0599806386
v -0.237795748 -0.129188747 0.680327445
v -0.322913514 -0.25762337 0.087086836
v -0.323920307 -0.25832121 0.0540733951
v -0.34703954 -0.227803423 0.101511308
v -0.364416517 -0.198480204 0.123762185
v -0.271756048 -0.0543353826 0.680383184
v -0.406371022 0.0823832018 0.140167489
v -0.401479901 0.104138993 0.134215933
v -0.401763581 0.0986451739 0.1470369
v -0.633729147 -0.0607786714 0.198706658
v -0.635966167 -0.10650666 0.178168064
v -0.610903839 -0.0867709724 0.188864063
v -0.599172615 -0.122201748 0.167744997
v -0.604516704 -0.156583566 0.137011487
v -0.62634752 -0.135856279 0.156915285
v -0.704311433 -0.153558408 -0.141463193
v -0.713462346 -0.119276514 -0.170144906
v -0.711611636 -0.171168182 -0.118224766
v -0.724230043 -0.166487778 -0.124011517
v -0.640677942 -0.160933913 0.131399315
v -0.669774596 -0.151414462 0.141262126
v -0.163761467 -0.370619804 0.414577338
v -0.393539976 0.121389518 0.232041803
v -0.400279455 0.0936570557 0.247071125
v -0.400895691 0.0929177347 0.219978647
v -0.545841187 0.135550806 0.158429454
v -0.569889662 0.122626783 0.168343125
v -0.642695214 0.138942631 0.156275162
v -0.628377306 0.112399467 0.175883045
v -0.619521605 0.131323455 0.162528984
v -0.61642413 0.183987727 0.100835751
v -0.606595967 0.0345896602 0.204938172
v -0.308375612 -0.271701096 0.0895479663
v -0.299702695 -0.272978806 0.568008277
v -0.324152804 -0.243385324 0.557324324
v -0.600247001 -0.0494239573 0.201639123
v -0.403693947 0.0991074205 0.127673124
v -0.398479538 0.115851979 0.1271065
v -0.0968358769 -0.391922886 0.0667244744
v -0.0898327432 -0.393448623 0.091534035
v -0.624830955 -0.147935132 -0.148654392
v -0.646346757 -0.130022668 -0.164485743
v -0.637372279 -0.150920684 -0.145803602
v -0.388649756 -0.117440412 0.59344863
v -0.310998568 -0.0967060593 0.682250896
v -0.637440688 -0.00330656158 0.207844597
v -0.606863361 -0.00152651169 0.208138955
v -0.611081157 0.0743266045 0.194571477
v -0.585327524 0.0508059719 0.201953292
v -0.654140108 -0.129156429 0.16203202
v -0.581865886 0.01960653 0.206819132
v -0.560195437 0.0464956476 0.202696144
v -0.564893174 -0.0561152064 0.200121382
v -0.58025966 -0.0873977008 0.188568387
v -0.642819948 0.0837079477 0.190837479
v -0.654549613 0.0597899998 0.199165532
v -0.640743906 -0.202580995 0.0475270384
v -0.710546369 0.162617159 0.129758827
v -0.711915824 0.173083934 0.11680446
v -0.365178713 0.193219735 0.180722171
v -0.367443177 0.186428925 0.209149256
v -0.35181255 0.213273921 0.192948729
v -0.336906777 -0.22682013 0.390497881
v -0.413576609 0.0401174613 0.152047902
v -0.545678038 -0.053675572 0.201148636
v -0.545506788 -0.0201417676 0.206939686
v -0.546163605 0.00270455537 0.208803675
v -0.292799827 -0.286046954 0.0895989973
v -0.0822229087 -0.394716138 0.118480138
v -0.581560725 0.205080736 0.0449516788
v -0.551691847 0.204808144 0.0442674558
v -0.57415236 0.193149095 0.0816414744
v -0.546743837 -0.0288958592 0.207421773
v -0.411169085 0.0113311855 0.219300809
v -0.409878814 0.0408639002 0.19883624
v -0.408110834 0.0466397927 0.233467831
v -0.410227378 0.0194841255 0.250650166
v -0.408299576 0.0416933546 0.262327806
v -0.546467885 -0.0774190605 0.194273893
v -0.386338052 0.14567484 0.206838939
v -0.378132269 0.164882741 0.215196185
v -0.38211272 0.151741146 0.23164976
v -0.407989965 -0.0765378906 0.127761787
v -0.410492165 -0.0629915661 0.138779741
v -0.54718878 0.0642662549 0.199459634
v -0.546228917 0.0328966696 0.205484462
v -0.545662726 -0.208420874 0.0181100251
v -0.546944474 -0.206341422 0.0421643832
v -0.0439512377 0.402117733 0.567090902
v -0.0144224918 0.404266126 0.562900738
v -0.404341902 -0.0647504673 0.282842946
v -0.400256877 -0.0807430866 0.297839664
v -0.377508361 -0.147712762 0.556178643
v -0.625892139 -0.0307401412 0.205352661
v -0.324880262 0.250310043 0.162568747
v -0.346874823 0.221721692 0.158038663
v -0.405701947 -0.0466346537 0.301425428
v -0.408069983 -0.0385491423 0.267527796
v -0.303333644 -0.114579023 0.682054148
v -0.282134564 -0.133522964 0.680980553
v -0.371487283 -0.165981945 0.598999878
v -0.370502336 -0.167193851 0.311841116
v -0.410612298 0.00238376583 0.241775955
v -0.410647313 -0.0195071435 0.237111752
v -0.373605339 -0.168633015 0.230383057
v -0.360210485 -0.192047001 0.246323472
v -0.575566087 -0.0151129705 0.207308878
v -0.292668953 -0.0996532692 0.680465303
v -0.26756722 -0.109934222 0.680266656
v -0.268782892 0.302434043 0.54294066
v -0.404328012 -0.0691380063 0.261597271
v -0.350816443 -0.204049241 -0.574762583
v -0.413025198 -0.0499591825 0.15196174
v -0.40773177 -0.0752458963 0.16051496
v -0.347958207 -0.208668341 0.492197626
v -0.351528993 -0.203036466 0.471849121
v -0.411188118 -0.0507182016 0.170685784
v -0.411496439 -0.0254515028 0.194262601
v -0.305865258 -0.0622406048 0.680818274
v -0.406824658 0.0841454536 0.12882482
v -0.410021118 0.0611877283 0.13907827
v -0.41152063 0.0605986625 0.144630752
v -0.358537801 -0.191584415 0.596000443
v -0.274919995 -0.162435509 0.681806942
v -0.353652626 -0.197770624 0.579876984
v -0.332039619 -0.233846766 0.481621054
v -0.347640955 -0.209889508 0.340251521
v -0.357649399 -0.192442059 0.320428494
v -0.349317584 -0.207084558 0.365144023
v -0.365538349 -0.176741987 0.345456396
v -0.113497304 0.38711441 0.530082813
v -0.101899823 0.391211727 0.564368787
v -0.139392585 0.379557984 0.563741947
v -0.23818151 -0.328846943 0.496530755
v -0.313702157 0.0853802566 0.68188869
v -0.292928547 -0.029713194 0.680272274
v -0.26532723 -0.0256463046 0.680460067
v 0.0313252469 0.405420507 0.597687704
v -0.101541426 0.394496258 0.601430385
v -0.112632196 -0.387919006 0.318222805
v -0.343685614 0.216841749 0.568218926
v -0.339762676 0.22055816 0.500771821
v -0.357528225 0.190392257 0.570749705
v -0.358636176 -0.189818352 0.386195531
v -0.385733741 -0.127207214 0.359808593
v -0.184322098 -0.241567027 0.680214272
v -0.16031787 -0.241309052 0.680000337
v -0.123736247 0.213905532 0.680770512
v -0.168518038 0.224596039 0.680616971
v -0.204534059 0.215674009 0.680927596
v -0.277975822 0.0288916324 0.680249046
v -0.251219898 0.00489408586 0.680779674
v -0.252328669 0.0449608969 0.680653439
v -0.274443263 0.0616804862 0.680433248
v -0.372357782 0.161932414 0.529652306
v -0.369923624 0.167061488 0.575782468
v -0.393741745 -0.0953426707 0.583585551
v -0.393431296 -0.0973198985 0.551988247
v -0.674906127 0.0197973345 -0.20706021
v -0.697937527 -0.029706969 -0.205801285
v -0.400521696 -0.0609809088 0.563337246
v -0.373331809 -0.165101478 0.266570282
v -0.374534539 -0.164666867 0.250117215
v -0.393634826 -0.104426333 0.316010255
v -0.258843772 -0.133295013 0.680196532
v -0.569459287 0.209235978 0.0190748702
v -0.545014436 0.208176117 -0.0335414469
v -0.394675414 -0.0980163268 0.598360018
v -0.400087927 -0.0715522919 0.593064572
v -0.322562177 -0.0454474412 0.682113406
v -0.711324469 0.180503895 0.0986912217
v -0.405187824 0.0174046393 0.568417407
v -0.694401454 -0.0943186171 0.182882087
v -0.716432071 0.207881721 -0.0276883227
v -0.722617568 0.21004338 0.00108871095
v -0.403584633 -0.03871671 0.516520037
v -0.401219488 -0.0613439199 0.422880239
v -0.230338815 -0.334961846 0.0997753814
v -0.370580659 0.169267552 0.602820322
v -0.185599995 -0.360153058 0.273382691
v -0.39455377 0.112691756 0.256355537
v -0.40135804 0.067289488 0.396443386
v -0.40620477 0.0105902304 0.382724158
v -0.283761432 -0.00114082037 0.680219315
v -0.303456121 -0.00787329194 0.68011552
v -0.287055718 0.137223569 0.681380819
v -0.32801527 0.239345726 0.582997906
v -0.309593134 0.262821893 0.568460627
v -0.269731583 0.136777922 0.680100634
v -0.25950099 0.12098204 0.680317502
v -0.161763293 0.207873323 0.680680208
v -0.395901113 0.0906495759 0.581019941
v -0.250851029 0.182146681 0.680355648
v -0.206451379 0.351269241 0.606639539
v -0.168740379 0.281924563 0.682620243
v -0.18165197 0.365029375 0.605917285
v -0.264477641 0.310175565 0.611504814
v -0.26447162 0.30932844 0.598824411
v -0.164273438 0.37181437 0.597467567
v -0.146606139 0.378769676 0.588089611
v -0.182802761 0.362378548 0.591374011
v -0.197133808 0.355671928 0.600380403
v -0.54593844 0.103057236 0.181618142
v -0.546809149 0.127146299 0.167288489
v -0.207787036 0.0513270596 0.680892201
v -0.299042715 0.276518206 0.603211017
v -0.282856467 0.292686361 0.607916085
v -0.226370437 0.250723554 0.682899393
v -0.358262962 0.201138442 0.213663489
v -0.392742527 0.115831278 0.272115723
v -0.387238223 0.135803679 0.252949203
v -0.676289391 -0.205253997 0.0324466667
v -0.693959989 -0.19901912 0.0581339526
v 0.247009099 0.321755272 0.515939205
v 0.242054341 0.326139286 0.565032204
v 0.0935130886 0.281434714 0.680013955
v 0.0706758019 0.288313396 0.680184329
v 0.069933017 0.265703112 0.679936464
v 0.285846338 0.289079431 0.558195877
v 0.296373802 0.278150652 0.530604946
v 0.300754355 0.272801978 0.56074624
v 0.0127986794 0.140460807 0.680833663
v 0.0221185911 0.248222554 0.680394849
v -0.0539818028 0.243326398 0.680829249
v 0.257179203 -0.316937379 0.0092508988
v 0.262545202 -0.312810909 0.0416462015
v 0.243367695 -0.326750873 0.0205525835
v -0.0349163734 0.29350633 0.681341503
v 0.203104848 0.351440657 0.592920202
v 0.181784594 0.363952387 0.599347395
v 0.207359569 0.350662896 0.600733366
v -0.191561294 0.355929409 0.562736448
v -0.724126758 0.13638507 0.156128301
v -0.713189938 0.147985163 0.145932998
v -0.288639241 0.284628742 0.591939995
v -0.389646893 0.141172828 0.108348628
v -0.334657156 0.237791695 0.0714986967
v 0.0906862025 0.396740169 0.603570805
v 0.0650999559 0.306999187 0.681013648
v 0.0467035825 0.321985991 0.682131871
v -0.171551924 0.366900719 0.244947257
v 0.0599888434 0.402914332 0.604167759
v 0.0384182912 0.402961665 0.563531799
v 0.117795561 0.387045669 0.52086903
v 0.0285784232 0.402797509 0.544885013
v 0.0390848107 0.293685161 0.680353838
v -0.000204648807 0.318371537 0.682085728
v -0.310836146 -0.261369882 0.493915119
v 0.311718122 0.259687685 0.425669408
v 0.338029734 0.225080415 0.428863685
v 0.314871004 0.256633826 0.471149158
v -0.402924859 0.0649919048 0.315097255
v -0.396463764 0.0951627117 0.334891772
v -0.404429926 0.0498955083 0.331477249
v -0.299840611 0.0387911889 0.680140299
v -0.317790241 0.0456088526 0.681493347
v 0.0849425941 0.304058908 0.681157353
v -0.343743656 -0.21571892 0.452213043
v 0.0635821562 0.226845898 0.680436145
v -0.0665227135 -0.397318743 -0.240332769
v -0.545879779 -0.125155993 0.167876958
v -0.54456908 -0.161002759 0.13200584
v -0.00271836098 0.405260463 0.573502713
v 0.0589533594 0.401061002 0.574815467
v -0.366291471 0.182545365 0.250534375
v -0.339612321 0.225108622 0.247905751
v -0.357781553 0.198946604 0.226768828
v 0.108997911 0.388850138 0.46487672
v 0.269954795 0.301851817 0.386615872
v -0.00725069767 0.403777141 0.399043574
v 0.15223264 0.28799707 0.681755063
v 0.349292831 0.210113654 0.264931636
v 0.359480157 0.194608258 0.244209412
v 0.344723322 0.219779949 0.232893699
v -0.400736371 0.110928051 0.120928658
v -0.394083405 0.13122855 0.128694194
v -0.545907454 0.0777097475 0.193264967
v 0.357647703 0.201292927 0.22652492
v 0.362279198 0.205115337 0.147556076
v 0.364738861 0.198941197 0.172915166
v 0.355233033 0.216424557 0.164489311
v 0.353300219 0.20183046 -0.315723217
v 0.327220256 0.240997701 -0.338629268
v 0.333968369 0.231386785 -0.361257173
v -0.206432447 0.347198753 0.49546635
v -0.228334241 0.337885632 0.144148244
v -0.303000248 0.272306011 0.219332067
v -0.203925297 0.350771407 0.210707568
v -0.125600012 -0.384011937 0.273824899
v 0.363836112 0.18146796 0.454481156
v 0.376351765 0.153809542 0.455131543
v 0.36919891 0.169779155 0.424629953
v 0.18612874 -0.358996494 0.212393832
v 0.232858647 -0.331721169 0.202219268
v -0.254836417 0.205402728 0.68178635
v -0.57254882 0.0886852643 0.188215485
v -0.545819866 0.108721794 0.177282177
v -0.384170038 0.13221215 0.411270363
v -0.365635214 0.178065911 0.355943136
v -0.289466009 0.283705799 0.327778686
v -0.373987261 0.162550188 0.287222121
v -0.3776131 0.147690206 0.566487272
v -0.407746741 -0.0811568715 -0.117368007
v -0.397954731 -0.109233802 -0.173906132
v -0.378137562 -0.148395867 0.332424873
v -0.342186026 -0.220396748 0.258493526
v -0.396003062 0.114585796 0.200625026
v -0.400373594 0.0782003672 0.600244092
v -0.714181264 0.201880944 0.0561152371
v -0.708226982 0.208892503 0.0205694054
v -0.724883905 0.208162729 0.0244296722
v -0.412984315 -0.0399750027 0.148304675
v -0.59634037 0.144373967 0.151182353
v -0.709165653 0.122496848 0.167496055
v -0.63335782 0.0551137166 -0.201953683
v -0.54533525 0.126311638 0.165985064
v -0.654472921 0.115717482 0.173776831
v -0.405571936 -0.0934397458 -0.10313332
v -0.61731741 0.204903443 0.0452058034
v -0.583166782 0.200738051 -0.0645130373
v -0.699998999 0.0546568177 0.19943235
v -0.373754823 0.172098792 0.226193386
v -0.365857097 0.186144364 0.225063593
v -0.648090302 -0.0251327787 0.206182122
v -0.664093215 -0.0446059686 0.202350212
v -0.702063791 -0.159758637 0.130052595
v -0.70577878 -0.184876772 0.0913948137
v -0.705244964 -0.171139666 0.114514482
v -0.579190869 -0.143613697 0.150185149
v -0.571184515 -0.163073671 0.128512643
v -0.545514296 -0.0950882036 0.18500713
v -0.414730713 0.0045747507 0.159914627
v -0.567257962 -0.11646468 0.172075871
v -0.702611006 0.187336262 0.0937127313
v -0.721004615 0.190747133 0.0845752666
v -0.563231969 -0.208114239 0.00311327027
v -0.545683634 -0.207747599 -0.0124926094
v -0.567821667 -0.204753328 -0.0387710208
v -0.600880528 0.110503124 0.17655096
v -0.545886889 0.203290228 0.0522367463
v -0.545198408 -0.203915219 -0.0433603797
v -0.546314187 -0.121994375 -0.170344243
v -0.547575077 -0.119240149 -0.174072534
v -0.562491121 -0.0582073434 -0.201868475
v -0.369505508 -0.182611259 -0.174011522
v -0.355020833 -0.206172735 -0.201384306
v -0.351250304 -0.213813881 -0.186777361
v -0.54603927 -0.15870745 0.13753291
v -0.54578561 -0.181208051 0.106506923
v -0.544822217 -0.185975583 0.0925396427
v -0.545151828 -0.198688081 0.0643609936
v -0.4103378 -0.00466120184 0.261282796
v -0.700319327 -0.206399683 0.0177658363
v -0.686769817 -0.207668505 -0.0105149477
v -0.593263466 -0.116035166 -0.173946468
v -0.58283106 -0.153195973 -0.142905325
v -0.714578827 0.111615647 -0.175920657
v -0.720529386 0.200463265 -0.0594364534
v -0.701798036 0.166171021 -0.128555817
v -0.645666006 0.142455849 -0.156303942
v -0.642390069 0.190767683 0.0877772347
v -0.676195513 0.200343745 0.0632303726
v -0.713228638 0.206785499 -0.0280668792
v -0.715784856 0.167941894 -0.123748192
v -0.404724714 0.00267173453 -0.606322767
v -0.402136434 0.0444998481 -0.631195178
v -0.403375889 0.00555144051 -0.629057935
v 0.380347648 0.16460931 -0.144454372
v 0.36898691 0.191166246 -0.147225646
v 0.374311259 0.178549406 -0.167716217
v -0.403626801 -0.0307563152 -0.600026346
v -0.715969376 -0.185341472 -0.0929169202
v -0.712178208 -0.205251701 -0.0317425672
v -0.706791954 -0.197353436 -0.0640445867
v -0.367463999 -0.183241819 -0.203536931
v -0.343219395 -0.222227286 -0.222621993
v -0.653722946 0.110147055 -0.178552813
v -0.323264149 0.245640794 -0.444253934
v -0.543825633 0.0818944647 -0.236711474
v -0.360053655 0.18979785 -0.447337598
v -0.704685913 -0.139382258 0.152501774
v -0.697302718 -0.104012829 -0.181002974
v -0.405931203 -0.0842438648 -0.106241095
v -0.54698954 -0.173648907 -0.121113705
v -0.402818627 0.046008535 -0.593760637
v -0.658107539 -0.142273197 -0.154033712
v -0.545652516 -0.195753669 -0.072065617
v -0.301360107 -0.272264535 -0.469024062
v -0.708442304 0.135575076 -0.158497623
v -0.596543737 -0.196950819 -0.0700659665
v -0.571623991 -0.192261014 -0.0828640428
v -0.597700331 -0.205829516 -0.035963248
v -0.544785136 -0.174387798 -0.116223596
v -0.63944363 -0.206950613 -0.0284573844
v -0.651081651 -0.199189053 -0.0637121988
v -0.622092083 -0.202549554 -0.0523690134
v 0.376105474 0.154669391 -0.36974054
v 0.380228108 0.144723061 -0.342466646
v 0.388045907 0.122557348 -0.366793552
v -0.667147903 -0.183992622 -0.100362463
v -0.680049937 -0.196941934 -0.0692872193
v -0.629023711 -0.187302734 -0.0940891716
v -0.692177946 -0.0638628981 -0.198234574
v -0.69167112 -0.171986669 -0.119029048
v -0.698697563 -0.187532518 -0.0906327141
v -0.289080209 -0.285370486 -0.596736372
v -0.386900347 -0.0482571903 -0.565098017
v -0.707858756 -0.201374905 0.0472035335
v -0.280165332 -0.29327139 0.547211662
v -0.388208624 -0.146214199 -0.0952409812
v -0.673390429 -0.167490556 -0.126114484
v -0.39044782 -0.147040696 0.0336648333
v -0.392150457 -0.141662895 0.0585069112
v -0.396274633 -0.124592973 0.043928813
v -0.410177859 -0.0698611173 -0.111027248
v -0.692594662 -0.202774574 -0.0462147915
v -0.703394513 -0.205573123 -0.0275495148
v -0.696051615 -0.197110816 -0.0671467348
v -0.652451112 -0.168038591 -0.125704462
v -0.125957712 -0.223120781 0.680426405
v -0.684733452 -0.0350841072 -0.205043024
v -0.657419061 -0.0136076571 -0.207780462
v -0.545085242 -0.199666765 0.058146218
v -0.304958084 -0.271444177 -0.193124068
v -0.316334758 -0.259348723 -0.178383501
v -0.545600572 -0.163058562 0.128685158
v -0.252716939 0.147604834 0.680224984
v -0.399543769 -0.112339318 0.0957544862
v -0.39636369 -0.124433698 0.0722842792
v -0.559689475 -0.183318673 0.0978219802
v -0.403488129 -0.0859208673 0.198048481
v -0.396361821 -0.126756039 -0.0610992919
v -0.413562264 0.00669721958 0.17057903
v -0.5459079 -0.205344687 0.0308694226
v -0.37940735 -0.172915974 0.0280168742
v -0.27807326 -0.295942121 -0.429470852
v -0.397684546 -0.0717892714 -0.608847029
v -0.395019312 -0.127005873 0.135646415
v -0.31136472 -0.266218361 -0.156451629
v -0.299804209 -0.282269501 0.00553596261
v -0.360967044 -0.176283265 -0.607364247
v -0.308113082 -0.264912417 -0.537874647
v -0.306937156 -0.249780813 -0.526846881
v -0.337730024 -0.199342421 -0.522959396
v -0.304599181 -0.247064068 -0.524516687
v -0.301684263 -0.264536607 -0.590605281
v -0.395572725 -0.12798256 0.112749476
v 0.35622006 0.194973092 0.360146693
v 0.330983167 0.234611264 0.370765987
v -0.314288368 -0.258925151 -0.293164057
v -0.204629405 -0.349678664 -0.279955987
v -0.270309293 -0.281565512 -0.531416719
v -0.33233137 -0.242561353 -0.160270808
v -0.282977268 0.269480128 -0.545444727
v -0.247742954 0.304043117 -0.548435869
v -0.136346352 -0.380245111 -0.159880289
v -0.358229506 0.158992581 -0.570051438
v -0.332646616 0.2049423 -0.55412537
v -0.341433903 0.198049842 -0.579890401
v -0.373648154 -0.157978458 -0.602901988
v -0.366594427 -0.174015375 -0.586537691
v -0.383430496 -0.132981534 -0.58981401
v 0.360357543 0.187110117 -0.619815978
v 0.359650305 0.186756514 -0.635906626
v 0.336182192 0.2264904 -0.634955581
v -0.0686191999 -0.396348259 -0.299007442
v -0.332902109 -0.221790587 -0.58320468
v -0.365304094 -0.14598511 -0.55616443
v -0.0864830229 -0.394894854 -0.444969566
v -0.0608092169 -0.398710148 -0.431414468
v 0.00172883446 -0.402557212 -0.321129327
v -0.00148557685 -0.402384939 -0.340252988
v -0.27729234 -0.290137846 -0.590460822
v -0.36899118 -0.162935534 -0.610949001
v -0.309804584 -0.26340658 -0.377189061
v -0.375821161 0.0933392751 -0.551942363
v -0.354355412 0.159513367 -0.55370213
v -0.399279272 -0.0408188426 -0.62283686
v -0.15466889 -0.373471574 -0.277059773
v -0.367657418 -0.171231109 -0.605283751
v -0.181578643 -0.362663121 -0.0479811123
v -0.180204678 -0.362199214 -0.27901263
v -0.400777436 -0.0645318523 -0.512963825
v -0.362515718 -0.184519818 -0.40657548
v -0.170914525 -0.366402629 -0.192623147
v -0.357334159 -0.207052528 -0.168615216
v 0.146111983 -0.376899118 0.0663859136
v 0.122955669 -0.384879161 0.0446779222
v 0.152737157 -0.374651588 0.0400984435
v 0.331381037 0.236161105 -0.537445774
v -0.305406694 0.271057203 0.18371113
v -0.220074313 0.311228669 -0.45950559
v -0.231489631 0.301152628 -0.437299317
v -0.308215098 0.265636471 -0.61133561
v -0.268316386 0.304481302 -0.569253158
v -0.333567058 0.232800203 -0.540110185
v -0.398275772 0.071127667 -0.632096186
v -0.0374502701 0.39693252 -0.590811447
v -0.0607105403 0.392312104 -0.573185214
v -0.031744726 0.395248943 -0.569085262
v -0.389860267 0.108005766 -0.604533423
v -0.29308877 0.245841384 -0.505403316
v -0.266880404 0.278723732 -0.521544764
v -0.218750841 0.315910801 -0.499664316
v -0.346758868 -0.176723793 -0.52293289
v -0.292103768 0.270310577 -0.58757086
v 0.392973035 0.10233422 -0.529829026
v -0.312514813 0.247023597 -0.595721548
v -0.311587102 0.246037614 -0.58278933
v -0.363482523 0.179696235 -0.613486912
v -0.324776593 0.243189106 -0.625338736
v -0.345989128 0.197964864 -0.608987136
v -0.323673766 0.23518852 -0.613564376
v -0.201403698 0.353772467 -0.598798263
v -0.202268928 0.350490309 -0.561489094
v -0.175589003 0.366417525 -0.58769685
v -0.170875002 0.369702801 -0.603118366
v -0.244358297 0.323175244 -0.628040179
v -0.224796751 0.339393093 -0.613921715
v -0.273087232 0.301203035 -0.61643599
v -0.161348766 0.371226061 -0.630223208
v -0.193799414 0.352944097 -0.623187012
v -0.137861227 0.377702418 -0.617728055
v -0.141562507 0.381483788 -0.589985088
v -0.134752402 0.37051035 -0.555581805
v -0.18542724 0.351131539 -0.576316659
v -0.195304315 0.349172881 -0.600453763
v 0.202005576 0.338879802 -0.475839465
v 0.340912598 0.196235156 -0.482252924
v 0.193801197 0.337195713 -0.489676108
v -0.715837171 0.15340514 -0.142652705
v -0.249866629 0.32152059 -0.607645993
v 0.311154948 0.248331569 -0.42244852
v 0.298247824 0.265643981 -0.451985996
v 0.295553886 0.267509911 -0.417351812
v -0.0630294785 0.401853103 -0.588609282
v -0.0449370689 0.403657707 -0.579194932
v -0.032520767 0.40523053 -0.58724506
v -0.16805226 0.364229768 -0.610336838
v -0.202497846 0.336084014 -0.550058979
v -0.146301117 0.361326765 -0.529997091
v -0.234765478 0.310649078 -0.532697193
v 0.375612268 -0.175842344 0.129159814
v 0.385082537 -0.153376269 0.121163346
v 0.381874004 -0.164013858 0.0915990723
v -0.0980280487 0.394831483 -0.592564362
v -0.115365526 0.389122354 -0.576743115
v 0.0417142836 0.402935915 -0.614175635
v -0.0439514809 0.404416696 -0.602979901
v -0.0552713408 0.400573379 -0.623072535
v -0.381611729 0.0641543678 -0.491570154
v -0.339472896 -0.191472353 -0.500867163
v 0.375776775 0.174731082 -0.191355815
v 0.384702395 0.152706587 -0.175984088
v 0.399189232 0.0742853741 -0.48740591
v 0.401476826 0.05944583 -0.505308678
v 0.403292096 0.046874831 -0.486252271
v 0.253263465 0.307518115 -0.428753765
v 0.275421083 0.288812662 -0.429173181
v 0.26330598 0.299731727 -0.452065064
v -0.313510476 0.231562017 -0.5461144
v -0.290708681 0.257018103 -0.531823271
v -0.314690257 0.234343055 -0.553822043
v -0.0816655274 0.393023772 -0.610619008
v -0.115548696 0.38268069 -0.598225978
v -0.383155768 0.0262940127 -0.525508387
v -0.352750912 0.147155752 -0.520644033
v -0.379466672 0.0648543105 -0.54085687
v -0.328095569 0.194190286 -0.509295743
v -0.35719138 -0.190773635 -0.598514681
v -0.191671988 0.336090921 -0.520541589
v 0.266020354 0.296193517 -0.406074927
v -0.111570904 0.390564387 -0.626489134
v -0.090792099 0.394970728 -0.632114689
v -0.10812405 0.389678788 -0.629916967
v 0.198954942 0.349927756 -0.620782303
v 0.175221021 0.360581296 -0.603774674
v 0.203908933 0.345603976 -0.607609091
v 0.401080754 -0.0931460235 -0.204207164
v 0.394556047 -0.12024118 -0.201455893
v 0.394113169 -0.118211073 -0.231099158
v -0.398850581 0.0625011554 -0.633902073
v -0.395465593 0.0607926106 -0.622062268
v -0.0963302754 0.393033127 -0.559453027
v -0.373072514 -0.105296818 -0.528350295
v -0.384000763 -0.0389292674 -0.540642096
v -0.365008683 -0.128968225 -0.523127605
v -0.376875576 0.169941081 0.193542467
v -0.383541117 0.154676628 0.183831832
v 0.200952937 0.330190935 -0.470561883
v -0.0315662476 0.400319387 -0.609940066
v 0.0141773057 0.399372696 -0.597570298
v -0.00567027729 0.384358098 -0.489933091
v 0.358960383 0.191306341 -0.588984135
v 0.34479149 0.216380495 -0.571877924
v 0.359573043 0.190331805 -0.55093542
v -0.150689198 0.370077628 -0.597695169
v -0.0592636263 0.390266365 -0.555609768
v 0.351432985 0.204686278 -0.524385773
v 0.367861496 0.17309643 -0.520947712
v -0.373819164 0.128192998 -0.597799029
v 0.00698915436 0.402486319 -0.613967397
v -0.176066749 0.339975526 -0.480032814
v -0.162038301 0.344993991 -0.445311
v 0.365225713 0.186974512 -0.263857613
v 0.375192085 0.167555449 -0.260568691
v 0.37528577 0.163537974 -0.279131878
v -0.350731601 0.154426199 -0.458777747
v -0.384096057 -0.0261403109 -0.522692451
v -0.382738691 0.0361757833 -0.503092351
v -0.100407053 0.369808389 -0.472935678
v -0.0770775351 0.384096056 -0.542952943
v -0.242883273 0.29069899 -0.416837452
v -0.202444714 0.321274459 -0.424052104
v 0.0431706141 0.403691842 -0.575947861
v 0.00398980686 0.40657616 -0.584258186
v 0.0190337524 0.404482411 -0.560074292
v 0.0394484114 0.404354986 -0.596573441
v 0.358770738 0.205827942 -0.210276194
v 0.347106612 0.225155254 -0.194006883
v 0.362920443 0.201409239 -0.178980539
v -0.109236927 0.389716213 0.283613973
v 0.0947991409 0.395475222 0.225902729
v -0.264032271 0.271243704 -0.404720534
v -0.2791536 0.254646098 -0.41227659
v -0.0421840458 0.38583628 -0.522100924
v -0.0123181485 0.390775858 -0.532918041
v -0.313328413 0.240399228 -0.569972508
v -0.378621181 0.167276347 0.151158823
v -0.0115078015 0.405981627 -0.576746576
v -0.0199580735 0.404400819 -0.565877166
v 0.268364506 0.292946895 -0.383659763
v 0.246793848 0.310885086 -0.39084275
v 0.396973779 0.111875058 -0.202119629
v 0.3998906 0.0979300268 -0.22262555
v 0.402269342 0.0875935562 -0.190983369
v 0.725248647 0.189749452 -0.0821762772
v 0.712384006 0.187096744 -0.0888014128
v 0.346343543 0.213916095 -0.42048451
v 0.380155105 0.158630149 -0.245915856
v 0.38446491 0.145051899 -0.260461203
v 0.388450871 0.137171394 -0.242506703
v 0.357404837 0.197756974 -0.285040347
v 0.108623497 -0.386073825 -0.597149007
v 0.127009929 -0.382089821 -0.600582789
v 0.118568016 -0.381316223 -0.591931047
v 0.360549416 0.18839497 -0.465412586
v 0.40552887 -0.00666019571 -0.509755325
v 0.40481674 -0.0285443863 -0.489995654
v 0.333949192 0.217327326 -0.487453485
v 0.324885569 0.232686755 -0.50869441
v 0.683036032 0.0769182021 -0.193982799
v 0.701664532 0.059504145 -0.199797713
v 0.252708161 -0.318932605 0.101320143
v 0.2750785 -0.301969332 0.0952962024
v 0.263776088 -0.311457382 0.0744932179
v 0.283927731 -0.295227345 0.0686017712
v -0.399954695 0.0719653687 -0.513519782
v 0.342335151 0.22039939 -0.591500096
v 0.382936924 0.136434168 -0.486686124
v 0.39201877 0.107152845 -0.495242636
v 0.381465293 0.140636864 -0.517779393
v 0.401447682 0.0629218418 -0.457820326
v 0.401463667 0.061746899 -0.423888672
v 0.396024803 0.0915210081 -0.438494035
v 0.307969273 0.266022854 -0.554332299
v 0.276021996 0.295440308 -0.634110428
v 0.304887105 0.26902618 -0.621999616
v 0.229879269 0.326259051 -0.522145899
v 0.207072284 0.339415477 -0.492305443
v 0.1925088 0.348429347 -0.518739676
v 0.109375829 0.3901699 -0.546901541
v 0.0728349823 0.399128691 -0.568865857
v 0.0789250676 0.396731452 -0.531203821
v 0.0495637577 0.383858752 -0.505611549
v 0.0969351421 0.372984748 -0.490330068
v 0.164172898 0.362159567 -0.533744962
v 0.16272013 0.36404855 -0.557048622
v 0.13308712 0.375214207 -0.560057269
v 0.195399574 0.348704742 -0.571566333
v 0.152066149 0.369624386 -0.584077603
v 0.192501053 0.350814343 -0.594805408
v 0.388956277 0.141194553 -0.12666524
v 0.364350693 0.201289774 -0.0786632613
v 0.367918492 0.194362875 -0.102556625
v 0.365415004 0.17890109 -0.339446339
v 0.358352606 0.21297577 -0.100789607
v 0.363164277 0.203411592 -0.124424813
v 0.350642322 0.224771665 -0.125671547
v 0.0456649768 0.392715826 -0.556229738
v 0.0650707987 0.3880358 -0.538474398
v 0.0221151645 0.392389928 -0.545785005
v 0.0965743866 0.394158079 -0.595638698
v 0.0748727939 0.399452544 -0.587995888
v -0.0822916187 0.39741767 -0.578001132
v -0.19438131 0.358299168 -0.610414529
v 0.357941538 -0.199516204 -0.220672411
v 0.367290099 -0.185345036 -0.212124195
v 0.359338509 -0.201221022 -0.195830553
v -0.171743421 0.364019714 -0.513260384
v -0.224719597 0.335235055 -0.471381441
v -0.126012762 0.382323673 -0.442547039
v 0.23581549 0.329900727 -0.401699531
v 0.162408725 0.371075099 -0.499418029
v 0.0545727598 0.399847625 -0.463089968
v 0.0576668231 0.40063956 -0.552983657
v 0.385234876 0.118102663 -0.61362768
v 0.387054313 0.117349828 -0.615770857
v 0.115077139 0.382258173 -0.590225693
v 0.327806661 0.236049995 -0.636553533
v 0.342452307 0.21150738 -0.619618268
v 0.310783165 0.256744387 -0.632630058
v 0.404814247 -0.0338041049 -0.385420964
v 0.54598136 -0.0526004259 0.200989024
v 0.565043079 -0.0397807089 0.204332536
v 0.550989537 -0.0663183406 0.19688187
v 0.337033845 0.227523949 -0.62394707
v 0.295175559 0.273371529 -0.619650421
v 0.23156679 0.329373491 -0.625228916
v 0.238737293 0.325272029 -0.633240474
v 0.253285082 0.31239453 -0.619132341
v 0.224779891 0.332933709 -0.615543276
v 0.11561274 0.381587786 -0.57758624
v 0.0977222473 0.386436794 -0.580706109
v 0.404812288 0.0319381174 -0.515071426
v 0.68742636 0.00447740044 -0.209024114
v 0.707440812 0.0190220067 -0.207889045
v 0.693404118 0.0336805981 -0.206254261
v 0.377364548 0.144489722 -0.623081952
v 0.371099993 0.16234814 -0.628023592
v 0.365002048 0.164555109 -0.579298285
v 0.402353987 -0.0476988235 -0.608416374
v 0.401466792 -0.0596654472 -0.595577794
v 0.404056166 -0.0325185963 -0.584890859
v 0.404114655 -0.0357377851 -0.520670836
v 0.404879045 0.0335998963 -0.402648866
v 0.406419588 -0.00575638571 -0.405522006
v 0.40535695 0.0357726581 -0.367872935
v 0.391239155 0.111590621 -0.338557329
v 0.384202175 0.135056501 -0.322145596
v 0.397968494 0.0820582392 -0.510135866
v 0.381182854 -0.135588004 -0.596817494
v 0.371303885 -0.165199352 -0.585339965
v 0.373540355 -0.15657165 -0.599465554
v 0.38695 -0.141155978 -0.207356192
v 0.404864471 -0.0308902918 -0.553731878
v 0.402133249 -0.0568501232 -0.57033409
v 0.358318884 0.186726157 -0.632946681
v 0.389498713 -0.115206542 -0.576522349
v 0.397687825 -0.0384408035 -0.585918989
v 0.396249666 0.030311209 -0.554405844
v 0.398380797 0.0103565929 -0.580185713
v 0.397937253 0.0481678743 -0.59879188
v 0.400515548 0.0534985039 -0.616375066
v 0.398711663 0.0802611303 -0.361590785
v 0.368741429 0.188146697 -0.208784569
v 0.370415161 0.168429482 -0.443895358
v 0.365320512 0.178996465 -0.371100864
v 0.281569396 0.27965709 -0.379270667
v 0.294799175 0.267081972 -0.395592341
v 0.289544301 0.271230027 -0.383431833
v 0.388633365 0.129138171 -0.276893892
v 0.675414382 0.0264118297 -0.207667561
v 0.681655744 0.052503574 -0.202340422
v 0.63711101 0.0537818301 -0.202349531
v 0.359905359 0.189582074 -0.493551495
v 0.372529842 0.16340686 -0.474694049
v 0.373899439 0.159732148 -0.497875842
v 0.39877861 -0.113180508 -0.124223795
v 0.713550714 0.0895789915 -0.187168469
v 0.71530226 -0.0585116386 -0.199233423
v 0.31126023 0.245032487 -0.41100081
v 0.382333855 0.138678082 -0.459372882
v 0.401584784 -0.0547052864 -0.497610331
v 0.397251366 -0.081732881 -0.492592624
v 0.400826565 -0.0603688049 -0.468108844
v 0.403485758 -0.0448414381 -0.436536949
v 0.404884976 -0.021571955 -0.459978034
v 0.40566111 -0.0123952347 -0.431642216
v 0.405519907 -0.00698151395 -0.603597857
v 0.401024477 0.0672400918 -0.393546722
v 0.397008018 0.0877280429 -0.41266002
v 0.396197143 -0.0992614305 -0.302853447
v 0.393252453 -0.11253076 -0.27704693
v 0.40170056 -0.0787565437 -0.281536025
v 0.403969219 0.0398226554 -0.441439702
v 0.694454559 0.15290515 -0.14113739
v 0.660225782 0.170832705 -0.118876331
v 0.685589719 0.185085381 -0.0963039446
v 0.38325738 0.1364033 -0.432014553
v 0.408923641 0.0446105546 -0.171931109
v 0.411104065 0.0202045198 -0.178012681
v 0.405884532 0.00790131353 -0.574098691
v 0.40576616 0.00265139906 -0.537696675
v 0.404472974 0.0404495799 -0.423180161
v 0.405413772 0.0187466917 -0.426248734
v 0.407763478 0.0502508773 -0.229782928
v 0.406631651 -0.0528136219 -0.270095458
v 0.409005747 -0.0225644599 -0.276327666
v 0.409460536 -0.0343848511 -0.252750047
v 0.399680416 0.0834298547 -0.302792295
v 0.405984177 0.0518106731 -0.292260391
v 0.544301379 -0.201222129 -0.0592033824
v 0.545345939 -0.195456358 -0.0740890229
v 0.544894626 -0.186924634 -0.095999348
v 0.322461853 -0.245114861 -0.611099733
v 0.329794201 -0.237641632 -0.597611073
v 0.338990415 -0.222820409 -0.605558463
v 0.343783412 -0.225036484 -0.182639989
v 0.329007953 -0.245126538 -0.168803353
v 0.406145917 -0.0661223368 -0.193741803
v 0.406457012 -0.0643506145 -0.220423961
v 0.412310346 0.00819142315 -0.154953822
v 0.413229583 0.021095935 -0.131261458
v 0.40165205 0.0930240543 -0.153257142
v 0.40483454 0.0728904515 -0.217427774
v 0.71493451 0.0471851487 -0.202190766
v 0.718656788 0.0201627961 -0.206256408
v 0.723799437 0.0471806838 -0.201667199
v 0.390776288 0.110453484 -0.559506796
v 0.401627857 -0.0354070021 -0.613477872
v 0.397366985 -0.0656790727 -0.609027053
v 0.376433542 -0.179121079 -0.0125246288
v 0.378816562 -0.173584439 -0.0371353228
v 0.369604111 -0.193299652 -0.0339976465
v 0.559206154 0.0722195539 0.195163551
v 0.546041759 0.113964471 0.173807497
v 0.572585241 0.106976138 0.177879466
v 0.410435043 -0.00230516961 -0.254744426
v 0.397496321 -0.0777727871 -0.603675527
v 0.331660992 -0.246005574 -0.133479423
v 0.408627168 -0.0435047683 -0.231059169
v 0.406404115 -0.0597979192 -0.246157422
v 0.384366235 0.102800181 -0.550909192
v 0.404083536 -0.0364306367 -0.410069724
v 0.40101073 -0.0614609241 -0.543374978
v 0.406709045 -0.0443418748 -0.297250033
v 0.408719137 -0.00685710997 -0.300495324
v 0.409871141 0.0056801524 -0.281043595
v 0.370995126 0.167352359 -0.394383296
v 0.398419105 0.0966234281 -0.274860611
v 0.392593913 0.113399701 -0.293869835
v 0.393831456 0.100925641 -0.392810288
v 0.395405297 0.119131183 -0.141989878
v 0.40775928 0.0258241765 -0.296896414
v 0.40471153 0.064152598 -0.273965439
v 0.408624663 0.030890572 -0.271337747
v 0.40772692 0.0490492047 -0.253610595
v 0.399756658 0.0795416714 -0.33104005
v 0.395590241 0.0978275077 -0.32173148
v 0.403925313 0.028693258 -0.606994134
v 0.400326078 -0.0673364385 -0.368744092
v 0.402010225 -0.0583128462 -0.394994481
v 0.404913996 0.0089938586 -0.617955857
v 0.363577495 0.195289997 -0.230692389
v 0.342836725 0.227379763 -0.229172109
v 0.360107465 0.198818904 -0.24804133
v 0.387715301 -0.125426411 0.302535153
v 0.389198668 -0.118421373 0.336555596
v 0.396006983 -0.0970961394 0.313853594
v 0.40337316 0.0774157125 -0.247062819
v 0.344561011 0.2155383 0.462538507
v 0.344295712 0.216302506 -0.547936294
v 0.403606184 0.0856814988 -0.130168646
v 0.61408457 0.169449441 -0.121331956
v 0.633876092 0.195276371 -0.0716753556
v 0.631124621 0.205891977 -0.0271325744
v -0.389142514 0.122563146 0.312228218
v 0.222966277 0.33758124 -0.632987284
v 0.315425831 0.245134863 -0.474037413
v 0.296996429 0.267425227 -0.495121517
v 0.707218356 0.182532129 -0.0987901836
v 0.394786051 0.114673554 -0.25079759
v 0.39317936 0.12337899 -0.224602802
v 0.403766366 0.0414128002 -0.583218345
v 0.384911235 0.149345839 -0.222534194
v 0.389111006 0.139450759 -0.153433072
v 0.545194392 0.0746382157 0.193970183
v 0.102599304 0.384195516 -0.565703263
v 0.347202797 0.227850973 -0.162868432
v 0.325206459 0.244779564 -0.306340645
v 0.38367467 0.158883664 0.00778714316
v 0.373106838 0.18215183 -0.120781625
v 0.381838302 0.161575871 -0.114489252
v 0.334311052 0.250276042 -0.00744412488
v 0.342893307 0.238871869 -0.02593911
v 0.327261021 0.258550378 -0.0318373977
v 0.334297105 0.246235067 -0.142221171
v 0.337674782 0.243471075 -0.120288577
v 0.355146779 0.218567501 -0.0738964154
v 0.342908556 0.237387108 -0.0919656103
v 0.348759301 0.229411355 -0.0534866415
v 0.413836988 -0.00813658917 -0.139883224
v 0.414851224 0.0266801251 -0.0950143551
v 0.372465089 0.184191339 0.0233359258
v 0.381787114 0.162474372 0.0385041318
v 0.371631557 0.186570762 0.0507595507
v 0.308568049 0.278232888 0.0152090209
v 0.334516869 0.249489562 0.00980706795
v 0.355643425 0.196466371 0.411292707
v 0.355794307 0.19637933 0.433305412
v 0.388989825 0.144498459 -0.0240867469
v 0.395992382 0.127075582 0.0132403233
v 0.687750916 0.208112713 -0.00387024613
v 0.705105022 0.207798976 0.00579855898
v 0.705379904 0.205740868 0.0261207931
v 0.361698449 0.20645242 0.0365282852
v 0.689484289 -0.154179812 -0.141539908
v 0.600497459 0.196343425 0.0673554457
v 0.629446085 0.183612823 0.0973129896
v 0.589848168 0.173669234 0.114586337
v 0.709183933 0.113205324 0.172247306
v 0.723322767 0.11895448 0.168832268
v 0.711251569 0.0895303728 0.185691876
v 0.35997875 0.210232345 -0.0492297954
v 0.35372081 0.199543939 0.5327049
v 0.363973708 0.202580987 0.00759830004
v 0.178978462 0.354195434 -0.503772831
v 0.146799835 0.367632411 -0.517256182
v 0.402143303 0.0959967616 0.159101269
v 0.403607993 0.087580013 0.185872925
v 0.395090905 0.119767439 -0.173994013
v 0.31385875 0.271088933 -0.0996908817
v -0.406690947 0.0738881595 0.158585008
v 0.411211468 0.00842169439 0.232263704
v 0.389580514 0.142917818 0.030701888
v 0.382026682 0.161043715 0.157505097
v 0.378784566 0.169664527 0.125647359
v 0.390021063 0.139426882 0.136820036
v 0.372216054 0.184313632 0.152577531
v 0.372239122 0.178148517 0.215238276
v 0.381429585 0.156072771 0.221857975
v 0.37857526 0.166251677 0.201541017
v 0.610355206 -0.128903912 0.163250099
v 0.585808709 -0.0980590316 0.183336905
v 0.583255177 -0.135665086 0.157516883
v 0.707814397 0.19307496 0.0740898787
v 0.690497959 0.203335843 0.0439759475
v 0.631305508 0.0157188922 0.207704989
v 0.613409078 0.00403225934 0.20781862
v 0.608811804 0.0430134212 0.203565521
v 0.393477229 0.132383182 0.0808804121
v 0.396257881 0.124381372 0.112382983
v 0.387567546 0.14737196 0.105434305
v 0.374906625 0.173509368 -0.229544036
v 0.690016782 0.196954743 -0.0678812779
v 0.695644156 0.203609406 -0.043902335
v 0.702764217 0.194486397 -0.0730963507
v 0.3349459 0.248974666 -0.0583220944
v 0.353722913 0.221399933 -0.0156390314
v 0.373639187 0.164434869 0.272168634
v 0.377600722 0.152971241 0.30062706
v 0.68513173 0.193549978 0.075148658
v 0.662814569 0.189567414 0.0857337548
v 0.574026455 0.187428511 0.0894521582
v 0.557982084 0.201711178 0.0506177241
v 0.409658864 0.0148464286 0.283655709
v 0.410180638 -0.0128875256 0.269381814
v 0.403270737 0.0837044506 0.216526581
v 0.397304585 0.110989645 0.205160039
v 0.395941124 0.120158606 0.158022504
v 0.398570014 0.10841429 0.177104836
v 0.714529471 0.202038421 0.0422507517
v 0.407125907 0.0829084332 0.14154755
v 0.407592574 0.0842107449 0.128680022
v 0.660037955 -0.147798224 0.146046191
v 0.645133056 -0.161314218 0.132208758
v 0.636016918 -0.14118249 0.152960682
v 0.352460805 0.222117842 0.141138257
v 0.400159707 0.065474749 0.569969503
v 0.375251395 0.17625208 0.17930535
v 0.639539917 -0.0159234472 0.207371092
v 0.164601327 0.370519931 0.569045318
v 0.384904219 0.151953842 0.182289961
v 0.328392307 0.254951622 0.0970773764
v 0.35472876 0.215200103 0.182707331
v 0.257296387 0.314535264 0.578442864
v 0.284821049 0.290195799 0.582287166
v 0.255456003 0.317482012 0.59400811
v 0.296634463 -0.0262524603 0.680002217
v 0.277063456 -0.0224271842 0.680483851
v 0.271973632 -0.0493518102 0.680459536
v 0.379371011 0.168398203 0.0936797268
v 0.325528842 0.243084702 0.52410469
v 0.547561078 0.189972824 0.090061665
v 0.348438315 0.228354984 0.11287855
v 0.36096863 0.208226314 0.0977500417
v 0.339702581 0.242241282 0.0258142828
v 0.639819808 0.202863495 0.0445764624
v 0.261994992 0.317609884 0.10116883
v 0.149746976 0.375913543 -0.615823099
v 0.240339708 0.327276868 -0.595634194
v 0.177491678 0.364912159 -0.546235373
v 0.404211109 -0.0409048198 0.495561027
v 0.404061505 -0.0428999178 0.514633774
v 0.400727809 -0.0662439958 0.516316885
v 0.371240451 0.175733377 0.233635768
v 0.388517995 0.140257558 0.204903758
v 0.0419660041 0.401226331 0.501902465
v 0.40613951 0.0518015018 0.287516116
v 0.406109617 0.0229036521 0.354304266
v 0.406657513 0.0023031508 0.382092483
v 0.358231833 0.212448181 0.124127092
v 0.382455214 0.138120831 0.430285978
v 0.38683118 0.125466158 0.459351358
v 0.405747832 -0.0275849547 0.358739656
v 0.405619307 -0.0307563112 0.383355001
v 0.403150823 -0.052526795 0.370058869
v 0.403927284 -0.0537055715 0.337463024
v 0.406220882 -0.0376811866 0.31141458
v 0.402112187 -0.069079272 0.308601536
v 0.367528039 0.195113648 0.125047457
v 0.392768874 0.12863067 0.181651202
v 0.0485720617 -0.400919508 0.233188239
v 0.0664536053 -0.398012012 0.205078328
v 0.0330955942 -0.402082231 0.208646075
v 0.347088266 -0.210495943 0.352942335
v 0.334205746 -0.230451298 0.35222841
v 0.341727429 -0.219471648 0.325085784
v 0.310210934 0.262464665 0.294477529
v 0.0485274382 0.404350521 0.143822206
v 0.370060622 0.189143829 0.0789351877
v 0.379629177 0.167409592 0.0656585727
v 0.342057383 0.235052856 0.162804807
v 0.364219123 0.17889685 0.549670482
v 0.349840099 0.204969967 0.559959748
v 0.320101635 0.263406568 0.124268762
v 0.332921511 0.239573591 0.216100776
v 0.327870512 0.24153683 0.255877393
v 0.190108414 0.358504732 0.584119092
v 0.213810899 0.345006228 0.572452807
v 0.320339683 0.248592281 0.389363272
v 0.343853357 0.215653727 0.39086578
v 0.383797998 0.147748868 0.239431408
v 0.338543563 0.240986283 0.13987157
v 0.298406866 0.284290567 0.16909209
v -0.130905818 0.383290119 0.577001694
v 0.379241652 0.14663278 0.404352269
v 0.405441949 -0.0276974918 0.585498233
v 0.405251126 -0.01241075 0.570071399
v 0.402552863 -0.0494748542 0.56743615
v 0.377115397 0.152123818 0.32964013
v 0.386316849 0.128850851 0.321171565
v 0.362912411 0.184621076 0.286871746
v 0.362804065 0.18679526 0.262435058
v 0.370227313 0.174311441 0.252380048
v 0.329105012 0.238496127 0.497445931
v 0.128426773 0.386717595 0.60309731
v 0.101273108 0.257319214 0.680039488
v 0.131155825 0.275946359 0.680018771
v 0.677388258 0.202882693 -0.0484171383
v 0.372690977 0.159108065 0.565160164
v 0.383626066 0.131688694 0.551838172
v 0.409950129 0.0364398642 0.217587394
v 0.14763576 0.377802031 0.588629322
v 0.127859295 0.385230354 0.594646853
v 0.153842357 0.376067916 0.596334635
v 0.406025851 0.0347149557 0.333136661
v 0.184775989 0.269238301 0.681047945
v 0.217007215 0.243521197 0.681827781
v 0.128352599 0.301510444 0.682024286
v 0.106973434 0.296785149 0.680872796
v 0.398513105 -0.0797387228 0.464213584
v 0.145388354 0.230787135 0.68023759
v 0.140024623 0.197673834 0.68075531
v 0.105286961 0.210778666 0.680303311
v 0.347361498 0.209128001 0.583423585
v 0.36159241 0.183511441 0.574014879
v 0.128874573 0.250426402 0.680206273
v 0.154583037 0.112334059 0.680786507
v 0.303383025 0.272045362 0.599805045
v 0.233031591 0.148323594 0.680150216
v 0.209765942 0.135208887 0.680541465
v 0.217923515 0.17850152 0.68003896
v 0.186941305 0.18218174 0.680372512
v 0.387246838 0.123502596 0.387686075
v 0.39505502 0.09662326 0.366395
v 0.395107798 0.0971763568 0.400882569
v 0.160031208 0.251523615 0.679867959
v 0.179301704 0.229256643 0.680087623
v 0.211852461 0.216275563 0.680524642
v 0.197380807 0.241856874 0.68015969
v 0.718720133 0.193585306 0.0692175411
v 0.358333344 0.191491353 0.595824699
v 0.345357468 0.214982985 0.599041615
v 0.273761386 0.154907671 0.681506524
v 0.671955295 0.200184122 0.0565435325
v 0.669943417 0.205891754 0.0296266174
v 0.365100685 0.177781702 0.527025797
v 0.329994731 0.236896438 0.593987432
v 0.313925979 0.257125897 0.579968828
v 0.389533355 0.139828198 0.163474969
v 0.35257039 0.223221684 0.0196655814
v 0.325404016 0.259653153 -0.0848990832
v 0.400978306 0.0629470015 0.540646055
v 0.229726795 0.335522119 0.592061348
v 0.387513182 0.123316043 0.41128527
v 0.269414834 0.132371358 0.680426075
v 0.288449831 0.104371103 0.681116038
v 0.265600048 -0.0316767026 0.68088898
v 0.401250426 0.0638011655 0.476444637
v 0.400675788 0.0677238825 0.509889617
v 0.402872266 0.062882395 0.319668156
v 0.378617417 -0.170628791 -0.111894064
v 0.696971314 -0.188983317 -0.0883464735
v 0.71484475 -0.170389686 -0.118808356
v 0.403559165 -0.0556085088 0.590040103
v 0.319273163 -0.0212891121 0.681557871
v 0.406820859 0.00667232517 0.591215205
v 0.398074996 0.121398112 0.0701397759
v 0.394986831 0.129036186 0.0495912455
v 0.691336907 -0.187189754 0.0906162361
v 0.0288548957 -0.275518743 0.680220405
v 0.299431745 -0.274371281 0.471742156
v 0.302622001 -0.270533578 0.498295104
v 0.278115782 -0.295789848 0.488935257
v 0.36571293 0.177185067 0.38892047
v 0.378315968 0.148792027 0.379943254
v 0.410926933 -0.0227646468 0.202738391
v 0.409313698 -0.0404152344 0.223163273
v 0.410487872 -0.0310888824 0.184733199
v 0.407330045 0.0295265832 0.309539513
v 0.405110018 0.0292951685 0.400208622
v 0.403401169 0.0503054501 0.424500054
v 0.398385639 0.0800960689 0.421420039
v 0.400279408 0.0703265803 0.405517513
v 0.656145754 -0.0399473288 0.20418172
v 0.655409027 -0.0756570152 0.193860071
v 0.680207473 -0.0539089096 0.200597922
v 0.381390948 -0.146447157 0.272761424
v 0.373513333 -0.168753752 0.244087124
v 0.383037524 -0.145859721 0.255386999
v 0.404954679 0.0240851278 0.57144793
v 0.702342343 0.0542010252 0.199136767
v 0.695834964 -0.0419162076 0.20318287
v 0.700246878 -0.0723789019 0.194337662
v 0.311272879 0.00323475375 0.680646576
v 0.35959347 -0.189353327 0.33748964
v 0.375124194 -0.156754846 0.324337318
v 0.369241828 -0.169340759 0.349826559
v 0.405973378 -0.0200148471 0.444944403
v 0.201270078 -0.211325701 0.679892405
v 0.215014846 -0.18255159 0.680187693
v 0.193584346 -0.184103943 0.680675728
v 0.31035863 -0.0482627936 0.680192186
v 0.289311054 0.00124380224 0.68024409
v 0.403975891 0.0460966641 0.590256392
v 0.679741958 -0.0928556741 0.185953952
v 0.319238575 0.0255787865 0.681469417
v 0.404335469 0.0399934292 0.496728123
v 0.339430233 -0.222677288 0.440578489
v 0.324324891 -0.244200885 0.460023745
v 0.322384063 -0.246613432 0.429598665
v 0.245642979 0.106557117 0.68038968
v 0.39507147 0.0965100785 0.464745571
v 0.314318321 0.0480358581 0.681336247
v 0.404585921 -0.0284705709 0.554447825
v 0.293511683 -0.280407298 0.533922955
v 0.282367099 -0.292126207 0.512357055
v 0.304252135 -0.26875793 0.520663219
v 0.391700421 0.106533493 0.539627767
v 0.254702882 -0.130011806 0.680176079
v 0.27412211 -0.143399805 0.680429398
v 0.33618382 -0.227525526 0.417790023
v 0.406024835 -0.0122636496 0.512703643
v 0.319093567 -0.250815404 0.486835066
v 0.238892579 0.173186778 0.680243398
v 0.237061664 0.195502741 0.680697767
v 0.258899137 0.178949123 0.68109559
v 0.403877731 -0.0449712138 0.468385144
v 0.38247444 0.138380761 0.342062444
v 0.373333385 0.160592302 0.356357176
v 0.403667923 -0.04056211 0.536845445
v 0.408423849 0.00388283982 0.305145082
v 0.4074475 0.00727586875 0.328309601
v 0.407062895 -0.00622050738 0.351532391
v 0.30336833 0.0274687001 0.680138631
v 0.411722819 -0.0251043758 0.169728049
v 0.411540212 -0.00673820362 0.184258146
v 0.403699214 0.0766862592 0.247838675
v 0.396966806 0.101871466 0.268955254
v 0.402972771 0.0747564077 0.273493519
v 0.573638149 -0.0698743694 0.195525784
v 0.191748712 -0.35706539 -0.0891898401
v 0.169875275 -0.367562553 -0.0775340166
v 0.185851754 -0.359840444 -0.065088973
v 0.405085493 0.0290857593 0.446627432
v 0.403486217 0.0490936359 0.454841124
v 0.405714953 0.0270514251 0.4728078
v 0.390806298 0.129923022 0.228063314
v 0.397996184 0.104605433 0.2379621
v 0.391076654 0.116106705 0.296598492
v 0.400083351 0.0842258805 0.294403862
v 0.570696219 0.1350185 0.15840164
v 0.406513163 0.0111923672 0.42316412
v 0.410874361 -0.0136398477 0.222461406
v 0.411654161 0.00625646849 0.206367713
v 0.408708123 -0.0198408001 0.291499211
v 0.408078725 -0.0141730597 0.31328405
v 0.414760021 0.0161531373 0.154455416
v 0.546162856 0.0491000396 0.203222109
v 0.546482654 0.0124389978 0.208588615
v 0.41518849 -0.0125017784 0.154314011
v 0.54626828 -0.203277957 0.0547378997
v 0.544768176 -0.191972565 0.0810232472
v 0.413950812 -0.0168493535 0.159417174
v 0.323669972 0.248985294 0.234550262
v 0.280720879 0.29549034 0.261899685
v 0.546582408 0.191065605 0.083708111
v 0.415946128 -0.00052022676 0.155753384
v 0.414640311 -0.0360393634 0.149946198
v 0.169897002 -0.367086052 0.126459663
v 0.385572243 0.129235344 0.363104535
v 0.719809111 0.154968947 0.135409203
v 0.716876462 0.129921315 0.160176229
v 0.708091511 0.144135478 0.147925357
v 0.410702492 -0.0213062197 0.245751965
v 0.407752298 -0.0429105442 0.269438223
v 0.407164508 0.0626870779 0.224697385
v 0.718705844 0.0481862742 0.20010333
v 0.399365721 0.110838664 0.136733568
v 0.402866327 0.102700307 0.120073199
v 0.721059217 0.205784365 0.00873856275
v 0.561417655 -0.0925014913 0.185983322
v 0.670213766 0.122295779 0.168147304
v 0.642320554 0.112852906 0.175062903
v 0.546722725 0.0904375253 0.189525166
v 0.407577287 0.0758605902 0.127424748
v 0.699558996 -0.116991836 0.170995127
v 0.674036748 -0.122943559 0.167742899
v 0.38874715 0.145953939 0.0572623432
v 0.411223208 0.0566801425 0.151637914
v 0.406835697 -0.0569085632 0.24459062
v 0.400987302 -0.0897746694 0.245620792
v 0.399992476 -0.0968853183 0.222793886
v 0.545716488 -0.00211976442 0.207855145
v 0.613235608 -0.0281768349 0.206463895
v 0.589044932 -0.0172380553 0.207321999
v 0.407910347 0.0509574924 0.243881192
v 0.412336868 -0.047157151 0.143296673
v 0.595730904 0.0788652003 0.192559668
v 0.58787886 0.0181127015 0.207425921
v 0.568520542 0.000961228322 0.207568296
v 0.563246489 0.0316440453 0.205528059
v 0.406488109 0.0589021901 0.264287023
v 0.371731558 0.185737832 0.103826762
v 0.688707821 0.0906709658 0.186055619
v 0.673449444 0.0557980547 0.199991691
v 0.396563175 0.0857931567 0.552259933
v 0.404288829 -0.0714809601 0.262388973
v 0.406698062 -0.0221336222 0.332912131
v 0.711124418 -0.0406344005 0.202752601
v 0.396597484 -0.0896443582 0.441445862
v 0.324225285 -0.243965058 0.365047305
v 0.340666922 -0.22082929 0.383996545
v 0.625278935 -0.0906182783 0.187415625
v 0.633844169 -0.117979784 0.171266895
v 0.653981822 -0.104533748 0.179600781
v 0.718546793 -0.0320402611 0.203612093
v 0.399548533 -0.075720065 0.490877412
v 0.718112044 -0.0863396986 0.187433496
v 0.70883675 0.168598165 0.119559406
v 0.372864134 -0.17442453 0.215885623
v 0.378121139 -0.161403133 0.230779086
v 0.382989326 -0.15220705 0.219132741
v 0.266912195 -0.305239779 0.405507111
v 0.21502491 -0.342983286 0.341013404
v 0.277203308 -0.296040887 0.365970573
v 0.545888487 -0.180372422 0.103272147
v 0.569346711 -0.18669053 0.0918722117
v 0.569677893 -0.16089641 0.13146393
v 0.595563022 -0.180471031 0.104081288
v 0.716146152 -0.126582687 0.163470017
v 0.711116054 -0.146067395 0.14653003
v 0.621054447 -0.162031747 0.130776392
v 0.237302965 -0.329427774 0.501340385
v 0.230493765 -0.334061252 0.531361993
v 0.255911298 -0.315315564 0.517959805
v 0.652716718 -0.127583831 0.164520672
v 0.317199061 -0.0652350165 0.680939344
v 0.621629221 -0.185550351 0.0956479631
v 0.405984313 -0.0871279911 0.114978809
v 0.549178022 -0.195994199 0.0704338
v 0.716744339 0.152427327 -0.139937002
v 0.547091946 -0.103873276 0.182341236
v 0.546067295 -0.128076791 0.164923709
v 0.583247233 0.0487036826 0.201927793
v 0.399590849 -0.113750428 0.11434849
v 0.40210539 -0.10732991 0.104361033
v 0.410988071 -0.0636739601 0.134571686
v 0.378830745 -0.164122843 0.194742891
v 0.683678375 -0.206476978 0.0308142569
v 0.690044585 -0.198851094 0.0610951254
v 0.352510162 -0.223539599 -0.00420797118
v 0.363944178 -0.20368547 -0.0078829606
v 0.356610182 -0.217534341 -0.0363197003
v 0.637427375 -0.121986272 -0.170156838
v 0.651371396 -0.0896161232 -0.189435549
v 0.355461655 -0.196820584 0.449795747
v 0.37126768 -0.165297967 0.465431131
v 0.368093228 -0.172350578 0.434354604
v 0.234118022 -0.332782595 0.0427410577
v 0.282593072 -0.292645275 0.18738126
v 0.319403592 -0.264463674 0.00216085626
v 0.319532053 -0.264205675 -0.0215326792
v 0.305010349 -0.27826907 -0.0070291962
v 0.23124117 -0.197854929 0.679806826
v 0.381363759 -0.141508386 0.397298621
v 0.39247724 -0.106112111 0.396085411
v 0.38614592 -0.127061 0.419822562
v 0.362115561 -0.19608103 0.201038917
v 0.302183171 -0.27883852 0.0877182522
v 0.300233777 -0.2788108 0.117519998
v 0.317672698 -0.262368032 0.113404383
v 0.374949957 -0.159672167 0.295326006
v 0.362283622 -0.187100444 0.271039758
v 0.406957117 -0.0669165662 0.175851432
v 0.360806332 -0.187429535 0.307451909
v 0.345285125 -0.214808285 0.288930054
v 0.326451789 -0.242075614 0.275125281
v 0.397053705 -0.124790785 0.0926090495
v 0.39108198 -0.139212275 0.105067826
v 0.38510757 -0.143039912 0.239558559
v 0.358292584 -0.191319537 0.365799113
v 0.400468516 -0.105357742 0.132808739
v 0.38393432 -0.154627929 0.148586088
v 0.383618391 -0.154277179 0.175607851
v 0.358937047 -0.190172414 0.390131394
v 0.350618391 -0.204584326 0.503292449
v 0.354537499 -0.198571743 0.477614731
v 0.367131091 -0.174108423 0.496573224
v 0.26297236 0.113298791 0.680314799
v 0.258989576 -0.00938001983 0.680849336
v 0.316185966 -0.25455504 0.333785351
v -0.145053291 -0.262054556 0.680247696
v -0.167801228 -0.261589299 0.680464914
v 0.691037153 -0.130531421 -0.16370196
v 0.667854157 -0.139985349 -0.155973047
v 0.278124803 -0.1137125 0.679745662
v 0.391260282 -0.109174767 0.515496539
v 0.393729275 -0.103013538 0.423245679
v 0.641890003 0.0508508358 0.201567756
v 0.0424717691 -0.402095289 0.436726023
v 0.398235236 -0.0838869626 0.335065341
v 0.389592342 -0.116439985 0.443163796
v 0.225245984 -0.160960902 0.68034522
v 0.235706437 -0.14000979 0.680452094
v 0.372270167 -0.162784879 0.374811158
v 0.369992601 -0.16834626 0.405971703
v 0.385616548 -0.128458135 0.368727067
v 0.378921657 -0.147340295 0.350371045
v 0.396273498 -0.0913466376 0.579781324
v 0.305112399 -0.0703249906 0.679490521
v 0.293213752 -0.0880929799 0.679504502
v 0.311620343 -0.0865648225 0.680638621
v 0.300246851 -0.11040151 0.680804602
v 0.183185862 0.249673457 0.680087425
v 0.195239447 -0.355415924 0.0185013636
v 0.209428433 -0.347812205 -0.010323855
v 0.291991644 -0.0602466988 0.679603524
v 0.272689034 -0.0838917882 0.679874109
v 0.381492554 -0.14127824 0.491041032
v 0.40022859 -0.0718908507 0.357353187
v -0.0688278659 -0.400380372 0.578282888
v 0.110748175 -0.106324727 0.68118731
v 0.38036595 -0.144525769 0.441909228
v 0.377288907 -0.15038297 0.51606459
v 0.387053459 -0.125460668 0.582515219
v 0.373571173 -0.160827558 0.582301426
v 0.381086928 -0.139365102 0.560536825
v 0.361883015 -0.183925915 0.541366275
v 0.351589842 -0.202541459 0.553858033
v 0.366531166 -0.174414074 0.560039038
v 0.356475879 -0.193214612 0.576027508
v 0.730252644 -0.0497527046 0.20042168
v 0.377603328 -0.150530389 0.419851397
v 0.403498435 0.0506515233 0.397520388
v 0.394913712 -0.0974213754 0.36167769
v 0.403272887 -0.0704603727 0.281279112
v 0.397657363 -0.093780851 0.292376366
v 0.392317248 -0.115751141 0.279615758
v 0.382729168 -0.136438188 0.536369475
v 0.331447569 -0.236304738 0.58948924
v 0.303584623 -0.269076206 0.362582611
v 0.29481786 -0.278450209 0.385862496
v 0.302778043 -0.27002108 0.444099667
v 0.336456908 -0.226415853 0.56782983
v 0.309839505 -0.262425552 0.576035579
v 0.0791447049 -0.301280307 0.681320175
v 0.0883408195 -0.279410538 0.680352752
v 0.211559888 -0.0546101629 0.681205047
v 0.247508216 -0.207377196 0.681450095
v 0.179777065 -0.150204036 0.681006438
v 0.214266431 -0.133722765 0.681024274
v 0.142791406 -0.242414455 0.680295963
v 0.337778831 -0.225476458 0.48362634
v 0.29191784 -0.281970549 0.555009742
v 0.28155857 -0.292075508 0.574330315
v 0.270153238 -0.302728188 0.558229247
v 0.197484425 -0.35334199 0.185902621
v 0.15522986 -0.373294614 0.191521008
v 0.290851979 -0.130988055 0.681223091
v 0.2848424 -0.288949443 0.429320171
v 0.189109489 -0.24660673 0.680960692
v 0.170369574 -0.227879262 0.680375604
v 0.358842476 -0.212734545 0.0220761508
v 0.34501756 -0.234557946 0.0221844252
v -0.0467251798 -0.403271806 0.565886728
v 0.369357799 -0.184796894 0.191453297
v 0.372204983 -0.181020256 0.165012545
v 0.291224764 -0.284509025 0.591653261
v 0.35168962 -0.213710617 0.187464785
v 0.154115406 -0.374988564 0.563987212
v 0.265012972 -0.30874222 0.589655449
v 0.236353771 -0.331147375 0.586358972
v 0.673105611 -0.172424173 0.116530681
v 0.644490219 -0.180300949 0.104726468
v 0.255290906 -0.315251973 0.571795853
v 0.252362338 -0.318076938 0.546799551
v 0.0352073055 -0.40388623 0.561658571
v 0.104158379 -0.214708378 0.681024286
v 0.118162554 -0.243008798 0.680621901
v 0.130787274 -0.206081982 0.680976867
v 0.183687658 -0.361881491 0.525867564
v 0.149465782 -0.377240577 0.521988686
v 0.181255713 -0.362910098 0.498728127
v 0.0784024816 -0.396879485 0.437910257
v 0.10032503 -0.392248028 0.456273779
v 0.100400147 -0.392580458 0.476008193
v 0.124220368 -0.385612336 0.467576924
v 0.120138913 -0.387060865 0.494757644
v 0.236069449 -0.109687552 0.680620267
v 0.257621977 -0.105111788 0.680300506
v 0.0571128337 -0.40075034 0.450466504
v 0.0357980286 -0.403248138 0.463323358
v 0.0727509493 -0.398198383 0.466234714
v 0.0723421385 -0.263124005 0.680409852
v 0.204319104 -0.164934335 0.680664989
v 0.0606029637 -0.223886525 0.680968859
v 0.0657334683 -0.177239981 0.681322816
v 0.110956197 -0.389858859 0.586774502
v 0.213675259 -0.231774178 0.681291976
v 0.133387589 -0.382515858 0.583963984
v -0.405790857 0.0345702839 0.341662968
v -0.406937768 0.0346929683 0.305640175
v 0.396838078 0.085882405 0.531631125
v 0.097877935 -0.392254562 0.341684283
v 0.126038284 -0.383949289 0.318096806
v 0.0952863124 -0.392508701 0.300295209
v 0.109565168 -0.390598546 0.519772858
v 0.013083632 -0.404231392 0.446279984
v -0.0190744634 -0.403971458 0.442778913
v -0.189210442 -0.261927137 0.681784491
v 0.153103141 -0.375435239 0.48241008
v 0.0662182289 -0.399925304 0.503054396
v 0.151070387 -0.375817329 0.451806727
v 0.0863571015 -0.396180027 0.495379242
v 0.230233057 -0.333865176 0.142043167
v 0.251242079 -0.319628178 0.138568475
v 0.209565968 -0.347690482 0.0419332166
v 0.179899498 -0.362761693 0.0477504938
v 0.546007126 -0.146278965 -0.149271452
v 0.552528068 -0.133849839 -0.16074107
v 0.546646168 -0.130538932 -0.16405163
v 0.369480705 -0.191950775 0.053637396
v 0.360056524 -0.210025492 0.0508592845
v 0.362268871 -0.205170895 0.0702318035
v -0.200369322 -0.352824469 0.523864414
v 0.199947258 -0.352813981 0.445518161
v 0.11884659 -0.386256897 0.364050495
v 0.363590816 -0.200138858 0.13718119
v 0.28270163 -0.290578246 0.344061466
v 0.128915612 -0.382975648 0.343002562
v 0.154574353 -0.373712231 0.332058621
v 0.148936853 -0.376054937 0.361297153
v 0.12360003 -0.385043164 0.391906241
v 0.154742138 -0.373670135 0.303762812
v 0.122544367 -0.385240172 0.28792492
v 0.329183677 -0.247082795 0.146329594
v 0.345694288 -0.225184075 0.165111765
v 0.121667672 -0.38530476 0.240876665
v 0.118770359 -0.385877792 0.21432059
v -0.0214311296 -0.402676989 0.263115335
v 0.126462449 -0.383321975 0.132906249
v 0.0943419186 -0.392250543 0.138355616
v 0.106076686 -0.389829228 0.114197301
v 0.112252243 -0.387898991 0.158215778
v 0.326538426 -0.256054851 0.0723229773
v 0.330527542 -0.250064448 0.099690018
v 0.316037086 -0.266201614 0.0811160574
v 0.404530758 -0.0816202748 0.162945246
v 0.318249766 -0.257626898 0.162417419
v 0.0830216518 -0.397536559 -0.597242038
v 0.0450358609 -0.403299969 -0.604067196
v 0.067168256 -0.399115961 -0.60248878
v 0.2895689 -0.284291206 0.261387739
v 0.282285123 -0.291409165 0.288299056
v 0.26477252 -0.307320738 0.246933268
v 0.0804431721 -0.395330508 0.17085108
v 0.244043019 -0.325881252 0.0695097085
v 0.272524335 -0.303319011 0.120392377
v 0.330848232 -0.248067604 0.123819932
v 0.36856189 -0.191744149 0.108003355
v 0.22689361 -0.336945281 0.091298263
v 0.367266062 -0.196375822 0.0343110241
v 0.277296916 -0.298153736 0.149183238
v 0.287289688 -0.290279056 0.129313031
v 0.206284874 -0.349311379 0.0824658236
v 0.178345589 -0.363624009 0.0845075663
v 0.298747583 -0.278496235 0.150888649
v 0.294708219 -0.279844084 0.218972907
v 0.545860662 -0.16903192 -0.12562887
v 0.402123368 -0.103068093 -0.10102627
v 0.397887551 -0.114805193 -0.0776360214
v 0.306894988 -0.265887154 0.266508242
v 0.378007723 -0.173316971 0.0576050547
v 0.370578709 -0.188840735 0.0796595133
v 0.333253866 -0.249276325 0.0584098242
v 0.342989703 -0.236940052 0.0518111573
v 0.334043384 -0.248342664 0.0361001424
v 0.0328606804 -0.405721262 -0.561480022
v 0.0628979869 -0.402013079 -0.529008854
v 0.300031679 -0.273836318 0.242402502
v 0.353415541 -0.216044528 0.152364678
v 0.341560945 -0.233487932 0.140449863
v 0.349693213 -0.223733786 0.129498067
v 0.328275014 -0.239187442 0.304094192
v 0.342067125 -0.218695028 0.462818169
v 0.256502794 -0.314937991 0.167510739
v 0.313532113 -0.264635832 0.136784539
v 0.339340533 -0.238205505 0.119998453
v 0.39001248 -0.134775988 0.198913509
v 0.346576435 -0.229440882 0.10242662
v 0.361982699 -0.20153585 0.158809275
v 0.360051803 -0.202812616 0.175416163
v 0.544665033 -0.17191782 0.117286334
v 0.385408671 -0.158222375 -0.0584647439
v 0.0946005876 -0.392667606 0.200956308
v 0.0895438789 -0.39357814 0.231116138
v 0.285951937 -0.291977298 0.111627334
v 0.207499189 -0.348963306 0.515527004
v 0.329539129 -0.253808924 -0.00993329863
v 0.119302549 -0.38544789 0.184571557
v 0.142682575 -0.378027646 0.159384688
v 0.732997597 -0.158426111 -0.133852634
v 0.73344529 -0.195999657 0.0657786211
v 0.301788693 -0.276447562 -0.133227506
v 0.638195071 -0.197183296 0.0686901267
v 0.652038785 -0.207374261 0.0254200106
v 0.391010211 -0.136206226 -0.131781389
v 0.390081156 -0.136808676 -0.160326988
v 0.397861662 -0.112123933 -0.148676799
v -0.0386995712 -0.401970276 -0.0704440999
v -0.017775021 -0.404107051 -0.0920980755
v 0.392670021 -0.137798729 -0.0221687649
v 0.545249659 -0.152854455 -0.142960556
v 0.366097744 -0.199954968 -0.077676183
v 0.365261187 -0.200685923 -0.105201118
v 0.383515509 -0.163123612 0.0362767064
v 0.391196065 -0.144851864 0.0296112911
v 0.406673107 -0.0833751616 -0.114481589
v 0.409593299 -0.0384633223 -0.203357652
v 0.321633782 -0.262331463 0.0265393268
v 0.306241852 -0.277023228 0.0221665077
v 0.352706447 -0.222636492 0.045242769
v 0.314100276 -0.254627974 -0.37621717
v 0.328059457 -0.237006331 -0.349463992
v 0.301409746 -0.270047933 -0.345174169
v 0.319850814 -0.248853455 -0.320642662
v 0.377203786 -0.132106805 -0.592472549
v 0.369034888 -0.145965521 -0.554360597
v 0.362918131 -0.167850387 -0.595191102
v 0.377280828 -0.164794543 -0.21434673
v 0.380435909 -0.161959201 -0.180212711
v 0.370831553 -0.180467934 -0.196794084
v 0.392929826 -0.138885533 -0.0712628814
v 0.392803316 -0.140561583 -0.0453911359
v 0.624124483 -0.20931769 0.00589596341
v 0.62426202 -0.206565936 -0.035051406
v 0.649328869 -0.209115049 -0.0152153404
v 0.356514982 -0.212585986 -0.147610053
v 0.345220785 -0.229022298 -0.143546951
v 0.352619354 -0.220242951 -0.128214325
v 0.16001941 -0.371663438 -0.0302371288
v 0.647211881 -0.202972152 -0.05228768
v 0.622235973 -0.198981668 -0.0658596747
v 0.39414676 -0.130025824 -0.00144881015
v 0.365632899 -0.201021795 -0.0536029687
v 0.359289931 -0.213091939 -0.0618839355
v 0.596037787 -0.202233152 -0.0542953627
v 0.666755069 -0.201824859 0.0538483094
v 0.546419113 -0.161120216 -0.133187977
v 0.545631759 -0.210262495 0.00576642388
v 0.394107662 -0.131995368 0.0196741237
v 0.550508765 -0.179805896 -0.106427422
v 0.574057687 -0.172635377 -0.118040561
v 0.575746158 -0.144757779 -0.150888583
v 0.338501988 -0.241883466 0.0774272848
v 0.39442035 -0.133045222 0.0401974215
v 0.411807913 -0.0518366619 -0.116647356
v 0.57210688 -0.19018459 -0.0871568957
v 0.564343793 -0.202433879 -0.052956386
v 0.35120898 -0.224295754 0.0714893306
v 0.709400919 -0.161375436 -0.131734002
v 0.644549046 -0.173699603 -0.117481996
v 0.393937253 -0.130473944 -0.0414804583
v 0.395959269 -0.127687914 -0.0629860103
v 0.544956792 -0.177019953 -0.111864724
v 0.544363671 -0.206863814 -0.029495581
v 0.545469224 -0.208810368 -0.000970641715
v 0.545677568 -0.206679716 -0.0291594704
v 0.314988173 -0.258640088 -0.20241081
v 0.3815709 -0.161832278 -0.139595954
v 0.371956328 -0.183600947 -0.153421966
v 0.29917617 -0.280259287 -0.109544132
v 0.731166684 -0.0261620712 -0.205308152
v 0.726379239 -0.0824336693 -0.189588626
v 0.601961672 -0.184788907 -0.0984479511
v 0.637512346 -0.188688339 -0.0913328651
v 0.591402155 -0.0880382401 -0.190388815
v 0.278166249 -0.294287455 -0.413623503
v 0.258661741 -0.311989067 -0.425078652
v 0.291017663 -0.280949424 -0.40253125
v 0.709860115 -0.135719554 -0.157897465
v 0.639502564 -0.155516242 -0.140801804
v 0.606954934 -0.145527633 -0.150665371
v 0.392880227 -0.133838257 -0.107840284
v 0.395002718 -0.130838621 -0.0915367034
v 0.388210331 -0.1478584 -0.0867790956
v 0.546858148 -0.147365407 -0.151300594
v 0.715666211 -0.105494306 -0.179243919
v 0.619353937 -0.169217317 -0.123828281
v 0.673915788 -0.205693235 -0.0383753517
v 0.69323168 -0.20154047 -0.0553061221
v 0.698717861 -0.206945433 -0.0279579526
v 0.701079971 -0.208422555 0.0010448169
v 0.716183492 -0.207611996 -0.0089045455
v 0.333068905 -0.24920786 -0.0624563635
v 0.335740831 -0.244935317 -0.0906476498
v 0.324370416 -0.259185516 0.0485060964
v 0.338665253 -0.235004013 -0.158376386
v 0.354230912 -0.213077563 -0.167646602
v 0.229189274 -0.335201566 -0.12105632
v 0.214211024 -0.344308592 -0.0991481087
v 0.19472032 -0.355595529 -0.120405367
v 0.670465477 -0.197557818 -0.0694741924
v 0.713144756 -0.200930051 -0.0528399181
v 0.408873453 -0.0509701402 -0.172787705
v 0.41149775 -0.0166836324 -0.171410696
v 0.413220873 -0.0350053587 -0.127960073
v 0.411075671 -0.0398430686 -0.149796445
v 0.371750023 -0.188631199 0.0134308455
v 0.375143771 -0.180107945 0.0328588492
v 0.727502253 -0.205104037 -0.0296882448
v 0.720418359 -0.190618939 -0.0814367346
v 0.378850336 -0.157397463 -0.241294639
v 0.386896491 -0.13703745 -0.245647147
v 0.384556271 -0.141137763 -0.265849921
v 0.40982828 -0.0589789199 -0.137068166
v 0.404096405 -0.083375931 -0.168836503
v 0.396420109 -0.113679389 -0.177232546
v 0.411088737 -0.00576135321 -0.201749294
v 0.656653182 -0.0141650325 -0.209008761
v 0.34514929 -0.234671301 -0.0484981179
v 0.239353193 -0.329468017 -0.00862618367
v 0.222778856 -0.3399446 0.0168188437
v 0.360532928 0.208095668 0.0640897201
v 0.1698571 -0.36757039 0.0239546863
v 0.545903351 -0.20879134 -0.0319418036
v 0.315999696 -0.267488573 0.0599527861
v 0.289944818 -0.289128626 0.0955208468
v 0.385618246 -0.153117121 -0.111344499
v 0.358208428 -0.21330388 -0.112368703
v 0.595574034 -0.165279062 -0.128532239
v 0.391534352 -0.10456439 -0.464801514
v 0.389197756 -0.1134714 -0.4973532
v 0.383821422 -0.130083919 -0.476455145
v 0.343196253 -0.220973646 -0.234384459
v 0.367849107 -0.189347816 -0.176843896
v 0.115043605 -0.389920543 -0.485576398
v 0.0981407349 -0.394732249 -0.514957813
v 0.0888088003 -0.396645802 -0.487236988
v 0.215291573 -0.343615552 -0.147554995
v 0.244485708 -0.324624563 -0.141334036
v 0.241164632 -0.326518405 -0.17418816
v 0.211184689 -0.346034499 -0.304601976
v 0.267029419 -0.304807772 -0.334143759
v 0.195559069 -0.355385861 -0.369681268
v 0.361692342 -0.180201229 -0.412527091
v 0.352860308 -0.197887419 -0.4349135
v 0.344000399 -0.211897252 -0.409662439
v 0.257158511 -0.315392271 -0.116240661
v 0.28450867 -0.292861661 -0.124477898
v 0.267277235 -0.306908425 -0.148330992
v 0.274475872 -0.301958251 -0.101173466
v 0.287333457 -0.291269358 -0.0992070532
v 0.260941564 -0.311218746 -0.192928779
v 0.273266699 -0.301319546 -0.176809144
v 0.295330847 -0.28136121 -0.15675965
v 0.296205663 -0.279416116 -0.186642197
v 0.314283936 -0.260915759 -0.176173125
v 0.035203256 -0.402644285 -0.0239394126
v 0.00911979646 -0.403767749 -0.00898243649
v 0.0400253458 -0.401792196 -0.00035771666
v 0.303156521 -0.279264475 0.0563120025
v 0.287081494 -0.293675548 0.0339036863
v 0.204543626 -0.350177317 -0.170127022
v 0.0465288986 -0.400967053 0.184629637
v 0.0295279997 -0.402577298 0.0535518716
v 0.0102546429 -0.403114105 0.0705285789
v 0.264593361 -0.311268882 -0.0193508167
v 0.248540946 -0.323172606 -0.037594599
v 0.0737832121 -0.397894949 -0.104968351
v 0.134542217 -0.380814002 0.0987731996
v 0.118014706 -0.386491032 0.0722719209
v 0.052091423 -0.400917864 -0.237266915
v 0.0839007359 -0.395656924 -0.234239799
v 0.363368667 -0.200353691 -0.157907319
v 0.0478204128 -0.400994087 0.0288801399
v 0.0823892642 -0.395311084 0.0163532215
v 0.0835926516 -0.395285681 0.0375916622
v 0.0606829304 -0.398983169 0.0563414566
v 0.198064214 -0.353749804 0.0645773893
v 0.634849172 0.0851476578 0.190012016
v 0.620855742 0.0682689451 0.196636392
v 0.275137284 -0.303372808 0.0098039464
v 0.0120807845 -0.40368074 -0.0348653898
v 0.19083246 -0.357810205 -0.0399394058
v 0.372897071 -0.184157222 -0.12426821
v 0.242654265 -0.326524744 -0.0638580718
v 0.266484966 -0.309534073 -0.0539164988
v 0.26012137 -0.313929484 -0.0854755706
v 0.278834029 -0.299125536 -0.079034253
v 0.131209813 -0.382758969 -0.0454699384
v 0.31389579 -0.269649025 0.0422151392
v -0.0706044776 -0.400710519 -0.581451777
v 0.237362818 -0.32998203 -0.092929081
v 0.21562672 -0.344023399 -0.0703754032
v -0.0221354528 -0.402649511 0.219142451
v 0.138356136 -0.380332874 -0.101518118
v 0.120286506 -0.386277556 -0.110764683
v 0.116543786 -0.387155332 -0.0806166365
v 0.146073075 -0.37713052 -0.0762790878
v 0.22559163 -0.3380117 -0.039056755
v 0.18300695 -0.361280675 -0.15112853
v 0.160340292 -0.371839154 -0.157322605
v 0.151365573 -0.375262771 -0.130396567
v -0.0278966833 -0.401061455 -0.332853324
v 0.100371454 -0.392247863 -0.134253724
v 0.135925003 -0.381188583 -0.16111084
v 0.0960454139 -0.393145119 -0.176436415
v 0.0788676631 -0.396922903 -0.152560173
v -0.0959646916 -0.391182595 -0.315448577
v 0.407794228 -0.0627265095 -0.151152929
v 0.164094735 -0.369861189 -0.0998913941
v 0.0983273998 -0.392676366 -0.103315164
v 0.338993645 -0.223401427 -0.299624754
v 0.342260025 -0.216427066 -0.328309572
v 0.115255849 -0.387945437 -0.219727731
v 0.0878190323 -0.395096467 -0.207527355
v -0.0635785017 -0.397137694 -0.323505148
v 0.311956289 -0.256749802 -0.404770843
v 0.113024785 -0.388752838 -0.280150574
v 0.0846842267 -0.396733186 -0.399084039
v 0.0938949529 -0.394986109 -0.424066433
v 0.32578547 -0.239050059 -0.396746636
v 0.337023818 -0.222881907 -0.377250039
v 0.284123499 -0.288276264 -0.425632317
v 0.0566386774 -0.401030595 -0.168203674
v 0.0716875678 -0.400298117 -0.506900333
v 0.0385420094 -0.404701197 -0.494672498
v 0.362493838 0.184731145 -0.417571495
v 0.363347198 -0.202278585 -0.133639635
v 0.121983299 -0.386586016 -0.313843725
v 0.136109151 -0.381932277 -0.338459484
v 0.105561409 -0.39133358 -0.347544796
v 0.298972582 -0.273313861 -0.453235242
v -0.00454457786 -0.405453725 -0.461983551
v -0.0317905172 -0.403245974 -0.448584008
v 0.019729414 -0.403756695 -0.383282054
v 0.546152027 -0.198251819 -0.0739746806
v 0.331657429 -0.25155951 0.0109322525
v 0.146061114 -0.372412733 -0.596291048
v 0.211526795 -0.345624372 -0.613664652
v 0.192706738 -0.357663955 -0.599577911
v 0.0184577568 -0.406074873 -0.522988263
v 0.0478257539 -0.402324041 -0.395885451
v 0.118462424 -0.38738023 -0.605652292
v 0.140067756 -0.381417519 -0.600564565
v -0.189356093 -0.360086731 -0.548995313
v -0.0591651783 -0.401760793 -0.598222792
v 0.0939921573 -0.395386953 -0.455926639
v 0.0624983566 -0.401518878 -0.466995932
v 0.376331882 -0.155198274 -0.299637238
v 0.377467178 -0.154174621 -0.280299529
v 0.368336693 -0.173764594 -0.289179504
v 0.285079955 -0.287504756 -0.37416717
v 0.367813321 -0.168827015 -0.440200577
v 0.104840998 -0.391133264 -0.247441754
v -0.0242136229 -0.401589453 -0.353630156
v 0.396676632 -0.0828192752 -0.43110938
v 0.314529382 -0.256074352 -0.481302563
v 0.297447306 -0.275974433 -0.492417102
v 0.350861097 -0.203711133 -0.486543912
v 0.36700133 -0.172861357 -0.49251844
v 0.360062636 -0.187515099 -0.513150588
v 0.201619724 -0.349394459 -0.608526263
v 0.21465978 -0.337000477 -0.597436344
v 0.174337752 -0.360847941 -0.597599014
v 0.382606643 -0.132334225 -0.416124446
v 0.373677528 -0.155317528 -0.419432538
v 0.381055797 -0.136558329 -0.445527869
v 0.388142909 -0.107862592 -0.603639784
v 0.289572958 -0.283853575 -0.304311188
v 0.310634544 -0.261531414 -0.279319389
v 0.305741283 -0.266096725 -0.304761704
v 0.368908981 -0.169539403 -0.315558961
v 0.683793458 -0.0260320515 -0.207770152
v 0.371617321 -0.1653405 -0.555295787
v 0.24213611 -0.314047465 -0.575679446
v 0.150113983 -0.366991859 -0.573583984
v -0.135729717 -0.367185624 -0.530544494
v 0.316327898 -0.246546237 -0.603715618
v 0.305330862 -0.265491257 -0.612637968
v 0.284509756 -0.285990218 -0.611826549
v 0.397244453 -0.0847184952 -0.563642034
v 0.366798998 -0.171028987 -0.602383561
v 0.371254795 -0.157258693 -0.602448571
v 0.385556103 -0.144594216 -0.22949158
v 0.3069287 -0.251632832 -0.572536711
v 0.385790797 -0.131582777 -0.296273991
v 0.400798851 -0.062312912 -0.413335106
v 0.214968286 -0.343773094 -0.245868393
v 0.29520042 -0.277699287 -0.322706924
v 0.254741618 -0.315940786 -0.233294084
v 0.275404439 -0.298586316 -0.218792495
v 0.321349108 -0.247630292 -0.295303853
v 0.323315694 -0.246805219 -0.246143821
v 0.337182385 -0.227522477 -0.267766642
v 0.276569517 -0.297516944 -0.508145677
v 0.398719047 -0.117447943 -0.104874611
v 0.395283546 0.0944007112 -0.466435205
v 0.361149057 -0.187146294 -0.542900122
v 0.350020671 -0.207281254 -0.574250623
v 0.362623366 -0.184831079 -0.56769465
v 0.372653462 -0.159202417 -0.468759439
v -0.282920104 0.251707306 -0.430833364
v 0.402927754 0.00300468701 -0.618007139
v 0.381490876 -0.13770556 -0.364007593
v 0.375778623 -0.153424943 -0.339072754
v 0.36679678 -0.171295969 -0.361484402
v 0.389927192 0.115525728 -0.447588111
v 0.394158234 -0.0952064715 -0.515150164
v 0.410844955 0.00721484751 -0.225298692
v 0.409803035 0.0262276734 -0.242763614
v 0.310953973 -0.262348621 -0.227834096
v 0.402110614 -0.0853435479 -0.237729068
v 0.39899784 -0.0815719931 -0.323355243
v 0.397310707 -0.0872777531 -0.345512857
v 0.35635759 -0.199488515 -0.247765512
v 0.367549248 -0.17437919 -0.574468837
v 0.655463723 0.197941237 -0.0645930858
v 0.396378154 -0.0867057304 -0.397289809
v 0.393751367 -0.0985864024 -0.541967179
v 0.389156313 -0.112592365 -0.433929584
v 0.379791977 -0.145819862 -0.317667167
v 0.359815277 -0.1871307 -0.335865571
v 0.386226843 -0.121984263 -0.390252247
v 0.392681363 -0.103496252 -0.366532266
v 0.660678048 -0.059340306 -0.200348772
v 0.299668375 -0.274938601 -0.535237184
v 0.369918404 -0.168019022 -0.523088067
v 0.378967958 -0.144011243 -0.503014865
v 0.39055672 -0.108116235 -0.414118412
v 0.389120035 0.117817342 -0.471476446
v 0.374692683 -0.15348998 -0.392128513
v 0.410386249 -0.020400636 -0.228926691
v 0.355333154 -0.198154843 -0.277732889
v 0.370465981 -0.172213032 -0.260888012
v 0.356452198 -0.191330609 -0.384193355
v 0.390270521 -0.134624058 -0.185170773
v 0.292917455 -0.280592929 -0.609554947
v 0.355225402 -0.19681117 -0.307395355
v 0.252288652 -0.317649575 -0.273508547
v 0.336976439 -0.223505356 -0.439744605
v 0.279031991 -0.285014316 -0.597535582
v 0.400642334 0.0633055306 -0.599436086
v -0.335762439 -0.228552003 -0.448539479
v -0.294881608 -0.270652792 -0.570834558
v -0.718567875 -0.156398756 -0.136596876
v -0.412584941 -0.0329291947 -0.141537572
v -0.162778408 -0.372813265 -0.586093899
v -0.176924492 -0.364974173 -0.600260181
v -0.317772652 -0.252994823 -0.481405943
v -0.172247072 -0.368399996 -0.561428511
v -0.340948475 -0.222129543 -0.36504243
v -0.357915459 -0.193933707 -0.347860793
v -0.396602327 -0.118042612 -0.0725113228
v -0.593102076 -0.179080616 -0.109044272
v -0.319380512 -0.251108386 -0.453922775
v -0.305613492 -0.267593651 -0.425723731
v -0.319551778 -0.239722638 -0.564485859
v -0.172134236 -0.368231037 -0.532652744
v -0.0734154687 -0.399835291 -0.553450398
v 0.260486194 -0.311267226 -0.60093263
v -0.0598756515 -0.397436283 -0.358584794
v -0.157478013 -0.372284919 -0.37162574
v -0.611653498 0.0364462812 -0.206515583
v 0.283093506 -0.290542664 -0.45968826
v 0.00962404623 -0.403070708 -0.2461837
v -0.0192871535 -0.402722467 -0.231802818
v 0.0620040593 -0.399534584 -0.217631169
v 0.0143747867 -0.404936917 -0.42932893
v 0.0219013669 -0.403252272 -0.363501631
v -0.00147269773 -0.404216198 -0.185121621
v 0.201342961 -0.352692604 -0.615394925
v 0.0917647095 -0.392509966 -0.599293722
v 0.00182003089 -0.40608747 -0.492284923
v -0.219675898 -0.340986571 -0.269715401
v -0.14104972 -0.381615367 -0.559781156
v 0.0727233113 -0.398981704 -0.371629151
v 0.0491547095 -0.402854557 -0.440644946
v 0.263301754 -0.307102282 -0.614140014
v 0.00617593082 -0.403509065 0.018034103
v 0.0753210377 -0.39899533 -0.440004952
v 0.0358302715 -0.403522103 -0.423848488
v -0.0115365342 -0.40366359 -0.0221979239
v 0.238574808 -0.328510775 -0.208916893
v 0.261166606 -0.310996162 -0.211255819
v 0.0876662198 -0.394917723 -0.0530946022
v 0.0860536438 -0.395366593 -0.0838427289
v 0.226749399 -0.336117971 0.162150757
v 0.064170487 -0.400735333 -0.419122485
v 0.0869014325 -0.395200349 -0.261746052
v 0.0334268715 -0.401879 -0.300707203
v 0.00771010274 -0.403351208 0.2387784
v -0.11469568 -0.386655947 -0.224638685
v -0.0426794474 -0.401993614 -0.122546898
v 0.349461681 -0.204182819 -0.356536691
v -0.0533765377 -0.400513265 -0.149691035
v 0.0132152809 -0.404055957 -0.0506877695
v -0.0647559733 -0.398405856 -0.174574303
v -0.258626553 -0.315104175 -0.0961377353
v 0.277910267 -0.296654386 -0.200879146
v -0.210164676 -0.347855402 0.0810674257
v 0.16630401 -0.369784783 -0.327316291
v -0.197279313 0.341967597 -0.557502044
v -0.0276779093 -0.403333468 -0.158760416
v 0.0910917142 -0.393274017 0.0650400373
v 0.0106225813 -0.402903996 -0.2718529
v -0.0053011285 0.394806332 -0.554839826
v -0.366216525 -0.193564023 -0.149437961
v -0.300107218 -0.275114637 -0.24467291
v -0.399068092 -0.117662369 -0.0857922829
v -0.395966363 -0.128890763 -0.07693964
v -0.332712888 -0.234923297 -0.293509853
v -0.336020822 -0.231292652 -0.247809164
v -0.320551 -0.252297527 -0.234521009
v -0.32442447 -0.248507274 -0.205900763
v -0.391507262 -0.141502481 -0.0513393085
v -0.347463484 -0.228499533 0.0731708019
v -0.554996793 -0.176063942 -0.112377919
v -0.323557645 -0.252471845 -0.162357473
v -0.334234285 -0.237974029 -0.182477549
v -0.341518381 -0.226502726 -0.203615975
v -0.344927428 -0.226010417 -0.168221847
v -0.339910995 -0.225413942 -0.269320771
v -0.319659935 -0.252573102 -0.263311547
v -0.251771012 -0.319823137 -0.116118351
v -0.180969773 -0.362930288 0.0129452379
v -0.227689672 -0.336330057 0.519814184
v -0.201845839 -0.352042991 0.104804218
v -0.182809468 -0.361894438 0.0917254921
v 0.0892547326 -0.396428283 0.594537856
v 0.00225309269 -0.403376695 0.208328253
v 0.00332296082 -0.403120536 0.0474073886
v -0.124985056 -0.383995779 0.296721161
v -0.395259828 0.12355576 0.145335279
v -0.39994735 0.101906421 0.170416337
v -0.390369547 0.136497412 0.175844533
v -0.336530048 0.232698938 0.206418004
v 0.0729466928 -0.39723535 0.276628708
v 0.102941844 -0.390734397 0.264131178
v 0.175244947 -0.364757934 0.289583721
v -0.107783736 -0.390699242 0.448339881
v 0.0133767746 -0.405517435 0.571295877
v 0.110016818 -0.388955752 0.0130535734
v 0.20057845 -0.352202936 -0.612268344
v -0.123057006 -0.385179604 0.370969562
v -0.34279249 -0.216415891 0.563616181
v -0.192997232 -0.197208026 0.680468153
v -0.293541963 -0.280708373 0.596033897
v -0.220069578 -0.341377225 0.462643426
v -0.317727863 -0.025696546 0.681112665
v -0.2117561 -0.348114156 0.59638286
v 0.0077159179 -0.279566561 0.680293902
v -0.30137513 0.0133952389 0.680238725
v -0.38290303 -0.137013104 0.31747764
v -0.346334971 -0.226808554 0.126134356
v -0.384725044 -0.134634601 0.605438048
v -0.592527257 -0.208229327 -0.00505577351
v -0.614640524 -0.207091101 -0.0247243974
v -0.358308225 -0.204182028 0.178195567
v -0.356837661 -0.20441159 0.1926856
v -0.368510914 -0.187919478 0.158650065
v -0.333808839 -0.246134699 0.080513986
v -0.689425783 -0.184008272 0.0954607652
v -0.405806384 0.0675354593 0.210190139
v -0.404316696 0.0700271003 0.259859245
v -0.399105508 0.0958912221 0.265981391
v -0.406003527 0.0531984419 0.283982575
v -0.399576101 0.0874239413 0.28461157
v -0.54931945 -0.0911060744 0.186634423
v -0.411851361 0.0146645143 0.188341596
v -0.406135653 0.0688865409 0.182119099
v -0.404744824 0.0734657115 0.235021154
v -0.407348381 -0.0558085575 0.233966325
v -0.24054387 0.107122334 0.680479678
v -0.105770404 0.391796414 0.585567218
v -0.0925549398 0.394783327 0.576705624
v -0.246481384 0.0690229248 0.680683062
v -0.238701027 0.0843646784 0.68084169
v -0.26040025 0.0954634475 0.680264051
v -0.398133999 -0.0756417685 0.519801234
v -0.343503559 0.220762229 0.223347378
v -0.319424259 0.00228624178 0.681214072
v -0.270851925 0.188569252 0.681791757
v 0.37438429 0.159185324 -0.417442191
v -0.240382614 0.324989084 0.543443848
v -0.672075177 0.210035477 -0.0162522815
v 0.268182446 0.307518972 -0.238349202
v 0.338587233 0.228833965 -0.264634734
v -0.358130475 0.20560273 0.146094874
v -0.0277243991 0.391980979 -0.548275909
v 0.358818643 0.210248057 -0.147734581
v -0.40254687 0.0884812215 0.195428139
v -0.661077483 -0.0770952862 0.192372457
v -0.708218384 0.00822092264 0.204989166
v -0.171792496 0.364534137 -0.541922065
v -0.0900156103 0.392359613 -0.52212155
v -0.704261116 -0.19364082 0.0726781544
v -0.668017226 0.133549998 -0.162436921
v -0.361453751 -0.185043334 -0.567502055
v -0.371120569 0.168274411 -0.469330303
v -0.621737099 -0.166807257 -0.127436704
v -0.389163799 -0.145777859 -0.072306996
v -0.346561179 -0.214209163 -0.322834969
v -0.604705841 -0.157013492 -0.138569312
v -0.625222613 -0.208542472 0.00665272763
v -0.667966107 -0.205472416 -0.0374078946
v -0.657737497 -0.208257624 0.00309182542
v -0.687557165 -0.165037197 0.12417182
v -0.550433003 -0.197172777 0.064513714
v -0.591026375 -0.179830588 0.104522643
v -0.384331223 -0.15607907 0.127974019
v -0.326195678 0.225205262 -0.583017347
v -0.382911193 -0.134736083 -0.52272208
v -0.375079312 0.107664257 -0.568036247
v -0.329904258 0.222165069 -0.597475721
v 0.0816738956 0.38717287 -0.554209463
v 0.33738219 0.208711004 -0.465397023
v 0.329037923 0.221498288 -0.43901436
v 0.0358747944 0.387588834 -0.523057299
v 0.355429262 0.176846699 -0.497744587
v 0.320762424 0.235997603 -0.451093514
v -0.364427113 -0.127497781 -0.525621266
v -0.386609004 0.0340761617 -0.556419234
v 0.273192292 -0.29383744 -0.60435928
v 0.254863057 -0.308168977 -0.598692392
v -0.391647847 -0.00553488871 -0.581290722
v -0.387070272 0.0599513534 -0.580380488
v -0.39334534 0.0309569668 -0.597242703
v 0.101137098 0.376779039 -0.509427167
v 0.101991954 0.373754003 -0.498882157
v 0.391336 0.11091287 -0.41993894
v -0.176577479 0.366920217 -0.621118774
v 0.00900828751 0.397291181 -0.576045292
v -0.324538315 0.229310152 -0.588435699
v -0.126534192 0.387130098 -0.607714418
v 0.03181818 0.397239201 -0.584807448
v -0.234100579 0.332329813 -0.598527833
v 0.120174485 0.390976756 -0.0215441441
v -0.147127981 0.377107484 -0.566125062
v -0.160466424 0.370167525 -0.553184155
v -0.177603335 0.364108721 -0.261314038
v -0.129790604 0.363092458 -0.498795277
v 0.125757332 0.376033932 -0.544000777
v 0.115860963 0.376390019 -0.523675588
v 0.236272518 0.318906122 -0.420212927
v 0.0886389556 0.381800496 -0.526618226
v 0.396678168 -0.0824259421 -0.587382215
v 0.390791381 -0.106278942 -0.595603345
v 0.354896402 0.205336013 -0.260830287
v 0.34370277 0.23784762 0.00482606537
v 0.0587373299 0.386855407 -0.53024777
v 0.311771948 0.251749746 -0.593346269
v 0.232286129 0.326436456 -0.594020698
v 0.378406841 0.16750824 -0.212149792
v 0.306703474 0.279885183 -0.051047457
v 0.252644719 0.305613275 -0.38271245
v 0.284399209 0.275275305 -0.395290721
v 0.33224082 -0.2331204 -0.502755434
v 0.317216444 -0.254161696 -0.522417542
v 0.333361285 -0.230145518 -0.468154089
v 0.343009022 0.219217692 -0.607664907
v 0.330767119 0.237424063 -0.563011092
v 0.314011649 0.259239932 -0.570956388
v 0.231840181 0.323232914 -0.453113847
v 0.242749063 0.316751743 -0.482640697
v 0.264355097 0.299715719 -0.51307242
v 0.271606505 0.293296252 -0.478143727
v 0.383155777 0.136456307 -0.399167943
v 0.226202754 0.329275854 -0.556413444
v 0.193840263 0.348713047 -0.541928386
v 0.19200487 0.357081705 -0.4969531
v 0.249780783 0.312162496 -0.544300403
v 0.264799616 0.300076563 -0.573057855
v 0.302872589 0.26112514 -0.5473627
v 0.297949167 0.267345643 -0.567395997
v 0.326017776 0.232288752 -0.567458148
v 0.288430273 0.287538989 -0.581811677
v 0.240334679 0.327475156 -0.511768783
v 0.271634342 0.302950319 -0.550188771
v 0.26593554 0.308384477 -0.580251585
v 0.26852815 0.305692389 -0.525742635
v 0.245785435 0.320868177 -0.638614165
v 0.0978700951 0.391204293 -0.616897142
v 0.273036416 0.293774698 -0.599999015
v 0.32715799 0.242162709 -0.614498081
v 0.287429027 0.288158555 -0.555723203
v 0.275638544 0.289720447 -0.545323012
v 0.399843495 -0.0705207733 -0.518029222
v 0.373444902 0.160662482 -0.541471757
v 0.403842643 -0.0149010219 -0.616416334
v 0.370082776 0.160618027 -0.624334593
v 0.348367688 -0.209189749 -0.526505239
v 0.356763558 -0.192648859 -0.599367083
v 0.400111463 -0.0610163703 -0.607853203
v 0.391915223 -0.121610543 -0.256947888
v 0.289628214 0.275934937 -0.525447272
v 0.307479869 0.255708741 -0.524128383
v 0.348627451 0.196477501 -0.564613449
v 0.357029904 -0.186356207 -0.60381798
v 0.344121306 -0.203556011 -0.597029493
v 0.341689287 -0.214131551 -0.608269099
v 0.357144199 0.180778919 -0.569159416
v 0.725181064 -0.0235772708 -0.206000035
v 0.722300396 0.124321672 -0.165598179
v 0.405685935 0.0822694882 -0.0966519701
v 0.699385946 0.125304081 0.164657019
v 0.552865467 0.204080552 -0.0446747583
v 0.724940911 -0.127076694 -0.163673425
v 0.403793277 0.0247234311 -0.620768523
v 0.391206715 0.115097234 -0.313401706
v 0.383066435 0.155865702 -0.200227521
v 0.720255355 0.203659457 -0.0315629511
v 0.37008914 0.181028903 -0.247137835
v 0.390637499 0.134344721 -0.200684621
v 0.314713859 0.26639607 -0.158090111
v 0.640169131 0.203420622 -0.0431737778
v 0.598435356 0.207355763 0.00665819428
v 0.652962092 0.208102742 -0.0106260871
v 0.395992477 -0.114256804 0.215814419
v 0.718431983 0.174435821 0.109449113
v 0.630851351 -0.0489627684 0.202056835
v 0.409265161 -0.0469752139 0.174966213
v 0.596255771 0.120472157 0.169518908
v 0.659653064 0.0864466667 0.189070548
v 0.620321841 0.104038457 0.180204783
v 0.174908016 0.366214293 0.590193033
v 0.58035358 0.157601527 0.13610973
v 0.59789683 0.148164661 0.145698988
v 0.386136738 0.15157966 0.0804755315
v 0.392444242 0.105963429 0.433058283
v 0.0839468487 0.246999184 0.680394198
v 0.102309633 0.392738285 0.589540558
v 0.160422825 0.196907719 0.680333407
v 0.317241621 0.254212495 0.597524699
v 0.255339669 0.200217602 0.682332163
v 0.25023527 0.131444209 0.680274205
v 0.25277103 0.153338442 0.680011452
v 0.278202051 0.029502834 0.680334485
v 0.269419561 0.0933316922 0.680568711
v 0.304963661 0.0745685899 0.68142613
v 0.406258447 -0.0106398855 0.478458136
v 0.406220566 0.00707408474 0.454168662
v 0.40578388 0.0142129722 0.497005796
v 0.284479761 0.0734401989 0.680414001
v 0.29541042 0.0511349933 0.680286726
v 0.249807272 -0.0766036167 0.680815155
v 0.251697454 -0.0473078704 0.680906316
v 0.399471431 0.0757370885 0.446527064
v 0.406272574 -0.048671133 0.291396811
v 0.409984133 -0.0540476238 0.157764281
v 0.39163933 -0.121528576 0.258422096
v 0.545234745 0.0391245237 0.204815138
v 0.598419237 -0.0561345259 0.199896908
v 0.54582278 0.0450153175 0.202387047
v 0.722889647 0.184638984 0.0907769741
v 0.59630262 -0.153358722 0.140683072
v 0.721233858 -0.151076174 -0.142300894
v 0.56305883 -0.205461216 0.0367441889
v 0.554239798 -0.208817731 0.00435424895
v 0.678658418 -0.209148324 -0.00615817262
v 0.314566319 -0.256352157 0.544366663
v 0.307916972 -0.264210096 0.296949402
v 0.284928491 -0.288609201 0.320268707
v 0.687524447 -0.146340152 0.147687464
v 0.666474031 -0.191615043 0.0822757625
v 0.405401647 -0.0839609454 0.144173114
v 0.394801355 -0.116011777 0.236078222
v 0.352711487 -0.201377134 0.418912705
v 0.390191424 -0.131802824 0.222816274
v 0.32490127 -0.255874855 -0.105741454
v 0.357990788 -0.211292595 0.114806738
v 0.359991301 -0.208819193 0.0919401821
v 0.398639827 -0.0938886827 0.270535638
v 0.327753666 -0.239995004 0.514559461
v 0.348849545 -0.207802529 0.529584831
v 0.364261296 -0.180387613 0.520354741
v 0.336473817 -0.226676349 0.54340716
v 0.372739574 -0.160929583 0.538864255
v 0.173485192 -0.198644437 0.680606939
v 0.150553644 -0.181347337 0.681201849
v 0.12053506 -0.388160949 0.59593864
v 0.261270849 -0.310492973 0.461490141
v 0.291871707 -0.289811026 0.00840358405
v 0.390489974 -0.111264012 0.564857072
v 0.388521272 -0.11672892 0.545053501
v 0.396870009 -0.0854005173 0.546753325
v 0.152378598 -0.216488623 0.680541047
v 0.226353014 -0.216518036 0.680781021
v 0.216474764 -0.343353612 0.485315805
v 0.225475012 -0.33719542 0.562027495
v 0.259952889 -0.312137432 0.492505386
v 0.27429112 -0.299075819 0.53697061
v 0.266421708 -0.306364462 0.500962217
v 0.0960735858 -0.25457813 0.680719444
v 0.185272318 -0.359375936 0.161464548
v 0.167590743 -0.368664315 -0.178868318
v 0.220664742 -0.340873203 0.0657550376
v 0.288779569 -0.291615784 -0.0520660323
v 0.30564261 -0.277232755 -0.0339294328
v 0.287232856 -0.293336847 -0.0183257812
v 0.340441472 -0.237604802 -0.117999574
v 0.345969523 -0.233260929 -0.025121642
v 0.341006305 -0.240077231 -0.00650245616
v 0.154625398 -0.374999994 -0.390470589
v 0.154322757 -0.375060787 -0.357958157
v 0.29454439 -0.2800976 -0.212980177
v 0.348426091 -0.228136975 -0.102628891
v 0.545038289 -0.206004413 0.0331595562
v 0.388804665 -0.117763345 -0.332369641
v 0.403416132 -0.0759667891 -0.260237175
v 0.397660434 -0.123731276 -0.0846995586
v 0.333840479 -0.248923993 -0.0315668293
v 0.262756729 -0.304880376 -0.607403899
v 0.0891103537 -0.396999882 -0.528951578
v 0.163280676 -0.370405714 -0.0543348489
v 0.29618492 -0.284244854 -0.0822653281
v 0.276868349 -0.301681556 -0.0358948869
v 0.1032538 -0.390581519 -0.017671029
v 0.206086214 -0.349130251 -0.200116668
v 0.0618290244 -0.393923166 -0.583486157
v 0.109522057 -0.38956317 -0.19840564
v 0.131011737 -0.383105244 -0.192359878
v 0.118830124 -0.388463297 -0.445415583
v 0.331335473 -0.219967197 -0.585140779
v 0.332233964 -0.235016124 -0.537815283
v 0.317664719 -0.25450456 -0.566009137
v 0.277001793 -0.29632205 -0.611300266
v 0.309709599 -0.263282565 -0.602230919
v 0.285812895 -0.289265856 -0.580135707
v 0.332313692 -0.229961296 -0.610919138
v 0.363466137 -0.183294364 -0.578216509
v 0.40168755 -0.0713918339 -0.303527865
v 0.398400754 -0.0989657022 -0.259185656
v 0.368561323 -0.180037549 -0.232634123
v 0.359959898 -0.18512265 -0.461799599
v 0.347736007 -0.207108529 -0.457429063
v 0.321221413 -0.249648133 -0.542527436
v 0.0369581434 0.40170569 -0.521837186
v 0.254278065 0.302966268 -0.413806125
vn 0.966530526 0.216585502 -0.137511682
vn 0.974246499 0.189688342 -0.121910177
vn 0.934154502 0.286543521 -0.21271619
vn -0.954418661 0.272933863 0.120797877
vn -0.901831888 0.278069357 0.330721451
vn -0.431571175 0.0361483759 0.901354323
vn -0.0159036881 -0.99964106 -0.0215597914
vn 0.037170888 -0.999183566 -0.0158280382
vn 0.0545318962 -0.998309142 -0.0201278123
vn 0.59323986 0.721923898 -0.356219531
vn 0.771242161 0.63234821 -0.0729470378
vn 0.792284015 0.556558493 -0.250057359
vn -0.812100799 -0.583459422 -0.00820946018
vn -0.779579132 -0.626223397 -0.0100316549
vn -0.832025114 -0.554720862 -0.00435613643
vn 0.996557641 0.0566475288 0.0605303678
vn 0.989642625 0.141224942 0.0257485872
vn 0.983365823 0.166760353 0.0719905778
vn -0.0107732236 0.269726398 -0.962876735
vn 0.0213487654 0.609789064 -0.792276169
vn -0.0182016121 0.943049083 -0.332155278
vn 0.700891044 0.462874804 -0.542677308
vn -0.735351875 -0.467036553 -0.491054454
vn -0.717992166 -0.463495666 -0.519287027
vn -0.516166483 -0.856488256 -0.000169330887
vn -0.444851391 -0.895603188 0.00147301213
vn -0.494749819 -0.869035167 0.000704311573
vn 0.612332364 0.753248361 -0.240137423
vn 0.910942944 0.373266023 -0.175657135
vn 0.898853105 0.428775458 -0.0906349985
vn -0.914118785 -0.404838801 -0.0221898894
vn -0.907974602 -0.418732696 -0.0156541531
vn -0.934063179 -0.356539213 -0.0201436929
vn 0.319852113 -0.947461543 0.00335423437
vn 0.393904748 -0.919151229 -0.000260729398
vn 0.39125182 -0.9202399 0.00897439583
vn 0.63792944 0.708632538 -0.301472977
vn 0.460481759 0.806162514 -0.371562311
vn 0.315074572 0.770349456 -0.554337199
vn -0.704897174 -0.708462828 -0.0346467151
vn -0.705226408 -0.708551843 -0.0246981562
vn -0.672357909 -0.739825746 -0.0243455966
vn -0.623067545 -0.7821668 0.00138925669
vn -0.592184754 -0.80573746 -0.0102157957
vn -0.57401772 -0.818830161 0.00456346238
vn -0.0186267707 0.133410931 0.990885749
vn -0.0033154028 0.10048609 0.994932939
vn 0.00125885789 0.233865704 0.972268095
vn -0.642513624 -0.766264101 -0.00394587145
vn -0.678248404 -0.734820215 -0.00428412728
vn -0.706523015 -0.707680254 -0.00372665001
vn -0.751953772 -0.659199481 0.00464428177
vn -0.753061026 -0.657676913 0.0189781089
vn -0.692832756 -0.72104691 0.00860964175
vn -0.137952913 -0.00537423647 -0.990424208
vn -0.617580859 -0.657477706 -0.43164447
vn -0.609320272 -0.79135196 -0.0499087325
vn 0.0819642671 -0.0823463538 -0.993227535
vn 0.0506910851 -0.0729791314 -0.996044407
vn 0.0493319892 -0.23777628 -0.970066387
vn -0.350071236 -0.936717037 0.00336490695
vn -0.39538219 -0.918497818 0.00588906596
vn -0.325184112 -0.945563275 0.0128602885
vn -0.790577939 -0.612357714 -0.00213371667
vn -0.80073266 -0.598143789 -0.0324224382
vn -0.760070458 -0.649700315 -0.0135055281
vn -0.154463383 -0.987975953 0.00667680204
vn -0.191548252 -0.981479063 0.0028487569
vn -0.221146554 -0.975231569 0.00419386589
vn -0.800553554 -0.598823843 -0.022891308
vn -0.782127234 -0.539312257 0.312120615
vn -0.754883594 -0.535635579 0.37847759
vn -0.824927366 -0.562752795 0.0529540695
vn -0.766427948 -0.639836772 0.0565429545
vn -0.807408268 -0.586459805 0.0644731316
vn -0.125496418 -0.99206924 0.00701943786
vn -0.188743516 -0.982022987 -0.00259567772
vn -0.176635912 -0.984272386 0.00276129028
vn -0.0023134638 0.0204145437 0.999788925
vn -0.00245273007 -0.0142573077 0.999895351
vn 0.0044070699 -0.00897489946 0.999950013
vn -0.0197544006 -0.829351501 -0.558377875
vn -0.0590183764 -0.998190802 -0.0114871004
vn -0.1170237 -0.705393385 -0.69908914
vn 0.147944756 -0.941293502 0.30344504
vn 0.0372487867 -0.936482508 0.348730611
vn 0.0915520086 -0.995222967 -0.0339039238
vn -0.63960798 -0.76868017 0.00569448048
vn -0.703918753 -0.710265348 0.00463949064
vn -0.633362988 -0.773825671 0.00671988737
vn -0.281233411 -0.959638501 -0.0013102786
vn -0.268687846 -0.963226241 0.00143162972
vn -0.509068828 -0.860715075 -0.00429973459
vn -0.509265905 -0.86060792 -0.00149856604
vn -0.574593919 -0.818424084 -0.00488337006
vn -0.725139755 -0.688588126 -0.00432755674
vn -0.265782688 -0.96402605 0.00365224129
vn -0.214290566 -0.976768555 0.00165650293
vn -0.280242324 -0.959927305 0.00195143747
vn -0.191785612 -0.981435612 -0.00155494502
vn -0.262901938 -0.964821545 -0.0013991468
vn -0.221122503 -0.975235619 -0.00450844003
vn -0.229237717 -0.973368354 -0.00202883303
vn -0.275937715 -0.961126982 -0.00965927682
vn 0.244645709 -0.969602568 0.00439749733
vn 0.186248114 -0.982484845 -0.00593030015
vn 0.192469103 -0.981264478 0.00869878514
vn -0.0229117494 0.235456444 0.971614797
vn -0.0276443688 -0.0109651653 0.999557679
vn -0.0256853267 0.10993987 0.993606305
vn 0.725899574 0.500312013 0.471972137
vn 0.10920756 0.848848265 0.517233343
vn 0.454920759 0.72964267 0.510557221
vn -0.176246893 -0.984286215 -0.010848011
vn -0.948710985 -0.0778866788 0.30640028
vn -0.984857912 0.00664549795 0.173236054
vn -0.991642126 -0.0349146278 0.124204924
vn -0.898971058 -0.437662263 -0.0174005811
vn -0.90270186 -0.428983806 -0.0332000998
vn -0.924340766 -0.379701288 -0.0376972025
vn -0.987140863 0.159761399 -0.00540474936
vn -0.979021507 0.203525746 -0.00970355757
vn -0.960143411 0.279364922 -0.00893706922
vn -0.644902686 0.763331216 -0.0377621524
vn -0.938222991 -0.286345776 -0.194277419
vn -0.686607887 0.681599005 -0.252967201
vn -0.569041312 -0.822307249 -0.00166555109
vn -0.593929512 -0.804516999 -0.000364854646
vn -0.620056779 -0.784523792 0.00721185632
vn -0.639988003 -0.768349161 0.00741098092
vn -0.671297265 -0.74105826 0.01387938
vn -0.44716173 -0.894452929 -0.000586962683
vn -0.524916187 -0.851153166 -0.00113342202
vn -0.499401253 -0.866367133 -0.00252584585
vn -0.362301989 0.0338566808 0.931445647
vn -0.964689643 0.0936608488 0.246173796
vn -0.901240538 0.0389749081 0.431562799
vn -0.994033032 0.108401376 -0.0121438726
vn -0.999667379 0.0256216142 -0.00294366037
vn -0.992184788 -0.122034276 0.0260188848
vn -0.998519497 -0.0469909526 0.0273982744
vn -0.998096309 -0.0453659413 0.0417814417
vn -0.62674055 -0.779211405 -0.00508626783
vn -0.359544863 -0.933078635 0.00957876607
vn -0.407565469 -0.91317547 -0.000974781076
vn -0.479797254 -0.877346363 0.0076128135
vn -0.315995224 -0.20031321 0.927373515
vn -0.647956244 -0.582382689 0.490900305
vn -0.23236398 -0.972046997 -0.0336395033
vn -0.567522807 -0.823337642 -0.00574371531
vn -0.541814558 -0.840485209 -0.00464746646
vn -0.60390268 -0.797041262 -0.00517496275
vn -0.178332476 -0.983966316 -0.00279587103
vn -0.21178446 -0.977306274 -0.00444850055
vn -0.12311625 -0.992366717 -0.00711958197
vn -0.970685395 -0.23770316 0.0355959532
vn -0.946993447 -0.317887778 0.0463764153
vn -0.95578657 -0.289702653 0.0504420985
vn 0.827756944 0.549256232 0.114612533
vn 0.85271021 0.510196082 0.112184023
vn 0.824963864 0.552926326 0.117077331
vn -0.584920594 -0.811084274 -0.00319361158
vn -0.147116465 0.00725577407 0.989092564
vn 0.0581984872 -0.0205288974 0.998093934
vn 0.00178875749 0.00408761054 0.999990046
vn -0.799777448 -0.600240535 0.00820574919
vn -0.774961784 -0.631873812 0.0130276245
vn -0.745289704 -0.666677108 0.00921358528
vn -0.985967041 0.166861545 -0.00512049121
vn -0.764080734 -0.645111645 -0.00340552487
vn -0.750388607 -0.66096577 -0.006417845
vn -0.796094968 -0.60513192 -0.00693989667
vn 0.172819036 0.909747059 0.3774836
vn -0.262034563 0.728560476 0.632880336
vn -0.148284177 0.904269244 0.400385985
vn -0.782741434 -0.619516927 0.0592842697
vn 0.672326669 0.740241174 0.00445593493
vn 0.645901516 0.763016181 -0.0248503519
vn 0.682101095 0.730833064 -0.0249224788
vn -0.567506904 -0.823354676 -0.00479490075
vn -0.70549161 -0.708533191 0.0161958408
vn -0.653674664 -0.756747829 0.00649286817
vn -0.529090275 0.130985287 0.838395095
vn -0.322757907 -0.0795622262 0.943131585
vn -0.138964783 0.0891562922 0.986275795
vn -0.0912568458 -0.995802027 0.00710707561
vn -0.184980768 -0.982716464 0.00710398751
vn 0.0268867496 -0.014679775 0.999530693
vn -0.347318236 -0.937737322 0.00433107716
vn -0.281239593 -0.959634749 -0.0023325086
vn -0.293287538 -0.956023099 0.00150121722
vn -0.89406376 -0.447911353 0.00504123613
vn -0.912489849 -0.409099321 -0.000142577547
vn -0.943395855 -0.331531537 -0.00954464725
vn -0.940289319 -0.12271593 0.317485113
vn -0.734423829 0.23859275 0.63537008
vn -0.915894212 0.294570674 0.272701138
vn -0.599475871 0.762540752 0.243228868
vn -0.602324963 0.759100851 0.246922127
vn -0.527948853 0.844537692 -0.0895884735
vn 0.925838755 0.318991258 -0.20265038
vn 0.932155871 0.335479026 -0.136158931
vn -0.345905915 0.938253971 0.00534636107
vn -0.154976698 0.986460069 0.0536540407
vn -0.264183627 0.957460299 -0.116089562
vn -0.561699168 -0.827321979 0.00569102185
vn -0.576883168 -0.816826413 0.00064869889
vn -0.529438378 -0.848344294 0.00263878267
vn -0.0164285861 -0.596255971 -0.802626263
vn -0.0219001267 -0.720399777 -0.693213203
vn -0.0514154359 -0.623250257 -0.780330423
vn -0.591112464 0.148335321 -0.792832067
vn -0.0557500989 0.425918573 -0.903042245
vn -0.202369834 0.293503495 -0.934292325
vn 0.938653156 0.329444431 -0.101963816
vn 0.920916396 0.376734105 -0.0999219941
vn 0.919335567 0.382764401 -0.0911785502
vn 0.916993071 0.292951293 -0.270745724
vn 0.949616496 0.276510224 -0.147548657
vn 0.977458603 0.114135105 -0.177617163
vn 0.0216784907 -0.586863277 -0.809395785
vn 0.00608380441 -0.468838097 -0.883263169
vn 0.00373775748 -0.338810658 -0.940847154
vn -0.795842991 -0.603765746 -0.0458351212
vn -0.804766025 -0.59289327 -0.028796087
vn -0.855832035 -0.516786635 -0.0219795653
vn -0.420021617 -0.907493571 0.00610406202
vn -0.700864526 -0.713292072 0.00182652669
vn -0.917705892 -0.396623706 -0.0224840153
vn -0.904759306 -0.425545957 -0.0179230868
vn -0.655711959 -0.755011017 -0.000437893324
vn -0.654776974 -0.755817227 -0.00272643283
vn -0.711001227 -0.703185459 -0.00273218597
vn -0.00284501787 0.753403587 0.657552235
vn -0.00371641499 0.793724826 0.60826564
vn -0.025115226 0.74516833 0.66640332
vn -0.378849708 -0.925449834 0.00393746408
vn -0.475043675 -0.879955117 0.00353549412
vn -0.492058207 -0.870538237 0.00647287568
vn -0.699748104 -0.714213468 0.0158654793
vn -0.68546234 -0.728107841 -0.000593899922
vn -0.674063188 -0.738458953 0.0178099063
vn -0.202671991 -0.97918688 -0.0108221033
vn 0.0289394039 0.0156111745 0.999459255
vn -0.27689496 -0.332880608 0.901398736
vn -0.758303645 -0.651882429 0.00498811969
vn -0.747345428 -0.664434614 0.0012062727
vn -0.802501572 -0.596649997 -8.94080792e-05
vn -0.0753962728 -0.0205024202 0.996942853
vn -0.783223208 0.489468196 0.383382696
vn -0.544458147 -0.838787919 -0.000392073775
vn -0.647337313 -0.762123605 -0.0110459852
vn -0.643582159 -0.76519424 -0.0167266169
vn -0.432254418 -0.901751624 -0.000355831574
vn -0.658024105 -0.752946072 0.00874584213
vn -0.712150229 -0.702008888 0.00505705973
vn -0.668497799 -0.743713963 0.000483342544
vn -0.252475123 -0.967588251 -0.0054119695
vn -0.311133499 -0.950363548 -0.00225208853
vn -0.32257013 -0.946514523 -0.00766614164
vn -0.170745899 -0.985002271 0.0248266827
vn -0.970846815 -0.23969853 0.00103783598
vn -0.26182717 -0.962659573 0.0687973746
vn 0.600203962 -0.780928127 -0.172934857
vn 0.718700929 -0.679043472 -0.14956249
vn 0.711954544 -0.66869004 -0.214416321
vn -0.563666084 -0.825953873 0.00898582856
vn -0.503106413 -0.864150746 0.011288264
vn -0.110271803 -0.0310985619 -0.993414822
vn 0.830802886 -0.519101324 0.200749543
vn 0.774228601 -0.629350305 -0.0669945227
vn -0.809196517 -0.587533251 -0.00238258748
vn -0.798728954 -0.601660676 -0.00604061856
vn -0.372571365 -0.927971301 -0.00773586197
vn -0.396419547 -0.917998657 -0.0114021388
vn -0.462487513 -0.886580322 -0.0089795864
vn -0.618673698 -0.785627136 0.00573225918
vn -0.86726132 0.492908512 -0.0699928719
vn -0.88665223 0.457075851 -0.0702103186
vn -0.835276939 0.549787289 -0.00680966359
vn 0.837030336 0.54715505 -0.00125238502
vn 0.784402701 0.620183142 0.0092343006
vn 0.840767389 0.541386152 0.00335146205
vn -0.255308649 -0.895947954 -0.363448424
vn 0.0987865289 -0.988761847 -0.112210659
vn -0.184973289 -0.981449837 -0.0504093312
vn 0.829784384 0.558069315 0.00406405596
vn 0.758053919 0.651878179 0.0202261315
vn 0.841629364 0.539829973 0.0156081342
vn -0.982976982 -0.175531424 -0.0542675908
vn -0.999765192 0.016844343 0.0136319136
vn 0.0629327718 -0.901972546 -0.427182623
vn 0.0982375701 -0.995153736 0.00429210582
vn 0.172498927 -0.985005318 0.00294015443
vn 0.160136173 -0.987094599 0.000812249155
vn -0.16719585 -0.530802516 -0.830839477
vn -0.420762397 -0.153100097 -0.894158468
vn -0.438475078 0.621744152 -0.648979056
vn -0.00228087719 -0.999555395 0.0297289269
vn -0.0357939635 -0.998943581 0.0288186374
vn -0.0772074406 -0.996565631 0.029932507
vn 0.932781084 0.189191259 -0.306799799
vn 0.948111223 0.312310066 -0.0595611556
vn 0.970563481 0.239146966 -0.0285527295
vn 0.123357067 -0.99231196 0.0100004461
vn 0.208905914 -0.977893599 0.00907892992
vn 0.145058616 -0.989295453 0.0158903765
vn 0.929335827 0.369143685 -0.00823772861
vn 0.944814139 0.327402854 -0.0115591828
vn 0.920442128 0.390872462 -0.00223751821
vn -0.0279434879 0.770321244 0.637043438
vn 0.946370464 0.323062083 -0.00371951237
vn 0.920595176 0.390471356 -0.00605322947
vn 0.948527549 0.316247184 -0.0168287873
vn 0.389969112 -0.849462123 -0.355440844
vn -0.564235541 0.539635837 0.624845114
vn -0.835393086 -0.549286929 -0.0200564481
vn -0.888287846 -0.456740641 -0.0482979362
vn -0.895120333 -0.443834923 -0.0420731569
vn 0.872369722 0.488842868 0.00192846539
vn 0.815017599 0.579269315 0.0139059244
vn 0.827634238 0.561136289 0.0121504681
vn 0.972820425 0.22913539 -0.0334274275
vn 0.971703616 0.235205999 -0.0216845613
vn 0.962658694 0.270048371 -0.0190293463
vn 0.999662022 0.00784304482 -0.0247856345
vn 0.998247015 0.0461595747 -0.0370430893
vn 0.997446654 0.0662182706 -0.0267453466
vn 0.812675432 0.578100105 0.0732045845
vn 0.810585187 0.574310227 0.114540026
vn 0.778042791 0.622408629 0.0851875167
vn 0.956139646 -0.292576476 0.0139994057
vn 0.94673032 -0.32198703 -0.00510430035
vn 0.93601977 -0.351630597 0.0149302706
vn 0.823635832 -0.56239418 0.0730534247
vn 0.859700824 -0.504853919 0.0776982216
vn 0.848686648 -0.52518656 0.0625303985
vn 0.239106466 -0.970987789 0.00328816388
vn 0.774860644 0.632098143 0.00655128983
vn 0.725189893 0.68779381 0.0322380968
vn 0.946584896 0.321919822 -0.0185651102
vn 0.960042996 0.278869742 -0.0234331429
vn 0.95920185 0.282605689 -0.00811383927
vn -0.263925873 -0.070044025 -0.961996345
vn -0.163043865 0.984562373 -0.0636681375
vn -0.0757612255 0.99639341 -0.038215298
vn -0.103724397 0.993302361 -0.0509084459
vn 0.852797865 0.522240973 0.000408960793
vn 0.885298393 0.465022831 0.000723106833
vn 0.880706084 0.473583244 0.00870088029
vn 0.797249726 0.602908971 0.0298939165
vn 0.816632172 0.576604992 0.0252701079
vn 0.845966081 0.532753153 0.0227039124
vn 0.981025797 -0.19386829 -0.00186308532
vn 0.990783772 -0.135445625 0.00141436708
vn 0.991665672 -0.128762182 0.00441534047
vn 0.97719008 0.21161308 -0.0178732074
vn 0.232030504 0.967758077 -0.0980109715
vn 0.961850924 0.271754069 -0.0315043855
vn 0.960352086 0.278667881 0.00825126853
vn 0.977492596 0.210941702 0.00343834735
vn 0.970057865 0.242575339 0.012039282
vn 0.115858903 -0.993263637 0.00201553999
vn 0.0571699431 -0.99836395 0.00101047312
vn 0.109787222 -0.993911867 -0.0092717919
vn 0.789207553 0.614065855 0.00863501379
vn 0.83397322 0.551513175 0.0179411592
vn 0.826104292 0.563517141 -0.000360726414
vn 0.914679784 0.404074131 0.00921898996
vn 0.936652633 0.350175676 0.00767079842
vn 0.912115417 0.409912375 0.00416073629
vn 0.997448141 0.0704052257 0.0118452383
vn 0.999971279 -0.00431849882 0.00622832719
vn 0.996009437 0.0883587599 0.0125670693
vn 0.0288091515 0.0994945771 0.994620964
vn 0.0172542932 -0.0797368916 0.996666603
vn 0.0191770008 0.0889543073 0.99585108
vn 0.00254703942 0.00054089193 0.99999661
vn 0.00695824335 -0.00166109624 0.999974411
vn 0.00639114926 0.00321219056 0.999974417
vn 0.946830781 0.321483483 0.0126428676
vn 0.923425667 0.383422824 0.016491676
vn -0.998191656 -0.0563102175 -0.021037516
vn -0.937316109 -0.0458094185 0.345456233
vn -0.933062154 -0.0420269006 0.35725167
vn -0.43349022 0.821404222 -0.37064988
vn -0.318488572 0.55461956 -0.768740641
vn -0.372823007 0.848470727 -0.375633373
vn 0.995855716 0.0905594477 0.00838918396
vn 0.98948653 0.143127537 0.0207585133
vn 0.98562527 0.168945234 0.000578228502
vn 0.991151305 0.126623249 -0.039820149
vn 0.992490517 0.119318307 -0.0269390927
vn -0.608436997 -0.793595525 0.00325016424
vn 0.0536037268 0.906570768 0.418635978
vn 0.969241203 0.246027106 -0.00649258393
vn 0.807976739 0.588804824 -0.0219651786
vn 0.736656156 -0.675671297 0.028390237
vn 0.723719828 -0.688763582 0.0428291758
vn 0.753452987 -0.655830497 0.0468503535
vn 0.978173112 0.040284528 -0.203849256
vn 0.327779663 0.317454772 0.88982187
vn 0.924690514 0.293103879 0.242976481
vn 0.0566572584 -0.540414759 -0.839489037
vn 0.00795819783 -0.518725236 -0.854903969
vn 0.0568203159 -0.406411301 -0.911921766
vn 0.816406981 0.577400194 0.00941585843
vn 0.886214626 0.463063156 0.0140053234
vn 0.867718467 0.264507519 0.420833024
vn -0.00261318766 0.740697255 0.671833869
vn 0.841823322 0.539675903 0.00913312598
vn 0.0125928741 0.691853342 0.721928232
vn -0.0030285407 0.638086852 0.769958438
vn -0.00148633936 0.769651647 0.638462319
vn 0.151395869 -0.330082052 0.931732327
vn 0.00209437412 0.0134728735 0.999907043
vn 0.110578777 -0.325226035 0.939148743
vn 0.791370987 -0.610930076 0.0222801073
vn 0.759403858 -0.650491319 0.0129160274
vn 0.802072833 -0.597173494 0.00793656127
vn 0.024014419 0.734502749 0.678180669
vn 0.00985662751 0.821270107 0.570454431
vn 0.0377546597 0.864218855 0.501697475
vn 0.963985221 -0.15957642 0.212762448
vn 0.604925094 -0.598670682 0.525032422
vn 0.004430159 -0.612598171 0.790382094
vn 0.103246503 0.991496936 -0.0792085001
vn 0.10563311 0.976237236 -0.189215499
vn 0.158940979 0.9870085 0.0234944045
vn 0.743412373 -0.668822719 -0.00377012272
vn 0.7794672 -0.626441444 -0.00141441081
vn 0.79763693 -0.60313774 -0.000441421324
vn 0.94912098 -0.312211068 0.0411535389
vn 0.953813161 -0.299314737 0.0255174888
vn 0.96688248 -0.251936078 0.040822583
vn 0.995410374 0.0863777886 0.041195439
vn 0.999325362 0.0191508166 0.0313379488
vn 0.99739548 0.0680728323 0.0238400086
vn -0.509982546 -0.860163252 -0.00608124068
vn -0.519530109 -0.854450883 -0.00146773684
vn 0.986191326 0.109694213 0.12407195
vn 0.862065395 -0.23189183 0.45063226
vn 0.91139621 0.189180189 0.365469294
vn 0.964643716 0.263358949 -0.0102256727
vn 0.878803804 0.277052576 0.388517367
vn 0.938863795 0.34260179 -0.0340409851
vn 0.167939167 0.0675783149 0.983478321
vn 0.0526161445 -0.0545801108 0.997122135
vn -0.00370183504 -0.00504420731 0.999980426
vn -0.00015136058 -0.0112270598 0.999936963
vn -0.0638239382 -0.11673865 0.991109778
vn 0.943549576 0.324528307 0.0662991388
vn 0.935045045 0.349611767 0.0588419607
vn 0.913585792 0.399849277 0.074037533
vn 0.499513991 -0.866271445 0.00771726422
vn 0.473139391 -0.880811295 -0.0176232743
vn 0.432342911 -0.901661297 0.00930123587
vn 0.95918762 0.282213384 0.0177402345
vn 0.97580158 0.217437413 0.0230705169
vn 0.967540184 0.25051677 0.0332767328
vn 0.134824042 -0.990818992 -0.0100101746
vn 0.0385583793 -0.99913474 -0.0155891556
vn 0.0468527445 -0.998901338 -0.000968362585
vn 0.120655342 -0.992694061 -0.000888816666
vn 0.998359692 -0.0570222875 0.00513650667
vn 0.464933693 -0.791447928 0.396795714
vn 0.999240815 0.0388339977 -0.00311682691
vn 0.843032461 -0.398718142 0.360998771
vn 0.239148728 -0.362119807 0.900931258
vn -0.0128676898 0.0343388043 0.999327408
vn -0.0202083609 0.017144026 0.999648791
vn 0.9803028 -0.197240118 0.0101368461
vn 0.972741678 -0.231712849 0.00909851024
vn 0.957328505 -0.271362931 0.0994197811
vn 0.471141434 -0.82480913 0.312595022
vn 0.960845661 -0.277014768 0.00619955563
vn 0.967288612 -0.253490561 -0.00976093513
vn 0.200825725 -0.838920871 0.505846617
vn 0.0357535939 -0.936573053 0.34864394
vn 0.0373325795 -0.820649988 0.570210378
vn 0.470318673 -0.609911503 0.637815258
vn 0.0549093267 -0.433583391 0.899438941
vn 0.0735568338 -0.340544114 0.93734684
vn -0.109750929 -0.937014117 0.331601082
vn -0.0208929627 -0.373253521 0.927494094
vn -0.0428684631 -0.44846204 0.89277326
vn -0.999343758 0.0171415791 0.031909553
vn 0.964861634 -0.262632915 0.00812278824
vn 0.966385594 -0.257035945 0.00560418464
vn 0.946170218 -0.323629414 0.00509129749
vn 0.144280778 -0.989536787 -6.47499342e-05
vn 0.107027908 -0.994253485 0.00224399084
vn 0.164573896 -0.986355134 0.00435678309
vn 0.876921326 0.473657699 0.0815927193
vn -0.00192942888 -0.00425191633 0.999989099
vn -0.0162199449 0.00483861194 0.99985674
vn 0.175669547 -0.112524975 0.977997107
vn 0.969993812 -0.214433408 0.114587597
vn 0.0222963944 -0.999749143 -0.00212670028
vn 0.108814083 -0.994045975 -0.0056653275
vn 0.0850494444 -0.99636652 -0.00451099719
vn 0.820077288 0.522779194 0.23275557
vn 0.820898133 -0.570189425 0.0317848239
vn 0.776769296 -0.628699246 0.036969167
vn 0.773186956 -0.633863551 0.0199732375
vn 0.749307744 -0.661912959 0.0202272186
vn 0.993279683 -0.021000428 0.113817636
vn 0.98407932 0.0234674066 0.1761737
vn 0.922545963 -0.385214877 0.0227693916
vn 0.930844669 -0.363416951 0.0381617826
vn 0.985737739 -0.167471501 0.0165652108
vn 0.97520165 -0.22030688 0.0211334111
vn 0.991937438 -0.124979672 0.0209809708
vn 0.403475312 -0.914924888 -0.0109600218
vn 0.301670696 -0.953357104 -0.0102480761
vn 0.382891526 -0.92374952 -0.00899460558
vn 0.781124603 -0.409744935 0.471119352
vn 0.419390306 -0.24639328 0.873728861
vn 0.822843909 -0.515719284 0.23866613
vn 0.0591698717 -0.986720488 0.151266668
vn 0.258514287 -0.960567175 0.102377079
vn 0.205390567 -0.850147233 0.484834401
vn 0.997497435 0.0702607396 -0.0078927043
vn 0.998785194 0.0484401019 -0.00903841409
vn 0.993470382 0.113779704 -0.00841306817
vn 0.0313383131 0.457608489 -0.888601362
vn 0.0459762758 0.605950009 -0.794173009
vn -0.0556360317 0.590417809 -0.805177895
vn 0.016345633 -0.371814695 -0.928163053
vn 0.982379628 -0.186852972 0.00402894044
vn 0.832518442 0.321444061 0.451205894
vn 0.880324113 0.42538276 0.209949908
vn 0.423878282 0.197962078 0.88382024
vn 0.686778266 -0.125297762 0.715986092
vn 0.743169612 -0.275079474 0.609942793
vn -0.674539032 -0.169953501 0.718409982
vn 0.163620274 0.81720036 -0.552640911
vn 0.0743075058 0.731797307 -0.677459295
vn 0.0357398426 0.811762246 -0.582893403
vn 0.0180596611 -0.872155626 -0.488895094
vn 0.0358365635 -0.828032604 -0.559533508
vn 0.0130983849 -0.786427288 -0.617543968
vn 0.987989827 0.153403152 -0.0185357894
vn 0.984568676 0.17260364 -0.0288531634
vn 0.991691954 0.120905569 -0.0439193812
vn 0.0756758899 -0.996967367 -0.0181446841
vn 0.0491396626 -0.998661518 -0.0161389293
vn 0.147365452 -0.988995528 -0.0130869522
vn -0.0052386044 -0.996483452 0.0836258775
vn -0.00636246632 -0.995030932 -0.0993627876
vn -0.00862931316 -0.996180597 -0.0868893117
vn 0.90928047 0.416183743 -0.000345086645
vn 0.898566997 0.438834522 -0.00127016712
vn 0.917072404 0.398705229 -0.0035136531
vn -0.0472929944 -0.998591028 0.0240693109
vn 0.678885843 -0.733857249 -0.0238233099
vn 0.686463939 -0.726155107 -0.0382886694
vn 0.710214947 -0.703383743 -0.0290867324
vn 0.707599236 -0.706410131 -0.0169719937
vn 0.780434957 -0.621572402 0.0675945785
vn 0.81309687 -0.579790814 0.0521161494
vn -0.496284558 -0.865261563 -0.0708806387
vn -0.134370903 -0.52134996 -0.842697265
vn -0.46120387 -0.762732338 -0.453354576
vn 0.410183387 -0.912003011 0.000311928334
vn 0.344049247 -0.938950955 0.0011043004
vn 0.329489947 -0.944149272 0.00430425756
vn 0.986664137 0.162479475 -0.00971081965
vn 0.994505844 0.104681048 6.119915e-05
vn 0.980382895 0.197082782 -0.00278491705
vn 0.116824292 0.533598313 -0.837630542
vn 0.268429819 0.950339836 -0.157478975
vn -0.143981934 -0.583090698 -0.799546397
vn -0.259296245 -0.965728817 0.0115460036
vn -0.272349064 -0.961998681 0.0196093376
vn -0.209404645 -0.977452564 0.0271326233
vn 0.189633904 0.909815505 -0.369154073
vn 0.0517161892 0.940823422 -0.334927939
vn -0.0392020973 0.908158844 -0.416786168
vn 0.329290782 -0.944042331 0.0187525307
vn 0.354892605 -0.934907003 0.000366537318
vn 0.7513694 0.659854972 0.00595330973
vn -0.762304747 -0.647216298 0.00159254327
vn -0.68605699 -0.727535065 0.0043052661
vn -0.734508749 -0.678598349 -0.00108527499
vn 0.191290309 -0.709759825 -0.677974194
vn -0.53350966 -0.845775165 -0.00564025305
vn -0.556102872 -0.830326506 -0.0361592121
vn 0.832000663 0.554104516 0.0272595368
vn 0.557316069 -0.83026959 0.00715586263
vn 0.300743301 -0.953669083 -0.00829137036
vn 0.418731781 -0.908107671 -0.00203800867
vn 0.981217906 0.187885852 -0.043707292
vn 0.987209906 0.153415446 -0.0433624508
vn 0.987897968 -0.148261507 -0.045564564
vn 0.988434431 -0.148028809 -0.0329370252
vn 0.997350389 -0.0613370712 -0.0391147642
vn -0.250033911 -0.966098889 -0.0643115833
vn -0.321367684 -0.946117741 -0.039799899
vn -0.25158446 -0.967831779 0.00262820371
vn 0.923485043 0.382736995 -0.0262253258
vn 0.934631158 0.352592594 -0.0462931969
vn 0.922604573 0.3848768 -0.0258969247
vn 0.901510612 0.430933426 -0.0396862422
vn -0.715225081 -0.629043179 -0.304561589
vn 0.996761953 0.0800944571 -0.0071053727
vn 0.999684246 0.0248434413 -0.00376978702
vn 0.999821587 0.0185117934 -0.00375596849
vn -0.342761982 -0.939310088 0.0145183508
vn 0.735491209 -0.674111875 -0.0680136781
vn 0.717869427 -0.693831171 -0.0571121084
vn 0.706077582 -0.706021236 -0.0546668294
vn 0.907779286 -0.419298955 -0.011187254
vn 0.911798528 -0.410350187 -0.0153677473
vn 0.924268641 -0.380894558 -0.0254325647
vn 0.972566103 -0.230675446 -0.0300668163
vn 0.97495354 -0.209214749 -0.0754637902
vn 0.985486055 -0.163396566 -0.0460303942
vn -0.468176591 -0.883494778 -0.0157371453
vn -0.477544714 -0.878591254 0.00533424188
vn -0.471868081 -0.881664899 0.00274233156
vn -0.523648774 -0.851889466 0.00873493584
vn -0.492127913 -0.491945342 -0.718192104
vn 0.987195781 0.159469573 -0.00373434884
vn 0.999895745 -0.00248093868 -0.0142247382
vn 0.99643734 -0.0814640528 -0.0218228373
vn -0.00371484564 -0.977301283 0.211821626
vn -0.00141012479 -0.950762569 0.309917004
vn -0.0173384741 -0.929531291 0.368335385
vn -0.520270086 -0.853984388 0.00545003079
vn -0.566123132 -0.824228662 0.0123171248
vn -0.525004063 -0.851097144 0.00209405531
vn -0.548387881 -0.836219163 0.00287120526
vn -0.480402818 -0.877045389 0.00212535337
vn -0.962221584 -0.271024861 -0.0259836007
vn -0.631075101 -0.775721738 -5.61556031e-05
vn -0.625158035 -0.780469499 0.00669267827
vn -0.468917777 -0.883218717 0.0063887727
vn -0.533802807 -0.845605649 0.002377002
vn -0.688396908 -0.725334026 0.000498222396
vn -0.609491851 -0.792790173 -0.00185058077
vn -0.765605251 -0.639324413 -0.0715045026
vn -0.721672894 -0.692227579 -0.00303507964
vn -0.680741874 -0.732467633 -0.00903694507
vn -0.86477885 -0.502152727 -0.00042387465
vn -0.811414343 -0.584454841 0.00439359827
vn -0.840551249 -0.541731895 0.00038945464
vn -0.877147149 -0.479993964 0.0147875996
vn -0.151751231 -0.988210351 0.0202945044
vn -0.605424624 -0.795807925 0.0122788707
vn -0.899864433 -0.435929026 0.014487433
vn -0.854505251 -0.51941005 -0.00582885883
vn -0.852847063 -0.521958747 -0.0145242528
vn -0.719922722 -0.693985258 -0.00978452994
vn 0.681502752 0.724342892 -0.104313829
vn 0.79172353 0.610515263 -0.0210942008
vn 0.744697585 0.66599429 -0.043325656
vn -0.649902437 -0.75998705 -0.00681958595
vn -0.513477954 -0.857963001 0.0154880792
vn 0.720081256 -0.683073355 -0.122040065
vn 0.598175327 -0.78287959 -0.171131021
vn 0.694611153 -0.719196615 0.0164795413
vn -0.832072416 -0.554511594 -0.0131296335
vn -0.828879799 -0.559423984 -0.00175656001
vn -0.849022881 -0.528354659 -0.00122546342
vn -0.839759626 -0.540430185 -0.0523353257
vn -0.827318114 -0.561606028 -0.0119752952
vn -0.723369958 -0.690459217 0.00140491476
vn -0.677642899 -0.735390948 -0.000506049605
vn 0.840979397 0.537132961 -0.0651293775
vn 0.881244678 0.466934325 -0.0733495319
vn 0.88679754 0.451245 -0.0998402345
vn -0.56192858 -0.827173469 -0.00450814307
vn 0.0385054439 -0.999163121 0.0137981417
vn 0.908200635 0.418534586 -0.000638094833
vn -0.0708345283 0.992053732 0.103980108
vn -0.14868656 0.985753997 0.0786216578
vn -0.138117574 0.987392447 0.0773284699
vn -0.347520074 -0.937672391 -0.000534020754
vn -0.0889980242 -0.995756851 0.0234018341
vn -0.0836842549 -0.996362257 0.0160996292
vn 0.299050764 0.909379482 -0.289132493
vn -0.434292294 -0.900672553 0.0133848984
vn -0.376273162 -0.926433645 0.0117986599
vn -0.34111011 -0.9398196 0.0195706855
vn 0.842502615 -0.488776562 -0.226465929
vn 0.909155198 -0.355080907 -0.217610607
vn 0.81479145 -0.520498143 -0.255336201
vn -0.465646547 -0.884951414 -0.00585565004
vn -0.380214027 -0.92489684 -0.00176910175
vn -0.147471522 -0.867291358 -0.475455414
vn -0.28740797 -0.629899709 -0.721542109
vn -0.20939581 -0.977820233 0.00458112536
vn -0.214230211 -0.976781827 0.00163698771
vn -0.287147098 -0.957833812 0.0100465238
vn -0.209261754 -0.977727279 -0.0160899489
vn -0.12454108 -0.991808678 -0.0283736792
vn -0.151053305 -0.988251251 -0.0232887188
vn -0.357441525 -0.933933368 -0.00200506921
vn 0.698351194 -0.715684407 -0.0100716703
vn 0.690142613 -0.723595513 -0.0106163941
vn 0.738494637 -0.674127616 -0.0133277131
vn -0.446810709 -0.894554921 0.0114753168
vn -0.242833929 -0.969796037 0.0229636394
vn -0.26652843 -0.963720659 0.0143208745
vn -0.228049087 -0.973631671 0.00591458415
vn -0.420647012 -0.907136433 0.0126326321
vn -0.0674189054 -0.997706473 -0.0060403191
vn -0.145985829 -0.989211951 -0.012159511
vn -0.0694419584 -0.997544315 -0.00911886234
vn 0.536930596 0.352935845 -0.766251802
vn -0.268916696 0.579223421 -0.76953495
vn -0.158681616 -0.986794227 0.0325161371
vn -0.179610557 -0.983388683 0.0262058327
vn -0.214515092 -0.976343469 0.027142339
vn -0.102950054 -0.994486262 0.0199589851
vn -0.18832481 -0.982002201 0.0143333004
vn -0.073296268 -0.997281537 0.00756258233
vn -0.116220877 0.939385235 -0.322564859
vn -0.157026786 0.925753898 -0.343980098
vn -0.102030669 0.915960174 -0.388080794
vn -0.320429095 -0.947192775 0.0122899462
vn 0.0627811326 -0.995701848 -0.0680908141
vn -0.254352874 -0.96709923 -0.00486765983
vn -0.204730727 -0.978807101 -0.00468923172
vn 0.813996392 -0.572219688 -0.0998724311
vn -0.365904626 0.538929954 -0.758728087
vn -0.685654023 -0.727775728 -0.0148677458
vn -0.616259771 -0.787525702 -0.00521180274
vn -0.680534601 -0.732674365 -0.00780581719
vn -0.282662407 -0.958980854 0.0213935654
vn 0.78434723 -0.619179614 -0.0376301625
vn 0.810167334 -0.583021712 -0.0609473048
vn 0.773740798 -0.630774681 -0.0587237465
vn 0.0250835601 -0.999600555 0.0130209803
vn 0.0995696365 -0.994973832 0.0106283294
vn 0.0601188335 -0.998170219 0.00647611718
vn -0.0325544801 -0.999250731 0.0209327843
vn 0.864278945 0.502395934 0.0249044377
vn -0.0991828999 -0.994957718 -0.0148960593
vn -0.0497217884 -0.998454646 -0.0248206194
vn -0.924037759 -0.38225549 -0.00591275833
vn -0.312919317 -0.929352393 -0.195922511
vn -0.144406992 -0.933284539 -0.328826078
vn -0.161732774 -0.982660892 -0.0906646578
vn 0.820867114 0.571100686 -0.00460309016
vn 0.870743907 0.491729112 -0.00274392724
vn -0.0152596448 -0.999871565 0.00489862243
vn 0.0590192771 -0.998240877 0.00564592279
vn 0.214857597 -0.970093744 -0.11293512
vn 0.321870471 -0.938164495 -0.12746286
vn 0.240530439 -0.958543874 -0.152770251
vn 0.245622546 -0.969330019 0.00829933066
vn 0.316398972 -0.948598919 0.00719592412
vn 0.29711494 -0.954829218 0.00488638829
vn 0.0816478138 -0.996482013 0.0189006018
vn -0.278444915 -0.960443884 0.00399698456
vn -0.358429694 -0.93355443 0.00206902913
vn -0.292753923 -0.956173386 -0.00525323372
vn -0.0369104522 -0.937575584 0.345817356
vn -0.621297543 -0.783423142 -0.0154124171
vn -0.655360232 -0.755091202 -0.0184456853
vn -0.644025049 -0.764841044 -0.0158086603
vn -0.653568383 -0.756753607 0.0131281249
vn -0.692460864 -0.721421765 0.00697059656
vn 0.156872732 -0.98761781 -0.00141704078
vn 0.0868075057 -0.996211049 -0.00529171917
vn 0.136256473 -0.990668605 -0.00314449886
vn 0.068292662 -0.997562624 -0.0143151242
vn 0.138285546 -0.990302914 0.0133133907
vn 0.039792796 -0.999131449 0.0123645045
vn -0.670219527 -0.741827995 -0.0222937486
vn -0.376094232 -0.926550048 -0.00762474738
vn -0.195297078 -0.980693217 -0.00999328702
vn -0.231814323 -0.972757773 -0.00210571503
vn -0.24606284 -0.969252671 0.00152957062
vn -0.310553918 -0.950552085 0.00264549691
vn 0.0543660632 -0.998482178 -0.00881308925
vn -0.0180255136 -0.999785723 -0.0101778704
vn -0.489624004 -0.871925667 -0.00373696583
vn -0.545198413 -0.83828771 -0.00569255375
vn -0.515438674 -0.85689815 -0.00696668002
vn -0.121698689 -0.992556397 0.00460734101
vn -0.0424550593 -0.99907975 0.0061009435
vn -0.112025371 -0.99367565 0.00768231155
vn -0.192961383 -0.981179198 0.00729974164
vn -0.258724093 -0.965944751 0.00354703985
vn -0.323778592 -0.94611009 -0.00656665473
vn -0.254350458 -0.967064802 -0.00956622386
vn -0.576041206 -0.817379907 -0.0081618488
vn -0.579532429 -0.814943205 0.00312012489
vn -0.628771138 -0.777583497 -0.00328054343
vn -0.559532748 -0.828799042 0.0039054016
vn -0.538250753 -0.842782519 -0.00193712533
vn -0.303729163 -0.308629803 -0.901385733
vn -0.392232379 -0.919841843 0.00668913715
vn -0.414524544 -0.910028738 -0.0041350457
vn -0.453037684 -0.891395379 -0.013081879
vn -0.460356559 -0.887727858 -0.00332999099
vn -0.286365576 -0.95811861 0.00186739345
vn -0.377424606 -0.926038794 -0.00167898568
vn -0.363542432 -0.931577345 -0.000742512614
vn -0.0803449222 -0.996730913 0.00849594576
vn -0.761095672 -0.381200247 -0.524804488
vn 0.227018015 -0.00955382103 -0.973843697
vn -0.8434997 -0.25873759 -0.470704915
vn -0.310773684 -0.950480432 0.00258189358
vn -0.772647023 -0.631558584 -0.0644230675
vn -0.741852172 -0.668881646 -0.0474626041
vn -0.730867203 -0.682274511 -0.0182927098
vn -0.209326061 -0.97784324 0.00227986331
vn -0.114373128 -0.99343533 -0.00224335716
vn -0.133481344 -0.991049147 -0.00207822903
vn -0.540248908 -0.841487603 -0.00545273791
vn -0.539388076 -0.841954336 -0.0131681117
vn -0.836577678 -0.543821919 -0.0662986349
vn -0.843717146 -0.534991592 -0.0438790871
vn -0.692383707 -0.720932638 -0.0293416611
vn -0.691208357 -0.721990579 -0.0309937388
vn -0.72804405 -0.683827448 -0.0482895795
vn -0.845201778 -0.53443833 -0.00310271894
vn -0.877911668 -0.478822568 0.000227031264
vn -0.878015564 -0.478604215 -0.00516483082
vn -0.351816403 -0.933513873 -0.0691163349
vn -0.202974702 -0.966691003 0.155915923
vn -0.660028236 -0.751100956 -0.0144941689
vn -0.541294724 -0.840832928 9.39651641e-05
vn -0.816758947 -0.571319492 0.0806155136
vn -0.61457417 -0.78873576 0.0139459776
vn -0.643632451 -0.76510696 0.0186710552
vn -0.606339689 -0.795111083 0.0122697261
vn -0.500705308 -0.865571867 -0.0089183303
vn 0.0546423174 -0.998435294 0.0118819655
vn 0.0830707253 -0.996508615 0.00835669129
vn 0.0356037698 -0.999221762 0.0169777165
vn -0.750833268 -0.65954925 -0.0352730696
vn -0.792578566 -0.609551306 0.0163224426
vn -0.857064255 -0.514997533 0.014778479
vn -0.832406315 -0.553990188 0.0139498257
vn -0.848526177 -0.529142674 0.00336991074
vn -0.792313257 -0.610112066 0.00172343458
vn -0.488216073 -0.872721328 -0.00159686697
vn -0.457629372 -0.889141944 0.00140074709
vn -0.410500906 -0.911859935 -0.000682048866
vn 0.684179056 0.332399718 -0.649160571
vn 0.905768593 0.312223554 -0.286530465
vn -0.791349161 -0.611057924 -0.0193576872
vn -0.9322753 -0.36088205 0.025038186
vn -0.872148068 -0.488578274 0.0254758201
vn -0.908393352 -0.417915538 0.0129661181
vn -0.756751368 -0.653565639 -0.0133911356
vn -0.782333146 -0.62285191 -0.00321657703
vn -0.814626886 -0.579978669 -0.00278932807
vn -0.821614164 -0.569993212 -0.00760947054
vn -0.839287011 -0.543527489 -0.0132356383
vn -0.576824854 -0.81583527 -0.0410597124
vn -0.881107469 -0.472049716 -0.0286128188
vn -0.889729466 -0.455892303 -0.0233170519
vn -0.866339698 -0.498886739 -0.0238233052
vn -0.721338651 -0.692565826 -0.00480908127
vn -0.860083334 -0.509543875 0.0249338787
vn -0.87199039 -0.48899826 0.0226596713
vn -0.889912546 -0.454795748 0.0348781891
vn -0.594237834 -0.804273667 -0.00502638859
vn -0.592977949 -0.805128701 -0.0120385565
vn -0.62772215 -0.778353652 0.0114234181
vn -0.641243086 -0.767276505 0.00969893493
vn -0.657743995 -0.753044568 0.0172254493
vn 0.0713332051 -0.997450684 -0.00192510151
vn -0.860230068 -0.509884503 -0.00469295979
vn -0.879944477 -0.474795403 -0.0163414352
vn -0.546222305 -0.837626168 -0.00485762204
vn -0.78797671 -0.613834834 0.0479531123
vn -0.614858011 -0.788599452 -0.00778016402
vn -0.626298762 -0.779581305 0.00168822051
vn -0.321333491 -0.946964934 -0.0014835785
vn -0.640543456 -0.767860488 -0.00971352526
vn -0.698925652 -0.714812707 -0.0233607986
vn -0.681763813 -0.73154325 -0.00652516544
vn -0.585449572 -0.810706145 0.00208433079
vn -0.409521453 -0.91228667 -0.00502107465
vn -0.349138261 -0.937071161 0.000336334214
vn -0.680229 -0.732923327 -0.010578451
vn -0.65566189 -0.755053407 -0.00135584306
vn -0.716956214 -0.697082687 -0.00703666119
vn -0.640037242 -0.768189156 -0.0154191248
vn -0.606863888 -0.794741383 -0.0101170766
vn -0.935427787 -0.350647576 -0.0449570023
vn -0.954287228 -0.296924215 -0.0342329887
vn -0.929495734 -0.365486903 -0.0495681748
vn -0.382790144 -0.923816659 0.00587240127
vn -0.887141401 -0.461397184 -0.00963194118
vn -0.898909477 -0.438038444 -0.00916915745
vn -0.476376062 -0.879241539 -0.000404229765
vn -0.731261726 -0.682096422 0.000870723789
vn -0.420814228 -0.90707509 0.0114090358
vn -0.331156448 -0.94357506 -0.00123037303
vn -0.368231903 -0.929721081 0.00489663834
vn -0.294360852 -0.955692153 0.00204859517
vn -0.294202479 -0.955731276 0.00475695797
vn -0.152503495 -0.11147637 0.981995775
vn -0.235360718 -0.235762549 0.942879289
vn -0.145890293 -0.989300705 -0.000372008707
vn -0.0425804584 -0.99909304 4.61004436e-05
vn -0.114804794 -0.993383072 0.00315143385
vn -0.593122121 -0.805067797 0.00848478237
vn -0.612845061 -0.790187736 0.00492675852
vn -0.561091993 -0.827745447 0.003640075
vn 0.132867018 -0.99099208 -0.0167646128
vn 0.0116799826 0.798825115 0.601449926
vn -0.0106401094 0.816837509 0.576769687
vn 0.00117493834 0.713752911 0.700396603
vn -0.254836707 -0.966983791 0.000775215967
vn -0.323540126 -0.946212932 -0.00169564683
vn -0.557861647 -0.829901549 0.0073349272
vn -0.586714635 -0.809777384 0.0051502416
vn -0.772343657 -0.635187903 0.00464795458
vn -0.802356191 -0.596784515 0.00853145237
vn -0.723460712 -0.688445408 0.0514540416
vn -0.763308682 -0.644199705 0.0486476801
vn -0.772156843 -0.632085655 0.0651270604
vn -0.0172809739 -0.999830718 -0.00631696282
vn 0.0902057141 -0.99592056 -0.00227337128
vn 0.0498127437 -0.998756196 0.0021796269
vn 0.073002595 -0.997320984 -0.00463414119
vn 0.0983336212 -0.995153283 0.000665082923
vn 0.154562599 -0.987982893 0.000453319476
vn 0.10102768 -0.994857392 0.00722339216
vn -0.151390892 -0.988473936 0.000274570806
vn -0.134214582 -0.990950181 -0.00204564387
vn -0.0616850436 -0.9980935 0.00207871829
vn 0.161772929 -0.986818073 -0.00442834144
vn -0.363045816 -0.931771288 5.81040798e-05
vn -0.337535107 -0.941307072 0.00332395101
vn 0.480002372 -0.877203728 0.0105519177
vn 0.542297724 -0.840110963 0.0112582712
vn 0.49359204 -0.86961697 0.0115422029
vn -0.810828413 0.46619292 0.353866425
vn -0.793961596 0.498075932 0.348633547
vn -0.265891916 0.11200675 0.957473747
vn -0.00504884753 0.00473435516 0.999976047
vn -0.000942594562 0.000395083394 0.999999478
vn -0.00453536849 -0.00184917629 0.999988005
vn -0.0870241275 -0.996206072 -0.000513286659
vn -0.00679998639 -0.999976826 -0.000326862724
vn -0.0569000773 -0.998365115 -0.00542943286
vn 0.734602045 -0.677903198 -0.0284093154
vn 0.665287347 -0.742213369 -0.0806973438
vn 0.860840141 -0.508824362 0.00721255675
vn -0.210257091 -0.977644604 -0.00172741047
vn -0.136609273 -0.990624567 -0.000935114712
vn -0.0698465612 -0.997557745 5.62767447e-05
vn 0.0126902926 -0.999910111 0.00432739457
vn 0.163559609 -0.986533425 0.000237015853
vn 0.210923271 -0.977486839 0.005554618
vn 0.154304985 -0.987967992 0.0104507929
vn -0.0577897833 -0.998305053 -0.00688206416
vn -0.0578927411 -0.998317222 -0.00333987702
vn 0.0253004485 -0.999673407 -0.00360095813
vn 0.0172544388 -0.999836056 -0.00549045565
vn 0.0835513794 -0.996480699 0.00673679146
vn -0.215826626 -0.976426198 -0.0032782596
vn -0.137387465 -0.990515939 -0.00169069102
vn -0.232106231 -0.972687285 -0.00247867671
vn -0.417511995 -0.908671376 -0.000254249766
vn -0.424122979 -0.905541388 0.0107001276
vn -0.476075317 -0.87939388 0.00432395941
vn 0.136997698 -0.990570114 0.00157467212
vn 0.852312768 -0.522670998 -0.0194415192
vn 0.800716882 -0.59858651 -0.0233808661
vn 0.835138677 -0.549996176 -0.0068990104
vn -0.00440537381 -0.0105479589 0.999934664
vn -0.00274183892 -0.00761555218 0.999967242
vn -0.00205001081 -0.0014504076 0.999996847
vn -0.655263456 -0.75537594 -0.00608206968
vn -0.578880028 -0.81528206 -0.0145971082
vn -0.582143904 -0.740241656 0.336378902
vn 0.620836017 -0.77445018 -0.121612329
vn -0.921946189 -0.38716905 -0.0107401947
vn -0.89247686 -0.451020631 -0.0080898097
vn -0.26568771 -0.964057373 -0.00184978037
vn -0.166342348 0.983059506 -0.0769690257
vn -0.0968563196 0.994815289 0.0310063569
vn -0.0937076009 0.992119297 -0.0831756309
vn -0.139520384 -0.990186389 -0.00806089775
vn -0.117540316 -0.993067465 0.00113317067
vn -0.0810242318 -0.996710475 -0.00181725521
vn -0.00126312443 0.0125692479 0.999920206
vn -0.00339919224 -0.0143110863 0.999891813
vn -0.00562096207 -0.0169732851 0.999840143
vn 0.0448435935 -0.998969849 -0.00694930367
vn 0.296531195 -0.955006105 0.00570869516
vn 0.306664758 -0.951784772 0.00790401165
vn 0.252873775 -0.967351432 0.0169133118
vn 0.164678288 -0.986347216 -0.000481006878
vn -0.347331196 -0.937738528 -0.0027374224
vn -0.298119778 -0.954515873 0.00490365417
vn 0.356646684 -0.864696094 0.353700167
vn 0.446301988 -0.82950912 0.335751628
vn 0.140687453 -0.990031789 -0.00664057052
vn 0.224928631 -0.974267546 -0.0144865488
vn -0.0712671591 -0.997433952 -0.00681939172
vn -0.108976129 -0.994034547 -0.00441844338
vn -0.0256297928 -0.99967016 -0.00163879825
vn -0.289985511 -0.927151538 0.237272898
vn -0.522424674 -0.852639954 -0.00880735424
vn -0.467099225 -0.884172912 -0.00752169283
vn 0.912271602 -0.40947564 0.00949868632
vn 0.962791943 -0.270201323 -0.00478735997
vn 0.928924477 -0.370248829 -0.00388865552
vn -0.015325351 -0.999870665 -0.00487717167
vn -0.459809125 -0.887985816 -0.00753386847
vn -0.432818563 -0.901479699 0.00156333935
vn -0.405978606 -0.913881735 -0.00124370484
vn -0.207908287 0.367510061 0.906482487
vn -0.846367265 -0.532473469 0.0115956168
vn -0.807199479 -0.590194962 0.00994529254
vn -0.80589779 -0.592041774 0.00391031538
vn -0.876277171 -0.476940815 0.0683065117
vn -0.933778465 -0.35559048 0.0401645133
vn -0.921242487 -0.38567215 0.0506879906
vn -0.375647397 -0.926638412 -0.0151752153
vn -0.352132017 -0.935870635 -0.0122146058
vn -0.418689383 -0.90807676 -0.00978769027
vn -0.536640518 -0.843720399 0.0123629613
vn -0.522666259 -0.85251196 -0.00658334215
vn 0.537272481 -0.734854713 -0.413916455
vn -0.463205402 0.524586741 -0.714317511
vn -0.23296141 0.513514509 -0.825852184
vn -0.669972562 -0.741932967 0.0259275786
vn -0.686106651 -0.72697487 0.0276622841
vn -0.676421533 -0.736183686 0.0220791565
vn -0.707056458 -0.706794898 0.0226304688
vn -0.0835006216 -0.996307619 -0.019969359
vn -0.135588775 -0.990499696 -0.0229354967
vn -0.160198462 -0.9870128 -0.0119241532
vn -0.377934878 -0.791668644 0.480027068
vn -0.158883955 -0.444171237 0.881741346
vn -0.209284074 -0.977722365 -0.0160982293
vn -0.0710671615 -0.99738221 -0.0133486287
vn 0.0027355671 -0.999837646 -0.0178100519
vn -0.115492948 -0.993178404 -0.0160634977
vn -0.0508752938 -0.998641094 -0.0112990835
vn -0.150321062 -0.988560115 -0.0123481527
vn -0.557921348 -0.829881166 0.00458477352
vn -0.510892242 -0.859644736 0.000214295188
vn -0.584879065 -0.811120114 -0.000800262891
vn -0.0059357548 -0.0122280051 0.999907617
vn -0.0051196383 -0.00428615344 0.999977709
vn -0.00488502158 -0.00217598381 0.999985701
vn -0.696933008 -0.717134734 0.00146814756
vn -0.949040332 -0.314854638 -0.0137478909
vn -0.914448568 -0.403498515 -0.0311891893
vn -0.923705554 -0.296454866 0.242657292
vn 0.495392979 -0.832068501 0.249495102
vn -0.148530141 -0.670726246 -0.726680879
vn -0.396270451 -0.750022504 -0.529562058
vn -0.344414443 -0.704648233 -0.620362441
vn -0.00220491603 -0.848472568 0.529234767
vn 0.000914032654 -0.926187127 0.377063086
vn -0.00830102573 -0.890188659 0.455516459
vn -0.777944739 -0.628332699 -4.87042489e-05
vn -0.737291968 -0.675574114 -0.000412000512
vn -0.714403285 -0.699703075 -0.00659946104
vn -0.441663633 -0.897173494 -0.00359969625
vn -0.350988386 -0.936379178 -0.00108995409
vn -0.40287858 -0.915224904 -0.00722667429
vn -0.0165314119 -0.836781692 0.547287048
vn -0.00884253058 -0.931335273 0.364055517
vn -0.691345648 -0.72251088 0.00438434994
vn -0.820419161 -0.571762063 0.000736710629
vn -0.765785751 -0.643090055 0.00271383686
vn -0.444587184 -0.895721928 0.00494615396
vn -0.525579243 -0.850731332 0.00476017226
vn -0.483401855 -0.875386833 -0.00453200488
vn -0.838472981 -0.544682632 0.016849053
vn -0.370971133 -0.928591223 0.00993776418
vn -0.585514132 0.569698175 0.576729737
vn -0.19457785 0.650938452 0.733770122
vn -0.709801012 -0.704384907 0.00494238637
vn -0.659833184 -0.751410322 0.00164214847
vn -0.645771526 -0.763521144 -0.00382077258
vn -0.397365927 -0.916997828 -0.0348611969
vn -0.443782582 -0.886852639 0.128644539
vn -0.328631391 -0.944397523 -0.0107110741
vn -0.397602318 -0.917510573 -0.00931368792
vn -0.354238399 -0.935093791 -0.0107125237
vn -0.442276127 -0.8968681 0.00440893666
vn -0.479268001 -0.877668424 0.000566767973
vn -0.509825866 -0.860277245 0.000805362602
vn -0.727226819 -0.686252208 0.0141088652
vn -0.357793235 0.689836617 0.629372261
vn -0.753277829 -0.657701271 0.00124506796
vn -0.972720404 -0.227386632 0.0459383893
vn -0.998833104 0.0154893561 0.045743965
vn -0.199270662 -0.373869405 0.905821655
vn -0.855615066 -0.517597682 0.00393692635
vn -0.824853437 -0.56528811 0.00813392018
vn -0.865737489 -0.500447311 0.00714770712
vn -0.887171624 -0.461346172 0.00928547837
vn -0.914904347 -0.40366239 -0.00259037569
vn -0.898494521 -0.438984384 0.00055406123
vn -0.998380514 -0.0344394166 0.0452799713
vn -0.997934376 0.0464437611 0.0443842116
vn -0.623088648 -0.741134637 0.249959969
vn -0.600576174 -0.780116067 0.175291704
vn -0.543131963 -0.8396464 -0.0012622136
vn -0.577363295 -0.816487311 0.000311749651
vn 0.0232050073 0.0470612475 0.998622434
vn -0.19007811 -0.899950519 0.392376574
vn -0.130611146 -0.356025568 0.925303476
vn -0.542955674 -0.839758976 0.00199955575
vn -0.484276111 -0.874908318 0.00347618711
vn -0.643034784 -0.765826646 0.00397678484
vn -0.707897347 -0.706315008 -0.000674935607
vn -0.625741681 -0.780015279 0.0048490633
vn -0.243732247 -0.96977446 -0.0114930019
vn -0.278914481 -0.96008783 -0.0209301635
vn -0.336033698 -0.941669172 -0.0184533256
vn -0.200078537 -0.979583045 -0.0196376286
vn -0.0429032864 -0.998822875 -0.0226312097
vn 0.0305772662 -0.999524176 0.00405615284
vn -0.0495453544 -0.99875692 0.00546566742
vn -0.601731318 -0.798600624 0.0125085615
vn -0.00832477921 0.0286598265 0.999554557
vn -0.0243672788 -0.363186822 0.931397642
vn -0.00819697775 0.0130839592 0.999880803
vn -0.00153391881 -0.00383132899 0.999991484
vn 0.000117373842 -0.0151063859 0.999885885
vn 0.000512389803 -0.0101590697 0.999948264
vn -0.689296 -0.724479147 -0.000994405283
vn -0.643415143 -0.765513369 0.00249709645
vn -0.661571771 -0.749828144 -0.00897472047
vn -0.278221583 -0.960496954 -0.00619291944
vn -0.000304517996 0.0212752069 0.999773611
vn -0.279243524 -0.96017011 -0.0098190747
vn -0.336211906 -0.941786012 0.000813645614
vn -0.313389154 -0.949444544 -0.0185012556
vn 0.231042489 -0.972922997 -0.00634116333
vn 0.212167448 -0.977228943 -0.00292686071
vn -0.981019009 -0.19068774 0.0352120585
vn -0.977356764 -0.209849657 0.0271454903
vn -0.971453189 -0.234742474 0.0342734999
vn 0.473661891 -0.880705968 0.00118806082
vn 0.353837569 -0.935281297 -0.00691885745
vn 0.37102315 -0.928623617 -2.73627403e-05
vn -0.00634920407 -0.00437777626 0.999970261
vn 0.00216847335 -0.00345953399 0.999991665
vn -0.00805432466 -0.00373864482 0.999960574
vn 0.028669691 0.0139252979 0.999491938
vn 0.0080645402 0.00449882618 0.999957361
vn 0.013457757 0.0176410139 0.999753811
vn -0.0563182112 0.456835374 0.887766692
vn -0.0130248839 0.454598625 0.890601169
vn -0.588923927 -0.808187689 0.00112616038
vn -0.600624405 -0.79952821 0.00222825829
vn -0.00832106484 -0.011499774 0.999899252
vn -0.000433416962 -0.00730210977 0.999973245
vn -0.00518273395 -0.0085288655 0.999950198
vn -0.632301721 -0.774717135 -0.00280977469
vn -0.581057732 -0.81385968 0.00208167776
vn -0.572028737 -0.820171333 -0.0101048606
vn -0.00279727736 0.00126962464 0.999995282
vn 0.0340130031 0.0274412145 0.999044591
vn -0.338341934 -0.940994004 -0.00741750105
vn -0.988951698 0.118312304 0.0893125891
vn -0.975931739 0.095610739 0.195999561
vn -0.968102081 0.182017965 0.172185426
vn -0.467022224 -0.884243617 -0.00186218624
vn -0.957790615 -0.283406623 0.0481437851
vn -0.931140696 -0.360726218 0.0534190948
vn 0.0116316686 0.721172381 0.692657997
vn -0.00925438595 0.714004593 0.700079851
vn -0.647994254 -0.761644934 -0.000664947155
vn -0.757514643 -0.652795667 0.00542057634
vn -0.664530601 -0.747238814 0.00576502041
vn -0.925360736 -0.376552343 0.0437703157
vn -0.952348354 -0.303732891 0.02790957
vn -0.0494369603 -0.518735279 0.853504363
vn -0.228591155 -0.596955349 0.769019112
vn -0.0565578331 -0.443871458 0.89430383
vn -0.446746799 -0.894598925 -0.0104909778
vn 0.00324212255 0.102466531 0.994731169
vn -0.908570866 0.18955474 0.372247205
vn -0.999029426 0.0368953553 0.024061147
vn -0.725060269 -0.688678298 0.00313160836
vn -0.386243881 -0.922396214 -0.00094268105
vn -0.506715542 -0.862100024 0.0047863265
vn -0.741604969 0.645064154 0.184158375
vn -0.575013403 -0.818116567 0.00669843578
vn -0.605348268 -0.795948337 0.00444055009
vn -0.633856431 -0.77330197 0.0151686309
vn -0.65844987 -0.752374588 0.019397097
vn -0.794016591 -0.607506408 0.0217627722
vn -0.790865895 -0.611152153 0.0320028338
vn -0.823270653 -0.566625517 0.0340727922
vn -0.702797477 -0.711380749 0.00362454654
vn -0.758376439 -0.65111526 0.0302340248
vn -0.642835417 -0.765784547 0.0183481407
vn -0.691607476 -0.721844218 0.0249002733
vn -0.982808898 -0.184165987 -0.0130214766
vn -0.967041705 -0.254592685 -0.00359232701
vn -0.502734461 -0.651875053 0.567729669
vn -0.877145485 -0.478705746 -0.0381655309
vn -0.861839053 -0.507179751 -0.00146522986
vn -0.619717668 -0.784760003 0.0100871076
vn -0.203507735 -0.687764107 0.696825039
vn -0.488698065 -0.502466392 0.71323329
vn -0.00396661046 -0.688221975 0.725489338
vn -0.748498938 -0.661947595 0.0396827579
vn -0.571270802 -0.820758886 0.00212659323
vn -0.517272177 -0.855820735 0.000603336863
vn -0.401729502 -0.91574872 0.00420590509
vn -0.327981255 -0.944655586 0.00735670868
vn -0.335659984 -0.941978868 0.00286146176
vn -0.370164441 -0.928952204 -0.00510781288
vn -0.742990686 -0.669088818 0.0168817853
vn -0.788628717 -0.614562552 0.0194323398
vn -0.71941908 -0.693606268 0.0366951375
vn -0.692245699 -0.720930626 0.0324796119
vn -0.827061731 -0.559844078 0.0504331383
vn -0.141077828 -0.293310332 0.945550684
vn -0.48126498 -0.334661226 0.810176452
vn -0.691645058 -0.0186436566 0.721996903
vn -0.0124616768 0.0427523506 0.99900798
vn -0.0868024366 -0.108844661 0.990261671
vn -0.941857305 -0.332747664 0.0467312349
vn -0.918976873 -0.39213381 0.0413833611
vn -0.958442564 -0.280772153 0.0505455201
vn -0.000960685155 -0.984945178 0.172864321
vn 0.00697518014 -0.981017075 0.193795886
vn 0.00603178159 -0.94009309 0.340864489
vn -0.883967921 -0.463175903 0.0637871251
vn -0.0527908733 -0.302744023 0.951608733
vn -0.0965140543 -0.160601431 0.982289274
vn -0.358930061 0.818811778 -0.448013932
vn 0.00665909976 0.872381113 -0.488780984
vn 0.0197553902 0.955010076 -0.295914647
vn -0.00619050849 -0.00402209679 0.99997275
vn -0.716431521 -0.696360843 0.0425141437
vn -0.720023031 -0.693419599 0.0271310757
vn -0.819743507 -0.571572982 0.0363992877
vn -0.872555719 -0.48708943 0.0372881183
vn -0.00130625475 0.00048157634 0.999999031
vn -0.965473597 0.235393746 0.111581887
vn -0.960093396 0.265111921 0.0890861349
vn -0.968120803 0.240655196 0.06947796
vn -0.00994450905 -0.297143096 0.954781172
vn -0.00859334385 -0.5049505 0.863105525
vn -0.00203785782 -0.417642275 0.908609255
vn -0.00375710839 -0.584031384 0.811722383
vn 0.000516494882 -0.747722783 0.664010822
vn -0.00762451358 -0.652507218 0.75774415
vn -0.141793244 -0.718999932 -0.680392367
vn -0.415246808 -0.453403278 -0.788666948
vn -0.107039845 -0.805203499 -0.583257916
vn 0.773387445 -0.633834212 0.0112272406
vn -0.0147363609 -0.768601545 0.639558054
vn -0.0421130741 -0.727041099 0.685301196
vn -0.392558753 -0.919617298 -0.0142003968
vn -0.954795658 0.294401513 0.0411460937
vn -0.973031756 0.228364088 0.032542987
vn -0.976117877 0.216486633 0.0180949427
vn -0.299927476 0.607651308 0.735393362
vn 0.000877682664 0.581981 0.813201909
vn -0.0186141879 0.644855326 0.764077954
vn 0.00489622986 0.520769124 0.853683516
vn 0.0119306857 0.6218294 0.783061847
vn -0.00161021306 0.878581596 0.477589559
vn 0.00116386534 0.16543871 0.986219387
vn -0.691700504 -0.721180451 0.038067971
vn -0.738998373 -0.673639734 -0.00953487807
vn -0.797565357 -0.603121297 0.0115845625
vn 0.0031700748 -0.235445279 0.971882437
vn -0.965480123 0.252362223 0.0645092256
vn -0.955527875 0.280741755 0.0902803831
vn -0.220265411 -0.975437207 0.00232444869
vn -0.209804147 -0.977740506 0.002392191
vn 0.0227852782 -0.694351911 -0.719274812
vn 0.00278858502 -0.614447519 -0.788952768
vn -0.00269578223 -0.716971705 -0.697097057
vn -0.922265844 -0.301549524 0.241854496
vn -0.489415465 0.0445867406 0.87091017
vn -0.00804608503 -0.0128417603 0.999885168
vn 0.00615483129 -0.0162972282 0.999848248
vn 0.00317313036 0.356857246 0.93415354
vn 0.0051670408 0.244897973 0.969535087
vn -0.0208455737 -0.634609903 0.772551444
vn 0.00222757072 0.0946561987 0.99550753
vn -0.00425496691 0.221230045 0.975212368
vn -0.00743878685 -0.261495785 0.965175952
vn -0.00649934903 -0.422511925 0.906334062
vn 0.00109576442 0.396478975 0.918043148
vn -0.0179177193 0.28707996 0.957739031
vn -0.00513733854 -0.971909978 0.23529684
vn -0.0954834538 0.758357379 0.64480772
vn -0.0745908468 0.82225336 0.564212386
vn -0.86299995 0.504651996 0.0236103865
vn -0.869478136 0.48998699 0.0626140544
vn -0.823903031 0.565012701 0.0440958319
vn -0.833140763 -0.553043941 0.00434369301
vn -0.983838642 0.125065043 0.128141566
vn -0.573292028 -0.223704979 0.788220992
vn -0.993897408 -0.0255480321 0.107309088
vn -0.97517899 0.0341962636 0.218761405
vn -0.667463515 -0.744130647 0.0276050119
vn -0.19137848 -0.981512176 0.00285055653
vn 0.00555993056 0.971979889 0.23499826
vn 0.0571424958 0.984066575 0.168367786
vn -0.0127618515 0.922752628 0.385181416
vn 0.291399656 -0.0398859188 0.955769509
vn -0.999250783 0.0301673262 0.0242446841
vn -0.994099237 0.104947224 0.0274369829
vn -0.993821618 0.108985288 0.0209952105
vn -0.998636317 0.0456848562 0.0252665976
vn -0.99430175 0.101520919 0.0325197348
vn 0.87288648 -0.16062179 0.460727504
vn -0.938033611 0.34417834 0.0404254202
vn -0.908919205 0.412252258 0.0625616024
vn -0.921134988 0.381086571 0.0792676405
vn -0.527873988 -0.588644651 0.612247113
vn -0.559359398 -0.493921056 0.665701926
vn 0.266101454 0.200696705 0.942820687
vn -0.244850245 0.144601674 0.958717223
vn -0.639068999 -0.766908628 0.058668313
vn 0.252440391 -0.966119342 0.0537332925
vn -0.113495369 0.98984077 -0.0856390793
vn -0.0365675416 0.99706685 -0.0672347527
vn -0.985347478 -0.163259919 0.0493613811
vn -0.976951366 -0.205845541 0.0565123204
vn -0.930626676 -0.365888664 0.00771200324
vn 0.00641711566 -0.14584606 0.989286484
vn -0.752198036 0.658935979 0.00122095439
vn -0.814561021 0.579898831 0.0144113931
vn -0.991649647 -0.119468814 0.0485610996
vn -0.994738195 -0.0951356479 0.038014878
vn -0.348879952 -0.335203487 0.875169356
vn -0.196202844 -0.127153347 0.972284151
vn -0.791130529 -0.422063929 0.442690101
vn -0.906324078 -0.421988103 0.0224211023
vn -0.999773141 0.00402802771 0.0209150969
vn -0.998726765 -0.0423010516 0.0274858055
vn -0.90011568 -0.433506013 0.0431775288
vn -0.867682834 -0.495224577 0.0433487913
vn -0.00179699083 -0.0828256978 0.996562429
vn 0.0557772834 0.0203551869 0.998235724
vn 0.00740638209 0.00400812438 0.99996454
vn -0.649873043 0.75982591 -0.0181553091
vn -0.984716652 -0.171072812 0.0326681427
vn -0.862703153 -0.505403903 -0.0176114953
vn -0.994496818 -0.10463362 -0.00528053148
vn -0.978107514 -0.195612453 0.0710032315
vn -0.861362173 -0.507974808 0.00409885996
vn -0.866985269 -0.498327793 -0.00244010569
vn -0.988011941 -0.12616246 0.0889687507
vn -0.996847548 -0.0543576216 0.0577945876
vn -0.198683227 -0.0457225242 0.978996643
vn -0.891415957 0.351977998 0.285462924
vn -0.128471955 0.479061926 0.868328641
vn -0.989071327 0.147348039 0.00514440071
vn -0.827132465 -0.434269163 0.356738252
vn -0.355340718 -0.21863734 0.908807289
vn -0.876741352 -0.479965102 -0.0309532354
vn -0.821075426 -0.570816417 0.00193949033
vn -0.856421499 -0.516251147 0.00519312959
vn -0.878915831 -0.476799627 0.0130030146
vn -0.861898925 -0.507067567 0.00356723644
vn -0.899774123 -0.436029643 0.0168723796
vn -0.285890397 0.955647254 -0.0707460758
vn -0.250542231 0.966062617 -0.0628618428
vn -0.354137895 0.933898937 -0.0491846245
vn -0.587259182 -0.809368742 0.00699237959
vn -0.46654451 0.160206694 0.869867826
vn 0.0102401798 0.00808614111 0.999914873
vn -0.00942458129 -0.00136964027 0.99995465
vn 0.0357305225 0.971733876 0.233359386
vn -0.231942707 0.886824695 0.399680548
vn -0.269525351 -0.962992879 0.000894441635
vn -0.853619128 0.520685337 -0.0148716058
vn -0.834213351 0.551056635 -0.0206075062
vn -0.883926442 0.466774288 -0.028210082
vn -0.888463167 -0.458894064 0.00703131437
vn -0.946734653 -0.320711594 0.0289408042
vn 0.0303635341 0.0311928826 0.999052081
vn 0.000929777985 0.00198202132 0.999997604
vn 7.33425801e-05 -0.0145120652 0.999894692
vn 0.00170643028 -0.0155082532 0.999878284
vn -0.110146049 0.00830724586 0.993880696
vn -0.00971506466 -0.000156572685 0.999952795
vn -0.0114269671 -0.00032567361 0.999934657
vn -0.0101852469 0.000506738513 0.999948001
vn -0.00850475946 0.0033242163 0.999958308
vn -0.911371188 0.411535796 -0.00639104007
vn -0.907120719 0.420830186 -0.00582706632
vn -0.968403956 -0.242730033 -0.0572355611
vn -0.969815322 -0.243839856 -0.000604831841
vn -0.0256941603 0.0832677122 -0.996195914
vn -0.216202763 -0.140840301 -0.96613683
vn -0.986640995 -0.161745121 -0.0194438148
vn -0.902261322 -0.428782089 0.0455019509
vn -0.902234943 -0.427984336 0.0529293418
vn -0.962731139 -0.267139742 0.0422505872
vn 0.0118171987 0.00323467781 0.999924943
vn -0.0175611102 0.998856226 0.0444729938
vn 0.0700785055 0.996404194 0.0476202229
vn -0.891905529 -0.161233964 0.422502233
vn -0.9127363 -0.226871523 0.339767214
vn -0.537590828 -0.111532552 0.83579698
vn -0.496066065 -0.788589839 -0.363379312
vn -0.998879924 0.0377482181 -0.0285301479
vn -0.281252709 -0.471636703 0.835736641
vn -0.0172822132 0.990949774 -0.133116004
vn -0.0680546252 0.997678187 -0.00260841919
vn -0.995290157 -0.0969194893 -0.00202881904
vn -0.986413953 -0.16388356 0.0113882087
vn -0.550581651 -0.834683664 0.0127681874
vn -0.827550514 0.2308479 0.511731759
vn -0.44320192 -0.896413892 0.00376732192
vn -0.955873799 0.289389049 0.0505891154
vn -0.987714454 0.15550525 0.0154361408
vn -0.999649102 0.0147793213 0.0219828348
vn -0.00859845604 0.000231331282 0.999963006
vn 0.0316410773 0.00256111659 0.999496014
vn -0.269741388 0.182736444 0.945434808
vn -0.76369073 0.584481679 0.274148929
vn -0.73870378 0.67220759 -0.0495346429
vn 0.0287226201 -0.0167216177 0.999447547
vn -0.0081493234 0.00299764 0.999962301
vn 0.00195168247 0.00218939774 0.999995699
vn -0.942556512 0.303770285 0.13896343
vn 0.0304398846 -0.0263186264 0.999190044
vn -0.504436152 0.797585757 0.330758414
vn -0.194386131 0.470803548 0.860556826
vn -0.399502114 0.878505273 0.26196669
vn -0.384065194 0.838083553 0.38744017
vn -0.514759609 0.854919461 0.0643059823
vn -0.401248104 0.914236925 -0.0563098965
vn -0.362313069 0.929274315 -0.0719617092
vn -0.450579206 0.889143993 -0.0800083638
vn -0.475053801 0.871829251 -0.119321593
vn -0.996934283 0.0484411048 0.0614450481
vn 0.00422130426 0.464861488 0.885373355
vn -0.00146405771 0.00219827497 0.999996512
vn -0.757670394 0.512434629 0.404161262
vn -0.70961493 0.662257913 0.240543358
vn -0.511637885 0.226192022 0.828893144
vn -0.835358269 0.541773972 0.0930458249
vn -0.950089163 0.30618052 0.0598671071
vn -0.932153011 0.35671601 0.0620036507
vn -0.01476139 -0.987038327 0.159804385
vn -0.0187043324 -0.959862485 0.279846669
vn 0.588917325 0.806938657 -0.0450154286
vn 0.585469385 0.810550936 -0.0152571114
vn -0.00325608227 -0.0275671091 0.999614652
vn -0.00357758827 -0.0339283248 0.999417865
vn 0.0016544626 0.00417069215 0.999989934
vn 0.712139535 0.70203708 -0.00110542754
vn 0.726619883 0.686751923 -0.0198832315
vn 0.751521104 0.659662831 0.00780888415
vn 0.00095280356 0.00195482421 0.999997635
vn 0.00705463686 -4.63338342e-05 0.999975115
vn 0.00608513912 -0.00909665902 0.999940109
vn 0.5896053 -0.807690356 -0.00137091213
vn 0.598782327 -0.800855771 0.00947413175
vn 0.563077672 -0.82639267 0.00432315652
vn -0.0582852067 0.168156716 0.984035646
vn 0.484222372 0.87123267 -0.0805129162
vn 0.411438312 0.855480933 0.314437417
vn 0.496361496 0.777247755 0.386666772
vn -0.468429344 0.883135878 -0.0253962894
vn -0.406722921 0.596724101 0.691734641
vn -0.0730357879 0.709196944 0.701217134
vn -0.693733034 0.716432762 -0.0738821723
vn -0.804342609 0.58043563 0.126993886
vn -0.706407136 0.704878786 0.0643028391
vn 0.254570653 0.911433384 0.323238255
vn 0.115456076 0.211846644 0.970459115
vn 0.0844781821 0.448197027 0.889934189
vn -0.402010978 0.912104452 0.0803283368
vn 0.0890683575 0.908436496 0.408423751
vn 0.0828486049 0.994940023 -0.0568371242
vn 0.289358194 0.956287693 -0.0422573437
vn 0.0730141434 0.996611487 -0.037874519
vn 0.00721641026 -0.0343697883 0.99938313
vn -0.0886762786 0.376712122 0.922076187
vn -0.766552336 -0.642180089 0.00149955073
vn 0.757211154 0.653121183 -0.00799924986
vn 0.827318135 0.561662269 -0.00895538478
vn 0.762130508 0.647280079 -0.0136230713
vn -0.987528454 0.154981205 0.0277196284
vn -0.971167591 0.237196361 0.0239039125
vn -0.993352747 0.11284179 0.0227387527
vn 0.0312059052 -0.00523444392 0.999499271
vn -0.411306805 0.0737922863 0.908505042
vn 0.0803685668 0.307948928 0.948002295
vn -0.852994141 -0.521895982 -0.00505757221
vn 8.84331372e-05 0.00646680838 0.999979086
vn -0.16236761 -0.9866964 -0.00818371192
vn 0.0886371687 -0.577297013 0.811709068
vn -0.976261272 -0.174332666 0.128538128
vn 0.00912665445 0.998389261 0.0559963105
vn 0.145489385 0.989321963 0.00865407968
vn -0.871997048 0.482408229 0.0830869994
vn -0.817572309 0.573059335 0.0563783557
vn -0.835411312 0.544444796 0.0752848167
vn 0.281752121 0.953019873 -0.111215393
vn 0.627030754 0.777706636 -0.0447752443
vn -0.00898921971 0.999310848 -0.0360142166
vn 0.209748429 0.37313516 0.903756466
vn 0.847074585 0.529976263 0.0398723893
vn 0.861176122 0.503156768 0.0721730829
vn 0.825642555 0.558354392 0.0809613778
vn -0.966997632 0.247874989 -0.0589369981
vn -0.94612517 0.32021159 0.0480801431
vn -0.786387168 0.196898332 0.585513679
vn 0.847788499 0.520308399 0.102634451
vn 0.880597909 0.473600399 0.0158109309
vn 0.885348177 0.462895911 0.0434278741
vn 0.845864713 0.532071565 0.0375863857
vn 0.854806042 0.518319163 -0.0255318489
vn 0.777991277 0.627588966 -0.0293541
vn 0.802852556 0.595951992 0.0164011094
vn -0.474795778 0.876825719 -0.0757999179
vn -0.549664601 0.821736062 -0.150395051
vn -0.718324183 0.694551139 0.0401133834
vn -0.504850685 0.863204422 -0.00197767094
vn -0.292074299 -0.956382105 -0.00508655532
vn 0.892900409 0.450241794 -0.00334473957
vn 0.924644651 0.38080926 -0.00407138624
vn 0.906847712 0.421448044 -0.00296192432
vn 0.454035346 -0.890981899 0.00177775929
vn 0.560094623 -0.828252083 0.0171026441
vn -0.310033991 0.312056755 0.898053175
vn 0.00193260482 0.414930939 0.909850856
vn -0.631315736 0.411701426 0.657223232
vn -0.93929373 0.342927515 0.0113140685
vn -0.883301767 0.468784038 0.00441748354
vn -0.67196588 0.738456592 0.0560688735
vn -0.897813531 0.4381507 0.0442134341
vn -0.92917436 0.369213456 -0.0177885473
vn -0.978474255 -0.195179683 -0.0670300248
vn -0.931547673 -0.363301453 0.0151982898
vn -0.923786023 -0.382185834 0.0235238445
vn -0.832444317 -0.553667847 0.0220992081
vn -0.965015584 0.26118874 0.0229208559
vn -0.797784984 0.200687061 0.568562946
vn -0.043831478 0.960193488 0.275875457
vn 0.0285691105 0.995577024 0.0894996932
vn -0.18464915 0.975282889 0.12135888
vn -0.313541244 -0.327324947 0.891375492
vn 0.0112523598 0.670943725 0.74142289
vn -0.0131082662 0.573152043 0.819344194
vn -0.196264972 0.140603646 -0.970417784
vn -0.99883901 0.0428723767 0.0219679822
vn -0.0557708094 0.555748379 0.829477761
vn -0.847757002 -0.428719664 -0.312261933
vn -0.00325565766 0.980890326 0.194534238
vn 0.0185269544 0.963128162 -0.268404352
vn -0.0682000913 0.252283717 0.965246949
vn -0.889456532 0.449575384 0.082152619
vn -0.857339994 0.507775217 0.084453922
vn -0.0157048886 -0.140091322 0.990014029
vn -0.0260952071 -0.213474038 0.976600161
vn -0.0722166117 -0.769179802 0.634938732
vn -0.424741596 -0.785962837 0.449284982
vn -0.841451364 -0.407207151 0.355164664
vn -0.00203863099 -0.681978863 0.731369041
vn 0.00692814194 -0.78560866 0.618684923
vn -0.902969859 -0.181112239 0.389671387
vn -0.963004437 0.0378113134 0.266819714
vn -0.00456938839 -0.567322157 0.823483267
vn 0.0123124629 0.890853888 0.454123059
vn -0.245316146 0.874991242 0.417385091
vn 0.00689515736 -0.999835734 0.0167618979
vn -0.593905816 -0.803543428 -0.0399229293
vn 0.00442655826 -0.983636003 -0.180112797
vn 0.0124870362 0.528846915 0.848625368
vn 0.340978438 0.917985957 0.20257218
vn -0.229729621 -0.950661088 -0.20848932
vn -0.896523447 -0.341390044 -0.28230931
vn 0.0889246271 -0.463094077 -0.881836882
vn -0.113815587 -0.339901529 -0.933548586
vn -0.899525142 -0.431559602 -0.0679030891
vn -0.857232389 -0.510883593 -0.0644250465
vn -0.840211106 -0.537105685 -0.0745840467
vn -0.24281358 -0.652989361 0.71738864
vn -0.388003797 -0.887095433 0.250029491
vn -0.677895233 -0.650455897 0.342586017
vn -0.99553525 -0.0683358825 0.0651135451
vn -0.999337919 -0.0110079381 0.0346777775
vn -0.0897381896 -0.992980682 0.0770481856
vn -0.0308701829 -0.998812405 -0.0376936526
vn 0.0180443844 -0.540814473 -0.840948338
vn 0.0116256024 -0.726738082 -0.686816283
vn -0.854537605 0.161858407 -0.493525418
vn -0.486458119 0.789154038 -0.374959202
vn -0.040859354 0.773650462 -0.632293821
vn -0.0565661111 0.736613866 -0.673943831
vn -0.0181447968 0.901878925 0.43160766
vn 0.0109955574 0.951156631 0.308512823
vn -0.912897545 -0.397430168 0.0930985169
vn -0.566716472 0.674410226 -0.473289855
vn -0.999913174 0.00620319219 -0.0116260097
vn -0.960821734 0.0685197586 -0.26856403
vn -0.784983162 -0.107092161 -0.610190712
vn 0.93126205 0.364264331 -0.00790511658
vn 0.902422719 0.430616112 -0.0142478107
vn 0.914861436 0.40353714 -0.0136502765
vn -0.995295016 -0.0810521294 -0.0530884504
vn -0.511096291 -0.805937076 -0.298740709
vn -0.911862852 -0.410107158 -0.0178397808
vn -0.0948461273 -0.953812437 -0.285036923
vn -0.895204037 -0.441025506 -0.0640799057
vn -0.830562233 -0.554526433 -0.0516411972
vn -0.17364957 0.457553132 -0.872061327
vn -0.72696698 0.684689371 -0.0521485804
vn -0.611990434 0.395198466 -0.685044437
vn -0.809170856 0.560811815 -0.175307259
vn -0.836563283 -0.331242859 0.436394365
vn -0.0744255806 -0.481929127 -0.873043613
vn 0.56364698 -0.455953026 -0.688773489
vn 0.185301759 -0.688639467 -0.701027062
vn -0.994363056 0.105801224 0.00694368251
vn -0.0138846608 -0.688768425 -0.724848449
vn -0.134646645 -0.930891886 -0.339574112
vn -0.743035386 -0.669251863 0.000598167758
vn -0.254028953 0.534665592 -0.805978905
vn 0.00857436575 -0.945288289 -0.326123489
vn 0.0149276913 -0.925289398 -0.378967934
vn 0.0139448312 -0.986290779 -0.164426403
vn -0.997815639 0.0547477085 0.0369680823
vn -0.00511576271 -0.992256724 -0.124098442
vn -0.00519788553 -0.954615254 -0.297796404
vn -0.000983505645 -0.969614069 -0.244637669
vn 0.925477752 0.378795442 0.00222369764
vn 0.934250944 0.356409741 -0.012135486
vn 0.954563685 0.297991897 -0.00300025583
vn -0.0125140859 -0.885203557 -0.465035548
vn -0.0204019107 -0.947661657 -0.318623831
vn 0.00118887563 -0.898918446 -0.438114384
vn -0.13641716 -0.31217812 -0.94017827
vn -0.0403951227 -0.821668478 -0.56853245
vn -0.0524136426 -0.903550971 -0.425262805
vn -0.714759346 -0.698508906 -0.0347042457
vn 0.982016727 0.0939444378 -0.16376077
vn -0.464267155 -0.859544069 0.213635207
vn -0.693875216 -0.71968777 0.0242218575
vn -0.929991479 -0.366285359 -0.0308364176
vn -0.0197324885 -0.804673108 -0.593390106
vn -0.941008471 -0.338258505 0.00917828538
vn -0.953450567 -0.3012202 0.0140857105
vn -0.438191242 -0.892932057 0.103251039
vn -0.690527977 -0.503714097 -0.519079205
vn -0.0411636803 -0.97758493 -0.20647822
vn -0.0328449233 -0.992142731 -0.120722871
vn -0.0503605424 -0.948216225 -0.313607728
vn -0.00501710849 -0.794685431 -0.607000737
vn -0.00258183512 -0.00734895771 0.999969663
vn 0.00264210834 -0.191055441 -0.981575691
vn 0.00415019609 -0.0850035645 -0.996372004
vn -0.749898066 -0.634047318 0.188777354
vn -0.730362227 -0.68261777 -0.0245763558
vn -0.744252038 -0.666744995 -0.0392430325
vn -0.102297662 -0.790094682 0.604388602
vn 0.00395522351 -0.00412729902 0.999983661
vn -0.598609153 -0.71196563 0.367113093
vn -0.633913239 -0.756181613 0.162306416
vn 0.00766500946 -0.881036078 0.472986973
vn -0.976676164 -0.209213905 0.0483033489
vn -0.792253811 -0.592333737 -0.146542291
vn -0.993606322 0.0377326865 0.10640828
vn -0.32052859 -0.934971548 0.151952714
vn -0.903462142 -0.428666234 0.00119056103
vn -0.680807764 -0.732461098 -0.00123617095
vn -0.973315537 -0.164196939 -0.160300441
vn -0.945407683 -0.323411221 0.0401185196
vn -0.723409432 -0.689035055 -0.0436976798
vn -0.662613053 -0.748953 0.00365315169
vn 0.824355995 0.359094635 -0.437593688
vn -0.761963288 -0.647619626 0.000876259059
vn 0.328090043 0.524714759 -0.785513428
vn 0.525008821 0.19211648 -0.829130265
vn 0.218832127 0.348018724 -0.911589528
vn 0.764814614 0.644214382 -0.00681445942
vn -0.950900521 -0.309307344 0.0108243683
vn 0.867309228 0.497767048 0.0016337467
vn 0.795056776 0.605980788 -0.0259230872
vn -0.76488281 -0.644151256 -0.00484209908
vn -0.485977035 -0.873968052 -0.00248297656
vn 0.0184939264 0.371244815 -0.928350829
vn -0.760844918 -0.645647593 -0.0652242014
vn 0.711161837 -0.655748479 -0.253461581
vn 0.624124716 -0.747547106 -0.22724802
vn -0.33267581 -0.943008544 -0.007854372
vn 0.91069824 -0.378061072 -0.166428788
vn 0.855845593 -0.468568408 -0.219025038
vn 0.869922588 -0.471276421 -0.145372716
vn -0.923438246 -0.382458495 -0.0314214089
vn -0.902235432 -0.43109557 -0.0113064546
vn -0.949664907 -0.313165678 -0.00798888579
vn 0.89315417 0.447273856 -0.0471351835
vn 0.202760453 -0.042322366 -0.978313353
vn 0.737914805 0.539883191 -0.404978863
vn -0.160000365 -0.987113679 -0.00254302128
vn 0.840858328 0.53582798 -0.0764568432
vn 0.945407846 0.300079886 -0.127106521
vn -0.210761125 -0.977202702 0.0255856987
vn -0.146649987 -0.988649239 0.0326567683
vn -0.0186163397 -0.999807575 0.00618418077
vn -0.0295803496 -0.999547332 0.00548950434
vn 0.698098488 0.713192844 -0.0633598317
vn 0.0108914156 -0.192979532 -0.981142333
vn -0.757336339 -0.652968593 -0.00858407528
vn 0.955025833 -0.239974535 -0.174177727
vn 0.907930085 -0.369532172 -0.197759791
vn 0.428424171 -0.105131508 -0.897440859
vn -0.362778072 -0.931825941 0.00961696611
vn -0.843522846 -0.470482603 -0.259066262
vn -0.427602833 -0.903964873 -0.00182378714
vn -0.428151582 -0.903693481 0.00493111642
vn -0.978650681 -0.201397183 -0.0410124353
vn -0.892732202 -0.450488369 -0.00945750194
vn -0.408488058 -0.912732749 -0.00751230569
vn -0.859678478 -0.504158894 -0.0823208627
vn 0.353884222 -0.935264346 0.00682355867
vn 0.291734439 -0.956496239 0.0024416136
vn 0.363202243 -0.931683975 0.0070072216
vn 0.814554512 0.580013796 0.00921646943
vn -0.716390873 0.69768746 0.00404047096
vn 0.585105125 -0.809178797 -0.0536811646
vn 0.618918008 -0.784893989 -0.0296972355
vn -0.754436518 0.655453172 -0.0347372914
vn -0.657971985 0.752029469 0.0390454188
vn -0.822567035 0.568661434 0.002765201
vn -0.931874283 0.225873395 -0.283886474
vn 0.0954061801 -0.989266235 -0.110679614
vn 0.159034164 -0.981373699 -0.107767334
vn 0.0774537228 -0.989740769 -0.120058864
vn -0.881148989 0.370517299 -0.293757366
vn 0.777134045 -0.624599115 -0.0770624522
vn 0.678778322 -0.700250078 -0.221155642
vn 0.583006667 -0.805111575 -0.109080605
vn 0.526115572 0.177329169 -0.831719166
vn 0.732699374 -0.672080912 -0.107046135
vn 0.968489701 0.249047667 -0.00171992058
vn 0.791628815 -0.604256223 -0.0905441176
vn 0.786718832 -0.602029316 -0.136507075
vn -0.898898417 0.406176041 -0.164324862
vn -0.749756907 0.558631799 -0.354676041
vn 0.865946673 -0.473486724 -0.161079738
vn 0.813067597 -0.568530054 -0.125278334
vn -0.499875182 0.864519102 0.0522639908
vn -0.481907444 0.874788529 0.050102355
vn -0.428658612 0.900295078 0.075634426
vn -0.414206616 0.909832015 0.0252702237
vn -0.381686175 0.420670645 -0.823013895
vn -0.559441699 0.824930183 -0.080716654
vn -0.668080322 0.730532767 -0.141387977
vn 0.0965748349 -0.0819766315 -0.991944118
vn 0.473563832 -0.872601593 -0.119598317
vn 0.346485037 -0.927001414 -0.143584465
vn -0.345830179 0.936836456 0.0523349084
vn 0.339056734 -0.920764989 -0.192956905
vn 0.469635623 -0.873970707 -0.124970333
vn 0.490604799 -0.860577786 -0.136794759
vn 0.147123897 -0.720432265 -0.677740297
vn -0.133622748 0.621467332 -0.771960696
vn -0.246982652 -0.767636984 -0.591382305
vn -0.288984626 0.671093348 -0.68273099
vn -0.61160038 0.790872149 -0.0215921022
vn -0.819598109 -0.56890204 -0.0678926223
vn -0.748024603 -0.663446059 -0.0172777103
vn -0.739427604 -0.672199521 -0.0373446498
vn -0.15470065 0.987559128 0.0281900364
vn -0.112297158 0.990372723 0.0809395902
vn -0.0738611758 0.997037238 0.0214772644
vn 0.416776436 -0.903302977 -0.101691371
vn 0.499765262 -0.829707005 -0.248638228
vn 0.377991822 -0.9101979 -0.16929845
vn 0.597723154 -0.774415516 -0.207382832
vn 0.912634481 -0.407956312 0.0258834246
vn 0.931523442 -0.362428845 0.0301564277
vn 0.918112231 -0.395538605 0.024882602
vn -0.235248909 0.971931851 0.00253531313
vn -0.281994671 0.956284663 0.0774509479
vn 0.172585755 0.914450729 -0.366051939
vn -0.0998745913 0.992072517 -0.0762704804
vn 0.13966115 -0.889416545 -0.435238984
vn 0.862543351 -0.0668470035 -0.50154805
vn 0.594831702 0.258987841 -0.76098656
vn 0.915150513 0.402779737 -0.0163713892
vn 0.940458232 0.33983383 -0.00716110242
vn 0.984025121 0.178015549 -0.00224173744
vn 0.990032971 0.140728184 -0.00550401811
vn 0.994275622 0.106825643 -0.0020660605
vn -0.608322584 -0.793189992 -0.0281650661
vn -0.684437956 -0.728822227 -0.0190485141
vn -0.645541308 -0.763596431 -0.014032464
vn 0.791033152 -0.552669325 -0.262341703
vn 0.746544254 -0.624750369 -0.228820132
vn 0.79540848 -0.563412355 -0.223364879
vn 0.209096391 -0.965361594 -0.156063104
vn 0.289167942 -0.950852859 -0.110728231
vn 0.979907074 -0.0472764571 -0.193770648
vn 0.915241505 -0.352489439 -0.195151691
vn 0.965563412 -0.16300319 -0.202773907
vn 0.831774118 -0.524648761 0.181371151
vn -0.848671372 -0.504098192 -0.16013093
vn 0.521075132 -0.837792446 -0.163047614
vn -0.655828527 -0.753904135 -0.0389550771
vn -0.271356612 0.944949641 -0.18285449
vn -0.216333024 0.73214632 -0.645880631
vn 0.163296416 -0.744907461 -0.646874915
vn -0.505195602 -0.844955978 -0.175575622
vn -0.433685448 -0.899234336 -0.0573980989
vn -0.506643993 -0.857959663 -0.0849534027
vn 0.976541469 -0.214446069 -0.0194844241
vn 0.958568061 -0.283853514 -0.0239677772
vn 0.957738925 -0.285649761 -0.0337692845
vn 0.571444628 -0.00734693336 -0.820607738
vn 0.920846263 -0.0615376744 -0.385039316
vn -0.233878962 0.969358086 0.0751367588
vn 0.930767916 0.214260505 -0.296249089
vn 0.898118635 -0.0166213019 -0.439439018
vn -0.286243489 -0.218921156 -0.932811981
vn -0.906133126 0.42181576 0.0315313098
vn -0.929776118 0.367762198 0.0163504221
vn -0.494283391 -0.862184518 -0.111003542
vn 0.0784440393 -0.981403346 -0.175197045
vn -0.0356130074 -0.991957078 -0.121461386
vn 0.0307560712 -0.995864217 -0.0854899111
vn 0.886380117 0.462877303 -0.0086539269
vn 0.847486946 0.530800321 0.00411041291
vn 0.886457029 0.462806538 0.00201100517
vn 0.382807727 -0.914540648 -0.130666167
vn 0.158578759 -0.971223383 -0.177701765
vn 0.864939988 0.501875055 -0.000496517381
vn 0.905810971 0.423682046 -8.74655359e-05
vn 0.941964836 -0.301202363 -0.148254459
vn 0.00181265042 -0.969338389 -0.24572302
vn 0.478056168 -0.875442226 -0.0711562264
vn 0.42604982 -0.900258961 -0.089528509
vn 0.878695437 0.468885401 -0.0896705588
vn 0.908387811 0.409841567 -0.0828340227
vn 0.911505839 0.403809489 -0.078070491
vn 0.903818086 -0.425558731 0.0448623892
vn 0.807394663 0.0529353816 -0.587632286
vn 0.992976478 -0.0719434099 0.0939247521
vn 0.264047364 -0.960804865 -0.0844570925
vn 0.189727291 -0.958237829 -0.213971537
vn 0.615038335 -0.743493555 -0.262574143
vn 0.551084342 -0.831731957 -0.0672904132
vn 0.102148672 0.99403067 0.0383233093
vn 0.0126454607 0.999915858 -0.00289289845
vn 0.0288968356 0.996915626 0.0729671615
vn 0.10350725 0.992986321 -0.0571350713
vn 0.850554269 0.522926306 -0.055727146
vn 0.809504514 0.584793942 -0.0521391123
vn 0.874282705 0.484363496 -0.0319649182
vn -0.261168145 0.960035619 0.100612179
vn 0.253918431 0.965686392 0.0545456014
vn 0.372243452 -0.613267141 0.696662204
vn 0.655401781 -0.741425527 0.144002409
vn 0.114767395 -0.972808794 -0.201175287
vn 0.0309730197 -0.982188993 -0.185325266
vn 0.798420104 -0.576481907 -0.173764058
vn -0.910928383 0.412524199 -0.00576773322
vn -0.0411761128 0.996254926 0.0760305862
vn -0.0590205066 0.994416096 0.0874826128
vn -0.659894174 -0.744075524 -0.104361358
vn -0.492776121 -0.856112809 -0.155700199
vn 0.969472593 0.244817849 -0.0136788847
vn 0.975281375 0.219732353 -0.0233223524
vn 0.981576606 0.190926983 -0.00736571419
vn 0.809370934 0.535359432 -0.241472503
vn 0.0878637172 0.908503118 -0.408536476
vn 0.845612322 0.533775907 0.004804354
vn 0.923700818 0.378336122 -0.0603206262
vn 0.935549808 0.345011459 -0.0755886852
vn 0.946774691 0.318442699 -0.0470311789
vn 0.861127592 0.504260226 -0.0646598388
vn -0.263183442 0.881715183 -0.391551799
vn -0.309061403 0.862372333 -0.400992529
vn -0.286518822 0.906663091 -0.309627203
vn 0.885849363 0.463951076 -0.00450620948
vn 0.999892368 -0.0146624545 -0.000514850243
vn 0.997277031 -0.0735322419 0.00561534957
vn -0.863144458 -0.503568327 -0.0374243951
vn -0.822200782 -0.568981813 -0.0156706773
vn -0.00850855634 0.39634538 -0.918062059
vn 0.0568639461 0.293595497 -0.95423696
vn 0.590077058 -0.807192326 0.0157991862
vn 0.634774059 -0.772337238 0.0236026312
vn 0.608734221 -0.793214937 0.0158969294
vn 0.640249842 -0.767874292 0.0211946119
vn -0.97401968 0.124907415 -0.188901561
vn 0.843286228 0.53746467 0.000258620347
vn 0.942808401 0.333284664 -0.00580102107
vn 0.966044164 0.258324008 -0.00523261704
vn 0.940539541 0.339681376 -0.00139068048
vn 0.989213138 0.146462827 -0.0024510111
vn 0.988902433 0.1484976 -0.00452123362
vn 0.977200256 0.212282331 -0.00398404385
vn 0.755509127 0.654993644 0.0137581162
vn -0.0312770183 -0.0125147129 -0.999432404
vn 0.72435759 0.675455447 -0.13807976
vn -0.554206875 -0.832146099 -0.0196877977
vn -0.468829341 -0.880581828 -0.0690991501
vn -0.462924009 -0.885680833 -0.0356486098
vn 0.269839795 0.962615971 0.0236003862
vn 0.167196219 0.985453872 0.0304317199
vn 0.167965256 0.98532497 0.0303706628
vn -0.0938213374 -0.977188846 -0.190524321
vn -0.23277354 -0.951698849 -0.200214337
vn -0.374577713 -0.925682709 -0.0529439196
vn -0.396693779 -0.917108599 -0.0393174719
vn -0.310724062 -0.948249572 -0.0653705303
vn -0.477967131 -0.878118109 -0.0213543221
vn -0.372470637 -0.926363831 -0.05581825
vn -0.476716783 -0.876590889 -0.0657991107
vn 0.949348676 0.313994638 -0.0120191167
vn 0.894636849 0.44679266 0.00110749465
vn 0.901728192 0.432274836 -0.00497336151
vn 0.893523817 0.448979768 -0.00568825498
vn 0.869455669 0.493959794 -0.00711070288
vn 0.885791151 0.463831405 -0.0153122545
vn 0.836940581 0.546633491 -0.0268754537
vn -0.0892592545 -0.988256465 -0.124023967
vn -0.128934299 -0.976984154 -0.169935013
vn -0.0312152913 -0.980403112 -0.194513095
vn 0.252605041 0.964606913 -0.0756584254
vn 0.191734912 0.981207049 -0.0216898822
vn -0.197438199 0.977339615 0.0763245386
vn -0.483753292 0.874973729 -0.020092941
vn 0.845848367 -0.529220691 -0.0668281409
vn 0.874794416 -0.479817469 -0.0671559824
vn 0.844581591 -0.530208526 -0.0745711364
vn -0.397022101 0.917605666 0.0193207888
vn -0.540810718 0.840678737 0.0279826665
vn -0.27829564 0.959975757 0.0315924516
vn 0.533904653 0.843259383 0.0621243383
vn 0.357717403 0.931774828 0.0619187301
vn 0.113947431 0.987050302 0.112905646
vn 0.118035305 0.991839405 0.0481898493
vn -0.818159359 -0.34858558 -0.457278204
vn 0.292760275 -0.148928148 -0.944516717
vn -0.261528899 -0.964142074 -0.0450854442
vn -0.682606402 -0.527055326 -0.506222464
vn -0.839058516 -0.523843976 -0.146861485
vn -0.769058469 -0.637734597 -0.0429378157
vn 0.996057045 -0.0882073279 -0.00947793742
vn 0.815766613 -0.152201894 0.557995893
vn -0.00674314596 -0.18784639 0.982175271
vn -0.0227659027 -0.332736481 0.942745007
vn 0.82668041 0.555651945 -0.0886025732
vn -0.73620487 -0.670940798 -0.0885484859
vn -0.564767255 -0.820351238 -0.0897874937
vn -0.595782524 -0.786422451 -0.16304267
vn -0.626648994 -0.773592573 -0.0941571557
vn -0.558529266 -0.826197794 -0.0737717005
vn -0.281618501 -0.958203464 -0.0503700402
vn -0.22749375 -0.973177773 -0.0342288691
vn 0.997108426 0.0759623602 -0.00212299963
vn 0.0154035055 0.0224646821 -0.999628966
vn 0.067516428 0.0959336992 -0.993095291
vn 0.0348738289 0.164941587 -0.985686608
vn -0.381719897 -0.396360176 -0.834978162
vn 0.7534181 0.110103008 -0.648258046
vn -0.9080839 -0.41849704 -0.0156159302
vn 0.941302721 -0.139887052 -0.307214582
vn 0.986938073 -0.156732632 -0.0372575226
vn 0.99730783 -0.0718576331 -0.0146141152
vn 0.99610864 -0.0880858266 0.0029095362
vn 0.997158087 0.075264369 -0.00332033736
vn 0.999811089 -0.0172261673 -0.00900248586
vn 0.996233353 0.0858265825 -0.0123654355
vn 0.960237812 0.277835867 -0.0273966301
vn 0.941647397 0.335157249 -0.0311415771
vn 0.981422857 0.191759266 -0.00612861612
vn 0.923786152 -0.305909992 -0.230300287
vn 0.91360352 -0.397898936 -0.0836961448
vn 0.890519505 -0.315185362 -0.328074989
vn 0.938692035 -0.343349465 -0.031119257
vn 0.997381429 -0.0723195173 -0.000415377507
vn 0.989692048 -0.142986284 -0.00803572618
vn -0.749842167 -0.45320843 -0.482015399
vn 0.95911785 -0.281175827 -0.0321419253
vn -0.943690196 0.137573097 -0.300869502
vn -0.899450341 0.0477377909 -0.434407858
vn -0.997336424 -0.0562578071 -0.0464232334
vn -0.983619252 -0.126430674 -0.128485217
vn 0.511348821 0.184864105 -0.83925422
vn 0.979826145 0.199435632 -0.0128900457
vn 0.889242523 0.45563752 -0.0405238835
vn 0.912002437 0.41018348 -0.00103294115
vn 0.898586866 0.438788883 0.00244141042
vn -0.595046694 -0.569353411 -0.567235512
vn -0.766354141 -0.637144816 -0.0821450803
vn -0.305751774 0.447245021 -0.840528253
vn 0.945917488 0.317672839 -0.0657576932
vn -0.0138877533 0.12117326 -0.992534217
vn 0.0123286151 0.255644508 -0.966692242
vn -0.200163669 0.276168769 -0.940034742
vn 0.885109036 0.465381195 -0.00152921373
vn 0.917184566 0.398423218 -0.00560455296
vn 0.919946406 0.392020762 -0.00428157115
vn 0.956022724 -0.286484058 -0.062828617
vn 0.139472611 0.41721595 -0.898041336
vn 0.0870907494 -0.29036895 -0.952943374
vn -0.428726339 0.476597274 -0.767495123
vn 0.940540355 0.339666055 -0.00328817017
vn 0.990657129 -0.136065853 0.00919442138
vn 0.978548229 -0.205625522 0.0127085764
vn 0.988141525 -0.153543792 0.000793598031
vn 0.992878163 -0.118919351 -0.00715129891
vn 0.998192919 -0.0595107575 -0.00832858842
vn 0.999283932 -0.0372453846 -0.0066636533
vn 0.998968853 -0.0256955212 -0.0374295366
vn 0.986671964 0.162646091 -0.00496839224
vn 0.978405401 0.206670338 -0.00320037979
vn 0.966324586 -0.252603066 -0.049076321
vn 0.955890771 -0.287549677 -0.0599000518
vn 0.978153108 -0.200599898 -0.0545543623
vn 0.995779896 0.0911844094 -0.0103827885
vn -0.00431597282 0.739491221 -0.673152365
vn -0.0146076381 0.827123326 -0.561830597
vn -0.0135264241 0.887896552 -0.459844267
vn 0.941714547 0.336408291 -0.00178128026
vn 0.993648957 0.109636334 -0.0253303236
vn 0.998253183 0.0527044912 -0.0266986871
vn 0.999850702 0.0155434186 -0.00754818414
vn 0.999989785 0.00353354804 0.00281855369
vn 0.995630215 0.0928734014 -0.00974713552
vn 0.999308378 0.0366780486 -0.00612254445
vn 0.992834494 0.118624511 -0.0144184798
vn 0.990571472 -0.130091373 -0.0429464033
vn 0.997610534 -0.0562141644 -0.0401645294
vn 0.996433297 -0.0802887859 -0.0259691429
vn 0.976534882 0.210920607 -0.0434985252
vn 0.991050803 0.12513371 -0.0464742936
vn 0.975879695 0.215625292 0.0341255556
vn 0.294771042 -0.898673105 -0.324802528
vn 0.690418129 -0.659029618 -0.29833332
vn 0.648944418 -0.455180363 -0.609657264
vn 0.81376455 -0.578873395 -0.0518926768
vn 0.835858867 -0.492881253 -0.241677521
vn 0.793932063 -0.602903679 -0.0786068225
vn 0.753931081 -0.653092365 -0.0711216441
vn 0.988231083 -0.151966849 -0.0174757782
vn 0.988583454 -0.150056196 -0.0136342505
vn 0.997496007 0.0404016723 -0.0580467059
vn 0.995460866 0.0743781089 -0.0593764409
vn 0.977855426 0.208801298 -0.0141698084
vn 0.986556124 0.162965163 -0.0122216793
vn 0.0780441361 0.238640401 -0.967966875
vn 0.186287152 0.0832396955 -0.978962844
vn 0.658837215 0.187459288 -0.728555104
vn 0.962984155 0.26943476 -0.00815033142
vn -0.277553257 -0.133395689 -0.951404109
vn 0.219259899 -0.1692061 -0.960882091
vn 0.902240733 -0.431232703 0.000126379544
vn 0.909130378 -0.416431734 -0.00815890373
vn 0.894312701 -0.447441576 0.000910871217
vn -0.0101337482 0.346747372 0.937903816
vn 0.358914994 0.487321391 0.796051436
vn -0.00259002104 0.506310222 0.862347524
vn 0.999730114 0.000748032157 -0.0232193712
vn 0.92609494 -0.246869679 -0.285313028
vn 0.741231007 -0.667619329 -0.0697210572
vn 0.994920166 -0.0998098314 -0.0131095614
vn 0.989309881 -0.143803846 -0.0242159736
vn -0.96316292 -0.136888898 -0.231470559
vn 0.995406657 -0.0949792782 -0.0120217871
vn 0.988210728 -0.152851721 0.00871248723
vn 0.992348761 -0.115011351 -0.0449035244
vn 0.998614756 -0.017415097 -0.0496516176
vn 0.999015766 0.0170069871 -0.0409665953
vn 0.911765857 0.410708579 0.00121845685
vn 0.970295252 0.236916108 -0.0489681622
vn 0.956947209 0.28493659 -0.0553459889
vn 0.969264787 0.246015562 0.00145482206
vn 0.964506221 0.263793509 -0.0118631131
vn 0.996748991 0.0650461155 -0.0475442129
vn 0.986741999 0.157132331 -0.0406159746
vn 0.99646011 0.0768247365 -0.034135161
vn 0.992662722 0.117779389 -0.027363027
vn 0.97949615 0.198889716 -0.0320962959
vn 0.967853339 0.249379056 -0.0327108654
vn 0.996376321 0.0777365505 -0.0345145664
vn 0.985245981 -0.170331922 -0.0166551384
vn 0.988988587 -0.147468381 -0.0124358543
vn 0.878283819 -0.0345512494 -0.476889657
vn 0.86572733 0.496708364 -0.0616197339
vn 0.801135434 0.594697092 -0.0672114973
vn 0.855627821 0.512225523 -0.0743373744
vn 0.945206605 -0.323966958 0.0403718227
vn 0.953585125 -0.300778252 0.0144170991
vn 0.968000855 -0.248608541 0.03417804
vn 0.982834751 0.182380469 -0.0278067638
vn 0.845451015 0.534015935 -0.00628982633
vn 0.848408481 0.529260183 0.00931168881
vn 0.978334301 0.205174679 -0.0276648888
vn -0.231803237 0.790724705 -0.566587769
vn -0.136974816 0.931464618 -0.337063147
vn -0.171469567 0.974919235 -0.141882605
vn -0.946982939 0.320384346 0.0240246659
vn 0.118736829 0.109452256 -0.986874748
vn -0.804570504 -0.593495189 -0.0207307682
vn -0.743823312 -0.668333816 -0.00753601371
vn 0.0717516147 0.87753861 -0.474107261
vn 0.962631375 0.266690112 -0.0470873555
vn 0.95994904 0.278686584 -0.0288379863
vn 0.9947822 0.10097708 -0.0145603262
vn 0.939450206 0.340806168 -0.0358394563
vn 0.951076123 0.308873079 -0.00718539593
vn 0.936298643 0.133722699 0.324750814
vn -0.230991103 -0.968920313 -0.0885242227
vn 0.812045999 0.581274953 -0.0519685021
vn 0.782738775 0.621623617 -0.0300680686
vn 0.924476771 0.381218051 0.00393675777
vn 0.915147287 0.402983491 -0.0104761591
vn 0.933172663 0.359359022 -0.00706221116
vn 0.772134387 0.635419152 0.00714073934
vn 0.81549265 0.578722626 -0.00720136306
vn 0.753627136 0.657261035 -0.00735329787
vn 0.771523053 0.63408991 -0.0517896243
vn 0.784737529 0.619210667 -0.0276615436
vn 0.863881293 0.503652929 -0.00654518374
vn 0.810700361 0.584898602 -0.0256622265
vn 0.843796012 0.536598286 -0.00840055311
vn 0.998412482 -0.0101018676 -0.0554118063
vn 0.635604437 0.401960653 -0.659116555
vn 0.910186929 0.414195644 0.00131259242
vn 0.922998447 0.384800428 0.00158035961
vn 0.907322963 0.420421087 0.00333904876
vn 0.686617202 0.726995166 0.00590304452
vn 0.767725176 0.640069086 0.0301598897
vn 0.871252725 0.490782239 -0.00717513235
vn 0.871959205 0.489544736 -0.00575298633
vn 0.936374605 0.350888819 -0.00892385248
vn 0.948274001 0.317447195 -0.00192264635
vn 0.000874729582 0.999995698 -0.0027996727
vn 0.0720507612 0.996813393 0.0342307945
vn 0.0565733965 0.986398116 0.154331483
vn 0.886406797 0.46286917 0.00592636693
vn 0.0321355425 -0.733917515 -0.678477994
vn 0.00875987929 0.946006255 0.324029984
vn -0.00735894626 0.891965386 0.452043798
vn 0.00908597616 0.838178908 0.545319689
vn 0.0102186107 0.537713793 0.843065511
vn 0.740693431 0.378339134 0.555187122
vn 0.0972109101 0.412500729 0.905755589
vn 0.883533088 0.468368635 -0.000323441793
vn 0.870841506 0.491235078 0.0179769123
vn 0.892981973 0.45009241 0.000134442136
vn -0.382664162 -0.915868628 -0.121461087
vn -0.279064103 -0.943105802 -0.180761371
vn 0.969686388 0.240016124 0.0458319619
vn 0.977443583 0.209429798 0.0272617361
vn 0.964637057 0.263529632 -0.00524231533
vn 0.682393116 0.729286113 -0.049813656
vn -0.977977121 0.192624117 0.0803535938
vn 0.999842758 0.0118724444 0.0131721037
vn 0.931146412 0.364641428 0.00172874201
vn 0.931828757 0.362656792 0.0132369965
vn 0.924417998 0.381346086 0.00515038012
vn 0.943088015 0.332055067 0.0180119058
vn 0.910320518 0.41363353 0.0149618418
vn 0.890426205 0.446062194 0.090386354
vn 0.921714026 0.381918593 0.0676863577
vn 0.918191537 0.393079697 0.0491187656
vn -0.00640593655 -0.620513282 0.784169772
vn 0.00114608962 -0.47812548 0.87829079
vn -0.016881642 -0.647633663 0.761764825
vn 0.0568033888 0.929409272 0.36465296
vn 0.0358277592 0.976653145 0.211813611
vn 0.00504408148 0.0854130377 0.996332861
vn -0.00281032343 0.020053917 0.99979495
vn -0.00779432743 0.200288116 0.979706037
vn 0.934163816 0.356648793 0.0118153482
vn 0.943858612 0.32926727 0.0267204972
vn 0.933114817 0.359439944 0.00998321199
vn 0.90811763 0.415348135 -0.0529933653
vn -0.00262430951 0.944494853 -0.32851573
vn 0.0407965718 0.978785397 -0.200785424
vn 0.0750585346 0.933618539 -0.350317913
vn 0.780126413 0.62547281 -0.0136581097
vn 0.867672573 0.497134884 -0.00110148469
vn 0.902235487 0.427630941 0.0557037132
vn 0.921315667 0.38747112 0.0323043912
vn 0.0312703311 0.93115923 0.363269397
vn -0.00894727838 0.91547192 0.402282376
vn -0.009687851 0.910019789 0.4144516
vn -0.142807913 0.96442097 0.22248167
vn 0.998260326 0.0335731338 0.0484681914
vn 0.998496695 -0.0351625784 0.0420469212
vn 0.978935035 0.202185311 0.0284129921
vn 0.964824778 0.261293522 0.0289627864
vn 0.959125457 0.281916007 0.0245300238
vn 0.966488888 0.255646808 0.0233225095
vn 0.156626201 0.967474715 0.1986477
vn 0.971437381 0.226392451 0.0711046595
vn 0.987207464 0.151090123 -0.0509234502
vn 0.0214169719 -0.705823688 0.708063723
vn 0.00731291781 -0.769433648 0.638684886
vn -0.0100570905 -0.677272088 0.7356639
vn 0.834738666 0.550315126 0.0190950563
vn 0.986839061 0.161201241 -0.012760392
vn 0.913950254 0.404289133 0.0352878169
vn 0.00990368325 -0.0703328855 0.997474412
vn 0.38413219 0.920276599 -0.074387111
vn 0.937578903 0.346859304 0.0251877772
vn 0.753798171 0.657052573 0.00838054716
vn 0.845052833 0.527701311 0.0861222183
vn 0.628695649 0.777425729 -0.0187354481
vn 0.681482382 0.717882706 0.142218783
vn 0.595068124 0.695962867 0.401907473
vn -0.0137066865 -0.00883452716 0.99986703
vn 0.0275231857 -0.00140366854 0.99962018
vn 0.0302357108 -0.01207617 0.999469843
vn 0.921976524 0.387245098 -0.000723243555
vn 0.799547388 0.600562663 0.00696148889
vn -0.349528428 0.926072714 0.142194258
vn 0.818078486 0.57506102 0.00723971163
vn 0.878222591 0.478246489 -0.00231878737
vn 0.793522006 0.607923612 0.0274172859
vn -0.0289011744 0.97966143 0.198565366
vn 0.575797851 0.817532622 0.00986135188
vn 0.279038298 0.940508632 -0.193858562
vn 0.57288385 0.817492172 -0.0592506784
vn 0.448078091 0.893911981 -0.0121406437
vn 0.994866231 -0.101191315 0.00122490549
vn 0.994715664 -0.101887879 0.0126335824
vn 0.986239204 -0.164666866 0.0147328429
vn 0.885427815 0.455746204 0.0911755546
vn 0.943778912 0.328316247 0.038598011
vn 0.108772514 0.994017639 -0.0098728918
vn 0.989756415 0.132286286 0.0536896418
vn 0.998215449 0.056763141 0.0185435639
vn 0.99994054 0.00545189179 0.00944426972
vn 0.866471236 0.499216031 0.00330924801
vn 0.939947307 0.341317748 0.00112024063
vn 0.951425123 0.307875526 -0.00170170448
vn 0.997430084 -0.0699973033 0.0152841568
vn 0.997201364 -0.0745556299 0.00555865587
vn 0.991519375 -0.129753613 0.00730272187
vn 0.99079656 -0.133143995 0.0243896277
vn 0.994102142 -0.0995738415 0.0429648846
vn 0.983337188 -0.176822236 0.0422122242
vn 0.899632542 0.43663111 0.00381613919
vn 0.955108564 0.295305603 0.0237114431
vn 0.117716132 -0.99302997 -0.00586433958
vn 0.15855903 -0.98734912 -0.00086557625
vn 0.0748623022 -0.99719236 -0.00174145777
vn 0.852854012 -0.522136495 0.00367625818
vn 0.820237066 -0.572023728 -9.76153008e-05
vn 0.838496362 -0.544852083 0.00774979357
vn 0.769646932 0.638068909 0.0226200835
vn 0.12501049 0.992138259 -0.00583550169
vn 0.906417512 0.422382529 -0.000541205225
vn 0.920593477 0.390509104 0.00320766467
vn 0.786091876 0.617046878 0.0362313806
vn 0.896882022 0.441903839 0.0179898986
vn 0.863342309 0.504438992 0.0134670476
vn 0.738064599 0.674596012 0.0134487417
vn 0.793778718 0.599907173 0.100133568
vn 0.794894125 0.605487525 0.0390920461
vn 0.463941924 0.885495072 -0.025619686
vn 0.505187316 0.861995853 -0.0418201419
vn 0.772392677 0.63473983 -0.0226914341
vn 0.837367 0.546626288 -0.00402608314
vn 0.923707897 0.376698521 0.0697276561
vn 0.777827751 0.627767306 0.0298697105
vn 0.673019 0.738155532 0.0466029673
vn -0.327811066 0.941862937 -0.0737164326
vn 0.930796978 0.36552932 -0.00230257045
vn 0.967275743 -0.0562222477 0.24742008
vn 0.99912746 -0.0327093463 -0.0259695408
vn 0.993203848 -0.11253418 -0.0297014293
vn 0.922680713 0.385318685 0.0137772542
vn 0.945734314 0.324199731 0.0219349254
vn 0.882831948 0.46862272 0.0316306305
vn 0.877133014 0.47749592 0.0513353783
vn 0.885858464 0.458686806 0.0697222802
vn 0.807032359 0.590502256 -0.00242015892
vn 0.234113225 0.841722124 0.486512965
vn 0.00137165754 0.0081056628 0.999966208
vn -0.0156751975 -0.0403368916 0.999063173
vn -0.0216952035 0.971555898 -0.235814452
vn 0.921311155 0.388787229 0.00549960449
vn 0.944790925 0.327274927 0.0161626258
vn 0.996636877 0.0799760992 0.0178538404
vn 0.348232307 0.933808338 -0.0820746491
vn 0.304326398 0.944566461 -0.123205701
vn 0.387208227 0.907251599 0.164208176
vn 0.995800932 0.0856432083 0.032337988
vn 0.19759885 0.247404716 0.948549209
vn 0.36774002 0.296151123 0.881511083
vn 0.141681106 0.451480365 0.880960807
vn -0.00483261606 0.23737684 0.971405622
vn 0.98126598 -0.192556648 0.00624604107
vn 0.00587103369 0.0100953794 0.999931805
vn 0.00537597931 0.00771649049 0.999955776
vn 3.12897132e-06 0.00452552983 0.99998976
vn 0.854986218 0.517110833 -0.0399368698
vn 0.890702839 0.454420775 -0.0122561008
vn 0.00257454882 0.00637645414 0.999976356
vn 0.00200341605 0.0031542289 0.999993019
vn 0.565262336 0.622626318 0.541123794
vn 0.00389166641 0.00469039365 0.999981427
vn 0.00814841506 0.00691552326 0.999942888
vn -0.00210869449 -0.00526618084 0.99998391
vn 0.00258249118 0.00310036276 0.999991859
vn 0.951505653 0.307621114 -0.00249844287
vn 0.970932518 0.239298765 0.0051134149
vn 0.972602228 0.232474294 0.000780107758
vn -0.00331092113 -0.0081628097 0.999961202
vn -0.00341744823 0.00585004204 0.999977049
vn 0.150782037 0.0413959722 0.987699929
vn -0.0412298918 -0.0275598106 0.998769519
vn 0.239884231 0.917321602 0.317768208
vn 0.833436204 0.414406117 0.365584004
vn 0.750988096 0.480869402 0.452527897
vn 0.277288667 0.17047919 0.945541031
vn -0.00490514297 0.960272116 0.279022226
vn -0.00713980926 0.99138311 0.130799667
vn 0.899314137 0.437121427 0.0126071897
vn 0.809843709 0.50733822 0.294552368
vn 0.779466763 0.625800667 -0.028374115
vn 0.946979178 0.320839967 0.0170924459
vn 0.857994169 0.513551689 0.0105198912
vn 0.751677637 0.658443694 -0.037850109
vn 0.988339712 0.151675254 0.0133877521
vn 0.569806333 0.807126043 0.154493671
vn 0.952474142 0.3046194 0.000175878453
vn -0.0469057231 -0.0140600722 0.998800364
vn 0.225191786 0.0517282114 0.972940312
vn 0.022409877 -0.00360202423 0.999742378
vn 0.988229919 0.152952038 0.00270217211
vn 0.986641288 0.162618164 0.00971091038
vn 0.986513281 0.15980539 0.0354088041
vn 0.925376416 -0.378518977 -0.0200467753
vn 0.0500033067 -0.907192232 -0.417734275
vn 0.0781356482 -0.830209299 -0.551948675
vn 0.880446428 -0.0871977761 0.466058618
vn 0.489608198 -0.0205445682 0.871700484
vn 0.911349334 -0.00676113925 0.411578276
vn 0.947157202 0.320762948 -0.00208922857
vn 0.940097034 0.340893667 -0.00301219157
vn 0.0403436405 -0.895065359 0.444106288
vn 0.00180356424 -0.0159395662 0.99987133
vn 0.73546401 -0.677469411 -0.0113087303
vn 0.746789599 -0.665060095 -0.000603510069
vn 0.689302743 -0.724388945 -0.0110627491
vn 0.896167286 0.443701889 -0.00358183813
vn 0.929942067 0.367706014 0.00019900858
vn 0.998134307 -0.0599946902 0.0113376081
vn 0.995328564 -0.0959361209 0.0108309848
vn 0.996344532 -0.0787404443 0.0331287746
vn 0.99620609 0.0732117716 0.0470474553
vn 0.99759373 0.068932177 0.00742321773
vn 0.992831575 0.119505146 0.00199583919
vn 0.981343929 0.192217193 0.00407967472
vn 0.984887099 0.173151033 0.00401512659
vn 0.00496322215 -0.201375715 0.9795015
vn 0.0039195634 -0.354385444 0.935091222
vn 0.0126789743 -0.26740093 0.963501939
vn 0.923189319 -0.379924868 0.0581255259
vn 0.894311872 -0.441565018 0.0722952993
vn 0.924920432 -0.374590357 0.0648402565
vn 0.997722647 0.0609469177 -0.0288962412
vn 0.0430987184 0.263846132 0.963601432
vn 0.0319550037 -0.189944245 0.981274713
vn 0.0475493605 -0.354911177 0.933690053
vn 0.204657899 -0.00235732416 0.978830725
vn 0.881910847 -0.471404435 0.00333421594
vn 0.919253417 -0.393388566 0.0147848097
vn 0.905737807 -0.423819944 0.00395992455
vn 0.998894158 -0.0470145651 -0.000302660147
vn -0.00237359081 0.0143629334 0.99989403
vn 0.0184212075 -0.0148158315 0.999720536
vn 0.0151891296 -0.0146608722 0.99977715
vn 0.203776253 -0.00421352071 0.979008419
vn 0.00562227729 0.000421530663 0.999984106
vn 0.929075213 0.11580654 0.351294881
vn 0.0237863422 -0.443171358 0.896121285
vn 0.427187155 -0.0120935315 0.904082342
vn 0.995242571 0.0972221849 0.00633021094
vn 0.832916282 -0.553398497 -0.000755240717
vn 0.796454927 -0.60469177 -0.00272265088
vn 0.791835508 -0.610734392 -0.000173228527
vn 0.00226692095 0.00608764988 0.999978901
vn 0.972853303 0.231422593 0.000186022107
vn 0.343997268 0.0720807347 0.936199897
vn 0.997992545 -0.0630587263 0.00587174587
vn 0.725432152 -0.688221678 0.00995563039
vn 0.696342221 -0.71770809 0.00161535702
vn 0.751549598 -0.65967587 0.000973412042
vn 0.964018985 0.265365277 0.0157691302
vn 0.0104802096 -0.00181121399 0.999943441
vn 0.1781484 -0.0908884832 0.979797138
vn 0.825581648 -0.564282667 -0.000118208886
vn 0.999524245 -0.0281871333 0.0125207296
vn 0.78364036 -0.621213591 -0.00120809415
vn -0.017062367 -0.0172998884 0.999704751
vn -0.000564443902 0.211542733 0.977368586
vn 0.246574706 0.124339951 0.961114192
vn 0.993833586 -0.110789188 0.00453426771
vn 0.939183065 0.343141479 0.013751183
vn 0.915926517 0.401315318 0.00496296942
vn 0.995013666 -0.0986164773 0.0149195942
vn 0.998892453 0.00891101726 0.0462002384
vn 0.999239354 0.0166554824 0.0352605787
vn 0.999732584 -0.0136645017 0.0186558917
vn -0.0389490166 -0.00584034692 0.999224131
vn 0.992839155 -0.0740004576 0.0937781628
vn 0.998790048 -0.0275775257 0.0407175767
vn 0.980436959 0.193194472 0.0376731352
vn 0.963791725 0.261237294 0.0534844498
vn 0.979074057 0.197349716 0.0496697225
vn 0.0108870283 -0.344523145 0.938714693
vn 0.45617297 -0.889888647 -0.00210176046
vn 0.406739779 -0.913540688 -0.00248246008
vn 0.443964961 -0.89604382 -0.000765344696
vn 0.997575682 0.0694727086 -0.00403760969
vn 0.993150396 0.116828352 0.00185140224
vn 0.997845186 0.0655605625 0.00260733709
vn 0.947581862 0.316013407 0.0471607998
vn 0.966297192 0.253841676 0.042826858
vn 0.952602652 0.301304111 0.042000226
vn 0.974774338 0.218062118 0.0475804868
vn -0.00689633657 0.653559441 0.756843774
vn 0.999543182 0.0301426892 0.00220115209
vn 0.999273849 -0.0365635541 0.0107183025
vn 0.999868765 0.00164898004 0.0161162738
vn 0.997532799 -0.0524104005 0.0467061453
vn 0.998309811 -0.0370851214 0.0447461079
vn 0.71092284 0.196749455 0.675187653
vn 0.167873158 0.041531041 0.984933386
vn -0.280149918 -0.121968778 0.952176266
vn -0.886991563 0.0831715558 0.454233925
vn 0.200637759 -0.955173064 0.217689932
vn 0.956632781 -0.26208782 0.127136531
vn 0.973995632 -0.063289675 0.217547525
vn 0.781221196 0.62069204 0.0665945473
vn 0.652618508 0.755738654 0.0542970556
vn 0.0416421829 0.946847531 0.318975989
vn 0.928192135 0.00975334209 -0.371973431
vn 0.849384947 0.105291539 -0.517164291
vn 0.402852944 -0.915252935 0.00464430034
vn 0.9468426 0.321672445 0.00399104762
vn 0.326281592 0.713491456 0.620056662
vn 0.0708708021 0.642251432 0.763210605
vn 0.0432423844 0.7069 0.705990429
vn 0.998293693 -0.0544822583 0.021009197
vn 0.993142494 -0.1095645 0.0407873406
vn 0.988787199 0.146839392 0.027167407
vn 0.393584346 0.227221313 0.890764749
vn 0.956058918 0.289027167 0.0491390118
vn 0.960760298 0.275112278 0.0353961131
vn 0.514636779 0.855702474 0.0540579438
vn 0.00563949563 -0.445063803 0.895481104
vn 0.0258944779 0.58038113 0.813933179
vn 0.00936077201 0.54554215 0.838031108
vn -0.0491855732 0.488040487 0.871434027
vn 0.113941181 0.63708913 0.762322011
vn 0.0355249854 -0.556592243 0.830025934
vn 0.0171526976 -0.592496287 0.805390548
vn 0.93008514 0.367336087 0.00241496927
vn 0.984199291 0.156340143 0.0831234881
vn 0.990230831 -0.136947902 0.0262330788
vn 0.974538454 -0.220661786 0.0397891579
vn 0.973742749 -0.226098142 0.026545987
vn 0.746390165 0.0130680123 0.665380304
vn -0.00505260616 -0.135489964 0.990765836
vn -0.0095801257 -0.0836514803 0.996449021
vn 0.991750288 0.125526962 0.0259682128
vn -0.179271367 -0.413097765 0.892867299
vn -0.00446599459 0.388086097 0.921612303
vn -0.000999156622 0.0869393016 0.996213109
vn -0.0124361529 -0.00654412742 0.999901253
vn -0.0209609188 0.15292578 0.988015357
vn 0.98798747 0.149652112 0.0385357595
vn 0.909886269 0.414847118 -0.00297415165
vn 0.0321147792 0.443471988 0.895712698
vn 0.0259329132 0.263888076 0.964204629
vn 0.977111995 0.211634739 0.0215147924
vn 0.983197661 -0.177504429 0.0425973895
vn 0.997900357 -0.0570040039 0.0307476861
vn 0.0918413756 -0.216631218 0.971923905
vn 0.976447258 -0.215741672 0.00250683061
vn 0.794693632 -0.607010213 0.000795392369
vn 0.835611355 -0.549321093 -7.44918036e-06
vn -0.0112498526 -0.435174356 0.900275914
vn -0.012176802 -0.56476986 0.825158609
vn 0.00538628676 -0.503006534 0.864265824
vn 0.0990804432 -0.143626302 0.984659612
vn 0.983015521 -0.183418294 0.00618187732
vn 0.212071866 -0.405358277 0.889218865
vn 0.0427943691 0.816938642 0.575134677
vn 0.890863147 -0.449884379 0.06298332
vn 0.909010109 -0.410338779 0.0729568869
vn 0.924686183 -0.377789249 0.0472307665
vn 0.650334411 -0.759613021 -0.00729472232
vn 0.527358973 -0.849640306 -0.00196584446
vn 0.671307321 -0.741076067 -0.0123589727
vn 0.094575614 -0.855567951 0.508978324
vn -0.00238510215 -0.886247128 0.463206583
vn -0.0115676569 -0.773601266 0.633567101
vn -0.0164798874 -0.8616575 0.507222601
vn 0.181264805 -0.587007691 0.789027909
vn 0.0268242573 -0.697803837 0.715786466
vn -0.0135130874 -0.776182336 0.630363687
vn 0.580416659 -0.814284671 -0.00754832695
vn 0.566347048 -0.824155318 0.00436271954
vn 0.633508185 -0.773713679 0.00587555469
vn 0.00784474622 -0.61214986 0.790702858
vn 0.431037392 -0.0485369156 0.90102771
vn -0.000600587323 -0.881548323 0.472093415
vn 0.519113574 -0.658960446 0.544327317
vn -0.00212102408 -0.938169231 0.346170472
vn 0.270736648 0.711432598 -0.648510082
vn -0.147427975 -0.523134334 0.839401847
vn 0.999231167 -0.0206288867 -0.0333395233
vn -0.0030764064 0.237088342 0.971483224
vn 0.951478045 -0.300969965 0.064082835
vn 0.974041413 -0.224941453 -0.0253903187
vn 0.89639019 -0.350878335 0.270867166
vn 0.916844377 -0.397496846 0.0373181735
vn 0.0222663252 -0.988835335 0.147339374
vn 0.0387228323 -0.953414128 0.29916892
vn 0.842105041 -0.539279419 0.00606695191
vn 0.880476875 -0.47405431 0.00574316497
vn 0.857116483 -0.515080909 0.00655679119
vn -0.0161497766 -0.587287897 -0.809216974
vn -0.00261934775 -0.427813321 -0.90386332
vn 0.871259202 -0.490821915 -0.00111885828
vn 0.91066053 -0.413146209 0.00275836386
vn 0.902372155 -0.430956147 -0.00113712514
vn 0.544470702 -0.838751001 0.00695792903
vn 0.674382104 -0.737980423 0.0243654214
vn 0.708602411 -0.705605241 -0.00196678452
vn 0.708464855 -0.705675115 -0.0100090487
vn 0.673627315 -0.739045494 -0.00616423273
vn -0.0259479183 0.0281001875 0.999268275
vn 0.937267677 -0.348595304 -0.00325813932
vn 0.96444859 -0.264252894 -0.00305383684
vn 0.948740198 -0.316024513 -0.00453259118
vn 0.851600686 -0.518821204 0.0748386916
vn 0.670334677 -0.741083581 0.038033504
vn 0.681376618 -0.730897535 0.0389191141
vn 0.70474697 -0.707268663 0.0557022935
vn 0.913801235 -0.404805613 0.0331620144
vn 0.877821489 -0.47747209 0.0380767196
vn 0.986709844 -0.154496843 0.0503429121
vn 0.881070403 -0.472466112 0.0221521444
vn 0.840596421 -0.54136584 0.0179076765
vn 0.791912509 -0.610482833 0.0136120649
vn 0.954168594 -0.298719511 0.0181369274
vn 0.936092797 -0.349236021 0.0420056769
vn 0.930172896 -0.361212936 0.0656018118
vn 0.879944554 -0.475051207 0.0048920649
vn 0.959299548 -0.273232877 0.0713314288
vn 0.931901931 -0.361950241 0.0234694498
vn 0.931933097 -0.361914441 0.022773691
vn 0.880917003 -0.473261607 -0.00294717181
vn 0.860702096 -0.509099746 0.00305786861
vn 0.870238384 -0.492619351 0.00336602248
vn 0.900997653 -0.433814902 0.00280343423
vn -0.0131946576 0.00412667991 0.999904431
vn 0.0129805279 0.00359593336 0.999909283
vn 0.771825333 -0.635831755 0.00190642148
vn 0.0133716734 0.0346382394 0.999310458
vn -0.0646195434 -0.179655122 0.981604988
vn 0.0292614856 -0.627572508 -0.778008042
vn 7.97856561e-05 -0.668516469 -0.743697334
vn -0.0155007286 0.0190758569 0.999697874
vn 0.963062777 -0.269051306 0.0110219416
vn 0.96751859 -0.252793823 -0.00174945952
vn 0.0171750667 0.251317397 0.967752336
vn 0.102399435 -0.994524531 -0.0208641668
vn 0.976401331 -0.214618214 0.0240720514
vn 0.957553928 -0.288242615 0.00258242435
vn 0.0177522157 -0.0159883499 0.999714575
vn 0.0195640087 -0.00966537937 0.999761887
vn 0.913675077 -0.406436585 -0.00267500763
vn 0.905286954 -0.424799048 -0.00114020523
vn 0.946779264 -0.321869463 0.00301241727
vn 0.92981667 -0.367998247 0.00427197575
vn 0.934358878 -0.233902074 0.268818352
vn -0.0634841097 0.00562435658 0.997967001
vn -0.0237383538 0.0193758449 0.999530423
vn 0.362799525 -0.108648602 0.925511743
vn 0.353032151 -0.142957968 0.924624962
vn -0.0144893846 -0.0229589145 0.999631405
vn 0.458707005 -0.888586428 0.00142965556
vn 0.48992194 -0.871764045 -0.00198542152
vn 0.00852131117 -0.012559135 0.999884821
vn 0.0285217487 -0.00717148372 0.999567446
vn 0.937827769 -0.347019194 0.00753357061
vn 0.983255988 -0.181916834 0.0106736942
vn -0.147701306 -0.970676092 0.189663515
vn 0.000401904943 4.68696951e-05 0.999999918
vn 0.934220194 -0.356695516 0.000968639168
vn 0.929284104 -0.369324236 0.00553739672
vn 0.894984056 -0.300086186 0.330078508
vn 0.889979537 -0.363008887 0.275972773
vn 0.938303127 -0.345606789 -0.0119661344
vn 0.888627807 -0.458428305 0.0135686989
vn 0.864242542 -0.502856365 0.0148426331
vn 0.900679106 -0.434482365 -0.0014907463
vn 0.873262287 -0.485273145 -0.0438514906
vn 0.767922318 -0.108757475 0.631242525
vn 0.927050736 -0.374933111 -0.00144741545
vn 0.992313259 0.123698234 0.00362518674
vn 0.970077146 -0.242749185 0.00481295123
vn 0.982118086 -0.181526573 0.0499216253
vn 0.96881597 -0.243038176 0.0482499811
vn 0.952950533 -0.298308007 0.0538294984
vn 0.943409484 -0.331535674 0.00791471018
vn 0.714683355 -0.523560532 0.463801759
vn 0.742254211 -0.67010115 -0.00480993028
vn 0.721810348 -0.692078409 0.00415903048
vn 0.739277284 -0.673396581 0.00247828517
vn 0.831087114 -0.555546707 -0.0257306536
vn 0.760103581 -0.631485121 0.153196241
vn 0.0797228964 -0.33022358 0.940529982
vn -0.0025920834 0.0194643998 0.999807191
vn 0.00546795647 -0.00100630908 0.999984544
vn 0.389157659 -0.306012713 0.868857029
vn 0.00615533772 -0.00575651753 0.999964487
vn 0.0153742884 -0.00943063917 0.999837334
vn 0.00910443424 -0.0133521801 0.999869406
vn 0.82925504 -0.558869595 0.000924131986
vn 0.716569548 -0.697509095 0.00302395473
vn 0.691142704 -0.721871974 -0.0349659333
vn 0.669017717 -0.743207869 0.00757348193
vn 0.474348178 -0.880328665 0.00390472951
vn 0.377219589 -0.926121855 -0.00192138242
vn 0.381968643 -0.20960803 0.900091345
vn 0.703702895 -0.710493678 -0.000984819271
vn 0.183630416 -0.236969676 0.954004844
vn -0.000747092042 -0.00502697795 0.999987086
vn 0.867840813 -0.49679017 0.00720074733
vn 0.814035406 -0.580791009 0.00530672982
vn -0.119251806 -0.992397579 -0.0304311083
vn 0.885161744 -0.462411123 0.0516201591
vn 0.902139741 -0.430209791 0.0326101793
vn 0.636604352 -0.609658497 0.472283194
vn 0.813979809 -0.575147448 0.0815002078
vn 0.371150561 -0.928482382 -0.01295095
vn 0.578310725 -0.734569079 0.354915446
vn 0.555076909 -0.757378425 0.343900489
vn 0.0223182382 -0.819821064 0.572184689
vn 0.00157458163 -0.86308325 0.505059228
vn 0.632236637 -0.774345301 -0.0258106461
vn 0.621387446 -0.783464568 0.00780462516
vn 0.0830089727 -0.996547574 -0.00156320628
vn 0.00397926531 -0.00665038554 0.999969968
vn 0.011872379 -0.0167524359 0.999789179
vn 0.00651253532 -0.0105782101 0.999922841
vn 0.446545428 -0.894760592 0.00081500015
vn 0.366771239 -0.930309996 -0.00147313073
vn 0.446493996 -0.894738437 -0.00928662569
vn 0.193577558 -0.9809509 -0.0162191716
vn 0.241164651 -0.970292225 -0.0193030815
vn 0.245684045 -0.969264495 -0.0128720057
vn 0.305234973 -0.95220915 -0.0113730476
vn 0.296289032 -0.955075511 -0.00660137357
vn 0.0170394444 -0.00691381362 0.999830914
vn 0.0247596078 -0.00693018758 0.999669413
vn 0.139457559 -0.990122928 -0.0144283529
vn 0.0889654711 -0.995912719 -0.015588503
vn 0.177890373 -0.983949547 -0.0140820416
vn -0.00113122878 -0.0108661632 0.999940322
vn 0.0154244509 -0.0129800454 0.999796782
vn -0.00179270279 -0.00905489372 0.999957397
vn -0.000337986086 -0.00341962249 0.999994096
vn 0.276975086 -0.95885569 -0.0622941998
vn 0.280776468 -0.323541975 0.903595687
vn 0.312034305 -0.948361066 -0.0569726303
vn -0.996751872 0.0756921243 0.0275028587
vn -0.996005144 0.0811915767 0.0371709674
vn 0.97800608 0.208068015 0.0145536611
vn 0.240972482 -0.970531376 -0.00105368085
vn 0.306260518 -0.951947563 0.000577352987
vn 0.230775619 -0.973006993 -6.77583552e-05
vn 0.274488157 -0.961559776 -0.00768438282
vn 0.035507171 -0.999155341 -0.020684418
vn -0.0465373095 -0.998708886 -0.0203676317
vn -0.287090501 -0.40621266 0.867508109
vn 0.375226465 -0.926859418 -0.0116927334
vn 0.161389298 -0.986847646 -0.00923134944
vn 0.373857204 -0.927420852 -0.0110160968
vn 0.213293431 -0.976881991 -0.0144044627
vn 0.547628592 -0.836599331 0.0142998082
vn 0.593335905 -0.804768568 0.0173220891
vn 0.488233633 -0.872703245 0.0041190023
vn 0.423161802 -0.906038314 0.00535383481
vn 0.137652102 -0.699121368 -0.701627545
vn 0.072968185 -0.662954618 -0.745095174
vn -0.0274479403 -0.55810325 -0.829317414
vn 0.896206286 -0.443542206 0.00919809491
vn 0.874892955 -0.484132425 0.0133459018
vn 0.878608034 -0.477265019 0.0163102474
vn -0.492949602 -0.870039524 0.00564941192
vn 0.494233403 -0.869251325 -0.0116394798
vn 0.287881147 -0.957665842 -0.000761644547
vn 0.877255631 -0.479086911 0.0299714746
vn 0.682687276 -0.730612277 -0.0119909573
vn 0.313879962 -0.949458179 -0.00292159306
vn 0.383900564 -0.923374031 0.000869603558
vn 0.369275497 -0.929314767 -0.00310987991
vn 0.296883128 -0.954893045 -0.00629927401
vn 0.380962685 -0.924573455 0.00559984659
vn 0.301886088 -0.953338326 -0.00329044662
vn 0.741508419 -0.666650265 0.0757805314
vn 0.793682552 -0.602888982 0.0811965664
vn 0.295338734 -0.955383096 -0.00426292044
vn 0.294344555 -0.955688649 -0.00452655612
vn -0.0572114803 -0.998341742 -0.006372733
vn 0.308088996 -0.951357451 0.000414153822
vn 0.230327441 -0.97311068 0.00220794079
vn 0.255123301 -0.96690643 0.00201424658
vn 0.269743302 -0.962928427 0.00271943766
vn 0.732663943 -0.67963858 0.0359853896
vn 0.749907052 -0.660245621 0.0414141663
vn 0.696764012 -0.715961926 0.0437999056
vn 0.978764704 -0.200093029 0.0445245438
vn 0.737082268 -0.673476173 0.0560319071
vn 0.179926692 -0.945199303 -0.272442037
vn 0.116939608 -0.621648545 -0.774518053
vn 0.0113078318 0.400113446 -0.916395855
vn 0.705690113 -0.708519258 0.00138785876
vn 0.685608896 -0.727868517 0.0121599228
vn 0.641158214 -0.767340154 0.0102582647
vn 0.195616143 -0.980677532 -0.00242947053
vn 0.565741899 -0.824504975 0.011298246
vn 0.634991267 -0.772160607 0.0235390674
vn 0.742137071 -0.667147811 0.0643922822
vn 0.894130647 -0.447333326 0.0205738077
vn 0.533449588 -0.845761997 0.0108711274
vn 0.891805082 -0.45227967 0.0112603889
vn 0.650284105 -0.759254501 0.0257524046
vn 0.666852017 -0.744552534 0.0308206242
vn 0.485933877 -0.873950603 0.00886626777
vn 0.419531708 -0.90770669 0.00785567823
vn 0.696721064 -0.716311401 0.038441322
vn 0.712712435 -0.701213538 0.0184542352
vn 0.737049978 -0.592193074 -0.325675747
vn 0.641164952 -0.649728695 -0.40836274
vn 0.0823717138 -0.870633158 -0.484987428
vn 0.745805021 -0.66603599 0.0130739992
vn 0.906491429 -0.421916085 0.0161277959
vn 0.897649953 -0.440433247 0.0155922303
vn 0.762374225 -0.646891128 0.0178159844
vn 0.806200934 -0.591487597 0.0135083572
vn 0.765365242 -0.643581397 0.00436261188
vn 0.088078526 -0.996103492 -0.00447281804
vn 0.149412559 -0.988539481 -0.0215773317
vn 0.724541601 -0.689126065 0.012030637
vn 0.831738928 -0.552188329 0.0574317462
vn 0.780737439 -0.620829148 0.0708535203
vn 0.826355535 -0.561602482 0.0417035141
vn 0.801748851 -0.597590385 0.00919305088
vn 0.839095767 -0.543968881 -0.00401868186
vn 0.61158111 -0.790867603 0.0222930652
vn 0.713350509 -0.698805766 0.0529296973
vn 0.784174703 -0.619114506 0.042038826
vn 0.947973075 -0.317601536 0.0218245832
vn 0.817722154 -0.574894461 0.0287547773
vn 0.870097897 -0.490521658 0.0481471963
vn 0.850966931 -0.52129915 0.0640505947
vn 0.993215011 -0.113502938 0.0253184837
vn 0.920978872 -0.388789709 -0.0253077092
vn 0.234072857 -0.972201474 -0.00584732197
vn 0.216571165 -0.97625664 -0.00446129453
vn 0.661006019 -0.749915072 0.0264277754
vn 0.511423664 -0.859322938 -0.00315015848
vn 0.742203461 -0.670167609 -0.00306565052
vn 0.286651093 -0.95803474 -0.000767370448
vn 0.347590084 -0.937646544 0.000303515116
vn 0.877158652 -0.366607175 -0.310148156
vn 0.786203594 -0.576852648 0.221641445
vn 0.690795327 -0.721692148 -0.0442974051
vn 0.00289956825 -0.942226244 0.334964622
vn 0.00354897111 -0.99118252 0.132456091
vn 0.946536294 -0.320672738 -0.0351857706
vn 0.949623042 -0.312444069 -0.0243881478
vn 0.963397152 -0.26533636 -0.0382432123
vn -0.105300317 -0.994425209 0.00550885395
vn -0.0534192488 -0.998507435 0.0113703733
vn 0.769299533 -0.638871696 0.0046027108
vn 0.893380129 -0.336530841 -0.297689331
vn 0.891842639 -0.452201765 -0.0114136502
vn 0.888847795 -0.45772732 -0.0208638059
vn 0.909663128 -0.414992429 0.0171544994
vn 0.94914113 -0.314839146 -0.00272536444
vn 0.757549093 -0.337515958 -0.558750705
vn 0.996113477 -0.0868566558 -0.0146240622
vn 0.717158252 -0.696894749 0.00466382317
vn 0.675837947 -0.737026404 0.00592858017
vn 0.84558537 -0.533756388 0.00946046521
vn 0.778562698 -0.627521066 -0.00757867001
vn 0.810531228 -0.585452047 -0.0168827845
vn 0.747573868 -0.66399525 -0.0156083581
vn 0.787908208 -0.615384309 -0.0224233851
vn -0.919812481 0.302278342 -0.250145566
vn -0.847475394 0.345537724 -0.402975356
vn -0.865349621 0.420252441 -0.273052959
vn 0.908344027 -0.415101818 -0.0510059818
vn 0.923326384 -0.381882492 -0.0404246196
vn 0.889704972 -0.452565513 -0.0600792808
vn 0.941998794 -0.334690056 -0.0249166487
vn 0.965288361 -0.260793634 0.0143199436
vn 0.000133107749 -0.999749138 0.0223973867
vn -0.0038552902 -0.987334508 -0.158605502
vn 0.0044341999 -0.997487279 -0.0707069057
vn 0.835885275 -0.545649602 -0.059685173
vn 0.789918914 -0.608685926 -0.0743609567
vn 0.824694596 -0.563260898 -0.0511466969
vn 0.383378586 -0.923591163 0.000473202403
vn 0.00601145657 -0.967530155 -0.252684114
vn -0.00856340693 -0.94779241 -0.318772983
vn 0.218389609 -0.973491432 0.0679736044
vn 0.889695527 -0.456553622 0.000812500132
vn 0.870249591 -0.492591306 -0.00441068214
vn -0.00854173088 -0.964743743 -0.26305237
vn 0.00737009462 -0.964363304 0.264478921
vn 0.0686102076 -0.764110755 -0.641426063
vn 0.845716738 -0.529378602 -0.0672420692
vn 0.438088367 -0.898917754 -0.00504517106
vn 0.0204686139 -0.861503149 -0.507339492
vn -0.00663564511 -0.822819185 -0.568264513
vn -0.000729603745 -0.692202727 -0.721702746
vn 0.786840923 -0.616171663 0.0348402609
vn 0.668228027 -0.73920747 0.0839262739
vn 0.383992253 -0.19615357 -0.902260343
vn -0.000182813098 -0.911234581 -0.411887733
vn -0.0136097492 -0.967737034 -0.251594529
vn 0.843287421 -0.53699367 0.022452677
vn 0.0573525402 -0.764641987 -0.641898214
vn -0.000156667535 -0.829673079 -0.558249548
vn 0.232997079 -0.949838416 -0.208612907
vn 0.792272 -0.587688935 -0.164093856
vn 0.772690444 -0.535120113 -0.341461479
vn 0.951110404 -0.300441556 -0.0715812222
vn 0.586174846 -0.809624467 -0.0301209488
vn 0.047487813 -0.988472014 -0.143763641
vn 0.749091661 -0.661589628 -0.0340712205
vn 0.931658617 -0.362427601 -0.0256603785
vn 0.904857691 -0.423888785 -0.0393809283
vn 0.677156132 -0.734832848 -0.0384741248
vn 0.684586136 -0.09701156 -0.722447631
vn 0.393194405 -0.359151575 -0.846409066
vn -0.0109601541 -0.886705832 -0.462204113
vn -0.00140544662 -0.902094254 -0.431536767
vn -0.136630066 -0.309097412 -0.941164712
vn 0.645212604 -0.754655349 0.119146969
vn 0.624838884 -0.779856794 0.0374132429
vn 0.709934841 -0.702076455 0.0555083033
vn 0.06244084 -0.651417863 -0.756145429
vn -0.00186373618 -0.732994067 -0.680232478
vn -0.0157013032 -0.679978202 -0.733064195
vn 0.93964272 -0.338755439 -0.0481280692
vn 0.937243304 -0.345082908 -0.0499277039
vn 0.927866847 -0.370664354 -0.0408784832
vn -0.0297765655 -0.358455995 -0.933071624
vn 0.0904368621 -0.488618162 -0.867798056
vn -0.0103580069 -0.811637503 -0.584069581
vn 0.0115398149 -0.983263271 -0.181824566
vn 0.0406931289 -0.961609394 -0.271387992
vn 0.0482057511 -0.990381018 -0.129698286
vn 0.0373532736 -0.999129616 0.0185672696
vn 0.064169312 -0.996771712 -0.048254054
vn 0.750776508 -0.660274015 -0.019309611
vn 0.758774544 -0.650404678 -0.0351418077
vn 0.726162847 -0.687436147 0.0109116095
vn 0.769431036 -0.633277685 -0.0832781782
vn 0.821366123 -0.563709175 -0.0871186442
vn 0.541830784 -0.84047392 -0.00479498864
vn 0.509778836 -0.860282905 -0.00623394669
vn 0.463839734 -0.885913691 -0.00310374654
vn 0.012963576 -0.941111343 -0.33784817
vn 0.0732758922 -0.966041908 -0.247777474
vn 0.992262833 -0.120503038 -0.0298912732
vn 0.998565192 -0.0333719039 -0.0418792603
vn 0.99599258 -0.0814324365 -0.0369802487
vn 0.992826769 -0.0986839451 -0.0675017497
vn 0.894990401 -0.44585036 0.0144789207
vn 0.901085286 -0.433344098 0.0160686172
vn 0.542477109 -0.8258427 -0.153955907
vn 0.227745461 -0.893007525 -0.388161777
vn 0.909485748 -0.410574033 -0.0653041987
vn 0.935830418 -0.347976736 -0.0559787514
vn 0.927338901 -0.369029934 -0.0621246389
vn 0.985180734 -0.146088 -0.0898733386
vn 0.981198289 -0.190513897 -0.0308929237
vn 0.965530532 -0.259640271 -0.0183772098
vn 0.999876137 -0.00805256398 -0.0135228104
vn -0.0799319004 -0.0502871642 -0.995531061
vn 0.803289487 -0.595582639 -0.00270568254
vn 0.553861479 -0.832605691 -0.00228589384
vn 0.516885513 -0.856054531 -8.11984386e-05
vn 0.880332019 0.474344777 0.00354538226
vn 0.400928272 -0.916109193 0.000683824218
vn 0.218688032 -0.973343024 0.0691296065
vn 0.696753563 -0.71688697 0.0246484177
vn 0.657644171 -0.752668046 0.0315429408
vn 0.934360151 -0.355288487 -0.0272249679
vn 0.8513368 -0.523293157 -0.037281685
vn -0.0151479188 -0.788200295 -0.615232343
vn 0.965860657 -0.258953335 0.00750742748
vn 0.960076726 -0.27951277 0.0111934028
vn 0.945953085 -0.324140543 0.0102795716
vn 0.818067826 -0.573660266 -0.0409747543
vn 0.88002108 -0.470017388 -0.0681656342
vn 0.288466768 -0.957468991 0.0063288877
vn 0.237119985 -0.971450578 0.00760835961
vn 0.21674442 -0.976197436 0.00777322956
vn 0.517857736 -0.855451976 -0.00502822486
vn 0.578908567 -0.815323431 -0.0106100277
vn 0.578617936 -0.815579678 -0.00557430923
vn 0.52172899 -0.853101278 -0.00413172719
vn 0.656985976 -0.753784642 -0.0133469615
vn 0.494112215 -0.869388396 -0.00411540792
vn 0.890482313 -0.454988078 0.00520569195
vn 0.87148473 -0.490160909 0.016020267
vn 0.846960657 -0.531646612 0.00308650644
vn 0.605656767 -0.795594691 -0.0144557371
vn 0.656701042 -0.753575086 -0.0294674618
vn 0.635490784 -0.771899013 -0.0179826918
vn 0.63263228 -0.774017301 -0.0259541088
vn 0.652439557 -0.757330541 -0.0278042544
vn 0.627770187 -0.778391348 -0.00339154101
vn 0.654625119 -0.755844241 -0.0128621915
vn 0.691434224 -0.721696194 -0.0327615325
vn 0.708157377 -0.705595229 -0.0254656984
vn 0.734804957 -0.67670934 -0.0461101281
vn 0.0821999715 -0.996588562 0.00737586833
vn 0.0156290903 -0.999790606 0.0132088923
vn 0.0919552621 -0.995721753 0.00907854449
vn 0.665532736 -0.746003946 0.0233300164
vn 0.638939322 -0.769148546 0.0129250542
vn 0.492668632 -0.87021578 -0.00145457969
vn 0.111901923 -0.993700838 -0.00605015965
vn 0.0666600921 -0.997773289 0.00221252552
vn 0.01899989 -0.999806345 0.00512605532
vn 0.603756912 -0.797162616 -0.0030585122
vn 0.573079036 -0.819438832 -0.0100209334
vn 0.181496397 -0.983390896 0.00118502528
vn 0.325960581 -0.945366433 0.00565739754
vn 0.283547326 -0.958946924 0.00465947943
vn 0.117853685 -0.993005878 -0.0070594246
vn 0.193886805 -0.981022549 0.00163238316
vn 0.86656587 -0.495180351 -0.0621289959
vn 0.108943239 -0.994043765 0.00289207072
vn 0.192260245 -0.981232348 0.0148012736
vn 0.204459929 -0.978865901 0.00420547988
vn 0.143428195 -0.989643183 0.00589259071
vn 0.468913158 -0.883243567 0.00111873181
vn 0.00477319904 0.403503222 0.914965773
vn -0.00695197294 0.342936336 0.939332923
vn 0.61717796 -0.786822497 -0.00131317795
vn 0.0231739372 -0.999711727 0.0062794522
vn 0.450497374 -0.892769285 -0.00388850683
vn 0.910595897 -0.412534321 -0.0251106925
vn 0.563596059 -0.825974096 -0.0112372136
vn 0.60865647 -0.793305136 -0.0142920586
vn 0.602625796 -0.797874178 -0.0154578966
vn 0.635737326 -0.771587016 -0.0221704539
vn 0.317081513 -0.948397983 -0.000761849754
vn 0.689881048 -0.723872921 0.00849315464
vn -0.169251672 -0.985405659 -0.0181537287
vn 0.556274822 -0.830949427 -0.0090206319
vn 0.505930898 -0.862552424 -0.0061026729
vn -0.0603556859 -0.998169745 0.00378832099
vn 0.340477804 -0.940242577 0.00433148441
vn 0.302288541 -0.953201431 -0.00535436153
vn 0.288162079 -0.957540996 0.00882364351
vn 0.354224403 -0.935160311 0.000515425442
vn 0.524369158 -0.851461188 -0.00712966199
vn 0.443132473 -0.896434292 0.00625864098
vn 0.388918881 -0.921264094 0.00381749073
vn 0.366846468 -0.930281187 0.000763229721
vn -0.0797407383 -0.996815637 -1.63630719e-05
vn 0.251385172 -0.967887086 0.000290078639
vn 0.328836238 -0.944384271 0.00225328566
vn 0.236049411 -0.971740951 0.000447321384
vn 0.193813076 -0.981031946 0.00357942228
vn -0.218390036 -0.975855992 -0.00329785554
vn 0.986785782 -0.151149796 -0.0583743093
vn 0.398067922 -0.917347506 -0.00393468959
vn 0.247495718 -0.968860241 0.00746342112
vn 0.829643767 -0.557522147 -0.0293304659
vn 0.839272911 -0.54315212 -0.0246324188
vn 0.281640568 -0.959518545 0.00165876458
vn 0.211684568 -0.977328235 -0.00437773492
vn -0.145637043 -0.989335584 -0.00222562435
vn 0.774943969 -0.632024837 0.00253975894
vn 0.270669837 -0.96264608 0.00709682976
vn 0.200261079 -0.979697491 0.00939819518
vn 0.2259033 -0.974058695 0.0133175438
vn 0.809158342 -0.587582518 -0.00309210412
vn 0.831370897 -0.555613352 -0.0107812404
vn 0.712101395 -0.702026097 0.00842394073
vn 0.145866224 -0.989288218 -0.00564502809
vn 0.17847836 -0.983891815 0.0101178384
vn 0.0886018908 -0.995998502 0.0116914406
vn 0.891831589 0.452367508 0.000235389233
vn 0.874183402 -0.483923358 -0.0402686385
vn 0.293974543 -0.955803275 0.00436660227
vn 0.335581197 -0.941990923 0.00619362637
vn 0.24824023 -0.968645337 0.0101488648
vn 0.748911563 -0.662350105 0.0205866311
vn -0.0256738829 -0.999344399 0.025526927
vn -0.091620961 -0.995206632 0.0341959057
vn 0.0125568132 -0.999769107 0.0174373073
vn -0.211848453 -0.864735194 -0.455360601
vn 0.755797925 -0.654800008 0.00253883511
vn -0.354264367 0.884203264 -0.304436113
vn -0.0251213322 0.285071219 -0.958177081
vn 0.479573599 -0.877187234 0.0234887327
vn 0.0425547577 -0.999087801 0.00355783368
vn 0.0924624579 -0.995623566 0.0135796824
vn -0.12086363 -0.0662839044 -0.990453647
vn 0.328030947 -0.940623878 -0.0873064569
vn -0.468195138 -0.883546739 0.0117674586
vn -0.139874553 -0.928546645 -0.343854967
vn 0.226099582 -0.974077517 0.00720902139
vn 0.14396226 -0.989550585 0.00803166318
vn 0.917107702 -0.397138886 -0.0345567449
vn 0.914763505 -0.400466009 -0.0532419498
vn 0.895529839 -0.443133599 -0.0407298607
vn 0.720000037 -0.693957422 -0.00480036597
vn 0.906149024 -0.42277661 0.0124049916
vn 0.251220245 -0.967917149 0.00497799243
vn -0.0714430473 -0.997376484 0.0116636547
vn 0.977137598 -0.212380582 -0.00982867708
vn 0.78164049 -0.623249315 0.0244629517
vn 0.737593429 -0.675044162 0.0164715927
vn 0.865111574 -0.501020746 0.0236680742
vn 0.904495087 -0.425967211 0.0209898103
vn 0.886440509 -0.462349586 0.0213561209
vn -0.488184815 0.787820808 -0.375518257
vn -0.527236747 0.802670233 -0.278822361
vn -0.43324204 0.846813104 -0.308559398
vn 0.942232259 -0.334955524 -0.00177968
vn 0.91915324 -0.393900071 -0.000232989805
vn 0.938852685 -0.344273893 0.00557882398
vn 0.3058188 -0.173603593 -0.936128546
vn 0.720108046 -0.693736753 -0.0131802697
vn 0.75912554 -0.650715769 -0.0172453574
vn 0.755938565 -0.654354022 -0.0194345221
vn 0.900704556 -0.433041309 -0.0347350993
vn 0.00674288497 -0.126721388 -0.991915432
vn 0.919762757 -0.392460049 0.00340313899
vn -0.606931654 0.78363 -0.132506566
vn -0.335554088 0.905362349 -0.260235413
vn 0.180189629 0.696040821 -0.695024368
vn -0.740501637 0.582668934 -0.334894369
vn 0.345102644 -0.293140026 -0.891612635
vn -0.388478121 0.416341673 -0.822036715
vn 0.979048746 -0.203475489 -0.0078280595
vn 0.796831145 -0.353001833 -0.490356841
vn 0.052445624 0.0611728032 -0.996748386
vn 0.931278179 -0.361011363 -0.0489055229
vn -0.748407717 0.625891534 -0.219421234
vn 0.937779693 -0.343835197 -0.048441761
vn 0.986728866 -0.161634453 -0.015506413
vn 0.520544001 -0.85381084 -0.00640260441
vn 0.733073849 -0.679786473 -0.0222054834
vn 0.621971901 -0.782898613 -0.0148565267
vn 0.670500311 -0.7417562 -0.0150689315
vn 0.788383135 -0.614831377 -0.0208425133
vn 0.781516222 -0.623461909 -0.022970469
vn 0.816992181 -0.575844078 -0.0304528246
vn 0.677580401 -0.735418628 0.00665143198
vn 0.957926382 -0.284402094 -0.0386328405
vn 0.974499342 0.224329469 -0.00522694037
vn 0.887028203 -0.461440263 0.015932716
vn 0.853963916 -0.517571444 -0.0535297171
vn 0.892924804 -0.450146225 0.00732599428
vn 0.920574369 -0.390255186 0.0156115788
vn 0.746604187 -0.66523442 0.00673455191
vn -0.676774909 -0.073967156 -0.732464731
vn 0.935633869 -0.352443398 -0.0193110091
vn 0.918940638 -0.393298251 -0.0294039101
vn 0.900157163 -0.435041023 -0.0213632827
vn 0.960717507 0.277498212 -0.00407603665
vn 0.971050064 -0.238566169 0.012163715
vn 0.999754088 0.0191364506 -0.0112053253
vn 0.997850559 0.0621857417 -0.0206686856
vn 0.748448453 -0.662909014 -0.0194049688
vn 0.978376368 -0.205581198 -0.0227168038
vn 0.976454013 -0.212318387 -0.0381898273
vn 0.974786995 -0.221930769 -0.0231743086
vn 0.855220939 -0.515414059 -0.0542724007
vn 0.912078783 -0.409981096 -0.00527210605
vn -0.00580529696 0.949017811 -0.315168992
vn 0.973915851 -0.226630786 -0.0112428472
vn 0.97134136 -0.237605263 0.00630094215
vn 0.957794409 -0.287442682 -0.00256410304
vn 0.926623935 -0.374160242 -0.0370431644
vn 0.882189505 -0.47017374 -0.026044802
vn 0.950250977 -0.311220456 -0.0128416601
vn 0.963722006 -0.266028751 -0.0216471238
vn -0.0227315955 -0.261506613 -0.96493397
vn 0.73481015 -0.678194408 0.0103144147
vn 0.91377953 -0.405651855 0.0212965713
vn 0.936310137 -0.350736043 0.0175372481
vn 0.960616522 -0.27783927 -0.00460842761
vn 0.958077558 0.28644238 -0.0061771297
vn 0.91905737 -0.394004593 -0.009691789
vn 0.999022689 -0.0429014081 -0.0106365326
vn 0.861525862 -0.506440595 -0.0359320678
vn 0.892626934 -0.447060232 -0.0579163615
vn 0.876889198 -0.480523799 -0.0127362598
vn 0.948682206 -0.315320321 -0.0239826624
vn 0.678445124 -0.640478382 -0.359860608
vn 0.868492343 -0.494719429 -0.0312047463
vn 0.617911376 -0.786200582 -0.00861255157
vn 0.830529148 -0.556625073 0.0197449094
vn -0.684617515 0.687383117 -0.242493937
vn 0.9860084 0.159296745 -0.0491119256
vn -0.826661553 -0.562665695 -0.00616380808
vn 0.738311935 0.671618088 -0.0618436029
vn -0.790969281 0.466072001 0.396414537
vn -0.457405625 -0.579328775 -0.674654181
vn -0.400346703 -0.915781551 -0.0326598757
vn -0.404282686 -0.845872037 -0.347931037
vn -0.783279007 -0.621655464 -0.00429906255
vn -0.41868907 -0.908124196 0.00314749599
vn -0.840996221 -0.540927157 -0.0110980339
vn -0.882588217 -0.470121333 0.00489610942
vn 0.199377219 -0.901842191 -0.383313692
vn 0.0112907729 -0.851630352 -0.524021242
vn -0.783755065 -0.621061493 -0.00325881891
vn -0.750693808 -0.660635839 -0.0043698354
vn 0.812764163 0.580408631 -0.0504007587
vn -0.420858677 -0.906941753 0.0182929183
vn -0.173552577 -0.984770257 0.0103461629
vn 0.629354297 -0.775741614 -0.0462397852
vn -0.139514787 -0.990159469 0.0109476097
vn -0.36875598 -0.929470556 0.010174087
vn -0.121595656 -0.0300578813 -0.992124498
vn 0.707104595 -0.706884606 0.017811421
vn 0.00385368274 -0.999922816 -0.011811457
vn -0.0586924616 -0.998112191 -0.0180900501
vn 0.140805036 -0.99002963 -0.00390818898
vn 0.0082019992 -0.999539874 0.0292021926
vn 0.0145844384 -0.999641258 0.0224644221
vn -0.0139820419 -0.999647069 -0.0225885067
vn 0.0511878338 -0.117160573 -0.991792925
vn -0.2127975 0.696446111 -0.685332065
vn -0.00500635748 -0.999869828 0.0153382914
vn -0.520439919 -0.853885386 0.00469456982
vn -0.346042716 -0.938195968 0.00653942968
vn 0.167221322 -0.985815212 0.0143316532
vn 0.105352215 -0.994271879 0.018009492
vn 0.200553293 -0.336679148 -0.920013874
vn 0.0108730662 -0.99987711 0.0112934429
vn 0.175202162 -0.984471924 0.0109194315
vn 0.0665840319 -0.997384325 0.028126045
vn -0.0349216455 -0.999360461 0.00769074562
vn 0.582483914 -0.812831941 -0.00408969025
vn 0.63645961 -0.771279969 -0.00680983537
vn 0.213844636 -0.9768314 0.00841952591
vn 0.215577587 -0.976444614 0.0090674739
vn 0.535691686 -0.844362804 0.00926677327
vn 0.145588654 -0.989223292 0.0155313595
vn 0.202210688 -0.979332099 -0.00441339415
vn 0.0504802746 -0.998720015 0.00317388853
vn 0.00789107912 -0.999961659 -0.00379629175
vn -0.271619827 -0.962404516 -0.000466327217
vn -0.117959887 -0.993018347 -0.000164219994
vn 0.857842651 -0.513558745 -0.0190631185
vn -0.145839415 -0.989285757 -0.00667501597
vn 0.0257737809 -0.999620548 0.00971964474
vn -0.164496861 -0.986351506 -0.00717555417
vn -0.604446793 -0.796557694 -0.0118285424
vn 0.672389028 -0.740051919 -0.0147020963
vn -0.500608337 -0.865654694 0.00576579453
vn 0.412000427 -0.911170549 0.00488649903
vn 0.482370987 -0.848444426 -0.217853817
vn -0.0868434653 -0.996176731 -0.00949383093
vn 0.220514566 -0.975383139 0.00102922643
vn 0.0126446485 -0.999868032 -0.0101996026
vn 0.023289957 -0.985100395 -0.170395979
vn -0.889966263 -0.452977369 -0.0526455516
vn -0.729808172 -0.683562168 -0.0110812963
vn -0.835286277 -0.520053152 -0.178442019
vn -0.944795912 -0.327136082 -0.0185113325
vn -0.814152302 -0.580554512 -0.0106060198
vn -0.819958631 -0.572091435 -0.0194739207
vn -0.776081992 -0.630351393 -0.0188112554
vn -0.772863664 -0.633437715 -0.0379264828
vn -0.941832485 -0.336002769 -0.00732867856
vn -0.823172788 -0.567366289 0.0219557672
vn -0.0293141098 -0.845379386 -0.533361394
vn -0.747938059 -0.66134869 -0.0566265823
vn -0.781450721 -0.620949937 -0.0612857725
vn -0.813682967 -0.578664415 -0.0553852302
vn -0.80605435 -0.586730955 -0.0776090963
vn -0.82852512 -0.559833969 -0.0114913988
vn -0.777833305 -0.628374974 -0.010965475
vn -0.590199487 -0.807163148 -0.0123376211
vn -0.425390123 -0.905007545 -0.00214163278
vn -0.562716955 -0.826604769 0.00861303124
vn -0.482616763 -0.875793242 0.00820100954
vn -0.433445069 -0.901178394 0.00169520357
vn 0.195540495 -0.909933989 0.365765022
vn 0.00219922549 -0.999989366 -0.00405356611
vn 0.00414078484 -0.999985685 -0.00338880971
vn -0.292400436 -0.956288686 0.00373287828
vn -0.955946062 0.288675107 0.05323354
vn -0.972147492 0.23196941 0.0334581256
vn -0.95004292 0.311555819 0.0187462418
vn -0.793250035 0.604732644 0.071083126
vn 0.18298035 -0.98310235 -0.00528777147
vn 0.251248383 -0.967911076 -0.00473265793
vn 0.419596362 -0.907703083 0.00374251553
vn -0.253366485 -0.967158281 -0.0202554638
vn 0.0421935227 -0.998604882 -0.0317489505
vn 0.26523341 -0.96415317 0.00773964609
vn -0.486824591 0.799676701 -0.351452689
vn -0.290930796 -0.956649887 -0.0134262904
vn -0.845643971 -0.533745598 -0.00138235588
vn 0.000222032131 -0.00498712401 0.99998754
vn -0.629113501 -0.700268506 0.337402168
vn -0.535935313 -0.844246744 -0.00455797677
vn -0.300307846 0.0224142797 0.953578941
vn -0.384696817 -0.73070676 0.56398226
vn -0.0010489339 -0.0175281033 0.999845821
vn 0.0278589573 -0.00265137427 0.999608348
vn -0.935668033 -0.351732559 0.0284523978
vn -0.81475938 -0.577600611 0.0504448968
vn -0.709497278 -0.26756234 0.651938652
vn 0.0111504825 -0.999933596 -0.00291029022
vn 0.000912247145 -0.995028879 -0.0995826207
vn -0.851059141 -0.522050967 0.0562238911
vn -0.843443942 -0.529909192 0.0883094807
vn -0.884627769 -0.464467516 0.0412751382
vn -0.768545092 -0.638857775 0.0346292495
vn -0.0359609446 -0.888336343 0.457783083
vn -0.987418933 0.157085128 0.0181139153
vn -0.985547466 0.164561216 0.0401969839
vn -0.968528112 0.242631067 0.0555289242
vn -0.990399983 0.13107932 0.0438871909
vn -0.974275603 0.220060792 0.0485828877
vn -0.0235452427 -0.434578354 0.900326205
vn -0.998050471 0.0429692687 0.045264771
vn -0.986021765 0.163929518 0.0298025616
vn -0.985717126 0.167139098 0.0206462815
vn -0.990150849 -0.137090667 0.0284155705
vn -0.0057910591 0.00678392097 0.99996022
vn -0.25726483 0.964541829 -0.0589395212
vn -0.227477979 0.972124433 -0.0568142137
vn -0.0119255953 0.00144179692 0.999927848
vn -0.00900502078 0.00698798726 0.999935037
vn -0.0137560157 0.00436520439 0.999895853
vn -0.979738543 -0.200234714 -0.0042949272
vn -0.808406963 0.586208104 0.0532751493
vn -0.356895723 -0.0221103447 0.933882528
vn -0.379335359 0.273468025 0.883923031
vn 0.921614343 0.388105356 -0.00111135308
vn -0.592939344 0.800861101 0.0839311038
vn 0.0291875494 0.99560665 -0.0889690159
vn 0.566525425 0.823161847 -0.0381250066
vn 0.795993179 0.602860146 -0.0543553419
vn -0.855346754 0.517774763 -0.0170653288
vn 0.0751729489 -0.974433423 -0.211727496
vn 0.865299139 0.500591426 -0.0257997167
vn -0.979403109 0.200946873 0.0197460045
vn -0.0163687928 -0.380602964 0.924593666
vn -0.875383264 -0.0524812386 0.480572431
vn -0.382789043 0.922818827 0.043335441
vn -0.220702499 0.971602046 0.0853221646
vn -0.170360233 -0.916684453 0.361478912
vn -0.10309653 0.629354538 -0.770249291
vn -0.888483834 -0.458849379 0.00732964309
vn -0.765514495 0.635179435 -0.102638411
vn 0.00820094938 -0.79297196 -0.609202935
vn -0.923641146 -0.381558869 -0.0360536145
vn -0.852668705 -0.52244443 -0.00281013806
vn 0.0259043593 -0.738071128 -0.674225462
vn -0.00027734956 -0.999215908 0.039591556
vn -0.0178762299 -0.986299724 -0.16399175
vn -0.0124369361 -0.999625715 0.024367039
vn -0.0574627795 -0.78440182 0.617585471
vn -0.0316340422 -0.950689742 0.308526014
vn 0.00675992113 -0.862969937 0.505210046
vn -0.920688195 -0.388735469 0.0348996076
vn 0.835742641 -0.525447833 -0.159495495
vn -0.955387459 -0.294626637 0.0207352061
vn 0.951932531 -0.251234347 -0.175230587
vn 0.843967281 -0.525999942 -0.105087057
vn -0.183410524 -0.976577066 -0.112506954
vn -0.939760705 -0.123011331 -0.318932641
vn -0.940184269 -0.134271882 -0.313088808
vn -0.0540598268 -0.977464603 -0.204060003
vn -0.864926592 -0.0045603897 -0.501877667
vn -0.834518897 -0.549698081 -0.0375530316
vn -0.156529148 -0.190145535 -0.969197246
vn 0.980368938 -0.0869351795 -0.176971808
vn -0.654629662 0.690478413 -0.307732947
vn -0.619549965 0.74269227 -0.25409847
vn 0.98685631 -0.00944498261 -0.161323945
vn 0.979277227 -0.146772657 -0.139548915
vn 0.985875099 -0.0842856882 -0.144728059
vn -0.144685121 -0.946656986 -0.287935353
vn -0.247292559 -0.938694482 -0.240206285
vn 0.96309819 0.269144747 0.00172654791
vn -0.431069419 0.888341077 -0.158206472
vn -0.0262825035 -0.991711175 -0.125770328
vn 0.823803371 -0.556385323 -0.10855127
vn -0.297178496 0.954237099 -0.0334140642
vn -0.0949407805 -0.986995287 -0.129717198
vn -0.568024094 0.820674659 0.0619817186
vn 0.212464829 0.970051025 -0.117727248
vn -0.364872027 0.926271198 0.0942871793
vn -0.390236424 0.917401069 0.0780436495
vn -0.262891657 0.964146384 0.0361901409
vn 0.337929638 -0.934016444 -0.115831095
vn -0.267540214 -0.959331634 -0.0900280472
vn -0.208170475 -0.960114544 -0.186668465
vn -0.39574792 -0.900538485 -0.180038943
vn -0.15706516 -0.970141696 -0.184812405
vn 0.97636581 -0.214519477 -0.026290657
vn 0.95406884 -0.271221454 -0.127246102
vn 0.842692919 0.532730182 -0.0778922146
vn 0.820505897 0.571483438 0.0132948216
vn -0.0915441183 -0.976587819 -0.19466871
vn -0.77990719 -0.625063096 -0.0322629922
vn -0.571332551 -0.819176561 -0.0502879587
vn 0.921184777 0.387770614 -0.032443146
vn 0.66022792 0.750767481 -0.0211490632
vn 0.677130422 0.578189771 -0.455182359
vn 0.698764116 0.708057028 -0.101901691
vn 0.821336967 -0.56987369 0.0254865511
vn 0.777913915 -0.62801743 0.0210724645
vn 0.823544347 -0.566691168 0.0252156295
vn 0.846739754 0.531734189 -0.0170452602
vn 0.817837211 0.575431307 0.00459425529
vn 0.768481932 0.639770485 0.0113686389
vn -0.518924642 -0.853495195 -0.0475727618
vn -0.589448052 -0.807634535 -0.0166568802
vn -0.656877606 -0.753935921 -0.00961450204
vn -0.677294941 -0.735622129 -0.0114737283
vn 0.943352462 0.331787389 0.00180587499
vn -0.561522941 -0.827325443 -0.0149866
vn -0.473031957 -0.880467121 -0.0319126437
vn 0.487971894 0.87280317 0.00990238067
vn -0.619680069 -0.78481586 -0.00778955667
vn -0.663218016 -0.748387161 -0.00764989234
vn -0.763402106 -0.645875785 -0.00785458145
vn -0.740366614 -0.672191657 -0.00395643696
vn -0.820344611 -0.571013713 0.0312739273
vn 0.714278216 0.699824139 0.0072666255
vn 0.586233421 0.810046663 0.0124410214
vn 0.689032285 0.724637348 0.0116285692
vn 0.656027694 0.754713826 -0.00589109264
vn 0.664846082 0.746855559 0.0136550983
vn -0.614007392 -0.777863596 -0.133877366
vn -0.237710991 -0.970309442 -0.0446438221
vn -0.679940295 -0.731060684 -0.0568460374
vn 0.801578288 0.596603187 -0.0392031236
vn 0.714119627 0.699929832 0.0114624905
vn -0.692673342 -0.721229668 -0.00560422776
vn 0.984956343 -0.17270453 0.00584350607
vn 0.919702511 0.392614543 -0.0010541953
vn 0.719162242 -0.11935201 -0.684514987
vn -0.864113202 -0.423154229 -0.272486462
vn 0.858108624 -0.513162016 0.0177294724
vn 0.855155432 -0.437266964 -0.278400413
vn 0.9770525 -0.175935932 -0.120062316
vn 0.949347883 -0.309680065 -0.0532621243
vn -0.721659604 -0.692222499 -0.00595218709
vn -0.777716604 -0.628608355 -0.00290173875
vn -0.860089058 -0.507036947 0.05621697
vn -0.201978667 0.155849012 -0.966910391
vn -0.825543813 0.506271762 -0.24933174
vn 0.0385205169 0.162299982 -0.985989293
vn -0.889972629 -0.455906082 0.00991787117
vn 0.165586317 -0.09681258 -0.98143186
vn 0.514857753 0.512330575 -0.687341892
vn 0.975457678 0.216108089 -0.042185455
vn 0.0251059437 0.601236377 0.798676725
vn -0.351240059 0.885989615 -0.302742173
vn 0.255896118 -0.58009935 -0.773305839
vn 0.725348478 0.0134567675 -0.688250318
vn 0.957337643 0.286929157 -0.034297188
vn 0.936988423 0.348918909 -0.0175581862
vn 0.375128959 0.918356478 -0.126093787
vn 0.891404312 0.447123195 -0.0740216295
vn 0.952875758 0.30282525 -0.0180182584
vn 0.696430028 0.716135499 -0.0462078224
vn -0.0206279132 0.977625099 -0.209341003
vn -0.0150303629 0.999609656 -0.0235504415
vn -0.023917459 0.99772664 -0.0630040302
vn 0.962735391 -0.269618616 0.0211274476
vn 0.0993295462 0.860585119 0.49952667
vn -0.0017580911 -0.247353156 0.968923798
vn 0.993030475 -0.103747322 0.0559193145
vn -0.00574296018 0.570335272 0.821391926
vn 0.0223718913 0.414195721 0.909912855
vn -0.0165210205 0.489915415 0.871613413
vn 0.428080301 0.902017675 -0.0557796521
vn 0.000275730413 0.753417914 0.657541916
vn 0.0077033302 0.712222212 0.701911803
vn 0.929270076 0.369320442 0.00771602931
vn 0.966139337 0.258010532 0.00231245437
vn 0.00262056568 0.0121773025 0.99992242
vn 0.251408877 0.962281598 -0.103960106
vn 0.0100248108 0.00653204993 0.999928415
vn 0.774380113 0.528014566 0.348620223
vn 0.394699202 0.362113702 0.844444318
vn -0.0023488771 0.00609953211 0.999978639
vn -0.027705317 -0.0126750179 0.999535772
vn 0.0103980224 -6.08039033e-05 0.999945937
vn -0.0101457522 -0.00183725338 0.999946843
vn 0.32036568 0.106621049 0.941274552
vn 0.999699451 -0.0241444514 0.00424894226
vn 0.999802523 0.019810815 0.00156388603
vn 0.999447538 0.0318584265 0.00946888331
vn -0.0160352342 -0.0121495671 0.999797609
vn -0.0241065222 -0.0148456765 0.99959916
vn 0.021248442 -0.00885684725 0.999734995
vn 0.0113728724 -0.00468316857 0.99992436
vn 0.983004858 0.183571656 -0.0017021635
vn 0.991211627 -0.122574483 0.049749439
vn 0.980746073 -0.151703375 0.122976524
vn 0.950163459 -0.305990927 0.0596569628
vn 0.956063361 -0.0266959222 -0.291942079
vn -0.00147675486 -0.280115619 0.959965134
vn 0.361610449 0.204265417 0.909677703
vn 0.762324658 0.57873689 0.289697649
vn -0.000866993692 -0.740266579 0.672312904
vn 0.0654926778 -0.724816613 -0.685821833
vn -0.000142241967 -0.982441723 0.186569669
vn -0.00603347367 -0.999687538 0.0242574338
vn 0.0148316449 -0.999782504 -0.0146617423
vn 0.776741345 -0.629775672 0.0074488488
vn 0.751976825 -0.659154333 0.00681315782
vn 0.687244986 -0.726391037 0.00709861553
vn 0.024878598 -0.70704963 0.706726168
vn 0.0143109759 -0.912815257 0.408121922
vn 0.968581323 -0.231984957 0.089628121
vn 0.957888442 -0.283064345 0.0482110909
vn 0.866226463 -0.499647221 -0.00209000773
vn 0.945394753 -0.323049021 0.0432214272
vn 0.721778049 -0.69033143 -0.0497891903
vn 0.86103049 -0.508007403 0.0235578834
vn 0.869343001 -0.493812383 0.0198009389
vn 0.969175038 -0.241380443 0.0493480241
vn 0.806502566 -0.591225362 0.0024864169
vn 0.857245484 -0.514879623 0.00539948049
vn 0.894784711 -0.446468941 0.00507983428
vn 0.827488688 -0.561330448 0.0130613549
vn 0.917344744 -0.397887825 0.0128023261
vn 0.0120730201 -0.0134219404 0.999837034
vn 0.00775093217 -0.00961515715 0.999923733
vn 0.275712372 -0.894699807 0.351418473
vn 0.641586887 -0.76684944 -0.0175557015
vn 0.646583979 -0.762842119 -0.00102921948
vn 0.959405774 -0.280475452 -0.0295648766
vn 0.959179318 -0.282709497 0.00709758605
vn 0.978743332 -0.205059703 -0.00346533602
vn 0.00868509544 -0.0138947823 0.999865743
vn 0.153517187 -0.199963511 0.967701952
vn 0.534733479 -0.844820569 -0.0183932627
vn 0.557418447 -0.83008802 -0.0154452008
vn 0.641113044 -0.76743123 -0.00483434621
vn 0.676471766 -0.736426002 0.00791789254
vn 0.663871931 -0.747836645 0.00379623198
vn 0.00501150633 -0.0150898093 0.999873583
vn 0.443232676 -0.89639137 0.00522558687
vn 0.409092123 -0.912486242 -0.0035345116
vn 0.51658911 -0.856216868 0.00532595355
vn 0.646158209 -0.762993862 -0.0178867246
vn 0.673669709 -0.738863006 -0.0158298
vn 0.638076998 -0.769927267 -0.00835147829
vn 0.773372311 -0.63177282 -0.0525202127
vn 0.812444955 -0.583032366 0.00254067576
vn 0.792667484 -0.609654184 0.000188966994
vn 0.382568483 -0.923922461 0.00293969187
vn 0.387290538 -0.921955784 0.00188983147
vn 0.712244114 -0.701689024 -0.0184617402
vn 0.807953025 -0.588108822 -0.036604959
vn 0.619617814 -0.770412177 0.150129416
vn 0.952479499 -0.302844833 -0.0326773741
vn 0.982429282 -0.18272282 -0.0380141784
vn 0.974553423 -0.223395124 0.0184457182
vn 0.757961702 -0.652268683 -0.00629467822
vn -0.630411627 0.722297178 -0.284372938
vn 0.210018341 -0.977512544 -0.0190137367
vn 0.392323869 -0.919826801 0.000798914946
vn 0.662589057 -0.748445766 -0.0283668458
vn 0.624014758 -0.78137006 -0.00814926526
vn 0.252083505 -0.967698244 -0.00374370889
vn 0.495811633 -0.86842566 -0.00277439082
vn -0.148277006 0.896528291 -0.417433771
vn 0.267193373 -0.963639463 0.00258597996
vn 0.319752617 -0.94749513 0.0033529812
vn 0.298903136 -0.954259796 0.00671986135
vn -0.82265105 0.537895652 -0.184156231
vn 0.817924591 -0.575227378 0.0106220211
vn 0.782205259 -0.623014739 -0.00275082595
vn 0.644119696 -0.657043013 -0.391668605
vn 0.759905082 -0.644415386 -0.0852823332
vn 0.694369773 -0.719568563 -0.00846760224
vn 0.0805208436 0.0436015039 -0.995798826
vn 0.879853729 -0.461728624 -0.112534857
vn 0.981779453 -0.185188885 -0.0425932161
vn 0.967788012 -0.246984886 -0.0488347145
vn 0.880886754 -0.468793824 -0.0653519413
vn 0.888328192 -0.458804996 0.0192613471
vn 0.857435294 -0.514141277 0.0215282332
vn 0.789989835 -0.612982443 0.0129840763
vn 0.0310390597 0.996849831 0.0729862427
vn 0.693117678 0.713837416 -0.100120063
f 1//1 2//2 3//3
f 4//4 5//5 6//6
f 9//9 8//8 7//7
f 10//10 11//11 12//12
f 13//13 14//14 15//15
f 18//18 17//17 16//16
f 19//19 20//20 21//21
f 22//22 23//23 24//24
f 25//25 26//26 27//27
f 11//11 10//10 28//28
f 29//29 30//30 22//22
f 31//31 32//32 33//33
f 36//36 35//35 34//34
f 37//37 38//38 39//39
f 42//42 41//41 40//40
f 43//43 44//44 45//45
f 46//46 47//47 48//48
f 51//51 50//50 49//49
f 52//52 53//53 54//54
f 57//57 56//56 55//55
f 60//60 59//59 58//58
f 61//61 62//62 63//63
f 64//64 65//65 66//66
f 69//69 68//68 67//67
f 72//72 71//71 70//70
f 73//73 74//74 75//75
f 78//78 77//77 76//76
f 79//79 80//80 81//81
f 82//82 83//83 84//84
f 85//85 86//86 87//87
f 90//90 89//89 88//88
f 92//92 91//91 69//69
f 95//95 94//94 93//93
f 64//64 66//66 96//96
f 97//97 98//98 99//99
f 100//100 101//101 102//102
f 104//104 101//101 103//103
f 107//107 106//106 105//105
f 110//110 109//109 108//108
f 111//111 112//112 113//113
f 103//103 101//101 100//100
f 100//100 114//114 103//103
f 117//117 116//116 115//115
f 120//120 119//119 118//118
f 121//121 122//122 123//123
f 126//126 125//125 124//124
f 127//127 128//128 49//49
f 129//129 130//130 131//131
f 132//132 133//133 134//134
f 135//135 136//136 137//137
f 121//121 139//139 138//138
f 140//140 141//141 142//142
f 127//127 49//49 143//143
f 144//144 145//145 146//146
f 72//72 148//148 147//147
f 104//104 103//103 149//149
f 150//150 151//151 152//152
f 114//114 149//149 103//103
f 155//155 154//154 153//153
f 156//156 157//157 158//158
f 159//159 160//160 161//161
f 162//162 152//152 151//151
f 165//165 164//164 163//163
f 168//168 167//167 166//166
f 121//121 169//169 122//122
f 170//170 171//171 172//172
f 173//173 174//174 175//175
f 176//176 75//75 74//74
f 179//179 178//178 177//177
f 134//134 133//133 180//180
f 54//54 181//181 182//182
f 183//183 184//184 185//185
f 67//67 186//186 187//187
f 164//164 165//165 188//188
f 189//189 190//190 191//191
f 194//194 193//193 192//192
f 195//195 196//196 197//197
f 200//200 199//199 198//198
f 29//29 201//201 202//202
f 203//203 204//204 205//205
f 208//208 207//207 206//206
f 209//209 210//210 211//211
f 212//212 213//213 214//214
f 215//215 216//216 217//217
f 220//220 219//219 218//218
f 221//221 222//222 223//223
f 224//224 225//225 226//226
f 227//227 27//27 26//26
f 228//228 52//52 54//54
f 230//230 31//31 229//229
f 233//233 232//232 231//231
f 234//234 235//235 236//236
f 237//237 189//189 191//191
f 239//239 238//238 208//208
f 240//240 241//241 242//242
f 243//243 154//154 155//155
f 245//245 244//244 147//147
f 248//248 247//247 246//246
f 185//185 184//184 249//249
f 174//174 173//173 250//250
f 95//95 251//251 94//94
f 252//252 42//42 253//253
f 254//254 62//62 61//61
f 255//255 256//256 257//257
f 258//258 259//259 260//260
f 263//263 262//262 261//261
f 266//266 265//265 264//264
f 268//268 206//206 267//267
f 271//271 270//270 269//269
f 170//170 272//272 273//273
f 274//274 275//275 276//276
f 277//277 257//257 43//43
f 202//202 215//215 217//217
f 278//278 279//279 280//280
f 283//283 282//282 281//281
f 284//284 285//285 286//286
f 289//289 288//288 287//287
f 290//290 291//291 292//292
f 295//295 294//294 293//293
f 296//296 297//297 298//298
f 301//301 300//300 299//299
f 302//302 303//303 304//304
f 307//307 306//306 305//305
f 25//25 93//93 26//26
f 308//308 309//309 310//310
f 311//311 112//112 111//111
f 314//314 313//313 312//312
f 298//298 316//316 315//315
f 317//317 318//318 319//319
f 320//320 321//321 322//322
f 323//323 324//324 325//325
f 328//328 327//327 326//326
f 331//331 330//330 329//329
f 334//334 333//333 332//332
f 335//335 336//336 337//337
f 338//338 294//294 295//295
f 340//340 321//321 339//339
f 343//343 342//342 341//341
f 37//37 344//344 22//22
f 347//347 346//346 345//345
f 350//350 349//349 348//348
f 353//353 352//352 351//351
f 356//356 355//355 354//354
f 358//358 357//357 343//343
f 325//325 309//309 359//359
f 362//362 361//361 360//360
f 363//363 364//364 365//365
f 368//368 367//367 366//366
f 369//369 370//370 371//371
f 374//374 373//373 372//372
f 377//377 376//376 375//375
f 380//380 379//379 378//378
f 382//382 381//381 369//369
f 383//383 384//384 385//385
f 386//386 387//387 388//388
f 389//389 390//390 391//391
f 392//392 327//327 393//393
f 128//128 394//394 232//232
f 232//232 394//394 231//231
f 397//397 396//396 395//395
f 398//398 399//399 400//400
f 401//401 402//402 403//403
f 404//404 405//405 406//406
f 408//408 353//353 407//407
f 409//409 111//111 410//410
f 411//411 350//350 348//348
f 414//414 413//413 412//412
f 415//415 416//416 417//417
f 420//420 419//419 418//418
f 423//423 422//422 421//421
f 424//424 425//425 426//426
f 429//429 428//428 427//427
f 430//430 431//431 432//432
f 435//435 434//434 433//433
f 436//436 437//437 438//438
f 150//150 440//440 439//439
f 441//441 18//18 16//16
f 424//424 426//426 442//442
f 443//443 444//444 445//445
f 446//446 445//445 444//444
f 375//375 448//448 447//447
f 451//451 450//450 449//449
f 454//454 453//453 452//452
f 455//455 456//456 457//457
f 458//458 459//459 460//460
f 461//461 462//462 463//463
f 461//461 463//463 464//464
f 465//465 355//355 356//356
f 466//466 467//467 468//468
f 471//471 470//470 469//469
f 474//474 473//473 472//472
f 475//475 476//476 477//477
f 480//480 479//479 478//478
f 481//481 480//480 478//478
f 85//85 482//482 86//86
f 483//483 482//482 85//85
f 484//484 485//485 486//486
f 487//487 142//142 141//141
f 490//490 489//489 488//488
f 493//493 492//492 491//491
f 161//161 160//160 494//494
f 497//497 496//496 495//495
f 474//474 472//472 498//498
f 501//501 500//500 499//499
f 395//395 396//396 502//502
f 505//505 504//504 503//503
f 504//504 505//505 506//506
f 508//508 16//16 507//507
f 509//509 476//476 510//510
f 511//511 512//512 513//513
f 514//514 515//515 516//516
f 517//517 518//518 519//519
f 479//479 520//520 521//521
f 466//466 475//475 522//522
f 525//525 524//524 523//523
f 528//528 527//527 526//526
f 529//529 60//60 406//406
f 530//530 356//356 354//354
f 531//531 532//532 533//533
f 536//536 535//535 534//534
f 537//537 538//538 539//539
f 542//542 541//541 540//540
f 543//543 544//544 545//545
f 546//546 547//547 548//548
f 549//549 550//550 551//551
f 554//554 553//553 552//552
f 301//301 299//299 555//555
f 556//556 557//557 558//558
f 558//558 559//559 556//556
f 561//561 560//560 335//335
f 564//564 563//563 562//562
f 565//565 566//566 567//567
f 570//570 569//569 568//568
f 572//572 571//571 39//39
f 39//39 571//571 573//573
f 574//574 575//575 576//576
f 579//579 578//578 577//577
f 580//580 581//581 36//36
f 582//582 281//281 282//282
f 583//583 584//584 585//585
f 55//55 56//56 37//37
f 386//386 586//586 387//387
f 588//588 587//587 44//44
f 589//589 28//28 37//37
f 592//592 591//591 590//590
f 545//545 544//544 593//593
f 593//593 594//594 545//545
f 595//595 596//596 597//597
f 600//600 599//599 598//598
f 601//601 314//314 303//303
f 602//602 603//603 604//604
f 44//44 587//587 45//45
f 605//605 291//291 290//290
f 606//606 607//607 608//608
f 609//609 575//575 63//63
f 612//612 611//611 610//610
f 613//613 614//614 615//615
f 616//616 617//617 618//618
f 619//619 587//587 562//562
f 622//622 621//621 620//620
f 56//56 623//623 37//37
f 624//624 569//569 570//570
f 326//326 626//626 625//625
f 549//549 627//627 628//628
f 629//629 628//628 627//627
f 631//631 45//45 630//630
f 632//632 633//633 634//634
f 263//263 635//635 262//262
f 239//239 208//208 206//206
f 206//206 636//636 637//637
f 638//638 639//639 27//27
f 128//128 232//232 49//49
f 49//49 232//232 51//51
f 208//208 238//238 251//251
f 636//636 640//640 637//637
f 297//297 296//296 284//284
f 641//641 251//251 95//95
f 344//344 623//623 642//642
f 588//588 44//44 57//57
f 564//564 588//588 57//57
f 50//50 643//643 644//644
f 562//562 588//588 564//564
f 647//647 646//646 645//645
f 648//648 647//647 645//645
f 576//576 649//649 574//574
f 650//650 277//277 631//631
f 653//653 652//652 651//651
f 643//643 654//654 644//644
f 657//657 656//656 655//655
f 95//95 658//658 641//641
f 650//650 631//631 659//659
f 267//267 650//650 659//659
f 662//662 661//661 660//660
f 663//663 651//651 664//664
f 652//652 13//13 665//665
f 45//45 631//631 277//277
f 667//667 666//666 65//65
f 640//640 669//669 668//668
f 23//23 65//65 666//666
f 630//630 587//587 619//619
f 670//670 12//12 11//11
f 670//670 671//671 672//672
f 277//277 43//43 45//45
f 647//647 64//64 646//646
f 23//23 344//344 642//642
f 127//127 143//143 673//673
f 674//674 307//307 305//305
f 667//667 65//65 64//64
f 310//310 675//675 308//308
f 571//571 577//577 578//578
f 28//28 38//38 37//37
f 678//678 677//677 676//676
f 1//1 219//219 220//220
f 251//251 238//238 94//94
f 62//62 254//254 238//238
f 638//638 27//27 227//227
f 92//92 679//679 91//91
f 680//680 681//681 649//649
f 39//39 682//682 572//572
f 254//254 26//26 93//93
f 685//685 684//684 683//683
f 688//688 687//687 686//686
f 638//638 227//227 237//237
f 689//689 620//620 690//690
f 573//573 691//691 598//598
f 573//573 692//692 39//39
f 680//680 301//301 555//555
f 693//693 694//694 695//695
f 22//22 344//344 23//23
f 696//696 697//697 698//698
f 699//699 190//190 189//189
f 702//702 701//701 700//700
f 239//239 206//206 268//268
f 703//703 239//239 268//268
f 704//704 705//705 706//706
f 20//20 19//19 82//82
f 238//238 707//707 62//62
f 63//63 575//575 574//574
f 710//710 709//709 708//708
f 695//695 190//190 699//699
f 712//712 711//711 298//298
f 715//715 714//714 713//713
f 716//716 717//717 718//718
f 719//719 720//720 721//721
f 704//704 706//706 717//717
f 574//574 695//695 722//722
f 723//723 82//82 19//19
f 721//721 579//579 719//719
f 682//682 577//577 572//572
f 38//38 577//577 682//682
f 579//579 21//21 578//578
f 724//724 725//725 77//77
f 578//578 21//21 20//20
f 20//20 571//571 578//578
f 316//316 298//298 726//726
f 727//727 586//586 386//386
f 730//730 729//729 728//728
f 704//704 731//731 685//685
f 705//705 704//704 685//685
f 717//717 714//714 704//704
f 732//732 733//733 734//734
f 714//714 717//717 716//716
f 737//737 736//736 735//735
f 600//600 717//717 705//705
f 555//555 681//681 680//680
f 738//738 681//681 555//555
f 320//320 322//322 739//739
f 714//714 715//715 704//704
f 697//697 741//741 740//740
f 239//239 707//707 238//238
f 742//742 648//648 645//645
f 745//745 744//744 743//743
f 746//746 747//747 281//281
f 737//737 735//735 748//748
f 737//737 748//748 749//749
f 260//260 724//724 258//258
f 752//752 751//751 750//750
f 755//755 754//754 753//753
f 674//674 756//756 307//307
f 758//758 757//757 144//144
f 274//274 759//759 260//260
f 760//760 485//485 484//484
f 761//761 762//762 763//763
f 765//765 90//90 764//764
f 768//768 767//767 766//766
f 768//768 769//769 767//767
f 770//770 771//771 736//736
f 42//42 40//40 772//772
f 773//773 275//275 260//260
f 776//776 775//775 774//774
f 777//777 775//775 776//776
f 721//721 21//21 579//579
f 748//748 779//779 778//778
f 780//780 781//781 782//782
f 748//748 778//778 749//749
f 783//783 784//784 785//785
f 785//785 786//786 783//783
f 786//786 787//787 78//78
f 789//789 788//788 696//696
f 782//782 781//781 790//790
f 793//793 792//792 791//791
f 794//794 620//620 689//689
f 24//24 795//795 22//22
f 690//690 620//620 796//796
f 798//798 773//773 797//797
f 275//275 773//773 798//798
f 275//275 274//274 260//260
f 799//799 782//782 689//689
f 802//802 801//801 800//800
f 67//67 803//803 186//186
f 806//806 805//805 804//804
f 583//583 664//664 646//646
f 237//237 191//191 807//807
f 808//808 809//809 224//224
f 232//232 233//233 51//51
f 730//730 728//728 810//810
f 813//813 812//812 811//811
f 815//815 814//814 276//276
f 816//816 224//224 817//817
f 233//233 171//171 51//51
f 818//818 819//819 820//820
f 730//730 792//792 729//729
f 823//823 822//822 821//821
f 14//14 273//273 15//15
f 825//825 824//824 290//290
f 57//57 44//44 826//826
f 394//394 827//827 791//791
f 226//226 817//817 224//224
f 75//75 176//176 828//828
f 829//829 830//830 831//831
f 621//621 796//796 620//620
f 793//793 794//794 729//729
f 815//815 798//798 832//832
f 833//833 834//834 835//835
f 40//40 836//836 809//809
f 837//837 838//838 839//839
f 840//840 841//841 248//248
f 842//842 133//133 132//132
f 844//844 843//843 634//634
f 672//672 846//846 845//845
f 225//225 836//836 847//847
f 850//850 849//849 848//848
f 851//851 852//852 853//853
f 854//854 852//852 837//837
f 855//855 847//847 853//853
f 225//225 847//847 855//855
f 127//127 673//673 25//25
f 263//263 825//825 856//856
f 857//857 858//858 859//859
f 233//233 231//231 860//860
f 861//861 862//862 863//863
f 864//864 814//814 865//865
f 763//763 762//762 818//818
f 868//868 867//867 866//866
f 259//259 773//773 260//260
f 40//40 819//819 772//772
f 869//869 499//499 500//500
f 870//870 871//871 855//855
f 872//872 134//134 180//180
f 873//873 828//828 176//176
f 252//252 253//253 874//874
f 874//874 875//875 252//252
f 876//876 796//796 777//777
f 729//729 877//877 728//728
f 864//864 877//877 790//790
f 877//877 878//878 728//728
f 763//763 864//864 865//865
f 865//865 761//761 763//763
f 864//864 763//763 877//877
f 860//860 231//231 879//879
f 879//879 231//231 792//792
f 180//180 880//880 874//874
f 780//780 782//782 799//799
f 276//276 780//780 881//881
f 881//881 274//274 276//276
f 793//793 729//729 792//792
f 796//796 876//876 690//690
f 882//882 773//773 259//259
f 884//884 883//883 252//252
f 252//252 883//883 42//42
f 41//41 885//885 851//851
f 772//772 886//886 253//253
f 772//772 253//253 42//42
f 874//874 253//253 887//887
f 882//882 797//797 773//773
f 890//890 889//889 888//888
f 844//844 891//891 843//843
f 893//893 892//892 822//822
f 781//781 814//814 864//864
f 780//780 814//814 781//781
f 894//894 832//832 798//798
f 798//798 797//797 894//894
f 895//895 837//837 852//852
f 758//758 144//144 896//896
f 899//899 898//898 897//897
f 900//900 757//757 758//758
f 900//900 758//758 891//891
f 72//72 147//147 901//901
f 72//72 901//901 902//902
f 905//905 904//904 903//903
f 906//906 907//907 908//908
f 909//909 365//365 9//9
f 912//912 911//911 910//910
f 914//914 913//913 97//97
f 913//913 914//914 144//144
f 144//144 914//914 145//145
f 632//632 915//915 916//916
f 917//917 918//918 52//52
f 921//921 920//920 919//919
f 924//924 923//923 922//922
f 927//927 926//926 925//925
f 771//771 770//770 928//928
f 927//927 925//925 294//294
f 931//931 930//930 929//929
f 932//932 500//500 501//501
f 914//914 933//933 145//145
f 99//99 933//933 914//914
f 891//891 934//934 900//900
f 935//935 936//936 937//937
f 940//940 939//939 938//938
f 941//941 942//942 943//943
f 946//946 945//945 944//944
f 869//869 491//491 492//492
f 257//257 826//826 43//43
f 949//949 948//948 947//947
f 950//950 98//98 951//951
f 952//952 953//953 904//904
f 904//904 905//905 952//952
f 954//954 955//955 956//956
f 99//99 914//914 97//97
f 951//951 813//813 950//950
f 957//957 813//813 951//951
f 925//925 904//904 953//953
f 959//959 957//957 958//958
f 925//925 926//926 960//960
f 959//959 960//960 926//926
f 786//786 68//68 800//800
f 91//91 68//68 69//69
f 68//68 91//91 800//800
f 929//929 186//186 931//931
f 293//293 961//961 295//295
f 962//962 963//963 964//964
f 967//967 966//966 965//965
f 737//737 749//749 968//968
f 971//971 970//970 969//969
f 974//974 973//973 972//972
f 975//975 976//976 977//977
f 957//957 951//951 958//958
f 960//960 904//904 925//925
f 913//913 144//144 757//757
f 903//903 958//958 951//951
f 661//661 978//978 660//660
f 979//979 33//33 32//32
f 979//979 32//32 980//980
f 981//981 897//897 99//99
f 99//99 897//897 933//933
f 982//982 983//983 984//984
f 987//987 986//986 985//985
f 990//990 989//989 988//988
f 151//151 150//150 439//439
f 463//463 991//991 464//464
f 994//994 993//993 992//992
f 995//995 464//464 923//923
f 923//923 464//464 991//991
f 996//996 997//997 101//101
f 923//923 493//493 995//995
f 415//415 998//998 999//999
f 85//85 1000//1000 1001//1001
f 1004//1004 1003//1003 1002//1002
f 149//149 1005//1005 104//104
f 155//155 153//153 944//944
f 151//151 1007//1007 1006//1006
f 1010//1010 1009//1009 1008//1008
f 8//8 1011//1011 7//7
f 247//247 248//248 841//841
f 1012//1012 439//439 440//440
f 997//997 102//102 101//101
f 493//493 923//923 492//492
f 1013//1013 1014//1014 898//898
f 183//183 1015//1015 195//195
f 1016//1016 1017//1017 1018//1018
f 1019//1019 1020//1020 1021//1021
f 1022//1022 1023//1023 1024//1024
f 81//81 80//80 450//450
f 1025//1025 967//967 1026//1026
f 960//960 959//959 958//958
f 183//183 195//195 184//184
f 144//144 146//146 896//896
f 1029//1029 1028//1028 1027//1027
f 1030//1030 1031//1031 868//868
f 131//131 1033//1033 1032//1032
f 1032//1032 129//129 131//131
f 1036//1036 1035//1035 1034//1034
f 1038//1038 1037//1037 451//451
f 1005//1005 996//996 104//104
f 243//243 155//155 1003//1003
f 1039//1039 1035//1035 1036//1036
f 1034//1034 7//7 1040//1040
f 1040//1040 7//7 1011//1011
f 9//9 7//7 1041//1041
f 492//492 923//923 924//924
f 90//90 765//765 89//89
f 1003//1003 155//155 1002//1002
f 1044//1044 1043//1043 1042//1042
f 8//8 364//364 1011//1011
f 1045//1045 1046//1046 1047//1047
f 1048//1048 80//80 79//79
f 974//974 1050//1050 1049//1049
f 246//246 247//247 1051//1051
f 1052//1052 1053//1053 1054//1054
f 1055//1055 469//469 999//999
f 1058//1058 1057//1057 1056//1056
f 1051//1051 88//88 89//89
f 1061//1061 1060//1060 1059//1059
f 1063//1063 841//841 1062//1062
f 1062//1062 1064//1064 1063//1063
f 1065//1065 1066//1066 1067//1067
f 976//976 1025//1025 1026//1026
f 1061//1061 1068//1068 1069//1069
f 1070//1070 1051//1051 247//247
f 1062//1062 1071//1071 1072//1072
f 1073//1073 1074//1074 1075//1075
f 918//918 1017//1017 1076//1076
f 1077//1077 996//996 966//966
f 1079//1079 174//174 1078//1078
f 1080//1080 1081//1081 1082//1082
f 1080//1080 1082//1082 1064//1064
f 965//965 1083//1083 1084//1084
f 965//965 1084//1084 967//967
f 1085//1085 1086//1086 1087//1087
f 1090//1090 1089//1089 1088//1088
f 996//996 965//965 966//966
f 765//765 1091//1091 168//168
f 765//765 168//168 89//89
f 1092//1092 250//250 911//911
f 1072//1072 1093//1093 1080//1080
f 156//156 158//158 1094//1094
f 1080//1080 1064//1064 1072//1072
f 487//487 1095//1095 142//142
f 1096//1096 451//451 1037//1037
f 1097//1097 1098//1098 1099//1099
f 1100//1100 1101//1101 1102//1102
f 1103//1103 1095//1095 1104//1104
f 977//977 1105//1105 975//975
f 1026//1026 1106//1106 976//976
f 1107//1107 1089//1089 1090//1090
f 1108//1108 1107//1107 1090//1090
f 451//451 1096//1096 1109//1109
f 1110//1110 486//486 1111//1111
f 996//996 101//101 104//104
f 1113//1113 1045//1045 1112//1112
f 451//451 81//81 450//450
f 1081//1081 1115//1115 1114//1114
f 1109//1109 81//81 451//451
f 1045//1045 1047//1047 1116//1116
f 1085//1085 1117//1117 1118//1118
f 1085//1085 1118//1118 1119//1119
f 1120//1120 1118//1118 1117//1117
f 1123//1123 1122//1122 1121//1121
f 1122//1122 1123//1123 1011//1011
f 975//975 1124//1124 976//976
f 986//986 1123//1123 1121//1121
f 1025//1025 976//976 1124//1124
f 482//482 1125//1125 1126//1126
f 483//483 1125//1125 482//482
f 1127//1127 1125//1125 483//483
f 1128//1128 1129//1129 1130//1130
f 365//365 8//8 9//9
f 364//364 1122//1122 1011//1011
f 1133//1133 1132//1132 1131//1131
f 975//975 764//764 1124//1124
f 1134//1134 154//154 243//243
f 921//921 74//74 73//73
f 79//79 1109//1109 1111//1111
f 988//988 989//989 1135//1135
f 985//985 1036//1036 1034//1034
f 1023//1023 1136//1136 1137//1137
f 1138//1138 1136//1136 1023//1023
f 1048//1048 989//989 972//972
f 79//79 81//81 1109//1109
f 972//972 989//989 990//990
f 1048//1048 972//972 973//973
f 1140//1140 1139//1139 461//461
f 1143//1143 1142//1142 1141//1141
f 1144//1144 1145//1145 1146//1146
f 1149//1149 1148//1148 1147//1147
f 147//147 1150//1150 901//901
f 1012//1012 1067//1067 1086//1086
f 973//973 450//450 80//80
f 973//973 80//80 1048//1048
f 1049//1049 1152//1152 1151//1151
f 236//236 1154//1154 1153//1153
f 1155//1155 440//440 150//150
f 182//182 1156//1156 1116//1116
f 1087//1087 1086//1086 1067//1067
f 1159//1159 1158//1158 1157//1157
f 1162//1162 1161//1161 1160//1160
f 1164//1164 1152//1152 1163//1163
f 1165//1165 1087//1087 1067//1067
f 1165//1165 1067//1067 1066//1066
f 1160//1160 1132//1132 162//162
f 1168//1168 1167//1167 1166//1166
f 181//181 130//130 182//182
f 131//131 130//130 181//181
f 1169//1169 1067//1067 1012//1012
f 1088//1088 1089//1089 145//145
f 1170//1170 158//158 1171//1171
f 1172//1172 234//234 1173//1173
f 1116//1116 54//54 182//182
f 1174//1174 228//228 54//54
f 1116//1116 1174//1174 54//54
f 1116//1116 1047//1047 1174//1174
f 1037//1037 1084//1084 1083//1083
f 1093//1093 1072//1072 1018//1018
f 1093//1093 1018//1018 1175//1175
f 1176//1176 907//907 906//906
f 906//906 1114//1114 1176//1176
f 152//152 162//162 1132//1132
f 152//152 1132//1132 1133//1133
f 157//157 1178//1178 1177//1177
f 1108//1108 130//130 129//129
f 1072//1072 1064//1064 1062//1062
f 1088//1088 1113//1113 1090//1090
f 1181//1181 1180//1180 1179//1179
f 151//151 1006//1006 162//162
f 1022//1022 1024//1024 1182//1182
f 1185//1185 1184//1184 1183//1183
f 907//907 1174//1174 1047//1047
f 1176//1176 228//228 1174//1174
f 1007//1007 1012//1012 1086//1086
f 439//439 1012//1012 1007//1007
f 1175//1175 917//917 1186//1186
f 962//962 812//812 963//963
f 1077//1077 1187//1187 1137//1137
f 908//908 1046//1046 1188//1188
f 897//897 1014//1014 933//933
f 898//898 1014//1014 897//897
f 1089//1089 1107//1107 146//146
f 145//145 1089//1089 146//146
f 125//125 1189//1189 124//124
f 634//634 633//633 842//842
f 54//54 53//53 181//181
f 129//129 1190//1190 1107//1107
f 129//129 1107//1107 1108//1108
f 866//866 1191//1191 916//916
f 811//811 812//812 962//962
f 1193//1193 829//829 1192//1192
f 829//829 1193//1193 830//830
f 679//679 92//92 934//934
f 903//903 98//98 913//913
f 242//242 867//867 868//868
f 1196//1196 1195//1195 1194//1194
f 99//99 98//98 950//950
f 97//97 913//913 98//98
f 813//813 811//811 950//950
f 981//981 950//950 811//811
f 950//950 981//981 99//99
f 908//908 1188//1188 906//906
f 1186//1186 1176//1176 1197//1197
f 1186//1186 228//228 1176//1176
f 1114//1114 1197//1197 1176//1176
f 1198//1198 181//181 53//53
f 918//918 1194//1194 52//52
f 1194//1194 1195//1195 53//53
f 1194//1194 53//53 52//52
f 902//902 1152//1152 1164//1164
f 830//830 1199//1199 831//831
f 916//916 633//633 632//632
f 242//242 868//868 1031//1031
f 242//242 1031//1031 1200//1200
f 1203//1203 1202//1202 1201//1201
f 118//118 1204//1204 226//226
f 1205//1205 839//839 838//838
f 837//837 839//839 854//854
f 831//831 1206//1206 916//916
f 916//916 915//915 831//831
f 922//922 945//945 924//924
f 1207//1207 1208//1208 1209//1209
f 873//873 176//176 1210//1210
f 873//873 1210//1210 1198//1198
f 1211//1211 1212//1212 1155//1155
f 1211//1211 1155//1155 1114//1114
f 980//980 1205//1205 838//838
f 247//247 841//841 1063//1063
f 41//41 836//836 40//40
f 1215//1215 1214//1214 1213//1213
f 1213//1213 1216//1216 1215//1215
f 837//837 1217//1217 1218//1218
f 1219//1219 74//74 919//919
f 919//919 1220//1220 1219//1219
f 89//89 246//246 1051//1051
f 240//240 1217//1217 895//895
f 906//906 1211//1211 1114//1114
f 1018//1018 1017//1017 1175//1175
f 1115//1115 1197//1197 1114//1114
f 1195//1195 1221//1221 873//873
f 1221//1221 1195//1195 1196//1196
f 52//52 1186//1186 917//917
f 1223//1223 1222//1222 184//184
f 1224//1224 1225//1225 1226//1226
f 918//918 917//917 1017//1017
f 133//133 633//633 880//880
f 1186//1186 52//52 228//228
f 1227//1227 1171//1171 1228//1228
f 51//51 171//171 170//170
f 1015//1015 196//196 195//195
f 1229//1229 1201//1201 1202//1202
f 1232//1232 1231//1231 1230//1230
f 1019//1019 1021//1021 1233//1233
f 1222//1222 1234//1234 1235//1235
f 1238//1238 1237//1237 1236//1236
f 1163//1163 1152//1152 1049//1049
f 1163//1163 1049//1049 1239//1239
f 1240//1240 1241//1241 1031//1031
f 1243//1243 849//849 1242//1242
f 791//791 622//622 793//793
f 1244//1244 1148//1148 1149//1149
f 119//119 1204//1204 118//118
f 1247//1247 1246//1246 1245//1245
f 1248//1248 1249//1249 1250//1250
f 1253//1253 1252//1252 1251//1251
f 1256//1256 1255//1255 1254//1254
f 1255//1255 1256//1256 1257//1257
f 110//110 249//249 109//109
f 1259//1259 1068//1068 1258//1258
f 1050//1050 1147//1147 1049//1049
f 1085//1085 1119//1119 1260//1260
f 1085//1085 1260//1260 1086//1086
f 1263//1263 1262//1262 1261//1261
f 912//912 1265//1265 1264//1264
f 1266//1266 1267//1267 1268//1268
f 235//235 1269//1269 236//236
f 47//47 1270//1270 48//48
f 1177//1177 1171//1171 157//157
f 919//919 1271//1271 1220//1220
f 70//70 1273//1273 1272//1272
f 1266//1266 1172//1172 1173//1173
f 1268//1268 1172//1172 1266//1266
f 1248//1248 1250//1250 1274//1274
f 1275//1275 1246//1246 1276//1276
f 1278//1278 900//900 1277//1277
f 1281//1281 1280//1280 1279//1279
f 1283//1283 1282//1282 1054//1054
f 1284//1284 1285//1285 47//47
f 1287//1287 1286//1286 1270//1270
f 1179//1179 1288//1288 1249//1249
f 1290//1290 1287//1287 1289//1289
f 1289//1289 1225//1225 1290//1290
f 1292//1292 1291//1291 1274//1274
f 46//46 1284//1284 47//47
f 1293//1293 1286//1286 1267//1267
f 48//48 1294//1294 46//46
f 1295//1295 1231//1231 1060//1060
f 236//236 1297//1297 1296//1296
f 1298//1298 1299//1299 1300//1300
f 1301//1301 1071//1071 1062//1062
f 1184//1184 1185//1185 1302//1302
f 868//868 1199//1199 1030//1030
f 1304//1304 1226//1226 1303//1303
f 1226//1226 1304//1304 1224//1224
f 1253//1253 1251//1251 1249//1249
f 1249//1249 1251//1251 1250//1250
f 1304//1304 1305//1305 1224//1224
f 1199//1199 1306//1306 1030//1030
f 830//830 1306//1306 1199//1199
f 913//913 1307//1307 903//903
f 903//903 1307//1307 905//905
f 1310//1310 1309//1309 1308//1308
f 1311//1311 1305//1305 1304//1304
f 1314//1314 1313//1313 1312//1312
f 1210//1210 1219//1219 1033//1033
f 1315//1315 1104//1104 1316//1316
f 1311//1311 1303//1303 1317//1317
f 1269//1269 235//235 910//910
f 1320//1320 1319//1319 1318//1318
f 169//169 121//121 138//138
f 1304//1304 1303//1303 1311//1311
f 1201//1201 1322//1322 1321//1321
f 1321//1321 1203//1203 1201//1201
f 1183//1183 1323//1323 1324//1324
f 261//261 1326//1326 1325//1325
f 1183//1183 1305//1305 1311//1311
f 1185//1185 1183//1183 115//115
f 1311//1311 115//115 1183//1183
f 1327//1327 1328//1328 347//347
f 1329//1329 1094//1094 1330//1330
f 110//110 185//185 249//249
f 1331//1331 1101//1101 1053//1053
f 1226//1226 1291//1291 1303//1303
f 1332//1332 1285//1285 1284//1284
f 1171//1171 158//158 157//157
f 166//166 167//167 1098//1098
f 1333//1333 1334//1334 1300//1300
f 1258//1258 1253//1253 1288//1288
f 1288//1288 1259//1259 1258//1258
f 1336//1336 1329//1329 1335//1335
f 1103//1103 1336//1336 1335//1335
f 1270//1270 1285//1285 1289//1289
f 1339//1339 1338//1338 1337//1337
f 1228//1228 863//863 1340//1340
f 1341//1341 1312//1312 1342//1342
f 1019//1019 1344//1344 1343//1343
f 1289//1289 1285//1285 1345//1345
f 1346//1346 1347//1347 1148//1148
f 1348//1348 199//199 200//200
f 1183//1183 1324//1324 1305//1305
f 1349//1349 156//156 1094//1094
f 1350//1350 666//666 667//667
f 1352//1352 1351//1351 1201//1201
f 1101//1101 1100//1100 1053//1053
f 1354//1354 1353//1353 192//192
f 1356//1356 117//117 1355//1355
f 1102//1102 1097//1097 1099//1099
f 1346//1346 1357//1357 1283//1283
f 1358//1358 1359//1359 1360//1360
f 71//71 1362//1362 1361//1361
f 1363//1363 71//71 1361//1361
f 1301//1301 1062//1062 841//841
f 1070//1070 1131//1131 1132//1132
f 1063//1063 1131//1131 1070//1070
f 1097//1097 1353//1353 1364//1364
f 1071//1071 1365//1365 1018//1018
f 1016//1016 1365//1365 1366//1366
f 1018//1018 1365//1365 1016//1016
f 192//192 1102//1102 194//194
f 1272//1272 1273//1273 167//167
f 1071//1071 1367//1367 1365//1365
f 1071//1071 1301//1301 1367//1367
f 1365//1365 1367//1367 1368//1368
f 1371//1371 1370//1370 1369//1369
f 142//142 1095//1095 1103//1103
f 142//142 1103//1103 1335//1335
f 1214//1214 1066//1066 1213//1213
f 1331//1331 1053//1053 1052//1052
f 1065//1065 1067//1067 1169//1169
f 1372//1372 90//90 88//88
f 6//6 1373//1373 164//164
f 1375//1375 1374//1374 1244//1244
f 1160//1160 1161//1161 88//88
f 1155//1155 150//150 1082//1082
f 983//983 1377//1377 1376//1376
f 1378//1378 154//154 1134//1134
f 153//153 154//154 1378//1378
f 1379//1379 1380//1380 1381//1381
f 1383//1383 1368//1368 1382//1382
f 193//193 1383//1383 1382//1382
f 1147//1147 1347//1347 1239//1239
f 1024//1024 1023//1023 1187//1187
f 1170//1170 1094//1094 158//158
f 1330//1330 1094//1094 1170//1170
f 1346//1346 1148//1148 1357//1357
f 1158//1158 1384//1384 1385//1385
f 415//415 470//470 416//416
f 1388//1388 1387//1387 1386//1386
f 1389//1389 1390//1390 1391//1391
f 1391//1391 1392//1392 1389//1389
f 1394//1394 1381//1381 1393//1393
f 1052//1052 1282//1282 1395//1395
f 1395//1395 1396//1396 1052//1052
f 1331//1331 194//194 1101//1101
f 212//212 1397//1397 1398//1398
f 1395//1395 1399//1399 1396//1396
f 1400//1400 1171//1171 1401//1401
f 140//140 142//142 1335//1335
f 1141//1141 140//140 1335//1335
f 1402//1402 1170//1170 1227//1227
f 1315//1315 1314//1314 1312//1312
f 1239//1239 1347//1347 1403//1403
f 1339//1339 1337//1337 1054//1054
f 1227//1227 1170//1170 1171//1171
f 1404//1404 1309//1309 1405//1405
f 1283//1283 1357//1357 1406//1406
f 109//109 46//46 108//108
f 384//384 1399//1399 1407//1407
f 1407//1407 1395//1395 1406//1406
f 1408//1408 1407//1407 1357//1357
f 1357//1357 1407//1407 1406//1406
f 197//197 125//125 1409//1409
f 1409//1409 195//195 197//197
f 383//383 385//385 1410//1410
f 1181//1181 1411//1411 1180//1180
f 124//124 1413//1413 1412//1412
f 139//139 1414//1414 383//383
f 140//140 1415//1415 141//141
f 1415//1415 140//140 1142//1142
f 1142//1142 140//140 1141//1141
f 1401//1401 1171//1171 1177//1177
f 1076//1076 1017//1017 1016//1016
f 1416//1416 831//831 915//915
f 861//861 1076//1076 862//862
f 4//4 6//6 1417//1417
f 1418//1418 1188//1188 1046//1046
f 1262//1262 1419//1419 1261//1261
f 139//139 121//121 1420//1420
f 139//139 1421//1421 1415//1415
f 1420//1420 1421//1421 139//139
f 1423//1423 1374//1374 1422//1422
f 139//139 1415//1415 1414//1414
f 1422//1422 1375//1375 1390//1390
f 1422//1422 1374//1374 1375//1375
f 1417//1417 6//6 1424//1424
f 1426//1426 1380//1380 1425//1425
f 1245//1245 1246//1246 1275//1275
f 188//188 1428//1428 1427//1427
f 1427//1427 1424//1424 188//188
f 1388//1388 1429//1429 1387//1387
f 123//123 122//122 1430//1430
f 1431//1431 943//943 1388//1388
f 1432//1432 1433//1433 1434//1434
f 910//910 235//235 1172//1172
f 1433//1433 1436//1436 1435//1435
f 1377//1377 1438//1438 1437//1437
f 1438//1438 1439//1439 1437//1437
f 198//198 1432//1432 1440//1440
f 1440//1440 200//200 198//198
f 1359//1359 1442//1442 1441//1441
f 941//941 1443//1443 942//942
f 1437//1437 1439//1439 1440//1440
f 1446//1446 1445//1445 1444//1444
f 1300//1300 1299//1299 1447//1447
f 6//6 188//188 1424//1424
f 1449//1449 1419//1419 1448//1448
f 1451//1451 1450//1450 1069//1069
f 198//198 1433//1433 1432//1432
f 1377//1377 1434//1434 1433//1433
f 1453//1453 178//178 1452//1452
f 1388//1388 1386//1386 1433//1433
f 1454//1454 1455//1455 1456//1456
f 1459//1459 1458//1458 1457//1457
f 1460//1460 1461//1461 1462//1462
f 1463//1463 1464//1464 1465//1465
f 1462//1462 1433//1433 1386//1386
f 1461//1461 1466//1466 1462//1462
f 1467//1467 1468//1468 1469//1469
f 1438//1438 1470//1470 1439//1439
f 5//5 1430//1430 1373//1373
f 197//197 1471//1471 1472//1472
f 1348//1348 1426//1426 1473//1473
f 1474//1474 1475//1475 175//175
f 1462//1462 1466//1466 1433//1433
f 951//951 98//98 903//903
f 1478//1478 1477//1477 1476//1476
f 1479//1479 204//204 203//203
f 1480//1480 1376//1376 1478//1478
f 1481//1481 1482//1482 1483//1483
f 1444//1444 1473//1473 1426//1426
f 345//345 1369//1369 1370//1370
f 1327//1327 984//984 1328//1328
f 1484//1484 1485//1485 1466//1466
f 869//869 924//924 945//945
f 492//492 924//924 869//869
f 1357//1357 1148//1148 1244//1244
f 1086//1086 1260//1260 1007//1007
f 89//89 1486//1486 246//246
f 168//168 1486//1486 89//89
f 1013//1013 1418//1418 1046//1046
f 908//908 1047//1047 1046//1046
f 907//907 1047//1047 908//908
f 1489//1489 1488//1488 1487//1487
f 1427//1427 940//940 1424//1424
f 136//136 138//138 1410//1410
f 1439//1439 200//200 1440//1440
f 1420//1420 1491//1491 1490//1490
f 1490//1490 1492//1492 1420//1420
f 163//163 1494//1494 1493//1493
f 1495//1495 1455//1455 1454//1454
f 1496//1496 1354//1354 193//193
f 1461//1461 1460//1460 1497//1497
f 697//697 696//696 1498//1498
f 1499//1499 1207//1207 1500//1500
f 1501//1501 1502//1502 1481//1481
f 1222//1222 1223//1223 1411//1411
f 1181//1181 1222//1222 1411//1411
f 1446//1446 1444//1444 1388//1388
f 1503//1503 1504//1504 1505//1505
f 1506//1506 1507//1507 1508//1508
f 1466//1466 1461//1461 1484//1484
f 1501//1501 1328//1328 984//984
f 1509//1509 1469//1469 1468//1468
f 1510//1510 1511//1511 1512//1512
f 236//236 1296//1296 1472//1472
f 1513//1513 1276//1276 1514//1514
f 984//984 983//983 1501//1501
f 1515//1515 1324//1324 1323//1323
f 1512//1512 1511//1511 1516//1516
f 1519//1519 1518//1518 1517//1517
f 1522//1522 1521//1521 1520//1520
f 1369//1369 1508//1508 1523//1523
f 1369//1369 1523//1523 1470//1470
f 1524//1524 1525//1525 1526//1526
f 234//234 1172//1172 235//235
f 1216//1216 1527//1527 1215//1215
f 1011//1011 987//987 1040//1040
f 153//153 963//963 944//944
f 1528//1528 1529//1529 1530//1530
f 962//962 1527//1527 899//899
f 964//964 1527//1527 962//962
f 1531//1531 1532//1532 1144//1144
f 903//903 904//904 958//958
f 1392//1392 165//165 163//163
f 163//163 1493//1493 1392//1392
f 911//911 912//912 1092//1092
f 1323//1323 1441//1441 1515//1515
f 1388//1388 1444//1444 1533//1533
f 1515//1515 1535//1535 1534//1534
f 1534//1534 1290//1290 1515//1515
f 123//123 1393//1393 1536//1536
f 123//123 1536//1536 1420//1420
f 1537//1537 1538//1538 1539//1539
f 5//5 4//4 1540//1540
f 1542//1542 889//889 1541//1541
f 899//899 1527//1527 1216//1216
f 1216//1216 898//898 899//899
f 1211//1211 1188//1188 1212//1212
f 1368//1368 1543//1543 1340//1340
f 1194//1194 918//918 1544//1544
f 1261//1261 1545//1545 1263//1263
f 1294//1294 1293//1293 1153//1153
f 136//136 1494//1494 1546//1546
f 109//109 1284//1284 46//46
f 1547//1547 1548//1548 1549//1549
f 1324//1324 1515//1515 1290//1290
f 1311//1311 1317//1317 1550//1550
f 1311//1311 1550//1550 115//115
f 1550//1550 1351//1351 115//115
f 1332//1332 1274//1274 1285//1285
f 1345//1345 1285//1285 1274//1274
f 1551//1551 1172//1172 1268//1268
f 1552//1552 1154//1154 236//236
f 1553//1553 1397//1397 212//212
f 1472//1472 1296//1296 197//197
f 197//197 1189//1189 125//125
f 1442//1442 1078//1078 1554//1554
f 194//194 1415//1415 193//193
f 1153//1153 1555//1555 236//236
f 1541//1541 889//889 1556//1556
f 156//156 1178//1178 157//157
f 1444//1444 1425//1425 1533//1533
f 910//910 911//911 1310//1310
f 1286//1286 48//48 1270//1270
f 1471//1471 197//197 196//196
f 45//45 587//587 630//630
f 1558//1558 1557//1557 1404//1404
f 1442//1442 1554//1554 1441//1441
f 1154//1154 1015//1015 1559//1559
f 183//183 185//185 1559//1559
f 47//47 1285//1285 1270//1270
f 1560//1560 1561//1561 1299//1299
f 1562//1562 1284//1284 109//109
f 1562//1562 109//109 1563//1563
f 1293//1293 1555//1555 1153//1153
f 1267//1267 1555//1555 1293//1293
f 1566//1566 1565//1565 1564//1564
f 1015//1015 1552//1552 196//196
f 1535//1535 1554//1554 1264//1264
f 1015//1015 1154//1154 1552//1552
f 1555//1555 1267//1267 1266//1266
f 1180//1180 1288//1288 1179//1179
f 1568//1568 1209//1209 1567//1567
f 1222//1222 1181//1181 1234//1234
f 1351//1351 1322//1322 1201//1201
f 1189//1189 1549//1549 124//124
f 183//183 1559//1559 1015//1015
f 1317//1317 1569//1569 1499//1499
f 1569//1569 1208//1208 1499//1499
f 1570//1570 1167//1167 1185//1185
f 1020//1020 1019//1019 1343//1343
f 1020//1020 1177//1177 1178//1178
f 1177//1177 1020//1020 1343//1343
f 1208//1208 1571//1571 1209//1209
f 1297//1297 1572//1572 1573//1573
f 1576//1576 1575//1575 1574//1574
f 185//185 110//110 1559//1559
f 1559//1559 110//110 108//108
f 1286//1286 1577//1577 1267//1267
f 1449//1449 1448//1448 1539//1539
f 1405//1405 1309//1309 1578//1578
f 1092//1092 912//912 1264//1264
f 1551//1551 1265//1265 912//912
f 1079//1079 1078//1078 1442//1442
f 1551//1551 912//912 910//910
f 1551//1551 910//910 1172//1172
f 1358//1358 1442//1442 1359//1359
f 1269//1269 1310//1310 1557//1557
f 824//824 1575//1575 1579//1579
f 1582//1582 1581//1581 1580//1580
f 1557//1557 1310//1310 1308//1308
f 911//911 173//173 1310//1310
f 250//250 1092//1092 1078//1078
f 1513//1513 1275//1275 1276//1276
f 236//236 1266//1266 1173//1173
f 1308//1308 1404//1404 1557//1557
f 174//174 1474//1474 175//175
f 1474//1474 174//174 1079//1079
f 1583//1583 1584//1584 1585//1585
f 1309//1309 1310//1310 1578//1578
f 1586//1586 1499//1499 1500//1500
f 1587//1587 1588//1588 1589//1589
f 1303//1303 1569//1569 1317//1317
f 1590//1590 1341//1341 1342//1342
f 1534//1534 1535//1535 1265//1265
f 1544//1544 861//861 1344//1344
f 1221//1221 828//828 873//873
f 1270//1270 1289//1289 1287//1287
f 1268//1268 1267//1267 1577//1577
f 883//883 884//884 241//241
f 241//241 885//885 883//883
f 1450//1450 1591//1591 1592//1592
f 109//109 1235//1235 1563//1563
f 173//173 1405//1405 1578//1578
f 173//173 1578//1578 1310//1310
f 1535//1535 1264//1264 1265//1265
f 1515//1515 1441//1441 1535//1535
f 1593//1593 1594//1594 221//221
f 126//126 124//124 1412//1412
f 212//212 1595//1595 213//213
f 1547//1547 1573//1573 1572//1572
f 1412//1412 1238//1238 1596//1596
f 1236//1236 1596//1596 1238//1238
f 1598//1598 1597//1597 1237//1237
f 1557//1557 1599//1599 1269//1269
f 1600//1600 1599//1599 1557//1557
f 1599//1599 236//236 1269//1269
f 1409//1409 125//125 1601//1601
f 1602//1602 1595//1595 125//125
f 1603//1603 1604//1604 1605//1605
f 1608//1608 1607//1607 1606//1606
f 1079//1079 1442//1442 1358//1358
f 854//854 839//839 1205//1205
f 1603//1603 1605//1605 1609//1609
f 1612//1612 1611//1611 1610//1610
f 1613//1613 1614//1614 1584//1584
f 213//213 1615//1615 214//214
f 1618//1618 1617//1617 1616//1616
f 1601//1601 1611//1611 1619//1619
f 123//123 1420//1420 121//121
f 221//221 223//223 1593//1593
f 214//214 1553//1553 212//212
f 211//211 1620//1620 209//209
f 1058//1058 1621//1621 1622//1622
f 1604//1604 1603//1603 1623//1623
f 210//210 209//209 1624//1624
f 1624//1624 209//209 1280//1280
f 290//290 1579//1579 1625//1625
f 1451//1451 1591//1591 1450//1450
f 668//668 1626//1626 640//640
f 213//213 1595//1595 1627//1627
f 1628//1628 1629//1629 1576//1576
f 1628//1628 1576//1576 1630//1630
f 1622//1622 1631//1631 1058//1058
f 1632//1632 1633//1633 1634//1634
f 1240//1240 1271//1271 919//919
f 1635//1635 1636//1636 1637//1637
f 851//851 853//853 847//847
f 226//226 1204//1204 817//817
f 1633//1633 1639//1639 1638//1638
f 1640//1640 1633//1633 1638//1638
f 1641//1641 222//222 1620//1620
f 1280//1280 222//222 221//221
f 1638//1638 1643//1643 1642//1642
f 209//209 222//222 1280//1280
f 1620//1620 222//222 209//209
f 1644//1644 642//642 623//623
f 2//2 1//1 1645//1645
f 1611//1611 1591//1591 1646//1646
f 1647//1647 1091//1091 765//765
f 967//967 1084//1084 1026//1026
f 888//888 120//120 1648//1648
f 211//211 1254//1254 1255//1255
f 1638//1638 1642//1642 1649//1649
f 1272//1272 1091//1091 1647//1647
f 1583//1583 120//120 1542//1542
f 1650//1650 1651//1651 1652//1652
f 893//893 32//32 31//31
f 250//250 1078//1078 174//174
f 1653//1653 1541//1541 1556//1556
f 1612//1612 1610//1610 1643//1643
f 1654//1654 1655//1655 1612//1612
f 1654//1654 1612//1612 1656//1656
f 1234//1234 1563//1563 1235//1235
f 1450//1450 1295//1295 1069//1069
f 1074//1074 1372//1372 1161//1161
f 88//88 1161//1161 1372//1372
f 1638//1638 1657//1657 1640//1640
f 1649//1649 1657//1657 1638//1638
f 1655//1655 1592//1592 1591//1591
f 1114//1114 1155//1155 1081//1081
f 1082//1082 1081//1081 1155//1155
f 449//449 450//450 1658//1658
f 210//210 1649//1649 1642//1642
f 852//852 885//885 895//895
f 1654//1654 1656//1656 1639//1639
f 1153//1153 108//108 1294//1294
f 1325//1325 1575//1575 824//824
f 1641//1641 1398//1398 1659//1659
f 210//210 1657//1657 1649//1649
f 1281//1281 1657//1657 1624//1624
f 1617//1617 1598//1598 1237//1237
f 1558//1558 1617//1617 1237//1237
f 1398//1398 1660//1660 1659//1659
f 210//210 1642//1642 1254//1254
f 1222//1222 1235//1235 184//184
f 1235//1235 109//109 249//249
f 184//184 1235//1235 249//249
f 1325//1325 1589//1589 1661//1661
f 1567//1567 1209//1209 1571//1571
f 1662//1662 878//878 1663//1663
f 1207//1207 1209//1209 1664//1664
f 1500//1500 1587//1587 1586//1586
f 1587//1587 1500//1500 1588//1588
f 1250//1250 1292//1292 1274//1274
f 941//941 943//943 1665//1665
f 1662//1662 728//728 878//878
f 850//850 1651//1651 1650//1650
f 1667//1667 1666//1666 1587//1587
f 1587//1587 1666//1666 1586//1586
f 1567//1567 1571//1571 1251//1251
f 1251//1251 1571//1571 1292//1292
f 1664//1664 1668//1668 1588//1588
f 1250//1250 1251//1251 1292//1292
f 1185//1185 1167//1167 1302//1302
f 1669//1669 1229//1229 1020//1020
f 1021//1021 1020//1020 1229//1229
f 1178//1178 1669//1669 1020//1020
f 1205//1205 823//823 821//821
f 821//821 854//854 1205//1205
f 1499//1499 1321//1321 1322//1322
f 1288//1288 1253//1253 1249//1249
f 1325//1325 1326//1326 1589//1589
f 856//856 292//292 1670//1670
f 1671//1671 1167//1167 1570//1570
f 261//261 262//262 1652//1652
f 261//261 1652//1652 1326//1326
f 1574//1574 1672//1672 1230//1230
f 1650//1650 979//979 1673//1673
f 1673//1673 979//979 980//980
f 1325//1325 1661//1661 1672//1672
f 27//27 639//639 127//127
f 127//127 25//25 27//27
f 636//636 207//207 641//641
f 1674//1674 636//636 641//641
f 1675//1675 1609//1609 1605//1605
f 1676//1676 1021//1021 1229//1229
f 878//878 1677//1677 1663//1663
f 242//242 241//241 1678//1678
f 241//241 240//240 895//895
f 1205//1205 980//980 823//823
f 1679//1679 29//29 22//22
f 646//646 1680//1680 583//583
f 1681//1681 1682//1682 1683//1683
f 41//41 851//851 836//836
f 635//635 263//263 856//856
f 642//642 65//65 23//23
f 22//22 1684//1684 37//37
f 584//584 640//640 585//585
f 240//240 242//242 1200//1200
f 1581//1581 1621//1621 1058//1058
f 1058//1058 1580//1580 1581//1581
f 1366//1366 862//862 1016//1016
f 1202//1202 1685//1685 1676//1676
f 1687//1687 1686//1686 407//407
f 1343//1343 1401//1401 1177//1177
f 233//233 1688//1688 171//171
f 638//638 1689//1689 827//827
f 258//258 78//78 787//787
f 1683//1683 1690//1690 38//38
f 860//860 1688//1688 233//233
f 808//808 1691//1691 820//820
f 1693//1693 1692//1692 266//266
f 1631//1631 1057//1057 1058//1058
f 1580//1580 1058//1058 1056//1056
f 789//789 1694//1694 788//788
f 1697//1697 1696//1696 1695//1695
f 203//203 1526//1526 1479//1479
f 636//636 206//206 207//207
f 1698//1698 1699//1699 1700//1700
f 643//643 51//51 170//170
f 1701//1701 1702//1702 1703//1703
f 37//37 623//623 344//344
f 1704//1704 709//709 775//775
f 1705//1705 30//30 671//671
f 219//219 1706//1706 215//215
f 202//202 219//219 215//215
f 38//38 28//28 1681//1681
f 576//576 1707//1707 1708//1708
f 658//658 1674//1674 641//641
f 1679//1679 218//218 29//29
f 1710//1710 674//674 1709//1709
f 38//38 1681//1681 1683//1683
f 1711//1711 28//28 589//589
f 1712//1712 805//805 218//218
f 1713//1713 14//14 654//654
f 1714//1714 1715//1715 687//687
f 666//666 24//24 23//23
f 1675//1675 1605//1605 1716//1716
f 777//777 1717//1717 807//807
f 1712//1712 1718//1718 804//804
f 894//894 134//134 872//872
f 1719//1719 894//894 797//797
f 134//134 894//894 1719//1719
f 1720//1720 1717//1717 796//796
f 224//224 816//816 808//808
f 858//858 1721//1721 1722//1722
f 394//394 791//791 231//231
f 231//231 791//791 792//792
f 827//827 394//394 128//128
f 827//827 128//128 639//639
f 881//881 780//780 799//799
f 881//881 799//799 1723//1723
f 777//777 796//796 1717//1717
f 1585//1585 1724//1724 1583//1583
f 1725//1725 1726//1726 1727//1727
f 283//283 1728//1728 282//282
f 952//952 931//931 953//953
f 930//930 931//931 952//952
f 805//805 220//220 218//218
f 1524//1524 1729//1729 1525//1525
f 1549//1549 1413//1413 124//124
f 1275//1275 1358//1358 1245//1245
f 1730//1730 1731//1731 947//947
f 1734//1734 1733//1733 1732//1732
f 888//888 1542//1542 120//120
f 889//889 1542//1542 888//888
f 1681//1681 28//28 10//10
f 1675//1675 805//805 806//806
f 1681//1681 12//12 845//845
f 1623//1623 1735//1735 1604//1604
f 1738//1738 1737//1737 1736//1736
f 1513//1513 1514//1514 1474//1474
f 804//804 1718//1718 1698//1698
f 22//22 795//795 1679//1679
f 1735//1735 1623//1623 1739//1739
f 1740//1740 1741//1741 1742//1742
f 1743//1743 1690//1690 1683//1683
f 978//978 1744//1744 660//660
f 570//570 1745//1745 624//624
f 660//660 1744//1744 1746//1746
f 1747//1747 1746//1746 1744//1744
f 278//278 1748//1748 279//279
f 280//280 1732//1732 1749//1749
f 270//270 1751//1751 1750//1750
f 1752//1752 1753//1753 1754//1754
f 1754//1754 1755//1755 1752//1752
f 1758//1758 1757//1757 1756//1756
f 271//271 1751//1751 270//270
f 1761//1761 1760//1760 1759//1759
f 1755//1755 1754//1754 1762//1762
f 751//751 752//752 1763//1763
f 1764//1764 751//751 1763//1763
f 1764//1764 978//978 1765//1765
f 1766//1766 1767//1767 1768//1768
f 1287//1287 1290//1290 1534//1534
f 1309//1309 1404//1404 1308//1308
f 1412//1412 1596//1596 126//126
f 1597//1597 1769//1769 1602//1602
f 1549//1549 1548//1548 1413//1413
f 1757//1757 1758//1758 1770//1770
f 1773//1773 1772//1772 1771//1771
f 1774//1774 1775//1775 1776//1776
f 1761//1761 1777//1777 1760//1760
f 1765//1765 1760//1760 1777//1777
f 1778//1778 1779//1779 1780//1780
f 1783//1783 1782//1782 1781//1781
f 1784//1784 1762//1762 1785//1785
f 1788//1788 1787//1787 1786//1786
f 1790//1790 1789//1789 712//712
f 661//661 662//662 1756//1756
f 1791//1791 1608//1608 1792//1792
f 1318//1318 1545//1545 1261//1261
f 1320//1320 1318//1318 1261//1261
f 1795//1795 1794//1794 1793//1793
f 1798//1798 1797//1797 1796//1796
f 1692//1692 1800//1800 1799//1799
f 1692//1692 1799//1799 1801//1801
f 1802//1802 750//750 1803//1803
f 1806//1806 1805//1805 1804//1804
f 1805//1805 1806//1806 687//687
f 949//949 1807//1807 1740//1740
f 1718//1718 1808//1808 1699//1699
f 750//750 1802//1802 1736//1736
f 1780//1780 1779//1779 1809//1809
f 1797//1797 1773//1773 1810//1810
f 1810//1810 1796//1796 1797//1797
f 1811//1811 1812//1812 1813//1813
f 1788//1788 1813//1813 1812//1812
f 1816//1816 1815//1815 1814//1814
f 1740//1740 1805//1805 688//688
f 1817//1817 1818//1818 1819//1819
f 1605//1605 1820//1820 1821//1821
f 1822//1822 677//677 678//678
f 1823//1823 1824//1824 1825//1825
f 1360//1360 1168//1168 1245//1245
f 1604//1604 1820//1820 1605//1605
f 1318//1318 1826//1826 1827//1827
f 1696//1696 686//686 1715//1715
f 1695//1695 1696//1696 1715//1715
f 1828//1828 297//297 284//284
f 1803//1803 750//750 751//751
f 1830//1830 1736//1736 1829//1829
f 285//285 1831//1831 286//286
f 1832//1832 1833//1833 1834//1834
f 1765//1765 1777//1777 1835//1835
f 1780//1780 1741//1741 1800//1800
f 1836//1836 1737//1737 1738//1738
f 1838//1838 1834//1834 1837//1837
f 1750//1750 269//269 270//270
f 1750//1750 1839//1839 269//269
f 1821//1821 269//269 1839//1839
f 744//744 1830//1830 1840//1840
f 1820//1820 1739//1739 1821//1821
f 1730//1730 1841//1841 1842//1842
f 1843//1843 1844//1844 1845//1845
f 947//947 1846//1846 949//949
f 1847//1847 1804//1804 1805//1805
f 1848//1848 1847//1847 1805//1805
f 1841//1841 1849//1849 1842//1842
f 1842//1842 1849//1849 285//285
f 1779//1779 1763//1763 1850//1850
f 315//315 1851//1851 1852//1852
f 1853//1853 1854//1854 1855//1855
f 1853//1853 1856//1856 1854//1854
f 1857//1857 1858//1858 1859//1859
f 204//204 1860//1860 1861//1861
f 1862//1862 1863//1863 315//315
f 1850//1850 1865//1865 1864//1864
f 265//265 266//266 1866//1866
f 661//661 1765//1765 978//978
f 1867//1867 1475//1475 1474//1474
f 1514//1514 1867//1867 1474//1474
f 1868//1868 1775//1775 1869//1869
f 1871//1871 1810//1810 1870//1870
f 1874//1874 1873//1873 1872//1872
f 537//537 1876//1876 1875//1875
f 1877//1877 321//321 320//320
f 339//339 321//321 1877//1877
f 1798//1798 1772//1772 1797//1797
f 1842//1842 1731//1731 1730//1730
f 1767//1767 297//297 1828//1828
f 1880//1880 1879//1879 1878//1878
f 1881//1881 604//604 1520//1520
f 1884//1884 1883//1883 1882//1882
f 315//315 1842//1842 285//285
f 1885//1885 281//281 747//747
f 1887//1887 1886//1886 608//608
f 1888//1888 1889//1889 319//319
f 526//526 1891//1891 1890//1890
f 1894//1894 1893//1893 1892//1892
f 1895//1895 1893//1893 1894//1894
f 279//279 1896//1896 1617//1617
f 1833//1833 1832//1832 1897//1897
f 1898//1898 1899//1899 1900//1900
f 1903//1903 1902//1902 1901//1901
f 282//282 1728//1728 1904//1904
f 1905//1905 1906//1906 1703//1703
f 1907//1907 1908//1908 1909//1909
f 1910//1910 1911//1911 1912//1912
f 1697//1697 1801//1801 1696//1696
f 1913//1913 1831//1831 1864//1864
f 1831//1831 1913//1913 1914//1914
f 1917//1917 1916//1916 1915//1915
f 1918//1918 1919//1919 1920//1920
f 325//325 1921//1921 309//309
f 1815//1815 743//743 1814//1814
f 1923//1923 1922//1922 310//310
f 1520//1520 1924//1924 1522//1522
f 1925//1925 1926//1926 1927//1927
f 1739//1739 269//269 1821//1821
f 1928//1928 1929//1929 1930//1930
f 1910//1910 1931//1931 1932//1932
f 1933//1933 1822//1822 678//678
f 1755//1755 1934//1934 1752//1752
f 1935//1935 1936//1936 1937//1937
f 1938//1938 1939//1939 1940//1940
f 1896//1896 279//279 1739//1739
f 1896//1896 1739//1739 1623//1623
f 1941//1941 1942//1942 1943//1943
f 1944//1944 1911//1911 1853//1853
f 302//302 1945//1945 1946//1946
f 745//745 743//743 1947//1947
f 1734//1734 1616//1616 1733//1733
f 1756//1756 662//662 271//271
f 660//660 271//271 662//662
f 1948//1948 1949//1949 1950//1950
f 1951//1951 625//625 626//626
f 1954//1954 1953//1953 1952//1952
f 1906//1906 1955//1955 1703//1703
f 1956//1956 1950//1950 1949//1949
f 1957//1957 1958//1958 1959//1959
f 1957//1957 1959//1959 1960//1960
f 1932//1932 1856//1856 1911//1911
f 1912//1912 1911//1911 1944//1944
f 1961//1961 1962//1962 1947//1947
f 608//608 1886//1886 1963//1963
f 1966//1966 1965//1965 1964//1964
f 303//303 1967//1967 1968//1968
f 1949//1949 1945//1945 1969//1969
f 1972//1972 1971//1971 1970//1970
f 1973//1973 1886//1886 1887//1887
f 625//625 1975//1975 1974//1974
f 1974//1974 1976//1976 625//625
f 1977//1977 1636//1636 1978//1978
f 1637//1637 1636//1636 1977//1977
f 1979//1979 1899//1899 1793//1793
f 1980//1980 1981//1981 1982//1982
f 624//624 1794//1794 1963//1963
f 1963//1963 569//569 624//624
f 1983//1983 1819//1819 1818//1818
f 1984//1984 1985//1985 1972//1972
f 1986//1986 1968//1968 1967//1967
f 333//333 1981//1981 1987//1987
f 1702//1702 1701//1701 1968//1968
f 1988//1988 1989//1989 1990//1990
f 1945//1945 1992//1992 1991//1991
f 1637//1637 1977//1977 1993//1993
f 1857//1857 1859//1859 1994//1994
f 1885//1885 747//747 1995//1995
f 1877//1877 746//746 339//339
f 1941//1941 1521//1521 1522//1522
f 1941//1941 1522//1522 340//340
f 603//603 1636//1636 1924//1924
f 320//320 739//739 1996//1996
f 604//604 603//603 1924//1924
f 1924//1924 1520//1520 604//604
f 1635//1635 1996//1996 1924//1924
f 1870//1870 1998//1998 1997//1997
f 1997//1997 1998//1998 1999//1999
f 1635//1635 1924//1924 1636//1636
f 522//522 467//467 466//466
f 602//602 1845//1845 2000//2000
f 2003//2003 2002//2002 2001//2001
f 2004//2004 2005//2005 2006//2006
f 2007//2007 617//617 616//616
f 2008//2008 1891//1891 526//526
f 2009//2009 406//406 60//60
f 1999//1999 1998//1998 2010//2010
f 317//317 319//319 1889//1889
f 2011//2011 2005//2005 1995//1995
f 2014//2014 2013//2013 2012//2012
f 2015//2015 2016//2016 2017//2017
f 1972//1972 1970//1970 2018//2018
f 1902//1902 2020//2020 2019//2019
f 2023//2023 2022//2022 2021//2021
f 2014//2014 2012//2012 1887//1887
f 2014//2014 1887//1887 2016//2016
f 1885//1885 1995//1995 2005//2005
f 2024//2024 606//606 1901//1901
f 2025//2025 2026//2026 2027//2027
f 1901//1901 1795//1795 1793//1793
f 606//606 1795//1795 1901//1901
f 1998//1998 1771//1771 2010//2010
f 2011//2011 1995//1995 2028//2028
f 326//326 327//327 597//597
f 1976//1976 328//328 326//326
f 326//326 625//625 1976//1976
f 2030//2030 525//525 2029//2029
f 1984//1984 2031//2031 2032//2032
f 2034//2034 2033//2033 1974//1974
f 525//525 523//523 2035//2035
f 2036//2036 2037//2037 2038//2038
f 392//392 2039//2039 2040//2040
f 524//524 525//525 2030//2030
f 2043//2043 2042//2042 2041//2041
f 2046//2046 2045//2045 2044//2044
f 734//734 2047//2047 2048//2048
f 2050//2050 2049//2049 1817//1817
f 2030//2030 545//545 2051//2051
f 2051//2051 545//545 2052//2052
f 2053//2053 544//544 543//543
f 393//393 328//328 1976//1976
f 2054//2054 1874//1874 525//525
f 1874//1874 2054//2054 1873//1873
f 2006//2006 1898//1898 1900//1900
f 2057//2057 2056//2056 2055//2055
f 327//327 328//328 393//393
f 304//304 2058//2058 570//570
f 304//304 570//570 568//568
f 1922//1922 675//675 310//310
f 2060//2060 1988//1988 2059//2059
f 314//314 2058//2058 304//304
f 2063//2063 2062//2062 2061//2061
f 545//545 2030//2030 2029//2029
f 2066//2066 2065//2065 2064//2064
f 602//602 1978//1978 603//603
f 2037//2037 2067//2067 2038//2038
f 1980//1980 1987//1987 1981//1981
f 1970//1970 2068//2068 2060//2060
f 612//612 610//610 2069//2069
f 2038//2038 2070//2070 2071//2071
f 1991//1991 1990//1990 2072//2072
f 2073//2073 1975//1975 1951//1951
f 1985//1985 1984//1984 2074//2074
f 2075//2075 2076//2076 2037//2037
f 2037//2037 2036//2036 2075//2075
f 2076//2076 2077//2077 2037//2037
f 2067//2067 2037//2037 2077//2077
f 57//57 55//55 564//564
f 608//608 1795//1795 606//606
f 1795//1795 608//608 1963//1963
f 1794//1794 1795//1795 1963//1963
f 1862//1862 315//315 316//316
f 1951//1951 1975//1975 625//625
f 596//596 626//626 597//597
f 1988//1988 1990//1990 1991//1991
f 2078//2078 1996//1996 1635//1635
f 2016//2016 2015//2015 2014//2014
f 2080//2080 2079//2079 2039//2039
f 2081//2081 2019//2019 2020//2020
f 324//324 2082//2082 325//325
f 2083//2083 392//392 2040//2040
f 2008//2008 2055//2055 1891//1891
f 2077//2077 2076//2076 2083//2083
f 1965//1965 2055//2055 2056//2056
f 2085//2085 2040//2040 2084//2084
f 2086//2086 2085//2085 2084//2084
f 2088//2088 2087//2087 1977//1977
f 1977//1977 2087//2087 1993//1993
f 326//326 597//597 626//626
f 327//327 2083//2083 2076//2076
f 2076//2076 597//597 327//327
f 2083//2083 327//327 392//392
f 2087//2087 392//392 393//393
f 2087//2087 393//393 1993//1993
f 2018//2018 2089//2089 2031//2031
f 1951//1951 626//626 2090//2090
f 2090//2090 2091//2091 1951//1951
f 2039//2039 392//392 2087//2087
f 1921//1921 325//325 2082//2082
f 2092//2092 2089//2089 2018//2018
f 2095//2095 2094//2094 2093//2093
f 1965//1965 1891//1891 2055//2055
f 2039//2039 2084//2084 2040//2040
f 2094//2094 1857//1857 2093//2093
f 2098//2098 2097//2097 2096//2096
f 2084//2084 2099//2099 2086//2086
f 349//349 1528//1528 2100//2100
f 2101//2101 1834//1834 1833//1833
f 2053//2053 2102//2102 544//544
f 544//544 2102//2102 593//593
f 675//675 553//553 554//554
f 1860//1860 1538//1538 1508//1508
f 2105//2105 2104//2104 2103//2103
f 1539//1539 1448//1448 2106//2106
f 2106//2106 1537//1537 1539//1539
f 2107//2107 1958//1958 1814//1814
f 2109//2109 2108//2108 1772//1772
f 2110//2110 539//539 2027//2027
f 2112//2112 1873//1873 2111//2111
f 1994//1994 2093//2093 1857//1857
f 2027//2027 539//539 2025//2025
f 2113//2113 2031//2031 2089//2089
f 1880//1880 1878//1878 2114//2114
f 1792//1792 1606//1606 2115//2115
f 2064//2064 2065//2065 2116//2116
f 2111//2111 1879//1879 1880//1880
f 1961//1961 2117//2117 1962//1962
f 1859//1859 1858//1858 2118//2118
f 1881//1881 1520//1520 2119//2119
f 1878//1878 1879//1879 1844//1844
f 2000//2000 1879//1879 2111//2111
f 281//281 2004//2004 283//283
f 2004//2004 281//281 1885//1885
f 1923//1923 1926//1926 1925//1925
f 554//554 552//552 2120//2120
f 1606//1606 1792//1792 1608//1608
f 1791//1791 1859//1859 1608//1608
f 1859//1859 1791//1791 1994//1994
f 2122//2122 2121//2121 310//310
f 1606//1606 2121//2121 2122//2122
f 2123//2123 2124//2124 2125//2125
f 2126//2126 2127//2127 1927//1927
f 2078//2078 320//320 1996//1996
f 2128//2128 2129//2129 2130//2130
f 2052//2052 2132//2132 2131//2131
f 2135//2135 2134//2134 2133//2133
f 2136//2136 2137//2137 2123//2123
f 2138//2138 2139//2139 1530//1530
f 982//982 345//345 1370//1370
f 554//554 2120//2120 2140//2140
f 343//343 2140//2140 2141//2141
f 2144//2144 2143//2143 2142//2142
f 2133//2133 2145//2145 2135//2135
f 1881//1881 1843//1843 1845//1845
f 541//541 542//542 2146//2146
f 342//342 357//357 359//359
f 2149//2149 2148//2148 2147//2147
f 2152//2152 2151//2151 2150//2150
f 2133//2133 2134//2134 2120//2120
f 2142//2142 2143//2143 427//427
f 675//675 2153//2153 553//553
f 2154//2154 411//411 367//367
f 552//552 553//553 2155//2155
f 1915//1915 2156//2156 2157//2157
f 341//341 342//342 359//359
f 309//309 341//341 359//359
f 18//18 2158//2158 2159//2159
f 113//113 410//410 111//111
f 2153//2153 675//675 1922//1922
f 2053//2053 2160//2160 2082//2082
f 2129//2129 2127//2127 2161//2161
f 410//410 113//113 395//395
f 1247//1247 1245//1245 2162//2162
f 675//675 554//554 308//308
f 324//324 323//323 2102//2102
f 2102//2102 2053//2053 324//324
f 438//438 437//437 2163//2163
f 2133//2133 2155//2155 2145//2145
f 2164//2164 2120//2120 2134//2134
f 2167//2167 2166//2166 2165//2165
f 1518//1518 2168//2168 1517//1517
f 2169//2169 2170//2170 2171//2171
f 554//554 2140//2140 308//308
f 2172//2172 2173//2173 2174//2174
f 2144//2144 2176//2176 2175//2175
f 2179//2179 2178//2178 2177//2177
f 2182//2182 2181//2181 2180//2180
f 2114//2114 1878//1878 2183//2183
f 2184//2184 2185//2185 2186//2186
f 1965//1965 2056//2056 58//58
f 1489//1489 2100//2100 1488//1488
f 2176//2176 2144//2144 2142//2142
f 2124//2124 2187//2187 2125//2125
f 2188//2188 2130//2130 2124//2124
f 2189//2189 2190//2190 453//453
f 2192//2192 423//423 2191//2191
f 1380//1380 1426//1426 1348//1348
f 2194//2194 112//112 2193//2193
f 531//531 445//445 446//446
f 2187//2187 2130//2130 2129//2129
f 436//436 2195//2195 437//437
f 437//437 2195//2195 2196//2196
f 369//369 381//381 370//370
f 2198//2198 2197//2197 2159//2159
f 396//396 2180//2180 2181//2181
f 2200//2200 2158//2158 2199//2199
f 112//112 311//311 2149//2149
f 502//502 410//410 395//395
f 2175//2175 2201//2201 2144//2144
f 2202//2202 403//403 2203//2203
f 2206//2206 2205//2205 2204//2204
f 2207//2207 1519//1519 1517//1517
f 2202//2202 2158//2158 18//18
f 444//444 443//443 2208//2208
f 2209//2209 1518//1518 494//494
f 2171//2171 494//494 2169//2169
f 160//160 2169//2169 494//494
f 1455//1455 1484//1484 1456//1456
f 376//376 377//377 2210//2210
f 2209//2209 2168//2168 1518//1518
f 2211//2211 1482//1482 1502//1502
f 2171//2171 2212//2212 2209//2209
f 2213//2213 287//287 288//288
f 2214//2214 494//494 1518//1518
f 2217//2217 2216//2216 2215//2215
f 2218//2218 2219//2219 2220//2220
f 2175//2175 2176//2176 2191//2191
f 2175//2175 2191//2191 423//423
f 1954//1954 1952//1952 442//442
f 2166//2166 2182//2182 2221//2221
f 2222//2222 1458//1458 366//366
f 358//358 397//397 2223//2223
f 287//287 2224//2224 2225//2225
f 2226//2226 2137//2137 2136//2136
f 2148//2148 2192//2192 2227//2227
f 2136//2136 2228//2228 288//288
f 2226//2226 2136//2136 288//288
f 2231//2231 2230//2230 2229//2229
f 288//288 2228//2228 2213//2213
f 2232//2232 2233//2233 2234//2234
f 2169//2169 2235//2235 2170//2170
f 2171//2171 2236//2236 2212//2212
f 1508//1508 346//346 2237//2237
f 2237//2237 346//346 1483//1483
f 346//346 1369//1369 345//345
f 436//436 2238//2238 2195//2195
f 2236//2236 2171//2171 2170//2170
f 2239//2239 389//389 2240//2240
f 2224//2224 2241//2241 2225//2225
f 453//453 454//454 2189//2189
f 1529//1529 2242//2242 1530//1530
f 2242//2242 1529//1529 2243//2243
f 2209//2209 494//494 2171//2171
f 2168//2168 2209//2209 2165//2165
f 2244//2244 2245//2245 2246//2246
f 2249//2249 2248//2248 2247//2247
f 2165//2165 2166//2166 2168//2168
f 2250//2250 2168//2168 2166//2166
f 2236//2236 2251//2251 2212//2212
f 2250//2250 1517//1517 2168//2168
f 2254//2254 2253//2253 2252//2252
f 2255//2255 2256//2256 2257//2257
f 351//351 2258//2258 1507//1507
f 1861//1861 2259//2259 204//204
f 2261//2261 2135//2135 2260//2260
f 1519//1519 2262//2262 329//329
f 2264//2264 2263//2263 2154//2154
f 2224//2224 2213//2213 2265//2265
f 161//161 2266//2266 159//159
f 1510//1510 1512//1512 2267//2267
f 2268//2268 1467//1467 2269//2269
f 351//351 1507//1507 407//407
f 407//407 353//353 351//351
f 2270//2270 1687//1687 1507//1507
f 2271//2271 1687//1687 2270//2270
f 160//160 159//159 1516//1516
f 2170//2170 2235//2235 2272//2272
f 408//408 407//407 1686//1686
f 2265//2265 2274//2274 2273//2273
f 2273//2273 2224//2224 2265//2265
f 2273//2273 2262//2262 2207//2207
f 2275//2275 1371//1371 1470//1470
f 1438//1438 2275//2275 1470//1470
f 161//161 330//330 331//331
f 331//331 2266//2266 161//161
f 2276//2276 1530//1530 2242//2242
f 2279//2279 2278//2278 2277//2277
f 2190//2190 2280//2280 2281//2281
f 2189//2189 2282//2282 2190//2190
f 2283//2283 2282//2282 2189//2189
f 2235//2235 1511//1511 2284//2284
f 2283//2283 1511//1511 1510//1510
f 408//408 2282//2282 353//353
f 2222//2222 2285//2285 1458//1458
f 1861//1861 2228//2228 2259//2259
f 370//370 381//381 360//360
f 353//353 1510//1510 352//352
f 1476//1476 1495//1495 2286//2286
f 2288//2288 1454//1454 2287//2287
f 1476//1476 1376//1376 1480//1480
f 2185//2185 2289//2289 2142//2142
f 2290//2290 2291//2291 382//382
f 2292//2292 16//16 17//17
f 983//983 1376//1376 1502//1502
f 1477//1477 1478//1478 1484//1484
f 1461//1461 1456//1456 1484//1484
f 2210//2210 377//377 2177//2177
f 1860//1860 1479//1479 1538//1538
f 1860//1860 204//204 1479//1479
f 2293//2293 2294//2294 2295//2295
f 390//390 2239//2239 2296//2296
f 2298//2298 2217//2217 2297//2297
f 2299//2299 2288//2288 1509//1509
f 2300//2300 2288//2288 2299//2299
f 2269//2269 1452//1452 2211//2211
f 488//488 489//489 2301//2301
f 2304//2304 2303//2303 2302//2302
f 465//465 356//356 2245//2245
f 2306//2306 2264//2264 2305//2305
f 2307//2307 2288//2288 2287//2287
f 2304//2304 2308//2308 2303//2303
f 2309//2309 2216//2216 2298//2298
f 2298//2298 2216//2216 2217//2217
f 2222//2222 411//411 2285//2285
f 2312//2312 2311//2311 2310//2310
f 2312//2312 2313//2313 2311//2311
f 2316//2316 2315//2315 2314//2314
f 1452//1452 2269//2269 1453//1453
f 366//366 367//367 2222//2222
f 2297//2297 1469//1469 1509//1509
f 2307//2307 2302//2302 2317//2317
f 2297//2297 2288//2288 2317//2317
f 2307//2307 2317//2317 2288//2288
f 2317//2317 2302//2302 2318//2318
f 2318//2318 2319//2319 2320//2320
f 2321//2321 2201//2201 2175//2175
f 2322//2322 533//533 532//532
f 532//532 2306//2306 2322//2322
f 2100//2100 348//348 349//349
f 2306//2306 2263//2263 2264//2264
f 2322//2322 2323//2323 2324//2324
f 1459//1459 1457//1457 2216//2216
f 178//178 2215//2215 177//177
f 1453//1453 2215//2215 178//178
f 2325//2325 2227//2227 2192//2192
f 2326//2326 2227//2227 2325//2325
f 2327//2327 382//382 369//369
f 2329//2329 2328//2328 368//368
f 369//369 349//349 350//350
f 371//371 349//349 369//369
f 1489//1489 2285//2285 2100//2100
f 2284//2284 1511//1511 2283//2283
f 2283//2283 2189//2189 2284//2284
f 2165//2165 2330//2330 2167//2167
f 2331//2331 2226//2226 289//289
f 2213//2213 2228//2228 2265//2265
f 2213//2213 2224//2224 287//287
f 2129//2129 2332//2332 2187//2187
f 1457//1457 179//179 177//177
f 1458//1458 179//179 1457//1457
f 372//372 2333//2333 374//374
f 2334//2334 1467//1467 1469//1469
f 1469//1469 2297//2297 2334//2334
f 2242//2242 2335//2335 2276//2276
f 368//368 2264//2264 367//367
f 2336//2336 2337//2337 533//533
f 531//531 533//533 2337//2337
f 2216//2216 1457//1457 177//177
f 2220//2220 2219//2219 2338//2338
f 361//361 2340//2340 2339//2339
f 2216//2216 2329//2329 1459//1459
f 348//348 2100//2100 2285//2285
f 2263//2263 2306//2306 2290//2290
f 2296//2296 2341//2341 390//390
f 2342//2342 615//615 614//614
f 2343//2343 541//541 2344//2344
f 2345//2345 2277//2277 2346//2346
f 2347//2347 2346//2346 2277//2277
f 2180//2180 396//396 2348//2348
f 2349//2349 2180//2180 2348//2348
f 2276//2276 2335//2335 2314//2314
f 479//479 480//480 2350//2350
f 2351//2351 1125//1125 1127//1127
f 2352//2352 2353//2353 2354//2354
f 2356//2356 2355//2355 2276//2276
f 2357//2357 2358//2358 513//513
f 2357//2357 513//513 2359//2359
f 2360//2360 2341//2341 2296//2296
f 389//389 2361//2361 2240//2240
f 2364//2364 2363//2363 2362//2362
f 376//376 2210//2210 2365//2365
f 2365//2365 2366//2366 2367//2367
f 2368//2368 2369//2369 2370//2370
f 2347//2347 2277//2277 2278//2278
f 2278//2278 2371//2371 2347//2347
f 2371//2371 2278//2278 373//373
f 373//373 374//374 2371//2371
f 375//375 447//447 2372//2372
f 2373//2373 2367//2367 2374//2374
f 458//458 460//460 2281//2281
f 2034//2034 2024//2024 2033//2033
f 2375//2375 2346//2346 2347//2347
f 2376//2376 2377//2377 2378//2378
f 2379//2379 355//355 465//465
f 2380//2380 2381//2381 2382//2382
f 2243//2243 370//370 360//360
f 2383//2383 2346//2346 2218//2218
f 2375//2375 2384//2384 2218//2218
f 2208//2208 443//443 2385//2385
f 2367//2367 2366//2366 2386//2386
f 2376//2376 2255//2255 2257//2257
f 2347//2347 2387//2387 2375//2375
f 1546//1546 163//163 1373//1373
f 381//381 362//362 360//360
f 2340//2340 2388//2388 2339//2339
f 2389//2389 2390//2390 2391//2391
f 2311//2311 2392//2392 2310//2310
f 2243//2243 360//360 2393//2393
f 2387//2387 2385//2385 2394//2394
f 2278//2278 2279//2279 2395//2395
f 178//178 179//179 1458//1458
f 178//178 1458//1458 1452//1452
f 2396//2396 2397//2397 2398//2398
f 1389//1389 1392//1392 1493//1493
f 390//390 389//389 2239//2239
f 2399//2399 362//362 381//381
f 2401//2401 2400//2400 496//496
f 2389//2389 2391//2391 2402//2402
f 2394//2394 2385//2385 443//443
f 2403//2403 372//372 373//373
f 2278//2278 2395//2395 373//373
f 2322//2322 2306//2306 2305//2305
f 2385//2385 2347//2347 2371//2371
f 2347//2347 2385//2385 2387//2387
f 2404//2404 2352//2352 2390//2390
f 2407//2407 2406//2406 2405//2405
f 355//355 2379//2379 2408//2408
f 2410//2410 2409//2409 2280//2280
f 2395//2395 2279//2279 2411//2411
f 2409//2409 2281//2281 2280//2280
f 2413//2413 2412//2412 2360//2360
f 458//458 2281//2281 2409//2409
f 2413//2413 2239//2239 2414//2414
f 1530//1530 2139//2139 1528//1528
f 2375//2375 2387//2387 2415//2415
f 2394//2394 2415//2415 2387//2387
f 2384//2384 2375//2375 2415//2415
f 465//465 2245//2245 2240//2240
f 507//507 2417//2417 2416//2416
f 16//16 2417//2417 507//507
f 2418//2418 2419//2419 2420//2420
f 2421//2421 1953//1953 1954//1954
f 2240//2240 2414//2414 2239//2239
f 2424//2424 2423//2423 2422//2422
f 2159//2159 2200//2200 2198//2198
f 2425//2425 2426//2426 2427//2427
f 2429//2429 2198//2198 2428//2428
f 453//453 2430//2430 2419//2419
f 2419//2419 2430//2430 2431//2431
f 453//453 2190//2190 2430//2430
f 2316//2316 2363//2363 2364//2364
f 111//111 2432//2432 311//311
f 465//465 2240//2240 2433//2433
f 448//448 375//375 376//376
f 2163//2163 2434//2434 2435//2435
f 2356//2356 2276//2276 2314//2314
f 2431//2431 2420//2420 2419//2419
f 2340//2340 361//361 362//362
f 2346//2346 2375//2375 2218//2218
f 2434//2434 2357//2357 2435//2435
f 2413//2413 2360//2360 2296//2296
f 2296//2296 2239//2239 2413//2413
f 2437//2437 2248//2248 2436//2436
f 2440//2440 2439//2439 2438//2438
f 2441//2441 2440//2440 2438//2438
f 522//522 475//475 2442//2442
f 522//522 2442//2442 2443//2443
f 2444//2444 507//507 2416//2416
f 2235//2235 2169//2169 160//160
f 2445//2445 2446//2446 2267//2267
f 2235//2235 1516//1516 1511//1511
f 2223//2223 113//113 2447//2447
f 2448//2448 2444//2444 2449//2449
f 935//935 937//937 2450//2450
f 452//452 453//453 2419//2419
f 408//408 2410//2410 2280//2280
f 2410//2410 2451//2451 2409//2409
f 2454//2454 2453//2453 2452//2452
f 2456//2456 2455//2455 2196//2196
f 2457//2457 2292//2292 17//17
f 2241//2241 2250//2250 2225//2225
f 2458//2458 2372//2372 447//447
f 409//409 2065//2065 111//111
f 2459//2459 2181//2181 2167//2167
f 2459//2459 2460//2460 2181//2181
f 2202//2202 2460//2460 2459//2459
f 2198//2198 2251//2251 2236//2236
f 429//429 2144//2144 2201//2201
f 429//429 2201//2201 2461//2461
f 426//426 2462//2462 442//442
f 1686//1686 2410//2410 408//408
f 2464//2464 2463//2463 412//412
f 2465//2465 2466//2466 403//403
f 2124//2124 2130//2130 2187//2187
f 2386//2386 2468//2468 2467//2467
f 2134//2134 2469//2469 2164//2164
f 112//112 2149//2149 2193//2193
f 2470//2470 401//401 403//403
f 403//403 2202//2202 2470//2470
f 441//441 401//401 2470//2470
f 511//511 2471//2471 2472//2472
f 511//511 2472//2472 2473//2473
f 412//412 2463//2463 421//421
f 2464//2464 412//412 413//413
f 535//535 442//442 1952//1952
f 1952//1952 534//534 535//535
f 2151//2151 2453//2453 2150//2150
f 401//401 2438//2438 402//402
f 2434//2434 2358//2358 2357//2357
f 1952//1952 1953//1953 2474//2474
f 2474//2474 534//534 1952//1952
f 2475//2475 2178//2178 2476//2476
f 2292//2292 2477//2477 438//438
f 536//536 2449//2449 2478//2478
f 2066//2066 2064//2064 2479//2479
f 2440//2440 534//534 2474//2474
f 2481//2481 2476//2476 2480//2480
f 2482//2482 2481//2481 2480//2480
f 2480//2480 2178//2178 2179//2179
f 2178//2178 2480//2480 2476//2476
f 2238//2238 436//436 2483//2483
f 2238//2238 2360//2360 2195//2195
f 2372//2372 2458//2458 2152//2152
f 2469//2469 2349//2349 2164//2164
f 2198//2198 2200//2200 2251//2251
f 2203//2203 2460//2460 2202//2202
f 2262//2262 2273//2273 2274//2274
f 2484//2484 2260//2260 2225//2225
f 2250//2250 2484//2484 2225//2225
f 2485//2485 2486//2486 2372//2372
f 2486//2486 377//377 375//375
f 444//444 2208//2208 2487//2487
f 2116//2116 2065//2065 409//409
f 373//373 2411//2411 2403//2403
f 2456//2456 2488//2488 2471//2471
f 2413//2413 2414//2414 2489//2489
f 448//448 2373//2373 2490//2490
f 376//376 2373//2373 448//448
f 2301//2301 2491//2491 355//355
f 2395//2395 2411//2411 373//373
f 2492//2492 2493//2493 431//431
f 432//432 431//431 2493//2493
f 2494//2494 2495//2495 2496//2496
f 448//448 2490//2490 2497//2497
f 448//448 2497//2497 447//447
f 375//375 2372//2372 2486//2486
f 488//488 2301//2301 2498//2498
f 2449//2449 2441//2441 2448//2448
f 422//422 423//423 2192//2192
f 2490//2490 2499//2499 2497//2497
f 421//421 2500//2500 423//423
f 2503//2503 2502//2502 2501//2501
f 2504//2504 2505//2505 2506//2506
f 2507//2507 2508//2508 2509//2509
f 2510//2510 2509//2509 2508//2508
f 2374//2374 2386//2386 2467//2467
f 2374//2374 2467//2467 2499//2499
f 2512//2512 481//481 2511//2511
f 2500//2500 421//421 2454//2454
f 2513//2513 2205//2205 2206//2206
f 2516//2516 2515//2515 2514//2514
f 2206//2206 2517//2517 2495//2495
f 2208//2208 2385//2385 2371//2371
f 374//374 2208//2208 2371//2371
f 2383//2383 2518//2518 2345//2345
f 607//607 2016//2016 608//608
f 608//608 2016//2016 1887//1887
f 629//629 2519//2519 2510//2510
f 468//468 2520//2520 466//466
f 477//477 476//476 509//509
f 2521//2521 2508//2508 2507//2507
f 538//538 2522//2522 527//527
f 2524//2524 2523//2523 2520//2520
f 2116//2116 409//409 2465//2465
f 2439//2439 2116//2116 2465//2465
f 2179//2179 2479//2479 2525//2525
f 2471//2471 511//511 2358//2358
f 2455//2455 2471//2471 2358//2358
f 2471//2471 2455//2455 2456//2456
f 2434//2434 2455//2455 2358//2358
f 2434//2434 2163//2163 2455//2455
f 2522//2522 538//538 537//537
f 2191//2191 2176//2176 2325//2325
f 2527//2527 473//473 2526//2526
f 536//536 2478//2478 535//535
f 2460//2460 396//396 2181//2181
f 2449//2449 2528//2528 2478//2478
f 2529//2529 2503//2503 2501//2501
f 511//511 513//513 2358//2358
f 2530//2530 520//520 2531//2531
f 2534//2534 2533//2533 2532//2532
f 2348//2348 396//396 397//397
f 2536//2536 405//405 2535//2535
f 2052//2052 545//545 594//594
f 1876//1876 2110//2110 2186//2186
f 2186//2186 2110//2110 2027//2027
f 2539//2539 2538//2538 2537//2537
f 2540//2540 1465//1465 1464//1464
f 337//337 561//561 335//335
f 2541//2541 399//399 398//398
f 2544//2544 2543//2543 2542//2542
f 18//18 441//441 2470//2470
f 2202//2202 18//18 2470//2470
f 2159//2159 17//17 18//18
f 495//495 2381//2381 2545//2545
f 498//498 472//472 2528//2528
f 2528//2528 2449//2449 498//498
f 2546//2546 2547//2547 2548//2548
f 2549//2549 336//336 335//335
f 2552//2552 2551//2551 2550//2550
f 2159//2159 2158//2158 2200//2200
f 2377//2377 2553//2553 2096//2096
f 2369//2369 337//337 336//336
f 2554//2554 337//337 2369//2369
f 503//503 337//337 2554//2554
f 512//512 2555//2555 513//513
f 2557//2557 2554//2554 2556//2556
f 2557//2557 503//503 2554//2554
f 2558//2558 503//503 2557//2557
f 2526//2526 2560//2560 2559//2559
f 2501//2501 2369//2369 336//336
f 2501//2501 2502//2502 2369//2369
f 2561//2561 2502//2502 2503//2503
f 401//401 508//508 2448//2448
f 401//401 2448//2448 2438//2438
f 2444//2444 508//508 507//507
f 2199//2199 2158//2158 2459//2459
f 2459//2459 2158//2158 2202//2202
f 2376//2376 2378//2378 2562//2562
f 2562//2562 2255//2255 2376//2376
f 433//433 2560//2560 2526//2526
f 2526//2526 2563//2563 433//433
f 499//499 945//945 946//946
f 945//945 499//499 869//869
f 958//958 904//904 960//960
f 2565//2565 2564//2564 434//434
f 2520//2520 472//472 473//473
f 2566//2566 2493//2493 2562//2562
f 2488//2488 2472//2472 2471//2471
f 355//355 2408//2408 2301//2301
f 2567//2567 2568//2568 2569//2569
f 2336//2336 2570//2570 2337//2337
f 496//496 497//497 518//518
f 496//496 518//518 2401//2401
f 1129//1129 2351//2351 1130//1130
f 2338//2338 2219//2219 2571//2571
f 2572//2572 2256//2256 2492//2492
f 2574//2574 1038//1038 2573//2573
f 2576//2576 2575//2575 2146//2146
f 2577//2577 2400//2400 2401//2401
f 2256//2256 2572//2572 2257//2257
f 2578//2578 2498//2498 2234//2234
f 2547//2547 354//354 2579//2579
f 2512//2512 2511//2511 2467//2467
f 469//469 470//470 415//415
f 2580//2580 2177//2177 377//377
f 2580//2580 377//377 2486//2486
f 2498//2498 2301//2301 2408//2408
f 2581//2581 462//462 461//461
f 2392//2392 2311//2311 380//380
f 2582//2582 2097//2097 2098//2098
f 2417//2417 2357//2357 2359//2359
f 2583//2583 2548//2548 2579//2579
f 2538//2538 2568//2568 2537//2537
f 496//496 2585//2585 2584//2584
f 2585//2585 496//496 2400//2400
f 2546//2546 2587//2587 2586//2586
f 2546//2546 2586//2586 2588//2588
f 2589//2589 2588//2588 2586//2586
f 2377//2377 2556//2556 2553//2553
f 2590//2590 2279//2279 2345//2345
f 2518//2518 2590//2590 2345//2345
f 2547//2547 2579//2579 2548//2548
f 2378//2378 2586//2586 2562//2562
f 489//489 2491//2491 2301//2301
f 2591//2591 2592//2592 2593//2593
f 2593//2593 2592//2592 2594//2594
f 2568//2568 2538//2538 2569//2569
f 2317//2317 2595//2595 2297//2297
f 565//565 2597//2597 2596//2596
f 2378//2378 2589//2589 2586//2586
f 2376//2376 2257//2257 2556//2556
f 2218//2218 2384//2384 2219//2219
f 489//489 2583//2583 2491//2491
f 2220//2220 2599//2599 2598//2598
f 2232//2232 2234//2234 2498//2498
f 2232//2232 2498//2498 2408//2408
f 488//488 2600//2600 490//490
f 2496//2496 2386//2386 2366//2366
f 2582//2582 2247//2247 2601//2601
f 2602//2602 484//484 486//486
f 488//488 2498//2498 2578//2578
f 1460//1460 974//974 2603//2603
f 2604//2604 2583//2583 490//490
f 490//490 2583//2583 489//489
f 2600//2600 2569//2569 2538//2538
f 2600//2600 488//488 2578//2578
f 2605//2605 2600//2600 2578//2578
f 2606//2606 2593//2593 2594//2594
f 2606//2606 2607//2607 2608//2608
f 2611//2611 2610//2610 2609//2609
f 2610//2610 2611//2611 2612//2612
f 2499//2499 481//481 2613//2613
f 2499//2499 2613//2613 2497//2497
f 480//480 481//481 2512//2512
f 2240//2240 2244//2244 2414//2414
f 2245//2245 2244//2244 2240//2240
f 354//354 2547//2547 530//530
f 2604//2604 2614//2614 2548//2548
f 2614//2614 2604//2604 2539//2539
f 389//389 391//391 2615//2615
f 2588//2588 2616//2616 2547//2547
f 2546//2546 2588//2588 2547//2547
f 2547//2547 2616//2616 530//530
f 2617//2617 2249//2249 2618//2618
f 2556//2556 2377//2377 2376//2376
f 2593//2593 2518//2518 2591//2591
f 2345//2345 2346//2346 2383//2383
f 2489//2489 2414//2414 2244//2244
f 2499//2499 2490//2490 2374//2374
f 2583//2583 2604//2604 2548//2548
f 2569//2569 2600//2600 2605//2605
f 2594//2594 2607//2607 2606//2606
f 2377//2377 2097//2097 2589//2589
f 2097//2097 2582//2582 2616//2616
f 2616//2616 2582//2582 2601//2601
f 2096//2096 2368//2368 2619//2619
f 2620//2620 2605//2605 2578//2578
f 2538//2538 490//490 2600//2600
f 994//994 992//992 1001//1001
f 1001//1001 107//107 994//994
f 2621//2621 518//518 497//497
f 2622//2622 431//431 2623//2623
f 2390//2390 2352//2352 2624//2624
f 2626//2626 2625//2625 2621//2621
f 2493//2493 2492//2492 2256//2256
f 2493//2493 2256//2256 2255//2255
f 2255//2255 2562//2562 2493//2493
f 2628//2628 2627//2627 417//417
f 1460//1460 2603//2603 2308//2308
f 2308//2308 2603//2603 2629//2629
f 497//497 2630//2630 2621//2621
f 517//517 519//519 2612//2612
f 2632//2632 2629//2629 2631//2631
f 470//470 471//471 2633//2633
f 415//415 999//999 469//469
f 2534//2534 2063//2063 2533//2533
f 2634//2634 2568//2568 2567//2567
f 1128//1128 974//974 972//972
f 2635//2635 2636//2636 2637//2637
f 1531//1531 2639//2639 2638//2638
f 1146//1146 2639//2639 1531//1531
f 2607//2607 2640//2640 517//517
f 2577//2577 2401//2401 2640//2640
f 2577//2577 2640//2640 2594//2594
f 2398//2398 2397//2397 2353//2353
f 2397//2397 2354//2354 2353//2353
f 430//430 2641//2641 2504//2504
f 2623//2623 430//430 2504//2504
f 2380//2380 2643//2643 2642//2642
f 2645//2645 2532//2532 2644//2644
f 114//114 986//986 2646//2646
f 2647//2647 2648//2648 2529//2529
f 2390//2390 2624//2624 2391//2391
f 2391//2391 430//430 432//432
f 430//430 2624//2624 2641//2641
f 2391//2391 2624//2624 430//430
f 2636//2636 2626//2626 2649//2649
f 2626//2626 2636//2636 2635//2635
f 335//335 2650//2650 2549//2549
f 560//560 2650//2650 335//335
f 1055//1055 999//999 456//456
f 456//456 999//999 2651//2651
f 457//457 456//456 2651//2651
f 2652//2652 2636//2636 2649//2649
f 2653//2653 2642//2642 469//469
f 2655//2655 2654//2654 2205//2205
f 2652//2652 2656//2656 2636//2636
f 2657//2657 2637//2637 2656//2656
f 2636//2636 2656//2656 2637//2637
f 363//363 1000//1000 2658//2658
f 2659//2659 2660//2660 2661//2661
f 2662//2662 2663//2663 2664//2664
f 2666//2666 2665//2665 515//515
f 2667//2667 2668//2668 2669//2669
f 1011//1011 1123//1123 987//987
f 976//976 1106//1106 977//977
f 2400//2400 2671//2671 2670//2670
f 2673//2673 2581//2581 2672//2672
f 2672//2672 2674//2674 2673//2673
f 2675//2675 1127//1127 2628//2628
f 2676//2676 2632//2632 2631//2631
f 2677//2677 2659//2659 2678//2678
f 992//992 2679//2679 1001//1001
f 1150//1150 147//147 244//244
f 2649//2649 2680//2680 2652//2652
f 2640//2640 2607//2607 2594//2594
f 2401//2401 517//517 2640//2640
f 999//999 998//998 2651//2651
f 2632//2632 2670//2670 2629//2629
f 2651//2651 998//998 2681//2681
f 464//464 1140//1140 461//461
f 995//995 1140//1140 464//464
f 2683//2683 2682//2682 1492//1492
f 2682//2682 2683//2683 487//487
f 2380//2380 2545//2545 2381//2381
f 2400//2400 2670//2670 2585//2585
f 2577//2577 2599//2599 2671//2671
f 2598//2598 2599//2599 2592//2592
f 2383//2383 2218//2218 2598//2598
f 1385//1385 2574//2574 2573//2573
f 1127//1127 2675//2675 1130//1130
f 1130//1130 2351//2351 1127//1127
f 2684//2684 2340//2340 362//362
f 2684//2684 362//362 2399//2399
f 1140//1140 995//995 2685//2685
f 2686//2686 2685//2685 2687//2687
f 2687//2687 2685//2685 493//493
f 493//493 491//491 2687//2687
f 87//87 1000//1000 85//85
f 1000//1000 107//107 1001//1001
f 107//107 1000//1000 363//363
f 105//105 106//106 2688//2688
f 992//992 993//993 2651//2651
f 2670//2670 2632//2632 2585//2585
f 462//462 2581//2581 2689//2689
f 2689//2689 2690//2690 462//462
f 2689//2689 2581//2581 2673//2673
f 245//245 977//977 2691//2691
f 1127//1127 2627//2627 2628//2628
f 2681//2681 992//992 2651//2651
f 2663//2663 2692//2692 2664//2664
f 2693//2693 106//106 365//365
f 2668//2668 2666//2666 515//515
f 514//514 2694//2694 515//515
f 106//106 2695//2695 2688//2688
f 2695//2695 106//106 2693//2693
f 2697//2697 2696//2696 936//936
f 2596//2596 2698//2698 2699//2699
f 2702//2702 2701//2701 2700//2700
f 2663//2663 2669//2669 2692//2692
f 1042//1042 1043//1043 2690//2690
f 2705//2705 2704//2704 2703//2703
f 470//470 2633//2633 416//416
f 2642//2642 2652//2652 2680//2680
f 2381//2381 2584//2584 2676//2676
f 2706//2706 1074//1074 1073//1073
f 2707//2707 2694//2694 514//514
f 495//495 2584//2584 2381//2381
f 457//457 2662//2662 455//455
f 2662//2662 457//457 2663//2663
f 2651//2651 2663//2663 457//457
f 993//993 2663//2663 2651//2651
f 1140//1140 2685//2685 2708//2708
f 2685//2685 995//995 493//493
f 432//432 2402//2402 2391//2391
f 1781//1781 2648//2648 2709//2709
f 2505//2505 2710//2710 2506//2506
f 2711//2711 2686//2686 2712//2712
f 2685//2685 2686//2686 2711//2711
f 401//401 441//441 508//508
f 16//16 508//508 441//441
f 2417//2417 16//16 2435//2435
f 1043//1043 1044//1044 1003//1003
f 516//516 2714//2714 2713//2713
f 510//510 2559//2559 2560//2560
f 2716//2716 2715//2715 2686//2686
f 2715//2715 2716//2716 1145//1145
f 560//560 2717//2717 2718//2718
f 2719//2719 2720//2720 1146//1146
f 2721//2721 946//946 963//963
f 963//963 946//946 944//944
f 2722//2722 2723//2723 2724//2724
f 2722//2722 2725//2725 2723//2723
f 2726//2726 2727//2727 2728//2728
f 2555//2555 512//512 2729//2729
f 400//400 2730//2730 560//560
f 2561//2561 2369//2369 2502//2502
f 2731//2731 2732//2732 2733//2733
f 2243//2243 1529//1529 370//370
f 2283//2283 1510//1510 2282//2282
f 2734//2734 2735//2735 2736//2736
f 927//927 2723//2723 2737//2737
f 1894//1894 1892//1892 2738//2738
f 2435//2435 16//16 2292//2292
f 2697//2697 1892//1892 2739//2739
f 2717//2717 2552//2552 2740//2740
f 1781//1781 2709//2709 2741//2741
f 400//400 560//560 504//504
f 1783//1783 510//510 2560//2560
f 2742//2742 936//936 935//935
f 2704//2704 2743//2743 2703//2703
f 2744//2744 2739//2739 2745//2745
f 2697//2697 2739//2739 2744//2744
f 2369//2369 2561//2561 2370//2370
f 2444//2444 2448//2448 508//508
f 2707//2707 514//514 2505//2505
f 466//466 476//476 475//475
f 2747//2747 2746//2746 935//935
f 935//935 2746//2746 2742//2742
f 2730//2730 399//399 2748//2748
f 2369//2369 2368//2368 2554//2554
f 510//510 1783//1783 509//509
f 398//398 2749//2749 2541//2541
f 2752//2752 2751//2751 2750//2750
f 2734//2734 2753//2753 2735//2735
f 509//509 1783//1783 2754//2754
f 2754//2754 1783//1783 2755//2755
f 510//510 476//476 2559//2559
f 1782//1782 1783//1783 2560//2560
f 2758//2758 2757//2757 2756//2756
f 2730//2730 2717//2717 560//560
f 591//591 2759//2759 2731//2731
f 2759//2759 591//591 2760//2760
f 2749//2749 506//506 2761//2761
f 2492//2492 2622//2622 2572//2572
f 2710//2710 2572//2572 2622//2622
f 2492//2492 431//431 2622//2622
f 2762//2762 2763//2763 2764//2764
f 2572//2572 2765//2765 2257//2257
f 2257//2257 2765//2765 2557//2557
f 2556//2556 2257//2257 2557//2557
f 2557//2557 2765//2765 2558//2558
f 2568//2568 2766//2766 2537//2537
f 2537//2537 2766//2766 2389//2389
f 2390//2390 2389//2389 2766//2766
f 505//505 503//503 2558//2558
f 2767//2767 2744//2744 2541//2541
f 506//506 505//505 2761//2761
f 2623//2623 431//431 430//430
f 2763//2763 2762//2762 2718//2718
f 2768//2768 2717//2717 2730//2730
f 2763//2763 2769//2769 2764//2764
f 2565//2565 2770//2770 2529//2529
f 2504//2504 2707//2707 2505//2505
f 2764//2764 2769//2769 2771//2771
f 2772//2772 2773//2773 2762//2762
f 2173//2173 2172//2172 2494//2494
f 2517//2517 2496//2496 2495//2495
f 2564//2564 2648//2648 1781//1781
f 2495//2495 2494//2494 2172//2172
f 2206//2206 2204//2204 2517//2517
f 2468//2468 2517//2517 2204//2204
f 2172//2172 2206//2206 2495//2495
f 2520//2520 468//468 2524//2524
f 2507//2507 2774//2774 2443//2443
f 399//399 2541//2541 2748//2748
f 2748//2748 2541//2541 2744//2744
f 2770//2770 2565//2565 434//434
f 2775//2775 613//613 615//615
f 2763//2763 2718//2718 2717//2717
f 2776//2776 2777//2777 2253//2253
f 2739//2739 2778//2778 2745//2745
f 2662//2662 2664//2664 2779//2779
f 2542//2542 2543//2543 2780//2780
f 1893//1893 2778//2778 2739//2739
f 2719//2719 2777//2777 2720//2720
f 2781//2781 2725//2725 2782//2782
f 2703//2703 2755//2755 2705//2705
f 2662//2662 2779//2779 455//455
f 2783//2783 2613//2613 2784//2784
f 2062//2062 613//613 2775//2775
f 2507//2507 2443//2443 2521//2521
f 612//612 2785//2785 611//611
f 107//107 363//363 106//106
f 365//365 106//106 363//363
f 2787//2787 2786//2786 627//627
f 2788//2788 2789//2789 2790//2790
f 2792//2792 784//784 2791//2791
f 2793//2793 1009//1009 1010//1010
f 2794//2794 2702//2702 2700//2700
f 2795//2795 2796//2796 614//614
f 509//509 2797//2797 2798//2798
f 509//509 2798//2798 477//477
f 618//618 2799//2799 616//616
f 2049//2049 2050//2050 2800//2800
f 2802//2802 2542//2542 2801//2801
f 2704//2704 2803//2803 2644//2644
f 2804//2804 2805//2805 2806//2806
f 2807//2807 2806//2806 2805//2805
f 2810//2810 2809//2809 2808//2808
f 2811//2811 2812//2812 2813//2813
f 1983//1983 2812//2812 2811//2811
f 2775//2775 2814//2814 2815//2815
f 2816//2816 551//551 2817//2817
f 2816//2816 2817//2817 2818//2818
f 2798//2798 2797//2797 1008//1008
f 2803//2803 2645//2645 2644//2644
f 2821//2821 2820//2820 2819//2819
f 2704//2704 2644//2644 2743//2743
f 565//565 567//567 2822//2822
f 2797//2797 509//509 2754//2754
f 2824//2824 2823//2823 2817//2817
f 2825//2825 1009//1009 2793//2793
f 2827//2827 2826//2826 2534//2534
f 2828//2828 2817//2817 551//551
f 2828//2828 551//551 550//550
f 2787//2787 2530//2530 2829//2829
f 1010//1010 2061//2061 2062//2062
f 2061//2061 1010//1010 1008//1008
f 2830//2830 2794//2794 2700//2700
f 2795//2795 2826//2826 2827//2827
f 2786//2786 629//629 627//627
f 2831//2831 2832//2832 2825//2825
f 2830//2830 2834//2834 2833//2833
f 2835//2835 2834//2834 2830//2830
f 2533//2533 2644//2644 2532//2532
f 2756//2756 2836//2836 2726//2726
f 2837//2837 2832//2832 2442//2442
f 2442//2442 475//475 2837//2837
f 618//618 2838//2838 2799//2799
f 2833//2833 2839//2839 2042//2042
f 2775//2775 1010//1010 2062//2062
f 2828//2828 550//550 2840//2840
f 2815//2815 2793//2793 1010//1010
f 1781//1781 2741//2741 1783//1783
f 2075//2075 595//595 597//597
f 2076//2076 2075//2075 597//597
f 2841//2841 2704//2704 2705//2705
f 468//468 425//425 424//424
f 2774//2774 425//425 468//468
f 529//529 406//406 405//405
f 2081//2081 1993//1993 2019//2019
f 2559//2559 2527//2527 2526//2526
f 2520//2520 2527//2527 466//466
f 551//551 2816//2816 549//549
f 549//549 2816//2816 627//627
f 541//541 2842//2842 2344//2344
f 540//540 2843//2843 542//542
f 2845//2845 2844//2844 2815//2815
f 971//971 2827//2827 2534//2534
f 2794//2794 2846//2846 2750//2750
f 2849//2849 2848//2848 2847//2847
f 2700//2700 2701//2701 2830//2830
f 734//734 2850//2850 732//732
f 2851//2851 2852//2852 2812//2812
f 2853//2853 2785//2785 612//612
f 2008//2008 2057//2057 2055//2055
f 2854//2854 2783//2783 2855//2855
f 2857//2857 2824//2824 2856//2856
f 2835//2835 2701//2701 2858//2858
f 2861//2861 2860//2860 2859//2859
f 2847//2847 2848//2848 2831//2831
f 2146//2146 2575//2575 2862//2862
f 2576//2576 2863//2863 2535//2535
f 2863//2863 2864//2864 2535//2535
f 2865//2865 2866//2866 2867//2867
f 2838//2838 2702//2702 2868//2868
f 404//404 2869//2869 2862//2862
f 2857//2857 2856//2856 2870//2870
f 2857//2857 2870//2870 2843//2843
f 2871//2871 2872//2872 2873//2873
f 238//238 254//254 94//94
f 2874//2874 2873//2873 2875//2875
f 558//558 2877//2877 2876//2876
f 2817//2817 2828//2828 2824//2824
f 2824//2824 2828//2828 2856//2856
f 2801//2801 2758//2758 2878//2878
f 2880//2880 2820//2820 2879//2879
f 2881//2881 2882//2882 2883//2883
f 2872//2872 2884//2884 2343//2343
f 2343//2343 2885//2885 2872//2872
f 2886//2886 2800//2800 2887//2887
f 2813//2813 1936//1936 2811//2811
f 2888//2888 2838//2838 618//618
f 2856//2856 2839//2839 2834//2834
f 2889//2889 2887//2887 2131//2131
f 2743//2743 2890//2890 2891//2891
f 2830//2830 2701//2701 2835//2835
f 2868//2868 2751//2751 2799//2799
f 2783//2783 2892//2892 2893//2893
f 2896//2896 2895//2895 2894//2894
f 2889//2889 2131//2131 2888//2888
f 2897//2897 2889//2889 2888//2888
f 2069//2069 610//610 2879//2879
f 2820//2820 2069//2069 2879//2879
f 2899//2899 1817//1817 2898//2898
f 2873//2873 2872//2872 2885//2885
f 2029//2029 543//543 545//545
f 2886//2886 2887//2887 2889//2889
f 2008//2008 526//526 527//527
f 2887//2887 2900//2900 2030//2030
f 2003//2003 2001//2001 2901//2901
f 607//607 606//606 2024//2024
f 2790//2790 2789//2789 2899//2899
f 2868//2868 2799//2799 2838//2838
f 2858//2858 2003//2003 2901//2901
f 2902//2902 970//970 971//971
f 2751//2751 2868//2868 2750//2750
f 1008//1008 1009//1009 2798//2798
f 969//969 2795//2795 2827//2827
f 596//596 2090//2090 626//626
f 479//479 2531//2531 520//520
f 2350//2350 2531//2531 479//479
f 2597//2597 2903//2903 2904//2904
f 2904//2904 2596//2596 2597//2597
f 2225//2225 2905//2905 287//287
f 287//287 2905//2905 289//289
f 2906//2906 566//566 565//565
f 1519//1519 2207//2207 2262//2262
f 2155//2155 2331//2331 2145//2145
f 2847//2847 2831//2831 2907//2907
f 2907//2907 2831//2831 2825//2825
f 2754//2754 2755//2755 2703//2703
f 2836//2836 2727//2727 2726//2726
f 2726//2726 2728//2728 2908//2908
f 2552//2552 2550//2550 2728//2728
f 2909//2909 2778//2778 1893//1893
f 1895//1895 2909//2909 1893//1893
f 2867//2867 2910//2910 2865//2865
f 2911//2911 2796//2796 969//969
f 2856//2856 2834//2834 2912//2912
f 2912//2912 2870//2870 2856//2856
f 2915//2915 2914//2914 2913//2913
f 2916//2916 733//733 732//732
f 2852//2852 2917//2917 2812//2812
f 2918//2918 2919//2919 591//591
f 2920//2920 2919//2919 2918//2918
f 2923//2923 2922//2922 2921//2921
f 2867//2867 2775//2775 615//615
f 2875//2875 2873//2873 2885//2885
f 2926//2926 2925//2925 2924//2924
f 2929//2929 2928//2928 2927//2927
f 2932//2932 2931//2931 2930//2930
f 2930//2930 2931//2931 2933//2933
f 2851//2851 2910//2910 2342//2342
f 2934//2934 2931//2931 2853//2853
f 2853//2853 2931//2931 2785//2785
f 2865//2865 2910//2910 2788//2788
f 2912//2912 2834//2834 2835//2835
f 1937//1937 1936//1936 2813//2813
f 2936//2936 2923//2923 2935//2935
f 2932//2932 2936//2936 2937//2937
f 2881//2881 2922//2922 2930//2930
f 2937//2937 2938//2938 2939//2939
f 2937//2937 2939//2939 611//611
f 2942//2942 2941//2941 2940//2940
f 2943//2943 1895//1895 2944//2944
f 1464//1464 2944//2944 1895//1895
f 1046//1046 1113//1113 1013//1013
f 1113//1113 1046//1046 1045//1045
f 2048//2048 2939//2939 734//734
f 611//611 2939//2939 2048//2048
f 2923//2923 2921//2921 2945//2945
f 959//959 2946//2946 2254//2254
f 2947//2947 961//961 2948//2948
f 2948//2948 961//961 953//953
f 953//953 961//961 293//293
f 2903//2903 2950//2950 2949//2949
f 1463//1463 2903//2903 2949//2949
f 736//736 968//968 2951//2951
f 638//638 237//237 1720//1720
f 1725//1725 2952//2952 2953//2953
f 2596//2596 2906//2906 565//565
f 2739//2739 1892//1892 1893//1893
f 778//778 968//968 749//749
f 1464//1464 2738//2738 2540//2540
f 289//289 2905//2905 2145//2145
f 289//289 2145//2145 2331//2331
f 784//784 783//783 2791//2791
f 956//956 2942//2942 954//954
f 768//768 2955//2955 2954//2954
f 2956//2956 2917//2917 2852//2852
f 2596//2596 2699//2699 2906//2906
f 338//338 2952//2952 2724//2724
f 2957//2957 2958//2958 2959//2959
f 2959//2959 2960//2960 2957//2957
f 2880//2880 2819//2819 2820//2820
f 542//542 2863//2863 2576//2576
f 2576//2576 2146//2146 542//542
f 2961//2961 2699//2699 2698//2698
f 2883//2883 2882//2882 2422//2422
f 2580//2580 2962//2962 2963//2963
f 2145//2145 2905//2905 2135//2135
f 1894//1894 2738//2738 1464//1464
f 1464//1464 1895//1895 1894//1894
f 2964//2964 2944//2944 1464//1464
f 2941//2941 2965//2965 2940//2940
f 2940//2940 2965//2965 928//928
f 1145//1145 2719//2719 1146//1146
f 2908//2908 2728//2728 2943//2943
f 403//403 2466//2466 2203//2203
f 2966//2966 2597//2597 565//565
f 2822//2822 2966//2966 565//565
f 2930//2930 2922//2922 2932//2932
f 2852//2852 2851//2851 2967//2967
f 2970//2970 2969//2969 2968//2968
f 2971//2971 2969//2969 2970//2970
f 567//567 2972//2972 2822//2822
f 2973//2973 2801//2801 2878//2878
f 2917//2917 2880//2880 1937//1937
f 2917//2917 1937//1937 2813//2813
f 2917//2917 2956//2956 2880//2880
f 598//598 2974//2974 600//600
f 2121//2121 1607//1607 1926//1926
f 2882//2882 2881//2881 2975//2975
f 2976//2976 2882//2882 2975//2975
f 957//957 2977//2977 813//813
f 2956//2956 2819//2819 2880//2880
f 2931//2931 2932//2932 2937//2937
f 2938//2938 2850//2850 2939//2939
f 2968//2968 2976//2976 2975//2975
f 2970//2970 2968//2968 2975//2975
f 1720//1720 237//237 1717//1717
f 807//807 1717//1717 237//237
f 2980//2980 2979//2979 2978//2978
f 2981//2981 2980//2980 2978//2978
f 2966//2966 2976//2976 2982//2982
f 2976//2976 2966//2966 2424//2424
f 2985//2985 2984//2984 2983//2983
f 708//708 2986//2986 1709//1709
f 2989//2989 2988//2988 2987//2987
f 2990//2990 2989//2989 2987//2987
f 1704//1704 775//775 2991//2991
f 2991//2991 775//775 191//191
f 2879//2879 610//610 2048//2048
f 2898//2898 2992//2992 617//617
f 2048//2048 610//610 611//611
f 931//931 2948//2948 953//953
f 925//925 953//953 293//293
f 293//293 294//294 925//925
f 2978//2978 2979//2979 2985//2985
f 2985//2985 2993//2993 2978//2978
f 2994//2994 2979//2979 2980//2980
f 2993//2993 2423//2423 2981//2981
f 2993//2993 2981//2981 2978//2978
f 2996//2996 2995//2995 2807//2807
f 737//737 968//968 736//736
f 2998//2998 2955//2955 2997//2997
f 2979//2979 2987//2987 2985//2985
f 2985//2985 2987//2987 2988//2988
f 1704//1704 2999//2999 708//708
f 2987//2987 2979//2979 2994//2994
f 2883//2883 2993//2993 2985//2985
f 3000//3000 2861//2861 419//419
f 36//36 34//34 3001//3001
f 755//755 3002//3002 3003//3003
f 3001//3001 580//580 36//36
f 3004//3004 3005//3005 2804//2804
f 2859//2859 3006//3006 2861//2861
f 2998//2998 2989//2989 548//548
f 3007//3007 778//778 546//546
f 3008//3008 3009//3009 2760//2760
f 1707//1707 576//576 575//575
f 1877//1877 320//320 3010//3010
f 2819//2819 3011//3011 2821//2821
f 3014//3014 3013//3013 3012//3012
f 2971//2971 2970//2970 2933//2933
f 770//770 736//736 2951//2951
f 2930//2930 2933//2933 2970//2970
f 419//419 3015//3015 418//418
f 581//581 580//580 3012//3012
f 3012//3012 580//580 3001//3001
f 571//571 572//572 577//577
f 3017//3017 3016//3016 300//300
f 1682//1682 3//3 1743//1743
f 3018//3018 738//738 555//555
f 19//19 21//21 721//721
f 3019//3019 2844//2844 2845//2845
f 2042//2042 2839//2839 2840//2840
f 2801//2801 2542//2542 3020//3020
f 2907//2907 2844//2844 3019//3019
f 388//388 387//387 1883//1883
f 1883//1883 3021//3021 388//388
f 777//777 807//807 775//775
f 2911//2911 3011//3011 2796//2796
f 2823//2823 2824//2824 2857//2857
f 2839//2839 2828//2828 2840//2840
f 3023//3023 3022//3022 1027//1027
f 718//718 2759//2759 3024//3024
f 3025//3025 3018//3018 299//299
f 3027//3027 3026//3026 387//387
f 20//20 82//82 84//84
f 20//20 84//84 571//571
f 619//619 3028//3028 630//630
f 2872//2872 2871//2871 2884//2884
f 2823//2823 2857//2857 2884//2884
f 84//84 3029//3029 571//571
f 315//315 1863//1863 1851//1851
f 2926//2926 592//592 2860//2860
f 2930//2930 2975//2975 2881//2881
f 793//793 622//622 620//620
f 3031//3031 2920//2920 3030//3030
f 2733//2733 721//721 720//720
f 3032//3032 3033//3033 3034//3034
f 2861//2861 3000//3000 2804//2804
f 2861//2861 2804//2804 3035//3035
f 590//590 3023//3023 1027//1027
f 2928//2928 3036//3036 2927//2927
f 128//128 127//127 639//639
f 2017//2017 2073//2073 2015//2015
f 2997//2997 2955//2955 3037//3037
f 219//219 202//202 201//201
f 2047//2047 734//734 733//733
f 2975//2975 2930//2930 2970//2970
f 738//738 1710//1710 3038//3038
f 3039//3039 2014//2014 2015//2015
f 746//746 582//582 339//339
f 2976//2976 2968//2968 2982//2982
f 3040//3040 3015//3015 3041//3041
f 3044//3044 3043//3043 3042//3042
f 3046//3046 1029//1029 3045//3045
f 3047//3047 3046//3046 3045//3045
f 3048//3048 3049//3049 3050//3050
f 1837//1837 1728//1728 283//283
f 2101//2101 1728//1728 1837//1837
f 563//563 564//564 37//37
f 2060//2060 3051//3051 1988//1988
f 3053//3053 700//700 3052//3052
f 3054//3054 3053//3053 3052//3052
f 306//306 307//307 3014//3014
f 3055//3055 3032//3032 3034//3034
f 201//201 218//218 219//219
f 805//805 1675//1675 1716//1716
f 59//59 60//60 3056//3056
f 3057//3057 333//333 334//334
f 712//712 3058//3058 3059//3059
f 3059//3059 3060//3060 712//712
f 3061//3061 3062//3062 3063//3063
f 2576//2576 405//405 2575//2575
f 2074//2074 3064//3064 1985//1985
f 3066//3066 1982//1982 3065//3065
f 3067//3067 1819//1819 1983//1983
f 3068//3068 3058//3058 712//712
f 1896//1896 1623//1623 1721//1721
f 418//418 3015//3015 3040//3040
f 836//836 225//225 224//224
f 3032//3032 3069//3069 3033//3033
f 2015//2015 3070//3070 3039//3039
f 36//36 3071//3071 35//35
f 569//569 1963//1963 2032//2032
f 2807//2807 3072//3072 2806//2806
f 2925//2925 2806//2806 3072//3072
f 3071//3071 36//36 2924//2924
f 3074//3074 3073//3073 701//701
f 3054//3054 2807//2807 3075//3075
f 3054//3054 3052//3052 3072//3072
f 3054//3054 3072//3072 2807//2807
f 3053//3053 3077//3077 3076//3076
f 1818//1818 1817//1817 2899//2899
f 3075//3075 3053//3053 3054//3054
f 2049//2049 2898//2898 1817//1817
f 2861//2861 3006//3006 419//419
f 3035//3035 2806//2806 2925//2925
f 3078//3078 2860//2860 590//590
f 592//592 590//590 2860//2860
f 3033//3033 3069//3069 2896//2896
f 2750//2750 2846//2846 2043//2043
f 2038//2038 2071//2071 2036//2036
f 616//616 2751//2751 3079//3079
f 1988//1988 3051//3051 2808//2808
f 3080//3080 1793//1793 1899//1899
f 1963//1963 1886//1886 2032//2032
f 3081//3081 3082//3082 3083//3083
f 3081//3081 3083//3083 3057//3057
f 3050//3050 3036//3036 3084//3084
f 1699//1699 1808//1808 1350//1350
f 3085//3085 1846//1846 947//947
f 1974//1974 2019//2019 1976//1976
f 2059//2059 1988//1988 3086//3086
f 2060//2060 2068//2068 3051//3051
f 3087//3087 3088//3088 3089//3089
f 1743//1743 1825//1825 1690//1690
f 3006//3006 3015//3015 419//419
f 1682//1682 1743//1743 1683//1683
f 3080//3080 1903//1903 1901//1901
f 3090//3090 1903//1903 3080//3080
f 269//269 1748//1748 1749//1749
f 563//563 37//37 39//39
f 3091//3091 2013//2013 2914//2914
f 2914//2914 2013//2013 2913//2913
f 2014//2014 3039//3039 2913//2913
f 2001//2001 1966//1966 1964//1964
f 1819//1819 3067//3067 2895//2895
f 2886//2886 2898//2898 2049//2049
f 2122//2122 309//309 1921//1921
f 309//309 2122//2122 310//310
f 3093//3093 3092//3092 2067//2067
f 1520//1520 1521//1521 2119//2119
f 2800//2800 2886//2886 2049//2049
f 732//732 3094//3094 3076//3076
f 2916//2916 732//732 3076//3076
f 1817//1817 1819//1819 3095//3095
f 702//702 3053//3053 3076//3076
f 2867//2867 615//615 2910//2910
f 3096//3096 3097//3097 596//596
f 596//596 3097//3097 2090//2090
f 2910//2910 615//615 2342//2342
f 2867//2867 2866//2866 2814//2814
f 2814//2814 2775//2775 2867//2867
f 2043//2043 2846//2846 2042//2042
f 2833//2833 2846//2846 2830//2830
f 3098//3098 1935//1935 2916//2916
f 3057//3057 3083//3083 3099//3099
f 2794//2794 2830//2830 2846//2846
f 2289//2289 2027//2027 3100//3100
f 2051//2051 2887//2887 2030//2030
f 2090//2090 3101//3101 2091//2091
f 3051//3051 1980//1980 3066//3066
f 333//333 3102//3102 332//332
f 296//296 315//315 285//285
f 296//296 285//285 284//284
f 3099//3099 1981//1981 3057//3057
f 333//333 1987//1987 3102//3102
f 3039//3039 3103//3103 2913//2913
f 3055//3055 3088//3088 3104//3104
f 3089//3089 3088//3088 3105//3105
f 3105//3105 3088//3088 3055//3055
f 3101//3101 3107//3107 3106//3106
f 1965//1965 1966//1966 1891//1891
f 3056//3056 2901//2901 1964//1964
f 59//59 3056//3056 1964//1964
f 2073//2073 2017//2017 1975//1975
f 2916//2916 3076//3076 3077//3077
f 2894//2894 2895//2895 3067//3067
f 3108//3108 2901//2901 3056//3056
f 2858//2858 2901//2901 3108//3108
f 3103//3103 3048//3048 3050//3050
f 3041//3041 3078//3078 3109//3109
f 1817//1817 3095//3095 2050//2050
f 3043//3043 3110//3110 3111//3111
f 2775//2775 2815//2815 1010//1010
f 2916//2916 3077//3077 3098//3098
f 2917//2917 2813//2813 2812//2812
f 3094//3094 702//702 3076//3076
f 3048//3048 3112//3112 3106//3106
f 3080//3080 1899//1899 3113//3113
f 3106//3106 3114//3114 3048//3048
f 2073//2073 1951//1951 2091//2091
f 3092//3092 2900//2900 3115//3115
f 3032//3032 3055//3055 3104//3104
f 766//766 305//305 306//306
f 3117//3117 3116//3116 3034//3034
f 617//617 2007//2007 2790//2790
f 2896//2896 2894//2894 3117//3117
f 3114//3114 3049//3049 3048//3048
f 3118//3118 3114//3114 3089//3089
f 1937//1937 733//733 1935//1935
f 2042//2042 2846//2846 2833//2833
f 3079//3079 2007//2007 616//616
f 2789//2789 2812//2812 3119//3119
f 1983//1983 2811//2811 3067//3067
f 2842//2842 2146//2146 2862//2862
f 2009//2009 2869//2869 406//406
f 3119//3119 1818//1818 2899//2899
f 2886//2886 2992//2992 2898//2898
f 1935//1935 733//733 2916//2916
f 3117//3117 3033//3033 2896//2896
f 3034//3034 3033//3033 3117//3117
f 3075//3075 2807//2807 2995//2995
f 3063//3063 3062//3062 3120//3120
f 2995//2995 3116//3116 3077//3077
f 3116//3116 3121//3121 3034//3034
f 3111//3111 3110//3110 334//334
f 700//700 701//701 3122//3122
f 2928//2928 2929//2929 3123//3123
f 420//420 3123//3123 2929//2929
f 3068//3068 3061//3061 3124//3124
f 3125//3125 302//302 304//304
f 3057//3057 3110//3110 3081//3081
f 3081//3081 3110//3110 3044//3044
f 3009//3009 3008//3008 3031//3031
f 653//653 3126//3126 652//652
f 268//268 659//659 683//683
f 703//703 268//268 683//683
f 43//43 826//826 44//44
f 268//268 267//267 659//659
f 206//206 637//637 267//267
f 254//254 93//93 94//94
f 257//257 96//96 826//826
f 636//636 1674//1674 669//669
f 1896//1896 1721//1721 1617//1617
f 251//251 207//207 208//208
f 684//684 707//707 703//703
f 684//684 703//703 683//683
f 588//588 562//562 587//587
f 1579//1579 1575//1575 1576//1576
f 1713//1713 654//654 643//643
f 64//64 647//647 667//667
f 51//51 643//643 50//50
f 658//658 95//95 143//143
f 658//658 143//143 644//644
f 673//673 93//93 25//25
f 673//673 143//143 95//95
f 95//95 93//93 673//673
f 226//226 855//855 871//871
f 644//644 143//143 50//50
f 584//584 637//637 640//640
f 650//650 637//637 584//584
f 1641//1641 223//223 222//222
f 56//56 57//57 826//826
f 650//650 267//267 637//637
f 650//650 584//584 255//255
f 650//650 255//255 277//277
f 1711//1711 3127//3127 28//28
f 216//216 1706//1706 846//846
f 277//277 255//255 257//257
f 826//826 1644//1644 56//56
f 1644//1644 623//623 56//56
f 1255//1255 3128//3128 212//212
f 1398//1398 1255//1255 212//212
f 636//636 669//669 640//640
f 1700//1700 1721//1721 1675//1675
f 826//826 96//96 1644//1644
f 256//256 584//584 583//583
f 171//171 1688//1688 172//172
f 584//584 256//256 255//255
f 257//257 256//256 96//96
f 96//96 256//256 1680//1680
f 3129//3129 1581//1581 1582//1582
f 870//870 821//821 822//822
f 883//883 41//41 42//42
f 885//885 41//41 883//883
f 1604//1604 1735//1735 1820//1820
f 646//646 64//64 1680//1680
f 619//619 3131//3131 3130//3130
f 563//563 3131//3131 562//562
f 562//562 3131//3131 619//619
f 3132//3132 583//583 585//585
f 3028//3028 619//619 3133//3133
f 809//809 836//836 224//224
f 3135//3135 1722//1722 3134//3134
f 291//291 3136//3136 292//292
f 808//808 820//820 809//809
f 15//15 665//665 13//13
f 3133//3133 619//619 3130//3130
f 3137//3137 1629//1629 1628//1628
f 1700//1700 806//806 804//804
f 3132//3132 663//663 664//664
f 664//664 651//651 645//645
f 646//646 664//664 645//645
f 664//664 583//583 3132//3132
f 12//12 1681//1681 10//10
f 1626//1626 3132//3132 585//585
f 1684//1684 1711//1711 37//37
f 1711//1711 589//589 37//37
f 256//256 583//583 1680//1680
f 3138//3138 1626//1626 668//668
f 668//668 3139//3139 3138//3138
f 3127//3127 11//11 28//28
f 64//64 96//96 1680//1680
f 1684//1684 3127//3127 1711//1711
f 3140//3140 11//11 3127//3127
f 315//315 296//296 298//298
f 658//658 654//654 1674//1674
f 836//836 851//851 847//847
f 96//96 66//66 1644//1644
f 66//66 65//65 642//642
f 66//66 642//642 1644//1644
f 3130//3130 3131//3131 692//692
f 3130//3130 692//692 599//599
f 3131//3131 39//39 692//692
f 683//683 659//659 3141//3141
f 3142//3142 2974//2974 718//718
f 3142//3142 718//718 717//717
f 590//590 1027//1027 3143//3143
f 718//718 83//83 2759//2759
f 571//571 691//691 573//573
f 3028//3028 3141//3141 659//659
f 3028//3028 659//659 630//630
f 630//630 659//659 631//631
f 2925//2925 2860//2860 3035//3035
f 2926//2926 2860//2860 2925//2925
f 3144//3144 3038//3038 2986//2986
f 254//254 3145//3145 26//26
f 699//699 3145//3145 695//695
f 227//227 699//699 189//189
f 237//237 227//227 189//189
f 3145//3145 699//699 26//26
f 26//26 699//699 227//227
f 1397//1397 3146//3146 1660//1660
f 651//651 742//742 645//645
f 38//38 682//682 39//39
f 1863//1863 726//726 3085//3085
f 609//609 63//63 62//62
f 3//3 1682//1682 846//846
f 1681//1681 845//845 1682//1682
f 695//695 694//694 190//190
f 1706//1706 1//1 3//3
f 738//738 3038//3038 681//681
f 3038//3038 3144//3144 681//681
f 694//694 2999//2999 2991//2991
f 1707//1707 713//713 1708//1708
f 1710//1710 2986//2986 3038//3038
f 715//715 713//713 1707//1707
f 3017//3017 716//716 3016//3016
f 691//691 2974//2974 598//598
f 1823//1823 1825//1825 1743//1743
f 1743//1743 3//3 1823//1823
f 2860//2860 3078//3078 3147//3147
f 3148//3148 547//547 3149//3149
f 3148//3148 3149//3149 710//710
f 2991//2991 2999//2999 1704//1704
f 741//741 697//697 3149//3149
f 854//854 821//821 852//852
f 853//853 852//852 821//821
f 782//782 790//790 794//794
f 689//689 782//782 794//794
f 280//280 1734//1734 1732//1732
f 61//61 722//722 3145//3145
f 254//254 61//61 3145//3145
f 722//722 695//695 3145//3145
f 740//740 698//698 697//697
f 574//574 722//722 61//61
f 61//61 63//63 574//574
f 2998//2998 3150//3150 2955//2955
f 649//649 301//301 680//680
f 300//300 835//835 3151//3151
f 300//300 3151//3151 299//299
f 555//555 299//299 3018//3018
f 649//649 576//576 1708//1708
f 649//649 1708//1708 301//301
f 386//386 388//388 3047//3047
f 3047//3047 388//388 3021//3021
f 738//738 3152//3152 674//674
f 738//738 674//674 1710//1710
f 694//694 693//693 3144//3144
f 3144//3144 693//693 649//649
f 649//649 693//693 574//574
f 649//649 681//681 3144//3144
f 715//715 731//731 704//704
f 1617//1617 1721//1721 858//858
f 731//731 715//715 1707//1707
f 1707//1707 575//575 731//731
f 575//575 609//609 731//731
f 693//693 695//695 574//574
f 716//716 3017//3017 713//713
f 714//714 716//716 713//713
f 3006//3006 2859//2859 2860//2860
f 3021//3021 1884//1884 3059//3059
f 298//298 711//711 726//726
f 1708//1708 3017//3017 301//301
f 301//301 3017//3017 300//300
f 713//713 3017//3017 1708//1708
f 740//740 741//741 3153//3153
f 2669//2669 2695//2695 2667//2667
f 3029//3029 83//83 2974//2974
f 3154//3154 3022//3022 3023//3023
f 727//727 3154//3154 3023//3023
f 2732//2732 723//723 19//19
f 2732//2732 19//19 721//721
f 3026//3026 3155//3155 1883//1883
f 3029//3029 691//691 571//571
f 2759//2759 723//723 2731//2731
f 691//691 3029//3029 2974//2974
f 600//600 2974//2974 3142//3142
f 3142//3142 717//717 600//600
f 83//83 3029//3029 84//84
f 3131//3131 563//563 39//39
f 708//708 2999//2999 2986//2986
f 55//55 37//37 564//564
f 3024//3024 3156//3156 718//718
f 2991//2991 190//190 694//694
f 706//706 705//705 717//717
f 692//692 573//573 599//599
f 3157//3157 1689//1689 621//621
f 599//599 600//600 3158//3158
f 598//598 599//599 573//573
f 3158//3158 3130//3130 599//599
f 600//600 705//705 3158//3158
f 685//685 3158//3158 705//705
f 3158//3158 685//685 3141//3141
f 3158//3158 3133//3133 3130//3130
f 3141//3141 3133//3133 3158//3158
f 3028//3028 3133//3133 3141//3141
f 3152//3152 756//756 674//674
f 1709//1709 2986//2986 1710//1710
f 731//731 609//609 684//684
f 685//685 731//731 684//684
f 707//707 684//684 609//609
f 3141//3141 685//685 683//683
f 2974//2974 83//83 718//718
f 723//723 2759//2759 83//83
f 2999//2999 694//694 3144//3144
f 2999//2999 3144//3144 2986//2986
f 3153//3153 778//778 779//779
f 546//546 778//778 3153//3153
f 716//716 718//718 3156//3156
f 833//833 3016//3016 3156//3156
f 835//835 300//300 3016//3016
f 833//833 3031//3031 834//834
f 3009//3009 3031//3031 833//833
f 3156//3156 3016//3016 716//716
f 835//835 3016//3016 833//833
f 769//769 547//547 3148//3148
f 3159//3159 3025//3025 3002//3002
f 834//834 3160//3160 835//835
f 3143//3143 1027//1027 3161//3161
f 3024//3024 3009//3009 3156//3156
f 3162//3162 2941//2941 2942//2942
f 2957//2957 3162//3162 2942//2942
f 3018//3018 3152//3152 738//738
f 833//833 3156//3156 3009//3009
f 3160//3160 834//834 3031//3031
f 3160//3160 3031//3031 3163//3163
f 3024//3024 2759//2759 2760//2760
f 3024//3024 2760//2760 3009//3009
f 299//299 3151//3151 3164//3164
f 3164//3164 835//835 3160//3160
f 835//835 3164//3164 3151//3151
f 3025//3025 299//299 3164//3164
f 3152//3152 3018//3018 756//756
f 756//756 3018//3018 3025//3025
f 3025//3025 3159//3159 756//756
f 2994//2994 2951//2951 2987//2987
f 2951//2951 968//968 2987//2987
f 968//968 2990//2990 2987//2987
f 784//784 3165//3165 785//785
f 785//785 3165//3165 803//803
f 709//709 710//710 1498//1498
f 547//547 741//741 3149//3149
f 774//774 709//709 1498//1498
f 774//774 775//775 709//709
f 3166//3166 3071//3071 3073//3073
f 3073//3073 3167//3167 3166//3166
f 3007//3007 546//546 548//548
f 3001//3001 766//766 306//306
f 3001//3001 306//306 3012//3012
f 547//547 3150//3150 548//548
f 3150//3150 547//547 2954//2954
f 2954//2954 547//547 769//769
f 3150//3150 2998//2998 548//548
f 2990//2990 3007//3007 2989//2989
f 968//968 3007//3007 2990//2990
f 771//771 735//735 736//736
f 3168//3168 770//770 3169//3169
f 3168//3168 3169//3169 2980//2980
f 937//937 2696//2696 3170//3170
f 936//936 2696//2696 937//937
f 3007//3007 548//548 2989//2989
f 3164//3164 3171//3171 3025//3025
f 3160//3160 3171//3171 3164//3164
f 3002//3002 3025//3025 3171//3171
f 3172//3172 3001//3001 3037//3037
f 788//788 1694//1694 881//881
f 1723//1723 788//788 881//881
f 3001//3001 3172//3172 766//766
f 770//770 2951//2951 3169//3169
f 708//708 1709//1709 3173//3173
f 274//274 881//881 1694//1694
f 3153//3153 741//741 547//547
f 546//546 3153//3153 547//547
f 2252//2252 3174//3174 2254//2254
f 2252//2252 932//932 501//501
f 788//788 3175//3175 696//696
f 725//725 3176//3176 77//77
f 787//787 882//882 259//259
f 258//258 787//787 259//259
f 786//786 785//785 68//68
f 3105//3105 3177//3177 3089//3089
f 3178//3178 3176//3176 725//725
f 784//784 771//771 3179//3179
f 3180//3180 3178//3178 725//725
f 191//191 775//775 807//807
f 790//790 729//729 794//794
f 877//877 729//729 790//790
f 1723//1723 799//799 689//689
f 689//689 690//690 1723//1723
f 884//884 1678//1678 241//241
f 260//260 759//759 724//724
f 928//928 2965//2965 3179//3179
f 3179//3179 771//771 928//928
f 258//258 724//724 77//77
f 76//76 77//77 3176//3176
f 91//91 802//802 800//800
f 3181//3181 762//762 761//761
f 2935//2935 3167//3167 3182//3182
f 876//876 3175//3175 690//690
f 634//634 843//843 632//632
f 632//632 843//843 3183//3183
f 632//632 3183//3183 915//915
f 926//926 2946//2946 959//959
f 814//814 780//780 276//276
f 3149//3149 697//697 1498//1498
f 1498//1498 710//710 3149//3149
f 622//622 791//791 3157//3157
f 621//621 622//622 3157//3157
f 876//876 777//777 776//776
f 36//36 3184//3184 2924//2924
f 1779//1779 1778//1778 1763//1763
f 1763//1763 1778//1778 3185//3185
f 190//190 2991//2991 191//191
f 690//690 788//788 1723//1723
f 779//779 3186//3186 3153//3153
f 740//740 3153//3153 3186//3186
f 3180//3180 696//696 698//698
f 789//789 696//696 3180//3180
f 787//787 786//786 800//800
f 698//698 740//740 3180//3180
f 3186//3186 3180//3180 740//740
f 3180//3180 3186//3186 3178//3178
f 779//779 748//748 3186//3186
f 3176//3176 3186//3186 748//748
f 3178//3178 3186//3186 3176//3176
f 783//783 786//786 78//78
f 2791//2791 76//76 2792//2792
f 78//78 76//76 2791//2791
f 2791//2791 783//783 78//78
f 735//735 771//771 2792//2792
f 735//735 2792//2792 748//748
f 803//803 67//67 68//68
f 34//34 2997//2997 3037//3037
f 803//803 3165//3165 2941//2941
f 2941//2941 3162//3162 803//803
f 3165//3165 784//784 2965//2965
f 2965//2965 784//784 3179//3179
f 2954//2954 2955//2955 3150//3150
f 2941//2941 3165//3165 2965//2965
f 3176//3176 748//748 2792//2792
f 3176//3176 2792//2792 76//76
f 690//690 3175//3175 788//788
f 2792//2792 771//771 784//784
f 1726//1726 2953//2953 3187//3187
f 955//955 2958//2958 956//956
f 1725//1725 2953//2953 1726//1726
f 1498//1498 3175//3175 776//776
f 774//774 1498//1498 776//776
f 696//696 3175//3175 1498//1498
f 776//776 3175//3175 876//876
f 709//709 1704//1704 708//708
f 769//769 3148//3148 3188//3188
f 3188//3188 710//710 708//708
f 3148//3148 710//710 3188//3188
f 3173//3173 3188//3188 708//708
f 3012//3012 306//306 3014//3014
f 3173//3173 305//305 766//766
f 3188//3188 3173//3173 767//767
f 3188//3188 767//767 769//769
f 305//305 3173//3173 674//674
f 1709//1709 674//674 3173//3173
f 3173//3173 766//766 767//767
f 1720//1720 1689//1689 638//638
f 759//759 725//725 724//724
f 789//789 3180//3180 725//725
f 1694//1694 789//789 759//759
f 759//759 789//789 725//725
f 864//864 790//790 781//781
f 621//621 1720//1720 796//796
f 1689//1689 1720//1720 621//621
f 1780//1780 1800//1800 1692//1692
f 22//22 30//30 1705//1705
f 132//132 801//801 802//802
f 882//882 800//800 801//801
f 787//787 800//800 882//882
f 801//801 132//132 1719//1719
f 1719//1719 132//132 134//134
f 801//801 1719//1719 882//882
f 882//882 1719//1719 797//797
f 762//762 886//886 772//772
f 820//820 819//819 40//40
f 40//40 809//809 820//820
f 772//772 819//819 762//762
f 878//878 818//818 1677//1677
f 763//763 818//818 878//878
f 763//763 878//878 877//877
f 1677//1677 818//818 820//820
f 1738//1738 3189//3189 1836//1836
f 119//119 3190//3190 1204//1204
f 1204//1204 3190//3190 816//816
f 879//879 792//792 730//730
f 810//810 3191//3191 730//730
f 852//852 851//851 885//885
f 3//3 2//2 1823//1823
f 3191//3191 860//860 879//879
f 3134//3134 273//273 272//272
f 118//118 230//230 229//229
f 3192//3192 3193//3193 1670//1670
f 172//172 1688//1688 3194//3194
f 652//652 3126//3126 13//13
f 1693//1693 264//264 1778//1778
f 266//266 264//264 1693//1693
f 1614//1614 3195//3195 3196//3196
f 1614//1614 3196//3196 3197//3197
f 817//817 1204//1204 816//816
f 816//816 3190//3190 1724//1724
f 3085//3085 947//947 1731//1731
f 849//849 850//850 838//838
f 241//241 895//895 885//885
f 180//180 874//874 887//887
f 180//180 887//887 872//872
f 821//821 870//870 853//853
f 855//855 853//853 870//870
f 3198//3198 1670//1670 3193//3193
f 3199//3199 838//838 1218//1218
f 849//849 838//838 3199//3199
f 837//837 1218//1218 838//838
f 822//822 823//823 893//893
f 871//871 118//118 226//226
f 118//118 871//871 230//230
f 230//230 893//893 31//31
f 870//870 892//892 871//871
f 822//822 892//892 870//870
f 3200//3200 1625//1625 1629//1629
f 804//804 1698//1698 1700//1700
f 1648//1648 120//120 229//229
f 1057//1057 605//605 3200//3200
f 820//820 3201//3201 1677//1677
f 728//728 1662//1662 810//810
f 3201//3201 1663//1663 1677//1677
f 3197//3197 1662//1662 1663//1663
f 3197//3197 1663//1663 3202//3202
f 810//810 1662//1662 3197//3197
f 810//810 3197//3197 3196//3196
f 1584//1584 1614//1614 3203//3203
f 3203//3203 1585//1585 1584//1584
f 671//671 30//30 217//217
f 1724//1724 1585//1585 3204//3204
f 3194//3194 3205//3205 859//859
f 3206//3206 3205//3205 3194//3194
f 1688//1688 3206//3206 3194//3194
f 3202//3202 3204//3204 1585//1585
f 3202//3202 1585//1585 3203//3203
f 3202//3202 3203//3203 3197//3197
f 3203//3203 1614//1614 3197//3197
f 3206//3206 3195//3195 3205//3205
f 3195//3195 3206//3206 3196//3196
f 1691//1691 3204//3204 3202//3202
f 3202//3202 3201//3201 1691//1691
f 3202//3202 1663//1663 3201//3201
f 820//820 1691//1691 3201//3201
f 810//810 3196//3196 3191//3191
f 3191//3191 879//879 730//730
f 860//860 3191//3191 3206//3206
f 860//860 3206//3206 1688//1688
f 3206//3206 3191//3191 3196//3196
f 1724//1724 3204//3204 816//816
f 816//816 3204//3204 808//808
f 762//762 3181//3181 886//886
f 798//798 815//815 276//276
f 276//276 275//275 798//798
f 865//865 815//815 3207//3207
f 815//815 3181//3181 3207//3207
f 242//242 1678//1678 867//867
f 865//865 814//814 815//815
f 133//133 880//880 180//180
f 1032//1032 1193//1193 1192//1192
f 1192//1192 129//129 1032//1032
f 856//856 825//825 292//292
f 831//831 1199//1199 1206//1206
f 639//639 638//638 827//827
f 3157//3157 827//827 1689//1689
f 827//827 3157//3157 791//791
f 793//793 620//620 794//794
f 872//872 832//832 894//894
f 887//887 3181//3181 872//872
f 886//886 3181//3181 887//887
f 815//815 832//832 872//872
f 815//815 872//872 3181//3181
f 253//253 886//886 887//887
f 634//634 3208//3208 844//844
f 802//802 679//679 3208//3208
f 679//679 844//844 3208//3208
f 934//934 844//844 679//679
f 891//891 844//844 934//934
f 1372//1372 3209//3209 90//90
f 3183//3183 1416//1416 915//915
f 634//634 842//842 3208//3208
f 3210//3210 3183//3183 3211//3211
f 758//758 896//896 3211//3211
f 758//758 3211//3211 891//891
f 843//843 3211//3211 3183//3183
f 891//891 3211//3211 843//843
f 842//842 132//132 3208//3208
f 132//132 802//802 3208//3208
f 462//462 2690//2690 1043//1043
f 1001//1001 2679//2679 3212//3212
f 3212//3212 85//85 1001//1001
f 3174//3174 3213//3213 2254//2254
f 1188//1188 1211//1211 906//906
f 1183//1183 1184//1184 1323//1323
f 900//900 1278//1278 757//757
f 931//931 186//186 3214//3214
f 931//931 3214//3214 2948//2948
f 1190//1190 129//129 1192//1192
f 757//757 1307//1307 913//913
f 2957//2957 2960//2960 2947//2947
f 811//811 899//899 981//981
f 962//962 899//899 811//811
f 897//897 981//981 899//899
f 1214//1214 1378//1378 1066//1066
f 3215//3215 1378//1378 1214//1214
f 3215//3215 1214//1214 1215//1215
f 1527//1527 3215//3215 1215//1215
f 964//964 3215//3215 1527//1527
f 1378//1378 3215//3215 964//964
f 1277//1277 92//92 187//187
f 900//900 92//92 1277//1277
f 934//934 92//92 900//900
f 187//187 92//92 69//69
f 69//69 67//67 187//187
f 802//802 91//91 679//679
f 1449//1449 1539//1539 1503//1503
f 1449//1449 1503//1503 1320//1320
f 3216//3216 3217//3217 3218//3218
f 929//929 930//930 1278//1278
f 1277//1277 929//929 1278//1278
f 1278//1278 930//930 1307//1307
f 1307//1307 757//757 1278//1278
f 3187//3187 338//338 295//295
f 338//338 3187//3187 2953//2953
f 926//926 2737//2737 2946//2946
f 927//927 2737//2737 926//926
f 2948//2948 3214//3214 2947//2947
f 2947//2947 3214//3214 2957//2957
f 2957//2957 3214//3214 3162//3162
f 3162//3162 3214//3214 186//186
f 803//803 3162//3162 186//186
f 2947//2947 2960//2960 961//961
f 803//803 68//68 785//785
f 1300//1300 1334//1334 1298//1298
f 295//295 961//961 2960//2960
f 295//295 2960//2960 3187//3187
f 1538//1538 1526//1526 1525//1525
f 1479//1479 1526//1526 1538//1538
f 3219//3219 1300//1300 1447//1447
f 2980//2980 3169//3169 2994//2994
f 2994//2994 3169//3169 2951//2951
f 2253//2253 2946//2946 2737//2737
f 2254//2254 2946//2946 2253//2253
f 959//959 3213//3213 957//957
f 3213//3213 959//959 2254//2254
f 922//922 155//155 944//944
f 944//944 945//945 922//922
f 2677//2677 974//974 1130//1130
f 2675//2675 2677//2677 1130//1130
f 1042//1042 2690//2690 1035//1035
f 2658//2658 1000//1000 87//87
f 1002//1002 155//155 922//922
f 3213//3213 2977//2977 957//957
f 3221//3221 3220//3220 932//932
f 2687//2687 3221//3221 2716//2716
f 491//491 869//869 500//500
f 3222//3222 2505//2505 2715//2715
f 2689//2689 1041//1041 2690//2690
f 1725//1725 2699//2699 2747//2747
f 2252//2252 501//501 3174//3174
f 946//946 2721//2721 499//499
f 3213//3213 3174//3174 2977//2977
f 3174//3174 501//501 499//499
f 499//499 2721//2721 3174//3174
f 2721//2721 812//812 3174//3174
f 3174//3174 812//812 2977//2977
f 2977//2977 812//812 813//813
f 812//812 2721//2721 963//963
f 1044//1044 1120//1120 1117//1117
f 922//922 923//923 991//991
f 1034//1034 1041//1041 7//7
f 463//463 1043//1043 1004//1004
f 462//462 1043//1043 463//463
f 991//991 463//463 1004//1004
f 1039//1039 3223//3223 1120//1120
f 1044//1044 1042//1042 1120//1120
f 1034//1034 1040//1040 985//985
f 3223//3223 1118//1118 1120//1120
f 3224//3224 86//86 760//760
f 1034//1034 1035//1035 2690//2690
f 1041//1041 1034//1034 2690//2690
f 236//236 1572//1572 1297//1297
f 261//261 1325//1325 263//263
f 1666//1666 1685//1685 1202//1202
f 2958//2958 3225//3225 2959//2959
f 3225//3225 2958//2958 955//955
f 1043//1043 1003//1003 1004//1004
f 922//922 1004//1004 1002//1002
f 991//991 1004//1004 922//922
f 86//86 3224//3224 87//87
f 1126//1126 485//485 760//760
f 1126//1126 760//760 86//86
f 86//86 482//482 1126//1126
f 909//909 2673//2673 2674//2674
f 139//139 383//383 1410//1410
f 1443//1443 1390//1390 1050//1050
f 1443//1443 1050//1050 974//974
f 1130//1130 974//974 1128//1128
f 2673//2673 909//909 9//9
f 9//9 1041//1041 2673//2673
f 3224//3224 2658//2658 87//87
f 985//985 1040//1040 987//987
f 1122//1122 363//363 2658//2658
f 364//364 363//363 1122//1122
f 365//365 364//364 8//8
f 386//386 3226//3226 727//727
f 1139//1139 2665//2665 461//461
f 994//994 107//107 105//105
f 909//909 2693//2693 365//365
f 2695//2695 2693//2693 909//909
f 2674//2674 2695//2695 909//909
f 2674//2674 2667//2667 2695//2695
f 988//988 485//485 1126//1126
f 1135//1135 486//486 485//485
f 1135//1135 485//485 988//988
f 484//484 1121//1121 760//760
f 100//100 102//102 985//985
f 1121//1121 3224//3224 760//760
f 114//114 2646//2646 2602//2602
f 114//114 2602//2602 149//149
f 986//986 100//100 985//985
f 2646//2646 1121//1121 484//484
f 986//986 1121//1121 2646//2646
f 1122//1122 3224//3224 1121//1121
f 2658//2658 3224//3224 1122//1122
f 987//987 1123//1123 986//986
f 114//114 100//100 986//986
f 2646//2646 484//484 2602//2602
f 486//486 1110//1110 2602//2602
f 2602//2602 1110//1110 149//149
f 1083//1083 996//996 1005//1005
f 1083//1083 1005//1005 1037//1037
f 996//996 1083//1083 965//965
f 997//997 1077//1077 1137//1137
f 1077//1077 966//966 1073//1073
f 2706//2706 967//967 1025//1025
f 1272//1272 167//167 1091//1091
f 1187//1187 1023//1023 1137//1137
f 1138//1138 3223//3223 1136//1136
f 90//90 3209//3209 1124//1124
f 997//997 1136//1136 102//102
f 997//997 1137//1137 1136//1136
f 102//102 1039//1039 1036//1036
f 1136//1136 1039//1039 102//102
f 1039//1039 1136//1136 3223//3223
f 985//985 102//102 1036//1036
f 966//966 967//967 2706//2706
f 1075//1075 1024//1024 1073//1073
f 1073//1073 1024//1024 1187//1187
f 1035//1035 1120//1120 1042//1042
f 1120//1120 1035//1035 1039//1039
f 1164//1164 1403//1403 1338//1338
f 487//487 2683//2683 1095//1095
f 2215//2215 2216//2216 177//177
f 243//243 1003//1003 1044//1044
f 243//243 3227//3227 1134//1134
f 1117//1117 243//243 1044//1044
f 1117//1117 1085//1085 3227//3227
f 1117//1117 3227//3227 243//243
f 1085//1085 1087//1087 3227//3227
f 1052//1052 1396//1396 194//194
f 3228//3228 1273//1273 70//70
f 1395//1395 1407//1407 1399//1399
f 1007//1007 151//151 439//439
f 1496//1496 840//840 248//248
f 88//88 1051//1051 1160//1160
f 1273//1273 1098//1098 167//167
f 1213//1213 1065//1065 1188//1188
f 1213//1213 1066//1066 1065//1065
f 1024//1024 1075//1075 1182//1182
f 1066//1066 1378//1378 1134//1134
f 1165//1165 3227//3227 1087//1087
f 1134//1134 3227//3227 1165//1165
f 1165//1165 1066//1066 1134//1134
f 79//79 1111//1111 486//486
f 79//79 486//486 1135//1135
f 1111//1111 1096//1096 1005//1005
f 1096//1096 1111//1111 1109//1109
f 1110//1110 1111//1111 1005//1005
f 1005//1005 149//149 1110//1110
f 1138//1138 1118//1118 3223//3223
f 1119//1119 1118//1118 1138//1138
f 1022//1022 1119//1119 1138//1138
f 1022//1022 1138//1138 1023//1023
f 1119//1119 1022//1022 1260//1260
f 1104//1104 1095//1095 2683//2683
f 1536//1536 1393//1393 1380//1380
f 1375//1375 1050//1050 1390//1390
f 1339//1339 1054//1054 1053//1053
f 1260//1260 1022//1022 1182//1182
f 1158//1158 1385//1385 1157//1157
f 1147//1147 1148//1148 1347//1347
f 3229//3229 1150//1150 244//244
f 1260//1260 1182//1182 1007//1007
f 1007//1007 1182//1182 1006//1006
f 248//248 1364//1364 1496//1496
f 1133//1133 1064//1064 1082//1082
f 1647//1647 975//975 1272//1272
f 764//764 975//975 1647//1647
f 765//765 764//764 1647//1647
f 1063//1063 1070//1070 247//247
f 1272//1272 975//975 1105//1105
f 1384//1384 2691//2691 2574//2574
f 245//245 2691//2691 1384//1384
f 1384//1384 244//244 245//245
f 1005//1005 1096//1096 1037//1037
f 1105//1105 977//977 245//245
f 245//245 3230//3230 1105//1105
f 3230//3230 147//147 148//148
f 3230//3230 245//245 147//147
f 1105//1105 3230//3230 1272//1272
f 148//148 72//72 3230//3230
f 3230//3230 72//72 1272//1272
f 72//72 70//70 1272//1272
f 1142//1142 1383//1383 1415//1415
f 1099//1099 1100//1100 1102//1102
f 1049//1049 1147//1147 1239//1239
f 1074//1074 1161//1161 3231//3231
f 1364//1364 1353//1353 1354//1354
f 1354//1354 1496//1496 1364//1364
f 1158//1158 3229//3229 244//244
f 1159//1159 3229//3229 1158//1158
f 90//90 1124//1124 764//764
f 246//246 1364//1364 248//248
f 71//71 1363//1363 3228//3228
f 3228//3228 70//70 71//71
f 449//449 1658//1658 1157//1157
f 1157//1157 1385//1385 449//449
f 384//384 1408//1408 3232//3232
f 973//973 1658//1658 450//450
f 384//384 3232//3232 385//385
f 1282//1282 1052//1052 1054//1054
f 902//902 71//71 72//72
f 449//449 2573//2573 451//451
f 1364//1364 1486//1486 166//166
f 1151//1151 1152//1152 901//901
f 902//902 901//901 1152//1152
f 1384//1384 1158//1158 244//244
f 234//234 236//236 1173//1173
f 2574//2574 1385//1385 1384//1384
f 1124//1124 3209//3209 1025//1025
f 1084//1084 1037//1037 1038//1038
f 1038//1038 3233//3233 1084//1084
f 108//108 46//46 1294//1294
f 2574//2574 2691//2691 3233//3233
f 3233//3233 1038//1038 2574//2574
f 1082//1082 152//152 1133//1133
f 150//150 152//152 1082//1082
f 451//451 2573//2573 1038//1038
f 449//449 1385//1385 2573//2573
f 1135//1135 989//989 1048//1048
f 79//79 1135//1135 1048//1048
f 1403//1403 1163//1163 1239//1239
f 990//990 988//988 3234//3234
f 3234//3234 988//988 1125//1125
f 1125//1125 988//988 1126//1126
f 2351//2351 1129//1129 3234//3234
f 2351//2351 3234//3234 1125//1125
f 1175//1175 1115//1115 1093//1093
f 1063//1063 1064//1064 1131//1131
f 1093//1093 1115//1115 1080//1080
f 1075//1075 3231//3231 1006//1006
f 1006//1006 1182//1182 1075//1075
f 1162//1162 1006//1006 3231//3231
f 162//162 1006//1006 1162//1162
f 3233//3233 2691//2691 1106//1106
f 1025//1025 3209//3209 2706//2706
f 977//977 1106//1106 2691//2691
f 1073//1073 966//966 2706//2706
f 1084//1084 3233//3233 1106//1106
f 1026//1026 1084//1084 1106//1106
f 2706//2706 3209//3209 1074//1074
f 1074//1074 3209//3209 1372//1372
f 1160//1160 162//162 1162//1162
f 1129//1129 990//990 3234//3234
f 1128//1128 972//972 1129//1129
f 1129//1129 972//972 990//990
f 1041//1041 2689//2689 2673//2673
f 1074//1074 3231//3231 1075//1075
f 1493//1493 3235//3235 1389//1389
f 1050//1050 1149//1149 1147//1147
f 1081//1081 1080//1080 1115//1115
f 1115//1115 1175//1175 1197//1197
f 1175//1175 1186//1186 1197//1197
f 1113//1113 1112//1112 1090//1090
f 1090//1090 1112//1112 1108//1108
f 130//130 1156//1156 182//182
f 1116//1116 1156//1156 1045//1045
f 440//440 1169//1169 1012//1012
f 1169//1169 1212//1212 1065//1065
f 1065//1065 1212//1212 1188//1188
f 1535//1535 1441//1441 1554//1554
f 1212//1212 1169//1169 440//440
f 1155//1155 1212//1212 440//440
f 1014//1014 1088//1088 933//933
f 933//933 1088//1088 145//145
f 1088//1088 1014//1014 1113//1113
f 1113//1113 1014//1014 1013//1013
f 842//842 633//633 133//133
f 1418//1418 1213//1213 1188//1188
f 1213//1213 1418//1418 1216//1216
f 1216//1216 1418//1418 1013//1013
f 898//898 1216//1216 1013//1013
f 1368//1368 1366//1366 1365//1365
f 153//153 1378//1378 964//964
f 831//831 1416//1416 829//829
f 3210//3210 1416//1416 3183//3183
f 1340//1340 1543//1543 3236//3236
f 963//963 153//153 964//964
f 146//146 1107//1107 1190//1190
f 1416//1416 3210//3210 146//146
f 1190//1190 1416//1416 146//146
f 829//829 1416//1416 1190//1190
f 1192//1192 829//829 1190//1190
f 866//866 1206//1206 1199//1199
f 1199//1199 868//868 866//866
f 1500//1500 1207//1207 1664//1664
f 1664//1664 1588//1588 1500//1500
f 916//916 1206//1206 866//866
f 1210//1210 176//176 74//74
f 1219//1219 1210//1210 74//74
f 1175//1175 1017//1017 917//917
f 1072//1072 1071//1071 1018//1018
f 863//863 862//862 1340//1340
f 1196//1196 1194//1194 1544//1544
f 873//873 1198//1198 1195//1195
f 53//53 1195//1195 1198//1198
f 181//181 1033//1033 131//131
f 1210//1210 1033//1033 181//181
f 181//181 1198//1198 1210//1210
f 1330//1330 1170//1170 1402//1402
f 1383//1383 1543//1543 1368//1368
f 3236//3236 1543//1543 1383//1383
f 1076//1076 1016//1016 862//862
f 1340//1340 862//862 1366//1366
f 1368//1368 1340//1340 1366//1366
f 1143//1143 1402//1402 1383//1383
f 1033//1033 1219//1219 1032//1032
f 1032//1032 1219//1219 1220//1220
f 1322//1322 1351//1351 1550//1550
f 1032//1032 1220//1220 1193//1193
f 1399//1399 384//384 383//383
f 1414//1414 1399//1399 383//383
f 156//156 1669//1669 1178//1178
f 1344//1344 1401//1401 1343//1343
f 1352//1352 1669//1669 1355//1355
f 1221//1221 1344//1344 1019//1019
f 921//921 73//73 3237//3237
f 3236//3236 1402//1402 1227//1227
f 1054//1054 3238//3238 1283//1283
f 1337//1337 3238//3238 1054//1054
f 1208//1208 1207//1207 1499//1499
f 1574//1574 3239//3239 1576//1576
f 3240//3240 1630//1630 3239//3239
f 1217//1217 240//240 1241//1241
f 1200//1200 1241//1241 240//240
f 1077//1077 1073//1073 1187//1187
f 996//996 1077//1077 997//997
f 1061//1061 1069//1069 1295//1295
f 1061//1061 1295//1295 1060//1060
f 1232//1232 1060//1060 1231//1231
f 1233//1233 3241//3241 3242//3242
f 1233//1233 3242//3242 1019//1019
f 1233//1233 3243//3243 3241//3241
f 3237//3237 73//73 1243//1243
f 1652//1652 1651//1651 1667//1667
f 828//828 3242//3242 75//75
f 75//75 3242//3242 3241//3241
f 1019//1019 3242//3242 828//828
f 1019//1019 828//828 1221//1221
f 75//75 3241//3241 73//73
f 1243//1243 73//73 3243//3243
f 3241//3241 3243//3243 73//73
f 921//921 3237//3237 920//920
f 3199//3199 1218//1218 3244//3244
f 3210//3210 3211//3211 896//896
f 896//896 146//146 3210//3210
f 1240//1240 919//919 920//920
f 1108//1108 1156//1156 130//130
f 1112//1112 1045//1045 1156//1156
f 1108//1108 1112//1112 1156//1156
f 1176//1176 1174//1174 907//907
f 1064//1064 1133//1133 1131//1131
f 1132//1132 1160//1160 1070//1070
f 1160//1160 1051//1051 1070//1070
f 1068//1068 3245//3245 1069//1069
f 3244//3244 1241//1241 1240//1240
f 1031//1031 1241//1241 1200//1200
f 1217//1217 1241//1241 1218//1218
f 1218//1218 1241//1241 3244//3244
f 1031//1031 1030//1030 1271//1271
f 1217//1217 837//837 895//895
f 1242//1242 849//849 3199//3199
f 1314//1314 3246//3246 1313//1313
f 1262//1262 3247//3247 3248//3248
f 3250//3250 3247//3247 3249//3249
f 3249//3249 1490//1490 3250//3250
f 1248//1248 1274//1274 1332//1332
f 1225//1225 1224//1224 1324//1324
f 1305//1305 1324//1324 1224//1224
f 1345//1345 1291//1291 1226//1226
f 1226//1226 1225//1225 1345//1345
f 1345//1345 1225//1225 1289//1289
f 1291//1291 1345//1345 1274//1274
f 1303//1303 1291//1291 3251//3251
f 1303//1303 3251//3251 1569//1569
f 1208//1208 1569//1569 3251//3251
f 1208//1208 3251//3251 1571//1571
f 1291//1291 1292//1292 3251//3251
f 1292//1292 1571//1571 3251//3251
f 1499//1499 1322//1322 1317//1317
f 1620//1620 1255//1255 1641//1641
f 1317//1317 1322//1322 1550//1550
f 115//115 116//116 1185//1185
f 1595//1595 1601//1601 125//125
f 1352//1352 1355//1355 1351//1351
f 1351//1351 1355//1355 117//117
f 117//117 1570//1570 116//116
f 117//117 1671//1671 1570//1570
f 1356//1356 1671//1671 117//117
f 1441//1441 1323//1323 1359//1359
f 1671//1671 1166//1166 1167//1167
f 848//848 1651//1651 850//850
f 2683//2683 1492//1492 1490//1490
f 1166//1166 3252//3252 1313//1313
f 1313//1313 3253//3253 1166//1166
f 1233//1233 1021//1021 3243//3243
f 1344//1344 1400//1400 1401//1401
f 1203//1203 1586//1586 1666//1666
f 1220//1220 1271//1271 1306//1306
f 3229//3229 1151//1151 1150//1150
f 192//192 1353//1353 1097//1097
f 1097//1097 1102//1102 192//192
f 1342//1342 1336//1336 1590//1590
f 1103//1103 1590//1590 1336//1336
f 1315//1315 1312//1312 1341//1341
f 1341//1341 1590//1590 1315//1315
f 1590//1590 1104//1104 1315//1315
f 1104//1104 1590//1590 1103//1103
f 3249//3249 2683//2683 1490//1490
f 1400//1400 1344//1344 863//863
f 1430//1430 136//136 1546//1546
f 863//863 1344//1344 861//861
f 1651//1651 848//848 1667//1667
f 1667//1667 848//848 1666//1666
f 290//290 292//292 825//825
f 1202//1202 1676//1676 1229//1229
f 1196//1196 1544//1544 1344//1344
f 1196//1196 1344//1344 1221//1221
f 1229//1229 1669//1669 1352//1352
f 1229//1229 1352//1352 1201//1201
f 1316//1316 1104//1104 3249//3249
f 1228//1228 1171//1171 1400//1400
f 1499//1499 1203//1203 1321//1321
f 1586//1586 1203//1203 1499//1499
f 1166//1166 1671//1671 3252//3252
f 1671//1671 1356//1356 3252//3252
f 824//824 263//263 1325//1325
f 1650//1650 262//262 979//979
f 863//863 1228//1228 1400//1400
f 1330//1330 1141//1141 1335//1335
f 1329//1329 1330//1330 1335//1335
f 1141//1141 1330//1330 1402//1402
f 1141//1141 1402//1402 1143//1143
f 1227//1227 1228//1228 3236//3236
f 585//585 640//640 1626//1626
f 3254//3254 3246//3246 1314//1314
f 3247//3247 3254//3254 1314//1314
f 1324//1324 1290//1290 1225//1225
f 1316//1316 3247//3247 1314//1314
f 1315//1315 1316//1316 1314//1314
f 115//115 1351//1351 117//117
f 1669//1669 1356//1356 1355//1355
f 3255//3255 1342//1342 1356//1356
f 1356//1356 1342//1342 1312//1312
f 1669//1669 3255//3255 1356//1356
f 1312//1312 3252//3252 1356//1356
f 1336//1336 3255//3255 1349//1349
f 1349//1349 1329//1329 1336//1336
f 3255//3255 1336//1336 1342//1342
f 1349//1349 1094//1094 1329//1329
f 3255//3255 1669//1669 156//156
f 1349//1349 3255//3255 156//156
f 167//167 168//168 1091//1091
f 1301//1301 1382//1382 1367//1367
f 1301//1301 840//840 1382//1382
f 1301//1301 841//841 840//840
f 1382//1382 1368//1368 1367//1367
f 141//141 1415//1415 1421//1421
f 1496//1496 193//193 840//840
f 902//902 1164//1164 1362//1362
f 1406//1406 1282//1282 1283//1283
f 1395//1395 1282//1282 1406//1406
f 1100//1100 1099//1099 3228//3228
f 3228//3228 1363//1363 1100//1100
f 193//193 1382//1382 840//840
f 1338//1338 1346//1346 1337//1337
f 1346//1346 1338//1338 1347//1347
f 1338//1338 1403//1403 1347//1347
f 1098//1098 3228//3228 1099//1099
f 1273//1273 3228//3228 1098//1098
f 1102//1102 1101//1101 194//194
f 1283//1283 3238//3238 1337//1337
f 1283//1283 1337//1337 1346//1346
f 3256//3256 1443//1443 941//941
f 983//983 3258//3258 3257//3257
f 1377//1377 983//983 3257//3257
f 164//164 188//188 6//6
f 1392//1392 1391//1391 3259//3259
f 1104//1104 2683//2683 3249//3249
f 1391//1391 1443//1443 3259//3259
f 1391//1391 1390//1390 1443//1443
f 1244//1244 1149//1149 1050//1050
f 1244//1244 1050//1050 1375//1375
f 71//71 902//902 1362//1362
f 1377//1377 3257//3257 1438//1438
f 136//136 169//169 138//138
f 1417//1417 938//938 4//4
f 4//4 938//938 1381//1381
f 1163//1163 1403//1403 1164//1164
f 1354//1354 192//192 193//193
f 1159//1159 1157//1157 1049//1049
f 3256//3256 3261//3261 3260//3260
f 1389//1389 3235//3235 1422//1422
f 135//135 1493//1493 1494//1494
f 1157//1157 1658//1658 1049//1049
f 1658//1658 973//973 1049//1049
f 974//974 1049//1049 973//973
f 1161//1161 1162//1162 3231//3231
f 246//246 1486//1486 1364//1364
f 1364//1364 166//166 1097//1097
f 1097//1097 166//166 1098//1098
f 1151//1151 901//901 1150//1150
f 3229//3229 1049//1049 1151//1151
f 1159//1159 1049//1049 3229//3229
f 1486//1486 168//168 166//166
f 1053//1053 1100//1100 1363//1363
f 1053//1053 1363//1363 1361//1361
f 1053//1053 1361//1361 1339//1339
f 1339//1339 1361//1361 1338//1338
f 1362//1362 1338//1338 1361//1361
f 1164//1164 1338//1338 1362//1362
f 138//138 139//139 1410//1410
f 1407//1407 1408//1408 384//384
f 1374//1374 3232//3232 1357//1357
f 1374//1374 1357//1357 1244//1244
f 3232//3232 1408//1408 1357//1357
f 136//136 135//135 1494//1494
f 194//194 1331//1331 1052//1052
f 1399//1399 3262//3262 1396//1396
f 1414//1414 3262//3262 1399//1399
f 1415//1415 3262//3262 1414//1414
f 194//194 3262//3262 1415//1415
f 1396//1396 3262//3262 194//194
f 1383//1383 1402//1402 3236//3236
f 1504//1504 1525//1525 3263//3263
f 1544//1544 1076//1076 861//861
f 1340//1340 3236//3236 1228//1228
f 1415//1415 1383//1383 193//193
f 1142//1142 1143//1143 1383//1383
f 3232//3232 3264//3264 385//385
f 1423//1423 3264//3264 3232//3232
f 1374//1374 1423//1423 3232//3232
f 2682//2682 1421//1421 1420//1420
f 1420//1420 1492//1492 2682//2682
f 2682//2682 487//487 1421//1421
f 1421//1421 487//487 141//141
f 2518//2518 2383//2383 2591//2591
f 135//135 137//137 3264//3264
f 385//385 3264//3264 137//137
f 1386//1386 1429//1429 942//942
f 1387//1387 1429//1429 1386//1386
f 385//385 137//137 1410//1410
f 1410//1410 137//137 136//136
f 1428//1428 1665//1665 1427//1427
f 3256//3256 1428//1428 3261//3261
f 3261//3261 1428//1428 188//188
f 983//983 982//982 3258//3258
f 3235//3235 1493//1493 135//135
f 3235//3235 135//135 3264//3264
f 3264//3264 1423//1423 3235//3235
f 1422//1422 3235//3235 1423//1423
f 974//974 942//942 1443//1443
f 2220//2220 2598//2598 2218//2218
f 1430//1430 1546//1546 1373//1373
f 1422//1422 1390//1390 1389//1389
f 163//163 164//164 1373//1373
f 165//165 3261//3261 188//188
f 163//163 1546//1546 1494//1494
f 5//5 1373//1373 6//6
f 3260//3260 1443//1443 3256//3256
f 3259//3259 1443//1443 3260//3260
f 3260//3260 3261//3261 3259//3259
f 3261//3261 1392//1392 3259//3259
f 1392//1392 3261//3261 165//165
f 1381//1381 1380//1380 1393//1393
f 1433//1433 1446//1446 1388//1388
f 1424//1424 940//940 938//938
f 1424//1424 938//938 1417//1417
f 1445//1445 1435//1435 1436//1436
f 1445//1445 1436//1436 1473//1473
f 1425//1425 1379//1379 939//939
f 199//199 1436//1436 1433//1433
f 1433//1433 198//198 199//199
f 1394//1394 1540//1540 4//4
f 3258//3258 1370//1370 2275//2275
f 2275//2275 1370//1370 1371//1371
f 1540//1540 1393//1393 123//123
f 1393//1393 1540//1540 1394//1394
f 1437//1437 1440//1440 1434//1434
f 1432//1432 1434//1434 1440//1440
f 1434//1434 1377//1377 1437//1437
f 1425//1425 1444//1444 1426//1426
f 3248//3248 3247//3247 3250//3250
f 1503//1503 1561//1561 1560//1560
f 1379//1379 1381//1381 939//939
f 1381//1381 938//938 939//939
f 942//942 1388//1388 943//943
f 1533//1533 1431//1431 1388//1388
f 1533//1533 1425//1425 3265//3265
f 939//939 3265//3265 1425//1425
f 1665//1665 1431//1431 940//940
f 940//940 1427//1427 1665//1665
f 1444//1444 1445//1445 1473//1473
f 1445//1445 1446//1446 1435//1435
f 3265//3265 939//939 940//940
f 1431//1431 3265//3265 940//940
f 1431//1431 1533//1533 3265//3265
f 1431//1431 1665//1665 943//943
f 1433//1433 1466//1466 1377//1377
f 1433//1433 1435//1435 1446//1446
f 1376//1376 1485//1485 1478//1478
f 1478//1478 1485//1485 1484//1484
f 942//942 1429//1429 1388//1388
f 1328//1328 346//346 347//347
f 347//347 345//345 1327//1327
f 1466//1466 1485//1485 1377//1377
f 1327//1327 345//345 982//982
f 1376//1376 1377//1377 1485//1485
f 1501//1501 1481//1481 1328//1328
f 1328//1328 1481//1481 1483//1483
f 2317//2317 2318//2318 2595//2595
f 2320//2320 2595//2595 2318//2318
f 942//942 974//974 1460//1460
f 1369//1369 1470//1470 1371//1371
f 1381//1381 1394//1394 4//4
f 3266//3266 2028//2028 1995//1995
f 159//159 1512//1512 1516//1516
f 1505//1505 1561//1561 1503//1503
f 123//123 5//5 1540//1540
f 1436//1436 1348//1348 1473//1473
f 199//199 1348//1348 1436//1436
f 123//123 1430//1430 5//5
f 1430//1430 122//122 169//169
f 1430//1430 169//169 136//136
f 1665//1665 3256//3256 941//941
f 1665//1665 1428//1428 3256//3256
f 1508//1508 1538//1538 1523//1523
f 1481//1481 1502//1502 1482//1482
f 1483//1483 1482//1482 2237//2237
f 1506//1506 1508//1508 2237//2237
f 1503//1503 1560//1560 1320//1320
f 1369//1369 346//346 1508//1508
f 2162//2162 1245//1245 1168//1168
f 1425//1425 1380//1380 1379//1379
f 1810//1810 1998//1998 1870//1870
f 1348//1348 3267//3267 1523//1523
f 1523//1523 3267//3267 1470//1470
f 1348//1348 1470//1470 3267//3267
f 200//200 1470//1470 1348//1348
f 2031//2031 1972//1972 2018//2018
f 205//205 1524//1524 1526//1526
f 1526//1526 203//203 205//205
f 983//983 1502//1502 1501//1501
f 3219//3219 1729//1729 1333//1333
f 1557//1557 3268//3268 1600//1600
f 1483//1483 346//346 1328//1328
f 1729//1729 3219//3219 1525//1525
f 1525//1525 3219//3219 3263//3263
f 204//204 2259//2259 205//205
f 3257//3257 2275//2275 1438//1438
f 3257//3257 3258//3258 2275//2275
f 200//200 1439//1439 1470//1470
f 982//982 1370//1370 3258//3258
f 984//984 1327//1327 982//982
f 3270//3270 3269//3269 2094//2094
f 929//929 187//187 186//186
f 1277//1277 187//187 929//929
f 1323//1323 1184//1184 1359//1359
f 1360//1360 1359//1359 1184//1184
f 1334//1334 3271//3271 1298//1298
f 1930//1930 1865//1865 3272//3272
f 3272//3272 3189//3189 1930//1930
f 1166//1166 3253//3253 2162//2162
f 1166//1166 2162//2162 1168//1168
f 1926//1926 3273//3273 1927//1927
f 930//930 905//905 1307//1307
f 905//905 930//930 952//952
f 1641//1641 1659//1659 223//223
f 1821//1821 1716//1716 1605//1605
f 1558//1558 3268//3268 1557//1557
f 1615//1615 213//213 1627//1627
f 1447//1447 1561//1561 1505//1505
f 1505//1505 3263//3263 3219//3219
f 3216//3216 1247//1247 3217//3217
f 3263//3263 1505//1505 1504//1504
f 1333//1333 1729//1729 1524//1524
f 1537//1537 1380//1380 1538//1538
f 1538//1538 1380//1380 1348//1348
f 1348//1348 1523//1523 1538//1538
f 1293//1293 48//48 1286//1286
f 1536//1536 1380//1380 1537//1537
f 911//911 250//250 173//173
f 3219//3219 1333//1333 1300//1300
f 1313//1313 3252//3252 1312//1312
f 1276//1276 3216//3216 1514//1514
f 1503//1503 1538//1538 1504//1504
f 1412//1412 3268//3268 1238//1238
f 3219//3219 1447//1447 1505//1505
f 1261//1261 1419//1419 1449//1449
f 1261//1261 1449//1449 1320//1320
f 2106//2106 1536//1536 1537//1537
f 3246//3246 3253//3253 1313//1313
f 918//918 1076//1076 1544//1544
f 3271//3271 1867//1867 1298//1298
f 1299//1299 1826//1826 1319//1319
f 1298//1298 1826//1826 1299//1299
f 1299//1299 1319//1319 1560//1560
f 1534//1534 1577//1577 1286//1286
f 1867//1867 1826//1826 1298//1298
f 1560//1560 1319//1319 1320//1320
f 1827//1827 1826//1826 1867//1867
f 1867//1867 1514//1514 3216//3216
f 1867//1867 3218//3218 1827//1827
f 3216//3216 3218//3218 1867//1867
f 1513//1513 1358//1358 1275//1275
f 1561//1561 1447//1447 1299//1299
f 3218//3218 1545//1545 1318//1318
f 3218//3218 1318//1318 1827//1827
f 3217//3217 1545//1545 3218//3218
f 1318//1318 1319//1319 1826//1826
f 1293//1293 1294//1294 48//48
f 1420//1420 1536//1536 1491//1491
f 2106//2106 1491//1491 1536//1536
f 2106//2106 3250//3250 1491//1491
f 3250//3250 1490//1490 1491//1491
f 3249//3249 3247//3247 1316//1316
f 1263//1263 3274//3274 3246//3246
f 3254//3254 1263//1263 3246//3246
f 3253//3253 3246//3246 3274//3274
f 1552//1552 1471//1471 196//196
f 1472//1472 1471//1471 1552//1552
f 1262//1262 3254//3254 3247//3247
f 1287//1287 1534//1534 1286//1286
f 1262//1262 3248//3248 1419//1419
f 1448//1448 3248//3248 3250//3250
f 3250//3250 2106//2106 1448//1448
f 1419//1419 3248//3248 1448//1448
f 3254//3254 1262//1262 1263//1263
f 1545//1545 3274//3274 1263//1263
f 3217//3217 3274//3274 1545//1545
f 1539//1539 1538//1538 1503//1503
f 633//633 916//916 1191//1191
f 1191//1191 880//880 633//633
f 3274//3274 3217//3217 3253//3253
f 1525//1525 1504//1504 1538//1538
f 2162//2162 3217//3217 1247//1247
f 3217//3217 2162//2162 3253//3253
f 1358//1358 1360//1360 1245//1245
f 1168//1168 1360//1360 1302//1302
f 1167//1167 1168//1168 1302//1302
f 1659//1659 1660//1660 223//223
f 1268//1268 1577//1577 1551//1551
f 1302//1302 1360//1360 1184//1184
f 1265//1265 1577//1577 1534//1534
f 1551//1551 1577//1577 1265//1265
f 1358//1358 1513//1513 1079//1079
f 1078//1078 1092//1092 1264//1264
f 1264//1264 1554//1554 1078//1078
f 108//108 1154//1154 1559//1559
f 1153//1153 1154//1154 108//108
f 1266//1266 236//236 1555//1555
f 236//236 1472//1472 1552//1552
f 1595//1595 1611//1611 1601//1601
f 212//212 1611//1611 1595//1595
f 1474//1474 1079//1079 1513//1513
f 1180//1180 1223//1223 1619//1619
f 1547//1547 1549//1549 1189//1189
f 1547//1547 1189//1189 1573//1573
f 125//125 126//126 1596//1596
f 125//125 1596//1596 1236//1236
f 1573//1573 1189//1189 197//197
f 1573//1573 197//197 1297//1297
f 197//197 1296//1296 1297//1297
f 1411//1411 1223//1223 1180//1180
f 1180//1180 1566//1566 1564//1564
f 1237//1237 1238//1238 3268//3268
f 1619//1619 1566//1566 1180//1180
f 1180//1180 1259//1259 1288//1288
f 1256//1256 1642//1642 1643//1643
f 1068//1068 1061//1061 1258//1258
f 1179//1179 3275//3275 1181//1181
f 3275//3275 1179//1179 1249//1249
f 3275//3275 1234//1234 1181//1181
f 3275//3275 1563//1563 1234//1234
f 1563//1563 3275//3275 1248//1248
f 1562//1562 1563//1563 1248//1248
f 184//184 3276//3276 1223//1223
f 1619//1619 1223//1223 3276//3276
f 3276//3276 184//184 195//195
f 1258//1258 1252//1252 1253//1253
f 3275//3275 1249//1249 1248//1248
f 1332//1332 1284//1284 1562//1562
f 1332//1332 1562//1562 1248//1248
f 1310//1310 1269//1269 910//910
f 1600//1600 236//236 1599//1599
f 236//236 1600//1600 1572//1572
f 1600//1600 1547//1547 1572//1572
f 175//175 1475//1475 1405//1405
f 175//175 1405//1405 173//173
f 1333//1333 1475//1475 1334//1334
f 1333//1333 1524//1524 1475//1475
f 1334//1334 1475//1475 3271//3271
f 3271//3271 1475//1475 1867//1867
f 2119//2119 1521//1521 1941//1941
f 2119//2119 1941//1941 3269//3269
f 1753//1753 1938//1938 3277//3277
f 1558//1558 1404//1404 1405//1405
f 3276//3276 195//195 1409//1409
f 1801//1801 1799//1799 1696//1696
f 266//266 1801//1801 1866//1866
f 280//280 279//279 1734//1734
f 1615//1615 1617//1617 214//214
f 1938//1938 3278//3278 3277//3277
f 1914//1914 286//286 1831//1831
f 712//712 1789//1789 1846//1846
f 660//660 1751//1751 271//271
f 1237//1237 1597//1597 1602//1602
f 3245//3245 3279//3279 1451//1451
f 1398//1398 1397//1397 1660//1660
f 1256//1256 1610//1610 1257//1257
f 1627//1627 1595//1595 1602//1602
f 3276//3276 1409//1409 1601//1601
f 1672//1672 1575//1575 1325//1325
f 210//210 1254//1254 211//211
f 1570//1570 1185//1185 116//116
f 1600//1600 1548//1548 1547//1547
f 1412//1412 1548//1548 3268//3268
f 1600//1600 3268//3268 1548//1548
f 1413//1413 1548//1548 1412//1412
f 1236//1236 1237//1237 1602//1602
f 1236//1236 1602//1602 125//125
f 3268//3268 1558//1558 1237//1237
f 1769//1769 1627//1627 1602//1602
f 3146//3146 1397//1397 1553//1553
f 3134//3134 1722//1722 15//15
f 273//273 3134//3134 15//15
f 1582//1582 1580//1580 1056//1056
f 1597//1597 3280//3280 1769//1769
f 1598//1598 3280//3280 1597//1597
f 1598//1598 1617//1617 3280//3280
f 1615//1615 3280//3280 1617//1617
f 3280//3280 1627//1627 1769//1769
f 1615//1615 1627//1627 3280//3280
f 1553//1553 214//214 1617//1617
f 742//742 3281//3281 648//648
f 1617//1617 1618//1618 3282//3282
f 3282//3282 1618//1618 1734//1734
f 1256//1256 1643//1643 1610//1610
f 1617//1617 3146//3146 1553//1553
f 1256//1256 1254//1254 1642//1642
f 1655//1655 1654//1654 1592//1592
f 859//859 3205//3205 857//857
f 218//218 201//201 29//29
f 1593//1593 1582//1582 1056//1056
f 3128//3128 1611//1611 212//212
f 1619//1619 3276//3276 1601//1601
f 1281//1281 1624//1624 1280//1280
f 120//120 118//118 229//229
f 3283//3283 1281//1281 1279//1279
f 1621//1621 1653//1653 1556//1556
f 1622//1622 1621//1621 1556//1556
f 3284//3284 31//31 3198//3198
f 1621//1621 1581//1581 1653//1653
f 3192//3192 889//889 3193//3193
f 3193//3193 889//889 890//890
f 889//889 3192//3192 1556//1556
f 1741//1741 1740//1740 688//688
f 3194//3194 859//859 3285//3285
f 251//251 641//641 207//207
f 1640//1640 1634//1634 1633//1633
f 3283//3283 3286//3286 3137//3137
f 1653//1653 1581//1581 3129//3129
f 1715//1715 686//686 687//687
f 1722//1722 3135//3135 858//858
f 3146//3146 1582//1582 1660//1660
f 1660//1660 1582//1582 223//223
f 223//223 1582//1582 1593//1593
f 1646//1646 3279//3279 1565//1565
f 1582//1582 1617//1617 3129//3129
f 1617//1617 1582//1582 3146//3146
f 1628//1628 1634//1634 1640//1640
f 1629//1629 1625//1625 1576//1576
f 1542//1542 1541//1541 3129//3129
f 3129//3129 1617//1617 1542//1542
f 3129//3129 1541//1541 1653//1653
f 652//652 1722//1722 651//651
f 3281//3281 742//742 1699//1699
f 1700//1700 1675//1675 806//806
f 1706//1706 219//219 1//1
f 846//846 1706//1706 3//3
f 3283//3283 3137//3137 1640//1640
f 1640//1640 3137//3137 1628//1628
f 3286//3286 3283//3283 1279//1279
f 1281//1281 3283//3283 1657//1657
f 1594//1594 1593//1593 1056//1056
f 221//221 1594//1594 3286//3286
f 3286//3286 1279//1279 221//221
f 3200//3200 1594//1594 1056//1056
f 1279//1279 1280//1280 221//221
f 1638//1638 1639//1639 1643//1643
f 1620//1620 211//211 1255//1255
f 1565//1565 1611//1611 1646//1646
f 1655//1655 1611//1611 1612//1612
f 1656//1656 1643//1643 1639//1639
f 1257//1257 3128//3128 1255//1255
f 1641//1641 1255//1255 1398//1398
f 1611//1611 1566//1566 1619//1619
f 3287//3287 1632//1632 3240//3240
f 1624//1624 1657//1657 210//210
f 1056//1056 1057//1057 3200//3200
f 1625//1625 1579//1579 1576//1576
f 3136//3136 1622//1622 3192//3192
f 3192//3192 1622//1622 1556//1556
f 1640//1640 1657//1657 3283//3283
f 3286//3286 1594//1594 3137//3137
f 1594//1594 3200//3200 3137//3137
f 3137//3137 3200//3200 1629//1629
f 1584//1584 1583//1583 1613//1613
f 663//663 653//653 651//651
f 3198//3198 856//856 1670//1670
f 892//892 230//230 871//871
f 290//290 1625//1625 605//605
f 3200//3200 605//605 1625//1625
f 3198//3198 31//31 33//33
f 1667//1667 1587//1587 1652//1652
f 1589//1589 1652//1652 1587//1587
f 893//893 230//230 892//892
f 824//824 1579//1579 290//290
f 890//890 1648//1648 3284//3284
f 888//888 1648//1648 890//890
f 856//856 3198//3198 33//33
f 1326//1326 1652//1652 1589//1589
f 3192//3192 1670//1670 3136//3136
f 3287//3287 3239//3239 1231//1231
f 1678//1678 884//884 867//867
f 292//292 3136//3136 1670//1670
f 3193//3193 3284//3284 3198//3198
f 890//890 3284//3284 3193//3193
f 1801//1801 266//266 1692//1692
f 1246//1246 1247//1247 3216//3216
f 3216//3216 1276//1276 1246//1246
f 818//818 762//762 819//819
f 3181//3181 761//761 3207//3207
f 824//824 825//825 263//263
f 264//264 265//265 978//978
f 653//653 663//663 3126//3126
f 605//605 1631//1631 291//291
f 1622//1622 291//291 1631//1631
f 120//120 1583//1583 3190//3190
f 3190//3190 1583//1583 1724//1724
f 1622//1622 3136//3136 291//291
f 119//119 120//120 3190//3190
f 855//855 226//226 225//225
f 979//979 635//635 33//33
f 3140//3140 670//670 11//11
f 1631//1631 605//605 1057//1057
f 808//808 3204//3204 1691//1691
f 875//875 867//867 884//884
f 867//867 875//875 1191//1191
f 875//875 880//880 1191//1191
f 880//880 875//875 874//874
f 229//229 31//31 3284//3284
f 3284//3284 1648//1648 229//229
f 252//252 875//875 884//884
f 647//647 1350//1350 667//667
f 1592//1592 1654//1654 3288//3288
f 3288//3288 1654//1654 1639//1639
f 3288//3288 1639//1639 1633//1633
f 1612//1612 1643//1643 1656//1656
f 1610//1610 3128//3128 1257//1257
f 1611//1611 3128//3128 1610//1610
f 1574//1574 1575//1575 1672//1672
f 1628//1628 1630//1630 1634//1634
f 1630//1630 3240//3240 1634//1634
f 1634//1634 3240//3240 1632//1632
f 1632//1632 3289//3289 3288//3288
f 3288//3288 1633//1633 1632//1632
f 3288//3288 3289//3289 1592//1592
f 3279//3279 3245//3245 1565//1565
f 3240//3240 3239//3239 3287//3287
f 1655//1655 1591//1591 1611//1611
f 1059//1059 1258//1258 1061//1061
f 1059//1059 1252//1252 1258//1258
f 1231//1231 1295//1295 3287//3287
f 3287//3287 1295//1295 3289//3289
f 1632//1632 3287//3287 3289//3289
f 1180//1180 3290//3290 1259//1259
f 1069//1069 3245//3245 1451//1451
f 1672//1672 3291//3291 1230//1230
f 1564//1564 3290//3290 1180//1180
f 1588//1588 3291//3291 1661//1661
f 1588//1588 1661//1661 1589//1589
f 3289//3289 1450//1450 1592//1592
f 3289//3289 1295//1295 1450//1450
f 3245//3245 3290//3290 1565//1565
f 1565//1565 3290//3290 1564//1564
f 3290//3290 1068//1068 1259//1259
f 1068//1068 3290//3290 3245//3245
f 1611//1611 1565//1565 1566//1566
f 1451//1451 3279//3279 1646//1646
f 1591//1591 1451//1451 1646//1646
f 1252//1252 1568//1568 1567//1567
f 1252//1252 1567//1567 1251//1251
f 1060//1060 1232//1232 3292//3292
f 3292//3292 1059//1059 1060//1060
f 1568//1568 1252//1252 3292//3292
f 1059//1059 3292//3292 1252//1252
f 1668//1668 1664//1664 1568//1568
f 1568//1568 1664//1664 1209//1209
f 1650//1650 1652//1652 262//262
f 1203//1203 1666//1666 1202//1202
f 671//671 670//670 3140//3140
f 1661//1661 3291//3291 1672//1672
f 1668//1668 3292//3292 1232//1232
f 1568//1568 3292//3292 1668//1668
f 1232//1232 3291//3291 1668//1668
f 1668//1668 3291//3291 1588//1588
f 1230//1230 3291//3291 1232//1232
f 3239//3239 1630//1630 1576//1576
f 1243//1243 848//848 849//849
f 979//979 262//262 635//635
f 33//33 635//635 856//856
f 1808//1808 24//24 666//666
f 921//921 919//919 74//74
f 3243//3243 1021//1021 3293//3293
f 1676//1676 3293//3293 1021//1021
f 1685//1685 3293//3293 1676//1676
f 848//848 3293//3293 1685//1685
f 1685//1685 1666//1666 848//848
f 3293//3293 1243//1243 3243//3243
f 1242//1242 3237//3237 1243//1243
f 3293//3293 848//848 1243//1243
f 3237//3237 1242//1242 920//920
f 1306//1306 830//830 1193//1193
f 1220//1220 1306//1306 1193//1193
f 1306//1306 1271//1271 1030//1030
f 1240//1240 1031//1031 1271//1271
f 3239//3239 1574//1574 1230//1230
f 3244//3244 920//920 1242//1242
f 3244//3244 1242//1242 3199//3199
f 850//850 1673//1673 838//838
f 838//838 1673//1673 980//980
f 1240//1240 920//920 3244//3244
f 893//893 980//980 32//32
f 823//823 980//980 893//893
f 1231//1231 3239//3239 1230//1230
f 866//866 867//867 1191//1191
f 1650//1650 1673//1673 850//850
f 1808//1808 1712//1712 795//795
f 24//24 1808//1808 795//795
f 804//804 805//805 1712//1712
f 3281//3281 1699//1699 1350//1350
f 1350//1350 648//648 3281//3281
f 1350//1350 647//647 648//648
f 671//671 3140//3140 1705//1705
f 3127//3127 1684//1684 3140//3140
f 22//22 1705//1705 1684//1684
f 1684//1684 1705//1705 3140//3140
f 670//670 672//672 12//12
f 845//845 12//12 672//672
f 846//846 1682//1682 845//845
f 671//671 217//217 216//216
f 216//216 672//672 671//671
f 216//216 846//846 672//672
f 654//654 14//14 3139//3139
f 3205//3205 3195//3195 857//857
f 1614//1614 857//857 3195//3195
f 1542//1542 857//857 1613//1613
f 1613//1613 1583//1583 1542//1542
f 3139//3139 14//14 13//13
f 654//654 658//658 644//644
f 13//13 3126//3126 3138//3138
f 49//49 50//50 143//143
f 3139//3139 13//13 3138//3138
f 1609//1609 1721//1721 1603//1603
f 3194//3194 3285//3285 172//172
f 3285//3285 272//272 172//172
f 859//859 858//858 3285//3285
f 3285//3285 858//858 3135//3135
f 272//272 3285//3285 3134//3134
f 3285//3285 3135//3135 3134//3134
f 1542//1542 858//858 857//857
f 1747//1747 1866//1866 3294//3294
f 1542//1542 1617//1617 858//858
f 272//272 170//170 172//172
f 947//947 948//948 1730//1730
f 1699//1699 742//742 1700//1700
f 1674//1674 668//668 669//669
f 668//668 1674//1674 3139//3139
f 1721//1721 1609//1609 1675//1675
f 3139//3139 1674//1674 654//654
f 1626//1626 3138//3138 3132//3132
f 3132//3132 3138//3138 663//663
f 3126//3126 663//663 3138//3138
f 652//652 665//665 1722//1722
f 665//665 15//15 1722//1722
f 215//215 1706//1706 216//216
f 170//170 273//273 1713//1713
f 273//273 14//14 1713//1713
f 170//170 1713//1713 643//643
f 609//609 62//62 707//707
f 707//707 239//239 703//703
f 1722//1722 1721//1721 651//651
f 651//651 1721//1721 3295//3295
f 3295//3295 742//742 651//651
f 1721//1721 742//742 3295//3295
f 742//742 1721//1721 1700//1700
f 29//29 202//202 30//30
f 217//217 30//30 202//202
f 1805//1805 687//687 688//688
f 2011//2011 3090//3090 3113//3113
f 1800//1800 688//688 686//686
f 1799//1799 686//686 1696//1696
f 1800//1800 686//686 1799//1799
f 1695//1695 1715//1715 3296//3296
f 1839//1839 1695//1695 3296//3296
f 1697//1697 1695//1695 1839//1839
f 3297//3297 1750//1750 1751//1751
f 1697//1697 1750//1750 3297//3297
f 949//949 1740//1740 948//948
f 1767//1767 1766//1766 3521//3521
f 1790//1790 1848//1848 1789//1789
f 949//949 1848//1848 1805//1805
f 949//949 1805//1805 1807//1807
f 949//949 1846//1846 1789//1789
f 1789//1789 1848//1848 949//949
f 1742//1742 948//948 1740//1740
f 3123//3123 420//420 418//418
f 1745//1745 1900//1900 1899//1899
f 286//286 1828//1828 284//284
f 746//746 281//281 582//582
f 1979//1979 1793//1793 1794//1794
f 577//577 38//38 1690//1690
f 577//577 1690//1690 3060//3060
f 2072//2072 1989//1989 1767//1767
f 1928//1928 745//745 3298//3298
f 1808//1808 1718//1718 1712//1712
f 3299//3299 1767//1767 3300//3300
f 2010//2010 3300//3300 1767//1767
f 3050//3050 2913//2913 3103//3103
f 3048//3048 3103//3103 3112//3112
f 1712//1712 1679//1679 795//795
f 747//747 1877//1877 3010//3010
f 1988//1988 1767//1767 1989//1989
f 3010//3010 1995//1995 747//747
f 624//624 1745//1745 1979//1979
f 1899//1899 1979//1979 1745//1745
f 2078//2078 3010//3010 320//320
f 3301//3301 1864//1864 1865//1865
f 1712//1712 218//218 1679//1679
f 766//766 3172//3172 768//768
f 1698//1698 1718//1718 1699//1699
f 1847//1847 1848//1848 3060//3060
f 1888//1888 319//319 3302//3302
f 3266//3266 1995//1995 3010//3010
f 739//739 322//322 1522//1522
f 3303//3303 1888//1888 3299//3299
f 604//604 1845//1845 602//602
f 1845//1845 604//604 1881//1881
f 1693//1693 1778//1778 1780//1780
f 1780//1780 1692//1692 1693//1693
f 316//316 1863//1863 1862//1862
f 1863//1863 316//316 726//726
f 1741//1741 1809//1809 1742//1742
f 1847//1847 3304//3304 1804//1804
f 1694//1694 759//759 274//274
f 1824//1824 1823//1823 2//2
f 3060//3060 1690//1690 3304//3304
f 1884//1884 3021//3021 1883//1883
f 1846//1846 711//711 712//712
f 1739//1739 1820//1820 1735//1735
f 726//726 711//711 1846//1846
f 1846//1846 3085//3085 726//726
f 1848//1848 1790//1790 3060//3060
f 1824//1824 2//2 1645//1645
f 3305//3305 1824//1824 1645//1645
f 1806//1806 3305//3305 1714//1714
f 1806//1806 1714//1714 687//687
f 3305//3305 1806//1806 1824//1824
f 1749//1749 278//278 280//280
f 1824//1824 1806//1806 1804//1804
f 1690//1690 1825//1825 3304//3304
f 1748//1748 269//269 1739//1739
f 1836//1836 1763//1763 752//752
f 3085//3085 1731//1731 1851//1851
f 3085//3085 1851//1851 1863//1863
f 1763//1763 3185//3185 1764//1764
f 1613//1613 857//857 1614//1614
f 1824//1824 1804//1804 3304//3304
f 1825//1825 1824//1824 3304//3304
f 3207//3207 761//761 865//865
f 1730//1730 948//948 1841//1841
f 1741//1741 688//688 1800//1800
f 1741//1741 1780//1780 1809//1809
f 1851//1851 1731//1731 1852//1852
f 1852//1852 1731//1731 1842//1842
f 1855//1855 1869//1869 676//676
f 1771//1771 1998//1998 1773//1773
f 1868//1868 1869//1869 1855//1855
f 78//78 258//258 77//77
f 1623//1623 1603//1603 1721//1721
f 666//666 1350//1350 1808//1808
f 279//279 1748//1748 1739//1739
f 1756//1756 1749//1749 1758//1758
f 1756//1756 271//271 1749//1749
f 269//269 1749//1749 271//271
f 3124//3124 3306//3306 3307//3307
f 3124//3124 3307//3307 3058//3058
f 2929//2929 3005//3005 3004//3004
f 220//220 3308//3308 1645//1645
f 1645//1645 3308//3308 3305//3305
f 3309//3309 3305//3305 3308//3308
f 3309//3309 3308//3308 3310//3310
f 3310//3310 3308//3308 220//220
f 220//220 1821//1821 3310//3310
f 1821//1821 1839//1839 3310//3310
f 1840//1840 1830//1830 1829//1829
f 1839//1839 1750//1750 1697//1697
f 3309//3309 1839//1839 3296//3296
f 3309//3309 3296//3296 3305//3305
f 1714//1714 3305//3305 3296//3296
f 1714//1714 3296//3296 1715//1715
f 3312//3312 1913//1913 3311//3311
f 1913//1913 3312//3312 1914//1914
f 752//752 1737//1737 1836//1836
f 1847//1847 3060//3060 3304//3304
f 1802//1802 1829//1829 1736//1736
f 1807//1807 1805//1805 1740//1740
f 1835//1835 1803//1803 751//751
f 1905//1905 2230//2230 1906//1906
f 3282//3282 1734//1734 279//279
f 1865//1865 1850//1850 3272//3272
f 2805//2805 2804//2804 3005//3005
f 1029//1029 3046//3046 1028//1028
f 3313//3313 2020//2020 1903//1903
f 3090//3090 3313//3313 1903//1903
f 1905//1905 1703//1703 1948//1948
f 1950//1950 1905//1905 1948//1948
f 1949//1949 1948//1948 1986//1986
f 1991//1991 3086//3086 1988//1988
f 1986//1986 1702//1702 1968//1968
f 2040//2040 2085//2085 2083//2083
f 661//661 1756//1756 1760//1760
f 1786//1786 1787//1787 1856//1856
f 3310//3310 1839//1839 3309//3309
f 220//220 1716//1716 1821//1821
f 220//220 805//805 1716//1716
f 1749//1749 1732//1732 1758//1758
f 3147//3147 3015//3015 3006//3006
f 1749//1749 1748//1748 278//278
f 1788//1788 1786//1786 1840//1840
f 1840//1840 1786//1786 744//744
f 1747//1747 265//265 1866//1866
f 661//661 1760//1760 1765//1765
f 1732//1732 1733//1733 1758//1758
f 1758//1758 1733//1733 1770//1770
f 1813//1813 1788//1788 1802//1802
f 750//750 1737//1737 752//752
f 265//265 1747//1747 1744//1744
f 1761//1761 1759//1759 1813//1813
f 1788//1788 1840//1840 1829//1829
f 1802//1802 1788//1788 1829//1829
f 1813//1813 1759//1759 1811//1811
f 1760//1760 1756//1756 1759//1759
f 1759//1759 3314//3314 1811//1811
f 1759//1759 1756//1756 3314//3314
f 1756//1756 1757//1757 3314//3314
f 1934//1934 3314//3314 1757//1757
f 1755//1755 3314//3314 1934//1934
f 1850//1850 1763//1763 1836//1836
f 1761//1761 1813//1813 1802//1802
f 1736//1736 3315//3315 1738//1738
f 3316//3316 1746//1746 1747//1747
f 2123//2123 2125//2125 2136//2136
f 1830//1830 3315//3315 1736//1736
f 745//745 1830//1830 744//744
f 1764//1764 1765//1765 1835//1835
f 1764//1764 1835//1835 751//751
f 3294//3294 1697//1697 3297//3297
f 3317//3317 1762//1762 1784//1784
f 3317//3317 1755//1755 1762//1762
f 1755//1755 3317//3317 3314//3314
f 3318//3318 3315//3315 1830//1830
f 745//745 1928//1928 3315//3315
f 1802//1802 1803//1803 1761//1761
f 1855//1855 1854//1854 1868//1868
f 1784//1784 1774//1774 1787//1787
f 1774//1774 1776//1776 1787//1787
f 1784//1784 1787//1787 3317//3317
f 1787//1787 1788//1788 1811//1811
f 1811//1811 1788//1788 1812//1812
f 3317//3317 1787//1787 1811//1811
f 3317//3317 1811//1811 3314//3314
f 745//745 3318//3318 1830//1830
f 1854//1854 1856//1856 1787//1787
f 1869//1869 678//678 676//676
f 678//678 1869//1869 1775//1775
f 3319//3319 1752//1752 1757//1757
f 1524//1524 3320//3320 1475//1475
f 1868//1868 1854//1854 1776//1776
f 1776//1776 1854//1854 1787//1787
f 1775//1775 1868//1868 1776//1776
f 1835//1835 1777//1777 1761//1761
f 1752//1752 1934//1934 1757//1757
f 1803//1803 1835//1835 1761//1761
f 1774//1774 1784//1784 1933//1933
f 1785//1785 1933//1933 1784//1784
f 1785//1785 1822//1822 1933//1933
f 3321//3321 1762//1762 1754//1754
f 1841//1841 948//948 1742//1742
f 1753//1753 3321//3321 1754//1754
f 3322//3322 3321//3321 1753//1753
f 1775//1775 1933//1933 678//678
f 1774//1774 1933//1933 1775//1775
f 3315//3315 3189//3189 1738//1738
f 2185//2185 2142//2142 427//427
f 1928//1928 3189//3189 3315//3315
f 3297//3297 1746//1746 3316//3316
f 3316//3316 3294//3294 3297//3297
f 660//660 1746//1746 1751//1751
f 1734//1734 1618//1618 1616//1616
f 1938//1938 1753//1753 1939//1939
f 3282//3282 279//279 1617//1617
f 3294//3294 3316//3316 1747//1747
f 3297//3297 1751//1751 1746//1746
f 1753//1753 1752//1752 3319//3319
f 1733//1733 3319//3319 1770//1770
f 1770//1770 3319//3319 1757//1757
f 1785//1785 1762//1762 3321//3321
f 3322//3322 3278//3278 3321//3321
f 3321//3321 3278//3278 1822//1822
f 3321//3321 1822//1822 1785//1785
f 1822//1822 3278//3278 677//677
f 1940//1940 3278//3278 1938//1938
f 1939//1939 1733//1733 1616//1616
f 1939//1939 1753//1753 1733//1733
f 1733//1733 1753//1753 3319//3319
f 1753//1753 3277//3277 3322//3322
f 1836//1836 3189//3189 3272//3272
f 1944//1944 1855//1855 3520//3520
f 1853//1853 1855//1855 1944//1944
f 1940//1940 1943//1943 3278//3278
f 676//676 677//677 3278//3278
f 1941//1941 1943//1943 3323//3323
f 1940//1940 1939//1939 3323//3323
f 1616//1616 3323//3323 1939//1939
f 1831//1831 3324//3324 1864//1864
f 1778//1778 264//264 3185//3185
f 1764//1764 3185//3185 264//264
f 978//978 265//265 1744//1744
f 1902//1902 2033//2033 2024//2024
f 1962//1962 745//745 1947//1947
f 1773//1773 1998//1998 1810//1810
f 1910//1910 1912//1912 1943//1943
f 340//340 322//322 321//321
f 3059//3059 3058//3058 3046//3046
f 1522//1522 322//322 340//340
f 1838//1838 2004//2004 2006//2006
f 3326//3326 3298//3298 3325//3325
f 3327//3327 1810//1810 1871//1871
f 1929//1929 3326//3326 3328//3328
f 1979//1979 1794//1794 624//624
f 3113//3113 1899//1899 1898//1898
f 3329//3329 3330//3330 2068//2068
f 1768//1768 1767//1767 1828//1828
f 1837//1837 2004//2004 1838//1838
f 1837//1837 283//283 2004//2004
f 3118//3118 3089//3089 3177//3177
f 1984//1984 1972//1972 2031//2031
f 1866//1866 1697//1697 3294//3294
f 1928//1928 1930//1930 3189//3189
f 264//264 978//978 1764//1764
f 1866//1866 1801//1801 1697//1697
f 2013//2013 2014//2014 2913//2913
f 3322//3322 3277//3277 3278//3278
f 1616//1616 1617//1617 3323//3323
f 1617//1617 1558//1558 1405//1405
f 1405//1405 3323//3323 1617//1617
f 1475//1475 3323//3323 1405//1405
f 3324//3324 1779//1779 1864//1864
f 1864//1864 1779//1779 1850//1850
f 3270//3270 3331//3331 1881//1881
f 2119//2119 3269//3269 3270//3270
f 3270//3270 1881//1881 2119//2119
f 1842//1842 315//315 1852//1852
f 1779//1779 3324//3324 1809//1809
f 3324//3324 1742//1742 1809//1809
f 1742//1742 3324//3324 1841//1841
f 1841//1841 3324//3324 1849//1849
f 3324//3324 1831//1831 1849//1849
f 1849//1849 1831//1831 285//285
f 1606//1606 1607//1607 2121//2121
f 2124//2124 2123//2123 3332//3332
f 2137//2137 3332//3332 2123//2123
f 1836//1836 3272//3272 1850//1850
f 3298//3298 3326//3326 1929//1929
f 1929//1929 1928//1928 3298//3298
f 1909//1909 1908//1908 2156//2156
f 2156//2156 1908//1908 1766//1766
f 1736//1736 1737//1737 750//750
f 1913//1913 1864//1864 3301//3301
f 3333//3333 3311//3311 3301//3301
f 1913//1913 3301//3301 3311//3311
f 3333//3333 3301//3301 1865//1865
f 1865//1865 1930//1930 3333//3333
f 3333//3333 1929//1929 3328//3328
f 1969//1969 3334//3334 1949//1949
f 1920//1920 3335//3335 1918//1918
f 1920//1920 1919//1919 1815//1815
f 3318//3318 745//745 3315//3315
f 2121//2121 1923//1923 310//310
f 1923//1923 2121//2121 1926//1926
f 2128//2128 2130//2130 2153//2153
f 2153//2153 2130//2130 2188//2188
f 553//553 2153//2153 2188//2188
f 1994//1994 3336//3336 2183//2183
f 2117//2117 745//745 1962//1962
f 1796//1796 1810//1810 3327//3327
f 1922//1922 2128//2128 2153//2153
f 2161//2161 3320//3320 3337//3337
f 2133//2133 2120//2120 552//552
f 2267//2267 1512//1512 2445//2445
f 1475//1475 3320//3320 3323//3323
f 205//205 3320//3320 1524//1524
f 2136//2136 3337//3337 3320//3320
f 2136//2136 3320//3320 2228//2228
f 3320//3320 2259//2259 2228//2228
f 2259//2259 3320//3320 205//205
f 1870//1870 3338//3338 1871//1871
f 3124//3124 3063//3063 3306//3306
f 3521//3521 3338//3338 3339//3339
f 1871//1871 3338//3338 3521//3521
f 3040//3040 3341//3341 3340//3340
f 3342//3342 3040//3040 3340//3340
f 1871//1871 3521//3521 3327//3327
f 1997//1997 3339//3339 3338//3338
f 1997//1997 3338//3338 1870//1870
f 1999//1999 3339//3339 1997//1997
f 3302//3302 1767//1767 3299//3299
f 3302//3302 3299//3299 1888//1888
f 3339//3339 1999//1999 2010//2010
f 2024//2024 2034//2034 607//607
f 2034//2034 1974//1974 1975//1975
f 3167//3167 3073//3073 3074//3074
f 3167//3167 3074//3074 3182//3182
f 3026//3026 2731//2731 3155//3155
f 1965//1965 59//59 1964//1964
f 341//341 309//309 308//308
f 2140//2140 341//341 308//308
f 3187//3187 2960//2960 2959//2959
f 3225//3225 1726//1726 2959//2959
f 2959//2959 1726//1726 3187//3187
f 3122//3122 3071//3071 2924//2924
f 1940//1940 3323//3323 1943//1943
f 1834//1834 2101//2101 1837//1837
f 302//302 1992//1992 1945//1945
f 3343//3343 1832//1832 1701//1701
f 3344//3344 2101//2101 1833//1833
f 1728//1728 2101//2101 3344//3344
f 3344//3344 3345//3345 1728//1728
f 1728//1728 3345//3345 1904//1904
f 3346//3346 1796//1796 3327//3327
f 1772//1772 2108//2108 3303//3303
f 3339//3339 1767//1767 3521//3521
f 1838//1838 2006//2006 1900//1900
f 3347//3347 1907//1907 3348//3348
f 1772//1772 3349//3349 2109//2109
f 1798//1798 3349//3349 1772//1772
f 1943//1943 1942//1942 1910//1910
f 3350//3350 3313//3313 2028//2028
f 3298//3298 2117//2117 3325//3325
f 3333//3333 1930//1930 1929//1929
f 2157//2157 3326//3326 3325//3325
f 3328//3328 3326//3326 3311//3311
f 3311//3311 3333//3333 3328//3328
f 1798//1798 3346//3346 3347//3347
f 1798//1798 3347//3347 3349//3349
f 3325//3325 1917//1917 1915//1915
f 2157//2157 3325//3325 1915//1915
f 3348//3348 3349//3349 3347//3347
f 1771//1771 1772//1772 3303//3303
f 3352//3352 3351//3351 1907//1907
f 1816//1816 1960//1960 3335//3335
f 1911//1911 1856//1856 1853//1853
f 1942//1942 3353//3353 2231//2231
f 1941//1941 2231//2231 3353//3353
f 1941//1941 3353//3353 1942//1942
f 2032//2032 1886//1886 1973//1973
f 1973//1973 1984//1984 2032//2032
f 1855//1855 676//676 3520//3520
f 1943//1943 3520//3520 3278//3278
f 3326//3326 2157//2157 1766//1766
f 3346//3346 1798//1798 1796//1796
f 1932//1932 1911//1911 1910//1910
f 2160//2160 2053//2053 1874//1874
f 1872//1872 2160//2160 1874//1874
f 3326//3326 1766//1766 3311//3311
f 1907//1907 1909//1909 3352//3352
f 3352//3352 1909//1909 1915//1915
f 3520//3520 676//676 3278//3278
f 1912//1912 3520//3520 1943//1943
f 2156//2156 1915//1915 1909//1909
f 3521//3521 1766//1766 3327//3327
f 712//712 3060//3060 1790//1790
f 2082//2082 2160//2160 2115//2115
f 745//745 2117//2117 3298//3298
f 1908//1908 3346//3346 1766//1766
f 3347//3347 3346//3346 1908//1908
f 1916//1916 1918//1918 3352//3352
f 1916//1916 3352//3352 1915//1915
f 1918//1918 3351//3351 3352//3352
f 3354//3354 3348//3348 1907//1907
f 3354//3354 1907//1907 3351//3351
f 3335//3335 3355//3355 3351//3351
f 3355//3355 3354//3354 3351//3351
f 3356//3356 3357//3357 3358//3358
f 3356//3356 3358//3358 317//317
f 1907//1907 3347//3347 1908//1908
f 1912//1912 1944//1944 3520//3520
f 1459//1459 366//366 1458//1458
f 3345//3345 3359//3359 1904//1904
f 657//657 3359//3359 3345//3345
f 655//655 1906//1906 2230//2230
f 1960//1960 1816//1816 1814//1814
f 3346//3346 3327//3327 1766//1766
f 2194//2194 2447//2447 112//112
f 1910//1910 2231//2231 1931//1931
f 1942//1942 2231//2231 1910//1910
f 1925//1925 2128//2128 1922//1922
f 1922//1922 1923//1923 1925//1925
f 2193//2193 2149//2149 2147//2147
f 2231//2231 3360//3360 2230//2230
f 1815//1815 1919//1919 743//743
f 1947//1947 1919//1919 1961//1961
f 2117//2117 1917//1917 3325//3325
f 1919//1919 1947//1947 743//743
f 1961//1961 1917//1917 2117//2117
f 3361//3361 3362//3362 3363//3363
f 3363//3363 582//582 3361//3361
f 3363//3363 339//339 582//582
f 2332//2332 2161//2161 3337//3337
f 2161//2161 2332//2332 2129//2129
f 655//655 3362//3362 3359//3359
f 3359//3359 657//657 655//655
f 1898//1898 2005//2005 2011//2011
f 2129//2129 2128//2128 1925//1925
f 1925//1925 1927//1927 2129//2129
f 1905//1905 2107//2107 2230//2230
f 2230//2230 2107//2107 2229//2229
f 2231//2231 2229//2229 1931//1931
f 1931//1931 2229//2229 1786//1786
f 1786//1786 1856//1856 1931//1931
f 1856//1856 1932//1932 1931//1931
f 3364//3364 1905//1905 1958//1958
f 3364//3364 1958//1958 2107//2107
f 2107//2107 1905//1905 3364//3364
f 1786//1786 3365//3365 744//744
f 2229//2229 3365//3365 1786//1786
f 2107//2107 1814//1814 2229//2229
f 743//743 3365//3365 2229//2229
f 2229//2229 1814//1814 743//743
f 744//744 3365//3365 743//743
f 1960//1960 1814//1814 1957//1957
f 1958//1958 1957//1957 1814//1814
f 1905//1905 1959//1959 1958//1958
f 1815//1815 1816//1816 1920//1920
f 1920//1920 1816//1816 3335//3335
f 1956//1956 1959//1959 1905//1905
f 1956//1956 1905//1905 1950//1950
f 3366//3366 1959//1959 1956//1956
f 3367//3367 1906//1906 656//656
f 1955//1955 1906//1906 3367//3367
f 3351//3351 1918//1918 3335//3335
f 1916//1916 1919//1919 1918//1918
f 3335//3335 3366//3366 3355//3355
f 3335//3335 1960//1960 1959//1959
f 3335//3335 1959//1959 3366//3366
f 1904//1904 3368//3368 282//282
f 1897//1897 1832//1832 3343//3343
f 1772//1772 1773//1773 1797//1797
f 3368//3368 3361//3361 582//582
f 1956//1956 1949//1949 3334//3334
f 1956//1956 3334//3334 3366//3366
f 3368//3368 582//582 282//282
f 1955//1955 3343//3343 1701//1701
f 1701//1701 1703//1703 1955//1955
f 3357//3357 3369//3369 3355//3355
f 3368//3368 3359//3359 3362//3362
f 3361//3361 3368//3368 3362//3362
f 3370//3370 2012//2012 2013//2013
f 3091//3091 3370//3370 2013//2013
f 3345//3345 3344//3344 656//656
f 656//656 1833//1833 1897//1897
f 656//656 3344//3344 1833//1833
f 3343//3343 656//656 1897//1897
f 3345//3345 656//656 657//657
f 3343//3343 3367//3367 656//656
f 1955//1955 3367//3367 3343//3343
f 655//655 656//656 1906//1906
f 1919//1919 1917//1917 1961//1961
f 1917//1917 1919//1919 1916//1916
f 3355//3355 3366//3366 3334//3334
f 3355//3355 3369//3369 3354//3354
f 3359//3359 3368//3368 1904//1904
f 1969//1969 1945//1945 1991//1991
f 1945//1945 1967//1967 1946//1946
f 314//314 304//304 303//303
f 1745//1745 2058//2058 312//312
f 3371//3371 313//313 1834//1834
f 1834//1834 1838//1838 3371//3371
f 312//312 2058//2058 314//314
f 1745//1745 570//570 2058//2058
f 1834//1834 313//313 1832//1832
f 1832//1832 313//313 601//601
f 601//601 313//313 314//314
f 3371//3371 312//312 313//313
f 1838//1838 1900//1900 3371//3371
f 312//312 1900//1900 1745//1745
f 1900//1900 312//312 3371//3371
f 1946//1946 1967//1967 303//303
f 601//601 303//303 1701//1701
f 303//303 1968//1968 1701//1701
f 1832//1832 601//601 1701//1701
f 2092//2092 2018//2018 3372//3372
f 2092//2092 3372//3372 3086//3086
f 2059//2059 1970//1970 2060//2060
f 3373//3373 1967//1967 1945//1945
f 1986//1986 1967//1967 3373//3373
f 3086//3086 3372//3372 2059//2059
f 2059//2059 3372//3372 1970//1970
f 1970//1970 3372//3372 2018//2018
f 3373//3373 1945//1945 1949//1949
f 3373//3373 1949//1949 1986//1986
f 1703//1703 1702//1702 1986//1986
f 1986//1986 1948//1948 1703//1703
f 1946//1946 303//303 302//302
f 2083//2083 2085//2085 2077//2077
f 1903//1903 2020//2020 1902//1902
f 3340//3340 3374//3374 3042//3042
f 3342//3342 3340//3340 3042//3042
f 3125//3125 1992//1992 302//302
f 2020//2020 3313//3313 2081//2081
f 1991//1991 1992//1992 3086//3086
f 1981//1981 3082//3082 3375//3375
f 3329//3329 2068//2068 1971//1971
f 1971//1971 3376//3376 1970//1970
f 3376//3376 1971//1971 2068//2068
f 1970//1970 3376//3376 2068//2068
f 1989//1989 2072//2072 1990//1990
f 3370//3370 2074//2074 1973//1973
f 2012//2012 3370//3370 1973//1973
f 1767//1767 3339//3339 2010//2010
f 2108//2108 1889//1889 1888//1888
f 2024//2024 1901//1901 1902//1902
f 2005//2005 2004//2004 1885//1885
f 2072//2072 1969//1969 1991//1991
f 2113//2113 569//569 2031//2031
f 1984//1984 1973//1973 2074//2074
f 2895//2895 3377//3377 1819//1819
f 3377//3377 2895//2895 2896//2896
f 2012//2012 1973//1973 1887//1887
f 1888//1888 3303//3303 2108//2108
f 568//568 569//569 2113//2113
f 2031//2031 569//569 2032//2032
f 2109//2109 3349//3349 3348//3348
f 2156//2156 1766//1766 2157//2157
f 1766//1766 1768//1768 3311//3311
f 3312//3312 3311//3311 1768//1768
f 3357//3357 3356//3356 3369//3369
f 3369//3369 3356//3356 3378//3378
f 3356//3356 3379//3379 3378//3378
f 3379//3379 2109//2109 3378//3378
f 3379//3379 1889//1889 2109//2109
f 317//317 1889//1889 3379//3379
f 3356//3356 317//317 3379//3379
f 3380//3380 317//317 3358//3358
f 3358//3358 1969//1969 3380//3380
f 1969//1969 3358//3358 3334//3334
f 286//286 1914//1914 1828//1828
f 3383//3383 3382//3382 3381//3381
f 1768//1768 1828//1828 1914//1914
f 3312//3312 1768//1768 1914//1914
f 3384//3384 1969//1969 318//318
f 3384//3384 3380//3380 1969//1969
f 318//318 3380//3380 3384//3384
f 318//318 317//317 3380//3380
f 3358//3358 3357//3357 3334//3334
f 3355//3355 3334//3334 3357//3357
f 3378//3378 3348//3348 3369//3369
f 3369//3369 3348//3348 3354//3354
f 3103//3103 3039//3039 3112//3112
f 3348//3348 3378//3378 2109//2109
f 1969//1969 2072//2072 319//319
f 1969//1969 319//319 318//318
f 2072//2072 3302//3302 319//319
f 1767//1767 3302//3302 2072//2072
f 1901//1901 1793//1793 3080//3080
f 2109//2109 1889//1889 2108//2108
f 2005//2005 1898//1898 2006//2006
f 3113//3113 3090//3090 3080//3080
f 603//603 1978//1978 1636//1636
f 2010//2010 1771//1771 3300//3300
f 298//298 297//297 712//712
f 2011//2011 3113//3113 1898//1898
f 3015//3015 3147//3147 3041//3041
f 3041//3041 3147//3147 3078//3078
f 2011//2011 2028//2028 3090//3090
f 3090//3090 2028//2028 3313//3313
f 3303//3303 3300//3300 1771//1771
f 3300//3300 3303//3303 3299//3299
f 746//746 1877//1877 747//747
f 3266//3266 3010//3010 2078//2078
f 3350//3350 3266//3266 2078//2078
f 2028//2028 3266//3266 3350//3350
f 1635//1635 1637//1637 3350//3350
f 1635//1635 3350//3350 2078//2078
f 2887//2887 2800//2800 2900//2900
f 543//543 2029//2029 525//525
f 2789//2789 3119//3119 2899//2899
f 607//607 2034//2034 2017//2017
f 607//607 2017//2017 2016//2016
f 2017//2017 2034//2034 1975//1975
f 3070//3070 2015//2015 2073//2073
f 3092//3092 3115//3115 2067//2067
f 2800//2800 2050//2050 2070//2070
f 3115//3115 2800//2800 2070//2070
f 2900//2900 2800//2800 3115//3115
f 2070//2070 2050//2050 2071//2071
f 3093//3093 523//523 3092//3092
f 2901//2901 2001//2001 1964//1964
f 3385//3385 2009//2009 58//58
f 58//58 2009//2009 60//60
f 3385//3385 2056//2056 2057//2057
f 2051//2051 2131//2131 2887//2887
f 2035//2035 523//523 3093//3093
f 3093//3093 2086//2086 2035//2035
f 523//523 524//524 3092//3092
f 58//58 2056//2056 3385//3385
f 2900//2900 524//524 2030//2030
f 2992//2992 2886//2886 2889//2889
f 2992//2992 2889//2889 2897//2897
f 2897//2897 617//617 2992//2992
f 617//617 2897//2897 618//618
f 1874//1874 543//543 525//525
f 2053//2053 543//543 1874//1874
f 2035//2035 2054//2054 525//525
f 2081//2081 3350//3350 1637//1637
f 3313//3313 3350//3350 2081//2081
f 3386//3386 2057//2057 2008//2008
f 2099//2099 2054//2054 2035//2035
f 2099//2099 2035//2035 2086//2086
f 1966//1966 2001//2001 2002//2002
f 1891//1891 1966//1966 2002//2002
f 2088//2088 2039//2039 2087//2087
f 2003//2003 1890//1890 2002//2002
f 2099//2099 1873//1873 2054//2054
f 1891//1891 2002//2002 1890//1890
f 3115//3115 2038//2038 2067//2067
f 2070//2070 2038//2038 3115//3115
f 1902//1902 1974//1974 2033//2033
f 3387//3387 359//359 357//357
f 1890//1890 528//528 526//526
f 359//359 3387//3387 323//323
f 323//323 325//325 359//359
f 323//323 3387//3387 593//593
f 593//593 2102//2102 323//323
f 1881//1881 3331//3331 1843//1843
f 2114//2114 2183//2183 3336//3336
f 324//324 2053//2053 2082//2082
f 539//539 538//538 2025//2025
f 527//527 2025//2025 538//538
f 1976//1976 2019//2019 1993//1993
f 1976//1976 1993//1993 393//393
f 596//596 595//595 3096//3096
f 3387//3387 594//594 593//593
f 466//466 2559//2559 476//476
f 2008//2008 527//527 3386//3386
f 1009//1009 2825//2825 2832//2832
f 2131//2131 2132//2132 2888//2888
f 58//58 59//59 1965//1965
f 2783//2783 2854//2854 2057//2057
f 2835//2835 2858//2858 2864//2864
f 2912//2912 2835//2835 2864//2864
f 2535//2535 405//405 2576//2576
f 528//528 2025//2025 527//527
f 2025//2025 528//528 2026//2026
f 2150//2150 2453//2453 3388//3388
f 357//357 358//358 2132//2132
f 2186//2186 2185//2185 428//428
f 427//427 428//428 2185//2185
f 527//527 2522//2522 3386//3386
f 594//594 2132//2132 2052//2052
f 2003//2003 2132//2132 2103//2103
f 2858//2858 2132//2132 2003//2003
f 2103//2103 2132//2132 3389//3389
f 594//594 357//357 2132//2132
f 3387//3387 357//357 594//594
f 3337//3337 2136//2136 2125//2125
f 2888//2888 2132//2132 2838//2838
f 529//529 405//405 2536//2536
f 2009//2009 2855//2855 2869//2869
f 2869//2869 2855//2855 3390//3390
f 2855//2855 2009//2009 3385//3385
f 3108//3108 3056//3056 60//60
f 3108//3108 60//60 529//529
f 1902//1902 2019//2019 1974//1974
f 2085//2085 2067//2067 2077//2077
f 2067//2067 2085//2085 3093//3093
f 1637//1637 1993//1993 2081//2081
f 3093//3093 2085//2085 2086//2086
f 3125//3125 2089//2089 1992//1992
f 1992//1992 2089//2089 3391//3391
f 1992//1992 3391//3391 3086//3086
f 2113//2113 2089//2089 3125//3125
f 3125//3125 568//568 2113//2113
f 3125//3125 304//304 568//568
f 3391//3391 2089//2089 2092//2092
f 3391//3391 2092//2092 3086//3086
f 1977//1977 1978//1978 3392//3392
f 3392//3392 1978//1978 602//602
f 2000//2000 2080//2080 602//602
f 602//602 2080//2080 3392//3392
f 3392//3392 2080//2080 2039//2039
f 3392//3392 2039//2039 2088//2088
f 3392//3392 2088//2088 1977//1977
f 2039//2039 2079//2079 2084//2084
f 2000//2000 2079//2079 2080//2080
f 2084//2084 2079//2079 2099//2099
f 2099//2099 2079//2079 2111//2111
f 1873//1873 2099//2099 2111//2111
f 2111//2111 2079//2079 2000//2000
f 2082//2082 2115//2115 1921//1921
f 1921//1921 2115//2115 1606//1606
f 1791//1791 1792//1792 3393//3393
f 1859//1859 1607//1607 1608//1608
f 1606//1606 2122//2122 1921//1921
f 2026//2026 3100//3100 2027//2027
f 2155//2155 2133//2133 552//552
f 1875//1875 1876//1876 428//428
f 342//342 343//343 357//357
f 3394//3394 1875//1875 428//428
f 2461//2461 3394//3394 428//428
f 422//422 412//412 421//421
f 428//428 1876//1876 2186//2186
f 1926//1926 1607//1607 3273//3273
f 539//539 2110//2110 537//537
f 2522//2522 537//537 1875//1875
f 1880//1880 2114//2114 2112//2112
f 528//528 1890//1890 2003//2003
f 2003//2003 2103//2103 528//528
f 528//528 2103//2103 2026//2026
f 2483//2483 2420//2420 2238//2238
f 2114//2114 3336//3336 3393//3393
f 2111//2111 1880//1880 2112//2112
f 739//739 1924//1924 1996//1996
f 2183//2183 2093//2093 1994//1994
f 1924//1924 739//739 1522//1522
f 1941//1941 3360//3360 2231//2231
f 3395//3395 2095//2095 2093//2093
f 2000//2000 1845//1845 1879//1879
f 1844//1844 1879//1879 1845//1845
f 2112//2112 2114//2114 3396//3396
f 2112//2112 3396//3396 1872//1872
f 1872//1872 1873//1873 2112//2112
f 1994//1994 1791//1791 3336//3336
f 2094//2094 1858//1858 1857//1857
f 2183//2183 3395//3395 2093//2093
f 3395//3395 1844//1844 1843//1843
f 1844//1844 3395//3395 1878//1878
f 1878//1878 3395//3395 2183//2183
f 3331//3331 2094//2094 2095//2095
f 3270//3270 2094//2094 3331//3331
f 1843//1843 3331//3331 2095//2095
f 1843//1843 2095//2095 3395//3395
f 2161//2161 3397//3397 3320//3320
f 3269//3269 1941//1941 3323//3323
f 3320//3320 3397//3397 3269//3269
f 3269//3269 3323//3323 3320//3320
f 2118//2118 2126//2126 1927//1927
f 3397//3397 1858//1858 2094//2094
f 1927//1927 3273//3273 2118//2118
f 3360//3360 3363//3363 2230//2230
f 2118//2118 3397//3397 2126//2126
f 1858//1858 3397//3397 2118//2118
f 3363//3363 340//340 339//339
f 2094//2094 3269//3269 3397//3397
f 3360//3360 1941//1941 340//340
f 3360//3360 340//340 3363//3363
f 3362//3362 2230//2230 3363//3363
f 2161//2161 2127//2127 2126//2126
f 1859//1859 2118//2118 3273//3273
f 3397//3397 2161//2161 2126//2126
f 2289//2289 2184//2184 2027//2027
f 2167//2167 2182//2182 2166//2166
f 358//358 2141//2141 397//397
f 2184//2184 2186//2186 2027//2027
f 2155//2155 2188//2188 2331//2331
f 3398//3398 3100//3100 2104//2104
f 2105//2105 3398//3398 2104//2104
f 3362//3362 655//655 2230//2230
f 3399//3399 2227//2227 2105//2105
f 3400//3400 2326//2326 2142//2142
f 2453//2453 2151//2151 2452//2452
f 2129//2129 1927//1927 2127//2127
f 3332//3332 2226//2226 2331//2331
f 2184//2184 2289//2289 2185//2185
f 3100//3100 2026//2026 2104//2104
f 2104//2104 2026//2026 2103//2103
f 2115//2115 2160//2160 1792//1792
f 2160//2160 1872//1872 3396//3396
f 1792//1792 2160//2160 3396//3396
f 1792//1792 3396//3396 3393//3393
f 3393//3393 3396//3396 2114//2114
f 3393//3393 3336//3336 1791//1791
f 1607//1607 1859//1859 3273//3273
f 429//429 2461//2461 428//428
f 2141//2141 358//358 343//343
f 537//537 2110//2110 1876//1876
f 2461//2461 1875//1875 3394//3394
f 2140//2140 343//343 341//341
f 1875//1875 3386//3386 2522//2522
f 2057//2057 3386//3386 1875//1875
f 2057//2057 1875//1875 2783//2783
f 2187//2187 3337//3337 2125//2125
f 2332//2332 3337//3337 2187//2187
f 2526//2526 473//473 474//474
f 2770//2770 512//512 3401//3401
f 2341//2341 459//459 390//390
f 2520//2520 2523//2523 2528//2528
f 2528//2528 472//472 2520//2520
f 3400//3400 2142//2142 2289//2289
f 2583//2583 2579//2579 2491//2491
f 354//354 2491//2491 2579//2579
f 2180//2180 2349//2349 2469//2469
f 3402//3402 2321//2321 2175//2175
f 2500//2500 3402//3402 2175//2175
f 2494//2494 2366//2366 3403//3403
f 397//397 2141//2141 2349//2349
f 112//112 2447//2447 113//113
f 2065//2065 2432//2432 111//111
f 2065//2065 2066//2066 2432//2432
f 1507//1507 2258//2258 2446//2446
f 2258//2258 2267//2267 2446//2446
f 2908//2908 2973//2973 2878//2878
f 2742//2742 1892//1892 936//936
f 936//936 1892//1892 2697//2697
f 3400//3400 2289//2289 3100//3100
f 2214//2214 1519//1519 329//329
f 1518//1518 1519//1519 2214//2214
f 2164//2164 2141//2141 2120//2120
f 2120//2120 2141//2141 2140//2140
f 2227//2227 3399//3399 2147//2147
f 2147//2147 2148//2148 2227//2227
f 3399//3399 2194//2194 2147//2147
f 2147//2147 2194//2194 2193//2193
f 2194//2194 3399//3399 3389//3389
f 2105//2105 2227//2227 3400//3400
f 3398//3398 3400//3400 3100//3100
f 2105//2105 3400//3400 3398//3398
f 2174//2174 2173//2173 426//426
f 2479//2479 2064//2064 2525//2525
f 2508//2508 628//628 2510//2510
f 2510//2510 628//628 629//629
f 2105//2105 2103//2103 3399//3399
f 3389//3389 3399//3399 2103//2103
f 2212//2212 2330//2330 2165//2165
f 2555//2555 3404//3404 513//513
f 2164//2164 2349//2349 2141//2141
f 2432//2432 2066//2066 3405//3405
f 2212//2212 2251//2251 2330//2330
f 2224//2224 2207//2207 2241//2241
f 427//427 2143//2143 429//429
f 2463//2463 2464//2464 3406//3406
f 2325//2325 2192//2192 2191//2191
f 2175//2175 423//423 2500//2500
f 3332//3332 2331//2331 2188//2188
f 3407//3407 2963//2963 2962//2962
f 2479//2479 2963//2963 3407//3407
f 2326//2326 2325//2325 2176//2176
f 553//553 2188//2188 2155//2155
f 422//422 2192//2192 2148//2148
f 2349//2349 2348//2348 397//397
f 2142//2142 2326//2326 2176//2176
f 2227//2227 2326//2326 3400//3400
f 2223//2223 2447//2447 358//358
f 2166//2166 2484//2484 2250//2250
f 3332//3332 2188//2188 2124//2124
f 3332//3332 2137//2137 2226//2226
f 3406//3406 2485//2485 2463//2463
f 1468//1468 1467//1467 3408//3408
f 2292//2292 2457//2457 2477//2477
f 2194//2194 358//358 2447//2447
f 2143//2143 2144//2144 429//429
f 2201//2201 2321//2321 2461//2461
f 2207//2207 2224//2224 2273//2273
f 414//414 2148//2148 2149//2149
f 422//422 2148//2148 414//414
f 2212//2212 2165//2165 2209//2209
f 2905//2905 2225//2225 2260//2260
f 2905//2905 2260//2260 2135//2135
f 358//358 2194//2194 3389//3389
f 289//289 2226//2226 288//288
f 2284//2284 2189//2189 454//454
f 2464//2464 413//413 3407//3407
f 3407//3407 413//413 3405//3405
f 2152//2152 2150//2150 2485//2485
f 2454//2454 2452//2452 2500//2500
f 2454//2454 3388//3388 2453//2453
f 2829//2829 2786//2786 2787//2787
f 2236//2236 2428//2428 2198//2198
f 2457//2457 2418//2418 2477//2477
f 1517//1517 2250//2250 2241//2241
f 1517//1517 2241//2241 2207//2207
f 502//502 2460//2460 2203//2203
f 311//311 3409//3409 2149//2149
f 2432//2432 3409//3409 311//311
f 3410//3410 3409//3409 2432//2432
f 2432//2432 3405//3405 3410//3410
f 113//113 2223//2223 395//395
f 397//397 395//395 2223//2223
f 2181//2181 2182//2182 2167//2167
f 2460//2460 502//502 396//396
f 2261//2261 2134//2134 2135//2135
f 3411//3411 2469//2469 2261//2261
f 2261//2261 2469//2469 2134//2134
f 2267//2267 2258//2258 352//352
f 1510//1510 2267//2267 352//352
f 3411//3411 2180//2180 2469//2469
f 2180//2180 3411//3411 2182//2182
f 3411//3411 2221//2221 2182//2182
f 2261//2261 2221//2221 3411//3411
f 2260//2260 2221//2221 2261//2261
f 2166//2166 2221//2221 2484//2484
f 2484//2484 2221//2221 2260//2260
f 160//160 1516//1516 2235//2235
f 2330//2330 2251//2251 2199//2199
f 2199//2199 2251//2251 2200//2200
f 2167//2167 2330//2330 2199//2199
f 2199//2199 2459//2459 2167//2167
f 2217//2217 2334//2334 2297//2297
f 3412//3412 2363//2363 2316//2316
f 2315//2315 2316//2316 391//391
f 2428//2428 2170//2170 2272//2272
f 2236//2236 2170//2170 2428//2428
f 3409//3409 3410//3410 2149//2149
f 414//414 2149//2149 3410//3410
f 422//422 414//414 412//412
f 413//413 3410//3410 3405//3405
f 1507//1507 1687//1687 407//407
f 161//161 494//494 2214//2214
f 159//159 2266//2266 1512//1512
f 2445//2445 1512//1512 2266//2266
f 329//329 330//330 2214//2214
f 2214//2214 330//330 161//161
f 2272//2272 454//454 452//452
f 452//452 2428//2428 2272//2272
f 2274//2274 331//331 2262//2262
f 2262//2262 331//331 329//329
f 2284//2284 454//454 2235//2235
f 2235//2235 454//454 2272//2272
f 2280//2280 2190//2190 408//408
f 2190//2190 2282//2282 408//408
f 2334//2334 2217//2217 2215//2215
f 1686//1686 1687//1687 2271//2271
f 352//352 2258//2258 351//351
f 2446//2446 2445//2445 2266//2266
f 1861//1861 2446//2446 2274//2274
f 1495//1495 1476//1476 1477//1477
f 1477//1477 1455//1455 1495//1495
f 1497//1497 3413//3413 1456//1456
f 1456//1456 1461//1461 1497//1497
f 1477//1477 1484//1484 1455//1455
f 1508//1508 2446//2446 1861//1861
f 1861//1861 1860//1860 1508//1508
f 331//331 2446//2446 2266//2266
f 2139//2139 2138//2138 1488//1488
f 2138//2138 2271//2271 1488//1488
f 1487//1487 1488//1488 2271//2271
f 2270//2270 1507//1507 1487//1487
f 2271//2271 2270//2270 1487//1487
f 366//366 2329//2329 368//368
f 2100//2100 2139//2139 1488//1488
f 1528//1528 2139//2139 2100//2100
f 370//370 1529//1529 371//371
f 371//371 1529//1529 1528//1528
f 1528//1528 349//349 371//371
f 2138//2138 1530//1530 2355//2355
f 2276//2276 2355//2355 1530//1530
f 2409//2409 2451//2451 458//458
f 1686//1686 2271//2271 2355//2355
f 2138//2138 2355//2355 2271//2271
f 3410//3410 413//413 414//414
f 2486//2486 2485//2485 3406//3406
f 2437//2437 2412//2412 2413//2413
f 2413//2413 2489//2489 2437//2437
f 2580//2580 2963//2963 2179//2179
f 2580//2580 2179//2179 2177//2177
f 2393//2393 3412//3412 2243//2243
f 2316//2316 2314//2314 2335//2335
f 3412//3412 2335//2335 2242//2242
f 2242//2242 2243//2243 3412//3412
f 1467//1467 2334//2334 2269//2269
f 1468//1468 2295//2295 2299//2299
f 2320//2320 2297//2297 2595//2595
f 3408//3408 2211//2211 2293//2293
f 2268//2268 2211//2211 3408//3408
f 1480//1480 1478//1478 1476//1476
f 1453//1453 2269//2269 2334//2334
f 1467//1467 2268//2268 3408//3408
f 2211//2211 2268//2268 2269//2269
f 2299//2299 1509//1509 1468//1468
f 1507//1507 1452//1452 1487//1487
f 1506//1506 1482//1482 1507//1507
f 2297//2297 1509//1509 2288//2288
f 1489//1489 1452//1452 1458//1458
f 1452//1452 1489//1489 1487//1487
f 1495//1495 1454//1454 2300//2300
f 2295//2295 1468//1468 3408//3408
f 2286//2286 2295//2295 2294//2294
f 2211//2211 1452//1452 1482//1482
f 1507//1507 1482//1482 1452//1452
f 1508//1508 1507//1507 2446//2446
f 2446//2446 331//331 2274//2274
f 1459//1459 2329//2329 366//366
f 2293//2293 2295//2295 3408//3408
f 2334//2334 2215//2215 1453//1453
f 2286//2286 1495//1495 2300//2300
f 2286//2286 2300//2300 2299//2299
f 2286//2286 2299//2299 2295//2295
f 2300//2300 1454//1454 2288//2288
f 1456//1456 2287//2287 1454//1454
f 1482//1482 1506//1506 2237//2237
f 2228//2228 1861//1861 2274//2274
f 2274//2274 2265//2265 2228//2228
f 1502//1502 3414//3414 2211//2211
f 2211//2211 3414//3414 2293//2293
f 2294//2294 2293//2293 3414//3414
f 1476//1476 3414//3414 1376//1376
f 3414//3414 1476//1476 2294//2294
f 1476//1476 2286//2286 2294//2294
f 3414//3414 1502//1502 1376//1376
f 1456//1456 3413//3413 2287//2287
f 2304//2304 2287//2287 3413//3413
f 2307//2307 2287//2287 2304//2304
f 2307//2307 2304//2304 2302//2302
f 1386//1386 1460//1460 1462//1462
f 2304//2304 3413//3413 1497//1497
f 2304//2304 1497//1497 1460//1460
f 2311//2311 2313//2313 2308//2308
f 2313//2313 2319//2319 2318//2318
f 2318//2318 2302//2302 3415//3415
f 2303//2303 3415//3415 2302//2302
f 2308//2308 2313//2313 3415//3415
f 3415//3415 2313//2313 2318//2318
f 2303//2303 2308//2308 3415//3415
f 1460//1460 2308//2308 2304//2304
f 380//380 2308//2308 2629//2629
f 2311//2311 2308//2308 380//380
f 2585//2585 2632//2632 2584//2584
f 2584//2584 2632//2632 2676//2676
f 2246//2246 2245//2245 356//356
f 2684//2684 2333//2333 2340//2340
f 2340//2340 2333//2333 372//372
f 2388//2388 2340//2340 372//372
f 2329//2329 2309//2309 3416//3416
f 2216//2216 2309//2309 2329//2329
f 3417//3417 3416//3416 2309//2309
f 2309//2309 2406//2406 3417//3417
f 2406//2406 2309//2309 2319//2319
f 2298//2298 2319//2319 2309//2309
f 2298//2298 2297//2297 2320//2320
f 2320//2320 2319//2319 2298//2298
f 2323//2323 2407//2407 2324//2324
f 2405//2405 2406//2406 2312//2312
f 2406//2406 2319//2319 2312//2312
f 2313//2313 2312//2312 2319//2319
f 2329//2329 3416//3416 2328//2328
f 2328//2328 3416//3416 3417//3417
f 2310//2310 3418//3418 3419//3419
f 2384//2384 2571//2571 2219//2219
f 3420//3420 2571//2571 2384//2384
f 2570//2570 3421//3421 2337//2337
f 350//350 2327//2327 369//369
f 411//411 2154//2154 350//350
f 2264//2264 2154//2154 367//367
f 1458//1458 2285//2285 1489//1489
f 348//348 2285//2285 411//411
f 2222//2222 367//367 411//411
f 382//382 2327//2327 2263//2263
f 2290//2290 382//382 2263//2263
f 2263//2263 2327//2327 2154//2154
f 2154//2154 2327//2327 350//350
f 380//380 2571//2571 3420//3420
f 444//444 2399//2399 2291//2291
f 2487//2487 2399//2399 444//444
f 444//444 2291//2291 446//446
f 2290//2290 446//446 2291//2291
f 2291//2291 2399//2399 381//381
f 382//382 2291//2291 381//381
f 2323//2323 2328//2328 2407//2407
f 3417//3417 2407//2407 2328//2328
f 2322//2322 2305//2305 2323//2323
f 2323//2323 2305//2305 2328//2328
f 2328//2328 2305//2305 368//368
f 2264//2264 368//368 2305//2305
f 532//532 2290//2290 2306//2306
f 532//532 531//531 446//446
f 446//446 2290//2290 532//532
f 2570//2570 2336//2336 3418//3418
f 2322//2322 2324//2324 533//533
f 533//533 2324//2324 2336//2336
f 3417//3417 2406//2406 2407//2407
f 3419//3419 2324//2324 2407//2407
f 2405//2405 3419//3419 2407//2407
f 2405//2405 2310//2310 3419//3419
f 2312//2312 2310//2310 2405//2405
f 2570//2570 3418//3418 2392//2392
f 3419//3419 3418//3418 2336//2336
f 2336//2336 2324//2324 3419//3419
f 2392//2392 3418//3418 2310//2310
f 445//445 2337//2337 3422//3422
f 531//531 2337//2337 445//445
f 2487//2487 2208//2208 2333//2333
f 374//374 2333//2333 2208//2208
f 2487//2487 2333//2333 2684//2684
f 2684//2684 2399//2399 2487//2487
f 2335//2335 3412//3412 2316//2316
f 2408//2408 3423//3423 2232//2232
f 2379//2379 3423//3423 2408//2408
f 465//465 2433//2433 2379//2379
f 3424//3424 2427//2427 3423//3423
f 2425//2425 2427//2427 3424//3424
f 2379//2379 2433//2433 3424//3424
f 3424//3424 3423//3423 2379//2379
f 3424//3424 2433//2433 2425//2425
f 3425//3425 2427//2427 2388//2388
f 2427//2427 3425//3425 3423//3423
f 372//372 3425//3425 2388//2388
f 3423//3423 3425//3425 2403//2403
f 2403//2403 2232//2232 3423//3423
f 2403//2403 3425//3425 372//372
f 2430//2430 460//460 2431//2431
f 2431//2431 460//460 2341//2341
f 2281//2281 460//460 2430//2430
f 2190//2190 2281//2281 2430//2430
f 360//360 361//361 2393//2393
f 2615//2615 391//391 2364//2364
f 2316//2316 2364//2364 391//391
f 2393//2393 361//361 2339//2339
f 2433//2433 2362//2362 2425//2425
f 2362//2362 2615//2615 2364//2364
f 2433//2433 2361//2361 2362//2362
f 2362//2362 2361//2361 2615//2615
f 2615//2615 2361//2361 389//389
f 2433//2433 2240//2240 2361//2361
f 2368//2368 2096//2096 2553//2553
f 2244//2244 2247//2247 2489//2489
f 2248//2248 2489//2489 2247//2247
f 2403//2403 2233//2233 2232//2232
f 2277//2277 2345//2345 2279//2279
f 2403//2403 2411//2411 2233//2233
f 2234//2234 2233//2233 2411//2411
f 2776//2776 2737//2737 2781//2781
f 2253//2253 2737//2737 2776//2776
f 2882//2882 2976//2976 2422//2422
f 932//932 2252//2252 2777//2777
f 459//459 2341//2341 460//460
f 2427//2427 2426//2426 2339//2339
f 2339//2339 2388//2388 2427//2427
f 379//379 380//380 3420//3420
f 3426//3426 3427//3427 3422//3422
f 2394//2394 3422//3422 3427//3427
f 2394//2394 443//443 3422//3422
f 445//445 3422//3422 443//443
f 2384//2384 2415//2415 3420//3420
f 3427//3427 2415//2415 2394//2394
f 3420//3420 2415//2415 3427//3427
f 3426//3426 379//379 3427//3427
f 3427//3427 379//379 3420//3420
f 2392//2392 3421//3421 2570//2570
f 3421//3421 2392//2392 378//378
f 2337//2337 3426//3426 3422//3422
f 2337//2337 3421//3421 3426//3426
f 3426//3426 3421//3421 378//378
f 3426//3426 378//378 379//379
f 2671//2671 2599//2599 3428//3428
f 2601//2601 2247//2247 2246//2246
f 2246//2246 2247//2247 2244//2244
f 3429//3429 2629//2629 3428//3428
f 3429//3429 2571//2571 2629//2629
f 2629//2629 2571//2571 380//380
f 1386//1386 942//942 1460//1460
f 2592//2592 2599//2599 2577//2577
f 2577//2577 2594//2594 2592//2592
f 3429//3429 3428//3428 2220//2220
f 2338//2338 3429//3429 2220//2220
f 3429//3429 2338//2338 2571//2571
f 378//378 2392//2392 380//380
f 2418//2418 2457//2457 2197//2197
f 458//458 2315//2315 459//459
f 2355//2355 2410//2410 1686//1686
f 2356//2356 2410//2410 2355//2355
f 2314//2314 2315//2315 2451//2451
f 2356//2356 2314//2314 2451//2451
f 2451//2451 2410//2410 2356//2356
f 2451//2451 2315//2315 458//458
f 3430//3430 2362//2362 2363//2363
f 3430//3430 2426//2426 2362//2362
f 2362//2362 2426//2426 2425//2425
f 2339//2339 2426//2426 3430//3430
f 3430//3430 2393//2393 2339//2339
f 3412//3412 3430//3430 2363//2363
f 3412//3412 2393//2393 3430//3430
f 3431//3431 2617//2617 2456//2456
f 2249//2249 2617//2617 3431//3431
f 2488//2488 2456//2456 2617//2617
f 2196//2196 2195//2195 2436//2436
f 2436//2436 2456//2456 2196//2196
f 3431//3431 2456//2456 2436//2436
f 3431//3431 2436//2436 2248//2248
f 3431//3431 2248//2248 2249//2249
f 2554//2554 2368//2368 2553//2553
f 530//530 2246//2246 356//356
f 438//438 2163//2163 2292//2292
f 2292//2292 2163//2163 2435//2435
f 2159//2159 2197//2197 17//17
f 17//17 2197//2197 2457//2457
f 402//402 2465//2465 403//403
f 2449//2449 536//536 2441//2441
f 402//402 2438//2438 2439//2439
f 2431//2431 2238//2238 2420//2420
f 2420//2420 2483//2483 2418//2418
f 438//438 2477//2477 436//436
f 2412//2412 2437//2437 2436//2436
f 2195//2195 2412//2412 2436//2436
f 2616//2616 2588//2588 2097//2097
f 2360//2360 2412//2412 2195//2195
f 2477//2477 2418//2418 2483//2483
f 2477//2477 2483//2483 436//436
f 2197//2197 2429//2429 2418//2418
f 2198//2198 2429//2429 2197//2197
f 2613//2613 2458//2458 447//447
f 2613//2613 447//447 2497//2497
f 2419//2419 2418//2418 2429//2429
f 2419//2419 2429//2429 452//452
f 452//452 2429//2429 2428//2428
f 2315//2315 391//391 390//390
f 2341//2341 2238//2238 2431//2431
f 2360//2360 2238//2238 2341//2341
f 2315//2315 390//390 459//459
f 2589//2589 2097//2097 2588//2588
f 2357//2357 2417//2417 2435//2435
f 410//410 2466//2466 409//409
f 2505//2505 2736//2736 2735//2735
f 2554//2554 2553//2553 2556//2556
f 2359//2359 2416//2416 2417//2417
f 513//513 3404//3404 2359//2359
f 2359//2359 3404//3404 2416//2416
f 2416//2416 3432//3432 2444//2444
f 2368//2368 2370//2370 3433//3433
f 3433//3433 2619//2619 2368//2368
f 2203//2203 2466//2466 502//502
f 502//502 2466//2466 410//410
f 2465//2465 409//409 2466//2466
f 2439//2439 2465//2465 402//402
f 2448//2448 2441//2441 2438//2438
f 2440//2440 3434//3434 2439//2439
f 2179//2179 2963//2963 2479//2479
f 426//426 2173//2173 2462//2462
f 2482//2482 2480//2480 2525//2525
f 2525//2525 2480//2480 2179//2179
f 2173//2173 2494//2494 3435//3435
f 1954//1954 2462//2462 2421//2421
f 2462//2462 2173//2173 2421//2421
f 2421//2421 2173//2173 3435//3435
f 3434//3434 2440//2440 2474//2474
f 2455//2455 2163//2163 437//437
f 2476//2476 3435//3435 2475//2475
f 1953//1953 3435//3435 2476//2476
f 3435//3435 1953//1953 2421//2421
f 534//534 2440//2440 2441//2441
f 536//536 534//534 2441//2441
f 2455//2455 437//437 2196//2196
f 2476//2476 2481//2481 1953//1953
f 1953//1953 2481//2481 2474//2474
f 2482//2482 2474//2474 2481//2481
f 2482//2482 3436//3436 2474//2474
f 2474//2474 3436//3436 3434//3434
f 2064//2064 3436//3436 2482//2482
f 2064//2064 2482//2482 2525//2525
f 2485//2485 3388//3388 2463//2463
f 3436//3436 2064//2064 2116//2116
f 2116//2116 2439//2439 3434//3434
f 3436//3436 2116//2116 3434//3434
f 3405//3405 2479//2479 3407//3407
f 2066//2066 2479//2479 3405//3405
f 355//355 2491//2491 354//354
f 2490//2490 2373//2373 2374//2374
f 2150//2150 3388//3388 2485//2485
f 2458//2458 2613//2613 2151//2151
f 2152//2152 2458//2458 2151//2151
f 2494//2494 3403//3403 3435//3435
f 3406//3406 2464//2464 2962//2962
f 3407//3407 2962//2962 2464//2464
f 2151//2151 2613//2613 2783//2783
f 1875//1875 2151//2151 2783//2783
f 2475//2475 2210//2210 2178//2178
f 2178//2178 2210//2210 2177//2177
f 2500//2500 2452//2452 3402//3402
f 2321//2321 3402//3402 3437//3437
f 3437//3437 3402//3402 2452//2452
f 2580//2580 3406//3406 2962//2962
f 2486//2486 3406//3406 2580//2580
f 3388//3388 421//421 2463//2463
f 2454//2454 421//421 3388//3388
f 2151//2151 3437//3437 2452//2452
f 1875//1875 3437//3437 2151//2151
f 2461//2461 3437//3437 1875//1875
f 2174//2174 3438//3438 2172//2172
f 2834//2834 2839//2839 2833//2833
f 2655//2655 2205//2205 2513//2513
f 2513//2513 2206//2206 2172//2172
f 2494//2494 2496//2496 2366//2366
f 2344//2344 3439//3439 2783//2783
f 2842//2842 3439//3439 2344//2344
f 3390//3390 2783//2783 3439//3439
f 2533//2533 2890//2890 2644//2644
f 2321//2321 3437//3437 2461//2461
f 2152//2152 2485//2485 2372//2372
f 2210//2210 3403//3403 2365//2365
f 376//376 2367//2367 2373//2373
f 2365//2365 2367//2367 376//376
f 3438//3438 2513//2513 2172//2172
f 628//628 3440//3440 549//549
f 2443//2443 2774//2774 467//467
f 2443//2443 467//467 522//522
f 549//549 3440//3440 3441//3441
f 2508//2508 2521//2521 628//628
f 2818//2818 3442//3442 2787//2787
f 2787//2787 2816//2816 2818//2818
f 3435//3435 3403//3403 2475//2475
f 2475//2475 3403//3403 2210//2210
f 2344//2344 2783//2783 2893//2893
f 2343//2343 2344//2344 2893//2893
f 2499//2499 2511//2511 481//481
f 468//468 467//467 2774//2774
f 2524//2524 468//468 424//424
f 2496//2496 2517//2517 2468//2468
f 2468//2468 2386//2386 2496//2496
f 2513//2513 2519//2519 2655//2655
f 2365//2365 3403//3403 2366//2366
f 2786//2786 2655//2655 2519//2519
f 2519//2519 629//629 2786//2786
f 432//432 2493//2493 2402//2402
f 3443//3443 2635//2635 2396//2396
f 515//515 2714//2714 516//516
f 3444//3444 3445//3445 2735//2735
f 2783//2783 2784//2784 2892//2892
f 2041//2041 2042//2042 2847//2847
f 2849//2849 2847//2847 2042//2042
f 2531//2531 2829//2829 2530//2530
f 478//478 2784//2784 481//481
f 521//521 2784//2784 479//479
f 479//479 2784//2784 478//478
f 3441//3441 2849//2849 550//550
f 2787//2787 627//627 2816//2816
f 2908//2908 2878//2878 2726//2726
f 3446//3446 2654//2654 480//480
f 2654//2654 3446//3446 2204//2204
f 2512//2512 2467//2467 3446//3446
f 3446//3446 2467//2467 2468//2468
f 2468//2468 2204//2204 3446//3446
f 2205//2205 2654//2654 2204//2204
f 2829//2829 2531//2531 3447//3447
f 2350//2350 3447//3447 2531//2531
f 2654//2654 3447//3447 2350//2350
f 2786//2786 2829//2829 3447//3447
f 2655//2655 3447//3447 2654//2654
f 2786//2786 3447//3447 2655//2655
f 475//475 477//477 2837//2837
f 2801//2801 2973//2973 2802//2802
f 1782//1782 2564//2564 1781//1781
f 466//466 2527//2527 2559//2559
f 3432//3432 2416//2416 3404//3404
f 2509//2509 2174//2174 426//426
f 2174//2174 2509//2509 3438//3438
f 2512//2512 3446//3446 480//480
f 2520//2520 473//473 2527//2527
f 1783//1783 2741//2741 2755//2755
f 2528//2528 2523//2523 2478//2478
f 498//498 2449//2449 3432//3432
f 2449//2449 2444//2444 3432//3432
f 2526//2526 474//474 2563//2563
f 426//426 425//425 2509//2509
f 2774//2774 2507//2507 425//425
f 2509//2509 425//425 2507//2507
f 2566//2566 2586//2586 2587//2587
f 2562//2562 2586//2586 2566//2566
f 3448//3448 2563//2563 474//474
f 3432//3432 3448//3448 498//498
f 498//498 3448//3448 474//474
f 2564//2564 433//433 434//434
f 433//433 2564//2564 1782//1782
f 3433//3433 2561//2561 3449//3449
f 2529//2529 2770//2770 2503//2503
f 2770//2770 434//434 512//512
f 512//512 2473//2473 3401//3401
f 435//435 512//512 434//434
f 2523//2523 535//535 2478//2478
f 442//442 2524//2524 424//424
f 2524//2524 442//442 2523//2523
f 2523//2523 442//442 535//535
f 2493//2493 2566//2566 3450//3450
f 3450//3450 2402//2402 2493//2493
f 2473//2473 3449//3449 3401//3401
f 2462//2462 1954//1954 442//442
f 3449//3449 3451//3451 3401//3401
f 2561//2561 3451//3451 3449//3449
f 3401//3401 3451//3451 2770//2770
f 3451//3451 2503//2503 2770//2770
f 2503//2503 3451//3451 2561//2561
f 2797//2797 2754//2754 2891//2891
f 2703//2703 2891//2891 2754//2754
f 2797//2797 2891//2891 1008//1008
f 3452//3452 612//612 2069//2069
f 2560//2560 433//433 1782//1782
f 433//433 2563//2563 435//435
f 2529//2529 2648//2648 2565//2565
f 2564//2564 2565//2565 2648//2648
f 435//435 2729//2729 512//512
f 2501//2501 336//336 2549//2549
f 2549//2549 2647//2647 2501//2501
f 2501//2501 2647//2647 2529//2529
f 2740//2740 2769//2769 2763//2763
f 2740//2740 2763//2763 2717//2717
f 2740//2740 2727//2727 2769//2769
f 2552//2552 2727//2727 2740//2740
f 3432//3432 2729//2729 3448//3448
f 2729//2729 3432//3432 2555//2555
f 2555//2555 3432//3432 3404//3404
f 2473//2473 512//512 511//511
f 337//337 503//503 561//561
f 503//503 504//504 561//561
f 3453//3453 3454//3454 2741//2741
f 2741//2741 2709//2709 3453//3453
f 3448//3448 2729//2729 435//435
f 435//435 2563//2563 3448//3448
f 2370//2370 2561//2561 3433//3433
f 3433//3433 3455//3455 2619//2619
f 3455//3455 2617//2617 2618//2618
f 2619//2619 3455//3455 2618//2618
f 2617//2617 3455//3455 2488//2488
f 3455//3455 2472//2472 2488//2488
f 3433//3433 2472//2472 3455//3455
f 2472//2472 3433//3433 3449//3449
f 2473//2473 2472//2472 3449//3449
f 2539//2539 2604//2604 2538//2538
f 2538//2538 2604//2604 490//490
f 2566//2566 2587//2587 3450//3450
f 519//519 518//518 2621//2621
f 2625//2625 519//519 2621//2621
f 2625//2625 2610//2610 2612//2612
f 3456//3456 2353//2353 2404//2404
f 2625//2625 2612//2612 519//519
f 3458//3458 3457//3457 2567//2567
f 3457//3457 3458//3458 2609//2609
f 517//517 2401//2401 518//518
f 3457//3457 2610//2610 3459//3459
f 2609//2609 2610//2610 3457//3457
f 2634//2634 3456//3456 2404//2404
f 3456//3456 2634//2634 2567//2567
f 2735//2735 2753//2753 3444//3444
f 2607//2607 517//517 2612//2612
f 2607//2607 2612//2612 2611//2611
f 2608//2608 2611//2611 3460//3460
f 2607//2607 2611//2611 2608//2608
f 2400//2400 2577//2577 2671//2671
f 496//496 2584//2584 495//495
f 2676//2676 2631//2631 2382//2382
f 3461//3461 2382//2382 2631//2631
f 2382//2382 3461//3461 2380//2380
f 3456//3456 2567//2567 3457//3457
f 3462//3462 3461//3461 2631//2631
f 2670//2670 2671//2671 3428//3428
f 3428//3428 2629//2629 2670//2670
f 2766//2766 2634//2634 2390//2390
f 2568//2568 2634//2634 2766//2766
f 2643//2643 2633//2633 471//471
f 2558//2558 3444//3444 2753//2753
f 2558//2558 2753//2753 505//505
f 2643//2643 471//471 2642//2642
f 2765//2765 3444//3444 2558//2558
f 2773//2773 2650//2650 2718//2718
f 3461//3461 2643//2643 2380//2380
f 2659//2659 2661//2661 2603//2603
f 3212//3212 2679//2679 3463//3463
f 2404//2404 2390//2390 2634//2634
f 500//500 932//932 3220//3220
f 2629//2629 2603//2603 2631//2631
f 2631//2631 2603//2603 3462//3462
f 3464//3464 2707//2707 2504//2504
f 2677//2677 2678//2678 974//974
f 2964//2964 3465//3465 2944//2944
f 2621//2621 2630//2630 2626//2626
f 2545//2545 2630//2630 497//497
f 495//495 2545//2545 497//497
f 2246//2246 530//530 2601//2601
f 2616//2616 2601//2601 530//530
f 2598//2598 2592//2592 2591//2591
f 2598//2598 2591//2591 2383//2383
f 2220//2220 3428//3428 2599//2599
f 3467//3467 3466//3466 2608//2608
f 2606//2606 3466//3466 2590//2590
f 2593//2593 2606//2606 2590//2590
f 2608//2608 3466//3466 2606//2606
f 2590//2590 2518//2518 2593//2593
f 3466//3466 3468//3468 2590//2590
f 2590//2590 3468//3468 2279//2279
f 3467//3467 3468//3468 3466//3466
f 2234//2234 2411//2411 3468//3468
f 2411//2411 2279//2279 3468//3468
f 2578//2578 2234//2234 3468//3468
f 2578//2578 3468//3468 3467//3467
f 2582//2582 2249//2249 2247//2247
f 2489//2489 2248//2248 2437//2437
f 2582//2582 2098//2098 2249//2249
f 2249//2249 2098//2098 2618//2618
f 2096//2096 2618//2618 2098//2098
f 2619//2619 2618//2618 2096//2096
f 2589//2589 2378//2378 2377//2377
f 2096//2096 2097//2097 2377//2377
f 2587//2587 2546//2546 2614//2614
f 2614//2614 2546//2546 2548//2548
f 2467//2467 2511//2511 2499//2499
f 2614//2614 2539//2539 2587//2587
f 2587//2587 2539//2539 3450//3450
f 3450//3450 2539//2539 2537//2537
f 2537//2537 2389//2389 3450//3450
f 2389//2389 2402//2402 3450//3450
f 2569//2569 3458//3458 2567//2567
f 2381//2381 2676//2676 2382//2382
f 3458//3458 2569//2569 2605//2605
f 3458//3458 3460//3460 2609//2609
f 2609//2609 3460//3460 2611//2611
f 2643//2643 3469//3469 2633//2633
f 2633//2633 3469//3469 2661//2661
f 3469//3469 3462//3462 2661//2661
f 2661//2661 3462//3462 2603//2603
f 3461//3461 3469//3469 2643//2643
f 3462//3462 3469//3469 3461//3461
f 3460//3460 3458//3458 2605//2605
f 2620//2620 3460//3460 2605//2605
f 2578//2578 3467//3467 2620//2620
f 2386//2386 2374//2374 2367//2367
f 2608//2608 3460//3460 2620//2620
f 2608//2608 2620//2620 3467//3467
f 3470//3470 2680//2680 2649//2649
f 2680//2680 3470//3470 2380//2380
f 2380//2380 2642//2642 2680//2680
f 2380//2380 3470//3470 2545//2545
f 2549//2549 2650//2650 2773//2773
f 2626//2626 2635//2635 3443//3443
f 3443//3443 2625//2625 2626//2626
f 3459//3459 3443//3443 3456//3456
f 3459//3459 3456//3456 3457//3457
f 3459//3459 2625//2625 3443//3443
f 2610//2610 2625//2625 3459//3459
f 2649//2649 2626//2626 2630//2630
f 2649//2649 2630//2630 3470//3470
f 3470//3470 2630//2630 2545//2545
f 3456//3456 2398//2398 2353//2353
f 2396//2396 2398//2398 3443//3443
f 2773//2773 2648//2648 2647//2647
f 2549//2549 2773//2773 2647//2647
f 3443//3443 2398//2398 3456//3456
f 3471//3471 2707//2707 3464//3464
f 2622//2622 2506//2506 2710//2710
f 2622//2622 2623//2623 2506//2506
f 2653//2653 469//469 1055//1055
f 3472//3472 2653//2653 1055//1055
f 2653//2653 2656//2656 2652//2652
f 2656//2656 2653//2653 3472//3472
f 469//469 2642//2642 471//471
f 2514//2514 3473//3473 2516//2516
f 2514//2514 2779//2779 3471//3471
f 3471//3471 2779//2779 2664//2664
f 2657//2657 2515//2515 2516//2516
f 455//455 2779//2779 2515//2515
f 2515//2515 2779//2779 2514//2514
f 3464//3464 2514//2514 3471//3471
f 2514//2514 3464//3464 3473//3473
f 2404//2404 2353//2353 2352//2352
f 3474//3474 2516//2516 2397//2397
f 3473//3473 2354//2354 3475//3475
f 3473//3473 3475//3475 2516//2516
f 2397//2397 3475//3475 2354//2354
f 2516//2516 3475//3475 2397//2397
f 2354//2354 3464//3464 2352//2352
f 3473//3473 3464//3464 2354//2354
f 2624//2624 2352//2352 3464//3464
f 2624//2624 3464//3464 2641//2641
f 2657//2657 3474//3474 2637//2637
f 2637//2637 3474//3474 2635//2635
f 2516//2516 3474//3474 2657//2657
f 2396//2396 2635//2635 3474//3474
f 3474//3474 2397//2397 2396//2396
f 2642//2642 2653//2653 2652//2652
f 3472//3472 2657//2657 2656//2656
f 456//456 3472//3472 1055//1055
f 3472//3472 456//456 455//455
f 455//455 2515//2515 3472//3472
f 2515//2515 2657//2657 3472//3472
f 2659//2659 2677//2677 3476//3476
f 417//417 998//998 415//415
f 3476//3476 2628//2628 416//416
f 2628//2628 417//417 416//416
f 998//998 3463//3463 2681//2681
f 3463//3463 998//998 417//417
f 2681//2681 2679//2679 992//992
f 3463//3463 2679//2679 2681//2681
f 3476//3476 2675//2675 2628//2628
f 3476//3476 2677//2677 2675//2675
f 2661//2661 2660//2660 2633//2633
f 2692//2692 2707//2707 2664//2664
f 2707//2707 2692//2692 2694//2694
f 2660//2660 3476//3476 416//416
f 2660//2660 416//416 2633//2633
f 2660//2660 2659//2659 3476//3476
f 2603//2603 2678//2678 2659//2659
f 417//417 2627//2627 3463//3463
f 105//105 2688//2688 993//993
f 994//994 105//105 993//993
f 2665//2665 2674//2674 2672//2672
f 338//338 2953//2953 2952//2952
f 2627//2627 3212//3212 3463//3463
f 2581//2581 2665//2665 2672//2672
f 483//483 3212//3212 2627//2627
f 1127//1127 483//483 2627//2627
f 85//85 3212//3212 483//483
f 461//461 2665//2665 2581//2581
f 2043//2043 2041//2041 3019//3019
f 2727//2727 2836//2836 2771//2771
f 2707//2707 3471//3471 2664//2664
f 2694//2694 2668//2668 515//515
f 2665//2665 1139//1139 515//515
f 515//515 1139//1139 2714//2714
f 2674//2674 2665//2665 2666//2666
f 2666//2666 2667//2667 2674//2674
f 2667//2667 2666//2666 2668//2668
f 2714//2714 2708//2708 2713//2713
f 2714//2714 1140//1140 2708//2708
f 1139//1139 1140//1140 2714//2714
f 2711//2711 2708//2708 2685//2685
f 2713//2713 2708//2708 2711//2711
f 2623//2623 2504//2504 2506//2506
f 2505//2505 514//514 516//516
f 2505//2505 516//516 2713//2713
f 2504//2504 2641//2641 3464//3464
f 2710//2710 2505//2505 3445//3445
f 3445//3445 2505//2505 2735//2735
f 2639//2639 2781//2781 2782//2782
f 2720//2720 2781//2781 2639//2639
f 2720//2720 2777//2777 2776//2776
f 2715//2715 2505//2505 2712//2712
f 2712//2712 2505//2505 2713//2713
f 2713//2713 2711//2711 2712//2712
f 2836//2836 2757//2757 2841//2841
f 2756//2756 2757//2757 2836//2836
f 2695//2695 2669//2669 2688//2688
f 2669//2669 2668//2668 2692//2692
f 2694//2694 2692//2692 2668//2668
f 2450//2450 2782//2782 2722//2722
f 2952//2952 2450//2450 2722//2722
f 2669//2669 2663//2663 2688//2688
f 2688//2688 2663//2663 993//993
f 1532//1532 1531//1531 2638//2638
f 2678//2678 2603//2603 974//974
f 491//491 3220//3220 2687//2687
f 2687//2687 3220//3220 3221//3221
f 500//500 3220//3220 491//491
f 1146//1146 1531//1531 1144//1144
f 2720//2720 2776//2776 2781//2781
f 3222//3222 1145//1145 1144//1144
f 2715//2715 1145//1145 3222//3222
f 778//778 3007//3007 968//968
f 2964//2964 1464//1464 1463//1463
f 2686//2686 2715//2715 2712//2712
f 2541//2541 2749//2749 2736//2736
f 1144//1144 2505//2505 3222//3222
f 3170//3170 1532//1532 2638//2638
f 2720//2720 2639//2639 1146//1146
f 2422//2422 2976//2976 2424//2424
f 1144//1144 2736//2736 2505//2505
f 2696//2696 2697//2697 3170//3170
f 2893//2893 2885//2885 2343//2343
f 2767//2767 3170//3170 2697//2697
f 2687//2687 2716//2716 2686//2686
f 399//399 2730//2730 400//400
f 937//937 3477//3477 2450//2450
f 2450//2450 3477//3477 2782//2782
f 2638//2638 3477//3477 3170//3170
f 3170//3170 3477//3477 937//937
f 3477//3477 2639//2639 2782//2782
f 2639//2639 3477//3477 2638//2638
f 2723//2723 2725//2725 2737//2737
f 1532//1532 2767//2767 2541//2541
f 1532//1532 3170//3170 2767//2767
f 1532//1532 2541//2541 2736//2736
f 2741//2741 3454//3454 2755//2755
f 2758//2758 2756//2756 2878//2878
f 2878//2878 2756//2756 2726//2726
f 2849//2849 2840//2840 550//550
f 504//504 506//506 398//398
f 504//504 398//398 400//400
f 1144//1144 1532//1532 2736//2736
f 505//505 2753//2753 2761//2761
f 2734//2734 2761//2761 2753//2753
f 2736//2736 2761//2761 2734//2734
f 2749//2749 2761//2761 2736//2736
f 2777//2777 3221//3221 932//932
f 3221//3221 2777//2777 2719//2719
f 2253//2253 2777//2777 2252//2252
f 2722//2722 2782//2782 2725//2725
f 2282//2282 1510//1510 353//353
f 2719//2719 1145//1145 3221//3221
f 3221//3221 1145//1145 2716//2716
f 2737//2737 2725//2725 2781//2781
f 2950//2950 2903//2903 2982//2982
f 2723//2723 294//294 2724//2724
f 927//927 294//294 2723//2723
f 338//338 2724//2724 294//294
f 2906//2906 1727//1727 566//566
f 2906//2906 2699//2699 1727//1727
f 1727//1727 2699//2699 1725//1725
f 935//935 2450//2450 2747//2747
f 2952//2952 2747//2747 2450//2450
f 1725//1725 2747//2747 2952//2952
f 2724//2724 2952//2952 2722//2722
f 2742//2742 2738//2738 1892//1892
f 2597//2597 2982//2982 2903//2903
f 2966//2966 2982//2982 2597//2597
f 2544//2544 2542//2542 2802//2802
f 2883//2883 2422//2422 2993//2993
f 2983//2983 2984//2984 3478//3478
f 2698//2698 2596//2596 2904//2904
f 2961//2961 2746//2746 2747//2747
f 2699//2699 2961//2961 2747//2747
f 3479//3479 2540//2540 2738//2738
f 3479//3479 2698//2698 2540//2540
f 2746//2746 2961//2961 3479//3479
f 3479//3479 2961//2961 2698//2698
f 2742//2742 2746//2746 3479//3479
f 2738//2738 2742//2742 3479//3479
f 2728//2728 2727//2727 2552//2552
f 2728//2728 2550//2550 2943//2943
f 2802//2802 2973//2973 2943//2943
f 2943//2943 2973//2973 2908//2908
f 1895//1895 2943//2943 2550//2550
f 1895//1895 2550//2550 2909//2909
f 2876//2876 2877//2877 970//970
f 2748//2748 2768//2768 2730//2730
f 2749//2749 398//398 506//506
f 2697//2697 2744//2744 2767//2767
f 2748//2748 2744//2744 2745//2745
f 2768//2768 2551//2551 2552//2552
f 2552//2552 2717//2717 2768//2768
f 2551//2551 2768//2768 2748//2748
f 2551//2551 2748//2748 2745//2745
f 2778//2778 2551//2551 2745//2745
f 2551//2551 2909//2909 2550//2550
f 2909//2909 2551//2551 2778//2778
f 3453//3453 2771//2771 3454//3454
f 3454//3454 2705//2705 2755//2755
f 2803//2803 2704//2704 2841//2841
f 2784//2784 2613//2613 481//481
f 2836//2836 2841//2841 2771//2771
f 2771//2771 2841//2841 3454//3454
f 2841//2841 2705//2705 3454//3454
f 2771//2771 2769//2769 2727//2727
f 2648//2648 2773//2773 2772//2772
f 2863//2863 542//542 2843//2843
f 2764//2764 2771//2771 3453//3453
f 2510//2510 2519//2519 2513//2513
f 2509//2509 2510//2510 3438//3438
f 561//561 504//504 560//560
f 2718//2718 2650//2650 560//560
f 2513//2513 3438//3438 2510//2510
f 2772//2772 2709//2709 2648//2648
f 2762//2762 2709//2709 2772//2772
f 2764//2764 2709//2709 2762//2762
f 3453//3453 2709//2709 2764//2764
f 2796//2796 2795//2795 969//969
f 2765//2765 2572//2572 3444//3444
f 3444//3444 2572//2572 3445//3445
f 2718//2718 2762//2762 2773//2773
f 2710//2710 3445//3445 2572//2572
f 2654//2654 2350//2350 480//480
f 3480//3480 3481//3481 3482//3482
f 3483//3483 2877//2877 3452//3452
f 2063//2063 613//613 2062//2062
f 2826//2826 613//613 2063//2063
f 3441//3441 550//550 549//549
f 2757//2757 2645//2645 2803//2803
f 2757//2757 2803//2803 2841//2841
f 2532//2532 3484//3484 2534//2534
f 2063//2063 2534//2534 2826//2826
f 2902//2902 971//971 2534//2534
f 3481//3481 2543//2543 2544//2544
f 559//559 2543//2543 3481//3481
f 3481//3481 556//556 559//559
f 2061//2061 2890//2890 2533//2533
f 2533//2533 2063//2063 2061//2061
f 2645//2645 3485//3485 2532//2532
f 3481//3481 2544//2544 3482//3482
f 2743//2743 2891//2891 2703//2703
f 2442//2442 2832//2832 2831//2831
f 1008//1008 2891//2891 2890//2890
f 2061//2061 1008//1008 2890//2890
f 3020//3020 3485//3485 2645//2645
f 2645//2645 2758//2758 3020//3020
f 2645//2645 2757//2757 2758//2758
f 3487//3487 754//754 3486//3486
f 3023//3023 586//586 727//727
f 2933//2933 2934//2934 2971//2971
f 2821//2821 3011//3011 2911//2911
f 2871//2871 2823//2823 2884//2884
f 2343//2343 2884//2884 540//540
f 3030//3030 2920//2920 2918//2918
f 2069//2069 2820//2820 3483//3483
f 3488//3488 701//701 3094//3094
f 3094//3094 701//701 702//702
f 2845//2845 2752//2752 3019//3019
f 3483//3483 3489//3489 2877//2877
f 614//614 613//613 2795//2795
f 3489//3489 969//969 970//970
f 3489//3489 2911//2911 969//969
f 2821//2821 2911//2911 3489//3489
f 2815//2815 2844//2844 2793//2793
f 2043//2043 3019//3019 2752//2752
f 2750//2750 2043//2043 2752//2752
f 2880//2880 2047//2047 1937//1937
f 2048//2048 2047//2047 2879//2879
f 2877//2877 3489//3489 970//970
f 2826//2826 2795//2795 613//613
f 3489//3489 3483//3483 2821//2821
f 2820//2820 2821//2821 3483//3483
f 2342//2342 2967//2967 2851//2851
f 2879//2879 2047//2047 2880//2880
f 2819//2819 2956//2956 3011//3011
f 3011//3011 2956//2956 2852//2852
f 614//614 2796//2796 2967//2967
f 614//614 2967//2967 2342//2342
f 3011//3011 2967//2967 2796//2796
f 2852//2852 2967//2967 3011//3011
f 3490//3490 2442//2442 2831//2831
f 2442//2442 3490//3490 2443//2443
f 2007//2007 2865//2865 2788//2788
f 2858//2858 2701//2701 2702//2702
f 2864//2864 2863//2863 2870//2870
f 540//540 2884//2884 2857//2857
f 2818//2818 2817//2817 2823//2823
f 2843//2843 540//540 2857//2857
f 969//969 2827//2827 971//971
f 2823//2823 2871//2871 2818//2818
f 2758//2758 2801//2801 3020//3020
f 2849//2849 2042//2042 2840//2840
f 2041//2041 2907//2907 3019//3019
f 2793//2793 2844//2844 2907//2907
f 2825//2825 2793//2793 2907//2907
f 541//541 2343//2343 540//540
f 2864//2864 2870//2870 2912//2912
f 3439//3439 2842//2842 2862//2862
f 3390//3390 3439//3439 2862//2862
f 2575//2575 405//405 404//404
f 2868//2868 2702//2702 2794//2794
f 2750//2750 2868//2868 2794//2794
f 3441//3441 2848//2848 2849//2849
f 2787//2787 3442//3442 2530//2530
f 1009//1009 2832//2832 2798//2798
f 2798//2798 2832//2832 2837//2837
f 2798//2798 2837//2837 477//477
f 3440//3440 628//628 2521//2521
f 2443//2443 3490//3490 2521//2521
f 2848//2848 3490//3490 2831//2831
f 3441//3441 3490//3490 2848//2848
f 3441//3441 3440//3440 3490//3490
f 2521//2521 3490//3490 3440//3440
f 3442//3442 2873//2873 2874//2874
f 2818//2818 2871//2871 3442//3442
f 2873//2873 3442//3442 2871//2871
f 2875//2875 520//520 2874//2874
f 521//521 520//520 2875//2875
f 2874//2874 520//520 2530//2530
f 2874//2874 2530//2530 3442//3442
f 2863//2863 2843//2843 2870//2870
f 2885//2885 2892//2892 2875//2875
f 2885//2885 2893//2893 2892//2892
f 2875//2875 2892//2892 521//521
f 521//521 2892//2892 2784//2784
f 2907//2907 2041//2041 2847//2847
f 541//541 2146//2146 2842//2842
f 2856//2856 2828//2828 2839//2839
f 3390//3390 2855//2855 2783//2783
f 2575//2575 404//404 2862//2862
f 2854//2854 2855//2855 3385//3385
f 3385//3385 2057//2057 2854//2854
f 2535//2535 2864//2864 2858//2858
f 2858//2858 2536//2536 2535//2535
f 529//529 2536//2536 3108//3108
f 2047//2047 733//733 1937//1937
f 2858//2858 3108//3108 2536//2536
f 3491//3491 3097//3097 3096//3096
f 406//406 2869//2869 404//404
f 2862//2862 2869//2869 3390//3390
f 2788//2788 2790//2790 2007//2007
f 2858//2858 2838//2838 2132//2132
f 3389//3389 2132//2132 358//358
f 2036//2036 3492//3492 2023//2023
f 2071//2071 3492//3492 2036//2036
f 2898//2898 2790//2790 2899//2899
f 2838//2838 2858//2858 2702//2702
f 617//617 2790//2790 2898//2898
f 616//616 2799//2799 2751//2751
f 2851//2851 2789//2789 2788//2788
f 2812//2812 2789//2789 2851//2851
f 1983//1983 1818//1818 3119//3119
f 1983//1983 3119//3119 2812//2812
f 2890//2890 2743//2743 2644//2644
f 2910//2910 2851//2851 2788//2788
f 2751//2751 3493//3493 3079//3079
f 3493//3493 2752//2752 2845//2845
f 2752//2752 3493//3493 2751//2751
f 2814//2814 2866//2866 3493//3493
f 3493//3493 2845//2845 2814//2814
f 2845//2845 2815//2815 2814//2814
f 2888//2888 618//618 2897//2897
f 2865//2865 2007//2007 3079//3079
f 3493//3493 2866//2866 3079//3079
f 3079//3079 2866//2866 2865//2865
f 3484//3484 2532//2532 3485//3485
f 3465//3465 2964//2964 3482//3482
f 2964//2964 1463//1463 2949//2949
f 3482//3482 2964//2964 2949//2949
f 2542//2542 2780//2780 3020//3020
f 2069//2069 3483//3483 3452//3452
f 2902//2902 2534//2534 3484//3484
f 3484//3484 3485//3485 3494//3494
f 3484//3484 3494//3494 2902//2902
f 2780//2780 3494//3494 3485//3485
f 2780//2780 3485//3485 3020//3020
f 2543//2543 3494//3494 2780//2780
f 2996//2996 3121//3121 2995//2995
f 701//701 3488//3488 3074//3074
f 2876//2876 2902//2902 3494//3494
f 970//970 2902//2902 2876//2876
f 1028//1028 3495//3495 3161//3161
f 1027//1027 1028//1028 3161//3161
f 3496//3496 591//591 2919//2919
f 2424//2424 2966//2966 3497//3497
f 557//557 3498//3498 2853//2853
f 612//612 557//557 2853//2853
f 3452//3452 557//557 612//612
f 2971//2971 3498//3498 3480//3480
f 556//556 3498//3498 557//557
f 3480//3480 3498//3498 556//556
f 2543//2543 559//559 3494//3494
f 3494//3494 559//559 2876//2876
f 558//558 2876//2876 559//559
f 558//558 557//557 3452//3452
f 558//558 3452//3452 2877//2877
f 2939//2939 2850//2850 734//734
f 2931//2931 2934//2934 2933//2933
f 3498//3498 2934//2934 2853//2853
f 2921//2921 2922//2922 2881//2881
f 2881//2881 2883//2883 2921//2921
f 2971//2971 2934//2934 3498//3498
f 2937//2937 2936//2936 2938//2938
f 2937//2937 611//611 2785//2785
f 2931//2931 2937//2937 2785//2785
f 2932//2932 2922//2922 2923//2923
f 2936//2936 2932//2932 2923//2923
f 2051//2051 2052//2052 2131//2131
f 732//732 2850//2850 3094//3094
f 2850//2850 3488//3488 3094//3094
f 2938//2938 3488//3488 2850//2850
f 3074//3074 3488//3488 3182//3182
f 3182//3182 3488//3488 2938//2938
f 2938//2938 2936//2936 3182//3182
f 3182//3182 2936//2936 2935//2935
f 3497//3497 2966//2966 2822//2822
f 2423//2423 3497//3497 2981//2981
f 3497//3497 2423//2423 2424//2424
f 3073//3073 3071//3071 3122//3122
f 3482//3482 3499//3499 3480//3480
f 3499//3499 3482//3482 2949//2949
f 2544//2544 3465//3465 3482//3482
f 2802//2802 3465//3465 2544//2544
f 2883//2883 2985//2985 2983//2983
f 2945//2945 2983//2983 3478//3478
f 2982//2982 2968//2968 2950//2950
f 3480//3480 556//556 3481//3481
f 3499//3499 2969//2969 3480//3480
f 3480//3480 2969//2969 2971//2971
f 2949//2949 2969//2969 3499//3499
f 2968//2968 2969//2969 2950//2950
f 2950//2950 2969//2969 2949//2949
f 2944//2944 3465//3465 2802//2802
f 2802//2802 2943//2943 2944//2944
f 2422//2422 2423//2423 2993//2993
f 2903//2903 1465//1465 2904//2904
f 1463//1463 1465//1465 2903//2903
f 2904//2904 1465//1465 2540//2540
f 2904//2904 2540//2540 2698//2698
f 2988//2988 2984//2984 2985//2985
f 3497//3497 2972//2972 2981//2981
f 2980//2980 2981//2981 2972//2972
f 2942//2942 2940//2940 954//954
f 1726//1726 566//566 1727//1727
f 3497//3497 2822//2822 2972//2972
f 956//956 2958//2958 2957//2957
f 956//956 2957//2957 2942//2942
f 566//566 1726//1726 3225//3225
f 955//955 3500//3500 3225//3225
f 567//567 3225//3225 3500//3500
f 566//566 3225//3225 567//567
f 2972//2972 567//567 3500//3500
f 2972//2972 3500//3500 3168//3168
f 2980//2980 2972//2972 3168//3168
f 3168//3168 3500//3500 954//954
f 955//955 954//954 3500//3500
f 3168//3168 928//928 770//770
f 3168//3168 954//954 928//928
f 954//954 2940//2940 928//928
f 2935//2935 2923//2923 3166//3166
f 2935//2935 3166//3166 3167//3167
f 3501//3501 3166//3166 2923//2923
f 3501//3501 2923//2923 2945//2945
f 577//577 3502//3502 579//579
f 3501//3501 2945//2945 3478//3478
f 3501//3501 3478//3478 35//35
f 2983//2983 2945//2945 2921//2921
f 2921//2921 2883//2883 2983//2983
f 3501//3501 3071//3071 3166//3166
f 2954//2954 769//769 768//768
f 2733//2733 2732//2732 721//721
f 2997//2997 3503//3503 2998//2998
f 2989//2989 2998//2998 3503//3503
f 2988//2988 2989//2989 3504//3504
f 3503//3503 3504//3504 2989//2989
f 2988//2988 3478//3478 2984//2984
f 35//35 3478//3478 3504//3504
f 2988//2988 3504//3504 3478//3478
f 2997//2997 3504//3504 3503//3503
f 35//35 3504//3504 2997//2997
f 2997//2997 34//34 35//35
f 3037//3037 2955//2955 3172//3172
f 3172//3172 2955//2955 768//768
f 753//753 3002//3002 755//755
f 3163//3163 3031//3031 3030//3030
f 591//591 592//592 2918//2918
f 3030//3030 3003//3003 3163//3163
f 3047//3047 3045//3045 386//386
f 3163//3163 3003//3003 3171//3171
f 3160//3160 3163//3163 3171//3171
f 3171//3171 3003//3003 3002//3002
f 3002//3002 753//753 3159//3159
f 756//756 3159//3159 307//307
f 3014//3014 3159//3159 753//753
f 307//307 3159//3159 3014//3014
f 3505//3505 592//592 755//755
f 2760//2760 591//591 3496//3496
f 2760//2760 3496//3496 3008//3008
f 3486//3486 754//754 755//755
f 3486//3486 755//755 592//592
f 3013//3013 3014//3014 754//754
f 753//753 754//754 3014//3014
f 2918//2918 3505//3505 3030//3030
f 3003//3003 3030//3030 3505//3505
f 3003//3003 3505//3505 755//755
f 3487//3487 3184//3184 3013//3013
f 3184//3184 581//581 3013//3013
f 3013//3013 581//581 3012//3012
f 387//387 3026//3026 1883//1883
f 3487//3487 3013//3013 754//754
f 3001//3001 34//34 3037//3037
f 3486//3486 2926//2926 3487//3487
f 3068//3068 2809//2809 3506//3506
f 701//701 3073//3073 3122//3122
f 3184//3184 3487//3487 2926//2926
f 2924//2924 3184//3184 2926//2926
f 581//581 3184//3184 36//36
f 420//420 3000//3000 419//419
f 3045//3045 3226//3226 386//386
f 3226//3226 3045//3045 3022//3022
f 3505//3505 2918//2918 592//592
f 3060//3060 3059//3059 3502//3502
f 3122//3122 2925//2925 700//700
f 2919//2919 2920//2920 3008//3008
f 3008//3008 3496//3496 2919//2919
f 2924//2924 2925//2925 3122//3122
f 3081//3081 3374//3374 3082//3082
f 3340//3340 3507//3507 3374//3374
f 3082//3082 3374//3374 3507//3507
f 3042//3042 3374//3374 3044//3044
f 3044//3044 3374//3374 3081//3081
f 2733//2733 3155//3155 2731//2731
f 3046//3046 3307//3307 1028//1028
f 1028//1028 3307//3307 3495//3495
f 1027//1027 3022//3022 1029//1029
f 3045//3045 1029//1029 3022//3022
f 3118//3118 2929//2929 2927//2927
f 3023//3023 3027//3027 586//586
f 3508//3508 2045//2045 3082//3082
f 586//586 3027//3027 387//387
f 3058//3058 3307//3307 3046//3046
f 3008//3008 2920//2920 3031//3031
f 3161//3161 3509//3509 3143//3143
f 3495//3495 3307//3307 3306//3306
f 727//727 3226//3226 3154//3154
f 720//720 3155//3155 2733//2733
f 1645//1645 1//1 220//220
f 3023//3023 591//591 3027//3027
f 590//590 591//591 3023//3023
f 3226//3226 3022//3022 3154//3154
f 35//35 3071//3071 3501//3501
f 1882//1882 1883//1883 3155//3155
f 723//723 2732//2732 2731//2731
f 3021//3021 3059//3059 3047//3047
f 3047//3047 3059//3059 3046//3046
f 2045//2045 2046//2046 3082//3082
f 3027//3027 591//591 2731//2731
f 3027//3027 2731//2731 3026//3026
f 723//723 83//83 82//82
f 2804//2804 2806//2806 3035//3035
f 720//720 3502//3502 3155//3155
f 719//719 3502//3502 720//720
f 3052//3052 2925//2925 3072//3072
f 700//700 2925//2925 3052//3052
f 3486//3486 592//592 2926//2926
f 2860//2860 2861//2861 3035//3035
f 3147//3147 3006//3006 2860//2860
f 3059//3059 1884//1884 3502//3502
f 577//577 3060//3060 3502//3502
f 3502//3502 719//719 579//579
f 3502//3502 1884//1884 1882//1882
f 3502//3502 1882//1882 3155//3155
f 700//700 3053//3053 702//702
f 3040//3040 3342//3342 418//418
f 2808//2808 3066//3066 2810//2810
f 3051//3051 3066//3066 2808//2808
f 3041//3041 3341//3341 3040//3040
f 3109//3109 3341//3341 3041//3041
f 3053//3053 3075//3075 3077//3077
f 3077//3077 3075//3075 2995//2995
f 3062//3062 3510//3510 3120//3120
f 2044//2044 3510//3510 3062//3062
f 3306//3306 3063//3063 3495//3495
f 3061//3061 3068//3068 3506//3506
f 3383//3383 3061//3061 3382//3382
f 3382//3382 3061//3061 3506//3506
f 2045//2045 3510//3510 2044//2044
f 3124//3124 3061//3061 3063//3063
f 3062//3062 3061//3061 2044//2044
f 3063//3063 3161//3161 3495//3495
f 3509//3509 3161//3161 3063//3063
f 3120//3120 3509//3509 3063//3063
f 590//590 3511//3511 3078//3078
f 3512//3512 3061//3061 3383//3383
f 3061//3061 3512//3512 2044//2044
f 2809//2809 3382//3382 3506//3506
f 3068//3068 3124//3124 3058//3058
f 2809//2809 3068//3068 712//712
f 297//297 2809//2809 712//712
f 1767//1767 2809//2809 297//297
f 3123//3123 418//418 3342//3342
f 3004//3004 2804//2804 3000//3000
f 3118//3118 3005//3005 2929//2929
f 2929//2929 3004//3004 420//420
f 420//420 3004//3004 3000//3000
f 3513//3513 3082//3082 1981//1981
f 3513//3513 1981//1981 3099//3099
f 1988//1988 2809//2809 1767//1767
f 1988//1988 2808//2808 2809//2809
f 3382//3382 2809//2809 2810//2810
f 1980//1980 1982//1982 3066//3066
f 3036//3036 3049//3049 2927//2927
f 3049//3049 3036//3036 3050//3050
f 3111//3111 334//334 332//332
f 3043//3043 3044//3044 3110//3110
f 334//334 3110//3110 3057//3057
f 3513//3513 3099//3099 3083//3083
f 3513//3513 3083//3083 3082//3082
f 3057//3057 1981//1981 333//333
f 3111//3111 2914//2914 2915//2915
f 332//332 2914//2914 3111//3111
f 3084//3084 2915//2915 3050//3050
f 3050//3050 2915//2915 2913//2913
f 3111//3111 2915//2915 3084//3084
f 3043//3043 3111//3111 3084//3084
f 3177//3177 2805//2805 3005//3005
f 3102//3102 1987//1987 3064//3064
f 2927//2927 3114//3114 3118//3118
f 3087//3087 3114//3114 3106//3106
f 3087//3087 3089//3089 3114//3114
f 3049//3049 3114//3114 2927//2927
f 2900//2900 3092//3092 524//524
f 2091//2091 3070//3070 2073//2073
f 2090//2090 3107//3107 3101//3101
f 2068//2068 3330//3330 3051//3051
f 332//332 3091//3091 2914//2914
f 3091//3091 3102//3102 3370//3370
f 3370//3370 3102//3102 2074//2074
f 2074//2074 3102//3102 3064//3064
f 332//332 3102//3102 3091//3091
f 3101//3101 3070//3070 2091//2091
f 3101//3101 3039//3039 3070//3070
f 3039//3039 3101//3101 3112//3112
f 3101//3101 3106//3106 3112//3112
f 2075//2075 2036//2036 2023//2023
f 2075//2075 3514//3514 595//595
f 2023//2023 3514//3514 2075//2075
f 3095//3095 2071//2071 2050//2050
f 3515//3515 3095//3095 1819//1819
f 3377//3377 3515//3515 1819//1819
f 3095//3095 3515//3515 3492//3492
f 2071//2071 3095//3095 3492//3492
f 3492//3492 3515//3515 2023//2023
f 2023//2023 2021//2021 3514//3514
f 3107//3107 2090//2090 3097//3097
f 2022//2022 2023//2023 3515//3515
f 3069//3069 2022//2022 2896//2896
f 3096//3096 595//595 3514//3514
f 3514//3514 2021//2021 3096//3096
f 2894//2894 3516//3516 3117//3117
f 3051//3051 3330//3330 1980//1980
f 3329//3329 1987//1987 3330//3330
f 2021//2021 2022//2022 3069//3069
f 2022//2022 3377//3377 2896//2896
f 3377//3377 2022//2022 3515//3515
f 3121//3121 3116//3116 2995//2995
f 3106//3106 3107//3107 3087//3087
f 3088//3088 3087//3087 3491//3491
f 3107//3107 3491//3491 3087//3087
f 3491//3491 3107//3107 3097//3097
f 3491//3491 3104//3104 3088//3088
f 3491//3491 3069//3069 3104//3104
f 3069//3069 3032//3032 3104//3104
f 2021//2021 3069//3069 3491//3491
f 3491//3491 3096//3096 2021//2021
f 3077//3077 3116//3116 3098//3098
f 1987//1987 1980//1980 3330//3330
f 1987//1987 3329//3329 3064//3064
f 1981//1981 3065//3065 1982//1982
f 3064//3064 3329//3329 1985//1985
f 1985//1985 3329//3329 1971//1971
f 1971//1971 1972//1972 1985//1985
f 2810//2810 3381//3381 3382//3382
f 3065//3065 3381//3381 3066//3066
f 3066//3066 3381//3381 2810//2810
f 3375//3375 3383//3383 3381//3381
f 3375//3375 3381//3381 3065//3065
f 3065//3065 1981//1981 3375//3375
f 3084//3084 3036//3036 3517//3517
f 3517//3517 3043//3043 3084//3084
f 3034//3034 3121//3121 3055//3055
f 3121//3121 2996//2996 3105//3105
f 3105//3105 3055//3055 3121//3121
f 3118//3118 3177//3177 3005//3005
f 3067//3067 2811//2811 2894//2894
f 1936//1936 3516//3516 2811//2811
f 2811//2811 3516//3516 2894//2894
f 3116//3116 3117//3117 3098//3098
f 3516//3516 3098//3098 3117//3117
f 3098//3098 3516//3516 1935//1935
f 1935//1935 3516//3516 1936//1936
f 2996//2996 2807//2807 2805//2805
f 2996//2996 3177//3177 3105//3105
f 2805//2805 3177//3177 2996//2996
f 3518//3518 2928//2928 3123//3123
f 3518//3518 3517//3517 2928//2928
f 2928//2928 3517//3517 3036//3036
f 3518//3518 3123//3123 3342//3342
f 3517//3517 3518//3518 3042//3042
f 3043//3043 3517//3517 3042//3042
f 3042//3042 3518//3518 3342//3342
f 3512//3512 3383//3383 2046//2046
f 2046//2046 3383//3383 3375//3375
f 3511//3511 3143//3143 3509//3509
f 590//590 3143//3143 3511//3511
f 3511//3511 3509//3509 3120//3120
f 3512//3512 2046//2046 2044//2044
f 3510//3510 2045//2045 3508//3508
f 3510//3510 3508//3508 3511//3511
f 3120//3120 3510//3510 3511//3511
f 3109//3109 3508//3508 3341//3341
f 3519//3519 3341//3341 3508//3508
f 3519//3519 3508//3508 3507//3507
f 3507//3507 3341//3341 3519//3519
f 3507//3507 3340//3340 3341//3341
f 3507//3507 3508//3508 3082//3082
f 3511//3511 3508//3508 3109//3109
f 3109//3109 3078//3078 3511//3511
f 3375//3375 3082//3082 2046//2046
