# Generated by multiview-laplacian-refinement
v -0.192053006 -0.0883266997 -0.568606122
v -0.164798779 -0.0806262453 -0.573286824
v -0.169608117 -0.108000659 -0.581781084
v -0.247673256 0.104769785 0.534945614
v -0.270060601 0.0793586124 0.529401514
v -0.247894681 0.0875507118 0.554686461
v -0.00152281463 -0.321651984 0.49878323
v 0.0130207145 -0.318434862 0.509333587
v 0.0233312544 -0.320811246 0.492216074
v -0.174245495 -0.161828745 -0.605239808
v -0.182038688 -0.1622032 -0.607389152
v -0.177500756 -0.153869471 -0.6014828
v -0.295432334 -0.198911945 -0.414162325
v -0.28727106 -0.215800677 -0.394027589
v -0.311101825 -0.192022222 -0.38761574
v 0.432894942 0.0250944622 0.193414523
v 0.420464562 0.0614684535 0.211053489
v 0.42704733 0.066392815 0.17609511
v -0.0129540106 -0.247960179 -0.553817485
v -0.0340209277 -0.245712048 -0.558667564
v -0.0224076239 -0.236711462 -0.560946375
v -0.217780464 -0.156996475 -0.588970727
v -0.232299255 -0.171186887 -0.571271878
v -0.242292549 -0.155480751 -0.564442725
v -0.185677728 -0.292787022 -0.369158614
v -0.160228409 -0.304357291 -0.372718287
v -0.179593351 -0.298853375 -0.347755112
v -0.171215799 -0.172818933 -0.613334161
v -0.223437147 -0.129866719 -0.575079341
v -0.210400084 -0.140925239 -0.588655819
v -0.405351888 -0.17498867 -0.0650375232
v -0.403752368 -0.178024471 -0.0367725863
v -0.404295865 -0.165092385 -0.0439448704
v 0.111953152 -0.321898703 -0.266950065
v 0.141568282 -0.31588094 -0.238463944
v 0.137967786 -0.308910522 -0.294859396
v -0.179189239 -0.193316808 -0.633802138
v -0.130088041 -0.178002865 -0.595286897
v -0.118232954 -0.225151612 -0.583890766
v -0.321413645 -0.253011463 -0.0871128299
v -0.331619446 -0.24882237 -0.0541968057
v -0.304497835 -0.263952219 -0.0586711363
v -0.199206466 -0.233701857 -0.550772047
v -0.188662124 -0.233535883 -0.563377169
v -0.186874696 -0.243698148 -0.546876701
v -0.664970256 0.032672154 0.103231437
v -0.626116478 0.0273665797 0.109977519
v -0.642742874 0.0413556848 0.104812927
v -0.236157906 -0.26923447 -0.345586291
v -0.248522536 -0.256884817 -0.361065967
v -0.265148872 -0.248836995 -0.338213342
v -0.290810856 -0.237726634 0.27439668
v -0.301167941 -0.234857169 0.239281198
v -0.272893924 -0.255384464 0.24812461
v -0.185622402 -0.211733805 -0.601519474
v -0.196482102 -0.208859008 -0.592564767
v -0.188756673 -0.22107039 -0.582665721
v 0.741139203 -0.0116087187 -0.0597298299
v 0.715280245 -0.0111804168 -0.0656387309
v 0.71604519 -0.0227801032 -0.0646028256
v -0.125154073 -0.311212828 -0.410945337
v -0.1382359 -0.302768109 -0.431253058
v -0.11506663 -0.310969915 -0.430737226
v -0.248347393 -0.188889543 -0.538184433
v -0.241544416 -0.179315188 -0.55730368
v -0.232294191 -0.193422367 -0.558324361
v -0.0563761616 -0.337835998 0.0104652964
v -0.0713360847 -0.335608194 -0.0174117316
v -0.0816817398 -0.334556281 0.012220727
v -0.249804979 -0.185362997 0.560897491
v -0.251391644 -0.164439237 0.570926952
v -0.233232822 -0.187459319 0.578322705
v -0.367782214 -0.199132648 0.137949487
v -0.34194672 -0.221641981 0.149898132
v -0.359219664 -0.200644516 0.168740229
v -0.0456278957 -0.339431225 -0.106071289
v -0.069104833 -0.336231832 -0.116597199
v -0.0661209616 -0.337215849 -0.086785029
v -0.0925939345 -0.236494356 0.604001295
v -0.105088945 -0.211429063 0.615965604
v -0.116552079 -0.227530742 0.605666381
v -0.0226989742 -0.258222234 -0.549875764
v -0.0268005955 -0.272449202 -0.537917965
v -0.0406664564 -0.257039069 -0.55232711
v 0.0273351611 -0.272257652 0.575800467
v 0.00125780397 -0.273785818 0.577319481
v 0.0149562616 -0.28540973 0.565212169
v -0.227307331 -0.249722214 0.484805562
v -0.245959035 -0.229691931 0.496619869
v -0.223039548 -0.246482915 0.511648843
v -0.106338674 -0.33050609 -0.0009356992
v -0.103377341 -0.330762271 0.0336049623
v -0.180675471 -0.292421057 -0.390362088
v -0.17972923 -0.287874892 -0.413146715
v -0.204315316 -0.276940863 -0.402181984
v -0.227229482 -0.209059853 -0.547239604
v -0.104067717 -0.327924849 0.170533128
v -0.082536239 -0.330712946 0.174901569
v -0.107293352 -0.325282736 0.192937901
v -0.0683739382 -0.30684604 0.52855804
v -0.0946974262 -0.3011535 0.528459033
v -0.078124569 -0.312273337 0.504460986
v -0.0828490964 -0.297796375 0.543066074
v -0.1002291 -0.291163105 0.546728416
v 0.0728638964 -0.295763857 0.531134668
v 0.0581812275 -0.306179683 0.519739914
v 0.0545751707 -0.295248673 0.540569558
v -0.711198146 0.0408834361 0.0916854
v -0.683542522 0.0188513655 0.0962486151
v -0.714704036 0.0295670273 0.088108486
v 0.462143034 0.0803516697 0.0703169225
v 0.486919737 0.087719523 0.0400193693
v 0.441151336 0.0971584392 0.0494286896
v -0.0671271107 -0.298528039 0.549547154
v -0.436070526 -0.00910758907 0.162009857
v -0.434501198 0.00171836879 0.174288772
v -0.434445164 -0.0121416808 0.187549991
v -0.396924459 -0.194242411 -0.0979000742
v -0.396721481 -0.193167758 -0.116849874
v -0.407781923 -0.174746949 -0.127606754
v -0.305061615 0.0327993685 0.491137091
v -0.294507148 0.0470837726 0.507581272
v -0.285981471 0.0726975703 0.493052333
v -0.728317671 0.0650528732 -0.0146203016
v -0.733471833 0.0471375319 -0.0239527791
v -0.721883575 0.0613245554 -0.0251788338
v -0.206701361 -0.28396046 -0.352845953
v -0.220308822 -0.280945478 -0.32579473
v -0.251193453 -0.279744002 0.164511071
v -0.258539621 -0.272253831 0.196727563
v -0.275263227 -0.264332097 0.17781355
v -0.172322108 -0.315884656 -0.0240163593
v -0.20801414 -0.305205636 -0.0184166303
v -0.195845882 -0.307621125 -0.0489616322
v -0.283852059 0.00189191209 0.564101091
v -0.295656431 0.0187005379 0.537929206
v -0.293405581 -0.00719699241 0.548300312
v -0.305665882 0.0132886595 0.511199004
v -0.317892505 -0.0121200071 0.481063574
v -0.358648979 -0.0610981009 0.385219329
v -0.353216959 -0.0363271651 0.402195907
v -0.366083309 -0.0303035934 0.369403205
v -0.225005187 -0.270315859 -0.374654898
v -0.14242036 -0.320274375 0.13255555
v -0.159920589 -0.314124961 0.165629044
v -0.189634703 -0.306123013 0.135664885
v -0.218936647 -0.196191255 0.589528448
v -0.226087875 -0.197003602 0.583186765
v -0.0858381907 -0.287953558 0.55668347
v -0.21089518 -0.279385233 0.392831017
v -0.200688462 -0.28155015 0.418134386
v -0.223895473 -0.268327711 0.413041043
v -0.0611908936 -0.331011971 0.324908628
v -0.0745954987 -0.329522096 0.349417716
v -0.0421936529 -0.332469688 0.354314828
v -0.396064001 -0.0823152727 0.271162426
v -0.38781422 -0.10716932 0.271177422
v -0.385512573 -0.100525147 0.288808232
v 0.302372451 0.198371476 0.259172863
v 0.326201865 0.187914585 0.245150569
v 0.305221849 0.201889615 0.23413671
v -0.214109392 -0.27036856 0.438346535
v -0.262694067 0.0404922331 0.567947478
v -0.250588073 0.064367578 0.567243373
v -0.240116716 0.0540265403 0.579661756
v -0.267669861 -0.196705703 0.512257989
v -0.255691717 -0.203205942 0.532229379
v -0.252923116 -0.214713945 0.516260769
v -0.299683799 0.0322948629 0.514913516
v -0.291044773 -0.22684959 -0.348822269
v -0.29079721 -0.234268146 -0.321923596
v -0.314178206 -0.213824716 -0.320751851
v -0.41698614 0.107933303 0.0241766035
v -0.372573789 0.107734074 0.0643326868
v -0.359121386 0.123768683 0.0346106041
v -0.341830817 -0.213733195 0.179750769
v 0.202339859 0.206801741 0.551026337
v 0.197329126 0.212616468 0.538596619
v 0.209026436 0.205075887 0.543558459
v -0.227431989 -0.297412291 -0.043647849
v -0.286981404 -0.251394776 0.20670326
v -0.261216851 -0.267775753 0.22323693
v -0.740111188 0.0347030272 0.0712508035
v -0.729302322 0.016035516 0.0686122171
v -0.726222598 0.0287771481 0.0806672486
v -0.0321776452 -0.339158844 0.0319780368
v -0.068880964 -0.33569489 0.0341688293
v -0.230972988 0.0769329141 0.578191484
v -0.129679003 -0.31817553 -0.337795299
v -0.107397577 -0.322952191 -0.348345137
v -0.113189049 -0.324830825 -0.321387066
v -0.295195113 -0.156678562 0.491135126
v -0.30992005 -0.148102629 0.450605119
v -0.303945501 -0.119408376 0.503641054
v -0.751481263 0.0379864901 0.051430531
v -0.767107093 0.0548587831 0.0545319422
v -0.767641367 0.0598345216 0.0320613353
v -0.0707185524 0.277657034 0.591856875
v -0.0837103306 0.266439923 0.576799537
v -0.0695258101 0.268632743 0.555534894
v -0.221740071 -0.116163224 -0.571099116
v -0.212548332 -0.124601978 -0.580666733
v -0.0284953554 0.232897611 0.20917824
v 0.0179341325 0.235201613 0.212137264
v -0.00960029362 0.231138217 0.152146842
v -0.192208208 -0.268373542 -0.466783487
v -0.201407497 -0.270111102 -0.443935362
v -0.184302198 -0.278347393 -0.447340712
v -0.64278833 -0.0787534212 -0.0915474166
v -0.657542474 -0.0813310984 -0.0807750869
v -0.665053786 -0.0739812251 -0.0876285951
v -0.703024735 -0.0257145632 -0.102116671
v -0.694353439 0.00440693042 -0.116104802
v -0.670315972 -0.000324984938 -0.146581946
v -0.20390018 -0.121133651 -0.581454922
v -0.19482148 -0.131016033 -0.58921806
v -0.204434729 -0.133240846 -0.586510378
v -0.235170204 -0.1070599 -0.558848053
v -0.213002534 -0.103665775 -0.569443582
v -0.226096856 -0.0595097898 -0.544914875
v -0.58477987 -0.0844463759 -0.0995485505
v -0.62460283 -0.0763608629 -0.100660146
v -0.597166693 -0.0683485081 -0.115786548
v -0.362181645 -0.224818796 -0.0997375034
v -0.368264642 -0.223956069 -0.0801665687
v -0.380193393 -0.21300396 -0.0904758681
v -0.15292164 -0.309641652 -0.342332549
v -0.268571343 -0.255236058 0.277912847
v -0.407435957 -0.177128666 -0.0952287852
v -0.399539251 -0.191419084 -0.072532528
v -0.255569696 -0.265533021 -0.283605106
v -0.247425687 -0.266211887 -0.317236216
v -0.275435357 -0.248971434 -0.30551722
v -0.737701829 0.0825939904 0.0654913851
v -0.701962192 0.0866031143 0.0577162711
v -0.831976307 0.0782697586 0.0592820347
v -0.14152623 -0.316342964 -0.315107794
v -0.166644735 -0.2905098 -0.435020766
v -0.168907124 -0.284019449 -0.460949916
v -0.336352097 -0.246264014 0.0216740313
v -0.323469329 -0.254347501 -0.000398142029
v -0.315326581 -0.259339099 0.0272739277
v -0.0712067448 -0.328623779 0.380043054
v -0.200514789 -0.199359432 0.599002547
v -0.207668295 -0.21557396 0.582320719
v -0.263523532 -0.215367532 0.475949713
v -0.264717987 -0.22332479 0.449195648
v -0.279686148 -0.199772335 0.456260594
v -0.712207835 0.0199516535 0.0852534079
v -0.404690065 0.099308432 0.0580139
v -0.192086044 -0.278410086 -0.428832041
v -0.287320219 -0.272442347 -0.034343913
v -0.276197675 -0.277112179 -0.0616943224
v -0.154390386 -0.300009769 -0.407043987
v -0.215596752 -0.234357525 -0.522473888
v -0.231203945 -0.22030529 -0.522062865
v -0.213917641 -0.226982501 -0.540711194
v -0.0943350409 -0.332433788 -0.101887638
v -0.118717826 -0.328294322 -0.0912753111
v -0.120256213 -0.327431823 -0.11765519
v -0.406438202 -0.138155521 0.00251698458
v -0.4090077 -0.151891807 -0.0029516573
v -0.399950458 -0.142963312 -0.0223257084
v -0.0962922273 0.149827941 -0.562301618
v -0.128150452 0.137527609 -0.557635165
v -0.114335865 0.12298977 -0.56105544
v -0.189523869 -0.263608562 -0.49087811
v -0.169783313 -0.276665949 -0.483911723
v -0.243501519 0.0774368068 -0.501290032
v -0.204772747 0.108513896 -0.524867015
v -0.197263788 0.135694187 -0.523274601
v -0.316807437 -0.204216958 -0.342880483
v -0.302947195 -0.208563143 -0.368447016
v -0.137967404 -0.323687859 -0.143155052
v -0.150676659 -0.320369871 -0.119225086
v -0.174119897 -0.313354207 -0.137890648
v -0.20053342 -0.240663644 -0.533239349
v -0.319566741 0.0977909684 -0.431859568
v -0.390522077 0.0669458335 -0.382373086
v -0.320003734 0.111253371 -0.422168229
v 0.282430086 0.166777038 -0.492751034
v 0.272403606 0.177337418 -0.507203003
v 0.285911151 0.167403118 -0.509407717
v 0.0763020922 0.0676040049 -0.564234517
v 0.0476755806 0.0700199292 -0.56462882
v 0.0679740841 0.090682019 -0.564681635
v 0.302401424 0.213573286 0.0942099879
v 0.26100341 0.222029572 0.0750568823
v 0.3120403 0.213178135 0.0581862361
v -0.380575243 -0.130532096 -0.0597848237
v -0.37105486 -0.128760832 -0.0835584973
v -0.373585421 -0.138748465 -0.0682659322
v 0.0388368336 -0.339587654 0.101960553
v 0.0656454778 -0.336548126 0.116378031
v 0.0606106116 -0.338682342 0.0845513691
v 0.0627692914 0.0470033767 -0.564255808
v 0.0995349067 0.0367365427 -0.561787719
v 0.0544290737 0.0165189843 -0.563704102
v 0.00603051051 -0.327698672 -0.418745435
v -0.00464030175 -0.324087386 -0.441094472
v -0.0251715472 -0.325923888 -0.424173485
v 0.279633705 0.111404265 -0.549353515
v 0.280590928 0.133552016 -0.550518763
v 0.298617095 0.105021361 -0.541210518
v 0.040914229 -0.332461437 -0.331562516
v 0.0694151289 -0.326748677 -0.328714025
v 0.0502451477 -0.32917628 -0.356521345
v 0.405663612 0.161607401 -0.0525561144
v 0.412140964 0.147825119 -0.0884764214
v 0.37846285 0.174679356 -0.077387476
v 0.512943222 0.0786955387 0.0582397577
v 0.308439763 0.123420508 -0.528626353
v 0.294667076 0.141101904 -0.535805059
v 0.298034857 0.126264739 -0.538826636
v 0.0387379701 0.0396658862 -0.56460006
v 0.0393506114 0.0277331648 -0.564193216
v 0.207028983 0.154566849 -0.56331075
v 0.21465594 0.146278217 -0.563746109
v 0.20700797 0.139167853 -0.562707437
v 0.272155595 0.16395131 -0.42873115
v 0.248752062 0.178069699 -0.439382886
v 0.242435405 0.178020572 -0.417251369
v 0.445518413 0.108731647 -0.116883598
v 0.434179468 0.114917607 -0.132011769
v 0.427663558 0.127890532 -0.115161755
v 0.378436338 0.0127942184 -0.36729345
v 0.385104303 0.0239995615 -0.340150935
v 0.376772026 0.0312222214 -0.362510777
v 0.297048388 0.209184453 0.206539187
v 0.298185493 0.207653394 0.220229884
v 0.272508565 0.214281119 0.229646525
v 0.314208003 -0.0756275393 -0.505894865
v 0.299065529 -0.0751970547 -0.519428665
v 0.303325459 -0.0928898092 -0.509300282
v 0.355123444 -0.198584186 0.210600991
v 0.36919946 -0.179216794 0.219798992
v 0.351341027 -0.189378266 0.239741296
v 0.0892277979 -0.335404961 0.0929755157
v 0.247738379 0.182865871 -0.462846821
v 0.208391924 0.19279444 -0.431042881
v 0.43156703 0.138141851 -0.0594842873
v 0.450382503 0.118433032 -0.0634345092
v 0.44814966 0.124078829 -0.0366473255
v -0.212493765 -0.181567256 -0.592880301
v 0.022128396 0.277249865 0.498356242
v 0.0448981381 0.270305135 0.469045677
v 0.0364572132 0.276566309 0.493605726
v 0.271784233 0.165445922 0.514187764
v 0.285947401 0.152039683 0.505501399
v 0.281060294 0.152980964 0.523354512
v 0.245798151 0.202473886 0.362079052
v 0.263278553 0.200389173 0.335726327
v 0.279401419 0.187979886 0.34766083
v 0.356947924 -0.0704313364 0.423461384
v 0.356015905 -0.0460263029 0.442478075
v 0.364825743 -0.0452810634 0.413476068
v 0.47080141 0.0946765052 -0.0680038916
v 0.476922865 0.0958702695 -0.00959681706
v 0.443910184 0.11990856 -0.087510243
v 0.321694097 0.0945177037 0.500325928
v 0.329868539 0.0746485614 0.498159047
v 0.320848046 0.0805108137 0.51661481
v 0.0303899288 -0.305321895 0.535407323
v 0.0150333469 -0.313584286 0.524226139
v 0.0343728356 -0.314713869 0.510755461
v 0.238923372 0.180661281 0.548134319
v 0.258675572 0.166656777 0.544900001
v 0.249496155 0.164572877 0.55917851
v 0.295372664 0.134176413 0.516749532
v 0.310143415 0.118541327 0.499984174
v 0.298650736 0.136256105 0.497912503
v 0.329705642 0.0290414612 0.518525096
v 0.322768972 0.0070378612 0.536452643
v 0.32013161 0.0313370126 0.538972073
v 0.692396941 -0.00480721945 0.0757596797
v 0.676466344 -0.0189759105 0.0850352086
v 0.659274936 -0.000138399278 0.086624435
v 0.241111849 0.0676523326 0.596395242
v 0.246499026 0.0539086984 0.596121113
v 0.216671418 0.0526776158 0.603327887
v 0.308273285 0.106739884 0.520893985
v 0.293249161 0.124339815 0.536572525
v -0.306518559 -0.0373645894 0.520818037
v -0.293710069 -0.0524184395 0.547196358
v -0.294893596 -0.0280150918 0.545602988
v 0.0871524348 -0.218260597 -0.546672355
v 0.0688685184 -0.226642543 -0.546261593
v 0.0703243234 -0.211494889 -0.551633102
v 0.367299491 0.0392347529 0.400327039
v 0.369456636 0.0592029306 0.377443542
v 0.360540559 0.0650020631 0.406594627
v 0.381120668 0.0534788464 -0.326993548
v 0.373484684 0.050526599 -0.358207318
v -0.22965893 -0.278540972 -0.30152688
v 0.4407779 0.105439692 0.0631281736
v 0.434717694 0.121507355 0.0798239952
v 0.441354288 0.121504033 0.0400799358
v 0.287682222 -0.251669081 0.217245579
v 0.29151155 -0.255626285 0.19098757
v 0.308482132 -0.242514076 0.200582144
v 0.4395019 0.0308113093 0.148011122
v 0.432014907 0.0372932081 0.133125452
v 0.434617367 0.0604777656 0.131304168
v 0.738691089 -0.0428129703 -0.0553004828
v 0.702333416 -0.0448410825 -0.0604994178
v 0.731072774 -0.033778641 -0.0602370854
v 0.259527255 0.192242573 0.382501666
v 0.301342872 0.166095412 0.362798123
v 0.432101189 0.0658891096 0.0979909228
v 0.431260915 0.0897713803 0.0800837899
v 0.265974896 0.167508854 0.529436971
v 0.644548716 0.0570507959 0.0568379068
v 0.607738716 0.057314417 0.0687568131
v 0.6080273 0.067935339 0.0519501914
v 0.114484629 -0.212350402 0.586521047
v 0.0928118212 -0.186659508 0.605147467
v 0.0813931208 -0.221036333 0.594764277
v 0.27243218 -0.182259089 -0.456599368
v 0.261134211 -0.198437877 -0.440522396
v 0.282263792 -0.18372737 -0.436845275
v 0.681323481 0.0552647446 0.0441244752
v 0.648017178 0.0662013866 0.0398467213
v 0.679745061 0.0666045086 0.0292934899
v 0.448240345 -0.0842895144 0.0952567252
v 0.44010095 -0.0973261003 0.0828201103
v 0.49774714 -0.0780810913 0.0923890269
v 0.72154574 0.0664858845 -0.00543867672
v 0.734151243 0.0583019866 -0.0104288005
v 0.726726029 0.0643529377 -0.00121193231
v 0.256122347 -0.223923454 0.42072837
v 0.269818211 -0.217727925 0.395805646
v 0.278777094 -0.205088579 0.414285861
v 0.427683948 -0.1250212 0.139039725
v 0.421604605 -0.123625861 0.167660817
v 0.433070588 -0.100462359 0.160760784
v 0.405382421 0.0359849553 0.277963658
v 0.411957117 0.0087119135 0.269268396
v 0.415562365 0.0266678177 0.255383601
v -0.190069687 -0.289968392 0.398681866
v -0.193644682 -0.290249837 0.375857792
v 0.437024303 0.0372602565 0.167911286
v 0.506616991 -0.0603924984 0.105858785
v 0.290601387 0.0592722394 0.567608552
v 0.300727566 0.0786961124 0.553091101
v 0.282284392 0.0825922525 0.571661697
v 0.288670371 0.0998522425 0.560027205
v 0.722136823 -0.00936058694 0.0620702232
v 0.705597732 -0.0192501049 0.0744148538
v -0.147607348 -0.211154196 0.608749424
v -0.125622147 -0.208802803 0.615863738
v -0.132680371 -0.233774318 0.597304374
v 0.370015104 0.132787109 0.26894476
v 0.355605465 0.135943741 0.298205825
v 0.350130189 0.153561659 0.279268902
v 0.165461321 -0.248809198 0.527999693
v 0.148678102 -0.243341481 0.546434537
v 0.140596105 -0.260467681 0.530345649
v 0.351869987 0.108374071 0.370505661
v 0.363782365 0.084133103 0.365070471
v 0.364285339 0.0968621031 0.343640184
v 0.0501909918 -0.324780635 0.409330004
v 0.0162133675 -0.327632142 0.427666073
v 0.0170709966 -0.329664907 0.396567601
v 0.0426002632 -0.329026957 0.377151486
v 0.362349611 -0.0187537843 0.423771228
v 0.421069458 -0.118781745 0.083203834
v 0.394123262 -0.116881098 0.0740968367
v 0.417753791 -0.0997574057 0.0884938053
v 0.147053273 -0.202080124 0.580681286
v 0.125439232 -0.188988423 0.597051133
v 0.145852645 -0.176353737 0.594157935
v 0.444719888 -0.0826680417 0.122961989
v 0.440323723 -0.0966809657 0.11723317
v 0.44192213 -0.0902169564 0.132169266
v 0.409973647 -0.135511757 0.059513884
v 0.421238356 -0.138758719 0.0744320243
v 0.415881115 -0.147707319 0.0551362244
v 0.73508483 -0.0639143013 0.0385706371
v 0.723615108 -0.0742428652 0.032218746
v 0.710620415 -0.0691942557 0.0493381308
v 0.733263521 -0.0523150452 0.0487047937
v 0.00764572326 -0.255372844 0.589225555
v 0.0232346456 -0.243787961 0.594668479
v -0.0476852688 -0.279721376 0.573856954
v -0.0438582751 -0.256039072 0.592268969
v -0.0723409119 -0.260428289 0.586656793
v -0.355200837 -0.00616063738 0.389261706
v 0.334414241 -0.0824732256 0.480906165
v 0.340944889 -0.0849074401 0.460347409
v 0.331970185 -0.104682007 0.464458054
v 0.0534593565 -0.330103622 0.312892209
v 0.0386798454 -0.333132353 0.328254176
v 0.0602077039 -0.328492953 0.335012419
v 0.337461258 0.187830831 0.216309944
v 0.215168475 -0.128722774 0.59320828
v 0.23022908 -0.115832939 0.591021161
v 0.227934171 -0.138421822 0.58435797
v 0.447643955 -0.0682067173 0.139522099
v 0.0105701263 -0.334492494 0.287469595
v 0.0415923639 -0.332411159 0.29030694
v 0.0325712635 -0.333677049 0.267228971
v 0.435364906 0.0978927737 0.0933799536
v 0.322624256 -0.209261358 0.2606709
v 0.309933621 -0.232095274 0.228946717
v 0.293060469 -0.235749447 0.260975527
v 0.285682858 -0.245854419 0.241138437
v 0.439762772 -0.00496997627 0.180211302
v 0.440474184 0.0111458511 0.167470554
v 0.418757524 -0.157508047 0.0634604999
v 0.423365535 -0.146384446 0.0871845117
v 0.421123544 -0.069244194 0.225817113
v 0.425144913 -0.090826556 0.19428286
v 0.430680859 -0.0521687948 0.205069144
v 0.150703215 -0.289663678 0.40705381
v 0.111543993 -0.30571684 0.420123036
v 0.139281955 -0.298771141 0.385701168
v 0.264547778 -0.118452064 0.571529759
v 0.2461391 -0.128372961 0.579328175
v 0.256875087 -0.136699591 0.566031414
v 0.715350466 -0.0833130526 0.0191341191
v 0.744918114 -0.0719547511 0.0161889044
v 0.390888558 -0.126551337 0.0639315587
v 0.42896253 0.0466237957 -0.221021046
v 0.438103578 0.038175076 -0.204186785
v 0.433402858 0.0647342517 -0.197966379
v 0.707038507 0.0267935852 -0.0508031952
v 0.720498165 0.0362830267 -0.0412556554
v 0.679621581 0.0384328722 -0.0461217771
v 0.697874059 -0.0328547498 -0.0637958384
v 0.364488782 -0.0687947228 0.398335367
v 0.27700149 0.100662059 0.573218985
v 0.277046158 0.116432854 0.568245982
v 0.267386344 0.111979607 0.578220867
v 0.438303391 -0.0205143199 0.125680447
v 0.4495159 -0.042841356 0.118224781
v 0.446614684 -0.032311669 0.12843503
v 0.732984659 0.0489508191 -0.0258907355
v 0.724239738 0.0470805548 -0.0332707596
v 0.718417384 0.0529429978 -0.0296849244
v 0.696323371 -0.07644168 -0.0337565418
v 0.7383454 -0.0648778203 -0.0370721032
v 0.698109452 -0.0676384551 -0.0448303613
v 0.439944442 0.0811964248 -0.167746194
v 0.445610122 0.0883944444 -0.146711015
v 0.460137003 0.063237928 -0.146755355
v 0.0264670908 -0.341505163 -0.192141466
v 0.0153693125 -0.339804185 -0.226306501
v 0.0501929441 -0.338675763 -0.205374445
v 0.530311055 -0.114291694 0.0181555271
v 0.503330807 -0.112470445 3.76477552e-05
v 0.555648085 -0.109220843 0.00163783839
v 0.379617491 0.184355082 0.00303326294
v 0.363162253 0.19196244 -0.0145898696
v 0.391795094 0.173533876 -0.021106672
v -0.0113933697 -0.330804375 -0.401812238
v 0.32107127 -0.26825075 -0.0682358795
v 0.323036565 -0.263591299 -0.0970178958
v 0.342100653 -0.254109978 -0.0793997664
v 0.34136229 -0.258099493 -0.051638247
v 0.336502164 -0.222672945 0.192655561
v 0.336807903 -0.210809532 0.226525592
v -0.162594877 -0.237932 -0.574004964
v -0.15491383 -0.22407623 -0.591175664
v -0.174770738 -0.221260224 -0.594249399
v 0.158936777 -0.327249653 -0.00701581338
v 0.130350724 -0.332241633 0.0141218786
v 0.123456948 -0.332745233 -0.0168558672
v 0.307768567 0.0814801495 -0.535504379
v 0.319507531 0.0608036038 -0.523069257
v 0.31439357 0.0885039917 -0.527636048
v -0.0662195 -0.237533925 -0.564889856
v -0.0869160169 -0.215869508 -0.577525178
v -0.0916136193 -0.253384959 -0.558995215
v -0.0953403763 -0.318191272 -0.409781914
v -0.0974790803 -0.31399468 -0.441580867
v -0.0741983317 -0.321105675 -0.430738289
v -0.0627390097 -0.19126747 -0.575473951
v -0.040936308 -0.228001099 -0.565730393
v -0.0205072316 -0.219806634 -0.565236191
v 0.112820734 -0.316082076 -0.311519682
v 0.121295104 -0.312048747 -0.325548867
v 0.257126733 0.18302869 -0.489603813
v -0.252992103 -0.209374306 -0.4981936
v -0.228921336 -0.233031956 -0.499014221
v -0.24916495 -0.220902972 -0.479892128
v 0.0861088437 -0.230464024 -0.53938323
v -0.173040836 -0.242904529 -0.559023766
v -0.177618689 -0.23219044 -0.574548368
v -0.178500427 -0.18210707 -0.622876693
v 0.153381827 -0.22930369 -0.492389143
v 0.0755045064 -0.270885946 -0.500203103
v 0.122803382 -0.275613096 -0.439647828
v 0.457138647 0.0893863441 -0.125136167
v 0.477947447 0.0700812468 -0.106740137
v 0.391039931 -0.0420243723 -0.332869294
v 0.382453195 -0.0421524101 -0.357355727
v 0.387757356 -0.0134302417 -0.341197312
v -0.0792807524 -0.268850338 -0.544266063
v -0.100669138 -0.267030072 -0.545676379
v -0.0794866372 -0.284053702 -0.526992687
v 0.284316961 0.144011111 -0.543100183
v 0.330164989 0.129302922 -0.315376377
v 0.313109665 0.137898838 -0.344485886
v 0.290152776 0.154456663 -0.32159601
v -0.392494876 -0.121436953 -0.0806674305
v 0.348350995 0.0397484502 -0.473321436
v 0.352641688 0.0200259266 -0.462753025
v 0.34427114 0.0227918439 -0.486400015
v -0.12098136 -0.304222107 -0.450118346
v 0.332244282 -0.247560758 -0.149050082
v 0.312848247 -0.259210637 -0.155545425
v 0.323807175 -0.257929505 -0.127501375
v 0.409646371 -0.185074901 -0.0655835291
v 0.408585548 -0.18478845 -0.0933574739
v 0.41742583 -0.166215107 -0.086836869
v 0.452345557 -0.0850889137 -0.104048509
v 0.455131996 -0.0743609101 -0.132683544
v 0.471669014 -0.0549135147 -0.108655751
v -0.151908418 -0.254897991 -0.552840748
v -0.182319281 -0.305962613 -0.244418338
v -0.179945602 -0.304804407 -0.275054261
v -0.199672695 -0.297769081 -0.264260114
v -0.206417812 -0.195369165 -0.594636633
v 0.326374609 0.0742971207 -0.514883234
v 0.371021024 0.00916786109 -0.395302727
v 0.377046222 -0.0167792453 -0.375500384
v 0.584461745 -0.10746458 0.0289692534
v 0.527364902 -0.111884261 0.0416921999
v 0.582459452 -0.105009976 0.0459033335
v -0.171025084 -0.255636863 -0.538230907
v -0.186082506 -0.251827548 -0.529408495
v -0.208487954 -0.304193072 0.0501972241
v -0.218931416 -0.301220125 0.0163594555
v -0.186499533 -0.312085953 0.0280300592
v -0.404124359 -0.155309658 -0.0273555161
v -0.220297236 -0.254146914 -0.452339945
v -0.211799542 -0.252588143 -0.482065826
v -0.175000755 -0.303635815 -0.319037079
v -0.197295072 -0.292602051 -0.329757411
v -0.237022995 -0.237585679 -0.466314899
v -0.215366307 -0.264833702 -0.426506629
v -0.223058545 -0.188490758 -0.575562192
v -0.266569083 -0.243154961 -0.367868403
v -0.247103492 -0.254535824 -0.379658568
v -0.286975984 -0.164404377 -0.491384864
v -0.264372754 -0.188133805 -0.509361663
v -0.269257747 -0.168721539 -0.520159196
v -0.284687136 -0.1531035 -0.503930828
v -0.0540705429 -0.327586081 -0.407345063
v -0.200526816 -0.249335374 -0.509685093
v -0.311770409 -0.154782021 -0.446953108
v -0.309548631 -0.177561736 -0.420537444
v -0.300645543 -0.178659878 -0.439379262
v -0.261140632 -0.238565831 -0.396446383
v 0.238689853 0.19040821 -0.525138769
v 0.262710494 0.178907444 -0.535522645
v 0.255741724 0.184816257 -0.527462181
v -0.232957139 -0.257970514 -0.401624756
v -0.169699457 -0.266172157 -0.512733634
v -0.159472967 0.151327686 -0.544845287
v -0.139422984 0.178591571 -0.546844535
v -0.165444279 0.16567076 -0.538057326
v -0.289462279 -0.187219162 -0.451988034
v -0.278810416 -0.184523596 -0.47871396
v -0.31280479 -0.182810557 -0.402470119
v -0.250768867 -0.161827417 -0.551763025
v -0.257369928 -0.171355935 -0.537734031
v -0.253962905 -0.229279171 -0.44510533
v -0.237972442 -0.242352215 -0.448245264
v -0.188107083 -0.152328719 -0.601213645
v -0.197195838 -0.145961701 -0.596352365
v -0.185774761 -0.143324362 -0.596107112
v -0.201321477 -0.283923592 -0.377442662
v 0.0165486716 -0.333228154 -0.354027574
v 0.373107153 0.18333061 -0.0436559262
v -0.0638901855 0.327020984 -0.53184781
v -0.0782215817 0.332118013 -0.538088022
v -0.0695759128 0.323233829 -0.537527039
v -0.133562402 -0.325779651 0.0184027423
v -0.0292076045 -0.329819475 -0.405471746
v -0.0283554572 -0.331293896 -0.389720541
v -0.0992646985 -0.20173672 -0.583652692
v -0.146551334 -0.283527974 -0.493458726
v -0.13027118 -0.294988359 -0.473681916
v -0.114253615 -0.29188513 -0.498147478
v -0.111090316 0.0575653499 -0.564408802
v -0.109262419 0.0236151312 -0.564344559
v -0.0806160796 0.0453091625 -0.567332606
v -0.176479312 -0.309844661 -0.21194516
v -0.14502837 -0.318272652 -0.229481214
v -0.0691351109 -0.2604026 -0.551233316
v -0.114985347 -0.250460897 -0.562574952
v -0.0763896068 -0.325630631 -0.386171685
v -0.0803950154 -0.327610503 -0.358899268
v -0.105809737 -0.320917729 -0.379337631
v -0.0773328428 -0.334057222 -0.205861613
v -0.0452057731 -0.338094516 -0.216957055
v -0.0532846271 -0.337900243 -0.198027704
v -0.130673507 -0.315847659 -0.362271226
v 0.263357484 -0.249204204 -0.299151191
v 0.261429663 -0.262090833 -0.261399194
v 0.283649875 -0.243190182 -0.273599319
v -0.15242984 -0.287599108 -0.474041395
v -0.083832043 -0.302908455 -0.491935664
v -0.0889768902 -0.292314778 -0.508902162
v -0.0782829379 -0.299305738 -0.502221264
v -0.146104497 -0.295165488 -0.454646896
v -0.0284127362 -0.335395728 -0.312223781
v -0.0598234363 -0.33390661 -0.286041747
v -0.0296074666 -0.337437073 -0.271309921
v 0.0432922711 -0.00429634988 -0.564794295
v 0.0624264066 -0.0495047788 -0.563221389
v -0.054573359 -0.314989251 -0.46459614
v -0.0622979191 -0.307631696 -0.482010021
v -0.0758066637 -0.309754163 -0.473231628
v -0.0353000055 -0.31177833 -0.480892715
v -0.0639543587 -0.299201658 -0.504241887
v -0.0269163082 -0.293098489 -0.510987397
v -0.0020446376 -0.219685957 -0.562322649
v 0.0087668002 -0.22485008 -0.558587935
v -0.00439354055 -0.236109483 -0.558508426
v -0.114622183 -0.316377191 -0.397680295
v -0.00162118007 -0.259872861 -0.543178643
v -0.09263059 -0.33355662 -0.125963665
v -0.0718908456 -0.336429424 -0.146892247
v 0.0353682174 0.0150393934 -0.564465693
v 0.0966564115 -0.226630929 -0.539904964
v -0.278592359 -0.264146249 -0.197960453
v -0.243341012 -0.280960342 -0.215435403
v -0.274756313 -0.261984295 -0.230941384
v -0.0993658702 -0.305979565 -0.469992709
v 0.316544726 -0.233282719 -0.232140813
v 0.340390445 -0.218415347 -0.216352637
v 0.323006515 -0.23916454 -0.201091803
v 0.0117299194 -0.34268743 -0.116723064
v 0.036441192 -0.341869377 -0.114027919
v 0.0234286556 -0.341595399 -0.132760266
v -0.00431417751 -0.333953832 -0.37715908
v 0.261423771 0.167778268 -0.401936809
v -0.0341718333 -0.340758218 -0.192992774
v -0.0176877579 -0.340339896 -0.211994531
v -0.307114079 -0.132738355 -0.47881956
v 0.100116534 0.22935847 -0.552614484
v 0.0517558935 0.242819129 -0.552770051
v 0.0673350108 0.229000353 -0.563883074
v 0.269745797 0.173408937 -0.47570932
v 0.288273876 0.159185575 -0.472671028
v -0.00079341833 -0.342440388 -0.140935474
v 0.0225921835 -0.342456724 -0.145319193
v -0.0322686611 0.216279129 -0.565981263
v -0.0540701371 0.199071096 -0.564811995
v -0.0295951469 0.200723966 -0.567729937
v 0.0798693062 -0.314652361 -0.389475788
v 0.104473447 -0.306894304 -0.38018779
v 0.093672839 -0.303683776 -0.412412594
v 0.0303964262 -0.330937905 -0.377854293
v -0.109316199 -0.328182735 0.106421525
v -0.141904812 -0.321599571 0.0941632742
v -0.106424342 -0.330356522 -0.145220182
v -0.0227711688 -0.276170549 0.576162196
v -0.249015139 -0.287633231 -0.120805903
v -0.272223527 -0.27624195 -0.110447126
v -0.260403755 -0.279315573 -0.142801686
v -0.224879633 -0.236864391 0.530901965
v -0.238262167 -0.229196078 0.521968261
v 0.0518702949 -0.332193197 -0.301473926
v 0.0270788251 -0.336670811 -0.286606305
v 0.0461229412 -0.336537537 -0.271134076
v 0.0211278117 -0.33871576 -0.262333118
v 0.0511491668 -0.341356229 -0.0893990244
v 0.0162845874 -0.341772152 -0.0883729879
v -0.291061382 -0.268570461 -0.0856064776
v -0.143065018 -0.322066973 -0.096472114
v -0.0788165503 -0.332912259 -0.273935424
v -0.0923760054 -0.328854883 -0.296388238
v -0.0977792897 -0.328126001 -0.264453647
v -0.12093614 -0.324387051 -0.278864734
v 0.0202749441 -0.341924286 -0.164753322
v -0.00224012414 -0.342295061 -0.164297348
v -0.185732617 -0.308945368 -0.167798491
v -0.209334223 -0.300013664 -0.170985351
v -0.196401612 -0.304469562 -0.190369979
v -0.0466371513 -0.339185745 -0.0673070131
v -0.0155249557 -0.341624908 -0.0679311888
v -0.0414823509 -0.339473595 -0.0422253869
v -0.0727906348 -0.335587633 -0.0544366789
v -0.099094969 -0.331571358 -0.0729124416
v -0.120876307 -0.326117853 -0.197589343
v -0.0934437483 -0.331867256 -0.173644519
v -0.223893669 -0.293271108 -0.189148281
v -0.221370395 -0.28615225 -0.276512868
v -0.248060016 -0.274537471 -0.251477901
v -0.217484447 -0.290318388 -0.2444553
v -0.20675314 -0.297896477 -0.216416949
v -0.243314494 -0.141534579 -0.561703889
v -0.150396937 -0.31575825 -0.267712865
v -0.160739512 -0.318019923 -0.0794501662
v -0.173838087 -0.314544405 -0.102091968
v -0.173399148 -0.312067942 -0.188069238
v -0.109525377 -0.330171102 -0.0381085708
v -0.144840641 -0.322273387 -0.0394409661
v -0.138206182 -0.324220133 -0.0123466509
v -0.0302658036 -0.340107454 -0.00960616034
v -0.279667811 -0.108529916 -0.518577019
v -0.267893094 -0.0884383449 -0.524323031
v -0.289662246 -0.0936280912 -0.504931172
v -0.122091042 -0.322582737 -0.30141358
v -0.351773287 -0.231324391 -0.121441449
v -0.343064456 -0.238855548 -0.101094883
v -0.302688539 -0.246261156 -0.213758429
v -0.0740268598 -0.330630976 0.235917713
v -0.0400189756 -0.333513586 0.2523253
v -0.0476644874 -0.332990039 0.218331772
v -0.20773443 -0.302570995 -0.148135067
v -0.209416432 -0.302415603 -0.113496252
v -0.372754649 -0.214442948 -0.121768616
v -0.376125878 -0.214649336 -0.105652591
v -0.295103403 -0.263577832 -0.133139342
v -0.300291746 -0.262666422 -0.107307167
v -0.324401951 -0.247567407 -0.12340976
v -0.383064557 -0.213525195 -0.0317306862
v -0.392011725 -0.203919271 -0.0439768656
v -0.393389466 -0.201178843 -0.02878896
v -0.385330792 -0.132053296 -0.0345619141
v -0.374065461 -0.139960487 -0.0476781588
v -0.204915001 -0.220148516 -0.564704101
v -0.203963165 -0.292047193 -0.305189759
v -0.355133776 -0.19637871 0.195244905
v -0.250508136 -0.284826741 0.110723282
v -0.269341838 -0.278016284 0.0939463061
v -0.24959147 -0.28877806 0.0798641494
v -0.195959314 -0.306994608 -0.0920193079
v 0.0171124388 -0.313588423 -0.468087213
v 0.0272520956 -0.317118312 -0.455303806
v 0.0147141534 -0.319890668 -0.448629476
v -0.349478845 -0.236701089 -0.0768858937
v -0.369210131 -0.222626507 0.00652093238
v -0.388701925 -0.200723584 0.021605845
v -0.382112404 -0.211746744 0.00136231387
v -0.296267193 -0.183782655 0.43448523
v -0.280920051 -0.209382605 0.42902194
v -0.189602016 -0.310153872 0.00228252487
v -0.179028152 -0.313725768 0.0564572603
v -0.157062863 -0.319915908 0.0371204619
v -0.174384326 -0.143859587 -0.594922266
v -0.180636164 -0.129487808 -0.589475258
v -0.364357297 -0.227218719 -0.0641172483
v -0.411827474 -0.156847961 0.0817395451
v -0.392133213 -0.188635063 0.0645969092
v -0.403954133 -0.174481956 0.041077013
v -0.354629392 -0.234696291 -0.0489432682
v -0.364426145 -0.228045763 -0.02236636
v -0.372448393 -0.221692579 -0.0478337444
v -0.379083915 -0.21658694 -0.011651405
v -0.377240689 -0.217291491 -0.0688989552
v -0.395730444 -0.149004624 -0.0523968202
v -0.37907082 -0.175755212 -0.237731942
v -0.401314571 -0.133243547 -0.297413785
v -0.36170671 -0.179801295 -0.28213968
v -0.288166501 -0.244930423 -0.275672145
v -0.338813131 -0.184488073 0.293239709
v -0.333492777 -0.181492391 0.318184938
v -0.349506191 -0.165306081 0.301122158
v -0.232052998 -0.291655693 -0.160565325
v -0.231905392 -0.292791445 -0.133705387
v -0.270539372 -0.281054687 0.0434834001
v -0.288484945 -0.272492174 0.017951351
v -0.295420852 -0.268557388 0.0483127028
v 0.028109279 -0.333671305 0.311182612
v -0.385570354 -0.210814066 -0.0537651095
v -0.389209578 -0.204487557 -0.0743296507
v -0.215178434 -0.301519982 -0.0773667221
v -0.33442183 -0.214110044 0.205260909
v -0.259500233 -0.285099136 -0.0383101825
v -0.271991621 -0.280820771 -0.00939171719
v -0.123707956 -0.324281178 -0.254799526
v -0.255538254 -0.278571807 -0.178812456
v -0.289266342 -0.262374997 -0.165644765
v -0.272506462 -0.258516889 -0.257245185
v -0.240743996 -0.292701662 -0.0129974923
v -0.152987025 -0.318809932 -0.17182944
v -0.134251943 -0.324386203 -0.0679096836
v -0.315237523 -0.259019352 -0.030611437
v -0.300259888 -0.267676495 -0.00812684343
v -0.340840824 -0.244915957 -0.0263657399
v -0.266414569 -0.281255961 -0.0843060083
v -0.248715507 -0.288464479 -0.0674638545
v -0.423444083 -0.152339422 -0.131519143
v -0.428624642 -0.137508374 -0.127450156
v -0.41844178 -0.15283876 -0.112742239
v -0.149288774 -0.321013201 0.0641041688
v -0.394312008 -0.200540266 -0.0577781125
v -0.398061948 -0.192546019 -0.0457759336
v -0.184546774 -0.311282536 -0.0761903075
v -0.349056956 -0.238635517 -0.000307070675
v -0.166983255 -0.314850333 0.109481937
v -0.124290419 -0.321300674 0.221299199
v -0.138325172 -0.317112474 0.243533051
v -0.107682951 -0.322975938 0.249808689
v -0.114622224 -0.328951801 0.0694969426
v -0.217974925 -0.1759185 0.597617153
v -0.230645453 -0.163303922 0.590678118
v -0.0550360953 -0.33486376 0.148387862
v -0.013885682 -0.338180601 0.131683637
v -0.043239721 -0.336340826 0.118165832
v -0.223964953 -0.280500421 0.306727729
v -0.233345675 -0.276409994 0.286398762
v -0.214246252 -0.28564763 0.287413825
v 0.0478452847 -0.317261853 0.489357204
v -0.592389387 0.0897988993 0.0550395023
v -0.472890277 0.0968632235 0.0489165089
v -0.50604048 0.0851109625 0.070674218
v -0.0983756032 -0.328009466 0.144643534
v -0.125724916 -0.322779043 0.16679368
v -0.224216214 -0.298741942 0.0712691092
v -0.241201048 -0.292543681 0.0480603885
v -0.292893985 -0.230982221 0.30112286
v -0.309811296 -0.216960327 0.289726782
v -0.331862396 -0.236634721 0.113613554
v -0.355309477 -0.222287303 0.0951154263
v -0.354421802 -0.217173218 0.121663784
v -0.00390966215 -0.334005753 0.348820713
v 0.0339255698 -0.331561947 0.351090434
v 0.0197894219 -0.333443115 0.330957954
v 0.028860535 -0.338096526 0.131087577
v 0.036427626 -0.33727126 0.165890155
v 0.0575449696 -0.336296385 0.146844537
v 0.0349157422 -0.342172542 -0.0591805578
v -0.0558829175 -0.337030162 0.0619223664
v -0.0495928937 -0.337155986 0.0920028229
v -0.0199287939 -0.339364314 0.0712218113
v 0.0600383915 -0.330386776 0.269831592
v -0.141048128 -0.317849796 0.195017678
v -0.132297435 -0.325484757 0.04431934
v 0.187379632 -0.315051878 0.109094094
v 0.211431254 -0.305229648 0.122868555
v 0.18792607 -0.310520296 0.139369616
v -0.228751702 0.117949768 0.547856884
v -0.206670484 0.13935698 0.544855817
v -0.206117107 0.121302833 0.571335259
v -0.161706335 0.0760706202 0.610585047
v -0.103018769 0.0875443519 0.627034983
v -0.151098135 0.110069424 0.608294798
v -0.0277160888 -0.33360383 0.323370757
v 0.00205296396 -0.334990978 0.316888584
v -0.0159471814 -0.333861814 0.298900801
v 0.00553978527 0.0268913874 -0.566812987
v -0.013343161 0.0431304409 -0.567050481
v -0.0201868704 0.00543989981 -0.568367352
v -0.0771465184 -0.330673131 0.204858421
v -0.050116787 -0.333717475 0.185569104
v -0.0235674585 -0.339040906 0.102450331
v 0.00798012539 -0.339677907 0.0974406241
v 0.0549036128 -0.340552796 -0.02826364
v 0.0727605751 -0.339617778 -0.00726495891
v 0.0530582083 -0.341038068 -0.00159179595
v -0.0222976462 -0.336721456 0.200770698
v -0.0206922642 -0.33671373 0.169230089
v 0.00990969233 -0.336565791 0.187942007
v 0.00758043268 -0.337849058 0.157044385
v 0.0342119866 -0.340332659 0.0772872022
v -0.0754701535 -0.328634725 0.269471125
v -0.0450782388 -0.333397548 0.292200773
v -0.0813432655 -0.328278267 0.300587011
v -0.149391828 -0.274658676 0.544608133
v -0.153299135 -0.282854454 0.525210905
v -0.168902147 -0.269412219 0.540131041
v 0.0468929908 -0.340939063 -0.144664125
v 0.388470832 -0.215964918 -0.0851115986
v 0.375628143 -0.23026405 -0.0757390532
v 0.385557715 -0.222122016 -0.0635352028
v -0.0621686415 -0.171896251 0.637044962
v -0.107647197 -0.173386713 0.633485721
v -0.0597018966 -0.0771267549 0.677889128
v -0.219258021 -0.232645992 0.549693216
v -0.198431206 -0.246242358 0.549858006
v -0.20341632 -0.232261339 0.565773367
v -0.122790881 0.161987096 -0.556366466
v -0.406000498 -0.169058436 -0.0129163556
v -0.3982484 -0.190105338 -0.0142192282
v -0.0982630087 -0.327064429 0.221309639
v 0.0198543637 0.280149356 0.516418773
v 0.0252281881 0.279234613 0.539885962
v 0.0330497848 0.278714897 0.51664417
v -0.0458228153 -0.31610645 0.511495321
v -0.0436154035 -0.306648547 0.538763199
v -0.0268515937 -0.314890195 0.523025019
v -0.0376519049 -0.228276458 0.610627234
v -0.0582328031 -0.209598586 0.620860289
v -0.0443568809 -0.200544164 0.625599341
v 0.0165437548 -0.332162685 0.370767552
v 0.0832526284 -0.274503792 0.553158006
v 0.0926555524 -0.283442545 0.534119136
v 0.0724366298 -0.28648598 0.545366622
v 0.0603586333 -0.326860547 0.358010887
v -0.123783355 -0.287783319 0.536499098
v -0.109561466 -0.303295538 0.509691229
v 0.10086992 -0.240338206 0.575117991
v 0.129871565 -0.232839401 0.568580803
v 0.0333343019 -0.290508946 0.555660707
v 0.0563167294 -0.27994137 0.560611703
v -0.0217285306 -0.333594099 0.367088188
v -0.0362166219 -0.331363983 0.384609191
v -0.00726424061 -0.33330299 0.379934226
v -0.11106791 -0.27373581 0.565003884
v -0.189628705 -0.283445665 0.446513501
v -0.172769307 -0.296133135 0.420076929
v 0.411827361 -0.174629039 0.0118426597
v 0.409216401 -0.155582887 0.00472151687
v 0.410939011 -0.165333882 -0.0228136132
v -0.00586952351 -0.316328711 0.520889393
v -0.171248965 -0.300447845 0.389444635
v -0.163816759 -0.308195625 0.252460351
v -0.154510054 -0.3131228 0.222529992
v -0.754932877 0.047424241 0.0671004151
v -0.316821987 -0.198247923 0.331920315
v -0.303447038 -0.216839521 0.316756216
v -0.296152592 -0.217777247 0.348778802
v -0.374003892 -0.167963492 0.20942841
v -0.397146438 -0.124442201 0.217772111
v -0.399330126 -0.148009858 0.17026893
v -0.137730318 -0.306700131 0.455127411
v -0.128103193 -0.30677619 0.476504638
v -0.150855634 -0.298723271 0.473998121
v -0.190159011 -0.259759899 0.535901444
v -0.180559015 -0.256084677 0.551616892
v 0.13383815 -0.207947763 -0.528529716
v 0.132262435 -0.183584812 -0.539926542
v 0.116602242 -0.199044007 -0.540836596
v -0.300211338 -0.264171227 0.0710097876
v -0.320355489 -0.254113181 0.0560765848
v -0.281456531 -0.264292569 0.14709321
v -0.296495645 -0.25225423 0.171895722
v -0.0247058396 -0.323120632 0.484999234
v -0.0461562555 -0.324157774 0.463694138
v -0.0537919855 -0.320504516 0.487856044
v -0.136269965 -0.256871127 0.575284453
v -0.155502536 -0.23992601 0.583436129
v -0.0743717626 -0.319457833 0.473511196
v -0.021102489 -0.319887933 0.507754535
v 0.00644284105 -0.324428336 0.474017071
v -0.0399757983 -0.32801045 0.436005774
v -0.0163170954 -0.330782764 0.41330501
v -0.0538392043 -0.328902266 0.411937455
v -0.219377315 -0.287840866 0.239064007
v -0.195344423 -0.29596243 0.265984672
v -0.22597381 -0.281529129 0.26442883
v -0.0819088098 -0.206671347 0.620330603
v -0.174801757 -0.145711677 0.635986312
v -0.194192841 -0.0591795627 0.622689565
v -0.246673037 -0.236368391 0.468187458
v -0.292110915 -0.111361095 0.53938457
v -0.280620632 -0.132697538 0.551661831
v -0.277312646 -0.11215843 0.562550115
v 0.156362894 -0.224590866 0.563236193
v -0.466651166 -0.0960113598 -0.108683947
v -0.410098242 -0.112452817 -0.0951610069
v -0.413479385 -0.109052409 -0.110963512
v -0.600050297 -0.0782833998 0.0457374383
v -0.587268556 -0.0883084333 0.0287091205
v -0.636600959 -0.0768386611 0.0321287824
v -0.280678087 -0.218591127 0.40223887
v -0.264175928 -0.230584637 0.424015507
v -0.259290206 -0.243093983 0.397991812
v -0.163408489 -0.305946357 0.340899317
v -0.128639249 -0.317531774 0.342656013
v -0.148303371 -0.310305706 0.371527773
v -0.678656415 -0.0640910367 0.035509535
v -0.680216075 -0.0725075799 0.0171215964
v -0.248194498 -0.241962621 0.441841732
v -0.297593858 -0.206948642 0.378640337
v -0.278931731 -0.229576591 0.375673498
v -0.160394473 -0.288526385 0.497622836
v -0.1901251 -0.273944198 0.492345648
v -0.175124213 -0.286054906 0.471993349
v -0.322615869 -0.200469542 0.304447896
v -0.13516707 -0.295189379 0.510263273
v -0.398853699 0.0859790125 0.0778310494
v -0.384713903 0.0947250052 0.0955488009
v -0.25961915 -0.24804662 0.369838546
v -0.243926106 -0.262686946 0.358943901
v -0.237368827 -0.262183377 0.385318504
v -0.13647182 -0.271732872 0.557111416
v -0.160672385 -0.257088693 0.561551621
v -0.119889101 -0.31644413 0.414596207
v -0.147636462 -0.308054208 0.402284539
v -0.1286723 -0.315353504 0.390261719
v -0.173156276 -0.3086102 0.195931623
v -0.188577394 -0.304622814 0.17227286
v -0.202550047 -0.297896178 0.194373401
v -0.244114803 -0.216778936 0.533454972
v -0.431986533 0.0903963479 0.0687108296
v -0.275610801 -0.236519872 0.352645075
v -0.386121005 -0.0823408324 0.30166807
v -0.365833508 -0.00313976138 0.359516837
v -0.117816742 -0.253516319 0.582505579
v -0.281998434 -0.17557469 0.508772141
v -0.268886566 -0.185150426 0.530291523
v -0.278242966 -0.168581474 0.5285393
v -0.280521637 -0.152717014 0.540846695
v -0.290548478 -0.136960579 0.52893785
v -0.290067008 -0.152037868 0.517998445
v -0.378743123 -0.0181158447 0.33564623
v -0.372609409 0.0159262577 0.330810261
v -0.219631562 -0.220374853 0.565858049
v -0.184995869 -0.245163436 0.565066298
v -0.215809749 -0.29414625 0.165353578
v -0.230864968 -0.286613888 0.192586872
v -0.112954219 -0.242499079 0.595980504
v -0.0877389842 -0.274645923 0.572650603
v -0.0981551018 -0.258325422 0.585505541
v -0.21628519 -0.291292439 0.214474862
v -0.189354169 -0.300141022 0.226417528
v -0.239541245 -0.268051201 0.332531923
v -0.260526346 -0.251375487 0.342682379
v -0.245343351 -0.273729405 0.243481044
v -0.0869409834 -0.323533371 0.412856992
v -0.101907813 -0.319241252 0.438354835
v -0.123537035 -0.31316657 0.439852904
v -0.0709495939 -0.324757664 0.442634862
v -0.0265398081 -0.297644269 0.554804408
v 0.000761627186 -0.30638291 0.541470149
v -0.0208595928 -0.309904235 0.535747716
v -0.209874083 -0.248267235 0.533299119
v -0.00589262564 -0.228079236 0.606577483
v -0.0165691891 -0.25275966 0.593046211
v 0.0168649892 -0.206525209 0.612624724
v -0.0436035371 -0.147946619 0.646833207
v -0.0350392735 -0.181605901 0.633467775
v -0.0141353053 -0.159948274 0.637134417
v -0.250414359 -0.246304104 0.421207197
v -0.234897979 -0.256805189 0.430252275
v -0.241370433 -0.255322223 0.410500685
v -0.099518227 -0.324178152 0.360673666
v -0.0647466301 -0.234081491 0.606579317
v -0.103812315 -0.311713299 0.482792688
v -0.1233653 -0.303666094 0.494081445
v -0.114505458 -0.313151982 0.458130845
v 0.0838021684 -0.316719272 0.407237059
v 0.0766211189 -0.320787534 0.378682212
v -0.363473184 -0.082092699 0.36080705
v -0.351197355 -0.0889604547 0.388821568
v -0.355441111 -0.10180387 0.372278725
v 0.177405715 -0.296631629 0.268556372
v 0.135033018 -0.310807446 0.281669475
v 0.143099824 -0.312035529 0.241994181
v -0.211909036 -0.0997405055 0.616073216
v -0.238590427 -0.0862536845 0.600634324
v -0.219777374 -0.0759564679 0.610427534
v -0.207453436 -0.184110423 0.603367127
v -0.201093763 -0.16826399 0.611630738
v -0.211827416 -0.154782698 0.6089719
v -0.732068313 0.0576582762 0.0850309335
v -0.758338456 0.0549766862 0.0755645686
v -0.218949142 -0.27801198 0.36021212
v -0.238117378 -0.279215138 0.218585303
v -0.16453264 -0.187549693 0.617082773
v -0.180192867 -0.195559663 0.607748287
v -0.178383876 -0.177354635 0.619149466
v -0.22752148 -0.25710816 0.457467164
v -0.209772508 -0.26493791 0.477511462
v -0.207209679 -0.270290239 0.457503557
v -0.212152455 -0.139291087 0.612088785
v -0.229581464 -0.142007074 0.598964578
v -0.122146783 -0.318670502 0.369752278
v -0.409168743 0.0451113451 0.203688069
v -0.421268054 0.0302947641 0.181642056
v -0.414790336 0.0553641818 0.173366381
v -0.174036569 -0.300093842 0.364500075
v -0.375978674 -0.103207052 0.314382203
v -0.375520027 -0.125170922 0.29017551
v -0.675815414 0.0829755572 0.071111241
v -0.741188001 0.0816012047 0.0693817261
v -0.249747242 -0.268698918 0.270212231
v -0.281549226 -0.236891505 0.327606225
v -0.250473216 -0.264104629 0.299228341
v -0.385218046 -0.125242313 0.256032007
v -0.396630147 -0.102814753 0.247614092
v -0.674824987 -0.0302246037 0.0738018114
v -0.713977111 -0.0332600225 0.0502475256
v -0.696022449 -0.0181552279 0.0731648105
v -0.1616105 -0.29683442 0.449939454
v -0.425161925 0.0152246744 0.14605628
v -0.422519357 0.0386000263 0.146331286
v -0.43416702 0.0188907166 0.165275334
v -0.274788975 -0.247410831 0.300354367
v -0.139845016 -0.299057527 0.490747673
v -0.189696371 -0.296026355 0.309142868
v -0.745792405 0.0654543398 0.00552643803
v -0.23159192 -0.291143759 0.134956206
v -0.255426723 -0.287457549 0.0176585712
v -0.258924261 -0.278182436 0.134775036
v -0.27604047 -0.272430868 0.115450738
v -0.315926704 -0.218431089 0.260753507
v -0.325154361 -0.215407439 0.233016429
v -0.335767283 -0.200693938 0.251880355
v -0.262192774 -0.253835368 0.319590276
v -0.313851964 -0.230899423 0.213165003
v -0.277193104 -0.276665313 0.0694701353
v -0.329467996 -0.249789929 0.0380927852
v -0.45537836 -0.079446775 0.145225596
v -0.439015832 -0.111928314 0.130361604
v -0.469822244 -0.0935014148 0.111591033
v -0.385852424 -0.204201256 -0.109985262
v -0.387517471 -0.206380852 -0.010766301
v -0.259022072 -0.285013615 0.0605963315
v -0.479624457 -0.0826713475 0.0797398885
v -0.490439994 -0.0615398079 0.097829506
v -0.497619024 -0.0762197903 0.0789362946
v -0.318789422 -0.232688245 0.183000464
v -0.213510902 -0.282507903 0.331644797
v -0.192534712 -0.29352904 0.346979072
v -0.146903035 -0.31112707 0.308530584
v -0.119849166 -0.320203661 0.316928485
v -0.122712355 -0.319552617 0.298014359
v -0.135906849 -0.316338398 0.274652371
v -0.354389815 -0.233396598 0.0223434604
v -0.366432469 -0.222005395 0.0357862414
v -0.312797252 -0.243644277 0.14748596
v -0.302287289 -0.25690188 0.1177102
v -0.346283231 -0.195414168 0.226070339
v -0.709891423 -0.00437541276 0.0729617782
v -0.728422472 -0.00789756017 0.0540696372
v -0.425543826 0.00707724441 0.135648682
v -0.468142469 0.0143300315 0.12801294
v -0.450646769 -0.00317790311 0.130077911
v -0.365849021 -0.122745775 0.321380224
v -0.358873352 -0.143569305 0.313624551
v -0.423677781 -0.105395293 0.173774188
v -0.501842073 -0.10910536 0.00524622465
v -0.56630591 -0.0989880406 0.00771544909
v -0.52641116 -0.0999539372 0.0263406648
v -0.382503298 -0.17368309 0.174014873
v -0.689429793 -0.00728365646 0.0843626781
v -0.699320734 0.0075660171 0.0853219716
v -0.701802393 0.0519670249 -0.0593175212
v -0.665591027 0.0494504192 -0.0982551127
v -0.694148738 0.0615151436 -0.0520356341
v -0.213432831 -0.12286193 0.615073267
v -0.33838283 -0.237720774 0.0775822967
v -0.343626883 -0.239040723 0.045877605
v -0.373017958 -0.205387784 0.0825120328
v -0.387518051 -0.184867498 0.107127213
v -0.237709804 -0.0615722309 0.602600411
v -0.400474849 0.0787945248 0.157408945
v -0.38373857 0.0963337134 0.153196922
v -0.385664039 0.0920854485 0.169761095
v -0.628414912 -0.0120189231 0.100653376
v -0.632755105 -0.0338849019 0.0860433041
v -0.591658416 -0.0294671647 0.0983621218
v -0.578296941 -0.0497076411 0.0878976598
v -0.580240801 -0.0693133734 0.0640276521
v -0.618687423 -0.053492028 0.0728090437
v -0.678604906 -0.0730434315 -0.0797362874
v -0.685806866 -0.0606253538 -0.0897040636
v -0.700633443 -0.069386792 -0.0706563149
v -0.715696056 -0.0609005291 -0.0710978258
v -0.638599917 -0.0632745681 0.0540877702
v -0.682043083 -0.0525834 0.048733665
v -0.143882031 -0.306358248 0.429713707
v -0.328345621 0.123734428 0.25352182
v -0.342778041 0.0985109534 0.27903565
v -0.355269466 0.0967502489 0.249495554
v -0.447025658 0.0760637573 0.0791403971
v -0.519517068 0.0695653019 0.0866729042
v -0.714444762 0.0757495009 0.0773289492
v -0.661981118 0.066701963 0.0914645434
v -0.647899206 0.074999853 0.0823786284
v -0.666682994 0.0888754593 0.0354411799
v -0.593806906 0.0330946728 0.11343775
v -0.313494526 -0.253332725 0.0886455774
v -0.237937525 -0.209044801 0.554665624
v -0.25630004 -0.191489334 0.545293658
v -0.572568523 -0.0104003441 0.112895247
v -0.385539928 0.0927991346 0.139629768
v -0.372664564 0.104665719 0.140029886
v -0.0851430536 -0.33336748 0.0562354486
v -0.0814608663 -0.333304191 0.0836550213
v -0.601640279 -0.0899581647 -0.089196125
v -0.616902333 -0.0844631565 -0.09221013
v -0.618377336 -0.0892904745 -0.0842734563
v -0.284109922 -0.100172906 0.556609173
v -0.270842044 -0.0991760762 0.572291221
v -0.638491926 0.0170346846 0.107901181
v -0.587806167 0.0135937187 0.114946493
v -0.608172329 0.051293208 0.104605042
v -0.551799325 0.0382008452 0.113321798
v -0.661123261 -0.0444935878 0.0651622156
v -0.53693425 0.0227752314 0.120147415
v -0.486992252 0.0331184817 0.120254435
v -0.500219861 -0.018705013 0.119495453
v -0.543054776 -0.0336350579 0.106108835
v -0.676243794 0.0555511015 0.094650188
v -0.686525959 0.0460143165 0.096868187
v -0.631705782 -0.0868746889 0.00903964551
v -0.794604002 0.0711463459 0.0467865437
v -0.786524312 0.0713995781 0.0395807378
v -0.272427844 0.163744022 0.15593028
v -0.264643646 0.170363114 0.196867913
v -0.237051046 0.180267294 0.170462869
v -0.297240127 -0.196232827 0.405771752
v -0.423139216 0.0405933575 0.16382457
v -0.446148704 -0.0233896297 0.128605878
v -0.419777226 -0.00488108194 0.13609147
v -0.411466757 0.00624750426 0.140698546
v -0.291064563 -0.267293179 0.0931282773
v -0.0722330889 -0.333574719 0.116144897
v -0.543586478 0.0977229658 -0.00980624882
v -0.485121735 0.10450218 -0.0164658808
v -0.533346064 0.100453054 0.0160788986
v -0.422894605 -0.012243704 0.143525086
v -0.396200748 0.0162998227 0.260549926
v -0.3932566 0.0471166106 0.238421579
v -0.379509116 0.0510801688 0.274775465
v -0.384968418 0.021391838 0.294164152
v -0.369709847 0.0432774757 0.309605312
v -0.457114869 -0.0394813495 0.127937493
v -0.316868462 0.139509087 0.210903547
v -0.286606489 0.157130807 0.212156758
v -0.286938474 0.152394473 0.242990097
v -0.485043114 -0.0746230323 0.1215743
v -0.472877957 -0.0556548525 0.135084561
v -0.413610831 0.0395914292 0.13009242
v -0.430236549 0.0231907767 0.13327984
v -0.407810661 -0.127961957 -0.00276459001
v -0.398025074 -0.130729108 0.0116929094
v 0.0318618835 0.278857072 0.505030581
v 0.0477185677 0.274994275 0.498430969
v -0.385103346 -0.063620262 0.314079364
v -0.375462967 -0.0817639009 0.330417692
v -0.291533944 -0.12580352 0.53270786
v -0.615386504 0.00209450383 0.109324862
v -0.20070815 0.189065121 0.141017188
v -0.244701336 0.173271564 0.127224289
v -0.374214365 -0.0532821026 0.342870602
v -0.390890706 -0.037658785 0.304569188
v -0.266286493 -0.109370565 0.575532015
v -0.248997034 -0.124296752 0.58679834
v -0.26814821 -0.12464665 0.570407734
v -0.341909043 -0.160217871 0.335485096
v -0.393380466 0.00603830037 0.283671124
v -0.399560591 -0.0142632514 0.275154396
v -0.376949124 -0.147867925 0.242164238
v -0.355140609 -0.1724698 0.262219826
v -0.521380032 0.00368973701 0.123339036
v -0.252045416 -0.0993407812 0.587264411
v -0.232350841 -0.110411231 0.601948087
v -0.102250117 0.242235311 0.508430217
v -0.393130686 -0.0632064792 0.29142176
v -0.271832286 -0.15351883 -0.526553338
v -0.443471104 -0.0433858265 0.165835368
v -0.433805099 -0.068997795 0.181193274
v -0.288596654 -0.17286146 0.490881832
v -0.293370785 -0.169172468 0.476197969
v -0.429740874 -0.0428027743 0.198364942
v -0.413941237 -0.0171818185 0.230168382
v -0.266543833 -0.0748093282 0.580458109
v -0.399360472 0.0788943429 0.125782422
v -0.413640818 0.0569627062 0.125256937
v -0.414788268 0.0584952764 0.148874479
v -0.26134868 -0.140776433 0.57163674
v -0.243362077 -0.145587313 0.583973958
v -0.2684425 -0.153269095 0.555725875
v -0.280110688 -0.190523714 0.485214995
v -0.313345715 -0.193364058 0.359116924
v -0.328006112 -0.180391321 0.341654091
v -0.310676359 -0.186545817 0.383409584
v -0.327655597 -0.166746763 0.367011525
v 0.0023322368 0.269652162 0.478348076
v 0.00303115753 0.278362627 0.510088817
v -0.0132940037 0.27463524 0.508403079
v -0.210689044 -0.260195226 0.496868411
v -0.267416683 0.060959675 0.550671992
v -0.25841345 -0.0465936166 0.588751089
v -0.234999972 -0.0410973068 0.602808367
v 0.046358631 0.263609058 0.569556623
v -0.0132601482 0.274636979 0.581765007
v -0.0953249691 -0.32572465 0.329017789
v -0.204849098 0.152355732 0.52116832
v -0.196112195 0.169521781 0.476873136
v -0.229304735 0.131550832 0.520181735
v -0.314685585 -0.167053687 0.40478304
v -0.340359521 -0.125789217 0.386647064
v -0.185556254 -0.213938217 0.593943201
v -0.166410687 -0.212153616 0.602989951
v -0.0739107371 0.163440668 0.625934215
v -0.0980188066 0.157554677 0.619560206
v -0.118933798 0.165903696 0.610030945
v -0.244858259 0.0029812684 0.591638104
v -0.220139138 -0.0150333861 0.605647467
v -0.219431601 0.0157663244 0.60185699
v -0.239091056 0.0284802639 0.591622439
v -0.254012733 0.116267982 0.493251383
v -0.248322413 0.112021472 0.515488898
v -0.292840057 -0.088982745 0.54567205
v -0.301827689 -0.0951027321 0.523063038
v -0.649279264 -0.0331534199 -0.130449098
v -0.654465862 -0.0478916573 -0.1134553
v -0.301769156 -0.0693887986 0.527743252
v -0.363185417 -0.150215284 0.287088339
v -0.371213675 -0.144204862 0.268693698
v -0.363161966 -0.10820689 0.346695405
v -0.226455614 -0.125185477 0.603107177
v -0.530705326 0.097748884 -0.03189686
v -0.416176229 0.112521966 -0.0536185916
v -0.281153061 -0.0868200487 0.562088354
v -0.287488596 -0.0727496891 0.555586892
v -0.282062755 -0.0605314551 0.563718263
v -0.751512617 0.0333643677 0.0190070845
v -0.30435828 -0.00894883294 0.525620685
v -0.711753798 -0.0156546955 0.0641552568
v -0.711686368 0.0687669979 -0.0256798056
v -0.724373453 0.0711027913 -0.0138299311
v -0.316692301 -0.0553980668 0.494345574
v -0.336478469 -0.0743541589 0.442219805
v -0.219337498 -0.297686992 0.101412821
v -0.239074611 0.102369603 0.551143856
v -0.166747021 -0.306599708 0.282607689
v -0.317732332 0.117492247 0.289139137
v -0.319280176 0.0423463094 0.434352582
v -0.340384226 -0.0114619184 0.426437335
v -0.249302315 -0.0232537015 0.590987049
v -0.268458173 -0.0300909544 0.578780036
v -0.228361658 0.100570278 0.564579338
v -0.180070487 0.168885622 0.543230466
v -0.149490388 0.201829242 0.532187767
v -0.211812872 0.096459955 0.581737976
v -0.207405664 0.0791640098 0.591880577
v -0.0976266905 0.143886266 0.621797017
v -0.286810473 0.0509248771 0.528115213
v -0.168006163 0.134901729 0.587590896
v -0.0638639747 0.281365182 0.604586715
v -0.0729662072 0.287652658 0.643841348
v -0.0498671787 0.282181573 0.598030381
v -0.100794884 0.250584188 0.602149255
v -0.100942415 0.252074531 0.578588493
v -0.040086168 0.279208326 0.573746441
v -0.0278995058 0.277149591 0.55141154
v -0.0476828577 0.275821648 0.555833074
v -0.0574670787 0.278137027 0.580955779
v -0.419290544 0.0546080674 0.106068058
v -0.407606264 0.0671409225 0.0933189091
v -0.174628009 0.0195477489 0.619125353
v -0.138597784 0.199823539 0.572779915
v -0.115478983 0.231708984 0.582117514
v -0.10988219 0.227153883 0.602205961
v -0.233393385 0.183079717 0.20211668
v -0.297830701 0.121106245 0.320307534
v -0.286363141 0.14404554 0.284176509
v -0.689256948 -0.0767791913 -0.00223957301
v -0.722164593 -0.0665377046 0.00493707043
v 0.183424833 0.223820753 0.50585067
v 0.175669515 0.222171625 0.540736592
v 0.0808188337 0.210665069 0.601216852
v 0.0645466042 0.220906719 0.600825173
v 0.0603257664 0.198615364 0.610008446
v 0.212659826 0.200847316 0.550103014
v 0.223829756 0.198211675 0.532848866
v 0.22254318 0.192150526 0.552756193
v 0.0127278327 0.100580881 0.629122606
v 0.0226006129 0.189895823 0.61691256
v -0.0231033338 0.197897067 0.625313259
v 0.254325752 -0.299172752 0.00931338249
v 0.258311879 -0.295242304 0.0429151853
v 0.236204336 -0.305296209 0.0215950511
v -0.00318362383 0.239567781 0.612097878
v 0.138491049 0.235468979 0.562523625
v 0.122412805 0.234097826 0.572601108
v 0.137909651 0.223751835 0.572804957
v -0.0436546313 0.268719206 0.516044485
v -0.777119154 0.06169936 0.0515170994
v -0.79119319 0.0668291215 0.0515357035
v -0.122744341 0.226665744 0.555014783
v -0.345037478 0.122465596 0.0905215857
v -0.235362757 0.167110258 0.0497073056
v 0.0694526389 0.251135844 0.582376245
v 0.0616782584 0.237287786 0.593787339
v 0.0498230522 0.24872835 0.588058343
v -0.0422920189 0.233703839 0.251397207
v 0.0549346385 0.255325009 0.579265083
v 0.0699551549 0.268019414 0.503513117
v 0.11310912 0.253023591 0.483688917
v 0.0712899298 0.266558753 0.480852935
v 0.0389773035 0.227659921 0.602646128
v 0.0229954271 0.253701968 0.591864208
v -0.261913808 -0.209883862 0.49721406
v 0.229156515 0.20293451 0.457038235
v 0.261550194 0.181096548 0.467821932
v 0.237282375 0.193577022 0.496583861
v -0.33422758 0.0536537373 0.380635038
v -0.311603731 0.0827099746 0.393195478
v -0.337545749 0.0333499872 0.398070972
v -0.264173826 0.0146942063 0.576204347
v -0.281691071 0.0233452901 0.560271666
v 0.0768965105 0.23051535 0.59198265
v -0.292661277 -0.17846724 0.460850733
v 0.0524229839 0.159614115 0.618554499
v -0.0644348754 -0.334810806 -0.248890106
v -0.541420391 -0.0686465215 0.0948521881
v -0.455067406 -0.0995005084 0.0681184707
v 0.050494684 0.274306556 0.519215344
v 0.072454478 0.264871755 0.531402752
v -0.232540862 0.180092486 0.266087321
v -0.182888712 0.204313561 0.255371382
v -0.21437888 0.191492528 0.229194572
v 0.111197464 0.247352448 0.431604796
v 0.194211824 0.222704342 0.408920123
v 0.0589341475 0.250789287 0.384532709
v 0.123732224 0.220646925 0.584283075
v 0.291544561 0.189389208 0.312530338
v 0.314862763 0.182422947 0.28647478
v 0.288519131 0.198079678 0.283837407
v -0.374362691 0.102571992 0.121146582
v -0.355515337 0.116814958 0.130337903
v -0.445093981 0.0439727163 0.114467779
v 0.314023674 0.188517154 0.266714391
v 0.331963849 0.199300514 0.162245035
v 0.336408981 0.193126033 0.186897794
v 0.311512753 0.206255124 0.186742424
v 0.239859214 0.175718301 -0.336331297
v 0.187894429 0.192187588 -0.351212673
v 0.219001942 0.182682538 -0.384814165
v -0.047056984 0.254458064 0.453341186
v -0.112257087 0.210208087 0.136006111
v -0.150854218 0.211804475 0.220200144
v -0.0778780259 0.22573099 0.217756065
v -0.104130699 -0.324522841 0.28259749
v 0.292015147 0.14962923 0.484865429
v 0.308041669 0.129464193 0.480754203
v 0.301082109 0.144966623 0.458393766
v 0.17127076 -0.305877085 0.224592403
v 0.208948729 -0.292156492 0.214516629
v -0.158880096 0.162385277 0.5765172
v -0.525395305 0.0515287616 0.103774115
v -0.468639533 0.0542985966 0.0860181352
v -0.268362027 0.109011405 0.436525943
v -0.222961005 0.159499841 0.389816717
v -0.123519168 0.233848876 0.337324673
v -0.242425622 0.160828318 0.327234961
v -0.262527613 0.0973559597 0.514422673
v -0.448332439 -0.115122133 -0.144255175
v -0.439492362 -0.132276486 -0.179409359
v -0.341507989 -0.147022863 0.358089765
v -0.330597782 -0.198501824 0.276981239
v -0.351047154 0.112411744 0.220593172
v -0.280153743 0.0381306515 0.548981036
v -0.743676014 0.0739407454 0.00980827284
v -0.720121622 0.0736437947 -0.00950640109
v -0.733009581 0.0720435617 -0.00350940222
v -0.446461429 -0.0318925812 0.145928907
v -0.590302795 0.0798661673 0.077425502
v -0.780711349 0.0619204648 0.0610626508
v -0.653556639 -0.0135053785 -0.150813901
v -0.429045779 0.0628357637 0.0801558243
v -0.724620103 0.0676612257 0.0825869219
v -0.425928151 -0.121705462 -0.122455322
v -0.623547867 0.0888590612 -0.0073310337
v -0.590582081 0.0737221451 -0.0731848158
v -0.734220636 0.0400516415 0.0801932097
v -0.264261521 0.169350648 0.228299971
v -0.244440433 0.179407881 0.225059971
v -0.647936004 0.00463995675 0.102372225
v -0.670259082 -0.00107912032 0.0940288294
v -0.735318119 -0.0442854083 0.0301086369
v -0.751184825 -0.0518730553 0.0135107239
v -0.758674511 -0.038322536 0.0192693995
v -0.540733845 -0.0675523742 0.0794257377
v -0.518990604 -0.0836764907 0.0630485303
v -0.472582667 -0.0474118665 0.113307924
v -0.429622857 0.0110433624 0.182983383
v -0.522031002 -0.0559662586 0.0935111493
v -0.770570395 0.0769771616 0.029049742
v -0.762789977 0.0714517252 0.0239712152
v -0.476032423 -0.115238178 -0.0148525455
v -0.42249798 -0.123608954 -0.0232878787
v -0.492244619 -0.115058267 -0.0385933715
v -0.592906543 0.0662464785 0.092433422
v -0.450223598 0.107155224 -0.00672982114
v -0.408795747 -0.125757989 -0.0428254286
v -0.453494168 -0.0916455839 -0.123763229
v -0.448165753 -0.0945593474 -0.132088943
v -0.536745294 -0.0643415629 -0.139127358
v -0.392464524 -0.185983835 -0.159065591
v -0.372546615 -0.200088273 -0.179322252
v -0.367896565 -0.209721761 -0.161032833
v -0.45263595 -0.104682487 0.0828520619
v -0.414589575 -0.120633875 0.0546650516
v -0.428332618 -0.1097493 0.0412870353
v -0.412310422 -0.111763568 0.022735561
v -0.387605517 -0.00510560735 0.303577491
v -0.742732322 -0.0649559058 -0.0120829557
v -0.703026282 -0.0771528935 -0.0200023398
v -0.546419398 -0.0821705587 -0.112545393
v -0.531452195 -0.0950120024 -0.0946422349
v -0.73146089 0.00773163841 -0.0685982984
v -0.713717106 0.0581400427 -0.0378259504
v -0.675676423 0.036300243 -0.117700194
v -0.659328708 0.033119135 -0.143614995
v -0.71334638 0.0852776265 0.0250539475
v -0.725746249 0.0791680872 0.0114335939
v -0.760220282 0.0077759307 -0.00694084383
v -0.698070543 0.035885399 -0.0850186238
v -0.334670343 -0.0451279471 -0.45305783
v -0.326724152 -0.0242192646 -0.460509412
v -0.306668178 -0.0380250819 -0.480170687
v 0.378617953 0.162550419 -0.131270309
v 0.345389501 0.181111237 -0.126101869
v 0.353253305 0.170274492 -0.1481962
v -0.328681302 -0.0604136721 -0.460356236
v -0.740114605 -0.062038221 -0.0563090329
v -0.834224231 -0.0411336599 -0.0266950273
v -0.741216785 -0.0677053108 -0.0407760704
v -0.388614236 -0.179951147 -0.1926184
v -0.356909051 -0.205310881 -0.20701179
v -0.67094695 0.0141471205 -0.148324528
v -0.338957853 0.136918686 -0.329613031
v -0.627072381 0.0177297531 -0.215148471
v -0.443022046 0.0852359638 -0.311942624
v -0.758537857 -0.0164524673 0.0217733857
v -0.653016912 -0.0707939755 -0.0953486855
v -0.424935546 -0.110405059 -0.120418398
v -0.387348248 -0.125078853 -0.103431414
v -0.349341917 -0.0228559228 -0.437404254
v -0.635467382 -0.0856410266 -0.0855441463
v -0.426238711 -0.11915295 -0.0613820578
v -0.257194541 -0.221866511 -0.461618964
v -0.690926521 0.021533396 -0.112791453
v -0.548705162 -0.105603875 -0.0512876272
v -0.49434953 -0.111344109 -0.0621073703
v -0.552827668 -0.107681624 -0.0349449207
v -0.382492647 -0.120439537 -0.0936985252
v -0.625206025 -0.0949930432 -0.0280616018
v -0.64096209 -0.0915254378 -0.0434030573
v -0.593628926 -0.100539527 -0.0403697357
v 0.308963948 0.134639699 -0.397587649
v 0.321513103 0.125833754 -0.366993188
v 0.335089431 0.108005634 -0.391377925
v -0.659390187 -0.0867646267 -0.0608908324
v -0.68192315 -0.0830660585 -0.0445505145
v -0.606791498 -0.096411292 -0.0603191369
v -0.641956305 -0.0635829954 -0.105818669
v -0.676205513 -0.0794390594 -0.0697737541
v -0.701904453 -0.0754164927 -0.0542111442
v -0.216215441 -0.203148827 -0.573844351
v -0.179418831 -0.0535738003 -0.562440271
v -0.757373759 -0.0581861449 -0.00191936198
v -0.233876783 -0.225675412 0.537786091
v -0.415158048 -0.164872414 -0.111896065
v -0.656719953 -0.0847078945 -0.0724014162
v -0.408154106 -0.161069011 0.0186056393
v -0.411700497 -0.153935351 0.0446416619
v -0.410627244 -0.138812068 0.0278361482
v -0.44848536 -0.105271272 -0.135706927
v -0.710142634 -0.0762437467 -0.0334335822
v -0.74725788 -0.0660016777 -0.0264792
v -0.710129405 -0.076522439 -0.0434553041
v -0.635424946 -0.0885472215 -0.0742307337
v -0.142525832 -0.186978995 0.622139219
v -0.627323262 -0.0580395962 -0.11582676
v -0.616262964 -0.0497234758 -0.128856311
v -0.416198366 -0.116224156 0.0180620703
v -0.304214692 -0.250059721 -0.187020416
v -0.319222083 -0.244755042 -0.166922138
v -0.466627574 -0.0947469736 0.0603482871
v -0.185976244 0.0983948491 0.597883031
v -0.434884567 -0.123336033 0.0906537724
v -0.416895518 -0.139605419 0.0606251745
v -0.483203309 -0.0987047516 0.0437962567
v -0.412508799 -0.074587355 0.222681733
v -0.398098276 -0.144339629 -0.080474474
v -0.421713759 0.0134003923 0.202478597
v -0.434864499 -0.118093457 0.00109517734
v -0.400682684 -0.179681182 0.00988385313
v -0.242162417 -0.245977939 -0.426422651
v -0.304370321 -0.0739516487 -0.48702533
v -0.419422258 -0.131611531 0.1429758
v -0.311873024 -0.253082318 -0.14653458
v -0.307149508 -0.264351718 0.00926817644
v -0.236292384 -0.131502187 -0.566923023
v -0.24597904 -0.202234779 -0.522659325
v -0.16198133 -0.155890647 -0.599491267
v -0.161602886 -0.133427248 -0.590595212
v -0.140128101 -0.144918991 -0.590704899
v -0.193759241 -0.168815919 -0.609663871
v -0.422874923 -0.136722361 0.115433722
v 0.28210495 0.173541877 0.40091508
v 0.246336597 0.194791856 0.410541974
v -0.303742908 -0.228759607 -0.29585217
v -0.183542464 -0.302359737 -0.294889233
v -0.10250051 -0.132251346 -0.582107538
v -0.342898208 -0.234347392 -0.138736877
v -0.100660185 0.105226946 -0.563996062
v -0.0891015256 0.127455143 -0.565030685
v -0.122410636 -0.326371942 -0.165786735
v -0.158831462 0.0527654049 -0.553255985
v -0.135464466 0.0705907557 -0.560381186
v -0.160134531 0.0878274916 -0.551779373
v -0.286541602 -0.116981022 -0.512122917
v -0.284405789 -0.131636028 -0.513523698
v -0.302929442 -0.106013677 -0.491183198
v 0.266883734 0.157754145 -0.548556248
v 0.256331627 0.160389588 -0.554000368
v 0.243403223 0.172523772 -0.551965787
v -0.0650797845 -0.333668829 -0.313162944
v -0.202873309 -0.154675328 -0.598191636
v -0.19222536 -0.113532469 -0.580812931
v -0.0757198294 -0.315799682 -0.45241241
v -0.0523289739 -0.320599576 -0.438913122
v -0.00762572477 -0.336980853 -0.335848339
v -0.00937709659 -0.334904213 -0.35664614
v -0.181357505 -0.177361382 -0.618622587
v -0.257699953 -0.120244416 -0.543836806
v -0.282362526 -0.225394668 -0.374374149
v -0.137694067 0.0113295744 -0.561493727
v -0.137139515 0.0395754073 -0.560138217
v -0.274376682 -0.0517129884 -0.509341979
v -0.139664062 -0.318194186 -0.291525009
v -0.274910837 -0.123719038 -0.526768401
v -0.165252988 -0.317254548 -0.0560714907
v -0.16209676 -0.311458659 -0.293808377
v -0.363028995 -0.0827757986 -0.422151328
v -0.336887609 -0.159036966 -0.384538604
v -0.153827082 -0.317476778 -0.199757245
v -0.377314271 -0.205937692 -0.141713893
v 0.134642545 -0.329553555 0.0650964178
v 0.10940465 -0.334076497 0.0425432074
v 0.139426709 -0.329675674 0.0387998032
v 0.278917346 0.173799313 -0.520342641
v -0.166340535 0.202250859 0.173372756
v 0.00665078105 0.0463771127 -0.567076617
v 0.0186847674 0.039809255 -0.565687119
v -0.279752035 0.146179418 -0.438081185
v -0.241338156 0.189992459 -0.435089188
v -0.3529273 0.11601224 -0.37861295
v -0.328114948 -0.00818327875 -0.455283231
v -0.0030137398 0.227019057 -0.564647471
v -0.0129188271 0.211665575 -0.567485556
v 0.00685765673 0.213893374 -0.567506265
v -0.326834412 0.0239244334 -0.449828874
v -0.0446903414 0.0372229667 -0.569240442
v -0.0576387754 0.0755556474 -0.567310295
v -0.0252904898 0.0706598667 -0.568660629
v -0.14129768 -0.11869874 -0.584049692
v -0.143228419 0.142275325 -0.552607769
v 0.319286731 0.100411703 -0.517514009
v -0.160600206 0.131584125 -0.548375096
v -0.148425597 0.12861741 -0.55408354
v -0.308221888 0.078419394 -0.448195882
v -0.257264139 0.129078246 -0.47438809
v -0.193329424 0.0920967983 -0.534442827
v -0.18034004 0.121883594 -0.537946384
v -0.15217012 0.254445167 -0.504602951
v -0.156510348 0.2664111 -0.485342133
v -0.130265143 0.277539724 -0.51357674
v -0.124026982 0.267702909 -0.523019618
v -0.166529419 0.190567892 -0.532478725
v -0.17138084 0.22359789 -0.503660328
v -0.220562264 0.181899484 -0.477218409
v -0.104193889 0.227768196 -0.546134328
v -0.114745732 0.203423216 -0.551416298
v -0.0779705094 0.220371016 -0.557503629
v -0.104024212 0.292402593 -0.529414422
v -0.0426057753 0.174465051 -0.567281183
v -0.081378987 0.178581885 -0.562398862
v -0.105389749 0.190314386 -0.557402768
v 0.13692774 0.160531383 -0.563860469
v 0.167878493 0.103994842 -0.561324703
v 0.108436618 0.128217127 -0.563557965
v -0.683720416 0.0313719954 -0.115653003
v -0.205228374 0.2069148 -0.4754469
v 0.180558579 0.144760403 -0.561738821
v 0.182883415 0.158198769 -0.563063012
v 0.17862867 0.153755921 -0.561936866
v -0.0607322161 0.311254626 -0.541092942
v -0.0594720818 0.315713933 -0.538923957
v -0.0494034425 0.311759734 -0.539166938
v -0.0949106741 0.205788029 -0.558243558
v -0.0664805924 0.145514946 -0.566621297
v -0.0269333436 0.135425757 -0.568108638
v -0.0676309812 0.110299999 -0.567076302
v 0.409003601 -0.168745121 0.125487649
v 0.419526232 -0.148975421 0.123061823
v 0.416768861 -0.16475427 0.0938431402
v -0.0765553031 0.302829153 -0.538451597
v -0.0911472942 0.308028613 -0.533898126
v 0.0272562552 0.261696351 -0.543194777
v -0.0427525848 0.298186561 -0.542381741
v -0.029790251 0.258392578 -0.55203189
v 0.00738978527 -0.0289851219 -0.567211267
v 0.0042663596 -0.0576420739 -0.567842321
v 0.349657112 0.167386506 -0.171368848
v 0.375507998 0.15400234 -0.162636587
v 0.336014154 0.0755331479 -0.490494271
v 0.333514862 0.0663825277 -0.501294634
v 0.342297437 0.0522212617 -0.488129662
v 0.170321215 0.161908773 -0.561782452
v 0.176608707 0.158229318 -0.561855936
v 0.173610048 0.165535861 -0.562485893
v -0.113236973 0.0832548019 -0.562673282
v -0.0886528551 0.0815328301 -0.565696765
v -0.127811749 0.0977605285 -0.56040064
v -0.0382205615 0.233899071 -0.56073938
v -0.057188962 0.21585626 -0.562316193
v -0.0953259646 -0.0432562165 -0.571232376
v -0.0669876517 -0.00371368918 -0.569541
v -0.118902511 -0.0140286702 -0.567318132
v -0.0453402743 0.0139126068 -0.568766943
v -0.261923014 -0.141054671 -0.541254537
v -0.0358284169 0.100992056 -0.567297257
v 0.172693971 0.154994606 -0.560790134
v -0.0725614815 0.260188479 -0.546160638
v -0.0552831764 0.254964316 -0.551388375
v -0.0632319166 0.245169957 -0.554087927
v 0.14592892 0.217750683 -0.551358576
v 0.133406173 0.219294514 -0.558680849
v 0.151439561 0.213163926 -0.558853068
v 0.429864966 -0.0818969339 -0.204292508
v 0.419546055 -0.111687524 -0.202828608
v 0.411291459 -0.106402757 -0.232758243
v -0.310334555 -0.00945771875 -0.471488089
v -0.263160508 -0.00336930815 -0.505322316
v -0.0859523644 0.325291695 -0.536713238
v -0.14802242 -0.0934602741 -0.577579901
v -0.135687084 -0.0613260005 -0.571625465
v -0.124355275 -0.0981717067 -0.578466586
v -0.296556316 0.153139923 0.182651799
v -0.319037519 0.139494763 0.179329465
v 0.10040689 0.0913095355 -0.563387378
v -0.00604258521 0.242258561 -0.558936891
v 0.0286612377 0.237170767 -0.56163547
v 0.0428205791 0.105298635 -0.566109033
v 0.280213906 0.158868506 -0.539995742
v 0.27827356 0.167337771 -0.535416978
v 0.292018694 0.154564069 -0.532382874
v -0.0786722104 0.203390932 -0.561625305
v -0.00489410345 0.195256565 -0.568572934
v 0.291625605 0.160357495 -0.518462276
v 0.30390815 0.145725154 -0.518034278
v -0.198885575 0.0405055676 -0.537645999
v 0.0144962509 0.250112173 -0.554235485
v 0.0021586074 0.0665035148 -0.566795954
v 0.0229673582 0.0559872888 -0.565762043
v 0.292854356 0.169314528 -0.252533364
v 0.323082611 0.1572877 -0.24998786
v 0.313718642 0.15122906 -0.279602157
v 0.0218145874 -0.000820078423 -0.566135347
v -0.0616733649 -0.0558222478 -0.57115057
v -0.0276307064 -0.0410136433 -0.569580913
v 0.0230675697 0.0805710229 -0.567120723
v 0.000150955204 0.167885713 -0.568050811
v 0.0276036674 0.035577905 -0.564980254
v 0.0271354785 0.0425075632 -0.565271034
v -0.0209925672 0.301817051 -0.519014067
v -0.0339035577 0.307546026 -0.531750646
v -0.0423182652 0.312929698 -0.525073406
v -0.00199954344 0.287201375 -0.525614281
v 0.292686436 0.185891242 -0.18000244
v 0.270896391 0.193689803 -0.15468993
v 0.319069864 0.184342302 -0.151775449
v 0.00436554086 0.238977322 0.284501814
v 0.109787818 0.237002975 0.233502034
v 0.0373092737 0.0328640565 -0.565004334
v 0.0329803316 0.029902578 -0.564869576
v 0.022240927 0.140086424 -0.567673447
v 0.0327839588 0.169863218 -0.567863101
v -0.138679587 0.11545208 -0.556634733
v -0.314542164 0.14200579 0.13847805
v -0.0484314816 0.315020259 -0.535477415
v -0.0562692378 0.319461671 -0.534455922
v 0.173714426 0.14916593 -0.56123341
v 0.16983758 0.150847775 -0.561305159
v 0.397749785 0.123508502 -0.196724925
v 0.397442844 0.107044166 -0.218548926
v 0.417599946 0.0992027142 -0.189124528
v 0.761456949 0.0355305875 -0.0137681233
v 0.735832951 0.0531796586 -0.0195590451
v 0.27015216 0.169364405 -0.455542855
v 0.342260275 0.154354329 -0.230769252
v 0.345257026 0.142105057 -0.253294602
v 0.359878351 0.139986486 -0.231735787
v 0.258812408 0.175242252 -0.284063691
v 0.0326006877 -0.210185988 -0.558911147
v 0.05117281 -0.21644616 -0.553648023
v 0.0410579501 -0.196371012 -0.559402115
v 0.299001257 0.152481117 -0.487445231
v 0.335522266 0.0153182022 -0.503794763
v 0.341364213 -0.00556747249 -0.490045436
v 0.194946999 0.141012254 -0.562582408
v 0.198865527 0.152131958 -0.563123537
v 0.684908438 0.0210107089 -0.0558741514
v 0.711816878 0.0138455874 -0.0588943878
v 0.240084888 -0.298065152 0.105524697
v 0.268896211 -0.286326307 0.101318318
v 0.258130037 -0.293235079 0.0786443887
v 0.286325742 -0.282151689 0.0731623588
v -0.412094978 0.000291394728 -0.382175547
v 0.272231688 0.169569689 -0.540818288
v 0.321111021 0.121737638 -0.495876451
v 0.328258244 0.100858574 -0.498190596
v 0.315253096 0.123974194 -0.513375172
v 0.346694168 0.0621376168 -0.469224896
v 0.354018587 0.0567868888 -0.44241787
v 0.343553278 0.0815003842 -0.456784043
v 0.265915374 0.182052015 -0.517194943
v 0.204099703 0.194303615 -0.548574831
v 0.236356767 0.186312636 -0.538213772
v 0.16512405 0.184956141 -0.563925165
v 0.152853513 0.1775942 -0.564535496
v 0.148121702 0.189773682 -0.564955368
v 0.0236326803 0.270859014 -0.480190245
v -0.00481953075 0.292031603 -0.505296434
v -0.016700409 0.290616321 -0.488378008
v 0.0605865954 0.136859644 -0.566816299
v 0.0777559149 0.115958112 -0.566116463
v 0.131283576 0.199075645 -0.564818223
v 0.133994346 0.208815338 -0.564156824
v 0.116988078 0.211640743 -0.564030864
v 0.14788782 0.205919011 -0.563496593
v 0.122632004 0.218130574 -0.56231074
v 0.144691306 0.21347013 -0.562086413
v 0.404903614 0.146838412 -0.120226189
v 0.349527514 0.192633075 -0.0609662406
v 0.350376767 0.188009996 -0.0835469323
v 0.281404425 0.154918919 -0.370099456
v 0.322729019 0.19952801 -0.074244651
v 0.33230315 0.193109319 -0.100370697
v 0.294439134 0.203410319 -0.0918690191
v 0.0527489409 0.208808557 -0.566527822
v 0.0685303272 0.193245805 -0.566954757
v 0.0434350039 0.19058226 -0.567500883
v 0.0446407718 0.263699135 -0.510542867
v 0.0163867693 0.280044222 -0.506736896
v -0.0736235097 0.314204374 -0.539103116
v -0.143374574 0.248019365 -0.516938352
v 0.357331566 -0.195786023 -0.232323792
v 0.373148224 -0.181599781 -0.218399667
v 0.365519838 -0.200835795 -0.197958232
v -0.13997874 0.280548037 -0.469194684
v -0.19512326 0.220193024 -0.396341497
v -0.12657753 0.262334399 -0.417764812
v 0.103593136 0.216205232 -0.378676759
v 0.0557710039 0.247055534 -0.440467832
v -0.0329279796 0.269559088 -0.439300383
v -0.0251166301 0.302666609 -0.508903713
v 0.254855053 0.12588313 -0.55827788
v 0.269354225 0.12774243 -0.554765783
v 0.0977537576 0.225685806 -0.561534664
v 0.228360287 0.173100871 -0.555479216
v 0.23137229 0.161610313 -0.559068067
v 0.217827017 0.17934384 -0.55547166
v 0.369600384 -0.0171839473 -0.404588239
v 0.466396801 -0.0340095308 0.115977237
v 0.514912132 -0.0274696436 0.111807822
v 0.497561338 -0.0460863871 0.1093748
v 0.254544896 0.173620007 -0.545679374
v 0.205568923 0.183762918 -0.558143503
v 0.167521507 0.21039996 -0.553959894
v 0.175046878 0.208990657 -0.551048546
v 0.182470105 0.201406097 -0.55713371
v 0.162873135 0.209155277 -0.5574815
v 0.104466468 0.219534276 -0.564279966
v 0.0917438058 0.22312861 -0.564155107
v 0.332957024 0.0449479783 -0.505623667
v 0.6967478 -0.0037635617 -0.0676051338
v 0.724225832 -0.000532697843 -0.0608885526
v 0.699727173 0.00550745421 -0.0641836379
v 0.262535472 0.141166588 -0.554072571
v 0.264679944 0.149994138 -0.553021734
v 0.221941865 0.141196637 -0.561720656
v 0.286759561 0.0191431647 -0.543765055
v 0.294037431 0.00147676747 -0.540564702
v 0.302108985 0.0169639491 -0.535532346
v 0.329582968 -0.00569491598 -0.508467669
v 0.362231907 0.0336341863 -0.420164517
v 0.364252763 0.00528694886 -0.421978343
v 0.369143664 0.0397097461 -0.386363126
v 0.346386239 0.100727926 -0.357044858
v 0.333947193 0.120227088 -0.342470491
v 0.329709366 0.0832262687 -0.503989152
v 0.270119229 -0.0483608354 -0.54048027
v 0.273653384 -0.0872142334 -0.533726966
v 0.260904573 -0.0653418369 -0.541254093
v 0.407820227 -0.13386232 -0.208500598
v 0.315363805 0.00786061985 -0.525013862
v 0.306487247 -0.0067288718 -0.532092949
v 0.248452066 0.157612948 -0.554806699
v 0.293218317 -0.0486872421 -0.530778513
v 0.230755617 0.0427373102 -0.554188176
v 0.208805558 0.0860734436 -0.557789839
v 0.223030175 0.0849179233 -0.55342401
v 0.242074956 0.092657194 -0.554931225
v 0.273504019 0.0867558799 -0.549901199
v 0.355425888 0.0746511966 -0.380666571
v 0.323675781 0.174472621 -0.184988757
v 0.307663771 0.140425194 -0.468470956
v 0.285584882 0.153284967 -0.40525022
v 0.173838054 0.144810909 -0.560501554
v 0.1767579 0.147555254 -0.561197836
v 0.175249696 0.140850009 -0.560370334
v 0.349122137 0.125730005 -0.279647539
v 0.679311344 0.00426666241 -0.0648539221
v 0.684570913 0.0122547533 -0.062923255
v 0.642213496 0.0149818223 -0.0617867644
v 0.299497121 0.153317309 -0.503935462
v 0.310118288 0.138176851 -0.490659573
v 0.310167464 0.136747643 -0.504208739
v 0.44164112 -0.105893627 -0.119408371
v 0.735070987 0.0202959501 -0.0466208921
v 0.756024778 -0.0240751391 -0.0553544856
v 0.175447228 0.134403725 -0.560612572
v 0.322626149 0.122108277 -0.47729829
v 0.335042629 -0.0264040879 -0.494134995
v 0.334011846 -0.0505028818 -0.489964137
v 0.344577596 -0.0344492274 -0.472843847
v 0.354935985 -0.0268654982 -0.449835328
v 0.349204545 -0.00431163739 -0.468754707
v 0.357742326 0.000347998693 -0.44601247
v 0.293553878 0.0409811989 -0.537789157
v 0.356541785 0.0627241977 -0.414395032
v 0.347674874 0.0781173042 -0.435243735
v 0.3880228 -0.0843586843 -0.315896272
v 0.394034559 -0.0986949805 -0.286674069
v 0.402151282 -0.0657211839 -0.289323543
v 0.353732604 0.0397408524 -0.455316254
v 0.704651788 0.0503343128 -0.0350461035
v 0.674487392 0.0558498009 -0.032548876
v 0.704354624 0.0613832536 -0.0253072242
v 0.322530646 0.120090788 -0.45417732
v 0.446215034 0.0621948032 -0.172972271
v 0.451636846 0.0394016399 -0.176320797
v 0.308919701 0.0420204892 -0.528000762
v 0.324729623 0.0262246073 -0.516855008
v 0.358353643 0.0387514509 -0.440683253
v 0.359862575 0.0221561733 -0.441928881
v 0.418288089 0.0642612079 -0.230626452
v 0.412477996 -0.0400583071 -0.272806621
v 0.411015824 -0.0110658896 -0.28049448
v 0.421223511 -0.0192362693 -0.252112579
v 0.371435778 0.0829639898 -0.312609676
v 0.389102794 0.0566858655 -0.299836291
v 0.389804464 -0.118259547 -0.0246134728
v 0.445105114 -0.0970893595 -0.0170715344
v 0.40101697 -0.108264419 -0.041544453
v 0.212164026 -0.133618755 -0.534812367
v 0.230269269 -0.140708003 -0.526306864
v 0.229871399 -0.11931104 -0.534604682
v 0.34662196 -0.224811833 -0.184195474
v 0.329007777 -0.244394291 -0.172249663
v 0.44059152 -0.0524691077 -0.193489207
v 0.431474523 -0.0510718909 -0.219039451
v 0.469265201 0.0319165023 -0.149080044
v 0.484345422 0.0431260053 -0.12014785
v 0.429533984 0.105900215 -0.155052631
v 0.415011294 0.0858680615 -0.217379206
v 0.741043807 0.00765308586 -0.0534460409
v 0.752835601 -0.00267151644 -0.0539783078
v 0.779144954 0.00447026601 -0.0399093016
v 0.307855072 0.108909766 -0.531226977
v 0.267165127 0.0347858939 -0.547535822
v 0.266388433 0.016805982 -0.548612207
v 0.4091115 -0.186149451 -0.0156885136
v 0.41176393 -0.179619892 -0.0401003493
v 0.404281909 -0.196052347 -0.0390945609
v 0.498408713 0.0337769233 0.103847553
v 0.472253149 0.0561622647 0.0924824865
v 0.529755553 0.0499725579 0.0906985387
v 0.418554001 0.0103837063 -0.254450192
v 0.282499401 -0.00346979072 -0.542995028
v 0.345785773 -0.242556312 -0.132112115
v 0.430805242 -0.0282892733 -0.22927529
v 0.422488522 -0.0463101151 -0.245219285
v 0.211692852 0.111353054 -0.55923944
v 0.362854801 -0.019596666 -0.428960199
v 0.316696354 -0.0197629906 -0.520296628
v 0.400062459 -0.0339404322 -0.306402001
v 0.398372557 0.00317165553 -0.309590363
v 0.406478513 0.0141360185 -0.28436239
v 0.300417828 0.144113767 -0.425542654
v 0.374153762 0.100536202 -0.277993746
v 0.356134135 0.109209857 -0.302340159
v 0.34313494 0.0902431459 -0.415444236
v 0.417182575 0.127977082 -0.139917864
v 0.395966021 0.0325164607 -0.306399372
v 0.391799211 0.072019611 -0.278351513
v 0.405145126 0.0413253383 -0.274859107
v 0.407360596 0.0616289697 -0.255035971
v 0.365160648 0.0759628686 -0.346451373
v 0.358283068 0.0917437264 -0.335950467
v 0.293078771 0.0625247303 -0.54136712
v 0.371063861 -0.0455693563 -0.389354544
v 0.365102534 -0.0372552913 -0.413593486
v 0.283967351 0.0535660662 -0.543344126
v 0.297821709 0.177083731 -0.205484216
v 0.245562859 0.191014003 -0.199260791
v 0.285033098 0.179783815 -0.226400734
v 0.370280672 -0.120156543 0.315375341
v 0.362405662 -0.111745711 0.352838827
v 0.375977021 -0.092143012 0.331760869
v 0.396495012 0.0881927018 -0.247963747
v 0.269810154 0.168593093 0.495351071
v 0.284986635 0.16725182 -0.528563725
v 0.443325704 0.101166885 -0.135469513
v 0.619097556 0.0527917952 -0.0358171663
v 0.655392743 0.0640364635 -0.0250342439
v 0.640028199 0.0690427188 -0.014727941
v -0.277821955 0.121017101 0.369237578
v 0.167847215 0.212900999 -0.540717435
v 0.191643253 0.151903965 -0.56246375
v 0.191194489 0.163278223 -0.563800305
v 0.723363573 0.0580456486 -0.0241732773
v 0.371857018 0.119366373 -0.246982613
v 0.377008082 0.130517186 -0.216180537
v 0.305465345 0.0664712265 -0.53518096
v 0.359741766 0.15153987 -0.208022472
v 0.396521253 0.145760538 -0.145009279
v 0.439446552 0.0387505392 0.112760907
v 0.0956745745 0.216238752 -0.565521726
v 0.278172699 0.199096142 -0.122818621
v 0.18983088 0.192918552 -0.303049759
v 0.404594846 0.166836326 0.00948728913
v 0.362829925 0.177832855 -0.103533999
v 0.387909175 0.163117047 -0.104606982
v 0.264757567 0.223475257 0.012278283
v 0.286451786 0.220078644 -0.0057131687
v 0.250391703 0.223537413 -0.000469032732
v 0.25468353 0.209358591 -0.0934591429
v 0.263554444 0.21109881 -0.0754741469
v 0.321033443 0.204190426 -0.0511815709
v 0.282495571 0.213640073 -0.0552821635
v 0.305454013 0.210847075 -0.0291324677
v 0.48380944 0.0131926569 -0.126607162
v 0.527514121 0.0341543481 -0.0748227629
v 0.376413137 0.186217186 0.0282071701
v 0.39643668 0.173120312 0.0426671511
v 0.370676849 0.18949791 0.0578056626
v 0.224442447 0.226800857 0.0304332425
v 0.267648979 0.225113917 0.0237146929
v 0.282322886 0.164613514 0.452083218
v 0.282813847 0.16234123 0.472365866
v 0.420735303 0.14972057 -0.0254016991
v 0.433959357 0.137859482 0.00808631281
v 0.700872553 0.0707976079 -0.00469487899
v 0.716646386 0.0683489663 -0.00136284685
v 0.713397622 0.0683747275 0.00391148373
v 0.346965136 0.20108782 0.0436781211
v 0.731998162 -0.058330776 -0.0471070027
v 0.576106678 0.0782305363 0.0203279087
v 0.615525907 0.0747621916 0.0322502902
v 0.555636776 0.0769711305 0.0447215298
v 0.720264692 0.0285773713 0.0459318961
v 0.756707095 0.0187459425 0.0272773079
v 0.724534924 0.0183251138 0.0502773562
v 0.339939864 0.200727871 -0.0343280992
v 0.273291931 0.154091662 0.538891825
v 0.354130067 0.199077794 0.0128811167
v 0.139250897 0.182415118 -0.564728606
v 0.122402979 0.186622308 -0.565907281
v 0.417978527 0.101542067 0.169195069
v 0.41587989 0.0922167145 0.197694566
v 0.403743905 0.127461754 -0.168164772
v 0.222817451 0.217840294 -0.058190719
v -0.395693655 0.0738641564 0.186722327
v 0.420871077 0.00562453358 0.242956599
v 0.416236358 0.15667173 0.0331797543
v 0.380556381 0.164867122 0.163315765
v 0.378350858 0.173592547 0.131307342
v 0.40190438 0.147121719 0.141239172
v 0.357847413 0.183738737 0.161889024
v 0.347215146 0.175499083 0.23384278
v 0.363568623 0.159176985 0.236785122
v 0.363633311 0.167280269 0.213200861
v 0.598787483 -0.0754609472 0.0827333011
v 0.556898187 -0.0622535727 0.0955849618
v 0.545508656 -0.0804796952 0.0853533118
v 0.709256763 0.0658616868 0.0158611189
v 0.691478062 0.0717942985 0.00812996943
v 0.626735723 0.00330661287 0.094766255
v 0.598444333 -0.00485077911 0.101629744
v 0.59463717 0.0165468566 0.0982580304
v 0.419548131 0.145660117 0.0775715727
v 0.420932234 0.13348266 0.109939236
v 0.402534244 0.157663419 0.106698096
v 0.331373887 0.165542344 -0.208531671
v 0.709669383 0.0650186633 -0.0189761737
v 0.716027605 0.0661631158 -0.0129990342
v 0.722004997 0.0618009696 -0.0186534863
v 0.26515988 0.221688104 -0.0248512284
v 0.325782892 0.209499809 -0.0039274897
v 0.333638762 0.158733034 0.304747991
v 0.335175839 0.145206126 0.332694803
v 0.683522733 0.0710496222 0.0174204862
v 0.655598011 0.0728172005 0.0231627005
v 0.536370093 0.0842310734 0.0296190298
v 0.519510201 0.0852609244 0.0109869453
v 0.401415529 0.0152837051 0.302059081
v 0.408469509 -0.00977659207 0.285724447
v 0.407522785 0.0878778525 0.228516678
v 0.398780717 0.118550788 0.215621433
v 0.407074816 0.128405974 0.166404308
v 0.409350542 0.116328329 0.187424443
v 0.723021913 0.0628054334 0.00587354672
v 0.428761271 0.0854448466 0.143463267
v 0.433361638 0.0857583768 0.118254187
v 0.666854831 -0.0740708851 0.070072068
v 0.647165298 -0.0832558536 0.0653937359
v 0.637143559 -0.0766633723 0.07513048
v 0.303308616 0.210536091 0.162966425
v 0.309600913 0.0492306342 0.551310928
v 0.36203681 0.176696363 0.187706086
v 0.636252806 -0.0152792037 0.0955748985
v 0.120446965 0.250510908 0.538941869
v 0.382298688 0.157381679 0.190113468
v 0.259913535 0.221772678 0.112460794
v 0.31673879 0.202724035 0.208047779
v 0.186890346 0.212167055 0.555575866
v 0.202436533 0.196187938 0.565464486
v 0.174954673 0.205597458 0.569720087
v 0.274272473 -0.00948192315 0.588737057
v 0.254864771 -0.000941885914 0.597822587
v 0.252974323 -0.0233748617 0.595696934
v 0.384967532 0.175062359 0.0984395815
v 0.248876375 0.180007239 0.535734988
v 0.43510785 0.104882085 0.0344214724
v 0.293858284 0.21388104 0.133030266
v 0.334667333 0.202028136 0.110967343
v 0.280075175 0.221570109 0.03804554
v 0.637787125 0.0742366541 0.0066691848
v 0.185441549 0.229417235 0.116482297
v 0.10568052 0.236746942 -0.529050722
v 0.187785152 0.208320599 -0.511530056
v 0.0969211528 0.238153451 -0.466873562
v 0.339928875 -0.0271156732 0.497132783
v 0.334006759 -0.0244106834 0.512166023
v 0.330551286 -0.0434147058 0.513416802
v 0.341237086 0.172108063 0.261548546
v 0.381368091 0.146696737 0.213673334
v 0.0795355605 0.258984297 0.451252416
v 0.393867034 0.0534118216 0.305333899
v 0.376599188 0.0268675892 0.377030435
v 0.371087076 0.00607672463 0.399871504
v 0.324856585 0.203615338 0.141430045
v 0.321680057 0.117959093 0.458854651
v 0.322545661 0.105883375 0.478887317
v 0.376787652 -0.0203409619 0.380586651
v 0.370417531 -0.0245931939 0.401782093
v 0.372343336 -0.0450156382 0.387817711
v 0.380910268 -0.0459084535 0.360793663
v 0.390025149 -0.0329590443 0.335615016
v 0.386735347 -0.0638946937 0.328247604
v 0.349562103 0.19174994 0.136068841
v 0.39653303 0.136068617 0.190210168
v 0.043330852 -0.333099609 0.243410967
v 0.0590108275 -0.332761566 0.213109278
v 0.0263319113 -0.335674845 0.21732564
v 0.3110977 -0.186888488 0.364939129
v 0.295316476 -0.203708426 0.364011472
v 0.309103103 -0.197679009 0.337488343
v 0.234768409 0.211453983 0.342083532
v 0.0744703351 0.235013496 0.141712625
v 0.365394833 0.189348853 0.0877938912
v 0.390114535 0.17602556 0.0715794369
v 0.280756418 0.215244944 0.191716548
v 0.281225752 0.139214803 0.546047762
v 0.266197937 0.151988385 0.552903039
v 0.247080836 0.223433231 0.145122762
v 0.272827615 0.207689956 0.265223754
v 0.259020453 0.206003659 0.309974193
v 0.13337519 0.242060334 0.551724611
v 0.151320029 0.234141389 0.544855358
v 0.233042455 0.202117155 0.426603831
v 0.261585913 0.182224514 0.435511307
v 0.361041319 0.150914868 0.256767678
v 0.270747902 0.219440392 0.165381515
v 0.226089117 0.224626464 0.19641708
v -0.0153894922 0.277577535 0.527197504
v 0.319076317 0.128169556 0.435320118
v 0.303286531 -0.0104975376 0.56638959
v 0.311545298 -0.000500860062 0.557069108
v 0.312562876 -0.0255617114 0.554351757
v 0.328730935 0.143264509 0.361838887
v 0.346527717 0.123287031 0.350868314
v 0.311569685 0.170868723 0.327251058
v 0.316606526 0.174838606 0.304173103
v 0.332212581 0.16922739 0.286708095
v 0.253778321 0.17932029 0.517921495
v 0.0906171577 0.240063257 0.583443833
v 0.0866913154 0.184536691 0.608057948
v 0.106868496 0.2023796 0.597065954
v 0.697886506 0.0679246518 -0.0156794075
v 0.286630401 0.120452457 0.552411452
v 0.298911598 0.103770867 0.543356081
v 0.420745228 0.0339665307 0.23050213
v 0.10506363 0.250323096 0.562672729
v 0.0911098708 0.248878937 0.573579143
v 0.106059527 0.241428742 0.574066142
v 0.380504176 0.0386185334 0.357566975
v 0.146116207 0.20347516 0.584509017
v 0.17700485 0.189338633 0.580484534
v 0.106738922 0.229345079 0.585941079
v 0.092306869 0.223041336 0.591908549
v 0.344997548 -0.0633787696 0.464854661
v 0.124007967 0.15210713 0.609548672
v 0.123732488 0.125023997 0.613105559
v 0.0897633271 0.142269363 0.614347289
v 0.259478238 0.147629626 0.566438452
v 0.273342724 0.134520083 0.560793641
v 0.108847992 0.172144474 0.606701395
v 0.137728275 0.0792084187 0.614600676
v 0.210237326 0.17255785 0.579306414
v 0.222226667 0.110372245 0.59741574
v 0.195765016 0.0969839123 0.60288317
v 0.200853756 0.130038367 0.597567142
v 0.16781666 0.127176251 0.603750572
v 0.33616669 0.11126008 0.416150404
v 0.353995834 0.0908181524 0.392917037
v 0.346924315 0.085787347 0.425901215
v 0.129977477 0.180172852 0.59947527
v 0.149654394 0.160335036 0.600296684
v 0.182321571 0.159112402 0.593117463
v 0.157965645 0.181014769 0.591640133
v 0.726096818 0.0579820899 0.0105774681
v 0.26429376 0.130263333 0.573098994
v 0.252024158 0.140946029 0.577276102
v 0.254433428 0.125135197 0.583822045
v 0.670062936 0.0745170961 0.0120002148
v 0.675990965 0.0740231596 0.00304908891
v 0.285530497 0.141840367 0.532357971
v 0.242048177 0.157659371 0.57250969
v 0.229062365 0.177402813 0.565193372
v 0.394798225 0.147383701 0.169854871
v 0.319973963 0.212323147 0.0269475699
v 0.246817522 0.218371874 -0.0387663703
v 0.322596355 0.0509049141 0.53232393
v 0.159429106 0.221780611 0.560818815
v 0.332478093 0.107092071 0.437886865
v 0.255231751 0.104927596 0.588215144
v 0.264031531 0.0878836821 0.584677424
v 0.245314428 -0.00733452038 0.6008245
v 0.340215554 0.0555342433 0.484732534
v 0.328962778 0.0571930531 0.511145065
v 0.376745877 0.0648764944 0.341574501
v 0.414109966 -0.169357676 -0.109150748
v 0.738774773 -0.0729600636 -0.0224202142
v 0.789268792 -0.0551850018 -0.0280868483
v 0.299727108 -0.0273862276 0.569362671
v 0.291027313 -0.00920643967 0.576066981
v 0.297710278 0.0113560668 0.571460826
v 0.431890385 0.133271052 0.0611056438
v 0.427730373 0.143130721 0.0462157788
v 0.694323081 -0.0811853543 0.0429533645
v -0.0140591893 -0.19803398 0.623122456
v 0.25032124 -0.213432525 0.478302714
v 0.252040426 -0.203849933 0.502521167
v 0.235912036 -0.221973248 0.494220436
v 0.298234214 0.153783575 0.426192068
v 0.32160371 0.13213838 0.411908585
v 0.430609034 -0.023963058 0.212769942
v 0.424264272 -0.038825155 0.230919918
v 0.435450035 -0.0314894493 0.196084436
v 0.389431475 0.0324193606 0.331780681
v 0.36324079 0.0310362921 0.419029692
v 0.356245712 0.0454855828 0.440539047
v 0.350431992 0.0708633025 0.442326178
v 0.355481665 0.063754472 0.427451299
v 0.655640277 -0.0296661039 0.0911922098
v 0.653752572 -0.0440004176 0.0892407856
v 0.678968949 -0.0352281181 0.0846741221
v 0.37335934 -0.138498612 0.27765106
v 0.374516344 -0.158533215 0.242750147
v 0.384794255 -0.136712198 0.253457232
v 0.309886391 0.0232124778 0.554418862
v 0.71021047 0.00820990417 0.0639152631
v 0.696394434 -0.0292850827 0.0794136816
v 0.699542283 -0.0402084268 0.0757485662
v 0.279560587 0.0114175131 0.583168476
v 0.327268659 -0.171636121 0.350334713
v 0.349252037 -0.145414438 0.339375982
v 0.337581564 -0.152454206 0.364323766
v 0.354839532 -0.0131298417 0.453354799
v 0.184447477 -0.145237495 0.594726067
v 0.19966893 -0.125063343 0.597756843
v 0.179071285 -0.116359569 0.603236755
v 0.287102602 -0.0276360887 0.579855402
v 0.261058096 0.0141979904 0.592459395
v 0.296853552 0.0356983601 0.567214509
v 0.677460772 -0.049318298 0.0811494193
v 0.285851585 0.0255920224 0.578994901
v 0.33809713 0.0374642164 0.498065971
v 0.291183704 -0.182049074 0.444966484
v 0.273409654 -0.195590215 0.464558129
v 0.274134359 -0.203508437 0.437110447
v 0.232539477 0.085334708 0.598830916
v 0.33376738 0.0810833865 0.479691604
v 0.280587006 0.044089801 0.578823279
v 0.318091325 -0.00993144065 0.545315689
v 0.239089176 -0.200855008 0.529476913
v 0.235328375 -0.214228245 0.514200275
v 0.250553684 -0.196626658 0.520891818
v 0.311207331 0.0842223349 0.534137349
v 0.238019207 -0.0880241911 0.592181131
v 0.252081898 -0.107297683 0.583913819
v 0.291201502 -0.191623275 0.4219966
v 0.334121345 -0.00264272923 0.510673984
v 0.26668982 -0.193783955 0.488582161
v 0.223118667 0.130336873 0.592137063
v 0.214264033 0.149781204 0.589058056
v 0.238474123 0.139301074 0.584309128
v 0.346422438 -0.035147919 0.471264645
v 0.337065614 0.128084279 0.372535267
v 0.316416655 0.145920276 0.390298598
v 0.324940513 -0.0220566829 0.530567331
v 0.393680927 0.00728065066 0.332535819
v 0.385883692 0.0128244127 0.355545085
v 0.380244216 0.00405181623 0.37502993
v 0.270583057 0.0289100524 0.586920936
v 0.440013124 -0.0274796766 0.181801905
v 0.435261735 -0.0106123804 0.196960866
v 0.400336557 0.0793164949 0.260883754
v 0.37846721 0.106122436 0.285490203
v 0.391155463 0.0765944379 0.288302056
v 0.533217175 -0.0472632529 0.105318332
v 0.176832869 -0.321451425 -0.0916674891
v 0.1584951 -0.325957731 -0.0813965921
v 0.172423516 -0.323579955 -0.0701624687
v 0.354281444 0.0280991891 0.456841739
v 0.34947739 0.0451279368 0.464289422
v 0.346053163 0.0276995838 0.477430792
v 0.379656411 0.137197768 0.240040208
v 0.390704675 0.110392829 0.249115765
v 0.362013275 0.116285782 0.320969443
v 0.378489475 0.0855392301 0.314520043
v 0.528448739 0.0667512825 0.0739493402
v 0.359976264 0.0109479086 0.434061026
v 0.425010916 -0.0155749674 0.231877949
v 0.430006588 0.00315873657 0.216670647
v 0.398007072 -0.0159098043 0.312719532
v 0.391788273 -0.00819601445 0.339335723
v 0.434760161 0.0131600187 0.136761129
v 0.419801604 0.0263774897 0.126265048
v 0.427077983 0.00373352846 0.128634077
v 0.439542653 -0.0125324247 0.135160253
v 0.39026698 -0.135408561 0.0414865961
v 0.403544099 -0.121214668 0.0568793093
v 0.442739573 -0.019122025 0.164080543
v 0.258123856 0.209263031 0.288568314
v 0.208891283 0.221970531 0.295340551
v 0.458870253 0.0960517676 0.0263988976
v 0.44154119 -0.00320934168 0.148854524
v 0.449067392 -0.0369589102 0.140828835
v 0.153920228 -0.321083551 0.128861583
v 0.33758108 0.120345478 0.392379287
v 0.726564401 0.0432677192 0.0283588869
v 0.724621264 0.0372564004 0.0387455111
v 0.709205817 0.0485707102 0.0384020255
v 0.417176296 -0.0202745021 0.257164058
v 0.406388442 -0.0400088177 0.284681013
v 0.414091959 0.0621755333 0.236900012
v 0.73816472 0.00232993284 0.0503569841
v 0.418629805 0.118044399 0.140022176
v 0.432040656 0.108133645 0.114251198
v 0.738552989 0.0540498613 -0.000268516415
v 0.512804512 -0.0597204119 0.103252025
v 0.672913744 0.0444838245 0.0601387159
v 0.641898737 0.0463303566 0.0716223306
v 0.421968175 0.0510453199 0.119979583
v 0.432719139 0.075443816 0.107001688
v 0.700494847 -0.0535769182 0.0693330896
v 0.67423054 -0.0629610141 0.0752961273
v 0.411504563 0.160948945 0.0588713309
v 0.433611208 0.0567509778 0.154019354
v 0.413921411 -0.0537694141 0.253594709
v 0.408081088 -0.0863342424 0.249563866
v 0.41477597 -0.0929572439 0.22346773
v 0.465052322 -0.00487283444 0.119106999
v 0.59935086 -0.021424661 0.101960825
v 0.562426509 -0.0158470216 0.107239793
v 0.410403282 0.050616635 0.256483554
v 0.450268246 -0.0471377387 0.122876603
v 0.572261301 0.0372302825 0.0938495202
v 0.559496172 0.00421995226 0.106891186
v 0.522008092 -0.0063654432 0.112359127
v 0.510911868 0.0113284732 0.111567198
v 0.401255655 0.0595130524 0.277365246
v 0.363863246 0.186964631 0.11349883
v 0.696530987 0.0281494588 0.0605536941
v 0.678595482 0.0141047435 0.0756924707
v 0.313697714 0.0659181767 0.53905489
v 0.404839057 -0.0660414894 0.273075854
v 0.385807668 -0.0146232658 0.357927075
v 0.708830041 -0.0309688726 0.0718605873
v 0.349870028 -0.0758496913 0.445486628
v 0.280606133 -0.215201984 0.374732962
v 0.298079411 -0.192222141 0.39429707
v 0.614184993 -0.055132138 0.0918875195
v 0.632430175 -0.067492971 0.0837604483
v 0.65150227 -0.0580870693 0.0839628296
v 0.724936741 -0.0255449472 0.063592315
v 0.338019813 -0.0561524176 0.489812821
v 0.721178377 -0.0398066564 0.0630498985
v 0.705289021 0.055928139 0.0293854806
v 0.384650344 -0.164302625 0.21009956
v 0.388168788 -0.150316415 0.224827981
v 0.397041829 -0.142822251 0.212090581
v 0.224491739 -0.246749359 0.41341727
v 0.18939065 -0.280068493 0.349245474
v 0.231859754 -0.249463128 0.377821036
v 0.437071068 -0.109369937 0.066839541
v 0.494678399 -0.108284541 0.0587772751
v 0.506499212 -0.0965512599 0.0748271712
v 0.56257534 -0.100217224 0.0596071756
v 0.716277444 -0.0523371321 0.0604218282
v 0.710898131 -0.0608752561 0.0590932303
v 0.608316359 -0.0891437825 0.0677175511
v 0.203616798 -0.242137696 0.497095493
v 0.191227362 -0.238090966 0.521503291
v 0.216242981 -0.227337628 0.515013858
v 0.653846698 -0.068628066 0.0789280328
v 0.293671483 -0.0410307256 0.572213404
v 0.604476433 -0.0981180397 0.0538975256
v 0.440657133 -0.0888275579 0.105849059
v 0.447479535 -0.117985555 0.0479628841
v 0.738139358 0.0398116112 -0.03066321
v 0.45899905 -0.0586422311 0.102034605
v 0.441873974 -0.079695966 0.100548019
v 0.548626313 0.0205738637 0.10402495
v 0.435015952 -0.113674843 0.120123257
v 0.434393815 -0.109034559 0.104303265
v 0.450532802 -0.0633889234 0.122555994
v 0.398796465 -0.154513654 0.189052764
v 0.68220652 -0.0932332468 0.0202504084
v 0.692017967 -0.0885259615 0.032043564
v 0.386782798 -0.223409095 -0.00992084841
v 0.39915959 -0.206018696 -0.0136603974
v 0.391367453 -0.216462863 -0.0415447258
v 0.655825519 -0.0513238182 -0.0594524687
v 0.664711875 -0.0378584533 -0.064820719
v 0.305509959 -0.159908973 0.452528183
v 0.317648353 -0.132719411 0.46756043
v 0.321326037 -0.142957236 0.438480609
v 0.224077299 -0.309139009 0.044676837
v 0.258563093 -0.271802418 0.203627615
v 0.342921734 -0.259628139 0.00292345326
v 0.341304831 -0.260021197 -0.0234535609
v 0.321733386 -0.270987991 -0.00811151387
v 0.209925786 -0.141096166 0.589114337
v 0.342126038 -0.123278588 0.408241406
v 0.354355148 -0.0958645173 0.4072997
v 0.343452036 -0.109397403 0.427634309
v 0.373149939 -0.185649144 0.197161005
v 0.309957312 -0.26781962 0.0922737082
v 0.298210005 -0.268273797 0.125293453
v 0.329409162 -0.250624039 0.115281762
v 0.354834284 -0.150628968 0.305992239
v 0.348565283 -0.174873254 0.277920116
v 0.435285934 -0.0643722094 0.184386484
v 0.334740649 -0.173152616 0.319042761
v 0.317141772 -0.200173354 0.300759145
v 0.296560835 -0.225109029 0.290405062
v 0.428167949 -0.127168393 0.096924959
v 0.425842561 -0.137105587 0.109723733
v 0.392276988 -0.134956301 0.234441657
v 0.32311543 -0.168692947 0.37702138
v 0.436530802 -0.102335549 0.14034282
v 0.41535871 -0.146719577 0.147902412
v 0.410635888 -0.144720093 0.171602031
v 0.3193287 -0.164436652 0.399290367
v 0.291076639 -0.155741583 0.502738188
v 0.300073275 -0.155585934 0.477896694
v 0.307882278 -0.134468685 0.493602205
v 0.250332336 0.0899320656 0.592798668
v 0.23629711 0.00897920165 0.60090582
v 0.274188997 -0.226011905 0.347240234
v -0.154651916 -0.22528829 0.596253198
v -0.171622627 -0.226220887 0.589055741
v 0.728037276 -0.0500627265 -0.0535199744
v 0.697651301 -0.0563923592 -0.0540140905
v 0.258248082 -0.0792489354 0.586032891
v 0.323074976 -0.080211833 0.509993383
v 0.349427536 -0.0899493191 0.430126091
v 0.638945134 0.0192268652 0.0869416106
v 0.0412099835 -0.323806896 0.440344479
v 0.373727131 -0.0775622425 0.355109133
v 0.342312676 -0.0973694324 0.446764664
v 0.209031227 -0.11034445 0.598357909
v 0.220572327 -0.0936788389 0.598549556
v 0.336332441 -0.144471036 0.387727271
v 0.327907478 -0.145468538 0.414636485
v 0.351700984 -0.116401584 0.38448656
v 0.347661946 -0.134571082 0.365887295
v 0.303332262 -0.0507084922 0.559526356
v 0.283777287 -0.0447858864 0.580359143
v 0.274529675 -0.060526529 0.582268836
v 0.29027566 -0.0572471747 0.572539315
v 0.279927536 -0.0800737752 0.574225381
v 0.145971895 0.181713025 0.594198328
v 0.179957627 -0.321581461 0.0196876874
v 0.195403496 -0.317534199 -0.00930452789
v 0.27257817 -0.0361923226 0.586984125
v 0.254940584 -0.051892796 0.594132129
v 0.321876541 -0.108080658 0.489343745
v 0.371534348 -0.0658819631 0.376068049
v -0.0679963674 -0.284129427 0.566213166
v 0.0855904293 -0.0511662834 0.630910676
v 0.33187535 -0.119488201 0.445554113
v 0.311103112 -0.112502095 0.511694417
v 0.294738744 -0.0777021507 0.560264409
v 0.282282769 -0.104913889 0.561743701
v 0.300515763 -0.0960192522 0.544414409
v 0.290454917 -0.134534897 0.53183162
v 0.277398945 -0.143274889 0.540954879
v 0.288302921 -0.121404007 0.544917389
v 0.271883014 -0.130298467 0.557336197
v 0.760509814 -0.0245960599 0.0412206779
v 0.333965424 -0.128616297 0.427229801
v 0.361895093 0.0489643344 0.418650656
v 0.363862613 -0.0890532172 0.378483323
v 0.396458643 -0.0658437619 0.297166035
v 0.385539376 -0.0904518868 0.306847112
v 0.383563393 -0.110747634 0.287116128
v 0.31012276 -0.0969373908 0.526434021
v 0.241745824 -0.148752634 0.570863193
v 0.258069982 -0.23182389 0.376058533
v 0.248779415 -0.235227457 0.397268759
v 0.253824646 -0.217819821 0.451633822
v 0.258387276 -0.155075802 0.553541813
v 0.233174555 -0.171392953 0.559690793
v 0.0508838749 -0.232274511 0.595905401
v 0.0553323812 -0.200184491 0.611438615
v 0.192555849 -0.0226641168 0.607634272
v 0.221534003 -0.154911631 0.57763411
v 0.163345438 -0.0865009462 0.611346584
v 0.1996984 -0.0811021194 0.603810539
v 0.121576695 -0.158794979 0.607457246
v 0.282708834 -0.176100653 0.485765674
v 0.230029664 -0.194422004 0.544179067
v 0.213685045 -0.19238284 0.559167016
v 0.215080288 -0.205901804 0.546076718
v 0.178779939 -0.306587787 0.194487236
v 0.14557224 -0.316455561 0.20054835
v 0.269515238 -0.0992410684 0.574631043
v 0.238771759 -0.232597504 0.438306081
v 0.170964428 -0.178295895 0.585842366
v 0.153672023 -0.150161791 0.599856552
v 0.395366381 -0.213256401 0.0168308943
v 0.378375764 -0.232750881 0.0162386683
v -0.0503406104 -0.294759657 0.555949426
v 0.387843422 -0.172934629 0.184906519
v 0.399242493 -0.171080067 0.158745699
v 0.211451094 -0.173199569 0.57247473
v 0.361790682 -0.203370773 0.186156805
v 0.114430183 -0.260575669 0.549661779
v 0.19396542 -0.188316895 0.570911486
v 0.174181301 -0.206152783 0.567858694
v 0.674169639 -0.0810881197 0.0565714963
v 0.639964802 -0.0911023814 0.0551725028
v 0.197480451 -0.208029071 0.555061037
v 0.203809592 -0.221437026 0.536522023
v 0.0158747112 -0.297133692 0.551504837
v 0.0631696458 -0.12166815 0.630718001
v 0.0884064237 -0.151332357 0.617465659
v 0.10371749 -0.118870813 0.618148993
v 0.154425695 -0.263213181 0.511795674
v 0.124717516 -0.27952598 0.511116317
v 0.159813636 -0.26961424 0.486826685
v 0.0706344677 -0.317411261 0.436219812
v 0.0900362998 -0.30940699 0.451530025
v 0.0892583255 -0.307628132 0.470167138
v 0.111510849 -0.301250522 0.4563826
v 0.103311991 -0.300020095 0.486102505
v 0.221226137 -0.0666065867 0.600910459
v 0.240911198 -0.0669297086 0.595109469
v 0.0540225041 -0.320136847 0.453292678
v 0.0363281918 -0.321491654 0.46716001
v 0.0657521154 -0.315711736 0.465974166
v 0.0257829569 -0.17276008 0.624849254
v 0.191293204 -0.10475479 0.60298607
v 0.0134254878 -0.133892946 0.639455309
v 0.025975234 -0.0949348501 0.643799705
v 0.0706595581 -0.26572004 0.56995135
v 0.19334238 -0.166941629 0.582027423
v 0.0893050394 -0.259983181 0.567488134
v -0.34362291 0.016765155 0.403623871
v -0.353424208 0.0234055716 0.372618028
v 0.319443238 0.0676773355 0.526554424
v 0.0890374016 -0.32054363 0.34831299
v 0.114283092 -0.314965078 0.330210229
v 0.0840368602 -0.324191999 0.315205394
v 0.0879978444 -0.29698406 0.51156918
v 0.0179486619 -0.325583435 0.452924304
v -0.0124361479 -0.327650671 0.450078177
v -0.18830413 -0.229779652 0.578564213
v 0.135556664 -0.2854079 0.468879238
v 0.053657539 -0.313552604 0.501958116
v 0.137475033 -0.291340441 0.439529885
v 0.0727221757 -0.30971836 0.492824678
v 0.208928539 -0.304587242 0.143657544
v 0.231092557 -0.295337555 0.14338954
v 0.195303523 -0.316523194 0.0447867784
v 0.165562174 -0.324825469 0.0484300016
v 0.465177378 -0.0677089199 -0.0578516337
v 0.506475657 -0.060006767 -0.0588395874
v 0.49371033 -0.0526074725 -0.0579260085
v 0.406471223 -0.195095048 0.051508419
v 0.397667497 -0.209009562 0.042910582
v 0.399861261 -0.204105129 0.0626740466
v -0.177248108 -0.272559353 0.518359577
v 0.176857531 -0.270957472 0.438264236
v 0.10485201 -0.314857209 0.365233102
v 0.392626686 -0.190355187 0.130063771
v 0.241023411 -0.248129489 0.356885838
v 0.115913875 -0.312168873 0.349657066
v 0.139801985 -0.303093464 0.342203894
v 0.133041237 -0.304544325 0.363793021
v 0.108176144 -0.310475407 0.386793791
v 0.142033823 -0.304014337 0.319284332
v 0.114711206 -0.315343464 0.305637456
v 0.339640605 -0.235919526 0.149021109
v 0.360094631 -0.213994254 0.163240443
v 0.113598475 -0.320138157 0.254055781
v 0.113130583 -0.322538195 0.222247333
v -0.0167615691 -0.334496516 0.276162794
v 0.116272539 -0.328857627 0.135423501
v 0.0850736821 -0.333096469 0.142859206
v 0.096118157 -0.33321699 0.117368464
v 0.103588446 -0.329746155 0.161935245
v 0.352542599 -0.246978077 0.0670733037
v 0.355304332 -0.238974049 0.093496947
v 0.334929827 -0.255888125 0.0814534518
v 0.436175978 -0.077935713 0.170907861
v 0.313158195 -0.246633181 0.173799722
v 0.0319217268 -0.254095047 -0.53927501
v 0.00632110251 -0.247798308 -0.5498898
v 0.0152702259 -0.239669071 -0.55274207
v 0.255500544 -0.256945468 0.27915532
v 0.245993712 -0.258000307 0.304049666
v 0.233625052 -0.270874377 0.264727226
v 0.0720684078 -0.332679811 0.177228516
v 0.233884692 -0.30299801 0.072672284
v 0.259484686 -0.286161323 0.127891888
v 0.351493179 -0.235211214 0.12193218
v 0.403432084 -0.1874137 0.102164646
v 0.211806008 -0.308486078 0.0933162119
v 0.404429683 -0.200717855 0.0305359488
v 0.257863519 -0.281349536 0.159146516
v 0.277376934 -0.276505462 0.138827397
v 0.191211548 -0.315650937 0.0847995338
v 0.16292423 -0.322389037 0.0859237975
v 0.287526081 -0.265066337 0.161934733
v 0.266817589 -0.259669236 0.237329088
v 0.416048344 -0.094410647 -0.0599223314
v 0.437874738 -0.0954597946 -0.0791198796
v 0.415300033 -0.112478229 -0.0573021546
v 0.271491685 -0.243806331 0.285364157
v 0.414141084 -0.178193045 0.0591892769
v 0.406897359 -0.188964155 0.0750614637
v 0.363149899 -0.243327922 0.0512948362
v 0.375763435 -0.232132968 0.0445342377
v 0.363458147 -0.24516155 0.0327555773
v 0.0154355826 -0.279859744 -0.518852181
v 0.0380121304 -0.291924103 -0.495206709
v 0.269044012 -0.253278884 0.261823141
v 0.37860862 -0.203653993 0.144726157
v 0.362637034 -0.22077011 0.135236527
v 0.379266323 -0.211791887 0.120400934
v 0.294082188 -0.217039156 0.318004943
v 0.291131733 -0.173836388 0.46607255
v 0.2322317 -0.289143066 0.177309314
v 0.315027659 -0.253479037 0.145338868
v 0.366554372 -0.226019708 0.112482191
v 0.410490681 -0.126975208 0.195500453
v 0.377480883 -0.219512511 0.0923764608
v 0.388781823 -0.189590561 0.15045795
v 0.378423298 -0.191017641 0.16969116
v 0.405332922 -0.110734572 0.0746917429
v 0.416293636 -0.162595326 -0.0586147685
v 0.0868098757 -0.329163175 0.209356753
v 0.0820832691 -0.328392749 0.241625766
v 0.279127961 -0.279174547 0.118468666
v 0.176939008 -0.254006738 0.503880343
v 0.356403494 -0.251343232 -0.0114753381
v 0.109616791 -0.326155575 0.18931255
v 0.132518934 -0.323113899 0.163464214
v 0.894205861 -0.0277147094 -0.0140684719
v 0.769554451 -0.0538239957 0.0237437984
v 0.301362269 -0.269116419 -0.138041612
v 0.627306748 -0.100186484 0.0402030839
v 0.640798891 -0.101388147 0.0200760697
v 0.428931169 -0.130375929 -0.129019111
v 0.422093284 -0.131141031 -0.159935353
v 0.437039841 -0.102652124 -0.148080949
v -0.0380330286 -0.339708209 -0.0867354626
v -0.0153087432 -0.34154802 -0.105347738
v 0.40437389 -0.148524864 -0.0187075873
v 0.439556508 -0.0771497788 -0.0589922126
v 0.401138817 -0.200459296 -0.077787737
v 0.397398178 -0.200257409 -0.101946962
v 0.415092027 -0.171252451 0.0407887755
v 0.41293334 -0.157517896 0.0339979059
v 0.463503159 -0.0703215054 -0.0897658618
v 0.442660413 -0.022263276 -0.201058228
v 0.347311818 -0.256684651 0.0258800377
v 0.324619732 -0.268520505 0.0235430809
v 0.38703954 -0.22256102 0.0365198395
v 0.276641034 -0.202396448 -0.400887906
v 0.299236333 -0.193010037 -0.373516958
v 0.272852661 -0.217019909 -0.366620618
v 0.298562066 -0.207667711 -0.340875826
v 0.223842974 -0.0171925998 -0.550527447
v 0.16895468 -0.0183497709 -0.555821353
v 0.21498723 -0.0483439058 -0.550166583
v 0.390405803 -0.157782476 -0.218230308
v 0.403314559 -0.158038159 -0.178929508
v 0.383609393 -0.178248798 -0.196879853
v 0.421720933 -0.139699026 -0.0656374059
v 0.412733 -0.148233376 -0.042231578
v 0.59295717 -0.107606806 0.0106623416
v 0.599471934 -0.103558051 -0.00691839762
v 0.641749814 -0.100533564 0.00154836473
v 0.376883802 -0.212247451 -0.139804718
v 0.363792542 -0.22698378 -0.138143202
v 0.376043064 -0.220440287 -0.120732194
v 0.146452826 -0.328754486 -0.0366583516
v 0.643819704 -0.0952423446 -0.0145278807
v 0.604155491 -0.0974014373 -0.0207014179
v 0.398312665 -0.144586853 0.000640151142
v 0.400677422 -0.202793114 -0.0582775805
v 0.393806946 -0.211269581 -0.065220226
v 0.550554631 -0.103586585 -0.0141112705
v 0.663816545 -0.0951285406 0.0309485826
v 0.47143038 -0.0786954681 -0.0517319027
v 0.386832291 -0.134242323 0.011505822
v 0.403809552 -0.146025438 0.0220047514
v 0.466732485 -0.09074541 -0.0381142606
v 0.527020791 -0.0839105774 -0.0427025409
v 0.551193045 -0.0669762166 -0.0545197405
v 0.369304992 -0.23430614 0.0687219643
v 0.407180903 -0.144266068 0.0423294407
v 0.498234016 -0.03811399 -0.0834121122
v 0.510886596 -0.0967704494 -0.0267886193
v 0.486926494 -0.106174605 -0.0128443789
v 0.386873377 -0.219005168 0.0613773227
v 0.76639418 -0.0545805964 -0.0391629859
v 0.664545405 -0.0757945909 -0.0419687811
v 0.401400182 -0.137448392 -0.0327285244
v 0.412686515 -0.131240837 -0.0521941453
v 0.430073126 -0.0917781646 -0.045457508
v 0.394475073 -0.122976292 -0.00733810361
v 0.403493748 -0.12514179 0.00887814151
v 0.435028148 -0.115345141 -0.00285844545
v 0.298724998 -0.252369174 -0.215783884
v 0.414153406 -0.15732395 -0.135847123
v 0.397492712 -0.182392019 -0.147294535
v 0.302528821 -0.272712742 -0.112912741
v 0.812953685 -0.0146012657 -0.0367047587
v 0.802088278 -0.0256413894 -0.0420516415
v 0.577870686 -0.0898271131 -0.0331838988
v 0.644108523 -0.0871715383 -0.0302727831
v 0.593550177 -0.0330651693 -0.0649048746
v 0.233548876 -0.219527839 -0.430310581
v 0.209194447 -0.233142187 -0.429064099
v 0.249616026 -0.212578985 -0.422997722
v 0.764616296 -0.0471014703 -0.0472987064
v 0.659939691 -0.0664212522 -0.0503795048
v 0.612713162 -0.062325113 -0.0548741519
v 0.431934374 -0.129030046 -0.103675207
v 0.430801749 -0.130344705 -0.0848788908
v 0.424102394 -0.147510685 -0.0845162249
v 0.444955646 -0.0715444484 -0.0721617496
v 0.768167163 -0.0352318784 -0.051078413
v 0.625378807 -0.0777906847 -0.0443452718
v 0.681759156 -0.0929012669 -0.00741357222
v 0.713996045 -0.0833662227 -0.0120651517
v 0.71323619 -0.0877229726 -0.00074962988
v 0.705599469 -0.0890449259 0.0103402371
v 0.736099857 -0.0786877459 0.00605865338
v 0.360401341 -0.244562818 -0.0639056212
v 0.360261548 -0.241056533 -0.0899845228
v 0.351196638 -0.252004694 0.0465097216
v 0.348140441 -0.233440647 -0.156226735
v 0.367613993 -0.213308188 -0.162639466
v 0.21090813 -0.308591608 -0.122536023
v 0.197730881 -0.315267336 -0.101337876
v 0.176955244 -0.318947042 -0.123169649
v 0.687049633 -0.0862225167 -0.0212727868
v 0.747036206 -0.075679934 -0.00837414869
v 0.454008737 -0.0369244026 -0.170816832
v 0.460130039 0.00263816248 -0.167353604
v 0.488096952 -0.0195148025 -0.110867621
v 0.471105627 -0.0219576992 -0.142602827
v 0.406484213 -0.194846545 0.0107348454
v 0.410821498 -0.185481518 0.0344127102
v 0.781121383 -0.062482438 0.00134918026
v 0.789976392 -0.0589793944 -0.014458968
v 0.384497137 -0.147127693 -0.250406424
v 0.396665169 -0.124917533 -0.250709021
v 0.385333398 -0.128424133 -0.276928842
v 0.469445512 -0.0443609067 -0.129429487
v 0.443362254 -0.0713706491 -0.16854028
v 0.429226053 -0.104877357 -0.17841124
v 0.443305109 0.0123949461 -0.200762597
v 0.663744927 -0.00928040628 -0.0673902001
v 0.375852564 -0.232483457 -0.051621427
v 0.230570212 -0.307791836 -0.00839615334
v 0.211167759 -0.312662909 0.0181309629
v 0.339763645 0.203699638 0.0754264193
v 0.154849885 -0.326991278 0.0234221765
v 0.383500467 -0.134668747 -0.0164991747
v 0.338586412 -0.257580709 0.0586457156
v 0.289402024 -0.276268719 0.101713012
v 0.422533603 -0.150699667 -0.10864452
v 0.386245045 -0.213070136 -0.105937082
v 0.579296187 -0.0777843761 -0.0462049246
v 0.336355838 -0.0704191481 -0.469509043
v 0.325256022 -0.0745562822 -0.489762659
v 0.324736984 -0.092104214 -0.477139037
v 0.332413793 -0.21308246 -0.250112698
v 0.383685291 -0.188342267 -0.172367292
v 0.079625982 -0.291791978 -0.463792597
v 0.0632377035 -0.291461851 -0.481426337
v 0.0596713098 -0.30195316 -0.469118634
v 0.197333025 -0.309418919 -0.15216009
v 0.225630839 -0.301818465 -0.145935484
v 0.220218144 -0.297665386 -0.182842088
v 0.183872145 -0.283738045 -0.318827933
v 0.236037107 -0.246646751 -0.34888475
v 0.165375097 -0.276048149 -0.378425782
v 0.320001913 -0.139380285 -0.432936768
v 0.307410591 -0.149139011 -0.451713123
v 0.302241875 -0.166246408 -0.428069234
v 0.245199939 -0.297363124 -0.119532632
v 0.277646435 -0.282586088 -0.128200413
v 0.251106499 -0.288903049 -0.154323595
v 0.268466267 -0.289538427 -0.103360275
v 0.285921611 -0.281709407 -0.102806638
v 0.239291887 -0.285843278 -0.205899173
v 0.256339376 -0.282539113 -0.186435061
v 0.28444743 -0.273233691 -0.163876795
v 0.279684539 -0.267908684 -0.19876285
v 0.306024852 -0.255741606 -0.183956715
v 0.0266597658 -0.342874112 -0.0331782841
v 0.00386704887 -0.34181288 -0.0204300219
v 0.0300176157 -0.342141186 -0.00804943693
v 0.318738482 -0.267236693 0.0582075594
v 0.295855686 -0.280949444 0.0359382657
v 0.183710409 -0.311376436 -0.1784498
v 0.0403395124 -0.335929152 0.192676719
v 0.0283641734 -0.341432038 0.0544822858
v 0.011047231 -0.340620513 0.0692894991
v 0.26346783 -0.294944811 -0.0197203786
v 0.241302971 -0.303322275 -0.0369591774
v 0.0652501883 -0.339516986 -0.116884263
v 0.123895204 -0.329573206 0.0996944831
v 0.108125356 -0.333557722 0.0723186924
v 0.0407303518 -0.33806822 -0.247683636
v 0.066822109 -0.334272967 -0.2501697
v 0.383884234 -0.200530813 -0.149781228
v 0.0399755206 -0.341497058 0.0259878235
v 0.0668398538 -0.339897643 0.0112956544
v 0.0746062655 -0.338412399 0.0343467021
v 0.0532075696 -0.339926896 0.0569825861
v 0.184428383 -0.319157983 0.0664584283
v 0.634361094 0.0355507174 0.0821760085
v 0.610457418 0.0309446401 0.0897386004
v 0.278499223 -0.290019829 0.00939476503
v 0.00748662741 -0.34241079 -0.0472175532
v 0.17708674 -0.321983297 -0.0417313128
v 0.404673633 -0.183164697 -0.118857429
v 0.232199724 -0.306278437 -0.0640881558
v 0.26320018 -0.294673337 -0.0543408607
v 0.252400069 -0.29717195 -0.0861161228
v 0.278055695 -0.288178961 -0.0814041248
v 0.118952636 -0.334111064 -0.0537125706
v 0.337028152 -0.261028454 0.0430683686
v -0.05537303 -0.278160376 -0.535291621
v 0.222966474 -0.307592551 -0.0940540466
v 0.199455152 -0.31540288 -0.0712270019
v -0.0206764597 -0.335388501 0.227382357
v 0.128585738 -0.331352592 -0.105528084
v 0.110246581 -0.33387628 -0.117856486
v 0.105462365 -0.335026135 -0.0904928619
v 0.1357149 -0.330794355 -0.0829987027
v 0.212685635 -0.311616318 -0.0388277445
v 0.164633673 -0.318913538 -0.157070385
v 0.142948057 -0.325014531 -0.163616222
v 0.13607681 -0.327500782 -0.136187279
v -0.0286794441 -0.335524077 -0.347357483
v 0.0893553779 -0.336488917 -0.143435401
v 0.11982729 -0.328154728 -0.170596643
v 0.0821407522 -0.335085867 -0.188036739
v 0.0677846742 -0.338609734 -0.162831343
v -0.085929484 -0.328525958 -0.329876923
v 0.460076641 -0.0498845408 -0.149402778
v 0.151832597 -0.326850112 -0.103976684
v 0.0904509072 -0.337629004 -0.112105206
v 0.3225326 -0.193318589 -0.319850339
v 0.32090416 -0.18180683 -0.350215379
v 0.09879442 -0.327867397 -0.237480594
v 0.0732949196 -0.335690338 -0.220488336
v -0.0558222449 -0.332269414 -0.339035188
v 0.273017172 -0.19683606 -0.425596133
v 0.0930834905 -0.324563979 -0.297325764
v 0.0636531353 -0.316852379 -0.408926376
v 0.0670490338 -0.310437051 -0.431565017
v 0.286865053 -0.185521204 -0.419604221
v 0.30150097 -0.178725664 -0.401528916
v 0.240897115 -0.212389569 -0.43985797
v 0.0488211063 -0.340403247 -0.17608839
v 0.0480937739 -0.301097463 -0.480490426
v 0.0256684746 -0.304393906 -0.482407043
v 0.292932088 0.153401914 -0.449887019
v 0.389365518 -0.202491846 -0.127013491
v 0.100059235 -0.318911913 -0.329213766
v 0.114014894 -0.310390193 -0.35135331
v 0.0822601595 -0.319924439 -0.359881594
v 0.252753562 -0.196614424 -0.458889645
v -0.0067831058 -0.316244263 -0.463029883
v -0.0293272073 -0.320164074 -0.451358086
v 0.0114549855 -0.329987232 -0.393365868
v 0.388200676 -0.125442471 -0.0379923904
v 0.360935858 -0.247511859 0.00937713949
v 0.0599755774 -0.196495062 -0.555592297
v 0.109996018 -0.216870492 -0.539035045
v 0.103051749 -0.235005154 -0.527773866
v 0.0103624788 -0.297973321 -0.49867117
v 0.0348118786 -0.326769782 -0.40641551
v 0.0511047283 -0.233749069 -0.546208031
v 0.0705861445 -0.241904211 -0.534297899
v -0.154045706 -0.264318718 -0.532371354
v -0.0502969736 -0.26309252 -0.548638408
v 0.0644713715 -0.306336574 -0.452079842
v 0.0411604984 -0.311272865 -0.463455182
v 0.366495129 -0.136805542 -0.316712289
v 0.371681673 -0.139396643 -0.298502126
v 0.357293135 -0.154967852 -0.308589202
v 0.250256633 -0.223376967 -0.393889029
v 0.319514615 -0.126736324 -0.45410762
v 0.0885063022 -0.329156879 -0.266015263
v -0.0243344183 -0.333848246 -0.368440627
v 0.351272777 -0.0567272735 -0.44513255
v 0.260833015 -0.178356416 -0.474806743
v 0.24007688 -0.193002034 -0.475881654
v 0.289534999 -0.143540894 -0.484931829
v 0.30263923 -0.122479944 -0.48752986
v 0.289521034 -0.127444655 -0.499015423
v 0.101023451 -0.206111193 -0.54576746
v 0.104041708 -0.17745158 -0.549993906
v 0.0794855132 -0.195657118 -0.552138091
v 0.341625751 -0.0996903462 -0.432720414
v 0.330444375 -0.118428731 -0.439664784
v 0.331334034 -0.100269642 -0.45631623
v 0.258763673 -0.0132046843 -0.547286791
v 0.272173758 -0.235037637 -0.322443326
v 0.293029079 -0.229705174 -0.296668584
v 0.289703519 -0.222472068 -0.324027261
v 0.354806544 -0.146450344 -0.3335581
v 0.693290075 -0.0143744389 -0.066907479
v 0.287976591 -0.100145161 -0.518575372
v 0.107817822 -0.128321924 -0.554949124
v 0.0553649853 -0.15795827 -0.559375653
v -0.0248766024 -0.109652692 -0.570680774
v 0.187196283 -0.115651947 -0.544622205
v 0.195110278 -0.147175989 -0.534592104
v 0.170026427 -0.157597562 -0.538562279
v 0.306018291 -0.0292693404 -0.527929721
v 0.251172173 -0.0745454113 -0.540693469
v 0.245148332 -0.0490563422 -0.546018729
v 0.398419104 -0.135205023 -0.232760662
v 0.142391749 -0.0870784302 -0.552636136
v 0.377987916 -0.116177664 -0.311312835
v 0.358651996 -0.0407998553 -0.430757744
v 0.190220763 -0.294532176 -0.261788133
v 0.274740763 -0.227363802 -0.341273873
v 0.232442735 -0.279074433 -0.249226252
v 0.254779447 -0.273280698 -0.235483206
v 0.306438803 -0.212308964 -0.31427994
v 0.307788163 -0.229921722 -0.264396124
v 0.32356853 -0.206660231 -0.287125269
v 0.21039219 -0.20688557 -0.47777079
v 0.437571987 -0.111545325 -0.0939102471
v 0.338375108 0.0882163387 -0.479051212
v 0.282120746 -0.119850058 -0.512671426
v 0.260005478 -0.12478009 -0.523137634
v 0.276624521 -0.11113585 -0.522433864
v 0.317447555 -0.11280515 -0.473851195
v 0.023677935 0.0249084264 -0.564652538
v 0.266049335 0.0597284995 -0.547100854
v 0.352987896 -0.111001452 -0.383384298
v 0.354082083 -0.130162192 -0.355649327
v 0.338404886 -0.140641648 -0.382420027
v 0.334555566 0.102998424 -0.466472052
v 0.32354344 -0.0565049916 -0.502139887
v 0.430250045 0.0243674798 -0.224139232
v 0.419807146 0.0422449993 -0.244309906
v 0.290582439 -0.248422246 -0.245582552
v 0.419223161 -0.0728263726 -0.238235941
v 0.38451608 -0.0645271858 -0.339621143
v 0.376105432 -0.0665199718 -0.364723743
v 0.349868011 -0.188537152 -0.26402861
v 0.278511525 -0.101282437 -0.525372166
v 0.67842632 0.0661235722 -0.0213641985
v 0.360498956 -0.0627101885 -0.415444397
v 0.31270957 -0.0495969104 -0.517355037
v 0.342606454 -0.0827182629 -0.447144652
v 0.365992544 -0.125301806 -0.33391595
v 0.338774678 -0.156386579 -0.355435286
v 0.35160331 -0.0938205379 -0.410640551
v 0.364291488 -0.0789975034 -0.384786669
v 0.671717801 -0.0250246812 -0.0680642016
v 0.22688665 -0.1846208 -0.494179788
v 0.296218123 -0.111513743 -0.504086458
v 0.312032045 -0.0964995322 -0.493015653
v 0.350093357 -0.0798628553 -0.430329079
v 0.329191107 0.107917107 -0.482611619
v 0.33737898 -0.122662537 -0.411511666
v 0.431845442 -0.00442088683 -0.227459277
v 0.344484383 -0.179140754 -0.297834645
v 0.367754988 -0.158847153 -0.277540803
v 0.320489797 -0.152697655 -0.406016014
v 0.417403108 -0.126829027 -0.185059741
v 0.19080497 -0.1657815 -0.527747481
v 0.341274584 -0.169115206 -0.326664125
v 0.228790917 -0.269447088 -0.289872541
v 0.289986002 -0.167167753 -0.452597305
v 0.148927725 -0.134946201 -0.548584636
v 0.294834707 0.0856749158 -0.54301287
v -0.294525365 -0.18994461 -0.433903509
v -0.184871726 -0.168604068 -0.610650577
v -0.737015097 -0.0501883695 -0.0692986994
v -0.492326213 -0.0821639831 -0.157829086
v -0.126496582 -0.262684398 -0.549768393
v -0.138645765 -0.243917576 -0.569253747
v -0.267740307 -0.206304409 -0.470058761
v -0.136913019 -0.267580522 -0.535997175
v -0.328456687 -0.185676731 -0.357260254
v -0.352607272 -0.166503302 -0.340783244
v -0.388648234 -0.134433208 -0.087460264
v -0.546288464 -0.101098232 -0.0739630519
v -0.274888722 -0.209387237 -0.444074802
v -0.26945349 -0.223692258 -0.419797076
v -0.191143183 -0.159445211 -0.60497139
v -0.139286659 -0.276505156 -0.517454382
v -0.0561272405 -0.289463561 -0.519693368
v 0.163214 -0.198502817 -0.519248163
v -0.0501287757 -0.330054835 -0.371195552
v -0.131335071 -0.311364277 -0.387457088
v -0.617444138 -0.028351695 -0.154222209
v 0.231021446 -0.208585874 -0.456187288
v -0.00271538963 -0.339809581 -0.256600176
v -0.0244913188 -0.338619233 -0.238551668
v 0.0495575322 -0.337940997 -0.230632006
v 0.0102771201 -0.324725892 -0.43524664
v 0.0139411836 -0.332736803 -0.375763558
v -0.00257610142 -0.341671154 -0.188798959
v 0.103473951 -0.224636954 -0.537111192
v 0.028614974 -0.22636088 -0.55413003
v -0.00197578668 -0.308432783 -0.48471557
v -0.198608342 -0.297149561 -0.283741953
v -0.112865796 -0.277981439 -0.527405904
v 0.0574909222 -0.323397479 -0.382928613
v 0.0344381655 -0.319730491 -0.445938212
v 0.154723235 -0.182988797 -0.532727286
v 0.00266761776 -0.341201999 0.0104376523
v 0.0511988221 -0.313458901 -0.444295607
v 0.024105952 -0.323351398 -0.431453904
v -0.0149328082 -0.341711622 -0.0371589083
v 0.218173696 -0.2920078 -0.222622217
v 0.241090045 -0.282003279 -0.226102412
v 0.0765350399 -0.338914172 -0.0635274305
v 0.0782461296 -0.338525314 -0.0941247032
v 0.202557058 -0.302708486 0.169245118
v 0.0466023763 -0.319212805 -0.428281077
v 0.0697016741 -0.331053149 -0.277251989
v 0.0149461988 -0.336010157 -0.316039776
v 0.00410227835 -0.334980055 0.248594231
v -0.104881385 -0.328480229 -0.23400239
v -0.0399405949 -0.339811637 -0.13361523
v 0.320398159 -0.167884281 -0.376966715
v -0.0492991704 -0.33948837 -0.155336884
v 0.0116414108 -0.342654874 -0.0651463507
v -0.0579332211 -0.338203887 -0.176759986
v -0.242488453 -0.289982119 -0.0990676873
v 0.257972797 -0.276942028 -0.213712503
v -0.198862522 -0.307226821 0.0773623149
v 0.142472214 -0.298363512 -0.340193289
v -0.0723158572 0.163324324 -0.565433242
v -0.0263843393 -0.340977181 -0.164964122
v 0.0834149924 -0.338036032 0.0639580243
v -0.000218037235 -0.337947388 -0.283832856
v 0.0248695742 0.203884494 -0.568106866
v -0.389898377 -0.197222402 -0.129560872
v -0.297469313 -0.243743195 -0.244653775
v -0.40722149 -0.135148378 -0.10269509
v -0.412775903 -0.148861294 -0.0972160087
v -0.333146165 -0.205166893 -0.290237837
v -0.34732192 -0.205768596 -0.239560816
v -0.326622836 -0.226827351 -0.226165303
v -0.330388862 -0.232014525 -0.19196214
v -0.405620466 -0.157261972 -0.0721083202
v -0.374992872 -0.208814395 0.0538306041
v -0.458971477 -0.108984744 -0.0827637632
v -0.328393286 -0.242727049 -0.147352936
v -0.343568207 -0.228642957 -0.160918901
v -0.355528409 -0.214724829 -0.18086257
v -0.358696164 -0.221718196 -0.141508132
v -0.348028604 -0.198636859 -0.262193857
v -0.32199677 -0.222568814 -0.262977494
v -0.233143635 -0.293912407 -0.11624276
v -0.163468709 -0.318118268 0.00819979939
v -0.20082877 -0.261186254 0.515115714
v -0.189560981 -0.308995481 0.101654397
v -0.171606271 -0.314177123 0.084403319
v 0.0512366617 -0.259098727 0.5805664
v -0.000971062944 -0.335985859 0.216410549
v 0.00572529031 -0.340989879 0.0436293544
v -0.104915194 -0.32375323 0.30513388
v -0.362113992 0.111558488 0.159447645
v -0.375634005 0.0971468115 0.194660389
v -0.342375065 0.124581109 0.183654749
v -0.199551355 0.194579646 0.195455858
v 0.0669580316 -0.329189746 0.293355253
v 0.0934795861 -0.322698834 0.279657756
v 0.161842707 -0.297918237 0.304520165
v -0.0929257141 -0.318504916 0.460185962
v -0.00245943181 -0.290783307 0.562901046
v 0.0959374999 -0.337923071 0.00767368574
v 0.098912041 -0.218902327 -0.542428298
v -0.105037338 -0.321646487 0.387712147
v -0.265866163 -0.172489267 0.548719661
v -0.192967973 -0.178571964 0.613228757
v -0.224791388 -0.206230048 0.577456847
v -0.194635448 -0.276965961 0.469731456
v -0.279391531 -0.0436831206 0.567377552
v -0.172330979 -0.241271149 0.57593924
v -0.0274285187 -0.208361033 0.619598734
v -0.268789465 -0.0108826392 0.57780323
v -0.353092293 -0.134553336 0.344320433
v -0.368367561 -0.205480592 0.108337426
v -0.272363738 -0.107190244 0.570680715
v -0.541956952 -0.107335462 -0.0160301808
v -0.584443503 -0.101410867 -0.0258665215
v -0.373147838 -0.187021847 0.161627018
v -0.369002205 -0.185593895 0.181448338
v -0.387559164 -0.174816938 0.147017772
v -0.359859121 -0.222791469 0.0647132796
v -0.71407676 -0.0625487072 0.0194751734
v -0.375823763 0.0728771689 0.245756467
v -0.351772417 0.072382438 0.304362343
v -0.327167472 0.100522426 0.308085947
v -0.352946348 0.0490303707 0.340705378
v -0.322520464 0.0861622282 0.345492755
v -0.48579447 -0.0399979228 0.111980909
v -0.408340489 0.0211047848 0.228010152
v -0.390568145 0.0718928 0.215757011
v -0.362133482 0.0788626649 0.271055755
v -0.401680072 -0.0477640521 0.265776555
v -0.190910313 0.0619865662 0.604359493
v -0.00555871813 0.279297899 0.546203364
v 0.00594209075 0.279980698 0.529207356
v -0.209278454 0.0308405018 0.603735477
v -0.196497255 0.0394584832 0.606988698
v -0.217709252 0.0550183108 0.59521295
v -0.312797895 -0.083424904 0.499384324
v -0.186465337 0.201148647 0.225351012
v -0.282902908 -0.0203011576 0.565682464
v -0.183472544 0.145387705 0.565149359
v 0.310405624 0.135707628 -0.444858412
v -0.0646115136 0.25579898 0.492606222
v -0.676429644 0.0717197486 -0.0361702328
v 0.124859254 0.203051519 -0.213402252
v 0.217429102 0.189935485 -0.248894143
v -0.269512844 0.161935779 0.117699836
v 0.0183988848 0.18659878 -0.568765712
v 0.314002737 0.192793545 -0.117886376
v -0.371384251 0.0912167345 0.224763192
v -0.665855949 -0.0176846957 0.0862732768
v -0.74780093 0.0125507206 0.0364347126
v -0.128950398 0.302814372 -0.502870114
v -0.0944332495 0.349357656 -0.541503408
v -0.735678258 -0.0605987317 0.00990083385
v -0.667745913 0.0262097456 -0.142172605
v -0.287820514 -0.14107352 -0.505798043
v -0.454889057 0.0725824141 -0.321335597
v -0.598108746 -0.0936639372 -0.0792832539
v -0.412520093 -0.163182712 -0.0923685154
v -0.34450767 -0.18467942 -0.319925827
v -0.573307271 -0.0938266028 -0.0878453971
v -0.602084299 -0.096670845 -0.01117836
v -0.671191392 -0.0858052403 -0.0310825318
v -0.653846643 -0.0868865436 -0.014742387
v -0.713295104 -0.0519419907 0.0348115276
v -0.456167676 -0.109205612 0.0244520134
v -0.551962552 -0.0869617098 0.0469652392
v -0.405709708 -0.155574383 0.127875867
v -0.155520077 0.114549609 -0.552308839
v -0.327530352 -0.122863331 -0.449732635
v -0.164422075 0.0226061772 -0.553790074
v -0.168414057 0.111492909 -0.546204609
v 0.0820499765 0.206118291 -0.565557483
v 0.184900652 0.129918744 -0.560675271
v 0.180247277 0.132438578 -0.561770615
v 0.0523787136 0.156243473 -0.567282051
v 0.194252029 0.125276135 -0.561074725
v 0.185926191 0.143486685 -0.561538051
v -0.0908843997 -0.0840117678 -0.574658182
v -0.160026662 -0.0168806875 -0.560089198
v 0.150944239 -0.155912294 -0.544266505
v 0.133572722 -0.159736017 -0.547854456
v -0.193768642 -0.0278487413 -0.551219031
v -0.185987798 0.00355196784 -0.548638069
v -0.214615377 -0.0082265192 -0.539228643
v 0.0842886893 0.157356177 -0.567509972
v 0.0828972934 0.134883037 -0.565897118
v 0.337619464 0.0987857727 -0.44310129
v -0.124544719 0.24537608 -0.530953775
v 0.0314768461 0.221911174 -0.566657708
v -0.157835055 0.120664676 -0.550679319
v -0.0915422178 0.280448125 -0.536167997
v 0.0423846754 0.229905338 -0.563262013
v -0.186241811 0.229021653 -0.481831894
v 0.0672607012 0.231156519 -0.00211529657
v -0.11213725 0.305619783 -0.523968708
v -0.122569218 0.306629884 -0.513986939
v -0.167378215 0.1868232 -0.240400107
v -0.000648028718 0.101285058 -0.567665984
v 0.107906879 0.202329286 -0.566048619
v 0.0970491536 0.184849969 -0.565801904
v 0.163172879 0.156573369 -0.562016883
v 0.0779029153 0.178399268 -0.566438442
v 0.296159309 -0.0190533422 -0.535844268
v 0.281176305 -0.0257231992 -0.539874771
v 0.262672375 0.181992446 -0.242077438
v 0.291599834 0.221406841 0.0150695381
v 0.0594470572 0.174324154 -0.567956894
v 0.20816817 0.170975209 -0.562380871
v 0.167452179 0.203673018 -0.56069336
v 0.348322603 0.162806449 -0.192468226
v 0.214174153 0.225407317 -0.0160079651
v 0.17123928 0.144851496 -0.560680532
v 0.172875979 0.136548683 -0.560822533
v 0.269671248 -0.159727114 -0.488267151
v 0.250572336 -0.17213067 -0.494633592
v 0.280955961 -0.164590869 -0.471026112
v 0.267078213 0.169035931 -0.543107836
v 0.275775732 0.173646907 -0.531952907
v 0.266489329 0.181374612 -0.526570405
v 0.162134004 0.166175069 -0.563612713
v 0.16940086 0.173983812 -0.564009895
v 0.18067855 0.175340535 -0.563213127
v 0.180433364 0.16737508 -0.563421399
v 0.32284644 0.118991872 -0.424728359
v 0.165934247 0.195611328 -0.563561026
v 0.149139661 0.197275766 -0.564851037
v 0.0867857889 0.234417387 -0.42954544
v 0.178572649 0.18400248 -0.564723364
v 0.18612603 0.184506163 -0.563006136
v 0.199954225 0.166579596 -0.563707179
v 0.199784973 0.172953139 -0.563486552
v 0.209757901 0.159739001 -0.562916372
v 0.253473107 0.186614821 -0.519772211
v 0.164914096 0.210691188 -0.455069207
v 0.243749913 0.190170972 -0.496511021
v 0.234947218 0.194115149 -0.506950293
v 0.222633684 0.195552378 -0.480533798
v 0.182080178 0.205778508 -0.547190169
v 0.0705699108 0.242955637 -0.54478244
v 0.191301478 0.189748553 -0.560615091
v 0.256937573 0.176744217 -0.541782576
v 0.255077542 0.186207852 -0.507549866
v 0.190979075 0.175472001 -0.564380823
v 0.327425381 -0.0351341067 -0.506126539
v 0.302740649 0.138213824 -0.526274526
v 0.280600861 0.0412198826 -0.544510213
v 0.248613473 0.146451635 -0.558186656
v 0.276222992 -0.139652108 -0.501633788
v 0.243988102 -0.0976723891 -0.536659122
v 0.28810237 0.006289982 -0.541947867
v 0.398226479 -0.109830792 -0.262531448
v 0.193499597 0.169459833 -0.564391352
v 0.199477606 0.162251605 -0.564076262
v 0.214838409 0.150639626 -0.564111458
v 0.230809347 -0.0749284539 -0.544101775
v 0.199089486 -0.0721198969 -0.547989449
v 0.218416698 -0.0998738094 -0.5416329
v 0.217583359 0.14706837 -0.5628492
v 0.7740134 -0.0125755239 -0.0484625493
v 0.747240073 0.0281432536 -0.0356084596
v 0.460261633 0.096239986 -0.101123291
v 0.70272588 0.0405777286 0.0490301749
v 0.536266586 0.0694226184 -0.0239238446
v 0.807659176 -0.0363083326 -0.038701443
v 0.280212154 0.0651238469 -0.545756018
v 0.349792021 0.105909503 -0.327599962
v 0.362811949 0.156453848 -0.185533476
v 0.745933496 0.0502178045 -0.0090512394
v 0.313563917 0.168075697 -0.229030439
v 0.380986733 0.140248808 -0.1900743
v 0.210311855 0.207715423 -0.121528912
v 0.662129619 0.0683375469 -0.0182102371
v 0.589676526 0.0733234068 -0.00621810774
v 0.672611538 0.0713124485 -0.00997942759
v 0.412916694 -0.110282981 0.212421527
v 0.721921819 0.0552619017 0.019946523
v 0.623433242 -0.0337238539 0.0961652276
v 0.437629013 -0.0448721257 0.186494034
v 0.569415597 0.0547073392 0.0801307859
v 0.664334082 0.0312755835 0.0740539107
v 0.607045433 0.0441973931 0.081976814
v 0.120766006 0.244907361 0.562577838
v 0.541438193 0.0731480359 0.0615029475
v 0.570238346 0.0673579786 0.0644031528
v 0.404095117 0.163613109 0.0825182117
v 0.337805281 0.0907400436 0.455043408
v 0.0730599991 0.168931687 0.614196329
v 0.0838466025 0.25676382 0.561220689
v 0.141575137 0.129516474 0.608886265
v 0.227615245 0.167645827 0.575023551
v 0.229921831 0.159265432 0.580607759
v 0.241793211 0.100693934 0.594127213
v 0.239762965 0.118384202 0.59140821
v 0.250725392 0.0329807539 0.595846175
v 0.247663846 0.0785648216 0.594909255
v 0.27042744 0.0660520064 0.581586617
v 0.346831713 -0.00145818122 0.481113579
v 0.353490427 0.00993294344 0.460539033
v 0.341580252 0.0191156496 0.498021107
v 0.255882845 0.0664681752 0.590759623
v 0.262958398 0.0486918712 0.589922859
v 0.231851626 -0.0422625119 0.60083768
v 0.231238805 -0.0176880938 0.602774541
v 0.345607054 0.0648753963 0.461656829
v 0.396097373 -0.0429091432 0.312040513
v 0.442251224 -0.0527229547 0.164888414
v 0.393137218 -0.115156524 0.259792334
v 0.42933937 0.0170368116 0.122047733
v 0.573993322 -0.0377064195 0.102418065
v 0.456556637 0.0191506141 0.11513598
v 0.739096527 0.0456914314 0.0118327072
v 0.564228414 -0.0892606189 0.0752069643
v 0.804482968 -0.0448240896 -0.0342573737
v 0.470147828 -0.118624722 0.0306023853
v 0.45068338 -0.120270147 0.0141499112
v 0.678504431 -0.094631776 0.00653809954
v 0.249979781 -0.181718174 0.536954185
v 0.272236263 -0.237762051 0.313011246
v 0.244411634 -0.249531838 0.334634108
v 0.691003419 -0.0672542792 0.064341977
v 0.666544024 -0.0908888275 0.0429283112
v 0.440474402 -0.0828428376 0.151546616
v 0.405358244 -0.110277746 0.233201501
v 0.309104427 -0.168380006 0.424752428
v 0.404819197 -0.125637546 0.217808297
v 0.343775496 -0.249764589 -0.107429755
v 0.3909019 -0.203494702 0.105213401
v 0.395293776 -0.204176327 0.0835065548
v 0.395325994 -0.0888707388 0.279060747
v 0.268657459 -0.178681801 0.511321132
v 0.283616818 -0.152484973 0.522600884
v 0.29870946 -0.134409702 0.516364591
v 0.268291979 -0.162834046 0.53471609
v 0.301459485 -0.116468474 0.528563844
v 0.158506565 -0.12168314 0.606836331
v 0.128035721 -0.100343113 0.616209722
v 0.073873615 -0.249363888 0.58057338
v 0.222238349 -0.238850591 0.465402373
v 0.303329172 -0.278490118 0.00839159683
v 0.306773838 -0.0712578141 0.548671616
v 0.312693419 -0.0793928022 0.53308947
v 0.316873517 -0.0537048162 0.536181051
v 0.134667549 -0.128972419 0.610157983
v 0.204651994 -0.156638572 0.583659957
v 0.187551487 -0.256184572 0.480282327
v 0.177172822 -0.228873955 0.546378223
v 0.220802573 -0.231535066 0.496422464
v 0.224178897 -0.211414825 0.531474073
v 0.227975879 -0.223666224 0.505454028
v 0.0568889676 -0.162844632 0.621738013
v 0.167833644 -0.314013454 0.165878032
v 0.150491563 -0.31898833 -0.190112607
v 0.207540193 -0.312801117 0.0671000243
v 0.294541087 -0.281640098 -0.0547179743
v 0.319447715 -0.27059715 -0.0377266536
v 0.29548711 -0.283444597 -0.0202385422
v 0.361444512 -0.234227805 -0.114330142
v 0.378588635 -0.232268391 -0.0299231091
v 0.370734636 -0.239634863 -0.00988795858
v 0.124101102 -0.293088625 -0.396182097
v 0.129680367 -0.298651845 -0.368548817
v 0.275342667 -0.263131832 -0.228399239
v 0.374784324 -0.226697431 -0.0988582748
v 0.414938476 -0.126477546 0.0294960144
v 0.371821865 -0.0981990452 -0.349503602
v 0.412312887 -0.0622334288 -0.261514591
v 0.42784127 -0.120554821 -0.0721857952
v 0.361845337 -0.24542059 -0.034441045
v 0.148263962 -0.168780539 -0.541759251
v 0.0572227719 -0.290847716 -0.489538113
v 0.151780505 -0.328614302 -0.0612914979
v 0.301640401 -0.276403732 -0.0864853459
v 0.279751144 -0.289625369 -0.0377844753
v 0.0900743149 -0.337599907 -0.0276734884
v 0.183981898 -0.304766728 -0.212378003
v 0.00638963743 -0.196679556 -0.563987782
v 0.0931255723 -0.332242643 -0.212964871
v 0.114456862 -0.32745018 -0.206358506
v 0.085957388 -0.298958037 -0.440683239
v 0.175030807 -0.074611488 -0.549560519
v 0.256773845 -0.153975557 -0.503533934
v 0.237733274 -0.161977249 -0.510991665
v 0.175034294 -0.179526002 -0.527490293
v 0.211749365 -0.157300529 -0.524574188
v 0.197555934 -0.186821882 -0.512571955
v 0.212328219 -0.117337574 -0.540330671
v 0.272247248 -0.106315727 -0.525335195
v 0.3942399 -0.0587224508 -0.316411466
v 0.407426747 -0.086707973 -0.26132922
v 0.371486817 -0.172144887 -0.243911371
v 0.305010758 -0.134418439 -0.470192688
v 0.295196683 -0.152280105 -0.465362154
v 0.248341888 -0.16348914 -0.50380788
v -0.0457126601 0.310618506 -0.506821408
v 0.163437253 0.143976816 -0.56108779
vn -0.256339828 0.356569518 -0.898414198
vn -0.146234759 0.279307882 -0.949000791
vn -0.0659841558 0.342271552 -0.937281322
vn -0.713733812 0.596521304 0.367078166
vn -0.771483017 0.509138517 0.3815651
vn -0.679705612 0.476503603 0.557624065
vn 0.0310510229 -0.983945858 0.17574522
vn 0.0995941491 -0.963502891 0.24848176
vn 0.123614627 -0.979379071 0.159800059
vn 0.16156085 0.548225518 -0.820577158
vn 0.0429035196 0.52078445 -0.852609432
vn 0.129876917 0.505111603 -0.853225794
vn -0.729678989 -0.623091544 -0.28164783
vn -0.682256147 -0.692642296 -0.23403675
vn -0.737331067 -0.616977699 -0.275102557
vn 0.957499684 0.157020508 0.241948168
vn 0.943051178 0.23293264 0.237480232
vn 0.946322606 0.252894944 0.20129002
vn 0.168999332 -0.485898182 -0.857520951
vn 0.101129799 -0.436910657 -0.893801903
vn 0.128311516 -0.348305232 -0.928557817
vn -0.639514339 0.160975955 -0.751736757
vn -0.749303639 -0.188721326 -0.634766349
vn -0.746065969 -0.0649924937 -0.662692647
vn -0.440437407 -0.890105335 -0.11716392
vn -0.364277001 -0.922028029 -0.131021296
vn -0.411815513 -0.90472934 -0.108962397
vn 0.154807006 0.605764518 -0.780438428
vn -0.544643959 0.292758641 -0.785910514
vn -0.423747473 0.359248988 -0.831491578
vn -0.97598453 -0.197618026 0.091658674
vn -0.970540357 -0.240526485 0.0140863699
vn -0.987444857 0.15789997 -0.00450040166
vn 0.301315906 -0.948346589 -0.0992344298
vn 0.304129032 -0.944836794 -0.121609884
vn 0.362377215 -0.921533612 -0.139493929
vn -0.275306357 -0.0952670399 -0.956624587
vn 0.344182759 0.150334093 -0.926789021
vn 0.215235243 -0.469055844 -0.856539786
vn -0.489003729 -0.869861037 -0.0649394303
vn -0.507924746 -0.860300547 -0.0435364236
vn -0.453459829 -0.890429552 -0.0388509623
vn -0.545795632 -0.737052745 -0.398572927
vn -0.45195481 -0.764626512 -0.45943786
vn -0.44622734 -0.799893461 -0.401312362
vn -0.203146597 0.0395583471 0.978348914
vn -0.141660546 0.080186232 0.986662282
vn -0.129365964 0.287629472 0.948964559
vn -0.534179977 -0.832210595 -0.148584247
vn -0.569592878 -0.807661295 -0.15247028
vn -0.585073034 -0.794673828 -0.161811782
vn -0.64456714 -0.754256485 0.125021423
vn -0.622526165 -0.76903099 0.14509483
vn -0.580272895 -0.806663856 0.112146289
vn -0.469040223 -0.74133111 -0.480030681
vn -0.601641653 -0.642622091 -0.474409285
vn -0.476611909 -0.745312297 -0.466208825
vn 0.262549648 0.100793584 -0.959639691
vn 0.158991308 0.0498477833 -0.986020772
vn 0.1435482 -0.122862936 -0.981987074
vn -0.30754416 -0.941035496 -0.140956679
vn -0.344088447 -0.922051132 -0.177270558
vn -0.281339462 -0.943763528 -0.173662058
vn -0.754572682 -0.484211982 -0.44289821
vn -0.765638545 -0.33224281 -0.55082877
vn -0.735277877 -0.478399187 -0.480104845
vn -0.104823228 -0.994439743 0.0100840621
vn -0.130030201 -0.991506178 -0.00276504772
vn -0.143320832 -0.989654442 0.00657452902
vn -0.712466775 -0.427003074 0.556829839
vn -0.690935364 -0.302458535 0.656602739
vn -0.710112254 -0.318405736 0.627979598
vn -0.718699731 -0.674615167 0.168419337
vn -0.640668386 -0.748118173 0.172809773
vn -0.703735306 -0.68374706 0.192993723
vn -0.0967309771 -0.995310564 -1.33996935e-05
vn -0.128930105 -0.991647122 0.00360742906
vn -0.130924308 -0.991390487 0.0019306302
vn -0.0879770765 -0.547999179 0.831839488
vn -0.0800551787 -0.456056297 0.886342948
vn -0.149636801 -0.531179023 0.833941049
vn 0.138807349 -0.570991958 -0.809135776
vn 0.120520459 -0.700799888 -0.70310336
vn 0.0583254932 -0.570273087 -0.819381928
vn 0.13607308 -0.626783547 0.767219983
vn 0.0641412628 -0.615561026 0.785474711
vn 0.12456858 -0.707503959 0.695644174
vn -0.633957659 -0.749346609 0.191252048
vn -0.711055794 -0.673122914 0.203236809
vn -0.613927792 -0.748687238 0.250120144
vn -0.168290405 -0.985734373 -0.00246709191
vn -0.159524667 -0.987154719 0.00880005551
vn -0.428352458 -0.888442434 -0.164876358
vn -0.435053647 -0.884176091 -0.170179214
vn -0.501212657 -0.845818212 -0.182694897
vn -0.690670591 -0.596882187 -0.408296202
vn -0.184872385 -0.982415786 0.0261041205
vn -0.136952041 -0.990202148 0.0272735239
vn -0.199534944 -0.979104646 0.0392415481
vn -0.174556978 -0.925033449 0.337406254
vn -0.246584264 -0.904465847 0.348048462
vn -0.1955736 -0.948733101 0.248307209
vn -0.219938176 -0.867596311 0.445986368
vn -0.26575142 -0.826666761 0.495982106
vn 0.33814999 -0.824604636 0.45352153
vn 0.272812376 -0.886302873 0.374220022
vn 0.234373453 -0.811148798 0.535823396
vn -0.31905523 -0.102002841 0.942230959
vn -0.302153925 -0.254315785 0.918709142
vn -0.419832584 -0.27687634 0.864337951
vn 0.24293264 0.806708103 0.538707499
vn 0.164045422 0.959053523 0.23087971
vn 0.635002389 0.733199171 0.243291886
vn -0.148914168 -0.83729239 0.526085568
vn -0.965804263 0.203465908 -0.160697699
vn -0.972938378 0.140087701 0.183756222
vn -0.945284737 0.141411166 0.294006205
vn -0.789035009 -0.612722848 -0.0446594394
vn -0.752141799 -0.649768612 -0.109924813
vn -0.809409771 -0.582630436 -0.073468344
vn -0.917858904 0.321786185 0.23235465
vn -0.878097124 0.420837583 0.227686559
vn -0.834250582 0.506513353 0.217876546
vn -0.617432033 0.514759103 -0.594811525
vn -0.75389796 0.428553097 -0.497976012
vn -0.594077636 0.586933223 -0.550073771
vn -0.468610456 -0.87404009 -0.128289368
vn -0.47933634 -0.86998323 -0.115610782
vn -0.446363532 -0.890899486 0.0840101385
vn -0.490640462 -0.864500782 0.109134481
vn -0.517905076 -0.847140504 0.118858312
vn -0.268372534 -0.963283386 -0.00782951958
vn -0.315065812 -0.949008491 -0.0107897182
vn -0.303937339 -0.952523058 -0.0179420776
vn -0.755181666 0.113121611 0.645681153
vn -0.879504364 0.237518234 0.412379876
vn -0.880093629 0.0414149675 0.472990491
vn -0.944030693 0.199181666 0.262931008
vn -0.942857358 0.133662244 0.305212068
vn -0.933590284 -0.115812882 0.339111425
vn -0.923973245 0.0354423221 0.380811351
vn -0.932251879 0.0402143274 0.359568133
vn -0.526201995 -0.832877345 -0.171542383
vn -0.233132542 -0.971588647 0.0408009601
vn -0.277373103 -0.959829642 0.0423228086
vn -0.318307541 -0.94592799 0.0624543606
vn -0.56844186 -0.380054764 0.729679538
vn -0.689644276 -0.339409567 0.639681107
vn -0.211174796 -0.779668156 0.58951062
vn -0.509877285 -0.854194684 0.101865577
vn -0.489370454 -0.862633364 0.127985302
vn -0.563388217 -0.816068467 0.128941748
vn -0.115271413 -0.993312852 0.00648690526
vn -0.146792375 -0.988982087 0.0191423606
vn -0.0741828268 -0.996991952 0.0224489482
vn -0.934644444 -0.220266641 0.279145787
vn -0.906859533 -0.33200174 0.259577795
vn -0.911889906 -0.300257684 0.279825165
vn 0.433692517 0.873476287 0.221246419
vn 0.529525287 0.817640485 0.225980103
vn 0.401324415 0.895087471 0.194311947
vn -0.537581659 -0.827833467 0.160305057
vn -0.633808096 0.34644958 0.691563436
vn -0.63934587 0.362301487 0.678214193
vn -0.573389472 0.307893824 0.759227177
vn -0.792244434 -0.553262667 0.257389158
vn -0.750483292 -0.554606261 0.359425547
vn -0.751533349 -0.607929071 0.256163756
vn -0.902916904 0.336520971 0.26738493
vn -0.646138286 -0.731146989 -0.218927832
vn -0.613228438 -0.769327939 -0.179123992
vn -0.662009331 -0.721325145 -0.203552647
vn -0.169995995 0.965525123 0.197135991
vn -0.455800205 0.843873897 0.283060096
vn -0.372891056 0.914706423 0.155770408
vn -0.66143731 -0.72416614 0.195151447
vn 0.450131214 0.815653349 0.363443951
vn 0.443994504 0.876642699 0.185381926
vn 0.500229651 0.840415313 0.208500356
vn -0.345287249 -0.938289493 -0.0197368478
vn -0.574262552 -0.806502601 0.140627439
vn -0.509773742 -0.853107951 0.11107455
vn -0.671759807 -0.516970803 0.530546841
vn -0.658277288 -0.445192431 0.607021178
vn -0.558732268 -0.413902105 0.71868164
vn -0.0679313083 -0.997551579 0.0166187901
vn -0.120455124 -0.992568766 0.0172570993
vn -0.573639271 0.365480876 0.7330496
vn -0.294044795 -0.95140262 -0.0914915969
vn -0.219652657 -0.971600946 -0.0880017773
vn -0.230317392 -0.971338869 -0.0587766994
vn -0.902285351 -0.357836438 0.240487484
vn -0.888448163 -0.379525429 0.258109105
vn -0.920392406 -0.235877253 0.311832872
vn -0.815199511 -0.542773918 0.202104504
vn -0.602113668 -0.79648333 -0.0554385774
vn -0.730595031 -0.533599824 -0.426030666
vn -0.317364056 0.925175418 -0.208159801
vn -0.543331936 0.82246651 -0.168342647
vn -0.354007626 0.909263073 -0.218904692
vn -0.491149452 0.356765071 -0.794664017
vn -0.378020125 0.382269976 -0.843190637
vn -0.101704989 0.993106892 -0.0582648839
vn -0.0392293217 0.998302961 -0.043037881
vn -0.11216779 0.991462069 -0.0664932455
vn -0.50175418 -0.832840602 -0.233707668
vn -0.509634407 -0.83197083 -0.219310988
vn -0.470992793 -0.857280803 -0.207931272
vn -0.240521086 -0.744039478 -0.62334169
vn -0.280653818 -0.858545725 -0.429106831
vn -0.318337773 -0.719385463 -0.61736992
vn -0.556379627 -0.357705446 -0.749992349
vn -0.798502066 0.0625071681 -0.598738093
vn -0.73610308 -0.277682318 -0.617288251
vn -0.264492229 0.424027935 -0.866166364
vn -0.188820953 0.43763099 -0.879105093
vn -0.283435099 0.417899308 -0.86314814
vn -0.548032196 0.311619688 -0.776243442
vn -0.342084146 0.416074433 -0.842532197
vn -0.454996015 0.265904082 -0.84986684
vn -0.129872485 -0.792985763 -0.595236691
vn -0.204218109 -0.711990879 -0.671836253
vn -0.200478656 -0.716913733 -0.667714766
vn -0.581721912 -0.807769205 -0.0954386111
vn -0.590441897 -0.803254668 -0.0784876081
vn -0.673130808 -0.734818164 -0.0832897476
vn -0.342473267 -0.935647562 -0.0852977213
vn -0.582399574 -0.806059427 0.105256529
vn -0.890749493 -0.452657259 0.0408258124
vn -0.870589261 -0.492002276 0.00284589189
vn -0.526132035 -0.842317079 -0.11699154
vn -0.538174525 -0.83291892 -0.12889629
vn -0.577460212 -0.802614922 -0.149495786
vn -0.0448688656 0.968715584 0.2440838
vn -0.0417862681 0.982134971 0.183479714
vn -0.680005502 0.687192897 0.255652968
vn -0.308660413 -0.948417024 -0.0723456859
vn -0.418428897 -0.892419915 -0.168831137
vn -0.440813568 -0.869657521 -0.222214297
vn -0.55432279 -0.831320464 0.0404045727
vn -0.512228084 -0.85884646 0.00226906496
vn -0.494027641 -0.868652149 0.0371501515
vn -0.141296753 -0.988545329 0.0530411128
vn -0.366311805 -0.501386235 0.783854263
vn -0.432530039 -0.620718681 0.653931254
vn -0.762239663 -0.614962297 0.202019975
vn -0.743399927 -0.63766904 0.201828501
vn -0.804280951 -0.558037787 0.20426938
vn -0.453501447 -0.427144326 0.782230249
vn -0.1677871 0.873216087 0.457538145
vn -0.47550377 -0.861746333 -0.176888164
vn -0.425670271 -0.904361663 -0.030574542
vn -0.415226629 -0.909346612 -0.025992045
vn -0.370473084 -0.916157081 -0.152989858
vn -0.58724356 -0.745170433 -0.316015867
vn -0.673389626 -0.649800195 -0.352570727
vn -0.615296595 -0.691617203 -0.378253546
vn -0.167504623 -0.985855719 0.00554106037
vn -0.206197297 -0.978509765 -0.00114630558
vn -0.215275241 -0.976553301 0.00046923363
vn -0.956844661 0.28848443 -0.0350004047
vn -0.98265089 0.102242545 -0.154737491
vn -0.852818556 0.35587911 -0.382165631
vn -0.163595237 0.0717264282 -0.983916621
vn -0.212134132 0.0941924254 -0.972690545
vn -0.173416663 0.0594031934 -0.983055401
vn -0.485632021 -0.828496405 -0.278846277
vn -0.433261786 -0.857764016 -0.276631736
vn -0.59637384 0.181698887 -0.781871957
vn -0.567036706 0.157352486 -0.808523079
vn -0.580746386 0.198647215 -0.789476358
vn -0.68556288 -0.683785608 -0.249881532
vn -0.685493537 -0.684027348 -0.249409699
vn -0.238093225 -0.971129743 -0.0147864551
vn -0.246703353 -0.969083885 -0.00372543711
vn -0.289362638 -0.956967033 -0.0219855083
vn -0.541912025 -0.773785676 -0.328004702
vn -0.637228843 0.346268241 -0.688503963
vn -0.621283045 0.364237665 -0.693785486
vn -0.646350643 0.475337404 -0.596896305
vn 0.606165738 0.784510824 0.13078939
vn 0.534218091 0.836619659 0.121155176
vn 0.67314488 0.737500009 0.0544950224
vn 0.0374682302 -0.0187981196 -0.999120995
vn 0.0425467274 -0.0239415217 -0.998807579
vn 0.0296413047 -0.0387134898 -0.998810622
vn 0.245724553 0.968033442 0.0503060484
vn 0.146165709 0.988680612 0.0338560687
vn 0.263640941 0.963428372 0.0479502415
vn -0.514951277 -0.833655589 -0.199608468
vn -0.94497471 -0.277024096 0.174012778
vn -0.77284635 0.605580575 0.189685755
vn 0.0415052762 -0.99808995 0.0457576537
vn 0.0915069584 -0.994532245 0.0503198844
vn 0.0737118431 -0.996365371 0.0426920459
vn 0.0330526994 -0.0214833859 -0.999222689
vn 0.0547096067 -0.0274126864 -0.998125946
vn 0.0424691012 -0.00692139214 -0.999073806
vn 0.0529529841 -0.987219238 -0.150313532
vn 0.0104897514 -0.967687926 -0.251932617
vn -0.052401797 -0.978964419 -0.197187012
vn 0.337325409 -0.0652187141 -0.939126236
vn 0.440848066 0.155961239 -0.883928207
vn 0.578846086 0.0498323388 -0.813912739
vn 0.145508109 -0.98742409 -0.0618147032
vn 0.2248006 -0.970538072 -0.0867210517
vn 0.200536557 -0.975356253 -0.0920068928
vn 0.596845746 0.795017551 -0.108269333
vn 0.622507845 0.76338643 -0.172409805
vn 0.506361935 0.846764491 -0.163056702
vn 0.126214738 0.908858009 0.397551203
vn 0.79521479 0.245677731 -0.554324716
vn 0.678407222 0.315181888 -0.663644497
vn 0.660452575 0.198061027 -0.724274966
vn 0.0543511329 -0.00761438428 -0.998492852
vn 0.109998326 -0.0368267917 -0.993249292
vn -0.00452005102 -0.0081203649 -0.999956813
vn 0.0937871719 -0.0869640033 -0.991786887
vn 0.00461831861 -0.0993974942 -0.995037089
vn 0.511194723 0.853142541 0.104056522
vn 0.426628705 0.893181566 0.142178192
vn 0.400868517 0.909404881 0.110847621
vn 0.737366104 0.621720502 -0.264111428
vn 0.702944809 0.63401302 -0.322329158
vn 0.671261197 0.70557433 -0.22709749
vn 0.956331338 0.0989167715 -0.275037897
vn 0.937159366 0.167317883 -0.306165067
vn 0.946211136 0.187066729 -0.263989632
vn 0.291415275 0.953193892 0.0806135294
vn 0.318159857 0.936949368 0.144568972
vn 0.264860094 0.956541884 0.121970301
vn 0.732436358 -0.309763084 -0.606286907
vn 0.590058651 -0.259431561 -0.764543036
vn 0.680837548 -0.361277739 -0.637133133
vn 0.682023333 -0.66942586 0.294471035
vn 0.727530441 -0.607634834 0.318558262
vn 0.70843224 -0.634945323 0.308169107
vn 0.128416184 -0.990127767 0.0561808524
vn 0.418625331 0.894127648 0.15902384
vn 0.332442128 0.932142367 0.143502051
vn 0.674694668 0.729386158 -0.113061651
vn 0.72452913 0.679294214 -0.116691515
vn 0.710268554 0.702159366 -0.0499079769
vn -0.776259081 -0.188094373 -0.601699547
vn -0.0560876821 0.973049064 -0.223673181
vn 0.0975979523 0.971453215 -0.216225094
vn 0.0844160794 0.977943371 -0.191051534
vn 0.680570959 0.722969389 0.118905137
vn 0.759900356 0.632703038 0.149125167
vn 0.760486038 0.60270668 0.241672596
vn 0.447396897 0.878230424 0.168959577
vn 0.438626501 0.880578519 0.179410882
vn 0.527087357 0.819797196 0.223855925
vn 0.938208105 -0.224770732 0.26314192
vn 0.945884883 -0.11317688 0.304126261
vn 0.948244123 -0.123063959 0.292725717
vn 0.739089153 0.653325455 -0.164052048
vn 0.620989851 0.7836554 0.0159943145
vn 0.706610219 0.683105786 -0.184576495
vn 0.87560473 0.377642023 0.301169153
vn 0.899793812 0.281574742 0.333296805
vn 0.879610571 0.285507112 0.380487756
vn 0.186117088 -0.854880552 0.48429296
vn 0.122997056 -0.91965675 0.372965395
vn 0.174516688 -0.94081976 0.290520404
vn 0.570236595 0.712041159 0.409667687
vn 0.630975764 0.652608187 0.419490333
vn 0.582572483 0.621918008 0.523285098
vn 0.825127337 0.503136805 0.256940134
vn 0.83913831 0.481577856 0.252843163
vn 0.803614111 0.560728122 0.199470134
vn 0.906077934 0.0744961076 0.41650103
vn 0.887712812 0.0297399967 0.459436064
vn 0.857020558 0.0568389276 0.512137774
vn 0.376316999 0.250276981 0.892046495
vn 0.299167072 0.122728463 0.946275218
vn 0.29082525 0.226961173 0.929467213
vn 0.293430992 0.0195200036 0.955780949
vn 0.316255203 0.0802031755 0.945277788
vn 0.197238248 0.043197112 0.979403432
vn 0.850014978 0.387791825 0.356499702
vn 0.83271858 0.409179147 0.373031088
vn -0.925651204 -0.00359557782 0.378360833
vn -0.862587411 -0.027158411 0.505178562
vn -0.872801881 -0.0175840858 0.487757806
vn 0.221843148 -0.340860788 -0.913564196
vn 0.185710606 -0.465508971 -0.8653398
vn 0.173790059 -0.228777026 -0.957840325
vn 0.956061986 0.148649929 0.252682959
vn 0.930326963 0.267376874 0.251000695
vn 0.929658921 0.289016808 0.228481017
vn 0.891664595 0.350467732 -0.286542524
vn 0.912765003 0.314091606 -0.261163765
vn -0.490304092 -0.865483612 -0.102664572
vn 0.996269154 -0.0732619246 0.0456120977
vn 0.920837722 0.345574935 0.180653962
vn 0.947843652 0.260085275 0.184249999
vn 0.531009246 -0.818029173 0.22103722
vn 0.50739555 -0.836859798 0.205463948
vn 0.562482529 -0.794077062 0.230336761
vn 0.981871845 0.0813793561 -0.17118727
vn 0.746780733 -0.111318429 -0.655687993
vn 0.97808836 -0.0398604824 -0.204338696
vn 0.185244242 -0.395275536 -0.899689848
vn 0.0970059813 -0.388814887 -0.916194752
vn 0.170620801 -0.230585918 -0.957976344
vn 0.513435901 0.842828909 0.161316475
vn 0.620417644 0.754002167 0.215783869
vn 0.690145068 0.399761501 0.603233394
vn 0.969113972 0.0836529255 0.231992018
vn 0.672034227 0.698185413 0.246793694
vn 0.216347224 0.80060324 0.558773953
vn 0.166783144 0.770025522 0.615827961
vn 0.149956301 0.882765052 0.445240352
vn 0.290711903 -0.46986201 0.83349642
vn 0.241440443 -0.337850425 0.909705228
vn 0.277419532 -0.441847099 0.853117544
vn 0.594995343 -0.6912981 -0.409984729
vn 0.55096602 -0.766293915 -0.330499744
vn 0.647808873 -0.690279285 -0.322270343
vn 0.272436652 0.760139202 0.589886993
vn 0.167605561 0.868802306 0.465930176
vn 0.214189546 0.840263352 0.498076638
vn 0.158447332 -0.684787564 0.711308959
vn 0.157384239 -0.769678643 0.618728525
vn 0.141239149 -0.643503752 0.752299425
vn 0.336851857 0.924506391 -0.178378133
vn 0.527683028 0.820435767 -0.220081289
vn 0.48921946 0.857112026 0.161317376
vn 0.614485003 -0.767015171 0.184650773
vn 0.641265004 -0.743601717 0.189303143
vn 0.663594911 -0.72578677 0.181315636
vn 0.905317829 -0.392306678 0.16277315
vn 0.885702928 -0.38561693 0.25851481
vn 0.916558554 -0.317540617 0.243081001
vn 0.935355918 0.155501813 0.317692451
vn 0.948211298 0.0791682183 0.307616201
vn 0.944078272 0.128093751 0.303822656
vn -0.462266352 -0.880812422 0.102368433
vn -0.451867315 -0.888909014 0.0752110033
vn 0.96757637 0.198325797 0.15640603
vn 0.157583276 -0.396924844 0.904222417
vn 0.653547795 0.146198048 0.74263141
vn 0.767527347 0.213069666 0.604568514
vn 0.662060672 0.120595008 0.739684062
vn 0.763253137 0.231069101 0.603366986
vn 0.48348196 0.204902227 0.851034824
vn 0.442561974 0.127573339 0.887617002
vn -0.22219373 -0.50912213 0.831519454
vn -0.155281577 -0.473251108 0.867133796
vn -0.229961045 -0.608980324 0.75911849
vn 0.786195193 0.523082157 0.32906257
vn 0.768452866 0.5656744 0.299153247
vn 0.728027907 0.609301645 0.314208326
vn 0.421570914 -0.770786082 0.477668065
vn 0.379570078 -0.706969231 0.596758798
vn 0.403442201 -0.768083023 0.497275437
vn 0.844166554 0.486511498 0.225143047
vn 0.905512248 0.353606529 0.234542087
vn 0.875585033 0.409780926 0.25579375
vn 0.182297571 -0.979841731 0.0817176719
vn 0.090435195 -0.993346849 0.0712987567
vn 0.0923194442 -0.991859557 0.0877025676
vn 0.155559821 -0.984574749 0.0800856128
vn 0.953155311 -0.0273558057 0.301241784
vn 0.662904481 0.295152387 -0.688071739
vn 0.814277937 -0.554522267 -0.17162895
vn 0.655675416 -0.753327792 -0.0508624219
vn 0.310156418 -0.477439998 0.822103427
vn 0.276266244 -0.396466754 0.87549476
vn 0.30153076 -0.341782727 0.890092
vn 0.959315585 -0.281892486 -0.0158187835
vn 0.953941572 -0.290275575 -0.0757335354
vn 0.947496315 -0.302928422 0.102396795
vn 0.576239307 0.648079889 -0.49793646
vn 0.923890726 0.142243769 -0.355236028
vn 0.86669748 0.360340698 -0.344949359
vn 0.434040103 -0.663087919 0.609855393
vn 0.391916212 -0.801928842 0.450901115
vn 0.402502589 -0.714642349 0.572082143
vn 0.509245965 -0.463404043 0.725207033
vn 0.0835275688 -0.534458091 0.841057485
vn 0.126522995 -0.482613217 0.866646649
vn -0.048103723 -0.688330474 0.723800519
vn -0.00515894843 -0.586151209 0.810185254
vn -0.076085837 -0.628714029 0.77390543
vn -0.914689175 0.174718773 0.364440754
vn 0.898121878 -0.283361632 0.336278572
vn 0.891145281 -0.286251882 0.352022653
vn 0.870688503 -0.369558278 0.32454308
vn 0.163927362 -0.9862967 0.0186182346
vn 0.115672278 -0.992839005 0.029843492
vn 0.200715643 -0.978068194 0.0556402674
vn 0.554751955 0.809371644 0.192789549
vn 0.275391691 -0.290364268 0.916432217
vn 0.355010878 -0.221980002 0.908125627
vn 0.372012726 -0.394917022 0.840028022
vn 0.964758729 -0.195839393 0.175748479
vn 0.0246380331 -0.999686471 0.00446391581
vn 0.105717938 -0.994249935 0.0170524011
vn 0.0776976692 -0.996881046 0.0138293933
vn 0.994759875 -0.0838182057 0.0585431473
vn 0.670324437 -0.693600087 0.263787925
vn 0.594785605 -0.763872709 0.250456721
vn 0.59678018 -0.772034239 0.218669958
vn 0.562773323 -0.80054148 0.205960012
vn 0.974754031 0.0662298724 0.213232697
vn 0.98934485 0.0961990576 0.109281788
vn 0.987972372 -0.0847038813 -0.12936709
vn 0.973161191 -0.214487983 -0.0833798613
vn 0.926909628 -0.211057766 0.310311394
vn 0.912539445 -0.283891264 0.294410448
vn 0.943109166 -0.137478287 0.302728956
vn 0.434657774 -0.889080621 0.143555807
vn 0.360765632 -0.925423049 0.11593248
vn 0.397066327 -0.908239406 0.132058751
vn 0.578414255 -0.358364289 0.732811016
vn 0.48040006 -0.368749595 0.795763482
vn 0.56732919 -0.432932257 0.700504997
vn 0.340027261 -0.900377053 0.271482272
vn 0.386640681 -0.840518135 0.379523714
vn 0.843096811 0.351041753 -0.407378761
vn 0.892034591 0.215432721 -0.397319811
vn 0.890681209 0.171328789 -0.42110976
vn 0.852924648 0.345047469 -0.391741993
vn 0.147025601 0.548951368 -0.822821893
vn 0.246054739 0.541440845 -0.803927159
vn 0.0606480176 0.563534081 -0.823863555
vn 0.0839283824 -0.247848985 -0.965156416
vn 0.93683174 -0.229784067 0.263714948
vn 0.665067281 0.167208302 0.727823396
vn 0.70526003 0.30068577 0.6420252
vn 0.600983219 0.219078148 0.768650724
vn 0.845829238 0.2869071 0.449730159
vn 0.766241441 0.0128553121 0.642424155
vn 0.914035492 0.366145829 -0.174574774
vn 0.449983078 0.60901459 -0.653158831
vn 0.308103081 0.59908788 -0.739030584
vn 0.240751487 0.639239289 -0.7303505
vn 0.162428099 -0.818991983 -0.550335574
vn 0.210292969 -0.801674407 -0.559548937
vn 0.13126298 -0.710766036 -0.691072842
vn 0.795166585 0.457031164 -0.398538099
vn 0.771689848 0.488689346 -0.407035013
vn 0.81280108 0.373181499 -0.447314177
vn 0.044252584 -0.998243692 -0.0393857882
vn 0.0239597232 -0.99910686 -0.0348053834
vn 0.0970394301 -0.994358881 -0.042822472
vn 0.0892857743 -0.995101828 -0.0424311445
vn 0.0599951797 -0.936251368 -0.346170412
vn 0.0723995206 -0.964284143 -0.254783049
vn 0.53198961 0.845344576 -0.0487811719
vn 0.461715939 0.882208806 -0.0923364189
vn 0.572474312 0.816586681 -0.0738874476
vn 0.00765096929 -0.989400117 -0.14501335
vn 0.473247376 -0.87754669 -0.0771279965
vn 0.494720893 -0.860900532 -0.118749788
vn 0.525860777 -0.844043688 -0.105169841
vn 0.517218852 -0.852927082 -0.0707110467
vn 0.617181791 -0.741186758 0.264062166
vn 0.656878245 -0.700448817 0.27907423
vn -0.179414142 -0.806818889 -0.562897722
vn 0.0240164405 -0.768395508 -0.639524475
vn -0.250911739 -0.806210875 -0.53578664
vn 0.20766427 -0.978198639 -0.00172454895
vn 0.170951867 -0.98507629 0.0200040736
vn 0.159627885 -0.987131304 -0.00952510933
vn 0.620220338 -0.016819743 -0.7842473
vn 0.697950172 -0.0402493857 -0.715014366
vn 0.756164879 0.0980277492 -0.646997091
vn 0.126263503 -0.418861065 -0.899229079
vn 0.275369037 -0.221924083 -0.935372436
vn 0.0644735758 -0.635420885 -0.769469594
vn -0.215246825 -0.967361621 -0.133717235
vn -0.245569971 -0.949523658 -0.195192757
vn -0.15528047 -0.972384377 -0.17423145
vn 0.196624662 -0.116354957 -0.973550341
vn 0.092000642 -0.272444956 -0.957762824
vn 0.138333489 -0.202085869 -0.96954894
vn 0.327088138 -0.940995537 -0.0868374852
vn 0.374426068 -0.918076373 -0.130157184
vn 0.457211187 0.877369689 0.145534738
vn -0.716839705 -0.616649702 -0.32539819
vn -0.626262281 -0.723956584 -0.289279139
vn -0.66792738 -0.682713863 -0.296268115
vn 0.214066388 -0.613835082 -0.759856613
vn -0.336962602 -0.815714287 -0.470176995
vn -0.355290491 -0.799992388 -0.48350889
vn 0.0683273024 0.692253232 -0.718412725
vn 0.435955919 -0.7243038 -0.534159566
vn 0.394866419 -0.720370868 -0.570216033
vn 0.482062783 -0.79260596 -0.373351397
vn 0.770912337 0.526110997 -0.359028393
vn 0.763336762 0.527062426 -0.373526687
vn 0.941945674 -0.0835136699 -0.32521349
vn 0.944119843 -0.0847228492 -0.318527488
vn 0.948638812 0.0317046686 -0.314768516
vn -0.000151476581 -0.705319121 -0.708889918
vn -0.0364218728 -0.756127252 -0.653410305
vn -0.0768543658 -0.81722342 -0.571173606
vn 0.569972084 0.315331255 -0.758747668
vn 0.628197385 0.752868696 -0.196358784
vn 0.590756229 0.795439434 -0.135215331
vn 0.475244483 0.870486056 -0.128049633
vn -0.250905335 -0.927839451 -0.275971858
vn 0.948804941 0.0741503935 -0.30703567
vn 0.945228939 0.0047197037 -0.326373984
vn 0.919619424 0.00163261083 -0.392807139
vn -0.301046783 -0.925102638 -0.231421571
vn 0.565137563 -0.801443422 -0.195724237
vn 0.513824066 -0.836509991 -0.190357198
vn 0.515353703 -0.840943038 -0.165001111
vn 0.916410652 -0.400174893 -0.00718134381
vn 0.876939521 -0.469496723 -0.102712722
vn 0.928798129 -0.370480044 -0.00886408137
vn 0.857214006 -0.513170527 0.0428970683
vn 0.874764457 -0.425681804 -0.231478176
vn 0.819908984 -0.503522155 -0.272423747
vn -0.23539214 -0.830663909 -0.504567151
vn -0.353009558 -0.93415646 -0.0523064084
vn -0.359151178 -0.932230001 -0.044245411
vn -0.404971777 -0.912960343 -0.0500127146
vn -0.732568236 -0.419372131 -0.536163031
vn 0.844821919 0.095714768 -0.526416764
vn 0.96511398 0.0741817476 -0.251101722
vn 0.959691749 -0.00451049166 -0.281018508
vn 0.116128468 -0.986486582 0.115578556
vn 0.0977659453 -0.963087284 0.250808101
vn 0.115013181 -0.940144046 0.320782078
vn -0.357844521 -0.843288073 -0.401014369
vn -0.474587427 -0.82138483 -0.316375939
vn -0.322556141 -0.94648032 0.0115126009
vn -0.330346626 -0.943855868 0.00268464926
vn -0.29063553 -0.956828762 -0.00311597509
vn -0.953727503 0.241400492 -0.179247462
vn -0.563895659 -0.793545916 -0.228706288
vn -0.550976145 -0.795862803 -0.251053152
vn -0.378945361 -0.920610655 -0.0942148367
vn -0.440520726 -0.890663176 -0.112519319
vn -0.621553921 -0.743899256 -0.245529267
vn -0.544628951 -0.817674297 -0.18651555
vn -0.75654001 -0.341407056 -0.557753024
vn -0.617359178 -0.763288966 -0.190414286
vn -0.565588657 -0.800169725 -0.199594296
vn -0.813941237 -0.425547891 -0.395485342
vn -0.767692689 -0.521912431 -0.371827042
vn -0.804347529 -0.380632021 -0.45622836
vn -0.824245937 -0.318894722 -0.467893996
vn -0.119826807 -0.983642644 -0.134494185
vn -0.523886597 -0.799169389 -0.294739071
vn -0.804254203 -0.464316234 -0.370925346
vn -0.772882204 -0.546012539 -0.323300797
vn -0.78071538 -0.526156835 -0.337109005
vn -0.627777186 -0.746026564 -0.222126475
vn 0.27334051 0.928133197 -0.252692964
vn 0.363024238 0.782393058 -0.506038048
vn 0.288097731 0.917991483 -0.272564367
vn -0.558831714 -0.80518339 -0.198461139
vn -0.40485411 -0.854176587 -0.32630585
vn -0.438337976 0.190990326 -0.878283846
vn -0.371924373 0.196590945 -0.907206846
vn -0.473637284 0.189116004 -0.860176063
vn -0.771280503 -0.544632744 -0.32939575
vn -0.780927623 -0.527507051 -0.334497172
vn -0.760781837 -0.58026407 -0.290696758
vn -0.780464199 -0.197663989 -0.593131167
vn -0.79305053 -0.332638084 -0.510316335
vn -0.653435545 -0.722095975 -0.227154995
vn -0.610097341 -0.755994971 -0.237176807
vn -0.0365114365 0.509888273 -0.859465453
vn -0.231411501 0.455893838 -0.85942395
vn 0.00458359267 0.468969231 -0.88320261
vn -0.475152044 -0.868856261 -0.138994003
vn 0.0928496096 -0.994065766 -0.0566763057
vn 0.487489908 0.866014149 -0.111234361
vn 0.555002011 0.697631769 -0.453081321
vn 0.237571187 0.0996329658 -0.966246968
vn 0.189110743 0.327349784 -0.925785745
vn -0.206925739 -0.978355515 0.00149164882
vn -0.0504927022 -0.987187649 -0.151363907
vn -0.0771372012 -0.992788505 -0.0917651169
vn 0.248922003 -0.171721404 -0.95317868
vn -0.330136589 -0.888924784 -0.317525685
vn -0.292617808 -0.916534947 -0.272650892
vn -0.248715651 -0.894643445 -0.371151764
vn -0.125514372 0.0204420292 -0.991881175
vn -0.116453706 0.0426565346 -0.992279675
vn -0.0722210878 0.022418421 -0.997136665
vn -0.316388217 -0.946701752 -0.0604507152
vn -0.275372909 -0.960755035 -0.0334592805
vn 0.0515048442 -0.608008378 -0.792258205
vn 0.0164206016 -0.686390553 -0.72704771
vn -0.167258363 -0.980272617 -0.105310191
vn -0.157603226 -0.984315407 -0.0792742255
vn -0.233795991 -0.965749839 -0.112546358
vn -0.16105302 -0.986472129 -0.0305722488
vn -0.105082992 -0.993208972 -0.0499349948
vn -0.139163287 -0.989161806 -0.046824152
vn -0.295558029 -0.949430798 -0.105955701
vn 0.498528741 -0.823080125 -0.272044485
vn 0.476014562 -0.840959764 -0.257287412
vn 0.540406227 -0.799886312 -0.261042138
vn -0.352425351 -0.896937996 -0.267017982
vn -0.156964904 -0.918521289 -0.3628783
vn -0.180414584 -0.850694748 -0.493729707
vn -0.137397501 -0.860402018 -0.490744633
vn -0.33791729 -0.915757091 -0.217257579
vn -0.055098582 -0.998241634 -0.0218583226
vn -0.0983685141 -0.994558388 -0.0343110441
vn -0.0734112953 -0.996370134 -0.0430968471
vn 0.0646364353 0.0181274094 -0.99774422
vn 0.0840479316 -0.0184656621 -0.996290602
vn -0.0953522405 -0.956984647 -0.27402251
vn -0.0892030491 -0.935560882 -0.341714285
vn -0.129031015 -0.945559896 -0.298776639
vn -0.0238726119 -0.927700053 -0.372562357
vn -0.0482698339 -0.87988964 -0.472720049
vn 0.0775414995 -0.818164856 -0.569731151
vn 0.192481198 -0.196216247 -0.961483319
vn 0.216053716 -0.227647894 -0.949472079
vn 0.17307852 -0.348698985 -0.921115
vn -0.268294643 -0.954389156 -0.130993603
vn 0.193302122 -0.617005687 -0.762848787
vn -0.169774722 -0.985447952 0.00829925503
vn -0.145148602 -0.989404214 -0.00334449379
vn 0.0501925784 0.01682465 -0.998597835
vn 0.321000823 -0.537138834 -0.780025861
vn -0.498363856 -0.85890907 -0.117935049
vn -0.449163874 -0.888006299 -0.0984714587
vn -0.521897641 -0.842679417 -0.132341423
vn -0.247470132 -0.930178362 -0.271158162
vn 0.60786639 -0.750825483 -0.258378689
vn 0.652997588 -0.708939654 -0.266455844
vn 0.595810814 -0.761033785 -0.25658732
vn 0.00983159208 -0.999951634 -0.000265185668
vn 0.0425258028 -0.999055103 -0.00896983107
vn 0.0343449506 -0.999389578 0.00639496456
vn 0.0248379536 -0.995322295 -0.093362757
vn 0.448683539 0.889416302 0.087302484
vn -0.0809903451 -0.996183769 -0.0325340197
vn -0.0361023539 -0.997745989 -0.0565646701
vn -0.821842695 -0.290411765 -0.490138339
vn 0.220125644 0.866371763 -0.448268523
vn 0.18716699 0.695766698 -0.693453113
vn 0.0696688198 0.421738818 -0.904036849
vn 0.534022098 0.83393636 0.139178107
vn 0.621736148 0.774946811 0.113585222
vn -0.0195730361 -0.999807199 0.00156871768
vn 0.0325482567 -0.999314957 0.0176133087
vn -0.0922365333 0.169812073 -0.981150489
vn -0.123071989 0.0777779284 -0.989345177
vn -0.0708564928 0.0582558256 -0.99578392
vn 0.345312959 -0.918459971 -0.192847716
vn 0.382660379 -0.895823432 -0.225989853
vn 0.420447176 -0.87283823 -0.247745021
vn 0.143586232 -0.984374059 -0.101934811
vn -0.178452995 -0.98294217 0.0444884167
vn -0.233504884 -0.971703991 0.0355924436
vn -0.196516367 -0.980237267 -0.0227204415
vn 0.0177887572 -0.644098581 0.764735626
vn -0.40138978 -0.914227152 -0.0554523123
vn -0.436259328 -0.897996936 -0.0572651943
vn -0.433563448 -0.896890719 -0.087234023
vn -0.614110059 -0.718897164 0.325661945
vn -0.678391462 -0.676390491 0.286846524
vn 0.162391391 -0.98339698 -0.0809902254
vn 0.0765266291 -0.994145576 -0.0762774444
vn 0.130458013 -0.988379972 -0.0780111412
vn 0.0485123075 -0.997540961 -0.0505824747
vn 0.0644215543 -0.997901245 -0.00655498185
vn 0.00238694463 -0.999992043 -0.00319625043
vn -0.446931368 -0.892765101 -0.056769953
vn -0.237049257 -0.971484438 -0.00506326161
vn -0.167507771 -0.985495515 -0.027198086
vn -0.180735237 -0.983046587 -0.030889834
vn -0.186966942 -0.982257821 -0.0145922995
vn -0.227553591 -0.973123375 -0.0353590297
vn 0.0276172937 -0.999454994 -0.0180831608
vn -0.0190055041 -0.999705104 -0.0151160587
vn -0.314523289 -0.9485087 -0.0375012864
vn -0.362961548 -0.930248457 -0.0538212117
vn -0.347111626 -0.936242753 -0.0544336935
vn -0.0996824402 -0.995007947 0.00475366536
vn -0.0541129034 -0.998514319 -0.00639911124
vn -0.102373208 -0.994707618 0.00874535994
vn -0.138668287 -0.990287437 0.0100945054
vn -0.173898888 -0.984752486 0.00466034842
vn -0.221023576 -0.974796723 -0.0303303188
vn -0.183414512 -0.98270265 -0.0255855197
vn -0.404821315 -0.911315997 -0.0749857148
vn -0.466322961 -0.880384429 -0.0864069044
vn -0.483803288 -0.868413265 -0.108594565
vn -0.426743081 -0.901626666 -0.070425125
vn -0.389963339 -0.916919831 -0.0847739195
vn -0.713513369 0.093325502 -0.694398317
vn -0.307426784 -0.951164621 -0.027832308
vn -0.248136902 -0.968681615 -0.00916553366
vn -0.282635094 -0.959171054 -0.0104063847
vn -0.298237169 -0.953577237 -0.0417737212
vn -0.181412671 -0.983394284 -0.00501248412
vn -0.225815229 -0.974094831 -0.0121137781
vn -0.219040433 -0.975667902 -0.00966612238
vn -0.0718790608 -0.997308375 0.0144708885
vn -0.724107208 0.144693987 -0.674338491
vn -0.643434751 0.219332846 -0.733406316
vn -0.71497516 0.121626452 -0.688489307
vn -0.248507478 -0.967878289 -0.038152996
vn -0.578044788 -0.808833292 -0.107948734
vn -0.545368621 -0.834837239 -0.0749656692
vn -0.549440349 -0.821280551 -0.153667042
vn -0.13816541 -0.989777379 0.0353703117
vn -0.0762500716 -0.997004785 0.0129377378
vn -0.0970360213 -0.995025602 0.0225402377
vn -0.349670454 -0.935987126 -0.0407268234
vn -0.330888013 -0.943444725 -0.0206197651
vn -0.638005428 -0.757743582 -0.137017288
vn -0.631393978 -0.766974557 -0.114418852
vn -0.459273844 -0.884619039 -0.0807260311
vn -0.462959349 -0.884030529 -0.0644877132
vn -0.508428849 -0.856860411 -0.0853835009
vn -0.700333396 -0.713548281 0.0195444213
vn -0.808682756 -0.58815748 0.0101478364
vn -0.83427877 -0.548819527 0.0526883315
vn -0.628168228 -0.687691052 -0.363985844
vn -0.912890065 0.212591003 -0.348477825
vn -0.590775163 -0.67698505 -0.438948685
vn -0.441161264 -0.891680448 -0.101403735
vn -0.712745348 -0.664875551 0.223460447
vn -0.400842452 -0.911315202 0.0939677168
vn -0.430403113 -0.897494782 0.0962095445
vn -0.384794988 -0.920934174 0.0617500219
vn -0.311239497 -0.950121387 -0.019983126
vn 0.104583407 -0.921426942 -0.374212109
vn 0.105502637 -0.933939886 -0.341504734
vn 0.0718771297 -0.952607469 -0.295588716
vn -0.546009708 -0.835365046 -0.0635502846
vn -0.64611409 -0.758590256 0.0841273193
vn -0.789619958 -0.60603529 0.0960288998
vn -0.726199492 -0.679064605 0.107263969
vn -0.833545462 -0.498316503 0.238500789
vn -0.779668013 -0.587252739 0.217375276
vn -0.290024667 -0.957015469 -0.00266179427
vn -0.273049304 -0.961537302 0.0298344456
vn -0.243460427 -0.969812511 0.013809935
vn 0.0873212719 0.431326551 -0.897960134
vn -0.0196394577 0.397283662 -0.917485686
vn -0.584547742 -0.810874552 -0.0280427776
vn -0.854121078 -0.518996698 0.0334605914
vn -0.773849382 -0.622100647 0.118945022
vn -0.895155878 -0.445640861 0.0100088933
vn -0.565007438 -0.824505175 -0.0309485216
vn -0.597987196 -0.801415192 0.0120417123
vn -0.61050618 -0.791803146 -0.0181654189
vn -0.685581399 -0.725701579 0.0577526028
vn -0.654623523 -0.754779454 -0.042142841
vn -0.693018516 0.720844085 -0.0104470886
vn -0.687456147 -0.696110019 -0.20696591
vn -0.694419739 -0.653509205 -0.301175938
vn -0.690610828 -0.690996508 -0.213495924
vn -0.573288176 -0.806375896 -0.145253508
vn -0.778751027 -0.593221841 0.204045791
vn -0.79324746 -0.564488648 0.228278412
vn -0.814940093 -0.527060713 0.240997199
vn -0.405404783 -0.912222716 -0.0591327083
vn -0.375779181 -0.924290074 -0.0669168647
vn -0.405763754 -0.913681609 0.0232743027
vn -0.42222329 -0.906267455 0.0201691015
vn -0.460887346 -0.886232304 0.046638584
vn 0.07953045 -0.996831324 0.00148951037
vn -0.702852362 -0.71021787 -0.0398639415
vn -0.748240327 -0.660646898 -0.0606802209
vn -0.329565063 -0.943920232 -0.0200365814
vn -0.676210103 -0.712215838 0.188383904
vn -0.383940518 -0.923002559 -0.0256116186
vn -0.39840709 -0.917141251 -0.011122808
vn -0.2296501 -0.973110226 -0.0178134426
vn -0.451744362 -0.887832859 -0.0876347355
vn -0.475436099 -0.871284404 -0.121753865
vn -0.541826922 -0.828912811 -0.13902208
vn -0.357193952 -0.933964032 -0.0111205771
vn -0.266714279 -0.963285528 -0.0307324645
vn -0.221737629 -0.975095938 -0.00450959588
vn -0.472203678 -0.881211702 -0.0221274299
vn -0.449375466 -0.893191342 -0.0164595322
vn -0.532017135 -0.846692001 -0.00839187166
vn -0.407872598 -0.912032762 -0.0428507294
vn -0.370957179 -0.928384486 -0.0222039979
vn -0.892768485 -0.431115727 0.130780968
vn -0.879873738 -0.197594629 0.43217886
vn -0.941154063 -0.203221421 0.270055705
vn -0.238877617 -0.970393699 0.0356868786
vn -0.817824988 -0.574765461 -0.0284069345
vn -0.907944021 -0.418392311 0.0241976947
vn -0.297022878 -0.954810138 -0.0107242889
vn -0.572338285 -0.8193567 0.0329163329
vn -0.26151982 -0.964128448 0.0454281804
vn -0.227752573 -0.973152145 0.0332215004
vn -0.256607642 -0.965482865 0.0446693936
vn -0.200701832 -0.979028322 0.0349616808
vn -0.183979128 -0.982618715 0.0247415004
vn -0.619290973 -0.245063318 0.745937438
vn -0.651835966 -0.249467583 0.716153474
vn -0.105564963 -0.994067505 0.0261884378
vn -0.0380858721 -0.998727732 0.0330512235
vn -0.0898929896 -0.995152404 0.0398866362
vn -0.4722523 -0.878310716 0.0744852443
vn -0.480239981 -0.874568329 0.0670805384
vn -0.429158623 -0.902076546 0.0456155889
vn 0.20136841 -0.967317942 0.154099847
vn -0.0298591035 0.957804538 0.285865181
vn -0.0634618829 0.936994005 0.343532858
vn -0.0187402856 0.808574972 0.588094649
vn -0.169306612 -0.985477629 0.0130044048
vn -0.224895886 -0.973879252 0.0313215995
vn -0.337947065 -0.940392133 0.0381368416
vn -0.358011047 -0.933617268 0.0136706786
vn -0.682292176 -0.717638918 0.139541285
vn -0.692942921 -0.702230615 0.163408295
vn -0.58761606 -0.795920309 0.14566478
vn -0.666718038 -0.732916475 0.135353236
vn -0.672421291 -0.721220774 0.166403736
vn 0.0145380088 -0.999609835 0.0238500514
vn 0.108119431 -0.992270579 0.0609039101
vn 0.0441449956 -0.998046947 0.0441985449
vn 0.0276236454 -0.999050156 0.0337004589
vn 0.0525364061 -0.997938181 0.03686885
vn 0.0917304352 -0.99498245 0.0399430948
vn 0.0418779001 -0.999100015 -0.00673808942
vn -0.101784074 -0.994726881 0.0125870845
vn -0.0975944569 -0.994820979 0.0283996907
vn -0.0510879868 -0.998594404 0.0141150272
vn 0.151632577 -0.988143551 0.0240808012
vn -0.247148965 -0.968261617 0.0372401743
vn -0.206750754 -0.978245636 0.0170176627
vn 0.273529526 -0.956822487 0.0983479898
vn 0.316619839 -0.942693189 0.10526837
vn 0.273176407 -0.955858739 0.108206848
vn -0.648328445 0.607991188 0.458276055
vn -0.623407796 0.664520989 0.412037105
vn -0.562247439 0.545518382 0.621520323
vn -0.305422833 0.189390875 0.933192365
vn -0.241107864 0.158904017 0.957400915
vn -0.375875701 0.23789114 0.895614461
vn -0.0496036637 -0.998705619 0.0112500511
vn 0.00611293489 -0.999935641 0.00955750665
vn -0.0271152104 -0.999624959 0.00383486965
vn 0.0724993988 0.00340522036 -0.997362643
vn 0.0395718903 -0.00102284299 -0.999216202
vn 0.0405332715 0.0130578876 -0.999092861
vn -0.131989798 -0.991101043 0.0172457352
vn -0.10066863 -0.99456417 0.0266071354
vn -0.0579655025 -0.997824821 0.0313947077
vn -0.0106828294 -0.999399606 0.032959134
vn 0.0752364428 -0.997155994 -0.0044047352
vn 0.0766449061 -0.997010676 -0.00976062594
vn 0.0617254656 -0.998093111 0.000329851956
vn -0.0530894308 -0.998239421 0.0264494062
vn -0.0491470803 -0.99852066 0.0232606145
vn 0.00682315253 -0.999555463 0.0290227769
vn -0.00471125633 -0.999535596 0.0301064051
vn 0.0271447196 -0.999092597 0.0328199103
vn -0.15083575 -0.988549266 0.0043503649
vn -0.0830547388 -0.996530664 0.00534290616
vn -0.159390538 -0.987214773 0.00128408506
vn -0.319842581 -0.811911352 0.488365314
vn -0.365804742 -0.863144641 0.348092256
vn -0.388123313 -0.812705488 0.434591859
vn 0.0723613854 -0.997359721 -0.00611697186
vn 0.751744721 -0.648343343 -0.1205437
vn 0.670490551 -0.734352402 -0.105683346
vn 0.740287271 -0.669393305 -0.0623486871
vn -0.033726334 -0.392122863 0.9192944
vn -0.0943832054 -0.399736902 0.911757764
vn 0.00769989446 -0.12555017 0.992057391
vn -0.575597591 -0.693323598 0.433577907
vn -0.480931238 -0.745857931 0.460869929
vn -0.465809278 -0.695583427 0.546978439
vn -0.26436449 0.129462069 -0.955693983
vn -0.981883491 -0.187474945 -0.0275309818
vn -0.898981241 -0.433433117 0.0629957236
vn -0.190489609 -0.981142522 0.032757592
vn 0.0107314936 0.998212145 -0.0587992175
vn 0.161807541 0.978345199 0.129069712
vn 0.186355931 0.982407144 0.012151962
vn -0.130408179 -0.956486318 0.261012702
vn -0.093823492 -0.892051158 0.442088095
vn -0.0776395622 -0.938563293 0.336260381
vn 0.0507242743 -0.501963987 0.863399794
vn -0.0433459469 -0.452238298 0.890843224
vn 0.0332401684 -0.427895423 0.903216806
vn 0.0812930615 -0.994829915 0.0608677085
vn 0.356116597 -0.726194686 0.588066533
vn 0.415149839 -0.77098163 0.482947138
vn 0.323694148 -0.760042768 0.56352204
vn 0.206484011 -0.975600477 0.0746194496
vn -0.290218433 -0.855181958 0.429461384
vn -0.261152905 -0.91958334 0.293539847
vn 0.35091854 -0.53022249 0.771829184
vn 0.33388066 -0.584253521 0.739710436
vn 0.182077564 -0.760867585 0.622838887
vn 0.238282329 -0.717525176 0.654506802
vn -0.0461221027 -0.99832463 0.0349383107
vn -0.0697104999 -0.995939267 0.0569686146
vn 0.0190925815 -0.997744272 0.0643571392
vn -0.246362813 -0.74496417 0.619946569
vn -0.478165318 -0.86602436 0.146149706
vn -0.415749542 -0.901707823 0.118639458
vn 0.994977772 -0.0784431355 -0.0621764165
vn 0.892744674 0.447135388 -0.0554697434
vn 0.992460217 0.0866477111 0.086688479
vn 0.0235320286 -0.943780896 0.329733018
vn -0.402064807 -0.912684863 0.0731452824
vn -0.32773878 -0.94393106 0.0397673956
vn -0.298762598 -0.953242112 0.0455014983
vn -0.598996602 -0.720796818 0.348790794
vn -0.755308804 -0.624658014 0.198269957
vn -0.709492619 -0.685632036 0.162877054
vn -0.726019602 -0.666887801 0.167798091
vn -0.785198099 -0.565287885 0.2528113
vn -0.864527789 -0.417723754 0.279461209
vn -0.816586873 -0.518929304 0.252781043
vn -0.34234806 -0.93274721 0.113050647
vn -0.294900167 -0.936974226 0.18738514
vn -0.401900105 -0.899486342 0.171466108
vn -0.468477138 -0.799868492 0.375152724
vn -0.400159091 -0.770580166 0.496063414
vn 0.434073197 -0.484477058 -0.759514608
vn 0.287009087 -0.341526728 -0.894977809
vn 0.384931906 -0.253610826 -0.887417025
vn -0.497962978 -0.862657072 0.0886320982
vn -0.533431754 -0.840014298 0.0991289247
vn -0.50691705 -0.854104142 0.116366746
vn -0.559808838 -0.818123067 0.131486549
vn -0.0502019696 -0.988816747 0.140432203
vn -0.0835441214 -0.988721713 0.12429704
vn -0.125057502 -0.976586332 0.17504216
vn -0.253356257 -0.69677046 0.671060007
vn -0.277560614 -0.660703731 0.69744583
vn -0.160581804 -0.972440419 0.16903584
vn -0.0535914835 -0.973227657 0.223508124
vn 0.0620271471 -0.991787653 0.111847598
vn -0.060031789 -0.993408509 0.0976510001
vn 0.00244265298 -0.997291781 0.0735060327
vn -0.0983121707 -0.993261599 0.0613686573
vn -0.42448626 -0.902118879 0.0774140946
vn -0.38916441 -0.919598172 0.0537611805
vn -0.446186357 -0.891480374 0.0786160155
vn -0.0675148329 -0.440396001 0.895261475
vn -0.376167652 -0.248490845 0.892608647
vn -0.404531032 0.0709883233 0.911764938
vn -0.691966691 -0.695281041 0.194335719
vn -0.878572857 -0.185377023 0.440164849
vn -0.814237898 -0.243835079 0.526840678
vn -0.79030697 -0.161875315 0.590941008
vn 0.354713229 -0.602363538 0.715078103
vn -0.171047721 -0.888465481 -0.425877641
vn -0.219378006 -0.937376545 -0.27055222
vn -0.467605822 -0.856197702 0.219705009
vn -0.183829537 -0.851348454 0.491337472
vn -0.172957234 -0.917507435 0.358142292
vn -0.208279684 -0.882690326 0.42128062
vn -0.742372545 -0.634755331 0.214403066
vn -0.726537658 -0.65994063 0.191367176
vn -0.667632559 -0.72690613 0.160854733
vn -0.352865124 -0.935386038 0.0232198939
vn -0.277995167 -0.96049798 0.0127403689
vn -0.333942457 -0.941264598 0.0500339066
vn -0.250885971 -0.819283118 0.515588404
vn -0.225802916 -0.903238354 0.36492947
vn -0.679959681 -0.706560189 0.196029417
vn -0.76557316 -0.604299116 0.22072679
vn -0.702819276 -0.690626794 0.170527702
vn -0.423174487 -0.872658208 0.243702698
vn -0.481271047 -0.848101298 0.221590541
vn -0.449961217 -0.876565699 0.170784892
vn -0.734495645 -0.651055246 0.191424176
vn -0.316869951 -0.898681421 0.303257545
vn -0.366241818 0.699051953 0.614160645
vn -0.664476024 0.742191198 0.0873145921
vn -0.638680226 -0.757736656 0.133875797
vn -0.579730574 -0.806650671 0.115009381
vn -0.58238888 -0.802978017 0.126686606
vn -0.288546811 -0.782392773 0.55190786
vn -0.313086913 -0.748689592 0.584329086
vn -0.275581647 -0.958629841 0.0712992614
vn -0.33830303 -0.936605127 0.0912244296
vn -0.287203941 -0.955568894 0.0663474608
vn -0.31466178 -0.947434687 0.0579264963
vn -0.339027203 -0.939427973 0.0503551244
vn -0.357593338 -0.931864774 0.0612784382
vn -0.713376045 -0.604513004 0.354483633
vn -0.0680704362 0.788700001 0.610998137
vn -0.664877247 -0.733976824 0.138622752
vn -0.923148453 -0.209245108 0.322511114
vn -0.910288149 0.197986896 0.363561101
vn -0.225927322 -0.684443623 0.69317658
vn -0.851957531 -0.447077029 0.272562829
vn -0.798343108 -0.481458755 0.36172607
vn -0.83375193 -0.418962872 0.359621788
vn -0.824059071 -0.333801563 0.457715155
vn -0.895626728 -0.240038555 0.374478645
vn -0.890926309 -0.341335317 0.29956721
vn -0.929639406 0.0993973129 0.354810865
vn -0.889392667 0.291857559 0.351852027
vn -0.565404442 -0.649651585 0.508203339
vn -0.39178797 -0.725508529 0.565808767
vn -0.367157941 -0.927976752 0.0636725508
vn -0.412711949 -0.906985143 0.083945208
vn -0.202390005 -0.632447185 0.74769569
vn -0.161574685 -0.709981299 0.685434297
vn -0.181512424 -0.665354403 0.724124822
vn -0.400159712 -0.912985856 0.0795552162
vn -0.346206684 -0.935890572 0.0651902468
vn -0.53989109 -0.837096666 0.0882427516
vn -0.622628709 -0.773588737 0.117872628
vn -0.4823947 -0.870998747 0.0930405053
vn -0.183600468 -0.981177297 0.0598496445
vn -0.226004996 -0.969598727 0.0938085781
vn -0.300814401 -0.948443236 0.099830479
vn -0.137626651 -0.985017913 0.103916389
vn -0.0237758311 -0.789322223 0.613518654
vn 0.0679767608 -0.854365154 0.515208059
vn -0.0253032092 -0.89019945 0.454867768
vn -0.546547034 -0.759361878 0.353066393
vn 0.118795136 -0.469770721 0.87475893
vn 0.0623758392 -0.553595078 0.830446714
vn 0.146949102 -0.396625965 0.906142265
vn 0.0859530451 -0.366327145 0.926507689
vn 0.0934096783 -0.381346962 0.919700563
vn 0.188721678 -0.336845181 0.922452954
vn -0.66202538 -0.727596054 0.17979538
vn -0.612873285 -0.772877402 0.164459287
vn -0.610186398 -0.781711932 0.128837167
vn -0.210119624 -0.977097196 0.0336275668
vn -0.0400795243 -0.533263414 0.844999268
vn -0.22812651 -0.951574055 0.20607065
vn -0.279768803 -0.926949694 0.249987363
vn -0.260184874 -0.95508786 0.1418133
vn 0.282824938 -0.954983411 0.0895362423
vn 0.251115598 -0.963443725 0.0933656532
vn -0.922377453 -0.170852538 0.34645237
vn -0.905547278 -0.226951206 0.358437271
vn -0.896849659 -0.243075841 0.369560312
vn 0.369600746 -0.919463943 0.134094541
vn 0.318034432 -0.943120907 0.0968351917
vn 0.295603081 -0.949175503 0.108095713
vn -0.494132477 0.00849850941 0.869345081
vn -0.553886044 -0.0699172235 0.829651633
vn -0.450245268 0.00575884875 0.89288635
vn -0.512053399 -0.311965687 0.800299148
vn -0.52767914 -0.248373262 0.812321025
vn -0.572653707 -0.227076346 0.787720804
vn -0.226568109 0.140485726 0.963810486
vn -0.447948009 -0.590981937 0.670882203
vn -0.505016822 -0.85902935 0.0838247314
vn -0.450519083 -0.887966348 0.092457124
vn -0.220071892 -0.460607741 0.859888871
vn -0.275530689 -0.493729912 0.824811259
vn -0.261116495 -0.462259623 0.847428001
vn -0.607407229 -0.773128261 0.182562731
vn -0.560375935 -0.808776371 0.178492559
vn -0.540691858 -0.826145524 0.158543018
vn -0.584266091 -0.162618846 0.795102664
vn -0.624016411 -0.186649135 0.758792211
vn -0.260470704 -0.964393678 0.0458240862
vn -0.860221343 0.406554387 0.307786892
vn -0.874765212 0.372287725 0.310141377
vn -0.851871977 0.479513617 0.210667573
vn -0.395466245 -0.916937982 0.0532088999
vn -0.902743399 -0.293977736 0.314056439
vn -0.878524936 -0.396456184 0.26648908
vn -0.024422249 0.887588038 0.459990248
vn -0.0601725932 0.865340192 0.497559656
vn -0.514911964 -0.852618647 0.0889219464
vn -0.662850042 -0.734518731 0.145299881
vn -0.546906313 -0.83101633 0.101515237
vn -0.875467817 -0.408819802 0.257725574
vn -0.909134875 -0.320014572 0.266579168
vn -0.313891018 -0.62133302 0.717925976
vn -0.453613212 -0.51792295 0.725252281
vn -0.414634908 -0.534111767 0.736751324
vn -0.418853622 -0.899374768 0.125246433
vn -0.888674398 0.0416063188 -0.456647269
vn -0.93418086 0.218975506 -0.281701701
vn -0.963037747 0.268143085 0.0256433809
vn -0.615493429 -0.778905042 0.120311159
vn -0.342330615 -0.907944105 0.241758666
vn -0.395777762 -0.917227181 0.0453239669
vn -0.692776604 0.367777691 -0.620322615
vn -0.379386612 -0.922101708 0.0761198942
vn -0.375772127 -0.926707377 0.00295750481
vn -0.44513802 -0.889988126 0.0988598936
vn -0.455843543 -0.881955147 0.119840657
vn -0.677765355 -0.716773164 0.163921793
vn -0.678188652 -0.714568495 0.171615906
vn -0.730478873 -0.658260824 0.181915651
vn -0.589326189 -0.799482045 0.116288873
vn -0.62584833 -0.761460672 0.168794292
vn -0.437760253 -0.896933822 0.0622549564
vn -0.552773694 -0.830662455 0.0666418026
vn -0.723356302 -0.366580677 0.585127566
vn -0.73376182 -0.617058905 0.284309515
vn -0.557870242 -0.762730599 0.327143435
vn -0.693400343 -0.712187067 -0.109478514
vn -0.794660463 -0.60264602 0.0730241326
vn -0.389392653 -0.920609064 0.0291944006
vn -0.659036212 -0.710107142 -0.24782881
vn -0.531596276 -0.453072421 0.715633133
vn -0.211764797 -0.777112434 0.592665113
vn -0.617068453 -0.770068692 0.161928178
vn -0.469700444 -0.880135191 0.0688733523
vn -0.436546408 -0.898055823 0.0540645198
vn -0.316846689 -0.94817841 0.0237881938
vn -0.264792201 -0.964271672 0.00807664109
vn -0.271124512 -0.962350857 0.0192957785
vn -0.272004581 -0.961880385 0.028277801
vn -0.606779421 -0.792038994 0.0670295924
vn -0.678615569 -0.725920652 0.111893327
vn -0.575465557 -0.805393787 0.142057172
vn -0.536800995 -0.832241682 0.138630711
vn -0.731334715 -0.651321164 0.202312321
vn -0.535200187 -0.422658535 0.73138261
vn -0.663957524 -0.364323889 0.653014938
vn -0.245254503 -0.0243627519 0.96915256
vn -0.133685753 0.11209942 0.984663313
vn -0.161182453 -0.101161809 0.981726288
vn -0.878901703 -0.373618214 0.29654886
vn -0.847403333 -0.454585727 0.274334483
vn -0.816229192 -0.435325184 0.379818235
vn -0.126792236 -0.969029088 0.211911198
vn -0.158817005 -0.957020698 0.242669616
vn -0.139471059 -0.934435922 0.327684806
vn -0.766174093 -0.603896773 0.219740635
vn -0.386783146 -0.442122743 0.809275156
vn -0.437814861 -0.376819434 0.816287487
vn -0.54993487 0.671475897 -0.496680741
vn -0.355829885 0.850275429 -0.387836031
vn -0.371294663 0.811946849 -0.450424897
vn -0.582630449 -0.116613318 0.804327728
vn -0.589126169 -0.797900669 0.127612219
vn -0.596841192 -0.795834814 0.102115324
vn -0.725868644 -0.67547113 0.129820892
vn -0.760238374 -0.63368011 0.143133268
vn -0.499857179 -0.0143108164 0.865989608
vn -0.761327529 0.644465631 0.0710242562
vn -0.662618554 0.748800349 0.0153196142
vn -0.692919992 0.705692345 0.147851953
vn -0.216931292 -0.440942593 0.870925051
vn -0.234797916 -0.591375699 0.771456234
vn -0.182170812 -0.512988572 0.838842369
vn -0.179269858 -0.644392985 0.743384153
vn -0.181232251 -0.787490239 0.589078938
vn -0.219985053 -0.712464581 0.666333848
vn -0.356158239 -0.776127434 -0.520362869
vn -0.365649427 -0.618122678 -0.695862667
vn -0.34863824 -0.786904825 -0.509148479
vn -0.375372302 -0.668996676 -0.64151312
vn -0.226593842 -0.776442091 0.588041589
vn -0.293177788 -0.689666622 0.6621229
vn -0.35860007 -0.928955844 0.0919077273
vn -0.618205199 0.75113664 0.231551462
vn -0.702438697 0.64179023 0.307709567
vn -0.717379569 0.637606469 0.280757092
vn 0.010318671 0.43500282 0.900369964
vn 0.0594524005 0.633663915 0.771320592
vn -0.0718017591 0.69151561 0.71878416
vn -0.0645493162 0.60781602 0.791449981
vn -0.0209760463 0.763357022 0.645636169
vn -0.0641896805 0.997919105 0.00609468869
vn -0.0930810556 0.240456042 0.966186736
vn -0.551660863 -0.82516723 0.121529151
vn -0.698123273 -0.543254062 0.466367796
vn -0.742005383 -0.490340497 0.457158845
vn -0.154064012 -0.34434668 0.926115352
vn -0.694461333 0.71764273 -0.0520804048
vn -0.620287415 0.784046566 -0.0226827018
vn -0.136227838 -0.990614183 0.0112033829
vn -0.136674064 -0.990223257 0.027894457
vn -0.134147884 -0.867310454 -0.479350521
vn -0.164502963 -0.788946075 -0.592032825
vn -0.162358556 -0.915347943 -0.368480452
vn -0.802378421 -0.129753062 0.582540138
vn -0.722796242 -0.063767603 0.688112843
vn -0.198109159 -0.130578238 0.9714433
vn -0.129479603 -0.0501644672 0.990312354
vn -0.0516510594 0.491325158 0.869443361
vn -0.0383575229 0.468009654 0.882890517
vn -0.285427922 -0.675363546 0.680011016
vn -0.0861160417 0.207558999 0.974424594
vn -0.0797912527 0.468834598 0.879674642
vn -0.145406366 -0.325270506 0.934374703
vn -0.15319957 -0.507076377 0.848176538
vn -0.126769712 0.378553644 0.916856902
vn -0.17665085 0.23037128 0.956934455
vn -0.195377072 -0.941696589 0.273925782
vn -0.434492752 -0.765072116 -0.475269089
vn -0.500006755 -0.450009956 -0.73992181
vn -0.419201917 0.905420225 -0.0669624388
vn -0.434233944 0.900719744 -0.0120343277
vn -0.351123471 0.933654578 -0.0707208368
vn -0.799810483 -0.547848895 0.2452851
vn -0.902412489 0.417222457 0.107597033
vn -0.455698861 0.0970540439 0.884827136
vn -0.511827024 0.217740928 0.831036694
vn -0.935835944 -0.0998663014 0.337990839
vn -0.489998524 -0.865844067 0.101071751
vn -0.131826481 -0.990566933 0.0374022668
vn -0.116975984 0.991143418 -0.0628597187
vn -0.109354088 0.993778034 -0.0211400796
vn -0.0839625802 0.99476172 0.0583044188
vn -0.814247156 0.565773872 -0.130005749
vn -0.91601082 0.273939158 0.293055481
vn -0.852619243 0.393292113 0.344037411
vn -0.840712161 0.446270119 0.306669273
vn -0.896971583 0.305868597 0.319196461
vn -0.828990069 0.44073659 0.344277103
vn -0.613729245 0.731666453 0.296648978
vn -0.541586358 0.835128803 0.0961462417
vn -0.508302885 0.857758193 0.0766750291
vn -0.520494743 0.838966711 0.158808311
vn -0.510618836 -0.468603716 0.720887621
vn -0.697874081 0.260415826 0.667199644
vn -0.843623942 0.45272243 0.288688494
vn -0.39933676 0.248200123 0.882568327
vn -0.673215202 -0.714265309 0.191327886
vn -0.997450363 0.0459260288 0.0546220929
vn 0.0921844708 0.99061107 -0.100954107
vn 0.243250624 0.966961521 -0.0762532025
vn -0.926513852 -0.1267674 0.354262767
vn -0.916913927 -0.181942242 0.355198355
vn -0.897873124 -0.211933532 0.385886034
vn -0.182149229 -0.2587603 0.94861202
vn -0.278883647 0.953782266 -0.11190755
vn -0.35526337 0.929815831 -0.0960752687
vn -0.929672747 -0.0883673532 0.357630809
vn -0.943709207 -0.00913505404 0.330650092
vn -0.654656072 -0.144110845 0.742062998
vn -0.61871633 -0.169348852 0.767144751
vn -0.710569893 -0.195881374 0.675811302
vn -0.830556232 -0.48856549 0.267357639
vn -0.927153752 0.224218681 0.300186446
vn -0.948836703 0.107760439 0.296810714
vn -0.834986816 -0.49280581 0.24482535
vn -0.795431673 -0.567987675 0.211372786
vn -0.117439058 -0.0927748708 0.988737018
vn -0.620401766 -0.105705037 0.777128107
vn -0.600824055 -0.112539266 0.791419843
vn -0.521217802 0.848159744 -0.0946416942
vn -0.946221219 -0.122616392 0.299383741
vn -0.810122809 -0.229328447 -0.539545639
vn -0.899498974 0.106686107 0.423697617
vn -0.866249183 -0.185980442 0.463706403
vn -0.878818046 -0.423708879 0.219430233
vn -0.881107947 -0.424196975 0.209059112
vn -0.900070687 -0.0673648696 0.430505207
vn -0.921101576 0.071719965 0.382659291
vn -0.688700758 -0.0736610014 0.7212942
vn -0.764761853 0.644041188 -0.0187151151
vn -0.921637978 0.385777877 -0.0419388369
vn -0.874851145 0.483995462 -0.0195925012
vn -0.678777441 -0.278637095 0.679428109
vn -0.644467672 -0.248982684 0.722958535
vn -0.740782384 -0.321219007 0.589965939
vn -0.822434215 -0.529407267 0.208158371
vn -0.787060713 -0.572821981 0.228933202
vn -0.804656765 -0.543044376 0.240063109
vn -0.813952874 -0.521294059 0.256384911
vn -0.833718911 -0.471521153 0.28736837
vn -0.147371835 0.954465542 -0.259378241
vn -0.121165223 0.978569822 -0.166493519
vn -0.21900897 0.949978084 -0.222658282
vn -0.563576198 -0.800323713 0.204606509
vn -0.729455713 0.404949379 0.551280658
vn -0.6116015 0.0424305496 0.790027375
vn -0.471444839 0.108231536 0.875228941
vn 0.21344694 0.865392146 0.453361707
vn 0.217304916 0.936623685 0.274799285
vn -0.197798313 -0.980212258 0.00773027431
vn -0.653965551 0.716321206 0.243337191
vn -0.643390234 0.756437335 0.117692673
vn -0.667384708 0.691679298 0.276002538
vn -0.846514962 -0.456461727 0.273961879
vn -0.87040662 -0.358937502 0.336980986
vn -0.307242542 -0.5877573 0.748427269
vn -0.268648019 -0.546374585 0.793286237
vn -0.163160971 0.0460738868 0.985523056
vn -0.319830911 0.18650846 0.928936372
vn -0.530841095 0.216935592 0.819235424
vn -0.493651823 0.103656315 0.863460043
vn -0.416554766 0.123117304 0.900735398
vn -0.389661251 0.122336935 0.912796683
vn -0.503238905 0.215027983 0.836966888
vn -0.723999554 0.661234902 0.19645114
vn -0.70950943 0.644699575 0.284532647
vn -0.868220702 -0.0867562391 0.488534715
vn -0.918574732 -0.133088402 0.372166547
vn -0.367166602 -0.685544837 -0.628662837
vn -0.342223364 -0.606082688 -0.718015978
vn -0.910363419 -0.0525189869 0.410463399
vn -0.838632616 -0.493465159 0.230624094
vn -0.843263913 -0.484622229 0.232480684
vn -0.897998038 -0.291765292 0.329351694
vn -0.61105955 -0.146449193 0.777919572
vn -0.144129396 0.977564343 -0.153605577
vn -0.214149194 0.975269847 -0.0546703617
vn -0.778504711 -0.077219481 0.622870426
vn -0.827204033 -0.0528770229 0.559408177
vn -0.788296891 -0.0307659365 0.614525401
vn -0.993068038 -0.100296433 -0.0612902701
vn -0.928910216 0.0669010545 0.364211558
vn -0.54917529 -0.465198824 0.694259717
vn -0.39075532 0.772853418 -0.500007873
vn -0.432930945 0.740523786 -0.513999338
vn -0.932970265 -0.00527158586 0.359914843
vn -0.929369936 -0.121178639 0.348693646
vn -0.34855813 -0.934156754 0.0765401154
vn -0.668803012 0.536273911 0.51489108
vn -0.328875484 -0.943286148 0.0453007484
vn -0.622138223 0.72031155 0.306749577
vn -0.852360757 0.409668968 0.325042269
vn -0.901588175 0.161281471 0.401406339
vn -0.520813451 0.102078784 0.847545439
vn -0.639481753 0.0282697604 0.768286345
vn -0.621260744 0.48180846 0.6179771
vn -0.681193571 0.63994911 0.355584666
vn -0.689276157 0.712213737 0.1328532
vn -0.542056254 0.396670407 0.740828999
vn -0.46627435 0.299461017 0.832412956
vn -0.323387811 0.130892889 0.937169876
vn -0.832330399 0.413570511 0.36903325
vn -0.522675394 0.454503177 0.72127477
vn -0.157849353 0.970228905 -0.183683024
vn -0.396701176 0.799986693 0.450166046
vn -0.00788027015 0.992541379 -0.121653248
vn -0.865454297 0.468894825 0.176427046
vn -0.746388297 0.665174018 -0.0211668644
vn 0.000401744055 0.994864456 -0.101215374
vn -0.0786068968 0.994997537 -0.061651092
vn -0.187018631 0.96676106 -0.174347598
vn -0.184989569 0.965170343 -0.185000182
vn -0.47355655 0.783340269 0.402644034
vn -0.679643752 0.694661668 0.235647062
vn -0.340144414 0.168225277 0.92520378
vn -0.766236358 0.501170373 0.402131945
vn -0.833952094 0.519374339 0.18647842
vn -0.856035361 0.315537851 0.409437817
vn -0.354840755 0.934027563 -0.040994516
vn -0.617122224 0.729149764 0.295805312
vn -0.551327002 0.79919111 0.239441239
vn -0.226247164 -0.945020172 0.236112461
vn -0.25087277 -0.91780702 0.307722484
vn 0.446799096 0.890897366 0.0816850791
vn 0.423125577 0.870325805 0.251987578
vn 0.236029862 0.373692863 0.897019257
vn 0.215699201 0.396248175 0.892446771
vn 0.160366095 0.270834162 0.949174153
vn 0.520094691 0.772121352 0.365143987
vn 0.545616972 0.817033055 0.186437943
vn 0.555673442 0.716700606 0.421387312
vn 0.0985088638 0.109709056 0.989070233
vn 0.166585571 0.196402391 0.966268777
vn 0.195262462 0.0555502913 0.97917656
vn 0.35096899 -0.936166015 0.0203460077
vn 0.36714406 -0.928093381 0.0620315687
vn 0.326303757 -0.944824242 0.0288619221
vn 0.366706975 0.404616913 0.837741696
vn 0.451704148 0.73447886 0.506462404
vn 0.375375721 0.63994702 0.670493013
vn 0.420827966 0.590413639 0.688705713
vn -0.274332091 0.941605097 -0.195247908
vn -0.432762346 -0.891525496 -0.133787303
vn -0.369697709 -0.897087711 -0.241986039
vn -0.760134962 0.646324083 0.0667833761
vn -0.515869046 0.856112933 0.0308184056
vn -0.321688457 0.945075076 -0.057876044
vn 0.220628224 0.715903895 0.662423429
vn 0.209972301 0.488171032 0.847113143
vn 0.143535708 0.663740234 0.734061579
vn -0.090459953 0.993509241 -0.0689665506
vn 0.0824093621 0.785309392 0.613594211
vn 0.327741298 0.944711888 0.0102513503
vn 0.321438717 0.946063018 -0.0405205823
vn 0.273787065 0.95430887 -0.119729791
vn 0.194128429 0.410742607 0.890844915
vn 0.246196788 0.65022773 0.718742681
vn -0.769072191 -0.602258922 0.214037746
vn 0.510039407 0.858250603 0.0571463489
vn 0.604077602 0.791793773 0.0902932559
vn 0.553910283 0.826543138 0.100049182
vn -0.818041017 0.484650886 0.309713436
vn -0.743900182 0.607509442 0.278468665
vn -0.840520259 0.423812203 0.337503942
vn -0.584092797 0.198717676 0.786985952
vn -0.717847176 0.318471437 0.61908915
vn 0.252748487 0.456024165 0.853323012
vn -0.854448542 -0.476590504 0.206831286
vn 0.127542525 0.137224534 0.982294422
vn -0.129395923 -0.991277778 -0.0250012533
vn -0.935516296 0.266106399 -0.232371781
vn -0.498803001 -0.820220473 -0.280060603
vn 0.291972846 0.954760054 0.0564366565
vn 0.303188612 0.944125934 0.129239648
vn -0.467373976 0.875146452 0.125220823
vn -0.365766265 0.930148054 -0.032243413
vn -0.363721369 0.931479151 -0.00730458169
vn 0.249871356 0.956371039 -0.151389372
vn 0.381471767 0.924092925 0.0230555158
vn 0.0689226774 0.98731772 -0.143015327
vn 0.360529632 0.519602622 0.774617002
vn 0.50435983 0.835631423 0.21758053
vn 0.534932507 0.805697612 0.254359138
vn 0.422864651 0.88209186 0.20760404
vn -0.63580168 0.771671661 -0.0167054187
vn -0.560893794 0.827847616 -0.00815331201
vn -0.129920408 0.757937357 0.639258673
vn 0.512793542 0.817689417 0.261585167
vn 0.444413965 0.891890983 0.0838254241
vn 0.508650662 0.853189127 0.115511116
vn 0.364606208 0.928314902 0.0727582088
vn 0.354556518 0.933038191 -0.0610688957
vn 0.292293295 0.956215308 -0.0147280438
vn 0.342230156 0.937022673 0.069764099
vn -0.234553524 0.955902084 -0.176736669
vn -0.212751011 0.969316464 -0.123136511
vn -0.259463438 0.960383078 -0.101700876
vn -0.165134429 0.980902123 -0.102769864
vn -0.204191087 -0.978930697 -0.000831451823
vn 0.749539045 0.641150561 0.164672945
vn 0.807400118 0.554101394 0.202673863
vn 0.751024924 0.646089796 0.136123251
vn 0.324574907 -0.937533851 0.125225428
vn 0.382851378 -0.909896307 0.159729563
vn -0.636818353 0.469961205 0.611227332
vn 0.0302437046 0.689210731 0.723929476
vn 0.0154513744 0.706309072 0.707734943
vn -0.712900394 0.675416303 0.18864211
vn -0.601862012 0.781625682 0.163778543
vn -0.32184435 0.946670145 -0.0152266768
vn -0.556881453 0.802269167 0.215051694
vn -0.748482478 0.6054045 0.270664684
vn -0.716385784 -0.526157857 0.458202267
vn -0.739043793 -0.673197264 -0.0248940746
vn -0.840254282 -0.441077061 0.315315348
vn -0.734465959 -0.654029207 0.181123031
vn -0.643473005 0.741270332 0.190947078
vn -0.756607202 0.404470788 0.513759597
vn -0.470229913 0.658816206 -0.587235077
vn -0.210052622 0.920561362 -0.329309391
vn -0.523095799 0.686540504 -0.505007843
vn -0.768134745 0.635800561 0.0756747046
vn -0.0016611436 0.81192185 0.58376378
vn -0.421973504 -0.906585034 -0.00647590727
vn -0.460520979 -0.658497866 -0.595231878
vn -0.214187451 0.62145438 0.753603469
vn -0.129343722 0.477135559 0.869259374
vn -0.621343428 -0.0453507449 0.782224811
vn -0.12484015 0.974717618 -0.185311905
vn -0.172646411 0.933678269 -0.313748476
vn -0.52917891 -0.422949307 0.735583826
vn -0.487654728 0.86752391 0.0979547393
vn -0.402425264 0.914732088 0.0363196086
vn -0.24164156 -0.298396566 0.923346547
vn -0.293576188 -0.370878899 0.881057242
vn -0.417058415 -0.572253605 0.706107704
vn -0.36978136 -0.713943948 0.594597162
vn -0.498254975 -0.358073135 0.789636378
vn -0.16524872 -0.741906292 0.649821448
vn -0.16090511 -0.840904872 0.516709339
vn -0.636293087 0.562047134 0.528426084
vn -0.898685805 0.296234822 0.323432766
vn -0.165412074 -0.627227413 0.761068077
vn -0.48328776 0.286072934 -0.827402693
vn -0.620150028 -0.016775854 -0.78430384
vn -0.126498451 -0.984525848 0.121272405
vn -0.201743495 -0.978824563 0.0346704108
vn -0.127013718 -0.990654668 -0.0497075845
vn 0.00599437375 0.696268499 0.717756397
vn -0.0779948604 0.996124572 0.0406526679
vn -0.192895967 -0.976481156 -0.0963104284
vn -0.307164413 -0.933315658 -0.185935221
vn -0.527177802 -0.685993286 0.501494544
vn -0.269885805 -0.867383132 -0.418100651
vn -0.709726806 -0.680247152 -0.183171157
vn -0.670444803 -0.7091204 -0.218293436
vn -0.645606475 -0.739279615 -0.191462608
vn -0.519504969 -0.837333691 -0.170255331
vn -0.787975545 -0.540964119 -0.294027826
vn -0.212346473 -0.968967169 0.12653695
vn -0.534205362 -0.842497969 0.0694392104
vn -0.923242256 0.166680568 0.346181058
vn -0.262960294 -0.94424767 0.198111638
vn -0.237570678 -0.961320653 0.139365617
vn -0.140422946 -0.813292563 -0.564656182
vn -0.11111037 -0.88663767 -0.448918843
vn -0.717357229 0.437700739 -0.542048585
vn -0.570060885 0.634966577 -0.521390481
vn -0.520262687 0.756460285 -0.396351579
vn -0.511566725 0.757757717 -0.40509595
vn -0.104966517 0.979246507 -0.173373322
vn -0.183344819 0.916328645 -0.355986646
vn -0.86917696 0.492248727 0.0471444965
vn -0.626215448 0.640698817 -0.444251323
vn -0.719744359 0.0221599401 -0.693885433
vn -0.68319312 0.105643634 -0.722555592
vn -0.657951182 0.111867389 -0.744705264
vn 0.500651462 0.832234073 -0.238190179
vn 0.378708687 0.892877298 -0.243618268
vn 0.433533976 0.869120287 -0.238071878
vn -0.727578421 0.0409488508 -0.684801309
vn -0.337687495 -0.787132507 -0.516129414
vn -0.720301862 -0.693203941 0.0251698972
vn -0.286818273 -0.943672848 -0.164975252
vn -0.685656183 -0.695531553 -0.214735786
vn -0.653362449 -0.727201647 -0.210464426
vn -0.812720792 0.196602575 -0.548481852
vn -0.47412129 0.878264949 -0.0621263348
vn -0.769541213 0.213499998 -0.60185054
vn -0.490219202 0.807722845 -0.327519372
vn -0.711425161 0.024571878 0.70233216
vn -0.282789429 -0.636749562 -0.717342411
vn -0.540940752 -0.259943224 0.799882881
vn -0.605504996 0.118413448 0.786982818
vn -0.693591473 0.0661343633 -0.717326365
vn -0.206838902 -0.867714105 -0.451984403
vn -0.164882173 -0.964083858 -0.208221475
vn -0.671535592 -0.692140619 -0.264539812
vn -0.760283202 0.399393857 -0.512302644
vn -0.135653383 -0.976970187 -0.164704018
vn -0.122111923 -0.968008136 -0.219200656
vn -0.148124445 -0.988872749 -0.0137780347
vn -0.498331287 -0.862799358 0.0851069749
vn -0.183196903 -0.980426116 0.0721354642
vn -0.190277559 -0.980374839 -0.0515715571
vn -0.165622194 -0.984960814 -0.0492085687
vn 0.669058523 0.743199619 -0.00387541222
vn 0.671590655 0.729018426 -0.132280489
vn 0.792931801 0.60039563 -0.103847226
vn -0.228306948 -0.959114123 -0.167260387
vn -0.229826749 -0.969376699 -0.0865360063
vn -0.154009273 -0.976025257 -0.153804554
vn -0.272348932 -0.622206529 -0.733951698
vn -0.313848387 -0.885694701 -0.342117065
vn -0.287541846 -0.912896122 -0.289724623
vn -0.695558122 -0.53963344 -0.474336009
vn -0.268893323 0.23729826 -0.933480539
vn -0.303084549 -0.887462419 0.347203414
vn -0.658271287 -0.652645832 0.375143079
vn -0.907993738 -0.406633521 0.100977979
vn -0.240010268 -0.928385079 -0.283718552
vn -0.970626159 -0.238493863 -0.031710214
vn -0.966307746 -0.244512997 -0.0803911358
vn -0.977082578 0.0717145058 -0.200416228
vn -0.598098753 -0.332264255 0.729299901
vn -0.249116091 -0.968012248 0.029890816
vn -0.266289668 -0.960937452 0.0754256347
vn -0.255213825 -0.957601234 -0.133662934
vn -0.186505426 -0.953698712 -0.235954429
vn -0.180011189 -0.421836008 0.888622729
vn -0.26700746 -0.6611034 -0.701177089
vn -0.271510659 -0.705482544 -0.654657423
vn 0.0251881891 -0.924177096 0.381132852
vn -0.523543727 -0.838713279 -0.149873286
vn -0.532167699 -0.830231784 -0.165869601
vn -0.285286535 -0.904223927 0.317790313
vn -0.427208502 0.320667966 0.845378585
vn -0.787757104 -0.600534413 -0.137102752
vn -0.952590467 -0.197923598 -0.231079319
vn -0.14953039 -0.915742357 0.372902934
vn -0.912305234 -0.204118492 0.355013804
vn -0.577214517 0.719153001 0.38683635
vn -0.891824475 0.278874388 0.356199636
vn -0.184588691 -0.960387345 0.208765807
vn -0.912167712 -0.408730979 0.0298169837
vn -0.604400168 -0.766245727 -0.218100717
vn -0.706286657 0.0880324535 -0.702431097
vn -0.783479811 -0.564509679 0.259784927
vn -0.499224115 -0.858502689 -0.117253639
vn -0.465287061 -0.885108296 0.00955275507
vn -0.625154471 0.217702766 -0.749524778
vn -0.716030353 -0.5850767 -0.380769995
vn 0.189355099 0.429087092 -0.883192456
vn 0.0698221666 0.336312893 -0.939158401
vn 0.17699958 0.251412572 -0.951558126
vn -0.252907711 0.529549751 -0.809700408
vn -0.789618288 -0.597463403 0.139787127
vn 0.59580239 0.787490686 0.157727396
vn 0.512582189 0.853062664 0.0976913051
vn -0.621866764 -0.763957813 -0.172192296
vn -0.388721705 -0.917981557 -0.0787737064
vn 0.145626727 0.137400284 -0.979752019
vn -0.563251832 -0.81300388 -0.147553596
vn -0.125770485 0.0238568303 -0.991772472
vn -0.127413091 0.0401728633 -0.991035845
vn -0.212743208 -0.97667745 -0.0290083903
vn -0.326231086 0.0433034967 -0.944297668
vn -0.218446516 0.0343243797 -0.975245075
vn -0.354581386 0.0509653315 -0.93363514
vn -0.778156917 0.0283743484 -0.627428649
vn -0.808142599 -0.10102696 -0.580257781
vn -0.775588344 -0.00527906511 -0.631216961
vn 0.463051752 0.400412424 -0.790729388
vn 0.295391978 0.299387547 -0.907254471
vn 0.296653674 0.526611091 -0.796666402
vn -0.122377835 -0.991635398 -0.0410232063
vn -0.408831702 0.373445827 -0.832703341
vn -0.185967904 0.433742112 -0.881636954
vn -0.142117762 -0.959250824 -0.244213838
vn -0.0759510764 -0.974172793 -0.212647133
vn 0.0164485913 -0.998988251 -0.0418559165
vn 0.018366597 -0.997128571 -0.0734661952
vn 0.0139421244 0.682118115 -0.731109085
vn -0.690596458 0.159447628 -0.70544524
vn -0.663059802 -0.711830665 -0.231622113
vn -0.186028426 0.0878979341 -0.978604812
vn -0.210157238 0.0278912796 -0.977269672
vn -0.607738335 0.182678091 -0.772840754
vn -0.281037477 -0.958552807 -0.0468449834
vn -0.754890543 0.0367134469 -0.654822411
vn -0.261719975 -0.965053888 -0.013177534
vn -0.338786403 -0.939273102 -0.0546791755
vn -0.767853128 -0.223356189 -0.600427836
vn -0.768213293 -0.539524278 -0.34461847
vn -0.274439326 -0.960454909 -0.0470045197
vn -0.662036207 -0.727234938 -0.181210942
vn 0.171655085 -0.984049812 0.0466958202
vn 0.14525596 -0.988900012 0.0312645642
vn 0.169590252 -0.985049513 0.0302754542
vn 0.620716701 0.782673795 -0.0461790806
vn -0.258072576 0.959487229 -0.113061057
vn 0.0527946574 -0.00445420299 -0.998595456
vn 0.0814797026 -0.0313830003 -0.996180789
vn -0.656206595 0.522348755 -0.544559164
vn -0.680644449 0.667795893 -0.301283553
vn -0.603766387 0.665000251 -0.439591646
vn -0.677720756 0.161704014 -0.717318889
vn -0.0290860592 0.266011722 -0.963530884
vn -0.0269166921 0.123445865 -0.991986194
vn -0.0103544848 0.117238089 -0.993049855
vn -0.633782927 0.18488164 -0.751091193
vn 0.0107988118 0.00860465559 -0.999904668
vn -0.0370312059 0.0228078086 -0.999053799
vn 0.0198394489 0.00580010429 -0.999786355
vn 0.0768348655 0.25408988 -0.964123818
vn -0.316673128 0.182067159 -0.930897244
vn 0.852058768 0.179031946 -0.491877443
vn -0.432352273 0.145325149 -0.889916913
vn -0.313791273 0.1115374 -0.942918048
vn -0.622251298 0.24113056 -0.744754573
vn -0.646678184 0.33856836 -0.683504786
vn -0.511228286 0.0987684771 -0.853750799
vn -0.5237365 0.153436807 -0.837948223
vn -0.675578561 0.425941208 -0.601803702
vn -0.779269489 0.542973163 -0.312920451
vn -0.663097211 0.288261804 -0.690801868
vn -0.550546651 0.289306594 -0.783070929
vn -0.530669365 0.317301175 -0.785945284
vn -0.658107878 0.40344276 -0.635710595
vn -0.688727088 0.476879646 -0.546114276
vn -0.339026803 0.322878767 -0.883634613
vn -0.352373873 0.282264388 -0.892277686
vn -0.229259246 0.291041321 -0.928835372
vn -0.446715357 0.11027558 -0.887853978
vn -0.0671541022 0.0321382255 -0.99722488
vn -0.151351771 0.0737289627 -0.985726474
vn -0.264045264 0.122288054 -0.956726571
vn 0.0469623865 -0.0512378732 -0.997581683
vn 0.0416510605 -0.0203421366 -0.998925116
vn 0.0639156257 -0.0383592847 -0.997217809
vn -0.670810819 0.583571501 -0.457664887
vn -0.717877353 0.471884177 -0.511837308
vn -0.120596493 -0.0406701653 -0.991868148
vn -0.0943767893 -0.0924822813 -0.991231582
vn -0.194327648 -0.0644670511 -0.978816001
vn -0.00710291921 0.217486789 -0.97603742
vn 0.16370357 0.505575832 -0.847109331
vn 0.307511334 0.494627918 -0.812883757
vn -0.262163964 0.236122575 -0.935690219
vn -0.0837894216 0.0293045824 -0.996052496
vn -0.0128483048 -0.00246461028 -0.99991442
vn -0.0540218939 0.00437150818 -0.998530182
vn 0.849437512 -0.490305053 0.195081696
vn 0.898276879 -0.41345277 0.148847084
vn 0.918172614 -0.386499263 0.0870480937
vn -0.22746711 0.00527704294 -0.973771465
vn -0.344643501 0.000251532629 -0.938733612
vn 0.294566267 0.73281067 -0.61336713
vn 0.123387936 0.313126286 -0.941662013
vn -0.0198450777 0.393617865 -0.919059927
vn 0.0657677787 0.0111877595 -0.997772235
vn 0.0703444687 0.0145369699 -0.99741683
vn 0.433070865 0.878878694 -0.200054658
vn 0.549550717 0.795005989 -0.256825791
vn 0.918139066 0.180092227 -0.352969467
vn 0.902443873 0.128773556 -0.41111121
vn 0.914159276 0.116043517 -0.388389908
vn 0.027065034 -0.163061065 -0.986244682
vn -0.155946979 -0.120519941 -0.980385375
vn -0.0489422101 -0.160334934 -0.985848553
vn -0.126154329 0.0348724669 -0.991397497
vn -0.086631977 0.0236743981 -0.995959047
vn -0.192734988 0.050847065 -0.979932549
vn -0.0972270154 0.291616344 -0.951581219
vn -0.146611849 0.196054899 -0.969570751
vn -0.0146286884 0.0779581924 -0.996849297
vn -0.0154362336 0.034455469 -0.999287018
vn -0.111207494 0.107551158 -0.987960344
vn 0.0280339372 -0.00835930934 -0.999572019
vn -0.765475455 -0.0289740576 -0.642812439
vn -0.0152571519 0.00746108919 -0.999855765
vn -0.0241021608 -0.0307664117 -0.999235965
vn -0.226453287 0.313699685 -0.92212332
vn -0.107137608 0.412267173 -0.904741571
vn -0.179690848 0.314841036 -0.931979786
vn 0.279571711 0.911470727 -0.301762774
vn 0.225094804 0.847835036 -0.480112571
vn 0.320667653 0.807318148 -0.495388396
vn 0.912511161 -0.270590833 -0.306763722
vn 0.888782451 -0.369126959 -0.271681879
vn 0.883666252 -0.338715122 -0.323119206
vn -0.62666392 0.172538276 -0.759949258
vn -0.571508518 0.194273175 -0.797267801
vn -0.174644706 -0.0869087408 -0.980788508
vn -0.0140434831 0.240178183 -0.970627231
vn -0.0781250138 0.173357518 -0.981755394
vn 0.0415455875 0.188412915 -0.981210751
vn -0.489652486 0.871903485 0.00497547214
vn -0.528530273 0.848783325 0.0149203882
vn 0.0513230149 -0.0290350984 -0.998259942
vn -0.0105495977 0.396784769 -0.917851052
vn 0.0394148756 0.433150459 -0.900459409
vn 0.034668455 -0.0286417734 -0.998988362
vn 0.553336093 0.357318849 -0.752424354
vn 0.587436533 0.565218788 -0.579177037
vn 0.731387929 0.458300008 -0.505007722
vn -0.155926559 0.129961817 -0.979181717
vn -0.0140064657 0.0237881459 -0.999618899
vn 0.759329653 0.640656791 -0.113918187
vn 0.832838778 0.502049418 -0.233079282
vn -0.449301759 0.12584716 -0.884471832
vn 0.084936521 0.559632223 -0.824377075
vn 0.035214356 -0.0149358641 -0.999268167
vn 0.0606729121 -0.0242498875 -0.997863087
vn 0.353064541 0.89804594 -0.26240983
vn 0.429507455 0.848689194 -0.308625984
vn 0.479882413 0.833529526 -0.273754267
vn 0.0708772235 0.0223275082 -0.997235129
vn 0.0393009483 0.0431164067 -0.998296755
vn 0.0464477458 0.0207177694 -0.998705853
vn 0.0445715493 -0.0304015504 -0.998543501
vn -0.00491282701 -0.0152446554 -0.999871724
vn 0.0373074189 -0.0290586555 -0.99888125
vn 0.0543901945 -0.0289105886 -0.998101139
vn 0.504961517 0.862251651 -0.0391912737
vn 0.519110734 0.718889771 -0.462300275
vn 0.484940436 0.874095372 -0.0281079077
vn 0.510887679 0.798694493 -0.317932205
vn 0.237177145 0.948112558 -0.211729967
vn 0.166576838 0.971991688 -0.165783945
vn 0.293402565 0.93324068 -0.207308386
vn -0.0486065508 0.996193784 -0.0723557105
vn 0.0553858331 0.998102104 -0.0269183776
vn 0.106549446 -0.0240739007 -0.994015927
vn 0.015498387 -0.0189292497 -0.999700697
vn 0.0176866293 -0.0149938795 -0.999731147
vn 0.0138161321 -0.0158736252 -0.999778547
vn -0.226160114 0.0408627244 -0.973232675
vn -0.490102112 0.870524411 -0.0445776724
vn 0.412271178 0.7752499 -0.478560412
vn 0.420416621 0.714242163 -0.55956054
vn 0.0143274485 -0.0545239361 -0.998409668
vn 0.0531746712 -0.0311640903 -0.99809882
vn 0.691973234 0.634973027 -0.343485516
vn 0.712991791 0.582775434 -0.389891651
vn 0.770925608 0.53281599 -0.348971098
vn 0.611977197 0.756748229 -0.229817383
vn 0.513290733 0.714734309 -0.475065775
vn 0.516602487 0.84483356 0.139205336
vn 0.485942493 0.821200312 -0.299148695
vn 0.573117077 0.740046394 -0.351949074
vn 0.632956766 0.692366166 -0.346402691
vn 0.329501926 0.930804244 -0.158214853
vn 0.136167832 -0.223525086 -0.965139812
vn 0.178329779 -0.279195934 -0.943529608
vn 0.174075867 -0.116631194 -0.97780098
vn 0.709830945 0.699699177 0.0810005597
vn 0.835372006 -0.0279210802 -0.548975432
vn 0.890593432 -0.105054714 -0.442500673
vn -0.0786058486 -0.0540913049 -0.995437216
vn -0.0407790247 -0.067263222 -0.996901565
vn 0.0529196272 0.560252547 -0.826629661
vn 0.172562878 0.483934763 -0.857921441
vn 0.350696998 -0.929422552 0.114827417
vn 0.403872927 -0.906619209 0.122181294
vn 0.372341928 -0.925055222 0.0750621427
vn 0.413045334 -0.905513492 0.0971538335
vn -0.633435224 0.0964318215 -0.767763454
vn 0.497961147 0.556338323 -0.665223546
vn 0.873589982 0.46238161 -0.151801813
vn 0.909907545 0.264249421 -0.31975069
vn 0.878126056 0.353102307 -0.322820989
vn 0.946280823 0.187276705 -0.263590668
vn 0.952054889 0.24722018 -0.180204526
vn 0.936566808 0.326765696 -0.126754859
vn 0.447420155 0.894182025 0.0159282712
vn 0.409045843 0.79854417 -0.441597903
vn 0.28218832 0.833307719 -0.475360912
vn 0.0248704031 -0.0104768411 -0.999635783
vn 0.0227934773 -0.0319703398 -0.99922888
vn 0.021172599 -0.00780531376 -0.999745367
vn 0.385969 0.886450265 0.255409198
vn 0.468329993 0.875742802 0.117224409
vn 0.344762355 0.854210605 0.389182683
vn 0.0196944976 -0.0292296594 -0.999378684
vn 0.048481717 -0.033415976 -0.998264943
vn 0.028822663 0.0508390482 -0.998290862
vn 0.0468624626 0.171517767 -0.984065834
vn 0.0693611631 0.140043058 -0.987713
vn 0.112467729 0.235855073 -0.965258201
vn 0.129555451 0.502729488 -0.854680318
vn 0.209283915 0.567285805 -0.796484186
vn 0.61893599 0.754694395 -0.217611145
vn 0.386685588 0.908751945 -0.156984581
vn 0.402713058 0.90150677 -0.15845421
vn 0.508017132 0.860910874 -0.0274054984
vn 0.288491886 0.944149831 -0.159227913
vn 0.318502658 0.927653527 -0.194974334
vn 0.186341567 0.961107256 -0.203837343
vn 0.0425210321 0.0648612716 -0.996987952
vn 0.0406959704 0.0350959373 -0.998555013
vn 0.0296575194 0.0247555973 -0.999253517
vn 0.44816715 0.890792331 -0.0750681661
vn 0.497012417 0.867700469 0.00863444423
vn -0.131882061 0.124057149 -0.983471884
vn -0.599077154 0.32681533 -0.730957114
vn 0.71731832 -0.637141781 -0.281965918
vn 0.768504763 -0.578951155 -0.272426116
vn 0.725182697 -0.635028146 -0.266175336
vn -0.610688788 0.746039364 0.265489116
vn -0.51778045 0.835737982 0.182880919
vn -0.259750977 0.867419857 0.424396302
vn 0.248530595 0.954594394 0.164262248
vn 0.289112626 0.921296724 0.260050447
vn 0.209237254 0.876720695 0.433105755
vn 0.404399945 0.887746391 0.219925055
vn 0.186820081 -0.0162920437 -0.982259043
vn 0.281164673 0.029834404 -0.959195671
vn 0.161609569 0.701781115 -0.693819583
vn 0.271919667 0.432156173 -0.859825992
vn 0.225829187 0.241847455 -0.943668897
vn 0.332227991 0.528303559 -0.781357736
vn 0.96595968 -0.0308159265 -0.256850688
vn 0.178095869 -0.145222939 0.973237977
vn 0.113277186 -0.149167329 0.982302085
vn 0.172566464 -0.18181907 0.96807161
vn 0.318458294 0.590958533 -0.74118306
vn 0.3534889 0.493370199 -0.794752442
vn 0.286179391 0.812314685 -0.508179307
vn 0.381132479 0.886153391 -0.263572004
vn 0.351569088 0.654365603 -0.669481018
vn 0.290576867 0.755597971 -0.587057741
vn 0.109959352 0.31549197 -0.942535812
vn 0.0914220199 0.386705819 -0.917660408
vn 0.844669626 0.0345073969 -0.534174562
vn 0.0743133217 0.162930935 -0.983834865
vn 0.22137736 0.287825746 -0.931744817
vn 0.107345754 0.315071467 -0.942977656
vn 0.255694805 0.144200071 -0.955942732
vn 0.296249185 0.163018891 -0.941095777
vn 0.130237596 -0.0543436899 -0.98999239
vn 0.324167184 -0.000228799958 -0.94599978
vn 0.362779927 -0.0780057947 -0.928604233
vn 0.553129622 0.0457072198 -0.831840412
vn 0.785506196 -0.098884344 -0.610902531
vn 0.971235723 0.151498599 -0.183709949
vn 0.969991923 0.0327065014 -0.24092728
vn 0.944861653 0.233874747 -0.229214002
vn 0.790367001 0.579074551 -0.199981669
vn 0.704100777 0.688514897 -0.173750777
vn 0.906516794 0.177346393 -0.383112984
vn 0.29825179 -0.118970148 -0.947043808
vn 0.378888133 -0.264050953 -0.886972872
vn 0.205883416 -0.155350465 -0.966166783
vn 0.858821366 -0.431449549 -0.276183178
vn 0.673415612 -0.0229090476 -0.738909054
vn 0.593273218 -0.0952217282 -0.799349555
vn 0.213922432 0.208274021 -0.954389399
vn 0.463302093 -0.194902057 -0.864502376
vn 0.126365871 -0.0225212233 -0.991728018
vn 0.178052663 -0.0327206519 -0.983476796
vn 0.130618031 -0.0570191642 -0.989791768
vn 0.0773589028 -0.113080616 -0.990569722
vn 0.233693288 -0.10271393 -0.966869844
vn 0.876965368 0.4432062 -0.185741775
vn 0.329961252 0.914315364 -0.234846733
vn 0.747959972 0.661356507 0.0562445628
vn 0.566540819 0.822179276 0.0552515886
vn 0.0110859116 -0.0740174078 -0.99719533
vn -0.182131969 -0.0434142409 -0.982315199
vn -0.109597516 -0.00259091407 -0.993972672
vn 0.637230965 0.706353565 -0.30822287
vn -0.00972710643 0.250286194 -0.968123032
vn 0.0439790462 0.434721141 -0.899490619
vn 0.0312524743 0.373364347 -0.92715821
vn 0.762330101 0.647177094 0.00382447243
vn 0.808831048 0.587866852 -0.0143143569
vn 0.849842334 0.518278967 -0.0956813419
vn 0.903852042 -0.421918862 -0.0709644981
vn 0.287408085 0.553326733 -0.781809516
vn 0.260789002 -0.0254113959 -0.965061323
vn -0.159369779 0.0193714446 -0.987028885
vn 0.8360491 0.547834384 -0.0299898369
vn 0.869311726 -0.131860544 -0.476350627
vn 0.858710495 -0.223031143 -0.461382049
vn 0.906609987 -0.161004739 -0.390045902
vn 0.93416698 -0.113455491 -0.338319236
vn 0.935205392 -0.0641546539 -0.348245682
vn 0.949689197 -0.0339652123 -0.31134674
vn 0.472700947 -0.00291616896 -0.881218084
vn 0.931170712 0.338523488 -0.135362301
vn 0.918460998 0.382363147 -0.10113268
vn 0.907276831 -0.267800989 -0.3242397
vn 0.891280708 -0.314906142 -0.326271084
vn 0.925130982 -0.189405782 -0.32902601
vn 0.950906107 0.119565536 -0.285449923
vn 0.123506171 0.608656078 -0.783762722
vn 0.0332170529 0.675214707 -0.736872939
vn 0.118159842 0.754941399 -0.645059482
vn 0.807372931 0.589436357 0.026715737
vn 0.841640628 0.32797934 -0.429034505
vn 0.869105179 0.195605255 -0.454306915
vn 0.567075185 -0.0453747841 -0.822415262
vn 0.703942807 -0.0198251798 -0.70997992
vn 0.963379622 0.157699302 -0.216865476
vn 0.966196987 0.0477955999 -0.253335672
vn 0.838536248 0.35583695 -0.412597899
vn 0.929631091 -0.106864935 -0.352655526
vn 0.933947469 0.0335621236 -0.355831012
vn 0.927464541 -0.00901331566 -0.373802468
vn 0.8155441 0.498715185 -0.293548949
vn 0.867548418 0.365788411 -0.336984542
vn 0.718892265 -0.678600791 -0.150648194
vn 0.165985119 -0.856148761 -0.489344704
vn 0.705650994 -0.697190563 0.126419907
vn 0.239945799 -0.333897431 -0.911558292
vn 0.302821196 -0.402546925 -0.863860693
vn 0.270427539 -0.279324254 -0.921328881
vn 0.649482413 -0.712311352 -0.266054755
vn 0.57983871 -0.781284863 -0.231043356
vn 0.915719707 -0.212213232 -0.341208093
vn 0.922163593 -0.17288428 -0.346013488
vn 0.848219609 0.15304172 -0.507051996
vn 0.792802545 0.27357541 -0.544628882
vn 0.728704864 0.571465422 -0.377381096
vn 0.790863019 0.481330108 -0.3779643
vn 0.28269322 0.443519063 -0.850514776
vn 0.306643052 0.306819127 -0.901017237
vn 0.348279227 0.516654652 -0.782156986
vn 0.746745306 0.106864757 -0.656468866
vn 0.203419797 0.0351639315 -0.978459955
vn 0.195689495 -0.0295080554 -0.980221861
vn 0.956077257 -0.293101674 -0.00277281686
vn 0.965149302 -0.258133462 0.0430574029
vn 0.884110336 -0.467275463 -0.00159835716
vn 0.11828989 0.439739357 0.890301522
vn 0.160074361 0.629757217 0.760119758
vn 0.101506481 0.619737507 0.778217102
vn 0.918689055 0.0967046615 -0.382960349
vn 0.263970109 -0.111192488 -0.95810021
vn 0.577954845 -0.790928056 -0.201000021
vn 0.923456748 -0.0687409698 -0.377494787
vn 0.92009654 -0.140767496 -0.365522733
vn 0.0819856571 -0.109476176 -0.990602503
vn 0.953624569 -0.071456416 -0.292393847
vn 0.697066495 -0.124912712 -0.706041866
vn 0.939789452 -0.0503767415 -0.338020666
vn 0.933636214 0.0734119933 -0.350619594
vn 0.929187959 0.132833441 -0.344913053
vn 0.657972428 0.74979331 0.0698732949
vn 0.743411019 0.581734978 -0.330037078
vn 0.714089424 0.637794676 -0.288607425
vn 0.870442267 0.487167703 -0.0706957436
vn 0.669208245 0.674918681 -0.310877949
vn 0.914761528 0.224739885 -0.335713168
vn 0.832440574 0.412626857 -0.369840193
vn 0.890494994 0.250693814 -0.37969893
vn 0.837998362 0.365422557 -0.405246961
vn 0.848652928 0.464163195 -0.253654758
vn 0.799322337 0.556095897 -0.227686527
vn 0.395206294 -0.119257573 -0.910818103
vn 0.944988412 -0.13889966 -0.296148251
vn 0.948151776 -0.130029989 -0.290000711
vn 0.297683222 -0.0823911124 -0.95110273
vn 0.291491865 0.939277181 -0.181082496
vn 0.174326884 0.974830965 -0.138977437
vn 0.290911256 0.942884282 -0.16229563
vn 0.864043455 -0.418902781 0.279194142
vn 0.890864108 -0.376448636 0.254258855
vn 0.898345881 -0.326333245 0.294077015
vn 0.773043775 0.503251228 -0.386188457
vn 0.649404832 0.751571111 0.115819811
vn 0.701688383 0.635527771 -0.322083632
vn 0.746805701 0.550775112 -0.372730494
vn 0.0326697089 0.738006563 -0.674002228
vn -0.0176980968 0.796601111 -0.604246181
vn -0.0314755815 0.911908325 -0.409185159
vn -0.636978797 0.736032338 0.229160229
vn 0.37956925 0.919466797 -0.102508506
vn -0.064643921 -0.0770205601 -0.994931654
vn -0.0552171422 -0.0695370096 -0.996050035
vn 0.331399019 0.697263007 -0.635609148
vn 0.688042664 0.636077992 -0.349287963
vn 0.653374622 0.662323646 -0.366645594
vn 0.535739402 -0.125800312 -0.834959624
vn 0.555366112 0.777068961 -0.296196407
vn 0.60836489 0.737821992 -0.292422414
vn 0.351647061 0.366261494 0.861508481
vn 0.0392840143 0.126529039 -0.99118473
vn 0.164517413 0.962070943 -0.217608642
vn 0.248155988 0.968192908 -0.0319546348
vn 0.62823125 0.77740018 -0.03121627
vn 0.455149619 0.869489565 -0.191902894
vn 0.548988709 0.816645061 -0.178051234
vn 0.0665610491 0.991888747 -0.108288226
vn 0.171513484 0.978893839 -0.111130447
vn 0.0737666262 0.996054999 -0.049324669
vn 0.119400596 0.974721336 -0.188843359
vn 0.112480865 0.976115743 -0.185865843
vn 0.28191799 0.948446992 -0.144812118
vn 0.160616004 0.971526986 -0.17417754
vn 0.253071701 0.957464765 -0.138621563
vn 0.841545927 -0.0187421961 -0.539860337
vn 0.567169282 0.40355705 -0.717955927
vn 0.515576032 0.856814069 0.00714188849
vn 0.588167232 0.80863066 0.0132575821
vn 0.491462423 0.869983853 0.0399096726
vn 0.0593584705 0.998200853 -0.00846343478
vn 0.090616232 0.995831354 -0.0104217227
vn 0.663984745 0.744564263 0.0689080274
vn 0.686469049 0.716496797 0.124066859
vn 0.664076258 0.7467823 -0.0363169238
vn 0.734030181 0.678506018 0.0287971839
vn 0.136686098 0.982207261 -0.128785898
vn 0.268275114 0.962967517 0.0268705078
vn 0.284349239 0.932298111 0.22353018
vn 0.399386067 0.916453286 0.024579351
vn 0.178985978 -0.662815549 -0.72707604
vn 0.105510846 0.994416447 0.00184131668
vn 0.0994790879 0.969341704 0.22467882
vn 0.128334126 0.948870889 0.288399704
vn 0.468396584 0.461039412 0.753689127
vn 0.543391143 0.545937104 0.637713685
vn 0.474697956 0.45820687 0.751470768
vn 0.354805056 0.926947721 -0.12198891
vn 0.715076436 0.592184895 0.371460283
vn 0.430432414 0.902415076 -0.0193640526
vn 0.0246879721 -0.0199813114 -0.999495498
vn 0.0386103662 -0.0116701753 -0.999186192
vn 0.926376215 0.328228253 0.18464377
vn 0.921230536 0.307337316 0.238491245
vn 0.677724825 0.668661265 -0.305910403
vn 0.0684566074 0.984646167 -0.160579009
vn -0.779239557 0.585784223 0.222806097
vn 0.951391199 0.0638384641 0.30129626
vn 0.69695248 0.717105352 0.00414196405
vn 0.68726002 0.711416448 0.146834268
vn 0.621102489 0.767685827 0.157766186
vn 0.780109099 0.590914396 0.205547974
vn 0.5604136 0.819444323 0.120198163
vn 0.623495581 0.749414657 0.222780007
vn 0.716253502 0.64194085 0.273665611
vn 0.670469608 0.702315288 0.239214842
vn 0.109075776 -0.598116619 0.7939515
vn 0.115217478 -0.457083096 0.881929689
vn 0.0889158818 -0.614488344 0.783899255
vn 0.343436319 0.835224777 0.429477667
vn 0.166877048 0.97606645 0.13945012
vn 0.222999331 0.209564795 0.952026205
vn 0.167618052 0.100957946 0.980668997
vn 0.177867299 0.279430002 0.943547613
vn 0.791321118 0.58412605 0.180575874
vn 0.825758765 0.514305472 0.231543394
vn 0.714751977 0.669530697 0.202134257
vn 0.372732599 0.897675061 -0.235052961
vn 0.164471581 0.861989835 -0.479502475
vn 0.258803783 0.917414871 -0.302275629
vn 0.335579773 0.834550988 -0.436933477
vn 0.114637268 0.98273609 -0.145217335
vn 0.323452262 0.941377796 -0.0958461219
vn 0.68748619 0.658259397 0.306687633
vn 0.71845718 0.646615559 0.256334936
vn 0.16670091 0.935355989 0.311961505
vn 0.0931610615 0.955096364 0.28126847
vn 0.132943952 0.985104506 0.109064285
vn 0.16878176 0.982172799 -0.0827605554
vn 0.950932948 0.101842799 0.29215505
vn 0.947854221 0.00197449436 0.318698098
vn 0.898106703 0.338446401 0.280817351
vn 0.848306229 0.444910276 0.28710867
vn 0.86428748 0.464060967 0.194047859
vn 0.881642282 0.419772739 0.215633333
vn 0.491466442 0.773436099 0.400321542
vn 0.954471316 0.223978262 0.197023464
vn 0.994990207 0.0457331613 0.0888986298
vn 0.265482712 -0.689611991 0.673761257
vn 0.19216207 -0.791088279 0.580734943
vn 0.148872034 -0.690914909 0.707441663
vn 0.311498227 0.949227838 0.0439927883
vn 0.768614734 0.146623824 0.622681977
vn 0.609275492 0.775057059 0.167540829
vn 0.213634696 0.0544356576 0.975395805
vn 0.351602162 0.927102781 0.129832017
vn 0.737477406 0.637163185 0.223942294
vn 0.162519654 0.986572462 0.0161907054
vn 0.41785906 0.899410784 0.128273332
vn 0.385562255 0.808060375 0.445398896
vn 0.403148816 0.658089847 0.635915706
vn 0.333678441 0.636378016 0.695472299
vn 0.482333498 0.00643276037 0.875964049
vn 0.346322766 0.0451980138 0.937025977
vn 0.332175467 -0.0894927531 0.938962463
vn 0.588843589 0.793422305 0.154091768
vn 0.587595241 0.758331631 0.282249836
vn 0.901292029 0.378045274 0.211552472
vn 0.256651313 0.966170041 0.0254077856
vn 0.386783765 0.91808813 0.0866747084
vn 0.171943255 0.980840282 0.0915852535
vn 0.015805564 0.995880944 -0.0892823006
vn 0.0782682778 0.99691522 -0.00584136771
vn 0.332579638 0.92059832 -0.204669286
vn 0.319650056 0.944855398 -0.0712188064
vn 0.362040311 0.922703124 0.132460406
vn 0.934748442 -0.0834051395 0.3453823
vn 0.909716898 -0.056712139 0.411337938
vn 0.893342445 -0.167344852 0.417055124
vn 0.634994148 0.721248334 0.27673683
vn 0.774263769 0.573772156 0.267022711
vn 0.252860084 0.953295133 -0.165197357
vn 0.917714151 0.250227578 0.308523738
vn 0.938586616 0.154076749 0.308732116
vn 0.948684714 0.038975004 0.313812464
vn 0.374525854 0.925783084 0.0515370452
vn 0.823378624 0.531666308 0.198440365
vn 0.857349046 0.449149129 0.251431249
vn 0.945525751 -0.0662267273 0.318739824
vn 0.950226729 -0.0495593016 0.307592325
vn 0.947954387 -0.144043848 0.283961
vn 0.940622206 -0.173003993 0.292060753
vn 0.952738947 -0.125217339 0.276783518
vn 0.923175755 -0.240405193 0.29991977
vn 0.490738337 0.865752801 0.0982240918
vn 0.818944955 0.518458769 0.246027774
vn 0.0930089931 -0.995093314 0.0337435116
vn 0.1173151 -0.991939939 0.0478782311
vn 0.0475617821 -0.998072689 0.0398595474
vn 0.73591768 -0.647002242 0.199532622
vn 0.68553779 -0.705004899 0.181675619
vn 0.706731595 -0.678318623 0.201033081
vn 0.371721435 0.921742403 0.110517499
vn -0.00619392703 0.999526949 -0.0301249484
vn 0.492852708 0.863583463 0.106394595
vn 0.569130423 0.816898432 0.093635003
vn 0.246436493 0.966480183 0.072007718
vn 0.757094292 0.483974317 0.438836067
vn 0.669172466 0.563445727 0.484496773
vn 0.146252668 0.989218911 0.00749015474
vn 0.317613611 0.934220388 0.162338723
vn 0.363344639 0.922207834 0.13233814
vn 0.439024954 0.867732499 0.233018024
vn 0.472114308 0.849141664 0.236783685
vn 0.511541385 0.858411585 0.0381439577
vn 0.584467797 0.807884562 0.0756302055
vn 0.737550689 0.595308415 0.318789698
vn 0.208195051 0.977511701 0.0335513886
vn 0.140776762 0.989052579 0.0442368451
vn -0.168396293 0.980563372 -0.100688444
vn 0.781958397 0.598382369 0.174584094
vn 0.703425652 -0.0147341441 0.710616111
vn 0.815919085 0.0372754781 0.576963244
vn 0.830011296 -0.0940916572 0.54975268
vn 0.721293582 0.657094723 0.219002497
vn 0.79908317 0.555225989 0.230629981
vn 0.6181348 0.73938366 0.266872951
vn 0.596287214 0.750216575 0.285686278
vn 0.639030708 0.702850683 0.312475072
vn 0.601890455 0.791656103 0.10492137
vn 0.26948199 0.5817172 0.767453293
vn 0.213339968 0.23909502 0.947269565
vn 0.246744998 0.351907339 0.902927533
vn 0.085205798 0.915495631 -0.393201884
vn 0.787253829 0.348906003 0.508425029
vn 0.819596039 0.316465338 0.477610744
vn 0.951083256 0.162158694 0.262954744
vn 0.296521109 0.868357894 0.397529621
vn 0.30461537 0.786623819 0.537059069
vn 0.335319768 0.704212117 0.625816225
vn 0.935525984 0.222329711 0.274518912
vn 0.319977171 0.487212759 0.812550514
vn 0.306447254 0.486572246 0.818130509
vn 0.294669442 0.535348022 0.791563273
vn 0.217841154 0.42684167 0.877696656
vn 0.922651212 -0.187609115 0.336923672
vn 0.186200204 0.203400316 0.961227234
vn 0.142503405 0.100415589 0.984687508
vn 0.134950205 0.123217033 0.98316123
vn 0.612937219 0.509746059 0.603710958
vn 0.700818083 0.438081318 0.562973156
vn 0.173731355 0.253817664 0.951521944
vn 0.156464022 0.0759420079 0.984759778
vn 0.302557883 0.515992401 0.801380415
vn 0.200856038 0.176915215 0.963513289
vn 0.152157979 0.111087289 0.98209346
vn 0.186152391 0.213344106 0.959078505
vn 0.185758612 0.171011513 0.967599504
vn 0.821996984 0.518252272 0.236083758
vn 0.881824728 0.404292172 0.242761177
vn 0.883485712 0.416333204 0.214754881
vn 0.242297675 0.327074137 0.913408094
vn 0.235954131 0.259243681 0.936545974
vn 0.226860079 0.327023475 0.917382227
vn 0.255251166 0.37019071 0.893199687
vn 0.546476096 0.716806234 0.433073549
vn 0.624708968 0.375014799 0.684910656
vn 0.496101732 0.438476121 0.749414279
vn 0.47631078 0.308425322 0.823408684
vn 0.0784593661 0.989238622 0.123495251
vn 0.0629947854 0.994446924 -0.0843028668
vn 0.797319279 0.51291755 0.318115632
vn 0.51066943 0.523637047 0.681924465
vn 0.496678189 0.630440711 0.596536073
vn 0.794896521 0.575678173 0.191661582
vn 0.314320033 0.948744451 0.0329679041
vn 0.0545027161 0.978860858 -0.197131619
vn 0.876817119 0.175714066 0.447567098
vn 0.423082401 0.725421593 0.542922457
vn 0.842880296 0.499649445 0.199757949
vn 0.456856194 0.164723944 0.874155844
vn 0.553712211 0.0815490071 0.828705344
vn 0.241997641 -0.0320620232 0.969746961
vn 0.919401643 0.202818403 0.336994531
vn 0.906496038 0.196556561 0.373671583
vn 0.911608013 0.306224287 0.274221656
vn 0.892115684 -0.429474428 -0.140290132
vn 0.244967563 -0.884269966 -0.397564486
vn 0.271919568 -0.841900164 -0.466115718
vn 0.693111677 -0.0779843181 0.716599365
vn 0.604390171 0.018770578 0.796467317
vn 0.665110049 0.0631236325 0.744072597
vn 0.840503465 0.519065955 0.155320506
vn 0.800812435 0.592006001 0.090710191
vn 0.334770798 -0.805036393 0.489739644
vn 0.161516379 -0.401261767 0.901610478
vn 0.657256745 -0.72365047 0.210579127
vn 0.690340918 -0.665404447 0.284018202
vn 0.605185026 -0.757579417 0.244590498
vn 0.689683444 0.707608814 0.153709188
vn 0.751560125 0.621712663 0.220523792
vn 0.956967322 -0.0398813604 0.287442206
vn 0.946685261 -0.0976624675 0.307000097
vn 0.952342264 -0.0440444119 0.301834892
vn 0.935690163 0.201421241 0.289678102
vn 0.960544636 0.076567752 0.267378724
vn 0.953833713 0.150656659 0.259814971
vn 0.920024208 0.310461249 0.239100961
vn 0.93070065 0.287925018 0.225600275
vn 0.219705095 -0.0648657814 0.97340747
vn 0.197951701 -0.262675499 0.944360475
vn 0.289270266 -0.142454536 0.946588305
vn 0.814548858 -0.482381172 0.32220888
vn 0.773435849 -0.541381492 0.329701483
vn 0.821800624 -0.47413936 0.315967723
vn 0.794390851 0.0962072038 0.599739402
vn 0.430830406 0.326552551 0.841277952
vn 0.401753964 -0.0449358405 0.914644479
vn 0.423781057 -0.250655858 0.870391439
vn 0.512645645 0.0485213784 0.85722816
vn 0.775565044 -0.59885247 0.199686209
vn 0.826075204 -0.513448714 0.232314822
vn 0.816389828 -0.534898607 0.217695036
vn 0.958267517 -0.0488981403 0.281659968
vn 0.235301119 -0.32540032 0.915831871
vn 0.200441705 -0.248852384 0.94757354
vn 0.189446361 -0.197210912 0.961882494
vn 0.584111196 -0.0542545978 0.809858351
vn 0.400950624 0.0964310826 0.911010232
vn 0.685509156 0.148751428 0.712706257
vn 0.295105146 -0.359225844 0.885364188
vn 0.559467336 0.109252723 0.821620437
vn 0.918202993 0.154093535 0.36490882
vn 0.744774354 -0.619473103 0.248121414
vn 0.710347892 -0.664476145 0.232114897
vn 0.679494787 -0.702427034 0.211856312
vn 0.231872634 0.0782517738 0.969593596
vn 0.891957811 0.344304244 0.293028753
vn 0.574944464 0.150841182 0.80416777
vn 0.883750319 -0.0204041897 0.467513683
vn 0.571292453 -0.624663261 0.532372749
vn 0.585098825 -0.715740482 0.381280641
vn 0.673126075 -0.607521617 0.421685631
vn 0.846854814 0.279930756 0.452189889
vn 0.346764606 -0.144048118 0.926824928
vn 0.450254726 -0.226774255 0.863622672
vn 0.712429524 -0.666212357 0.220466026
vn 0.910361259 -0.00428024787 0.413792287
vn 0.712905145 -0.643452523 0.278810159
vn 0.248387682 0.2678296 0.930897881
vn 0.24898628 0.323947077 0.912723465
vn 0.358524992 0.353093185 0.864167248
vn 0.944374644 -0.108404904 0.3104914
vn 0.772816198 0.592777206 0.226650187
vn 0.702161104 0.678484386 0.215936847
vn 0.894139133 -0.0688675178 0.442461835
vn 0.960317279 0.0639044524 0.27149023
vn 0.948298658 0.101189893 0.300815991
vn 0.942666106 0.0320977532 0.332190227
vn 0.464871453 0.0687574536 0.882704336
vn 0.971949732 -0.0142942152 0.234753899
vn 0.962786743 0.0303064374 0.268557644
vn 0.887877252 0.337679576 0.312484382
vn 0.84483241 0.438890368 0.305995824
vn 0.880363854 0.356607572 0.312714764
vn 0.12146189 -0.297914142 0.946833762
vn 0.249093927 -0.967283268 -0.048117522
vn 0.213497448 -0.975948898 -0.0440747962
vn 0.248996764 -0.968175173 -0.025247702
vn 0.954214254 0.0718956172 0.290355262
vn 0.934617119 0.157586497 0.318837478
vn 0.940881252 0.0929915096 0.325722348
vn 0.787198479 0.535253453 0.306304255
vn 0.848716361 0.420958638 0.320116172
vn 0.819976716 0.502210693 0.274631764
vn 0.880853061 0.369761955 0.295590904
vn 0.114424236 0.775611909 0.620752173
vn 0.965870053 0.0198547404 0.258265038
vn 0.953562866 -0.0126684055 0.30092752
vn 0.958190696 0.0611367092 0.279522616
vn 0.954141756 -0.0501566483 0.295123398
vn 0.959817342 -0.037092448 0.278163298
vn 0.786773325 0.0860438148 -0.611215344
vn 0.992508462 0.115997697 0.0383599618
vn 0.906284767 0.384867965 0.174712821
vn 0.857529288 0.318190978 -0.404225213
vn 0.962058313 0.238442965 -0.132622601
vn 0.347947894 -0.846044321 0.403907502
vn 0.988811935 0.054779103 0.138745115
vn 0.312888201 0.940574017 0.131990502
vn 0.233684083 0.970093334 0.0656557106
vn 0.291994564 0.940941481 0.171371826
vn 0.977552509 0.143171168 -0.154573958
vn 0.9906414 0.127602081 0.0484492034
vn 0.231855011 -0.968947334 0.0859320542
vn 0.789730718 0.563749226 0.241892961
vn 0.518162594 0.675067087 0.52515898
vn 0.492162694 0.565970633 0.661402393
vn 0.404624072 0.713862121 0.571559474
vn 0.952185906 -0.0345130842 0.303563581
vn 0.937026571 -0.134624004 0.322269426
vn 0.930827221 0.247661974 0.268745661
vn 0.525103944 0.302401271 0.795499415
vn 0.879661025 0.39890143 0.258986737
vn 0.946362246 0.241018062 0.215194782
vn 0.630600993 0.713969717 0.304285444
vn 0.225307561 -0.400778274 0.888039007
vn 0.316247869 0.647542683 0.693307839
vn 0.238865549 0.670020813 0.702862263
vn 0.991801773 -0.125564075 -0.0237256287
vn 0.977997565 -0.195818321 -0.0719440571
vn 0.412770508 -0.43224302 0.801739658
vn 0.308714863 -0.486359353 0.817404253
vn 0.696931374 0.712247291 0.0836089517
vn 0.968502746 0.22339059 0.109995793
vn 0.932291176 -0.167934775 0.320360849
vn 0.90124197 -0.277641369 0.332683305
vn 0.905346526 -0.291256075 0.309059164
vn 0.188674783 0.0848483556 0.978367305
vn 0.15103558 -0.0770300912 0.98552251
vn 0.130483768 -0.0439134366 0.990477459
vn 0.929795688 0.209367101 0.302729906
vn 0.976545707 0.178986519 0.119675845
vn 0.136070696 0.493455054 0.859061625
vn 0.139574342 0.148742124 0.978976396
vn 0.118837283 0.0285661024 0.992502734
vn 0.111037716 0.240073889 0.964383302
vn 0.916451049 0.254310609 0.308939458
vn 0.512142299 0.849351488 0.127719674
vn 0.406831115 0.472276172 0.781948631
vn 0.347454669 0.327616332 0.87860275
vn 0.828891938 0.245122292 0.502845122
vn 0.916777425 -0.233765487 0.323840779
vn 0.949059598 -0.0585043199 0.309617707
vn 0.497058404 -0.111830828 0.860480568
vn 0.92081659 -0.242932522 0.30509113
vn 0.640246454 -0.743533589 0.192982589
vn 0.713071333 -0.66942569 0.208323114
vn 0.130161894 -0.358809338 0.924290939
vn 0.141023771 -0.503945052 0.85214534
vn 0.206772593 -0.38185547 0.900794924
vn 0.513671818 -0.0115030979 0.857909635
vn 0.921651448 -0.184389479 0.34140757
vn 0.512129336 -0.272046072 0.814686736
vn 0.365909647 0.734788953 0.571135119
vn 0.78020477 -0.545588878 0.305962896
vn 0.807564028 -0.485151394 0.335363185
vn 0.831863635 -0.467640881 0.298855985
vn 0.525820095 -0.834088234 0.166763442
vn 0.451461514 -0.881134386 0.140658078
vn 0.526362568 -0.834681284 0.162017284
vn 0.124752609 -0.843670859 0.522164982
vn 0.0939271268 -0.880972813 0.463750577
vn 0.0888701978 -0.762137096 0.641287093
vn 0.0994238346 -0.861562316 0.497820526
vn 0.498388104 -0.394987969 0.77174724
vn 0.455248179 -0.559300947 0.692770919
vn 0.13090886 -0.786916998 0.60301286
vn 0.481865529 -0.8263316 0.291516206
vn 0.438244117 -0.786241623 0.43562163
vn 0.493228536 -0.776034206 0.393060455
vn 0.213602488 -0.538979445 0.814785331
vn 0.680599534 -0.133551826 0.720380583
vn 0.136149972 -0.878927751 0.457109608
vn 0.879089704 -0.293868492 -0.375290023
vn 0.114449028 -0.93991764 0.321646158
vn 0.448014464 0.582042351 -0.678608681
vn 0.812411723 -0.339955266 0.473727358
vn 0.509925785 -0.749826503 0.421587368
vn 0.123617789 0.330529167 0.935665064
vn 0.94236672 -0.334486741 0.00797397509
vn 0.929584141 -0.244589063 -0.275770763
vn 0.972927519 -0.186865377 0.135990347
vn 0.819650563 -0.488299255 0.299560999
vn 0.22876534 -0.962442245 0.146189411
vn 0.294573204 -0.898249915 0.32614984
vn 0.762710732 -0.646626563 -0.01210073
vn 0.853278433 -0.520784076 -0.0264549055
vn 0.792406158 -0.60919245 -0.0312576227
vn 0.0226432183 -0.43421716 -0.900523593
vn 0.0268953315 -0.30213592 -0.952885369
vn 0.793777196 -0.547945602 0.263957156
vn 0.840706955 -0.460407692 0.285020304
vn 0.816638818 -0.502535586 0.283829221
vn 0.311924116 -0.949350194 0.0379150915
vn 0.453275859 -0.870962999 0.189642957
vn 0.503529147 -0.863935001 0.0086436453
vn 0.503841713 -0.862515378 -0.0470186172
vn 0.443994571 -0.896029309 -0.00054635714
vn 0.269455797 -0.397358445 0.8772114
vn 0.868956637 -0.435204638 0.235608331
vn 0.913965299 -0.321252319 0.247920107
vn 0.88280473 -0.383724381 0.270945396
vn 0.730042252 -0.618481324 0.290721794
vn 0.46778838 -0.871730373 0.14580874
vn 0.479548126 -0.860531096 0.171813348
vn 0.527153594 -0.827647977 0.192634147
vn 0.804929745 -0.530574971 0.26566578
vn 0.748571003 -0.597726093 0.28699298
vn 0.940000696 -0.185617484 0.286260092
vn 0.765447886 -0.598878452 0.235444545
vn 0.705374036 -0.667843948 0.237554059
vn 0.634266368 -0.73946038 0.2256203
vn 0.961984002 -0.15302843 -0.226205835
vn 0.938542041 -0.342494905 0.0428494611
vn 0.827342327 -0.451631725 0.333966253
vn 0.778337611 -0.589000925 0.217413142
vn 0.929098154 -0.332267001 0.162404619
vn 0.873762715 -0.441560618 0.203869904
vn 0.855682503 -0.44368541 0.266365746
vn 0.78320439 -0.576678814 0.232448768
vn 0.772924558 -0.541462213 0.330766231
vn 0.800198407 -0.533823563 0.273340287
vn 0.834086466 -0.455993874 0.310434139
vn 0.396961733 0.104220755 0.911898797
vn 0.205185375 0.0732336768 0.975979401
vn 0.613466649 -0.768357812 0.182441616
vn -0.258691165 -0.605379295 0.75272491
vn -0.291538781 -0.622812143 0.726023535
vn 0.154906663 -0.512537877 -0.844576137
vn 0.0949634535 -0.560144222 -0.822934015
vn 0.415452951 -0.200448654 0.887253731
vn 0.883406321 -0.260079612 0.389810041
vn 0.919969147 -0.296170272 0.25678773
vn 0.258595812 0.30839271 0.915435493
vn 0.162972145 -0.982868806 0.0860754875
vn 0.918570217 -0.291485002 0.266955521
vn 0.88446189 -0.345149855 0.314004368
vn 0.230009209 -0.161046048 0.959770772
vn 0.277818298 -0.131202144 0.951631752
vn 0.834311309 -0.499823289 0.232596904
vn 0.819898908 -0.514913337 0.250259939
vn 0.884430944 -0.402758865 0.235726967
vn 0.857070796 -0.458773532 0.234428019
vn 0.770365635 -0.176169809 0.612781353
vn 0.554889251 -0.132163073 0.821359143
vn 0.481320731 -0.185823225 0.856621319
vn 0.65564822 -0.193057075 0.729968751
vn 0.576555545 -0.25055381 0.777693058
vn 0.238988541 0.349808216 0.905824867
vn 0.25117728 -0.967798985 0.0165861224
vn 0.267618172 -0.963497935 -0.00722794784
vn 0.433447434 -0.0887064201 0.896802371
vn 0.353434396 -0.129756837 0.92641637
vn 0.872591315 -0.361443584 0.328546698
vn 0.933147702 -0.242652699 0.265245232
vn -0.118824971 -0.72745775 0.675785357
vn 0.235670554 -0.0467948538 0.970705739
vn 0.846624616 -0.433033007 0.309368993
vn 0.858033985 -0.357137897 0.36909376
vn 0.719742867 -0.260749966 0.643412512
vn 0.673078854 -0.325933182 0.663876809
vn 0.784957056 -0.315621344 0.533128115
vn 0.749622622 -0.453907855 0.481698644
vn 0.689504105 -0.475508755 0.546329125
vn 0.724259554 -0.394597515 0.565456365
vn 0.643156109 -0.424361896 0.637390932
vn 0.523071917 -0.0405474686 0.851323483
vn 0.841817687 -0.461781894 0.279464602
vn 0.955022229 0.173719331 0.240320901
vn 0.919748165 -0.308599966 0.242547675
vn 0.91875209 -0.240395293 0.313216699
vn 0.89412637 -0.328440094 0.304409492
vn 0.868318171 -0.383231288 0.314892574
vn 0.852960166 -0.306719968 0.422352715
vn 0.485777672 -0.468446876 0.737954997
vn 0.586305599 -0.79247556 0.168012595
vn 0.578224079 -0.798714385 0.166469955
vn 0.631157041 -0.748812758 0.202287526
vn 0.595863317 -0.493183122 0.633811735
vn 0.500722783 -0.513112066 0.697131768
vn 0.168882827 -0.460531462 0.871429494
vn 0.184224766 -0.360445063 0.914407235
vn 0.164745125 -0.0170529555 0.986188745
vn 0.379292924 -0.462390805 0.801455939
vn 0.202621669 -0.114199849 0.972575372
vn 0.194788101 -0.0873345481 0.976949473
vn 0.249994657 -0.239915345 0.93805293
vn 0.75150606 -0.593101862 0.288909713
vn 0.543492718 -0.566582416 0.619354528
vn 0.445395111 -0.53831088 0.71543315
vn 0.472109212 -0.631889173 0.614677935
vn 0.319606031 -0.938817823 0.128347496
vn 0.265118073 -0.958661098 0.103350404
vn 0.552496346 -0.254815824 0.793609906
vn 0.575625735 -0.799891987 0.169787581
vn 0.295370459 -0.405605649 0.865008872
vn 0.245557872 -0.273681854 0.929946006
vn 0.800387956 -0.599442233 -0.00693749788
vn 0.697460321 -0.716199809 0.0246360257
vn -0.0643809676 -0.788407127 0.611775525
vn 0.764641278 -0.577809981 0.285410829
vn 0.805343652 -0.53604085 0.253143852
vn 0.37633633 -0.45966738 0.804410882
vn 0.681946985 -0.673303077 0.285676875
vn 0.401346117 -0.70297191 0.587155676
vn 0.34159431 -0.491004109 0.801391473
vn 0.347095134 -0.540550696 0.766374525
vn 0.294013394 -0.80207192 0.519843013
vn 0.185763504 -0.863891193 0.46817083
vn 0.381432701 -0.612319092 0.692513122
vn 0.437911411 -0.715530323 0.544288483
vn 0.136369189 -0.786632255 0.602173679
vn 0.255411 -0.167945532 0.952134192
vn 0.244996378 -0.227591115 0.942432522
vn 0.239020864 -0.144899674 0.960142235
vn 0.442466386 -0.813924678 0.376497166
vn 0.427321546 -0.82438997 0.371183881
vn 0.448588335 -0.857634717 0.251458144
vn 0.267914545 -0.958766858 0.0948045853
vn 0.31745482 -0.942374996 0.105602102
vn 0.323965822 -0.93768272 0.125687163
vn 0.396283626 -0.907377486 0.140090635
vn 0.405862471 -0.884898402 0.228539873
vn 0.237398386 -0.095558236 0.9667009
vn 0.289750052 -0.16861878 0.942131952
vn 0.209934154 -0.971875125 0.106707036
vn 0.155508759 -0.981494829 0.111735966
vn 0.262379887 -0.957787681 0.117471502
vn 0.162649028 -0.317392755 0.934241474
vn 0.199927445 -0.146145057 0.968850163
vn 0.229465493 -0.255782577 0.939106416
vn 0.285727515 -0.163084263 0.944332203
vn 0.264723471 -0.651346193 0.711104507
vn 0.305987979 -0.418238381 0.85524734
vn 0.358815586 -0.620343118 0.697442321
vn -0.872535716 0.315078043 0.373372804
vn -0.869831515 0.350635409 0.347056111
vn 0.874731571 0.257054882 0.410813178
vn 0.258377692 -0.96286626 0.078291338
vn 0.330731561 -0.941418395 0.0659396763
vn 0.241338886 -0.969397636 0.0449862843
vn 0.385695492 -0.853011573 0.351582484
vn 0.0988888607 -0.990691103 0.0935528293
vn 0.00618952267 -0.995035482 0.0993281444
vn -0.358200157 -0.647393713 0.672736225
vn 0.458906099 -0.864495936 0.205065768
vn 0.238185859 -0.93878571 0.248895333
vn 0.441199163 -0.883599577 0.156828203
vn 0.314488931 -0.924473855 0.215510566
vn 0.318773967 -0.941699669 0.107633137
vn 0.373108092 -0.916627637 0.143471693
vn 0.263465306 -0.964461119 0.0200195527
vn 0.216033083 -0.975779096 0.0344218521
vn 0.0921092628 -0.274138667 -0.957268967
vn 0.00482606741 -0.231513903 -0.972819625
vn 0.203034689 -0.558758113 -0.804093456
vn 0.875921784 -0.479001351 0.0576084478
vn 0.790531325 -0.609537109 0.0593695016
vn 0.805177369 -0.581569329 0.116045332
vn -0.449230488 -0.847077175 0.283993361
vn 0.473363827 -0.864620131 0.168400465
vn 0.301791811 -0.947901545 0.102001786
vn 0.788691148 -0.575575692 0.216052993
vn 0.545015803 -0.823359847 0.15822875
vn 0.336667506 -0.938292319 0.0791360516
vn 0.392958279 -0.916523327 0.0746242686
vn 0.375061044 -0.921554926 0.100328121
vn 0.324692012 -0.938798959 0.115028748
vn 0.375577431 -0.922862807 0.0852398491
vn 0.310751343 -0.94934867 0.0465908367
vn 0.580843336 -0.778446923 0.237994553
vn 0.655169893 -0.706188038 0.268422924
vn 0.261419182 -0.961536981 0.0843009236
vn 0.23897759 -0.967758179 0.0795852923
vn -0.0226883297 -0.999670153 0.0120343055
vn 0.184039966 -0.980955365 0.0620956003
vn 0.127560041 -0.990459547 0.052137522
vn 0.137162716 -0.988978957 0.0557405723
vn 0.168272202 -0.98334799 0.0686381627
vn 0.554208327 -0.813582676 0.175887347
vn 0.588968136 -0.786730614 0.184855281
vn 0.507331256 -0.845360179 0.167275715
vn 0.937300413 -0.218411259 0.271596131
vn 0.540225526 -0.809258077 0.230776399
vn 0.249088274 -0.579082672 -0.776284929
vn 0.183948462 -0.522719534 -0.83242252
vn 0.225516691 -0.399232511 -0.888681959
vn 0.512483475 -0.837528119 0.189492316
vn 0.522087537 -0.831476224 0.189926016
vn 0.44085034 -0.88250735 0.163804014
vn 0.128046997 -0.990256081 0.0547435912
vn 0.344855409 -0.935364282 0.0785392105
vn 0.388677944 -0.908600423 0.152887958
vn 0.580261509 -0.783775287 0.221343357
vn 0.82722055 -0.530571461 0.184932655
vn 0.308840366 -0.946163501 0.0969136602
vn 0.866857982 -0.498526467 0.00534800516
vn 0.412847146 -0.893245673 0.177958987
vn 0.433076327 -0.882808229 0.181919009
vn 0.263523236 -0.960858081 0.0854824706
vn 0.214824514 -0.973765471 0.0750415543
vn 0.481796617 -0.850372091 0.211516728
vn 0.502844106 -0.842190642 0.194583472
vn 0.774567472 -0.563704148 0.2868499
vn 0.77898464 -0.318101757 0.54036488
vn 0.695739144 -0.0148314896 0.7181414
vn 0.56639032 -0.797373145 0.208322041
vn 0.941346049 -0.336665983 0.0228830101
vn 0.862314829 -0.489653969 0.129043114
vn 0.613423944 -0.778260656 0.134243872
vn 0.68542207 -0.721558963 0.0977202596
vn 0.620244879 -0.782048685 0.0607959233
vn 0.214525694 -0.726031711 -0.653342699
vn 0.240201325 -0.737874006 -0.630749772
vn 0.530124521 -0.823271255 0.202959192
vn 0.704248548 -0.661452615 0.257903896
vn 0.632060233 -0.730949104 0.257319391
vn 0.703175851 -0.676116315 0.220023751
vn 0.657633512 -0.716714049 0.232032619
vn 0.768052013 -0.589199669 0.250878168
vn 0.389364527 -0.905781727 0.167196677
vn 0.520650953 -0.828026842 0.208072428
vn 0.642493463 -0.739455385 0.201017122
vn 0.872240842 -0.402776059 0.27742992
vn 0.682059659 -0.710744639 0.17215307
vn 0.759263543 -0.597598028 0.257673182
vn 0.723838557 -0.623731019 0.29498705
vn 0.28718438 -0.843307013 0.454266897
vn 0.97368395 -0.183040981 0.135777629
vn 0.170256691 -0.983971632 0.0530328895
vn 0.178229529 -0.982232277 0.0587706557
vn 0.426012391 -0.894074883 0.138360207
vn 0.454647728 -0.824379791 0.337184525
vn 0.576102753 -0.817062216 -0.0226925505
vn 0.198610375 -0.97692518 0.0785564201
vn 0.228372416 -0.969995971 0.0833897827
vn 0.755295742 -0.42259171 -0.500943698
vn 0.430707875 -0.646596472 0.629606011
vn 0.470836513 -0.868622151 -0.154300154
vn 0.162781357 -0.94619187 0.279684063
vn 0.158788184 -0.984578421 0.0734278249
vn 0.898093138 -0.41344747 -0.149966346
vn 0.883171364 -0.419503406 -0.209821913
vn 0.894811685 -0.389880513 -0.217497664
vn -0.081565308 -0.996665614 0.00218039592
vn -0.0515370901 -0.998643923 0.00736494411
vn 0.768422837 0.612114812 0.186659586
vn 0.371499508 -0.706332377 -0.602563431
vn 0.834956276 -0.545017939 -0.0761804697
vn 0.804477843 -0.570342865 -0.165904841
vn 0.988376791 -0.117508516 -0.0964524085
vn 0.938369282 0.29317807 -0.183056575
vn 0.738847688 -0.641179637 0.207346972
vn 0.916186966 -0.0848958273 -0.391655642
vn 0.521874788 -0.851797006 0.0457008383
vn 0.43130968 -0.900625958 0.053337073
vn 0.733128767 -0.676973379 0.0650327221
vn 0.604475263 -0.747876694 -0.274390426
vn 0.658282119 -0.691729321 -0.296943088
vn 0.562019791 -0.770496466 -0.300780567
vn 0.633640743 -0.707161563 -0.3137227
vn 0.105961012 -0.0612375996 -0.992482856
vn 0.08114765 -0.0683484682 -0.994355845
vn 0.10273617 -0.103202897 -0.989340407
vn 0.804994007 -0.519041295 -0.287368723
vn 0.832953989 -0.49672504 -0.243827576
vn 0.777191596 -0.571671347 -0.262992574
vn 0.925570666 -0.107072461 0.363117654
vn 0.905339403 0.234687626 0.353952376
vn 0.108330465 -0.991031959 -0.0782314935
vn 0.0905782519 -0.949805104 -0.299442557
vn 0.137007266 -0.978041022 -0.157050209
vn 0.721278154 -0.646774292 -0.247872629
vn 0.650758871 -0.723288499 -0.231012206
vn 0.699406038 -0.686314818 -0.199507303
vn 0.188987848 -0.98195661 0.00669404804
vn 0.118865148 -0.918334257 -0.377535784
vn 0.0744589047 -0.874644044 -0.479013223
vn 0.645802891 0.761758317 -0.0516032324
vn 0.845322451 -0.533753474 -0.0231772088
vn 0.792139874 -0.607571861 -0.0580590654
vn 0.0416166797 -0.886836126 -0.46020619
vn 0.199429624 -0.954612237 0.22123133
vn 0.0943460703 -0.600659601 -0.793918675
vn 0.938234256 -0.234030577 -0.254845386
vn 0.689643371 0.714766506 -0.116193211
vn 0.0521403861 -0.866039417 -0.497249543
vn 0.037740304 -0.720660154 -0.692260509
vn 0.0337107174 -0.473977182 -0.879891595
vn 0.647029158 -0.741993283 0.175497114
vn 0.676975584 0.662509229 -0.320601901
vn 0.618817275 -0.639044634 -0.456822872
vn -0.00217872476 -0.83302669 -0.553228512
vn -0.0070888243 -0.799577957 -0.600520474
vn 0.715064287 -0.685500099 0.13701343
vn 0.248870922 -0.733720138 -0.63223257
vn 0.103927364 -0.73754821 -0.667249384
vn 0.62464471 0.63370304 0.456332601
vn 0.741633315 0.257369999 0.619468086
vn 0.303804322 -0.840859516 -0.447948891
vn 0.489486581 -0.791420616 -0.36613699
vn 0.261839947 -0.92298192 -0.282035846
vn 0.105310701 -0.852418445 -0.512144951
vn 0.541081792 -0.807683972 -0.23425861
vn 0.872838926 -0.446643055 -0.196627032
vn 0.812677889 -0.527141553 -0.248347402
vn 0.458027749 -0.879754163 -0.12744879
vn 0.295514056 0.27492953 -0.914923601
vn 0.288488576 0.0184736738 -0.957305105
vn 0.0384364475 -0.788343717 -0.614033243
vn 0.0988638562 -0.827991646 -0.551956313
vn 0.0227314497 -0.218491333 -0.975574097
vn 0.468818778 -0.847067189 -0.250371985
vn 0.441561656 -0.828499502 -0.344400754
vn 0.503520026 -0.817565295 -0.279382482
vn 0.238070601 -0.52705525 -0.815803379
vn 0.0641088987 -0.579673039 -0.812323345
vn 0.0241671776 -0.467884718 -0.883459019
vn 0.927366676 -0.374090629 -0.00687381436
vn 0.937894759 -0.279026581 0.206149433
vn 0.94021347 -0.328390841 0.0903221259
vn 0.614824179 -0.75578226 0.225353954
vn 0.253201433 -0.230354099 -0.93958822
vn 0.0519401209 -0.679985373 -0.7313837
vn 0.173372513 -0.950063095 -0.259465003
vn 0.231993154 -0.909736556 -0.344323357
vn 0.260242691 -0.96113184 -0.0921918024
vn 0.272738355 -0.952089804 0.138343036
vn 0.349443649 -0.920996717 0.1722039
vn 0.592741051 -0.800887496 -0.0850721174
vn 0.602317219 -0.78627378 -0.13779518
vn 0.534897029 -0.835788304 0.123867189
vn 0.617463949 -0.74718509 -0.245871335
vn 0.698224357 -0.660002697 -0.277270963
vn 0.302081223 -0.947972364 -0.100475531
vn 0.286287101 -0.955787756 -0.0671525214
vn 0.262208312 -0.960358725 -0.0946462863
vn 0.170854742 -0.882141884 -0.438901303
vn 0.314307319 -0.937670482 -0.148273318
vn 0.89024656 -0.202191086 -0.408141921
vn 0.88284588 -0.0122246166 -0.469503686
vn 0.833710306 -0.282873988 -0.474246173
vn 0.879812984 -0.189689216 -0.435829227
vn 0.914551205 -0.402591197 -0.0389412492
vn 0.944280852 -0.327250515 -0.0352246154
vn 0.354642572 -0.908766602 0.21993615
vn 0.306228515 -0.932688663 -0.190567457
vn 0.820620918 -0.479927863 -0.310242735
vn 0.855681894 -0.403108752 -0.324517842
vn 0.854927923 -0.413897129 -0.31270979
vn 0.87248272 -0.355363171 -0.335396661
vn 0.896621628 -0.320829189 -0.305185661
vn 0.902585846 -0.360459554 -0.235388402
vn 0.899537135 0.0705788887 -0.431105048
vn -0.0275762089 0.101030812 -0.994501045
vn 0.67956952 -0.730949644 -0.0624330463
vn 0.306206928 -0.951934827 -0.00757639019
vn 0.271458677 -0.962357605 0.0133426476
vn 0.374180241 0.92537248 0.0606211244
vn 0.200245465 -0.979526046 0.0207479957
vn 0.942094396 0.323553606 0.0881544835
vn 0.488477871 -0.859780504 0.148885373
vn 0.437678177 -0.889523449 0.131094803
vn 0.914471903 -0.394674981 -0.0892905265
vn 0.743222132 -0.644931503 -0.178000612
vn 0.030790207 -0.633914401 -0.772790072
vn 0.872074983 -0.289233418 -0.394752142
vn 0.810264076 -0.332721095 -0.48246119
vn 0.822320523 -0.349253371 -0.449233837
vn 0.66236022 -0.696630584 -0.275653349
vn 0.768051299 -0.577417563 -0.276922661
vn 0.499905637 -0.757221795 -0.420368299
vn 0.487184102 -0.740826071 -0.462415812
vn 0.422457582 -0.808175021 -0.410344644
vn 0.296261533 -0.948970173 -0.108095862
vn 0.339405932 -0.931988355 -0.127284404
vn 0.348664185 -0.925559228 -0.147558133
vn 0.424801069 -0.876033121 -0.228276199
vn 0.469405129 -0.834359856 -0.288967915
vn 0.4629602 -0.842463594 -0.275541188
vn 0.805892592 -0.520054867 -0.282984215
vn 0.741521968 -0.551581304 -0.381972821
vn 0.728250144 -0.623438377 -0.284563383
vn 0.359607784 -0.927064216 -0.10599142
vn 0.408260427 -0.90287525 -0.134683725
vn 0.388956439 -0.909685355 -0.145552205
vn 0.382872227 -0.9182816 -0.100835319
vn 0.41709306 -0.901953253 -0.11186469
vn 0.374721456 -0.914533003 -0.15235884
vn 0.402789194 -0.902475676 -0.152638528
vn 0.446680085 -0.87761748 -0.173966838
vn 0.485089207 -0.852665462 -0.194036264
vn 0.517105438 -0.827254318 -0.219663968
vn 0.0184734514 -0.999797508 0.00797968615
vn -0.0318982358 -0.999205421 0.0238962267
vn 0.0182334169 -0.99973236 0.0142390428
vn 0.436714922 -0.892493041 0.112854989
vn 0.407616723 -0.910765455 0.0659916112
vn 0.298839389 -0.945320665 -0.130628709
vn 0.0736359187 -0.996410193 0.0417669506
vn 0.0127592644 -0.999608618 0.0248960302
vn -0.022186558 -0.999272431 0.0310220122
vn 0.344176363 -0.938857697 -0.00942629414
vn 0.327287004 -0.944818223 -0.014203608
vn 0.0871115841 -0.996059239 -0.0166602815
vn 0.179930245 -0.981997066 0.0575053943
vn 0.160599564 -0.986127574 0.0419545982
vn 0.0900224718 -0.99523722 -0.0374009504
vn 0.172438143 -0.982495842 -0.0704769958
vn 0.752496505 -0.599397974 -0.272893898
vn 0.0364054134 -0.999214679 0.0156419501
vn 0.0726415761 -0.997123158 0.0216473674
vn 0.0898667456 -0.995729658 0.0211285717
vn 0.0622966384 -0.997830564 0.0212907127
vn 0.250058099 -0.96638772 0.0597136587
vn 0.233992021 0.480227566 0.845357451
vn 0.189364081 0.415966914 0.889445204
vn 0.376573387 -0.925905966 0.0298433641
vn -0.0195390807 -0.999797898 0.00473163092
vn 0.254837197 -0.966980873 -0.00244824738
vn 0.841911909 -0.502118584 -0.197639231
vn 0.315533612 -0.948524486 -0.0271999915
vn 0.354951028 -0.934254534 -0.0343254103
vn 0.351285685 -0.933970311 -0.0655578009
vn 0.389983162 -0.917979019 -0.0723025131
vn 0.147113228 -0.989119054 -0.00109302512
vn 0.462394029 -0.880123967 0.107580503
vn 0.0330661112 -0.740380109 -0.671374655
vn 0.317842556 -0.94575678 -0.0672326014
vn 0.282047213 -0.95926515 -0.016116506
vn -0.0480859223 -0.998062374 0.0394872381
vn 0.172906101 -0.983897984 -0.0452574545
vn 0.177957642 -0.983174651 -0.0412150774
vn 0.141103344 -0.989952323 -0.00917846051
vn 0.177176403 -0.983682375 -0.0312651149
vn 0.275931274 -0.96104539 -0.015927659
vn 0.27504823 -0.957439985 -0.0875051258
vn 0.228962188 -0.96908047 -0.0919747701
vn 0.208516195 -0.97569348 -0.0674034865
vn -0.0821292695 -0.994705411 -0.0617732052
vn 0.152538794 -0.987250449 -0.0454804157
vn 0.199699279 -0.976748307 -0.0779932255
vn 0.169989066 -0.984527232 -0.0425422954
vn 0.122152488 -0.991948148 -0.0334311537
vn -0.167518713 -0.983318861 -0.0708625307
vn 0.877470545 -0.318488316 -0.358623248
vn 0.216548234 -0.974694454 -0.0554759823
vn 0.127691308 -0.991752168 -0.0110709624
vn 0.694524714 -0.656078053 -0.295291399
vn 0.706852754 -0.636051836 -0.309511304
vn 0.247709799 -0.964734373 -0.0890361978
vn 0.164142766 -0.984480328 -0.0620937668
vn -0.120367601 -0.990315388 -0.06918867
vn 0.592682885 -0.750020881 -0.293591
vn 0.261318904 -0.95981015 -0.102356764
vn 0.340255637 -0.922471549 -0.18240708
vn 0.378599223 -0.898106682 -0.223756601
vn 0.677687576 -0.685446898 -0.266274483
vn 0.703114217 -0.651440542 -0.285053711
vn 0.466985025 -0.818626425 -0.334328824
vn 0.094160266 -0.995022504 -0.0326199443
vn 0.302103449 -0.809721575 -0.503075022
vn 0.180702928 -0.844923694 -0.503438579
vn 0.628964995 0.772541384 0.0870795348
vn 0.772443405 -0.595945013 -0.219501087
vn 0.299344275 -0.946814195 -0.118050349
vn 0.37944033 -0.905303417 -0.190920818
vn 0.300296476 -0.940569129 -0.158593003
vn 0.494887243 -0.754978773 -0.430225138
vn 0.036139321 -0.946810597 -0.319755598
vn -0.050093314 -0.968124007 -0.245411015
vn 0.0781100062 -0.987330529 -0.138120432
vn 0.816690774 0.0840815654 0.570917218
vn 0.601159804 -0.799017683 0.0133278835
vn 0.177931266 -0.124089795 -0.976187578
vn 0.43131213 -0.414808892 -0.801188761
vn 0.404593109 -0.660838452 -0.632136818
vn 0.169035819 -0.801481473 -0.573632583
vn 0.18952631 -0.969947876 -0.152580785
vn 0.202342498 -0.471169507 -0.858520127
vn 0.259510996 -0.637345741 -0.725564918
vn -0.29727538 -0.86641953 -0.401178945
vn 0.0462118018 -0.60583156 -0.794249703
vn 0.404867257 -0.864796297 -0.297001464
vn 0.252617727 -0.893921898 -0.370253865
vn 0.834445383 -0.463975277 -0.297368197
vn 0.826933172 -0.468927543 -0.310303864
vn 0.790124019 -0.537787943 -0.2940887
vn 0.509713316 -0.810726636 -0.287949052
vn 0.801562712 -0.459616304 -0.382426557
vn 0.224523063 -0.971012796 -0.0819972179
vn -0.071476324 -0.993507763 -0.0885068323
vn 0.910423229 -0.216271269 -0.352641862
vn 0.542797898 -0.669221196 -0.507457814
vn 0.427672413 -0.739290208 -0.52014065
vn 0.655001267 -0.545137835 -0.523257184
vn 0.721526354 -0.457240987 -0.519933072
vn 0.638932864 -0.492983453 -0.590535444
vn 0.302611793 -0.219588963 -0.927473337
vn 0.222586209 -0.172085327 -0.959605137
vn 0.190283865 -0.131067139 -0.972940623
vn 0.869503527 -0.374610183 -0.321917424
vn 0.836568896 -0.439774185 -0.326727942
vn 0.846371434 -0.364348585 -0.388465577
vn 0.176775974 -0.0975210888 -0.979407929
vn 0.51985277 -0.807712066 -0.278126438
vn 0.578935845 -0.770742033 -0.266063912
vn 0.586421005 -0.757969826 -0.285643391
vn 0.806528851 -0.499968262 -0.315504278
vn 0.0502686314 -0.0478086196 -0.997590798
vn 0.597752793 -0.337215207 -0.727308396
vn 0.130113259 -0.0796905807 -0.98829143
vn 0.143238878 -0.064456171 -0.987586971
vn 0.101407499 0.0125632039 -0.994765643
vn 0.160105805 -0.170273369 -0.972302993
vn 0.265086342 -0.331932083 -0.905290187
vn 0.278330018 -0.301609337 -0.911901425
vn 0.574343612 -0.183103564 -0.797873737
vn 0.15631014 -0.203185444 -0.966583062
vn 0.154685369 -0.114719989 -0.981280674
vn 0.840740253 -0.441051188 -0.314053619
vn 0.123017717 -0.0713912081 -0.989833287
vn 0.873453609 -0.371893432 -0.314283421
vn 0.937247896 -0.154517798 -0.312555005
vn 0.368148757 -0.909847414 -0.191426689
vn 0.542367538 -0.780417453 -0.311104568
vn 0.390430143 -0.886322723 -0.248990632
vn 0.438353864 -0.866507764 -0.238768058
vn 0.645171325 -0.707877138 -0.287513336
vn 0.59774509 -0.756239681 -0.266087114
vn 0.672902622 -0.683927434 -0.281860474
vn 0.403478348 -0.762458187 -0.505828761
vn 0.924633027 -0.328727629 0.192332813
vn 0.929715234 0.282384776 -0.236407321
vn 0.570306831 -0.471695101 -0.672498216
vn 0.375975469 -0.427204951 -0.822276338
vn 0.443766495 -0.378445576 -0.812311667
vn 0.784750734 -0.420267637 -0.455567118
vn 0.0563461054 -0.00601943295 -0.99839315
vn 0.181461839 -0.0595548177 -0.981593004
vn 0.866475458 -0.390310381 -0.311252449
vn 0.831927169 -0.438572438 -0.339928525
vn 0.807685131 -0.49769463 -0.31614045
vn 0.889619914 0.450248384 -0.0765036099
vn 0.771614838 -0.263301897 -0.579035969
vn 0.904248579 0.104575241 -0.414003052
vn 0.888492431 0.207646016 -0.40922406
vn 0.544063063 -0.797967577 -0.259312803
vn 0.911006147 -0.224397292 -0.345996611
vn 0.924601714 -0.20434598 -0.321487776
vn 0.919253313 -0.217495636 -0.32812954
vn 0.721795867 -0.623919188 -0.299558964
vn 0.438847779 -0.332518733 -0.834771777
vn 0.040179454 0.838712235 -0.543090598
vn 0.93011651 -0.219508181 -0.294447679
vn 0.654008438 -0.223485352 -0.722722118
vn 0.873923858 -0.311940312 -0.372760423
vn 0.848547408 -0.411886981 -0.332139143
vn 0.773344144 -0.54263567 -0.327849607
vn 0.89124319 -0.352609722 -0.285222651
vn 0.906973325 -0.284803723 -0.310300222
vn 0.0351235943 -0.12324799 -0.991754136
vn 0.38345965 -0.695071726 -0.608139781
vn 0.679998969 -0.426947083 -0.59608522
vn 0.763030452 -0.38875626 -0.516384643
vn 0.896438403 -0.302709617 -0.323674339
vn 0.899521713 0.402550761 -0.169745608
vn 0.84039689 -0.456580681 -0.292005392
vn 0.913775042 0.035121503 -0.40469946
vn 0.741026012 -0.603193657 -0.295021798
vn 0.792010285 -0.528324382 -0.305929821
vn 0.776311711 -0.557411923 -0.294333273
vn 0.877637735 -0.417969242 -0.234635288
vn 0.321224759 -0.41893503 -0.84929859
vn 0.755230456 -0.58585318 -0.293943889
vn 0.422453286 -0.86979665 -0.254925498
vn 0.672038437 -0.634216001 -0.382275297
vn 0.188616785 -0.135328041 -0.972681875
vn 0.409848053 -0.0575323218 -0.910337633
vn -0.753784472 -0.581677463 -0.305712773
vn -0.0512943151 0.555180024 -0.830146996
vn -0.385049592 -0.589249195 -0.71029726
vn -0.591013068 -0.751027323 0.294383277
vn -0.10803811 -0.80195787 -0.587529865
vn -0.023910786 -0.733349947 -0.67943074
vn -0.732191439 -0.604556304 -0.313699492
vn -0.22898681 -0.863700763 -0.448983332
vn -0.717239745 -0.629992942 -0.297785226
vn -0.713848377 -0.620228027 -0.325173321
vn -0.394841234 0.789451321 0.469964904
vn -0.115712744 -0.955317978 -0.271989194
vn -0.718168374 -0.644142602 -0.263276462
vn -0.668963885 -0.70148238 -0.245784034
vn -0.166713561 0.474748101 -0.86418796
vn -0.278304331 -0.873853903 -0.39865531
vn 0.0227594022 -0.829793879 -0.55760571
vn 0.36168442 -0.581301248 -0.728884929
vn -0.126981052 -0.988447273 -0.0827514455
vn -0.326804185 -0.936475457 -0.127329268
vn -0.304550293 -0.751968038 -0.584630814
vn 0.390968946 -0.809525113 -0.437963897
vn -0.0178615082 -0.999299631 -0.0328818084
vn -0.0608868285 -0.997663927 -0.0309755354
vn 0.0948123514 -0.994521171 -0.0440256529
vn 0.104340028 -0.967887657 -0.228706455
vn 0.0845769698 -0.991462708 -0.099239277
vn -0.0132520791 -0.99946456 -0.0299161445
vn 0.439114327 -0.522299639 -0.731014155
vn 0.182026025 -0.333672363 -0.924948258
vn 0.0879408613 -0.888033104 -0.451291049
vn -0.405466316 -0.911194851 -0.0729452495
vn -0.168819142 -0.860287489 -0.48104629
vn 0.281198744 -0.947906803 -0.149666158
vn 0.196399199 -0.946557589 -0.255843871
vn 0.316370769 -0.430659652 -0.845246592
vn -0.0320248063 -0.999346963 0.0167349902
vn 0.351024384 -0.903102833 -0.247360375
vn 0.142926417 -0.970994768 -0.191679943
vn -0.0525400209 -0.998539397 0.0125943612
vn 0.354120721 -0.918126117 -0.177884649
vn 0.384258939 -0.901452124 -0.199321689
vn 0.1004647 -0.994938456 -0.00207688682
vn 0.106004879 -0.994364309 0.00160835195
vn 0.329349146 -0.933050761 0.144725319
vn 0.298106553 -0.935541843 -0.189456969
vn 0.18428594 -0.977589793 -0.101768803
vn 0.0657296307 -0.996926898 -0.0426189496
vn 0.00951742085 -0.999685474 0.0232028237
vn -0.197060234 -0.979965002 -0.0289112395
vn -0.0892638697 -0.995973823 0.00825258598
vn 0.737321829 -0.598814037 -0.312695171
vn -0.0984161907 -0.995138468 0.00369902064
vn -0.0066136143 -0.999884516 -0.0136826528
vn -0.134674782 -0.990655222 -0.0215623211
vn -0.37482619 -0.926971219 -0.0151553897
vn 0.436782409 -0.88096187 -0.182009096
vn -0.305396064 -0.951345798 0.0409196278
vn 0.444181669 -0.874971662 -0.192684288
vn -0.126773254 0.0702773543 -0.989439051
vn -0.0620097687 -0.998072333 -0.00253132039
vn 0.112038185 -0.993382935 0.0252544772
vn 0.000700146266 -0.998064515 -0.0621830598
vn 0.0262890774 0.0469383532 -0.998551789
vn -0.709385786 -0.68473514 -0.16706165
vn -0.565959621 -0.810001227 -0.153582939
vn -0.582765222 0.553160701 0.595313308
vn -0.857418345 0.27845127 0.432780167
vn -0.664062505 -0.719263253 -0.20416014
vn -0.663270441 -0.72420458 -0.18867975
vn -0.606695447 -0.775734973 -0.173654501
vn -0.583943759 -0.791386613 -0.180878179
vn -0.90806509 0.340328096 0.244120013
vn -0.723292702 -0.67678716 0.137137911
vn -0.135737363 -0.93215525 -0.335651543
vn -0.546094524 -0.826082795 -0.139168916
vn -0.589608888 -0.787357738 -0.180080957
vn -0.625644127 -0.751863726 -0.208015298
vn -0.614026425 -0.770021334 -0.173316745
vn -0.674705149 -0.710911208 -0.198439454
vn -0.623752822 -0.760553111 -0.180253661
vn -0.346503764 -0.937506934 -0.0318730455
vn -0.260303385 -0.965495431 -0.0077922649
vn -0.506194063 -0.818005943 0.273191963
vn -0.299817357 -0.95241186 0.0549654464
vn -0.25426234 -0.966463323 0.0360459046
vn 0.188981377 -0.564969406 0.803178442
vn 0.00440465583 -0.999455609 0.0326968697
vn -0.0333279254 -0.999380892 0.0112731099
vn -0.213315136 -0.976914714 0.0115885628
vn -0.579302551 0.813368404 0.0532953481
vn -0.692119451 0.7037282 0.160428443
vn -0.574216687 0.816740354 0.0566603068
vn -0.308845395 0.948141525 -0.0751143807
vn 0.18201104 -0.98289486 0.0281011501
vn 0.247433729 -0.967431319 0.0534152864
vn 0.366894751 -0.922467857 0.120171935
vn -0.208402077 -0.966188456 0.151817129
vn 0.0604374507 -0.730970862 0.679727088
vn 0.11617149 -0.993155652 0.0120845587
vn 0.345131392 -0.366936515 -0.863852948
vn -0.217384364 -0.974226306 0.0602257745
vn -0.765072353 -0.394300618 0.509108356
vn -0.38109952 -0.390091501 0.838207478
vn -0.64427174 -0.518468217 0.562231833
vn -0.505562584 -0.846537454 0.166675774
vn -0.765397737 -0.0251929896 0.643064241
vn -0.294775094 -0.680058559 0.671288314
vn 0.111452558 -0.445821583 0.888156204
vn -0.593038024 0.0771830597 0.801466579
vn -0.858338007 -0.411138705 0.30695412
vn -0.725318679 -0.672758405 0.145975831
vn -0.743390382 -0.126435803 0.656798848
vn -0.140869546 -0.981503759 0.129638503
vn -0.164926003 -0.982220044 0.0896838842
vn -0.727411423 -0.661925096 0.180908234
vn -0.725397555 -0.648807606 0.229884924
vn -0.773536488 -0.609087822 0.175080915
vn -0.673973809 -0.727798259 0.126763556
vn -0.272108448 -0.837125343 0.474529402
vn -0.779745575 0.538899009 0.318723541
vn -0.753526374 0.564454386 0.337030043
vn -0.676235508 0.659461863 0.328352842
vn -0.805631381 0.489970123 0.332997531
vn -0.722327858 0.62886317 0.287703978
vn -0.214413384 -0.45401629 0.864809869
vn -0.885027365 0.269196712 0.379815342
vn -0.797691615 0.533109755 0.281925658
vn -0.758897101 0.574982458 0.305729233
vn -0.957176368 -0.0643662274 0.282259436
vn -0.35212463 0.216918582 0.910469425
vn -0.0480645276 0.997778047 0.0461385881
vn -0.0523585573 0.998461034 -0.018279644
vn -0.369276032 0.166099058 0.914355683
vn -0.35359343 0.189100506 0.916085523
vn -0.443640362 0.25768494 0.85835989
vn -0.922877721 -0.112363225 0.368335742
vn -0.31467875 0.946884419 -0.0662357938
vn -0.769466027 -0.015462749 0.638500538
vn -0.589802765 0.583634164 0.558125309
vn 0.749137 0.660502828 0.0502968206
vn -0.38470881 0.904374169 -0.184679437
vn -0.168132776 0.927142369 -0.334870718
vn 0.0781431784 0.995477946 -0.0540120624
vn 0.180218184 0.97882933 -0.0970286011
vn -0.415715849 0.90301877 -0.108339439
vn 0.0192888693 -0.00426417061 -0.999804859
vn 0.233842513 0.944016221 -0.23270379
vn -0.715060876 0.636908672 0.28815844
vn -0.28256871 -0.52197436 0.804796677
vn -0.912773302 -0.121970472 0.389830866
vn -0.820332938 0.567515643 -0.0705681592
vn -0.323692897 0.842179729 -0.431226406
vn -0.298192829 -0.850479779 0.4333188
vn -0.676936088 0.556197038 -0.482081308
vn -0.828282173 -0.21972605 -0.515430989
vn -0.550767081 0.648616844 -0.525311158
vn -0.131628049 -0.958362538 -0.253407384
vn -0.967227045 -0.119100287 0.224247552
vn -0.693426227 -0.675093769 -0.251810387
vn -0.100669897 -0.903757216 -0.416039021
vn -0.174374857 -0.970889723 0.164214967
vn -0.215071832 -0.975290179 0.0505289358
vn -0.202654487 -0.963923649 0.172575656
vn -0.325042735 -0.701455078 0.634277537
vn -0.13187699 -0.954817296 0.266331356
vn -0.157708899 -0.874718516 0.458252574
vn -0.790912239 -0.586860436 0.173357028
vn -0.358298379 0.0494906677 -0.932294452
vn -0.802860781 -0.428728294 -0.414254289
vn -0.302234089 0.100071737 -0.947966351
vn -0.463641569 0.078907248 -0.882502205
vn 0.0111329345 0.0483829377 -0.998766814
vn 0.026100041 -0.0554616544 -0.998119628
vn -0.0060877287 -0.0175643778 -0.999827201
vn 0.00642085184 -0.0257432233 -0.999647968
vn -0.0142857078 -0.0656808345 -0.997738416
vn -0.00305731571 -0.060264279 -0.998177774
vn 0.0464387001 0.111884334 -0.992635554
vn -0.243265608 0.14626447 -0.958868369
vn 0.252463543 -0.203771727 -0.945906572
vn 0.200865914 -0.212372215 -0.95632156
vn -0.341166358 0.183701473 -0.921878129
vn -0.341724658 0.145961031 -0.928396271
vn -0.438613743 0.183034702 -0.879838782
vn 0.0394908882 -0.0160801311 -0.999090536
vn 0.0588109515 -0.0403932142 -0.997451583
vn 0.87069054 0.490783325 -0.032089113
vn -0.465273895 0.304956273 -0.830976459
vn 0.0182185652 0.209454544 -0.977648647
vn -0.423568184 0.0816512389 -0.90217685
vn -0.31666226 0.160019975 -0.934943111
vn 0.0108487833 0.30440888 -0.952479679
vn -0.716953131 0.484277628 -0.501451281
vn -0.0442616578 0.995423028 -0.0846988881
vn -0.556839524 0.0232337006 -0.830295092
vn -0.799443517 0.221397215 -0.558456209
vn -0.20349216 0.968691959 0.142221056
vn 0.0181143875 -0.00562769327 -0.999820083
vn 0.0314151369 0.0535362058 -0.998071623
vn 0.0218438886 0.00476123066 -0.999750056
vn 0.0891565319 -0.0875231898 -0.992164706
vn 0.0491850982 0.0324524882 -0.998262321
vn 0.403740377 -0.173735456 -0.898225862
vn 0.306115866 -0.15084715 -0.939967134
vn 0.238493202 0.9544789 -0.179139672
vn 0.200970241 0.979039483 -0.0330553009
vn 0.0253499052 0.0130557924 -0.999593382
vn 0.210774033 0.204386059 -0.955929205
vn 0.240548694 0.458943702 -0.855281827
vn 0.423292147 0.87268075 -0.243417475
vn 0.0542083226 0.991466524 -0.118556273
vn 0.0433373453 -0.0613461178 -0.997175275
vn 0.0839400737 0.0219529743 -0.996228955
vn 0.555275414 -0.595175041 -0.580892318
vn 0.479989389 -0.63063211 -0.609846971
vn 0.616547852 -0.624984827 -0.47881386
vn 0.377674366 0.496857289 -0.781341736
vn 0.544613525 0.72472591 -0.422100063
vn 0.426474981 0.88335836 -0.194414761
vn 0.0664794949 -0.138313239 -0.988154808
vn 0.0337231122 -0.0560225669 -0.997859822
vn -0.0427835384 -0.0571209673 -0.997450131
vn -0.0414196373 -0.0576073311 -0.997479729
vn 0.782408438 0.62275648 -0.00337674888
vn 0.112145954 0.191413044 -0.975081705
vn 0.0533273357 0.0746894285 -0.995779938
vn 0.332970495 0.920815834 0.203048885
vn 0.0319805165 0.0428757664 -0.998568433
vn 0.182215645 0.267252584 -0.946241784
vn 0.124582666 0.0483872809 -0.991028673
vn 0.143651375 0.127886156 -0.98133043
vn 0.232697297 0.143343321 -0.961927575
vn 0.327269192 0.941614344 -0.0791031225
vn 0.316412376 0.938402034 0.138869835
vn 0.371301553 0.921777236 0.111632807
vn 0.320422867 0.947209045 -0.0111449981
vn 0.327986491 0.93632299 0.125395851
vn 0.451564824 0.891778419 -0.0286436786
vn 0.292803218 0.812007494 -0.504886229
vn 0.255071014 0.370931956 -0.892943594
vn 0.320953182 0.696400883 -0.641883841
vn 0.401637718 0.913903294 0.0588889774
vn 0.065418145 0.0573543409 -0.996208284
vn 0.789523638 -0.166224326 -0.590780754
vn 0.806174149 0.354282818 -0.47388493
vn 0.313202024 0.0285955864 -0.949255911
vn 0.266566826 0.172998239 -0.948163349
vn 0.531446235 -0.547184588 -0.646648224
vn 0.209039981 -0.246414459 -0.946352049
vn 0.228885625 -0.0803554509 -0.970131111
vn 0.877839986 -0.347474749 -0.329633521
vn -0.000851830897 -0.0102383028 -0.999947224
vn 0.0443032437 -0.0260423301 -0.998678637
vn 0.0300878892 -0.0482734002 -0.998380888
vn 0.146641781 -0.172798708 -0.973979874
vn 0.0935040753 -0.124865079 -0.987757916
vn 0.186376986 -0.16495388 -0.968531794
vn -0.109650415 -0.337181594 -0.935032277
vn 0.316238315 0.203679119 -0.926557146
vn 0.396244949 0.617675852 -0.679313243
vn 0.765169576 0.600516661 -0.232153528
vn 0.385081914 0.568678923 0.726853632
vn 0.162072871 0.870521479 -0.464677026
vn 0.288502461 -0.347327544 -0.892261121
vn 0.227727592 -0.121066224 -0.966169298
vn 0.751466117 0.62523351 -0.210669724
vn 0.537765684 0.810596522 -0.231821802
vn 0.635754466 0.771832656 -0.00951892416
vn 0.369126569 0.903105245 -0.219423089
vn 0.623157415 0.729542012 -0.281856859
vn 0.0955454915 0.980920124 -0.169312637
vn -0.00301249738 0.898370111 -0.439228948
vn 0.0581622089 0.939589225 -0.337326615
vn 0.0202561675 0.956084585 -0.292390073
vn 0.897118342 -0.337823876 0.28469933
vn 0.494595017 0.674543353 0.54805751
vn 0.155586043 -0.170995584 0.972909807
vn 0.955005441 -0.0977631414 0.280012457
vn 0.132935332 0.701133452 0.700528429
vn 0.326841513 0.465480698 0.822497626
vn 0.165606959 0.61806 0.768489539
vn 0.365279258 0.815881256 0.448228557
vn 0.128203352 0.88801288 0.441584676
vn 0.134372252 0.849446187 0.510279603
vn 0.680080308 0.713315774 0.169326259
vn 0.871719188 0.422270639 0.248582309
vn 0.178533314 0.167776186 0.969524114
vn 0.250925913 0.921986532 0.294918668
vn 0.218145839 0.143765335 0.965268834
vn 0.42956814 0.594033705 0.680143492
vn 0.39369274 0.457300853 0.797422069
vn 0.295588912 0.157970225 0.942163788
vn 0.295252212 0.243348612 0.923908861
vn 0.335034999 0.0416333346 0.941285406
vn 0.385738118 0.0199377062 0.922392862
vn 0.566713531 0.111650233 0.81631489
vn 0.946808314 -0.0276051657 0.320611869
vn 0.955007221 0.0116054359 0.296355399
vn 0.926211986 0.062661575 0.371759175
vn 0.447217076 0.0684856549 0.891799642
vn 0.46813993 0.10075919 0.877890991
vn 0.222784787 -0.0831933801 0.971311382
vn 0.18286027 -0.0448702365 0.982114445
vn 0.914245568 0.270329246 0.301789893
vn 0.938929054 -0.140920217 0.313932676
vn 0.964051187 -0.103181128 0.244865196
vn 0.856732122 -0.38730302 0.340597185
vn 0.375530621 0.26788001 0.887252531
vn 0.128519761 -0.235622617 0.96330922
vn 0.162129747 0.274423418 0.947842673
vn 0.621951112 0.643194047 0.446629861
vn 0.100475629 -0.737027584 0.668352443
vn 0.279231708 -0.655122027 -0.702029047
vn 0.106826726 -0.99075767 0.0835900145
vn 0.102326716 -0.97664054 -0.188951047
vn 0.183276554 -0.982961033 -0.0140467558
vn 0.619621258 -0.551417207 0.558577265
vn 0.581811491 -0.783576167 0.217953618
vn 0.535987748 -0.81908572 0.204488916
vn 0.362975614 -0.645637166 0.671864089
vn 0.235821738 -0.886540876 0.398036912
vn 0.939196276 -0.252222767 0.233010797
vn 0.871675576 -0.359504237 0.333074157
vn 0.777833905 -0.578194488 0.246303775
vn 0.852968801 -0.420478644 0.309260302
vn 0.552424276 -0.819771161 -0.151005509
vn 0.748103492 -0.632812011 0.199725122
vn 0.763708931 -0.622806721 0.169883655
vn 0.889684918 -0.314863173 0.330638668
vn 0.724194757 -0.579900849 0.373171487
vn 0.733541063 -0.531299613 0.423837505
vn 0.806844876 -0.454518686 0.377377941
vn 0.683588205 -0.543895793 0.486707851
vn 0.813436731 -0.366916402 0.451323652
vn 0.204405503 -0.205864913 0.956994267
vn 0.188317837 -0.147575398 0.970957205
vn 0.265781064 -0.515031745 0.814924983
vn 0.551906598 -0.813081622 0.185195528
vn 0.413240035 -0.909886777 0.0365885988
vn 0.813217734 -0.225792252 0.536371863
vn 0.863903449 -0.252193209 0.435969512
vn 0.872057617 -0.17528884 0.456934717
vn 0.213529528 -0.193563796 0.9575689
vn 0.296722024 -0.419954212 0.857668059
vn 0.47875866 -0.847756402 0.228252555
vn 0.395535242 -0.690579521 0.605517793
vn 0.523841429 -0.810382074 0.262432947
vn 0.515848102 -0.680238657 0.52074572
vn 0.544529697 -0.778851086 0.311252943
vn 0.215727188 -0.267187039 0.939187344
vn 0.276245132 -0.955423715 0.104183259
vn 0.267778376 -0.955318483 -0.125145265
vn 0.286946763 -0.955261873 0.0716680444
vn 0.417514723 -0.907053848 -0.0541735377
vn 0.452581837 -0.890316465 -0.050062696
vn 0.402849445 -0.915218434 -0.00935647392
vn 0.621917367 -0.762758062 -0.177253851
vn 0.697177985 -0.71565288 -0.0422352059
vn 0.660408095 -0.750804658 -0.0123900588
vn 0.449335963 -0.845894849 -0.287330988
vn 0.439464157 -0.867602086 -0.23267547
vn 0.501516583 -0.834973982 -0.226494075
vn 0.673210898 -0.721983759 -0.159770265
vn 0.252713679 -0.966916797 0.0347520494
vn 0.884771651 -0.328325476 -0.330728752
vn 0.918855269 -0.189639999 -0.346037087
vn 0.864226367 -0.12449689 0.487455958
vn 0.599359255 -0.798352946 -0.0583185856
vn 0.263315464 -0.322081218 -0.909356176
vn 0.376940717 -0.734096117 -0.564817305
vn 0.203973358 -0.97894493 -0.0078544648
vn 0.442204237 -0.892265838 -0.0911980634
vn 0.361148706 -0.931834576 -0.0354391754
vn 0.110430275 -0.993820367 -0.0112353121
vn 0.312212406 -0.937135677 -0.155885013
vn 0.150149302 -0.121458257 -0.981174337
vn 0.218344142 -0.973331005 -0.070374638
vn 0.245206622 -0.96634962 -0.077731102
vn 0.466951727 -0.830083362 -0.304824044
vn 0.101128626 -0.094375384 -0.990386938
vn 0.513402372 -0.511700206 -0.688898326
vn 0.393838653 -0.541781294 -0.742538985
vn 0.324222482 -0.45729758 -0.828105492
vn 0.307760219 -0.434072714 -0.846678526
vn 0.378376382 -0.598995718 -0.705716263
vn 0.213377388 -0.233963664 -0.948541562
vn 0.323973927 -0.352704573 -0.877861253
vn 0.932961002 -0.165859823 -0.31949067
vn 0.906288791 -0.260302774 -0.33299113
vn 0.776547025 -0.5576411 -0.293276528
vn 0.73384046 -0.502428248 -0.457213336
vn 0.689055339 -0.565457348 -0.453277759
vn 0.48572355 -0.517329886 -0.704586703
vn 0.409217665 0.862449302 0.297862559
vn 0.0610189824 -0.02978992 -0.997691959
f 1//1 2//2 3//3
f 4//4 5//5 6//6
f 9//9 8//8 7//7
f 10//10 11//11 12//12
f 13//13 14//14 15//15
f 18//18 17//17 16//16
f 19//19 20//20 21//21
f 22//22 23//23 24//24
f 25//25 26//26 27//27
f 11//11 10//10 28//28
f 29//29 30//30 22//22
f 31//31 32//32 33//33
f 36//36 35//35 34//34
f 37//37 38//38 39//39
f 42//42 41//41 40//40
f 43//43 44//44 45//45
f 46//46 47//47 48//48
f 51//51 50//50 49//49
f 52//52 53//53 54//54
f 57//57 56//56 55//55
f 60//60 59//59 58//58
f 61//61 62//62 63//63
f 64//64 65//65 66//66
f 69//69 68//68 67//67
f 72//72 71//71 70//70
f 73//73 74//74 75//75
f 78//78 77//77 76//76
f 79//79 80//80 81//81
f 82//82 83//83 84//84
f 85//85 86//86 87//87
f 90//90 89//89 88//88
f 92//92 91//91 69//69
f 95//95 94//94 93//93
f 64//64 66//66 96//96
f 97//97 98//98 99//99
f 100//100 101//101 102//102
f 104//104 101//101 103//103
f 107//107 106//106 105//105
f 110//110 109//109 108//108
f 111//111 112//112 113//113
f 103//103 101//101 100//100
f 100//100 114//114 103//103
f 117//117 116//116 115//115
f 120//120 119//119 118//118
f 121//121 122//122 123//123
f 126//126 125//125 124//124
f 127//127 128//128 49//49
f 129//129 130//130 131//131
f 132//132 133//133 134//134
f 135//135 136//136 137//137
f 121//121 139//139 138//138
f 140//140 141//141 142//142
f 127//127 49//49 143//143
f 144//144 145//145 146//146
f 72//72 148//148 147//147
f 104//104 103//103 149//149
f 150//150 151//151 152//152
f 114//114 149//149 103//103
f 155//155 154//154 153//153
f 156//156 157//157 158//158
f 159//159 160//160 161//161
f 162//162 152//152 151//151
f 165//165 164//164 163//163
f 168//168 167//167 166//166
f 121//121 169//169 122//122
f 170//170 171//171 172//172
f 173//173 174//174 175//175
f 176//176 75//75 74//74
f 179//179 178//178 177//177
f 134//134 133//133 180//180
f 54//54 181//181 182//182
f 183//183 184//184 185//185
f 67//67 186//186 187//187
f 164//164 165//165 188//188
f 189//189 190//190 191//191
f 194//194 193//193 192//192
f 195//195 196//196 197//197
f 200//200 199//199 198//198
f 29//29 201//201 202//202
f 203//203 204//204 205//205
f 208//208 207//207 206//206
f 209//209 210//210 211//211
f 212//212 213//213 214//214
f 215//215 216//216 217//217
f 220//220 219//219 218//218
f 221//221 222//222 223//223
f 224//224 225//225 226//226
f 227//227 27//27 26//26
f 228//228 52//52 54//54
f 230//230 31//31 229//229
f 233//233 232//232 231//231
f 234//234 235//235 236//236
f 237//237 189//189 191//191
f 239//239 238//238 208//208
f 240//240 241//241 242//242
f 243//243 154//154 155//155
f 245//245 244//244 147//147
f 248//248 247//247 246//246
f 185//185 184//184 249//249
f 174//174 173//173 250//250
f 95//95 251//251 94//94
f 252//252 42//42 253//253
f 254//254 62//62 61//61
f 255//255 256//256 257//257
f 258//258 259//259 260//260
f 263//263 262//262 261//261
f 266//266 265//265 264//264
f 268//268 206//206 267//267
f 271//271 270//270 269//269
f 170//170 272//272 273//273
f 274//274 275//275 276//276
f 277//277 257//257 43//43
f 202//202 215//215 217//217
f 278//278 279//279 280//280
f 283//283 282//282 281//281
f 284//284 285//285 286//286
f 289//289 288//288 287//287
f 290//290 291//291 292//292
f 295//295 294//294 293//293
f 296//296 297//297 298//298
f 301//301 300//300 299//299
f 302//302 303//303 304//304
f 307//307 306//306 305//305
f 25//25 93//93 26//26
f 308//308 309//309 310//310
f 311//311 112//112 111//111
f 314//314 313//313 312//312
f 298//298 316//316 315//315
f 317//317 318//318 319//319
f 320//320 321//321 322//322
f 323//323 324//324 325//325
f 328//328 327//327 326//326
f 331//331 330//330 329//329
f 334//334 333//333 332//332
f 335//335 336//336 337//337
f 338//338 294//294 295//295
f 340//340 321//321 339//339
f 343//343 342//342 341//341
f 37//37 344//344 22//22
f 347//347 346//346 345//345
f 350//350 349//349 348//348
f 353//353 352//352 351//351
f 356//356 355//355 354//354
f 358//358 357//357 343//343
f 325//325 309//309 359//359
f 362//362 361//361 360//360
f 363//363 364//364 365//365
f 368//368 367//367 366//366
f 369//369 370//370 371//371
f 374//374 373//373 372//372
f 377//377 376//376 375//375
f 380//380 379//379 378//378
f 382//382 381//381 369//369
f 383//383 384//384 385//385
f 386//386 387//387 388//388
f 389//389 390//390 391//391
f 392//392 327//327 393//393
f 128//128 394//394 232//232
f 232//232 394//394 231//231
f 397//397 396//396 395//395
f 398//398 399//399 400//400
f 401//401 402//402 403//403
f 404//404 405//405 406//406
f 408//408 353//353 407//407
f 409//409 111//111 410//410
f 411//411 350//350 348//348
f 414//414 413//413 412//412
f 415//415 416//416 417//417
f 420//420 419//419 418//418
f 423//423 422//422 421//421
f 424//424 425//425 426//426
f 429//429 428//428 427//427
f 430//430 431//431 432//432
f 435//435 434//434 433//433
f 436//436 437//437 438//438
f 150//150 440//440 439//439
f 441//441 18//18 16//16
f 424//424 426//426 442//442
f 443//443 444//444 445//445
f 446//446 445//445 444//444
f 375//375 448//448 447//447
f 451//451 450//450 449//449
f 454//454 453//453 452//452
f 455//455 456//456 457//457
f 458//458 459//459 460//460
f 461//461 462//462 463//463
f 461//461 463//463 464//464
f 465//465 355//355 356//356
f 466//466 467//467 468//468
f 471//471 470//470 469//469
f 474//474 473//473 472//472
f 475//475 476//476 477//477
f 480//480 479//479 478//478
f 481//481 480//480 478//478
f 85//85 482//482 86//86
f 483//483 482//482 85//85
f 484//484 485//485 486//486
f 487//487 142//142 141//141
f 490//490 489//489 488//488
f 493//493 492//492 491//491
f 161//161 160//160 494//494
f 497//497 496//496 495//495
f 474//474 472//472 498//498
f 501//501 500//500 499//499
f 395//395 396//396 502//502
f 505//505 504//504 503//503
f 504//504 505//505 506//506
f 508//508 16//16 507//507
f 509//509 476//476 510//510
f 511//511 512//512 513//513
f 514//514 515//515 516//516
f 517//517 518//518 519//519
f 479//479 520//520 521//521
f 466//466 475//475 522//522
f 525//525 524//524 523//523
f 528//528 527//527 526//526
f 529//529 60//60 406//406
f 530//530 356//356 354//354
f 531//531 532//532 533//533
f 536//536 535//535 534//534
f 537//537 538//538 539//539
f 542//542 541//541 540//540
f 543//543 544//544 545//545
f 546//546 547//547 548//548
f 549//549 550//550 551//551
f 554//554 553//553 552//552
f 301//301 299//299 555//555
f 556//556 557//557 558//558
f 558//558 559//559 556//556
f 561//561 560//560 335//335
f 564//564 563//563 562//562
f 565//565 566//566 567//567
f 570//570 569//569 568//568
f 572//572 571//571 39//39
f 39//39 571//571 573//573
f 574//574 575//575 576//576
f 579//579 578//578 577//577
f 580//580 581//581 36//36
f 582//582 281//281 282//282
f 583//583 584//584 585//585
f 55//55 56//56 37//37
f 386//386 586//586 387//387
f 588//588 587//587 44//44
f 589//589 28//28 37//37
f 592//592 591//591 590//590
f 545//545 544//544 593//593
f 593//593 594//594 545//545
f 595//595 596//596 597//597
f 600//600 599//599 598//598
f 601//601 314//314 303//303
f 602//602 603//603 604//604
f 44//44 587//587 45//45
f 605//605 291//291 290//290
f 606//606 607//607 608//608
f 609//609 575//575 63//63
f 612//612 611//611 610//610
f 613//613 614//614 615//615
f 616//616 617//617 618//618
f 619//619 587//587 562//562
f 622//622 621//621 620//620
f 56//56 623//623 37//37
f 624//624 569//569 570//570
f 326//326 626//626 625//625
f 549//549 627//627 628//628
f 629//629 628//628 627//627
f 631//631 45//45 630//630
f 632//632 633//633 634//634
f 263//263 635//635 262//262
f 239//239 208//208 206//206
f 206//206 636//636 637//637
f 638//638 639//639 27//27
f 128//128 232//232 49//49
f 49//49 232//232 51//51
f 208//208 238//238 251//251
f 636//636 640//640 637//637
f 297//297 296//296 284//284
f 641//641 251//251 95//95
f 344//344 623//623 642//642
f 588//588 44//44 57//57
f 564//564 588//588 57//57
f 50//50 643//643 644//644
f 562//562 588//588 564//564
f 647//647 646//646 645//645
f 648//648 647//647 645//645
f 576//576 649//649 574//574
f 650//650 277//277 631//631
f 653//653 652//652 651//651
f 643//643 654//654 644//644
f 657//657 656//656 655//655
f 95//95 658//658 641//641
f 650//650 631//631 659//659
f 267//267 650//650 659//659
f 662//662 661//661 660//660
f 663//663 651//651 664//664
f 652//652 13//13 665//665
f 45//45 631//631 277//277
f 667//667 666//666 65//65
f 640//640 669//669 668//668
f 23//23 65//65 666//666
f 630//630 587//587 619//619
f 670//670 12//12 11//11
f 670//670 671//671 672//672
f 277//277 43//43 45//45
f 647//647 64//64 646//646
f 23//23 344//344 642//642
f 127//127 143//143 673//673
f 674//674 307//307 305//305
f 667//667 65//65 64//64
f 310//310 675//675 308//308
f 571//571 577//577 578//578
f 28//28 38//38 37//37
f 678//678 677//677 676//676
f 1//1 219//219 220//220
f 251//251 238//238 94//94
f 62//62 254//254 238//238
f 638//638 27//27 227//227
f 92//92 679//679 91//91
f 680//680 681//681 649//649
f 39//39 682//682 572//572
f 254//254 26//26 93//93
f 685//685 684//684 683//683
f 688//688 687//687 686//686
f 638//638 227//227 237//237
f 689//689 620//620 690//690
f 573//573 691//691 598//598
f 573//573 692//692 39//39
f 680//680 301//301 555//555
f 693//693 694//694 695//695
f 22//22 344//344 23//23
f 696//696 697//697 698//698
f 699//699 190//190 189//189
f 702//702 701//701 700//700
f 239//239 206//206 268//268
f 703//703 239//239 268//268
f 704//704 705//705 706//706
f 20//20 19//19 82//82
f 238//238 707//707 62//62
f 63//63 575//575 574//574
f 710//710 709//709 708//708
f 695//695 190//190 699//699
f 712//712 711//711 298//298
f 715//715 714//714 713//713
f 716//716 717//717 718//718
f 719//719 720//720 721//721
f 704//704 706//706 717//717
f 574//574 695//695 722//722
f 723//723 82//82 19//19
f 721//721 579//579 719//719
f 682//682 577//577 572//572
f 38//38 577//577 682//682
f 579//579 21//21 578//578
f 724//724 725//725 77//77
f 578//578 21//21 20//20
f 20//20 571//571 578//578
f 316//316 298//298 726//726
f 727//727 586//586 386//386
f 730//730 729//729 728//728
f 704//704 731//731 685//685
f 705//705 704//704 685//685
f 717//717 714//714 704//704
f 732//732 733//733 734//734
f 714//714 717//717 716//716
f 737//737 736//736 735//735
f 600//600 717//717 705//705
f 555//555 681//681 680//680
f 738//738 681//681 555//555
f 320//320 322//322 739//739
f 714//714 715//715 704//704
f 697//697 741//741 740//740
f 239//239 707//707 238//238
f 742//742 648//648 645//645
f 745//745 744//744 743//743
f 746//746 747//747 281//281
f 737//737 735//735 748//748
f 737//737 748//748 749//749
f 260//260 724//724 258//258
f 752//752 751//751 750//750
f 755//755 754//754 753//753
f 674//674 756//756 307//307
f 758//758 757//757 144//144
f 274//274 759//759 260//260
f 760//760 485//485 484//484
f 761//761 762//762 763//763
f 765//765 90//90 764//764
f 768//768 767//767 766//766
f 768//768 769//769 767//767
f 770//770 771//771 736//736
f 42//42 40//40 772//772
f 773//773 275//275 260//260
f 776//776 775//775 774//774
f 777//777 775//775 776//776
f 721//721 21//21 579//579
f 748//748 779//779 778//778
f 780//780 781//781 782//782
f 748//748 778//778 749//749
f 783//783 784//784 785//785
f 785//785 786//786 783//783
f 786//786 787//787 78//78
f 789//789 788//788 696//696
f 782//782 781//781 790//790
f 793//793 792//792 791//791
f 794//794 620//620 689//689
f 24//24 795//795 22//22
f 690//690 620//620 796//796
f 798//798 773//773 797//797
f 275//275 773//773 798//798
f 275//275 274//274 260//260
f 799//799 782//782 689//689
f 802//802 801//801 800//800
f 67//67 803//803 186//186
f 806//806 805//805 804//804
f 583//583 664//664 646//646
f 237//237 191//191 807//807
f 808//808 809//809 224//224
f 232//232 233//233 51//51
f 730//730 728//728 810//810
f 813//813 812//812 811//811
f 815//815 814//814 276//276
f 816//816 224//224 817//817
f 233//233 171//171 51//51
f 818//818 819//819 820//820
f 730//730 792//792 729//729
f 823//823 822//822 821//821
f 14//14 273//273 15//15
f 825//825 824//824 290//290
f 57//57 44//44 826//826
f 394//394 827//827 791//791
f 226//226 817//817 224//224
f 75//75 176//176 828//828
f 829//829 830//830 831//831
f 621//621 796//796 620//620
f 793//793 794//794 729//729
f 815//815 798//798 832//832
f 833//833 834//834 835//835
f 40//40 836//836 809//809
f 837//837 838//838 839//839
f 840//840 841//841 248//248
f 842//842 133//133 132//132
f 844//844 843//843 634//634
f 672//672 846//846 845//845
f 225//225 836//836 847//847
f 850//850 849//849 848//848
f 851//851 852//852 853//853
f 854//854 852//852 837//837
f 855//855 847//847 853//853
f 225//225 847//847 855//855
f 127//127 673//673 25//25
f 263//263 825//825 856//856
f 857//857 858//858 859//859
f 233//233 231//231 860//860
f 861//861 862//862 863//863
f 864//864 814//814 865//865
f 763//763 762//762 818//818
f 868//868 867//867 866//866
f 259//259 773//773 260//260
f 40//40 819//819 772//772
f 869//869 499//499 500//500
f 870//870 871//871 855//855
f 872//872 134//134 180//180
f 873//873 828//828 176//176
f 252//252 253//253 874//874
f 874//874 875//875 252//252
f 876//876 796//796 777//777
f 729//729 877//877 728//728
f 864//864 877//877 790//790
f 877//877 878//878 728//728
f 763//763 864//864 865//865
f 865//865 761//761 763//763
f 864//864 763//763 877//877
f 860//860 231//231 879//879
f 879//879 231//231 792//792
f 180//180 880//880 874//874
f 780//780 782//782 799//799
f 276//276 780//780 881//881
f 881//881 274//274 276//276
f 793//793 729//729 792//792
f 796//796 876//876 690//690
f 882//882 773//773 259//259
f 884//884 883//883 252//252
f 252//252 883//883 42//42
f 41//41 885//885 851//851
f 772//772 886//886 253//253
f 772//772 253//253 42//42
f 874//874 253//253 887//887
f 882//882 797//797 773//773
f 890//890 889//889 888//888
f 844//844 891//891 843//843
f 893//893 892//892 822//822
f 781//781 814//814 864//864
f 780//780 814//814 781//781
f 894//894 832//832 798//798
f 798//798 797//797 894//894
f 895//895 837//837 852//852
f 758//758 144//144 896//896
f 899//899 898//898 897//897
f 900//900 757//757 758//758
f 900//900 758//758 891//891
f 72//72 147//147 901//901
f 72//72 901//901 902//902
f 905//905 904//904 903//903
f 906//906 907//907 908//908
f 909//909 365//365 9//9
f 912//912 911//911 910//910
f 914//914 913//913 97//97
f 913//913 914//914 144//144
f 144//144 914//914 145//145
f 632//632 915//915 916//916
f 917//917 918//918 52//52
f 921//921 920//920 919//919
f 924//924 923//923 922//922
f 927//927 926//926 925//925
f 771//771 770//770 928//928
f 927//927 925//925 294//294
f 931//931 930//930 929//929
f 932//932 500//500 501//501
f 914//914 933//933 145//145
f 99//99 933//933 914//914
f 891//891 934//934 900//900
f 935//935 936//936 937//937
f 940//940 939//939 938//938
f 941//941 942//942 943//943
f 946//946 945//945 944//944
f 869//869 491//491 492//492
f 257//257 826//826 43//43
f 949//949 948//948 947//947
f 950//950 98//98 951//951
f 952//952 953//953 904//904
f 904//904 905//905 952//952
f 954//954 955//955 956//956
f 99//99 914//914 97//97
f 951//951 813//813 950//950
f 957//957 813//813 951//951
f 925//925 904//904 953//953
f 959//959 957//957 958//958
f 925//925 926//926 960//960
f 959//959 960//960 926//926
f 786//786 68//68 800//800
f 91//91 68//68 69//69
f 68//68 91//91 800//800
f 929//929 186//186 931//931
f 293//293 961//961 295//295
f 962//962 963//963 964//964
f 967//967 966//966 965//965
f 737//737 749//749 968//968
f 971//971 970//970 969//969
f 974//974 973//973 972//972
f 975//975 976//976 977//977
f 957//957 951//951 958//958
f 960//960 904//904 925//925
f 913//913 144//144 757//757
f 903//903 958//958 951//951
f 661//661 978//978 660//660
f 979//979 33//33 32//32
f 979//979 32//32 980//980
f 981//981 897//897 99//99
f 99//99 897//897 933//933
f 982//982 983//983 984//984
f 987//987 986//986 985//985
f 990//990 989//989 988//988
f 151//151 150//150 439//439
f 463//463 991//991 464//464
f 994//994 993//993 992//992
f 995//995 464//464 923//923
f 923//923 464//464 991//991
f 996//996 997//997 101//101
f 923//923 493//493 995//995
f 415//415 998//998 999//999
f 85//85 1000//1000 1001//1001
f 1004//1004 1003//1003 1002//1002
f 149//149 1005//1005 104//104
f 155//155 153//153 944//944
f 151//151 1007//1007 1006//1006
f 1010//1010 1009//1009 1008//1008
f 8//8 1011//1011 7//7
f 247//247 248//248 841//841
f 1012//1012 439//439 440//440
f 997//997 102//102 101//101
f 493//493 923//923 492//492
f 1013//1013 1014//1014 898//898
f 183//183 1015//1015 195//195
f 1016//1016 1017//1017 1018//1018
f 1019//1019 1020//1020 1021//1021
f 1022//1022 1023//1023 1024//1024
f 81//81 80//80 450//450
f 1025//1025 967//967 1026//1026
f 960//960 959//959 958//958
f 183//183 195//195 184//184
f 144//144 146//146 896//896
f 1029//1029 1028//1028 1027//1027
f 1030//1030 1031//1031 868//868
f 131//131 1033//1033 1032//1032
f 1032//1032 129//129 131//131
f 1036//1036 1035//1035 1034//1034
f 1038//1038 1037//1037 451//451
f 1005//1005 996//996 104//104
f 243//243 155//155 1003//1003
f 1039//1039 1035//1035 1036//1036
f 1034//1034 7//7 1040//1040
f 1040//1040 7//7 1011//1011
f 9//9 7//7 1041//1041
f 492//492 923//923 924//924
f 90//90 765//765 89//89
f 1003//1003 155//155 1002//1002
f 1044//1044 1043//1043 1042//1042
f 8//8 364//364 1011//1011
f 1045//1045 1046//1046 1047//1047
f 1048//1048 80//80 79//79
f 974//974 1050//1050 1049//1049
f 246//246 247//247 1051//1051
f 1052//1052 1053//1053 1054//1054
f 1055//1055 469//469 999//999
f 1058//1058 1057//1057 1056//1056
f 1051//1051 88//88 89//89
f 1061//1061 1060//1060 1059//1059
f 1063//1063 841//841 1062//1062
f 1062//1062 1064//1064 1063//1063
f 1065//1065 1066//1066 1067//1067
f 976//976 1025//1025 1026//1026
f 1061//1061 1068//1068 1069//1069
f 1070//1070 1051//1051 247//247
f 1062//1062 1071//1071 1072//1072
f 1073//1073 1074//1074 1075//1075
f 918//918 1017//1017 1076//1076
f 1077//1077 996//996 966//966
f 1079//1079 174//174 1078//1078
f 1080//1080 1081//1081 1082//1082
f 1080//1080 1082//1082 1064//1064
f 965//965 1083//1083 1084//1084
f 965//965 1084//1084 967//967
f 1085//1085 1086//1086 1087//1087
f 1090//1090 1089//1089 1088//1088
f 996//996 965//965 966//966
f 765//765 1091//1091 168//168
f 765//765 168//168 89//89
f 1092//1092 250//250 911//911
f 1072//1072 1093//1093 1080//1080
f 156//156 158//158 1094//1094
f 1080//1080 1064//1064 1072//1072
f 487//487 1095//1095 142//142
f 1096//1096 451//451 1037//1037
f 1097//1097 1098//1098 1099//1099
f 1100//1100 1101//1101 1102//1102
f 1103//1103 1095//1095 1104//1104
f 977//977 1105//1105 975//975
f 1026//1026 1106//1106 976//976
f 1107//1107 1089//1089 1090//1090
f 1108//1108 1107//1107 1090//1090
f 451//451 1096//1096 1109//1109
f 1110//1110 486//486 1111//1111
f 996//996 101//101 104//104
f 1113//1113 1045//1045 1112//1112
f 451//451 81//81 450//450
f 1081//1081 1115//1115 1114//1114
f 1109//1109 81//81 451//451
f 1045//1045 1047//1047 1116//1116
f 1085//1085 1117//1117 1118//1118
f 1085//1085 1118//1118 1119//1119
f 1120//1120 1118//1118 1117//1117
f 1123//1123 1122//1122 1121//1121
f 1122//1122 1123//1123 1011//1011
f 975//975 1124//1124 976//976
f 986//986 1123//1123 1121//1121
f 1025//1025 976//976 1124//1124
f 482//482 1125//1125 1126//1126
f 483//483 1125//1125 482//482
f 1127//1127 1125//1125 483//483
f 1128//1128 1129//1129 1130//1130
f 365//365 8//8 9//9
f 364//364 1122//1122 1011//1011
f 1133//1133 1132//1132 1131//1131
f 975//975 764//764 1124//1124
f 1134//1134 154//154 243//243
f 921//921 74//74 73//73
f 79//79 1109//1109 1111//1111
f 988//988 989//989 1135//1135
f 985//985 1036//1036 1034//1034
f 1023//1023 1136//1136 1137//1137
f 1138//1138 1136//1136 1023//1023
f 1048//1048 989//989 972//972
f 79//79 81//81 1109//1109
f 972//972 989//989 990//990
f 1048//1048 972//972 973//973
f 1140//1140 1139//1139 461//461
f 1143//1143 1142//1142 1141//1141
f 1144//1144 1145//1145 1146//1146
f 1149//1149 1148//1148 1147//1147
f 147//147 1150//1150 901//901
f 1012//1012 1067//1067 1086//1086
f 973//973 450//450 80//80
f 973//973 80//80 1048//1048
f 1049//1049 1152//1152 1151//1151
f 236//236 1154//1154 1153//1153
f 1155//1155 440//440 150//150
f 182//182 1156//1156 1116//1116
f 1087//1087 1086//1086 1067//1067
f 1159//1159 1158//1158 1157//1157
f 1162//1162 1161//1161 1160//1160
f 1164//1164 1152//1152 1163//1163
f 1165//1165 1087//1087 1067//1067
f 1165//1165 1067//1067 1066//1066
f 1160//1160 1132//1132 162//162
f 1168//1168 1167//1167 1166//1166
f 181//181 130//130 182//182
f 131//131 130//130 181//181
f 1169//1169 1067//1067 1012//1012
f 1088//1088 1089//1089 145//145
f 1170//1170 158//158 1171//1171
f 1172//1172 234//234 1173//1173
f 1116//1116 54//54 182//182
f 1174//1174 228//228 54//54
f 1116//1116 1174//1174 54//54
f 1116//1116 1047//1047 1174//1174
f 1037//1037 1084//1084 1083//1083
f 1093//1093 1072//1072 1018//1018
f 1093//1093 1018//1018 1175//1175
f 1176//1176 907//907 906//906
f 906//906 1114//1114 1176//1176
f 152//152 162//162 1132//1132
f 152//152 1132//1132 1133//1133
f 157//157 1178//1178 1177//1177
f 1108//1108 130//130 129//129
f 1072//1072 1064//1064 1062//1062
f 1088//1088 1113//1113 1090//1090
f 1181//1181 1180//1180 1179//1179
f 151//151 1006//1006 162//162
f 1022//1022 1024//1024 1182//1182
f 1185//1185 1184//1184 1183//1183
f 907//907 1174//1174 1047//1047
f 1176//1176 228//228 1174//1174
f 1007//1007 1012//1012 1086//1086
f 439//439 1012//1012 1007//1007
f 1175//1175 917//917 1186//1186
f 962//962 812//812 963//963
f 1077//1077 1187//1187 1137//1137
f 908//908 1046//1046 1188//1188
f 897//897 1014//1014 933//933
f 898//898 1014//1014 897//897
f 1089//1089 1107//1107 146//146
f 145//145 1089//1089 146//146
f 125//125 1189//1189 124//124
f 634//634 633//633 842//842
f 54//54 53//53 181//181
f 129//129 1190//1190 1107//1107
f 129//129 1107//1107 1108//1108
f 866//866 1191//1191 916//916
f 811//811 812//812 962//962
f 1193//1193 829//829 1192//1192
f 829//829 1193//1193 830//830
f 679//679 92//92 934//934
f 903//903 98//98 913//913
f 242//242 867//867 868//868
f 1196//1196 1195//1195 1194//1194
f 99//99 98//98 950//950
f 97//97 913//913 98//98
f 813//813 811//811 950//950
f 981//981 950//950 811//811
f 950//950 981//981 99//99
f 908//908 1188//1188 906//906
f 1186//1186 1176//1176 1197//1197
f 1186//1186 228//228 1176//1176
f 1114//1114 1197//1197 1176//1176
f 1198//1198 181//181 53//53
f 918//918 1194//1194 52//52
f 1194//1194 1195//1195 53//53
f 1194//1194 53//53 52//52
f 902//902 1152//1152 1164//1164
f 830//830 1199//1199 831//831
f 916//916 633//633 632//632
f 242//242 868//868 1031//1031
f 242//242 1031//1031 1200//1200
f 1203//1203 1202//1202 1201//1201
f 118//118 1204//1204 226//226
f 1205//1205 839//839 838//838
f 837//837 839//839 854//854
f 831//831 1206//1206 916//916
f 916//916 915//915 831//831
f 922//922 945//945 924//924
f 1207//1207 1208//1208 1209//1209
f 873//873 176//176 1210//1210
f 873//873 1210//1210 1198//1198
f 1211//1211 1212//1212 1155//1155
f 1211//1211 1155//1155 1114//1114
f 980//980 1205//1205 838//838
f 247//247 841//841 1063//1063
f 41//41 836//836 40//40
f 1215//1215 1214//1214 1213//1213
f 1213//1213 1216//1216 1215//1215
f 837//837 1217//1217 1218//1218
f 1219//1219 74//74 919//919
f 919//919 1220//1220 1219//1219
f 89//89 246//246 1051//1051
f 240//240 1217//1217 895//895
f 906//906 1211//1211 1114//1114
f 1018//1018 1017//1017 1175//1175
f 1115//1115 1197//1197 1114//1114
f 1195//1195 1221//1221 873//873
f 1221//1221 1195//1195 1196//1196
f 52//52 1186//1186 917//917
f 1223//1223 1222//1222 184//184
f 1224//1224 1225//1225 1226//1226
f 918//918 917//917 1017//1017
f 133//133 633//633 880//880
f 1186//1186 52//52 228//228
f 1227//1227 1171//1171 1228//1228
f 51//51 171//171 170//170
f 1015//1015 196//196 195//195
f 1229//1229 1201//1201 1202//1202
f 1232//1232 1231//1231 1230//1230
f 1019//1019 1021//1021 1233//1233
f 1222//1222 1234//1234 1235//1235
f 1238//1238 1237//1237 1236//1236
f 1163//1163 1152//1152 1049//1049
f 1163//1163 1049//1049 1239//1239
f 1240//1240 1241//1241 1031//1031
f 1243//1243 849//849 1242//1242
f 791//791 622//622 793//793
f 1244//1244 1148//1148 1149//1149
f 119//119 1204//1204 118//118
f 1247//1247 1246//1246 1245//1245
f 1248//1248 1249//1249 1250//1250
f 1253//1253 1252//1252 1251//1251
f 1256//1256 1255//1255 1254//1254
f 1255//1255 1256//1256 1257//1257
f 110//110 249//249 109//109
f 1259//1259 1068//1068 1258//1258
f 1050//1050 1147//1147 1049//1049
f 1085//1085 1119//1119 1260//1260
f 1085//1085 1260//1260 1086//1086
f 1263//1263 1262//1262 1261//1261
f 912//912 1265//1265 1264//1264
f 1266//1266 1267//1267 1268//1268
f 235//235 1269//1269 236//236
f 47//47 1270//1270 48//48
f 1177//1177 1171//1171 157//157
f 919//919 1271//1271 1220//1220
f 70//70 1273//1273 1272//1272
f 1266//1266 1172//1172 1173//1173
f 1268//1268 1172//1172 1266//1266
f 1248//1248 1250//1250 1274//1274
f 1275//1275 1246//1246 1276//1276
f 1278//1278 900//900 1277//1277
f 1281//1281 1280//1280 1279//1279
f 1283//1283 1282//1282 1054//1054
f 1284//1284 1285//1285 47//47
f 1287//1287 1286//1286 1270//1270
f 1179//1179 1288//1288 1249//1249
f 1290//1290 1287//1287 1289//1289
f 1289//1289 1225//1225 1290//1290
f 1292//1292 1291//1291 1274//1274
f 46//46 1284//1284 47//47
f 1293//1293 1286//1286 1267//1267
f 48//48 1294//1294 46//46
f 1295//1295 1231//1231 1060//1060
f 236//236 1297//1297 1296//1296
f 1298//1298 1299//1299 1300//1300
f 1301//1301 1071//1071 1062//1062
f 1184//1184 1185//1185 1302//1302
f 868//868 1199//1199 1030//1030
f 1304//1304 1226//1226 1303//1303
f 1226//1226 1304//1304 1224//1224
f 1253//1253 1251//1251 1249//1249
f 1249//1249 1251//1251 1250//1250
f 1304//1304 1305//1305 1224//1224
f 1199//1199 1306//1306 1030//1030
f 830//830 1306//1306 1199//1199
f 913//913 1307//1307 903//903
f 903//903 1307//1307 905//905
f 1310//1310 1309//1309 1308//1308
f 1311//1311 1305//1305 1304//1304
f 1314//1314 1313//1313 1312//1312
f 1210//1210 1219//1219 1033//1033
f 1315//1315 1104//1104 1316//1316
f 1311//1311 1303//1303 1317//1317
f 1269//1269 235//235 910//910
f 1320//1320 1319//1319 1318//1318
f 169//169 121//121 138//138
f 1304//1304 1303//1303 1311//1311
f 1201//1201 1322//1322 1321//1321
f 1321//1321 1203//1203 1201//1201
f 1183//1183 1323//1323 1324//1324
f 261//261 1326//1326 1325//1325
f 1183//1183 1305//1305 1311//1311
f 1185//1185 1183//1183 115//115
f 1311//1311 115//115 1183//1183
f 1327//1327 1328//1328 347//347
f 1329//1329 1094//1094 1330//1330
f 110//110 185//185 249//249
f 1331//1331 1101//1101 1053//1053
f 1226//1226 1291//1291 1303//1303
f 1332//1332 1285//1285 1284//1284
f 1171//1171 158//158 157//157
f 166//166 167//167 1098//1098
f 1333//1333 1334//1334 1300//1300
f 1258//1258 1253//1253 1288//1288
f 1288//1288 1259//1259 1258//1258
f 1336//1336 1329//1329 1335//1335
f 1103//1103 1336//1336 1335//1335
f 1270//1270 1285//1285 1289//1289
f 1339//1339 1338//1338 1337//1337
f 1228//1228 863//863 1340//1340
f 1341//1341 1312//1312 1342//1342
f 1019//1019 1344//1344 1343//1343
f 1289//1289 1285//1285 1345//1345
f 1346//1346 1347//1347 1148//1148
f 1348//1348 199//199 200//200
f 1183//1183 1324//1324 1305//1305
f 1349//1349 156//156 1094//1094
f 1350//1350 666//666 667//667
f 1352//1352 1351//1351 1201//1201
f 1101//1101 1100//1100 1053//1053
f 1354//1354 1353//1353 192//192
f 1356//1356 117//117 1355//1355
f 1102//1102 1097//1097 1099//1099
f 1346//1346 1357//1357 1283//1283
f 1358//1358 1359//1359 1360//1360
f 71//71 1362//1362 1361//1361
f 1363//1363 71//71 1361//1361
f 1301//1301 1062//1062 841//841
f 1070//1070 1131//1131 1132//1132
f 1063//1063 1131//1131 1070//1070
f 1097//1097 1353//1353 1364//1364
f 1071//1071 1365//1365 1018//1018
f 1016//1016 1365//1365 1366//1366
f 1018//1018 1365//1365 1016//1016
f 192//192 1102//1102 194//194
f 1272//1272 1273//1273 167//167
f 1071//1071 1367//1367 1365//1365
f 1071//1071 1301//1301 1367//1367
f 1365//1365 1367//1367 1368//1368
f 1371//1371 1370//1370 1369//1369
f 142//142 1095//1095 1103//1103
f 142//142 1103//1103 1335//1335
f 1214//1214 1066//1066 1213//1213
f 1331//1331 1053//1053 1052//1052
f 1065//1065 1067//1067 1169//1169
f 1372//1372 90//90 88//88
f 6//6 1373//1373 164//164
f 1375//1375 1374//1374 1244//1244
f 1160//1160 1161//1161 88//88
f 1155//1155 150//150 1082//1082
f 983//983 1377//1377 1376//1376
f 1378//1378 154//154 1134//1134
f 153//153 154//154 1378//1378
f 1379//1379 1380//1380 1381//1381
f 1383//1383 1368//1368 1382//1382
f 193//193 1383//1383 1382//1382
f 1147//1147 1347//1347 1239//1239
f 1024//1024 1023//1023 1187//1187
f 1170//1170 1094//1094 158//158
f 1330//1330 1094//1094 1170//1170
f 1346//1346 1148//1148 1357//1357
f 1158//1158 1384//1384 1385//1385
f 415//415 470//470 416//416
f 1388//1388 1387//1387 1386//1386
f 1389//1389 1390//1390 1391//1391
f 1391//1391 1392//1392 1389//1389
f 1394//1394 1381//1381 1393//1393
f 1052//1052 1282//1282 1395//1395
f 1395//1395 1396//1396 1052//1052
f 1331//1331 194//194 1101//1101
f 212//212 1397//1397 1398//1398
f 1395//1395 1399//1399 1396//1396
f 1400//1400 1171//1171 1401//1401
f 140//140 142//142 1335//1335
f 1141//1141 140//140 1335//1335
f 1402//1402 1170//1170 1227//1227
f 1315//1315 1314//1314 1312//1312
f 1239//1239 1347//1347 1403//1403
f 1339//1339 1337//1337 1054//1054
f 1227//1227 1170//1170 1171//1171
f 1404//1404 1309//1309 1405//1405
f 1283//1283 1357//1357 1406//1406
f 109//109 46//46 108//108
f 384//384 1399//1399 1407//1407
f 1407//1407 1395//1395 1406//1406
f 1408//1408 1407//1407 1357//1357
f 1357//1357 1407//1407 1406//1406
f 197//197 125//125 1409//1409
f 1409//1409 195//195 197//197
f 383//383 385//385 1410//1410
f 1181//1181 1411//1411 1180//1180
f 124//124 1413//1413 1412//1412
f 139//139 1414//1414 383//383
f 140//140 1415//1415 141//141
f 1415//1415 140//140 1142//1142
f 1142//1142 140//140 1141//1141
f 1401//1401 1171//1171 1177//1177
f 1076//1076 1017//1017 1016//1016
f 1416//1416 831//831 915//915
f 861//861 1076//1076 862//862
f 4//4 6//6 1417//1417
f 1418//1418 1188//1188 1046//1046
f 1262//1262 1419//1419 1261//1261
f 139//139 121//121 1420//1420
f 139//139 1421//1421 1415//1415
f 1420//1420 1421//1421 139//139
f 1423//1423 1374//1374 1422//1422
f 139//139 1415//1415 1414//1414
f 1422//1422 1375//1375 1390//1390
f 1422//1422 1374//1374 1375//1375
f 1417//1417 6//6 1424//1424
f 1426//1426 1380//1380 1425//1425
f 1245//1245 1246//1246 1275//1275
f 188//188 1428//1428 1427//1427
f 1427//1427 1424//1424 188//188
f 1388//1388 1429//1429 1387//1387
f 123//123 122//122 1430//1430
f 1431//1431 943//943 1388//1388
f 1432//1432 1433//1433 1434//1434
f 910//910 235//235 1172//1172
f 1433//1433 1436//1436 1435//1435
f 1377//1377 1438//1438 1437//1437
f 1438//1438 1439//1439 1437//1437
f 198//198 1432//1432 1440//1440
f 1440//1440 200//200 198//198
f 1359//1359 1442//1442 1441//1441
f 941//941 1443//1443 942//942
f 1437//1437 1439//1439 1440//1440
f 1446//1446 1445//1445 1444//1444
f 1300//1300 1299//1299 1447//1447
f 6//6 188//188 1424//1424
f 1449//1449 1419//1419 1448//1448
f 1451//1451 1450//1450 1069//1069
f 198//198 1433//1433 1432//1432
f 1377//1377 1434//1434 1433//1433
f 1453//1453 178//178 1452//1452
f 1388//1388 1386//1386 1433//1433
f 1454//1454 1455//1455 1456//1456
f 1459//1459 1458//1458 1457//1457
f 1460//1460 1461//1461 1462//1462
f 1463//1463 1464//1464 1465//1465
f 1462//1462 1433//1433 1386//1386
f 1461//1461 1466//1466 1462//1462
f 1467//1467 1468//1468 1469//1469
f 1438//1438 1470//1470 1439//1439
f 5//5 1430//1430 1373//1373
f 197//197 1471//1471 1472//1472
f 1348//1348 1426//1426 1473//1473
f 1474//1474 1475//1475 175//175
f 1462//1462 1466//1466 1433//1433
f 951//951 98//98 903//903
f 1478//1478 1477//1477 1476//1476
f 1479//1479 204//204 203//203
f 1480//1480 1376//1376 1478//1478
f 1481//1481 1482//1482 1483//1483
f 1444//1444 1473//1473 1426//1426
f 345//345 1369//1369 1370//1370
f 1327//1327 984//984 1328//1328
f 1484//1484 1485//1485 1466//1466
f 869//869 924//924 945//945
f 492//492 924//924 869//869
f 1357//1357 1148//1148 1244//1244
f 1086//1086 1260//1260 1007//1007
f 89//89 1486//1486 246//246
f 168//168 1486//1486 89//89
f 1013//1013 1418//1418 1046//1046
f 908//908 1047//1047 1046//1046
f 907//907 1047//1047 908//908
f 1489//1489 1488//1488 1487//1487
f 1427//1427 940//940 1424//1424
f 136//136 138//138 1410//1410
f 1439//1439 200//200 1440//1440
f 1420//1420 1491//1491 1490//1490
f 1490//1490 1492//1492 1420//1420
f 163//163 1494//1494 1493//1493
f 1495//1495 1455//1455 1454//1454
f 1496//1496 1354//1354 193//193
f 1461//1461 1460//1460 1497//1497
f 697//697 696//696 1498//1498
f 1499//1499 1207//1207 1500//1500
f 1501//1501 1502//1502 1481//1481
f 1222//1222 1223//1223 1411//1411
f 1181//1181 1222//1222 1411//1411
f 1446//1446 1444//1444 1388//1388
f 1503//1503 1504//1504 1505//1505
f 1506//1506 1507//1507 1508//1508
f 1466//1466 1461//1461 1484//1484
f 1501//1501 1328//1328 984//984
f 1509//1509 1469//1469 1468//1468
f 1510//1510 1511//1511 1512//1512
f 236//236 1296//1296 1472//1472
f 1513//1513 1276//1276 1514//1514
f 984//984 983//983 1501//1501
f 1515//1515 1324//1324 1323//1323
f 1512//1512 1511//1511 1516//1516
f 1519//1519 1518//1518 1517//1517
f 1522//1522 1521//1521 1520//1520
f 1369//1369 1508//1508 1523//1523
f 1369//1369 1523//1523 1470//1470
f 1524//1524 1525//1525 1526//1526
f 234//234 1172//1172 235//235
f 1216//1216 1527//1527 1215//1215
f 1011//1011 987//987 1040//1040
f 153//153 963//963 944//944
f 1528//1528 1529//1529 1530//1530
f 962//962 1527//1527 899//899
f 964//964 1527//1527 962//962
f 1531//1531 1532//1532 1144//1144
f 903//903 904//904 958//958
f 1392//1392 165//165 163//163
f 163//163 1493//1493 1392//1392
f 911//911 912//912 1092//1092
f 1323//1323 1441//1441 1515//1515
f 1388//1388 1444//1444 1533//1533
f 1515//1515 1535//1535 1534//1534
f 1534//1534 1290//1290 1515//1515
f 123//123 1393//1393 1536//1536
f 123//123 1536//1536 1420//1420
f 1537//1537 1538//1538 1539//1539
f 5//5 4//4 1540//1540
f 1542//1542 889//889 1541//1541
f 899//899 1527//1527 1216//1216
f 1216//1216 898//898 899//899
f 1211//1211 1188//1188 1212//1212
f 1368//1368 1543//1543 1340//1340
f 1194//1194 918//918 1544//1544
f 1261//1261 1545//1545 1263//1263
f 1294//1294 1293//1293 1153//1153
f 136//136 1494//1494 1546//1546
f 109//109 1284//1284 46//46
f 1547//1547 1548//1548 1549//1549
f 1324//1324 1515//1515 1290//1290
f 1311//1311 1317//1317 1550//1550
f 1311//1311 1550//1550 115//115
f 1550//1550 1351//1351 115//115
f 1332//1332 1274//1274 1285//1285
f 1345//1345 1285//1285 1274//1274
f 1551//1551 1172//1172 1268//1268
f 1552//1552 1154//1154 236//236
f 1553//1553 1397//1397 212//212
f 1472//1472 1296//1296 197//197
f 197//197 1189//1189 125//125
f 1442//1442 1078//1078 1554//1554
f 194//194 1415//1415 193//193
f 1153//1153 1555//1555 236//236
f 1541//1541 889//889 1556//1556
f 156//156 1178//1178 157//157
f 1444//1444 1425//1425 1533//1533
f 910//910 911//911 1310//1310
f 1286//1286 48//48 1270//1270
f 1471//1471 197//197 196//196
f 45//45 587//587 630//630
f 1558//1558 1557//1557 1404//1404
f 1442//1442 1554//1554 1441//1441
f 1154//1154 1015//1015 1559//1559
f 183//183 185//185 1559//1559
f 47//47 1285//1285 1270//1270
f 1560//1560 1561//1561 1299//1299
f 1562//1562 1284//1284 109//109
f 1562//1562 109//109 1563//1563
f 1293//1293 1555//1555 1153//1153
f 1267//1267 1555//1555 1293//1293
f 1566//1566 1565//1565 1564//1564
f 1015//1015 1552//1552 196//196
f 1535//1535 1554//1554 1264//1264
f 1015//1015 1154//1154 1552//1552
f 1555//1555 1267//1267 1266//1266
f 1180//1180 1288//1288 1179//1179
f 1568//1568 1209//1209 1567//1567
f 1222//1222 1181//1181 1234//1234
f 1351//1351 1322//1322 1201//1201
f 1189//1189 1549//1549 124//124
f 183//183 1559//1559 1015//1015
f 1317//1317 1569//1569 1499//1499
f 1569//1569 1208//1208 1499//1499
f 1570//1570 1167//1167 1185//1185
f 1020//1020 1019//1019 1343//1343
f 1020//1020 1177//1177 1178//1178
f 1177//1177 1020//1020 1343//1343
f 1208//1208 1571//1571 1209//1209
f 1297//1297 1572//1572 1573//1573
f 1576//1576 1575//1575 1574//1574
f 185//185 110//110 1559//1559
f 1559//1559 110//110 108//108
f 1286//1286 1577//1577 1267//1267
f 1449//1449 1448//1448 1539//1539
f 1405//1405 1309//1309 1578//1578
f 1092//1092 912//912 1264//1264
f 1551//1551 1265//1265 912//912
f 1079//1079 1078//1078 1442//1442
f 1551//1551 912//912 910//910
f 1551//1551 910//910 1172//1172
f 1358//1358 1442//1442 1359//1359
f 1269//1269 1310//1310 1557//1557
f 824//824 1575//1575 1579//1579
f 1582//1582 1581//1581 1580//1580
f 1557//1557 1310//1310 1308//1308
f 911//911 173//173 1310//1310
f 250//250 1092//1092 1078//1078
f 1513//1513 1275//1275 1276//1276
f 236//236 1266//1266 1173//1173
f 1308//1308 1404//1404 1557//1557
f 174//174 1474//1474 175//175
f 1474//1474 174//174 1079//1079
f 1583//1583 1584//1584 1585//1585
f 1309//1309 1310//1310 1578//1578
f 1586//1586 1499//1499 1500//1500
f 1587//1587 1588//1588 1589//1589
f 1303//1303 1569//1569 1317//1317
f 1590//1590 1341//1341 1342//1342
f 1534//1534 1535//1535 1265//1265
f 1544//1544 861//861 1344//1344
f 1221//1221 828//828 873//873
f 1270//1270 1289//1289 1287//1287
f 1268//1268 1267//1267 1577//1577
f 883//883 884//884 241//241
f 241//241 885//885 883//883
f 1450//1450 1591//1591 1592//1592
f 109//109 1235//1235 1563//1563
f 173//173 1405//1405 1578//1578
f 173//173 1578//1578 1310//1310
f 1535//1535 1264//1264 1265//1265
f 1515//1515 1441//1441 1535//1535
f 1593//1593 1594//1594 221//221
f 126//126 124//124 1412//1412
f 212//212 1595//1595 213//213
f 1547//1547 1573//1573 1572//1572
f 1412//1412 1238//1238 1596//1596
f 1236//1236 1596//1596 1238//1238
f 1598//1598 1597//1597 1237//1237
f 1557//1557 1599//1599 1269//1269
f 1600//1600 1599//1599 1557//1557
f 1599//1599 236//236 1269//1269
f 1409//1409 125//125 1601//1601
f 1602//1602 1595//1595 125//125
f 1603//1603 1604//1604 1605//1605
f 1608//1608 1607//1607 1606//1606
f 1079//1079 1442//1442 1358//1358
f 854//854 839//839 1205//1205
f 1603//1603 1605//1605 1609//1609
f 1612//1612 1611//1611 1610//1610
f 1613//1613 1614//1614 1584//1584
f 213//213 1615//1615 214//214
f 1618//1618 1617//1617 1616//1616
f 1601//1601 1611//1611 1619//1619
f 123//123 1420//1420 121//121
f 221//221 223//223 1593//1593
f 214//214 1553//1553 212//212
f 211//211 1620//1620 209//209
f 1058//1058 1621//1621 1622//1622
f 1604//1604 1603//1603 1623//1623
f 210//210 209//209 1624//1624
f 1624//1624 209//209 1280//1280
f 290//290 1579//1579 1625//1625
f 1451//1451 1591//1591 1450//1450
f 668//668 1626//1626 640//640
f 213//213 1595//1595 1627//1627
f 1628//1628 1629//1629 1576//1576
f 1628//1628 1576//1576 1630//1630
f 1622//1622 1631//1631 1058//1058
f 1632//1632 1633//1633 1634//1634
f 1240//1240 1271//1271 919//919
f 1635//1635 1636//1636 1637//1637
f 851//851 853//853 847//847
f 226//226 1204//1204 817//817
f 1633//1633 1639//1639 1638//1638
f 1640//1640 1633//1633 1638//1638
f 1641//1641 222//222 1620//1620
f 1280//1280 222//222 221//221
f 1638//1638 1643//1643 1642//1642
f 209//209 222//222 1280//1280
f 1620//1620 222//222 209//209
f 1644//1644 642//642 623//623
f 2//2 1//1 1645//1645
f 1611//1611 1591//1591 1646//1646
f 1647//1647 1091//1091 765//765
f 967//967 1084//1084 1026//1026
f 888//888 120//120 1648//1648
f 211//211 1254//1254 1255//1255
f 1638//1638 1642//1642 1649//1649
f 1272//1272 1091//1091 1647//1647
f 1583//1583 120//120 1542//1542
f 1650//1650 1651//1651 1652//1652
f 893//893 32//32 31//31
f 250//250 1078//1078 174//174
f 1653//1653 1541//1541 1556//1556
f 1612//1612 1610//1610 1643//1643
f 1654//1654 1655//1655 1612//1612
f 1654//1654 1612//1612 1656//1656
f 1234//1234 1563//1563 1235//1235
f 1450//1450 1295//1295 1069//1069
f 1074//1074 1372//1372 1161//1161
f 88//88 1161//1161 1372//1372
f 1638//1638 1657//1657 1640//1640
f 1649//1649 1657//1657 1638//1638
f 1655//1655 1592//1592 1591//1591
f 1114//1114 1155//1155 1081//1081
f 1082//1082 1081//1081 1155//1155
f 449//449 450//450 1658//1658
f 210//210 1649//1649 1642//1642
f 852//852 885//885 895//895
f 1654//1654 1656//1656 1639//1639
f 1153//1153 108//108 1294//1294
f 1325//1325 1575//1575 824//824
f 1641//1641 1398//1398 1659//1659
f 210//210 1657//1657 1649//1649
f 1281//1281 1657//1657 1624//1624
f 1617//1617 1598//1598 1237//1237
f 1558//1558 1617//1617 1237//1237
f 1398//1398 1660//1660 1659//1659
f 210//210 1642//1642 1254//1254
f 1222//1222 1235//1235 184//184
f 1235//1235 109//109 249//249
f 184//184 1235//1235 249//249
f 1325//1325 1589//1589 1661//1661
f 1567//1567 1209//1209 1571//1571
f 1662//1662 878//878 1663//1663
f 1207//1207 1209//1209 1664//1664
f 1500//1500 1587//1587 1586//1586
f 1587//1587 1500//1500 1588//1588
f 1250//1250 1292//1292 1274//1274
f 941//941 943//943 1665//1665
f 1662//1662 728//728 878//878
f 850//850 1651//1651 1650//1650
f 1667//1667 1666//1666 1587//1587
f 1587//1587 1666//1666 1586//1586
f 1567//1567 1571//1571 1251//1251
f 1251//1251 1571//1571 1292//1292
f 1664//1664 1668//1668 1588//1588
f 1250//1250 1251//1251 1292//1292
f 1185//1185 1167//1167 1302//1302
f 1669//1669 1229//1229 1020//1020
f 1021//1021 1020//1020 1229//1229
f 1178//1178 1669//1669 1020//1020
f 1205//1205 823//823 821//821
f 821//821 854//854 1205//1205
f 1499//1499 1321//1321 1322//1322
f 1288//1288 1253//1253 1249//1249
f 1325//1325 1326//1326 1589//1589
f 856//856 292//292 1670//1670
f 1671//1671 1167//1167 1570//1570
f 261//261 262//262 1652//1652
f 261//261 1652//1652 1326//1326
f 1574//1574 1672//1672 1230//1230
f 1650//1650 979//979 1673//1673
f 1673//1673 979//979 980//980
f 1325//1325 1661//1661 1672//1672
f 27//27 639//639 127//127
f 127//127 25//25 27//27
f 636//636 207//207 641//641
f 1674//1674 636//636 641//641
f 1675//1675 1609//1609 1605//1605
f 1676//1676 1021//1021 1229//1229
f 878//878 1677//1677 1663//1663
f 242//242 241//241 1678//1678
f 241//241 240//240 895//895
f 1205//1205 980//980 823//823
f 1679//1679 29//29 22//22
f 646//646 1680//1680 583//583
f 1681//1681 1682//1682 1683//1683
f 41//41 851//851 836//836
f 635//635 263//263 856//856
f 642//642 65//65 23//23
f 22//22 1684//1684 37//37
f 584//584 640//640 585//585
f 240//240 242//242 1200//1200
f 1581//1581 1621//1621 1058//1058
f 1058//1058 1580//1580 1581//1581
f 1366//1366 862//862 1016//1016
f 1202//1202 1685//1685 1676//1676
f 1687//1687 1686//1686 407//407
f 1343//1343 1401//1401 1177//1177
f 233//233 1688//1688 171//171
f 638//638 1689//1689 827//827
f 258//258 78//78 787//787
f 1683//1683 1690//1690 38//38
f 860//860 1688//1688 233//233
f 808//808 1691//1691 820//820
f 1693//1693 1692//1692 266//266
f 1631//1631 1057//1057 1058//1058
f 1580//1580 1058//1058 1056//1056
f 789//789 1694//1694 788//788
f 1697//1697 1696//1696 1695//1695
f 203//203 1526//1526 1479//1479
f 636//636 206//206 207//207
f 1698//1698 1699//1699 1700//1700
f 643//643 51//51 170//170
f 1701//1701 1702//1702 1703//1703
f 37//37 623//623 344//344
f 1704//1704 709//709 775//775
f 1705//1705 30//30 671//671
f 219//219 1706//1706 215//215
f 202//202 219//219 215//215
f 38//38 28//28 1681//1681
f 576//576 1707//1707 1708//1708
f 658//658 1674//1674 641//641
f 1679//1679 218//218 29//29
f 1710//1710 674//674 1709//1709
f 38//38 1681//1681 1683//1683
f 1711//1711 28//28 589//589
f 1712//1712 805//805 218//218
f 1713//1713 14//14 654//654
f 1714//1714 1715//1715 687//687
f 666//666 24//24 23//23
f 1675//1675 1605//1605 1716//1716
f 777//777 1717//1717 807//807
f 1712//1712 1718//1718 804//804
f 894//894 134//134 872//872
f 1719//1719 894//894 797//797
f 134//134 894//894 1719//1719
f 1720//1720 1717//1717 796//796
f 224//224 816//816 808//808
f 858//858 1721//1721 1722//1722
f 394//394 791//791 231//231
f 231//231 791//791 792//792
f 827//827 394//394 128//128
f 827//827 128//128 639//639
f 881//881 780//780 799//799
f 881//881 799//799 1723//1723
f 777//777 796//796 1717//1717
f 1585//1585 1724//1724 1583//1583
f 1725//1725 1726//1726 1727//1727
f 283//283 1728//1728 282//282
f 952//952 931//931 953//953
f 930//930 931//931 952//952
f 805//805 220//220 218//218
f 1524//1524 1729//1729 1525//1525
f 1549//1549 1413//1413 124//124
f 1275//1275 1358//1358 1245//1245
f 1730//1730 1731//1731 947//947
f 1734//1734 1733//1733 1732//1732
f 888//888 1542//1542 120//120
f 889//889 1542//1542 888//888
f 1681//1681 28//28 10//10
f 1675//1675 805//805 806//806
f 1681//1681 12//12 845//845
f 1623//1623 1735//1735 1604//1604
f 1738//1738 1737//1737 1736//1736
f 1513//1513 1514//1514 1474//1474
f 804//804 1718//1718 1698//1698
f 22//22 795//795 1679//1679
f 1735//1735 1623//1623 1739//1739
f 1740//1740 1741//1741 1742//1742
f 1743//1743 1690//1690 1683//1683
f 978//978 1744//1744 660//660
f 570//570 1745//1745 624//624
f 660//660 1744//1744 1746//1746
f 1747//1747 1746//1746 1744//1744
f 278//278 1748//1748 279//279
f 280//280 1732//1732 1749//1749
f 270//270 1751//1751 1750//1750
f 1752//1752 1753//1753 1754//1754
f 1754//1754 1755//1755 1752//1752
f 1758//1758 1757//1757 1756//1756
f 271//271 1751//1751 270//270
f 1761//1761 1760//1760 1759//1759
f 1755//1755 1754//1754 1762//1762
f 751//751 752//752 1763//1763
f 1764//1764 751//751 1763//1763
f 1764//1764 978//978 1765//1765
f 1766//1766 1767//1767 1768//1768
f 1287//1287 1290//1290 1534//1534
f 1309//1309 1404//1404 1308//1308
f 1412//1412 1596//1596 126//126
f 1597//1597 1769//1769 1602//1602
f 1549//1549 1548//1548 1413//1413
f 1757//1757 1758//1758 1770//1770
f 1773//1773 1772//1772 1771//1771
f 1774//1774 1775//1775 1776//1776
f 1761//1761 1777//1777 1760//1760
f 1765//1765 1760//1760 1777//1777
f 1778//1778 1779//1779 1780//1780
f 1783//1783 1782//1782 1781//1781
f 1784//1784 1762//1762 1785//1785
f 1788//1788 1787//1787 1786//1786
f 1790//1790 1789//1789 712//712
f 661//661 662//662 1756//1756
f 1791//1791 1608//1608 1792//1792
f 1318//1318 1545//1545 1261//1261
f 1320//1320 1318//1318 1261//1261
f 1795//1795 1794//1794 1793//1793
f 1798//1798 1797//1797 1796//1796
f 1692//1692 1800//1800 1799//1799
f 1692//1692 1799//1799 1801//1801
f 1802//1802 750//750 1803//1803
f 1806//1806 1805//1805 1804//1804
f 1805//1805 1806//1806 687//687
f 949//949 1807//1807 1740//1740
f 1718//1718 1808//1808 1699//1699
f 750//750 1802//1802 1736//1736
f 1780//1780 1779//1779 1809//1809
f 1797//1797 1773//1773 1810//1810
f 1810//1810 1796//1796 1797//1797
f 1811//1811 1812//1812 1813//1813
f 1788//1788 1813//1813 1812//1812
f 1816//1816 1815//1815 1814//1814
f 1740//1740 1805//1805 688//688
f 1817//1817 1818//1818 1819//1819
f 1605//1605 1820//1820 1821//1821
f 1822//1822 677//677 678//678
f 1823//1823 1824//1824 1825//1825
f 1360//1360 1168//1168 1245//1245
f 1604//1604 1820//1820 1605//1605
f 1318//1318 1826//1826 1827//1827
f 1696//1696 686//686 1715//1715
f 1695//1695 1696//1696 1715//1715
f 1828//1828 297//297 284//284
f 1803//1803 750//750 751//751
f 1830//1830 1736//1736 1829//1829
f 285//285 1831//1831 286//286
f 1832//1832 1833//1833 1834//1834
f 1765//1765 1777//1777 1835//1835
f 1780//1780 1741//1741 1800//1800
f 1836//1836 1737//1737 1738//1738
f 1838//1838 1834//1834 1837//1837
f 1750//1750 269//269 270//270
f 1750//1750 1839//1839 269//269
f 1821//1821 269//269 1839//1839
f 744//744 1830//1830 1840//1840
f 1820//1820 1739//1739 1821//1821
f 1730//1730 1841//1841 1842//1842
f 1843//1843 1844//1844 1845//1845
f 947//947 1846//1846 949//949
f 1847//1847 1804//1804 1805//1805
f 1848//1848 1847//1847 1805//1805
f 1841//1841 1849//1849 1842//1842
f 1842//1842 1849//1849 285//285
f 1779//1779 1763//1763 1850//1850
f 315//315 1851//1851 1852//1852
f 1853//1853 1854//1854 1855//1855
f 1853//1853 1856//1856 1854//1854
f 1857//1857 1858//1858 1859//1859
f 204//204 1860//1860 1861//1861
f 1862//1862 1863//1863 315//315
f 1850//1850 1865//1865 1864//1864
f 265//265 266//266 1866//1866
f 661//661 1765//1765 978//978
f 1867//1867 1475//1475 1474//1474
f 1514//1514 1867//1867 1474//1474
f 1868//1868 1775//1775 1869//1869
f 1871//1871 1810//1810 1870//1870
f 1874//1874 1873//1873 1872//1872
f 537//537 1876//1876 1875//1875
f 1877//1877 321//321 320//320
f 339//339 321//321 1877//1877
f 1798//1798 1772//1772 1797//1797
f 1842//1842 1731//1731 1730//1730
f 1767//1767 297//297 1828//1828
f 1880//1880 1879//1879 1878//1878
f 1881//1881 604//604 1520//1520
f 1884//1884 1883//1883 1882//1882
f 315//315 1842//1842 285//285
f 1885//1885 281//281 747//747
f 1887//1887 1886//1886 608//608
f 1888//1888 1889//1889 319//319
f 526//526 1891//1891 1890//1890
f 1894//1894 1893//1893 1892//1892
f 1895//1895 1893//1893 1894//1894
f 279//279 1896//1896 1617//1617
f 1833//1833 1832//1832 1897//1897
f 1898//1898 1899//1899 1900//1900
f 1903//1903 1902//1902 1901//1901
f 282//282 1728//1728 1904//1904
f 1905//1905 1906//1906 1703//1703
f 1907//1907 1908//1908 1909//1909
f 1910//1910 1911//1911 1912//1912
f 1697//1697 1801//1801 1696//1696
f 1913//1913 1831//1831 1864//1864
f 1831//1831 1913//1913 1914//1914
f 1917//1917 1916//1916 1915//1915
f 1918//1918 1919//1919 1920//1920
f 325//325 1921//1921 309//309
f 1815//1815 743//743 1814//1814
f 1923//1923 1922//1922 310//310
f 1520//1520 1924//1924 1522//1522
f 1925//1925 1926//1926 1927//1927
f 1739//1739 269//269 1821//1821
f 1928//1928 1929//1929 1930//1930
f 1910//1910 1931//1931 1932//1932
f 1933//1933 1822//1822 678//678
f 1755//1755 1934//1934 1752//1752
f 1935//1935 1936//1936 1937//1937
f 1938//1938 1939//1939 1940//1940
f 1896//1896 279//279 1739//1739
f 1896//1896 1739//1739 1623//1623
f 1941//1941 1942//1942 1943//1943
f 1944//1944 1911//1911 1853//1853
f 302//302 1945//1945 1946//1946
f 745//745 743//743 1947//1947
f 1734//1734 1616//1616 1733//1733
f 1756//1756 662//662 271//271
f 660//660 271//271 662//662
f 1948//1948 1949//1949 1950//1950
f 1951//1951 625//625 626//626
f 1954//1954 1953//1953 1952//1952
f 1906//1906 1955//1955 1703//1703
f 1956//1956 1950//1950 1949//1949
f 1957//1957 1958//1958 1959//1959
f 1957//1957 1959//1959 1960//1960
f 1932//1932 1856//1856 1911//1911
f 1912//1912 1911//1911 1944//1944
f 1961//1961 1962//1962 1947//1947
f 608//608 1886//1886 1963//1963
f 1966//1966 1965//1965 1964//1964
f 303//303 1967//1967 1968//1968
f 1949//1949 1945//1945 1969//1969
f 1972//1972 1971//1971 1970//1970
f 1973//1973 1886//1886 1887//1887
f 625//625 1975//1975 1974//1974
f 1974//1974 1976//1976 625//625
f 1977//1977 1636//1636 1978//1978
f 1637//1637 1636//1636 1977//1977
f 1979//1979 1899//1899 1793//1793
f 1980//1980 1981//1981 1982//1982
f 624//624 1794//1794 1963//1963
f 1963//1963 569//569 624//624
f 1983//1983 1819//1819 1818//1818
f 1984//1984 1985//1985 1972//1972
f 1986//1986 1968//1968 1967//1967
f 333//333 1981//1981 1987//1987
f 1702//1702 1701//1701 1968//1968
f 1988//1988 1989//1989 1990//1990
f 1945//1945 1992//1992 1991//1991
f 1637//1637 1977//1977 1993//1993
f 1857//1857 1859//1859 1994//1994
f 1885//1885 747//747 1995//1995
f 1877//1877 746//746 339//339
f 1941//1941 1521//1521 1522//1522
f 1941//1941 1522//1522 340//340
f 603//603 1636//1636 1924//1924
f 320//320 739//739 1996//1996
f 604//604 603//603 1924//1924
f 1924//1924 1520//1520 604//604
f 1635//1635 1996//1996 1924//1924
f 1870//1870 1998//1998 1997//1997
f 1997//1997 1998//1998 1999//1999
f 1635//1635 1924//1924 1636//1636
f 522//522 467//467 466//466
f 602//602 1845//1845 2000//2000
f 2003//2003 2002//2002 2001//2001
f 2004//2004 2005//2005 2006//2006
f 2007//2007 617//617 616//616
f 2008//2008 1891//1891 526//526
f 2009//2009 406//406 60//60
f 1999//1999 1998//1998 2010//2010
f 317//317 319//319 1889//1889
f 2011//2011 2005//2005 1995//1995
f 2014//2014 2013//2013 2012//2012
f 2015//2015 2016//2016 2017//2017
f 1972//1972 1970//1970 2018//2018
f 1902//1902 2020//2020 2019//2019
f 2023//2023 2022//2022 2021//2021
f 2014//2014 2012//2012 1887//1887
f 2014//2014 1887//1887 2016//2016
f 1885//1885 1995//1995 2005//2005
f 2024//2024 606//606 1901//1901
f 2025//2025 2026//2026 2027//2027
f 1901//1901 1795//1795 1793//1793
f 606//606 1795//1795 1901//1901
f 1998//1998 1771//1771 2010//2010
f 2011//2011 1995//1995 2028//2028
f 326//326 327//327 597//597
f 1976//1976 328//328 326//326
f 326//326 625//625 1976//1976
f 2030//2030 525//525 2029//2029
f 1984//1984 2031//2031 2032//2032
f 2034//2034 2033//2033 1974//1974
f 525//525 523//523 2035//2035
f 2036//2036 2037//2037 2038//2038
f 392//392 2039//2039 2040//2040
f 524//524 525//525 2030//2030
f 2043//2043 2042//2042 2041//2041
f 2046//2046 2045//2045 2044//2044
f 734//734 2047//2047 2048//2048
f 2050//2050 2049//2049 1817//1817
f 2030//2030 545//545 2051//2051
f 2051//2051 545//545 2052//2052
f 2053//2053 544//544 543//543
f 393//393 328//328 1976//1976
f 2054//2054 1874//1874 525//525
f 1874//1874 2054//2054 1873//1873
f 2006//2006 1898//1898 1900//1900
f 2057//2057 2056//2056 2055//2055
f 327//327 328//328 393//393
f 304//304 2058//2058 570//570
f 304//304 570//570 568//568
f 1922//1922 675//675 310//310
f 2060//2060 1988//1988 2059//2059
f 314//314 2058//2058 304//304
f 2063//2063 2062//2062 2061//2061
f 545//545 2030//2030 2029//2029
f 2066//2066 2065//2065 2064//2064
f 602//602 1978//1978 603//603
f 2037//2037 2067//2067 2038//2038
f 1980//1980 1987//1987 1981//1981
f 1970//1970 2068//2068 2060//2060
f 612//612 610//610 2069//2069
f 2038//2038 2070//2070 2071//2071
f 1991//1991 1990//1990 2072//2072
f 2073//2073 1975//1975 1951//1951
f 1985//1985 1984//1984 2074//2074
f 2075//2075 2076//2076 2037//2037
f 2037//2037 2036//2036 2075//2075
f 2076//2076 2077//2077 2037//2037
f 2067//2067 2037//2037 2077//2077
f 57//57 55//55 564//564
f 608//608 1795//1795 606//606
f 1795//1795 608//608 1963//1963
f 1794//1794 1795//1795 1963//1963
f 1862//1862 315//315 316//316
f 1951//1951 1975//1975 625//625
f 596//596 626//626 597//597
f 1988//1988 1990//1990 1991//1991
f 2078//2078 1996//1996 1635//1635
f 2016//2016 2015//2015 2014//2014
f 2080//2080 2079//2079 2039//2039
f 2081//2081 2019//2019 2020//2020
f 324//324 2082//2082 325//325
f 2083//2083 392//392 2040//2040
f 2008//2008 2055//2055 1891//1891
f 2077//2077 2076//2076 2083//2083
f 1965//1965 2055//2055 2056//2056
f 2085//2085 2040//2040 2084//2084
f 2086//2086 2085//2085 2084//2084
f 2088//2088 2087//2087 1977//1977
f 1977//1977 2087//2087 1993//1993
f 326//326 597//597 626//626
f 327//327 2083//2083 2076//2076
f 2076//2076 597//597 327//327
f 2083//2083 327//327 392//392
f 2087//2087 392//392 393//393
f 2087//2087 393//393 1993//1993
f 2018//2018 2089//2089 2031//2031
f 1951//1951 626//626 2090//2090
f 2090//2090 2091//2091 1951//1951
f 2039//2039 392//392 2087//2087
f 1921//1921 325//325 2082//2082
f 2092//2092 2089//2089 2018//2018
f 2095//2095 2094//2094 2093//2093
f 1965//1965 1891//1891 2055//2055
f 2039//2039 2084//2084 2040//2040
f 2094//2094 1857//1857 2093//2093
f 2098//2098 2097//2097 2096//2096
f 2084//2084 2099//2099 2086//2086
f 349//349 1528//1528 2100//2100
f 2101//2101 1834//1834 1833//1833
f 2053//2053 2102//2102 544//544
f 544//544 2102//2102 593//593
f 675//675 553//553 554//554
f 1860//1860 1538//1538 1508//1508
f 2105//2105 2104//2104 2103//2103
f 1539//1539 1448//1448 2106//2106
f 2106//2106 1537//1537 1539//1539
f 2107//2107 1958//1958 1814//1814
f 2109//2109 2108//2108 1772//1772
f 2110//2110 539//539 2027//2027
f 2112//2112 1873//1873 2111//2111
f 1994//1994 2093//2093 1857//1857
f 2027//2027 539//539 2025//2025
f 2113//2113 2031//2031 2089//2089
f 1880//1880 1878//1878 2114//2114
f 1792//1792 1606//1606 2115//2115
f 2064//2064 2065//2065 2116//2116
f 2111//2111 1879//1879 1880//1880
f 1961//1961 2117//2117 1962//1962
f 1859//1859 1858//1858 2118//2118
f 1881//1881 1520//1520 2119//2119
f 1878//1878 1879//1879 1844//1844
f 2000//2000 1879//1879 2111//2111
f 281//281 2004//2004 283//283
f 2004//2004 281//281 1885//1885
f 1923//1923 1926//1926 1925//1925
f 554//554 552//552 2120//2120
f 1606//1606 1792//1792 1608//1608
f 1791//1791 1859//1859 1608//1608
f 1859//1859 1791//1791 1994//1994
f 2122//2122 2121//2121 310//310
f 1606//1606 2121//2121 2122//2122
f 2123//2123 2124//2124 2125//2125
f 2126//2126 2127//2127 1927//1927
f 2078//2078 320//320 1996//1996
f 2128//2128 2129//2129 2130//2130
f 2052//2052 2132//2132 2131//2131
f 2135//2135 2134//2134 2133//2133
f 2136//2136 2137//2137 2123//2123
f 2138//2138 2139//2139 1530//1530
f 982//982 345//345 1370//1370
f 554//554 2120//2120 2140//2140
f 343//343 2140//2140 2141//2141
f 2144//2144 2143//2143 2142//2142
f 2133//2133 2145//2145 2135//2135
f 1881//1881 1843//1843 1845//1845
f 541//541 542//542 2146//2146
f 342//342 357//357 359//359
f 2149//2149 2148//2148 2147//2147
f 2152//2152 2151//2151 2150//2150
f 2133//2133 2134//2134 2120//2120
f 2142//2142 2143//2143 427//427
f 675//675 2153//2153 553//553
f 2154//2154 411//411 367//367
f 552//552 553//553 2155//2155
f 1915//1915 2156//2156 2157//2157
f 341//341 342//342 359//359
f 309//309 341//341 359//359
f 18//18 2158//2158 2159//2159
f 113//113 410//410 111//111
f 2153//2153 675//675 1922//1922
f 2053//2053 2160//2160 2082//2082
f 2129//2129 2127//2127 2161//2161
f 410//410 113//113 395//395
f 1247//1247 1245//1245 2162//2162
f 675//675 554//554 308//308
f 324//324 323//323 2102//2102
f 2102//2102 2053//2053 324//324
f 438//438 437//437 2163//2163
f 2133//2133 2155//2155 2145//2145
f 2164//2164 2120//2120 2134//2134
f 2167//2167 2166//2166 2165//2165
f 1518//1518 2168//2168 1517//1517
f 2169//2169 2170//2170 2171//2171
f 554//554 2140//2140 308//308
f 2172//2172 2173//2173 2174//2174
f 2144//2144 2176//2176 2175//2175
f 2179//2179 2178//2178 2177//2177
f 2182//2182 2181//2181 2180//2180
f 2114//2114 1878//1878 2183//2183
f 2184//2184 2185//2185 2186//2186
f 1965//1965 2056//2056 58//58
f 1489//1489 2100//2100 1488//1488
f 2176//2176 2144//2144 2142//2142
f 2124//2124 2187//2187 2125//2125
f 2188//2188 2130//2130 2124//2124
f 2189//2189 2190//2190 453//453
f 2192//2192 423//423 2191//2191
f 1380//1380 1426//1426 1348//1348
f 2194//2194 112//112 2193//2193
f 531//531 445//445 446//446
f 2187//2187 2130//2130 2129//2129
f 436//436 2195//2195 437//437
f 437//437 2195//2195 2196//2196
f 369//369 381//381 370//370
f 2198//2198 2197//2197 2159//2159
f 396//396 2180//2180 2181//2181
f 2200//2200 2158//2158 2199//2199
f 112//112 311//311 2149//2149
f 502//502 410//410 395//395
f 2175//2175 2201//2201 2144//2144
f 2202//2202 403//403 2203//2203
f 2206//2206 2205//2205 2204//2204
f 2207//2207 1519//1519 1517//1517
f 2202//2202 2158//2158 18//18
f 444//444 443//443 2208//2208
f 2209//2209 1518//1518 494//494
f 2171//2171 494//494 2169//2169
f 160//160 2169//2169 494//494
f 1455//1455 1484//1484 1456//1456
f 376//376 377//377 2210//2210
f 2209//2209 2168//2168 1518//1518
f 2211//2211 1482//1482 1502//1502
f 2171//2171 2212//2212 2209//2209
f 2213//2213 287//287 288//288
f 2214//2214 494//494 1518//1518
f 2217//2217 2216//2216 2215//2215
f 2218//2218 2219//2219 2220//2220
f 2175//2175 2176//2176 2191//2191
f 2175//2175 2191//2191 423//423
f 1954//1954 1952//1952 442//442
f 2166//2166 2182//2182 2221//2221
f 2222//2222 1458//1458 366//366
f 358//358 397//397 2223//2223
f 287//287 2224//2224 2225//2225
f 2226//2226 2137//2137 2136//2136
f 2148//2148 2192//2192 2227//2227
f 2136//2136 2228//2228 288//288
f 2226//2226 2136//2136 288//288
f 2231//2231 2230//2230 2229//2229
f 288//288 2228//2228 2213//2213
f 2232//2232 2233//2233 2234//2234
f 2169//2169 2235//2235 2170//2170
f 2171//2171 2236//2236 2212//2212
f 1508//1508 346//346 2237//2237
f 2237//2237 346//346 1483//1483
f 346//346 1369//1369 345//345
f 436//436 2238//2238 2195//2195
f 2236//2236 2171//2171 2170//2170
f 2239//2239 389//389 2240//2240
f 2224//2224 2241//2241 2225//2225
f 453//453 454//454 2189//2189
f 1529//1529 2242//2242 1530//1530
f 2242//2242 1529//1529 2243//2243
f 2209//2209 494//494 2171//2171
f 2168//2168 2209//2209 2165//2165
f 2244//2244 2245//2245 2246//2246
f 2249//2249 2248//2248 2247//2247
f 2165//2165 2166//2166 2168//2168
f 2250//2250 2168//2168 2166//2166
f 2236//2236 2251//2251 2212//2212
f 2250//2250 1517//1517 2168//2168
f 2254//2254 2253//2253 2252//2252
f 2255//2255 2256//2256 2257//2257
f 351//351 2258//2258 1507//1507
f 1861//1861 2259//2259 204//204
f 2261//2261 2135//2135 2260//2260
f 1519//1519 2262//2262 329//329
f 2264//2264 2263//2263 2154//2154
f 2224//2224 2213//2213 2265//2265
f 161//161 2266//2266 159//159
f 1510//1510 1512//1512 2267//2267
f 2268//2268 1467//1467 2269//2269
f 351//351 1507//1507 407//407
f 407//407 353//353 351//351
f 2270//2270 1687//1687 1507//1507
f 2271//2271 1687//1687 2270//2270
f 160//160 159//159 1516//1516
f 2170//2170 2235//2235 2272//2272
f 408//408 407//407 1686//1686
f 2265//2265 2274//2274 2273//2273
f 2273//2273 2224//2224 2265//2265
f 2273//2273 2262//2262 2207//2207
f 2275//2275 1371//1371 1470//1470
f 1438//1438 2275//2275 1470//1470
f 161//161 330//330 331//331
f 331//331 2266//2266 161//161
f 2276//2276 1530//1530 2242//2242
f 2279//2279 2278//2278 2277//2277
f 2190//2190 2280//2280 2281//2281
f 2189//2189 2282//2282 2190//2190
f 2283//2283 2282//2282 2189//2189
f 2235//2235 1511//1511 2284//2284
f 2283//2283 1511//1511 1510//1510
f 408//408 2282//2282 353//353
f 2222//2222 2285//2285 1458//1458
f 1861//1861 2228//2228 2259//2259
f 370//370 381//381 360//360
f 353//353 1510//1510 352//352
f 1476//1476 1495//1495 2286//2286
f 2288//2288 1454//1454 2287//2287
f 1476//1476 1376//1376 1480//1480
f 2185//2185 2289//2289 2142//2142
f 2290//2290 2291//2291 382//382
f 2292//2292 16//16 17//17
f 983//983 1376//1376 1502//1502
f 1477//1477 1478//1478 1484//1484
f 1461//1461 1456//1456 1484//1484
f 2210//2210 377//377 2177//2177
f 1860//1860 1479//1479 1538//1538
f 1860//1860 204//204 1479//1479
f 2293//2293 2294//2294 2295//2295
f 390//390 2239//2239 2296//2296
f 2298//2298 2217//2217 2297//2297
f 2299//2299 2288//2288 1509//1509
f 2300//2300 2288//2288 2299//2299
f 2269//2269 1452//1452 2211//2211
f 488//488 489//489 2301//2301
f 2304//2304 2303//2303 2302//2302
f 465//465 356//356 2245//2245
f 2306//2306 2264//2264 2305//2305
f 2307//2307 2288//2288 2287//2287
f 2304//2304 2308//2308 2303//2303
f 2309//2309 2216//2216 2298//2298
f 2298//2298 2216//2216 2217//2217
f 2222//2222 411//411 2285//2285
f 2312//2312 2311//2311 2310//2310
f 2312//2312 2313//2313 2311//2311
f 2316//2316 2315//2315 2314//2314
f 1452//1452 2269//2269 1453//1453
f 366//366 367//367 2222//2222
f 2297//2297 1469//1469 1509//1509
f 2307//2307 2302//2302 2317//2317
f 2297//2297 2288//2288 2317//2317
f 2307//2307 2317//2317 2288//2288
f 2317//2317 2302//2302 2318//2318
f 2318//2318 2319//2319 2320//2320
f 2321//2321 2201//2201 2175//2175
f 2322//2322 533//533 532//532
f 532//532 2306//2306 2322//2322
f 2100//2100 348//348 349//349
f 2306//2306 2263//2263 2264//2264
f 2322//2322 2323//2323 2324//2324
f 1459//1459 1457//1457 2216//2216
f 178//178 2215//2215 177//177
f 1453//1453 2215//2215 178//178
f 2325//2325 2227//2227 2192//2192
f 2326//2326 2227//2227 2325//2325
f 2327//2327 382//382 369//369
f 2329//2329 2328//2328 368//368
f 369//369 349//349 350//350
f 371//371 349//349 369//369
f 1489//1489 2285//2285 2100//2100
f 2284//2284 1511//1511 2283//2283
f 2283//2283 2189//2189 2284//2284
f 2165//2165 2330//2330 2167//2167
f 2331//2331 2226//2226 289//289
f 2213//2213 2228//2228 2265//2265
f 2213//2213 2224//2224 287//287
f 2129//2129 2332//2332 2187//2187
f 1457//1457 179//179 177//177
f 1458//1458 179//179 1457//1457
f 372//372 2333//2333 374//374
f 2334//2334 1467//1467 1469//1469
f 1469//1469 2297//2297 2334//2334
f 2242//2242 2335//2335 2276//2276
f 368//368 2264//2264 367//367
f 2336//2336 2337//2337 533//533
f 531//531 533//533 2337//2337
f 2216//2216 1457//1457 177//177
f 2220//2220 2219//2219 2338//2338
f 361//361 2340//2340 2339//2339
f 2216//2216 2329//2329 1459//1459
f 348//348 2100//2100 2285//2285
f 2263//2263 2306//2306 2290//2290
f 2296//2296 2341//2341 390//390
f 2342//2342 615//615 614//614
f 2343//2343 541//541 2344//2344
f 2345//2345 2277//2277 2346//2346
f 2347//2347 2346//2346 2277//2277
f 2180//2180 396//396 2348//2348
f 2349//2349 2180//2180 2348//2348
f 2276//2276 2335//2335 2314//2314
f 479//479 480//480 2350//2350
f 2351//2351 1125//1125 1127//1127
f 2352//2352 2353//2353 2354//2354
f 2356//2356 2355//2355 2276//2276
f 2357//2357 2358//2358 513//513
f 2357//2357 513//513 2359//2359
f 2360//2360 2341//2341 2296//2296
f 389//389 2361//2361 2240//2240
f 2364//2364 2363//2363 2362//2362
f 376//376 2210//2210 2365//2365
f 2365//2365 2366//2366 2367//2367
f 2368//2368 2369//2369 2370//2370
f 2347//2347 2277//2277 2278//2278
f 2278//2278 2371//2371 2347//2347
f 2371//2371 2278//2278 373//373
f 373//373 374//374 2371//2371
f 375//375 447//447 2372//2372
f 2373//2373 2367//2367 2374//2374
f 458//458 460//460 2281//2281
f 2034//2034 2024//2024 2033//2033
f 2375//2375 2346//2346 2347//2347
f 2376//2376 2377//2377 2378//2378
f 2379//2379 355//355 465//465
f 2380//2380 2381//2381 2382//2382
f 2243//2243 370//370 360//360
f 2383//2383 2346//2346 2218//2218
f 2375//2375 2384//2384 2218//2218
f 2208//2208 443//443 2385//2385
f 2367//2367 2366//2366 2386//2386
f 2376//2376 2255//2255 2257//2257
f 2347//2347 2387//2387 2375//2375
f 1546//1546 163//163 1373//1373
f 381//381 362//362 360//360
f 2340//2340 2388//2388 2339//2339
f 2389//2389 2390//2390 2391//2391
f 2311//2311 2392//2392 2310//2310
f 2243//2243 360//360 2393//2393
f 2387//2387 2385//2385 2394//2394
f 2278//2278 2279//2279 2395//2395
f 178//178 179//179 1458//1458
f 178//178 1458//1458 1452//1452
f 2396//2396 2397//2397 2398//2398
f 1389//1389 1392//1392 1493//1493
f 390//390 389//389 2239//2239
f 2399//2399 362//362 381//381
f 2401//2401 2400//2400 496//496
f 2389//2389 2391//2391 2402//2402
f 2394//2394 2385//2385 443//443
f 2403//2403 372//372 373//373
f 2278//2278 2395//2395 373//373
f 2322//2322 2306//2306 2305//2305
f 2385//2385 2347//2347 2371//2371
f 2347//2347 2385//2385 2387//2387
f 2404//2404 2352//2352 2390//2390
f 2407//2407 2406//2406 2405//2405
f 355//355 2379//2379 2408//2408
f 2410//2410 2409//2409 2280//2280
f 2395//2395 2279//2279 2411//2411
f 2409//2409 2281//2281 2280//2280
f 2413//2413 2412//2412 2360//2360
f 458//458 2281//2281 2409//2409
f 2413//2413 2239//2239 2414//2414
f 1530//1530 2139//2139 1528//1528
f 2375//2375 2387//2387 2415//2415
f 2394//2394 2415//2415 2387//2387
f 2384//2384 2375//2375 2415//2415
f 465//465 2245//2245 2240//2240
f 507//507 2417//2417 2416//2416
f 16//16 2417//2417 507//507
f 2418//2418 2419//2419 2420//2420
f 2421//2421 1953//1953 1954//1954
f 2240//2240 2414//2414 2239//2239
f 2424//2424 2423//2423 2422//2422
f 2159//2159 2200//2200 2198//2198
f 2425//2425 2426//2426 2427//2427
f 2429//2429 2198//2198 2428//2428
f 453//453 2430//2430 2419//2419
f 2419//2419 2430//2430 2431//2431
f 453//453 2190//2190 2430//2430
f 2316//2316 2363//2363 2364//2364
f 111//111 2432//2432 311//311
f 465//465 2240//2240 2433//2433
f 448//448 375//375 376//376
f 2163//2163 2434//2434 2435//2435
f 2356//2356 2276//2276 2314//2314
f 2431//2431 2420//2420 2419//2419
f 2340//2340 361//361 362//362
f 2346//2346 2375//2375 2218//2218
f 2434//2434 2357//2357 2435//2435
f 2413//2413 2360//2360 2296//2296
f 2296//2296 2239//2239 2413//2413
f 2437//2437 2248//2248 2436//2436
f 2440//2440 2439//2439 2438//2438
f 2441//2441 2440//2440 2438//2438
f 522//522 475//475 2442//2442
f 522//522 2442//2442 2443//2443
f 2444//2444 507//507 2416//2416
f 2235//2235 2169//2169 160//160
f 2445//2445 2446//2446 2267//2267
f 2235//2235 1516//1516 1511//1511
f 2223//2223 113//113 2447//2447
f 2448//2448 2444//2444 2449//2449
f 935//935 937//937 2450//2450
f 452//452 453//453 2419//2419
f 408//408 2410//2410 2280//2280
f 2410//2410 2451//2451 2409//2409
f 2454//2454 2453//2453 2452//2452
f 2456//2456 2455//2455 2196//2196
f 2457//2457 2292//2292 17//17
f 2241//2241 2250//2250 2225//2225
f 2458//2458 2372//2372 447//447
f 409//409 2065//2065 111//111
f 2459//2459 2181//2181 2167//2167
f 2459//2459 2460//2460 2181//2181
f 2202//2202 2460//2460 2459//2459
f 2198//2198 2251//2251 2236//2236
f 429//429 2144//2144 2201//2201
f 429//429 2201//2201 2461//2461
f 426//426 2462//2462 442//442
f 1686//1686 2410//2410 408//408
f 2464//2464 2463//2463 412//412
f 2465//2465 2466//2466 403//403
f 2124//2124 2130//2130 2187//2187
f 2386//2386 2468//2468 2467//2467
f 2134//2134 2469//2469 2164//2164
f 112//112 2149//2149 2193//2193
f 2470//2470 401//401 403//403
f 403//403 2202//2202 2470//2470
f 441//441 401//401 2470//2470
f 511//511 2471//2471 2472//2472
f 511//511 2472//2472 2473//2473
f 412//412 2463//2463 421//421
f 2464//2464 412//412 413//413
f 535//535 442//442 1952//1952
f 1952//1952 534//534 535//535
f 2151//2151 2453//2453 2150//2150
f 401//401 2438//2438 402//402
f 2434//2434 2358//2358 2357//2357
f 1952//1952 1953//1953 2474//2474
f 2474//2474 534//534 1952//1952
f 2475//2475 2178//2178 2476//2476
f 2292//2292 2477//2477 438//438
f 536//536 2449//2449 2478//2478
f 2066//2066 2064//2064 2479//2479
f 2440//2440 534//534 2474//2474
f 2481//2481 2476//2476 2480//2480
f 2482//2482 2481//2481 2480//2480
f 2480//2480 2178//2178 2179//2179
f 2178//2178 2480//2480 2476//2476
f 2238//2238 436//436 2483//2483
f 2238//2238 2360//2360 2195//2195
f 2372//2372 2458//2458 2152//2152
f 2469//2469 2349//2349 2164//2164
f 2198//2198 2200//2200 2251//2251
f 2203//2203 2460//2460 2202//2202
f 2262//2262 2273//2273 2274//2274
f 2484//2484 2260//2260 2225//2225
f 2250//2250 2484//2484 2225//2225
f 2485//2485 2486//2486 2372//2372
f 2486//2486 377//377 375//375
f 444//444 2208//2208 2487//2487
f 2116//2116 2065//2065 409//409
f 373//373 2411//2411 2403//2403
f 2456//2456 2488//2488 2471//2471
f 2413//2413 2414//2414 2489//2489
f 448//448 2373//2373 2490//2490
f 376//376 2373//2373 448//448
f 2301//2301 2491//2491 355//355
f 2395//2395 2411//2411 373//373
f 2492//2492 2493//2493 431//431
f 432//432 431//431 2493//2493
f 2494//2494 2495//2495 2496//2496
f 448//448 2490//2490 2497//2497
f 448//448 2497//2497 447//447
f 375//375 2372//2372 2486//2486
f 488//488 2301//2301 2498//2498
f 2449//2449 2441//2441 2448//2448
f 422//422 423//423 2192//2192
f 2490//2490 2499//2499 2497//2497
f 421//421 2500//2500 423//423
f 2503//2503 2502//2502 2501//2501
f 2504//2504 2505//2505 2506//2506
f 2507//2507 2508//2508 2509//2509
f 2510//2510 2509//2509 2508//2508
f 2374//2374 2386//2386 2467//2467
f 2374//2374 2467//2467 2499//2499
f 2512//2512 481//481 2511//2511
f 2500//2500 421//421 2454//2454
f 2513//2513 2205//2205 2206//2206
f 2516//2516 2515//2515 2514//2514
f 2206//2206 2517//2517 2495//2495
f 2208//2208 2385//2385 2371//2371
f 374//374 2208//2208 2371//2371
f 2383//2383 2518//2518 2345//2345
f 607//607 2016//2016 608//608
f 608//608 2016//2016 1887//1887
f 629//629 2519//2519 2510//2510
f 468//468 2520//2520 466//466
f 477//477 476//476 509//509
f 2521//2521 2508//2508 2507//2507
f 538//538 2522//2522 527//527
f 2524//2524 2523//2523 2520//2520
f 2116//2116 409//409 2465//2465
f 2439//2439 2116//2116 2465//2465
f 2179//2179 2479//2479 2525//2525
f 2471//2471 511//511 2358//2358
f 2455//2455 2471//2471 2358//2358
f 2471//2471 2455//2455 2456//2456
f 2434//2434 2455//2455 2358//2358
f 2434//2434 2163//2163 2455//2455
f 2522//2522 538//538 537//537
f 2191//2191 2176//2176 2325//2325
f 2527//2527 473//473 2526//2526
f 536//536 2478//2478 535//535
f 2460//2460 396//396 2181//2181
f 2449//2449 2528//2528 2478//2478
f 2529//2529 2503//2503 2501//2501
f 511//511 513//513 2358//2358
f 2530//2530 520//520 2531//2531
f 2534//2534 2533//2533 2532//2532
f 2348//2348 396//396 397//397
f 2536//2536 405//405 2535//2535
f 2052//2052 545//545 594//594
f 1876//1876 2110//2110 2186//2186
f 2186//2186 2110//2110 2027//2027
f 2539//2539 2538//2538 2537//2537
f 2540//2540 1465//1465 1464//1464
f 337//337 561//561 335//335
f 2541//2541 399//399 398//398
f 2544//2544 2543//2543 2542//2542
f 18//18 441//441 2470//2470
f 2202//2202 18//18 2470//2470
f 2159//2159 17//17 18//18
f 495//495 2381//2381 2545//2545
f 498//498 472//472 2528//2528
f 2528//2528 2449//2449 498//498
f 2546//2546 2547//2547 2548//2548
f 2549//2549 336//336 335//335
f 2552//2552 2551//2551 2550//2550
f 2159//2159 2158//2158 2200//2200
f 2377//2377 2553//2553 2096//2096
f 2369//2369 337//337 336//336
f 2554//2554 337//337 2369//2369
f 503//503 337//337 2554//2554
f 512//512 2555//2555 513//513
f 2557//2557 2554//2554 2556//2556
f 2557//2557 503//503 2554//2554
f 2558//2558 503//503 2557//2557
f 2526//2526 2560//2560 2559//2559
f 2501//2501 2369//2369 336//336
f 2501//2501 2502//2502 2369//2369
f 2561//2561 2502//2502 2503//2503
f 401//401 508//508 2448//2448
f 401//401 2448//2448 2438//2438
f 2444//2444 508//508 507//507
f 2199//2199 2158//2158 2459//2459
f 2459//2459 2158//2158 2202//2202
f 2376//2376 2378//2378 2562//2562
f 2562//2562 2255//2255 2376//2376
f 433//433 2560//2560 2526//2526
f 2526//2526 2563//2563 433//433
f 499//499 945//945 946//946
f 945//945 499//499 869//869
f 958//958 904//904 960//960
f 2565//2565 2564//2564 434//434
f 2520//2520 472//472 473//473
f 2566//2566 2493//2493 2562//2562
f 2488//2488 2472//2472 2471//2471
f 355//355 2408//2408 2301//2301
f 2567//2567 2568//2568 2569//2569
f 2336//2336 2570//2570 2337//2337
f 496//496 497//497 518//518
f 496//496 518//518 2401//2401
f 1129//1129 2351//2351 1130//1130
f 2338//2338 2219//2219 2571//2571
f 2572//2572 2256//2256 2492//2492
f 2574//2574 1038//1038 2573//2573
f 2576//2576 2575//2575 2146//2146
f 2577//2577 2400//2400 2401//2401
f 2256//2256 2572//2572 2257//2257
f 2578//2578 2498//2498 2234//2234
f 2547//2547 354//354 2579//2579
f 2512//2512 2511//2511 2467//2467
f 469//469 470//470 415//415
f 2580//2580 2177//2177 377//377
f 2580//2580 377//377 2486//2486
f 2498//2498 2301//2301 2408//2408
f 2581//2581 462//462 461//461
f 2392//2392 2311//2311 380//380
f 2582//2582 2097//2097 2098//2098
f 2417//2417 2357//2357 2359//2359
f 2583//2583 2548//2548 2579//2579
f 2538//2538 2568//2568 2537//2537
f 496//496 2585//2585 2584//2584
f 2585//2585 496//496 2400//2400
f 2546//2546 2587//2587 2586//2586
f 2546//2546 2586//2586 2588//2588
f 2589//2589 2588//2588 2586//2586
f 2377//2377 2556//2556 2553//2553
f 2590//2590 2279//2279 2345//2345
f 2518//2518 2590//2590 2345//2345
f 2547//2547 2579//2579 2548//2548
f 2378//2378 2586//2586 2562//2562
f 489//489 2491//2491 2301//2301
f 2591//2591 2592//2592 2593//2593
f 2593//2593 2592//2592 2594//2594
f 2568//2568 2538//2538 2569//2569
f 2317//2317 2595//2595 2297//2297
f 565//565 2597//2597 2596//2596
f 2378//2378 2589//2589 2586//2586
f 2376//2376 2257//2257 2556//2556
f 2218//2218 2384//2384 2219//2219
f 489//489 2583//2583 2491//2491
f 2220//2220 2599//2599 2598//2598
f 2232//2232 2234//2234 2498//2498
f 2232//2232 2498//2498 2408//2408
f 488//488 2600//2600 490//490
f 2496//2496 2386//2386 2366//2366
f 2582//2582 2247//2247 2601//2601
f 2602//2602 484//484 486//486
f 488//488 2498//2498 2578//2578
f 1460//1460 974//974 2603//2603
f 2604//2604 2583//2583 490//490
f 490//490 2583//2583 489//489
f 2600//2600 2569//2569 2538//2538
f 2600//2600 488//488 2578//2578
f 2605//2605 2600//2600 2578//2578
f 2606//2606 2593//2593 2594//2594
f 2606//2606 2607//2607 2608//2608
f 2611//2611 2610//2610 2609//2609
f 2610//2610 2611//2611 2612//2612
f 2499//2499 481//481 2613//2613
f 2499//2499 2613//2613 2497//2497
f 480//480 481//481 2512//2512
f 2240//2240 2244//2244 2414//2414
f 2245//2245 2244//2244 2240//2240
f 354//354 2547//2547 530//530
f 2604//2604 2614//2614 2548//2548
f 2614//2614 2604//2604 2539//2539
f 389//389 391//391 2615//2615
f 2588//2588 2616//2616 2547//2547
f 2546//2546 2588//2588 2547//2547
f 2547//2547 2616//2616 530//530
f 2617//2617 2249//2249 2618//2618
f 2556//2556 2377//2377 2376//2376
f 2593//2593 2518//2518 2591//2591
f 2345//2345 2346//2346 2383//2383
f 2489//2489 2414//2414 2244//2244
f 2499//2499 2490//2490 2374//2374
f 2583//2583 2604//2604 2548//2548
f 2569//2569 2600//2600 2605//2605
f 2594//2594 2607//2607 2606//2606
f 2377//2377 2097//2097 2589//2589
f 2097//2097 2582//2582 2616//2616
f 2616//2616 2582//2582 2601//2601
f 2096//2096 2368//2368 2619//2619
f 2620//2620 2605//2605 2578//2578
f 2538//2538 490//490 2600//2600
f 994//994 992//992 1001//1001
f 1001//1001 107//107 994//994
f 2621//2621 518//518 497//497
f 2622//2622 431//431 2623//2623
f 2390//2390 2352//2352 2624//2624
f 2626//2626 2625//2625 2621//2621
f 2493//2493 2492//2492 2256//2256
f 2493//2493 2256//2256 2255//2255
f 2255//2255 2562//2562 2493//2493
f 2628//2628 2627//2627 417//417
f 1460//1460 2603//2603 2308//2308
f 2308//2308 2603//2603 2629//2629
f 497//497 2630//2630 2621//2621
f 517//517 519//519 2612//2612
f 2632//2632 2629//2629 2631//2631
f 470//470 471//471 2633//2633
f 415//415 999//999 469//469
f 2534//2534 2063//2063 2533//2533
f 2634//2634 2568//2568 2567//2567
f 1128//1128 974//974 972//972
f 2635//2635 2636//2636 2637//2637
f 1531//1531 2639//2639 2638//2638
f 1146//1146 2639//2639 1531//1531
f 2607//2607 2640//2640 517//517
f 2577//2577 2401//2401 2640//2640
f 2577//2577 2640//2640 2594//2594
f 2398//2398 2397//2397 2353//2353
f 2397//2397 2354//2354 2353//2353
f 430//430 2641//2641 2504//2504
f 2623//2623 430//430 2504//2504
f 2380//2380 2643//2643 2642//2642
f 2645//2645 2532//2532 2644//2644
f 114//114 986//986 2646//2646
f 2647//2647 2648//2648 2529//2529
f 2390//2390 2624//2624 2391//2391
f 2391//2391 430//430 432//432
f 430//430 2624//2624 2641//2641
f 2391//2391 2624//2624 430//430
f 2636//2636 2626//2626 2649//2649
f 2626//2626 2636//2636 2635//2635
f 335//335 2650//2650 2549//2549
f 560//560 2650//2650 335//335
f 1055//1055 999//999 456//456
f 456//456 999//999 2651//2651
f 457//457 456//456 2651//2651
f 2652//2652 2636//2636 2649//2649
f 2653//2653 2642//2642 469//469
f 2655//2655 2654//2654 2205//2205
f 2652//2652 2656//2656 2636//2636
f 2657//2657 2637//2637 2656//2656
f 2636//2636 2656//2656 2637//2637
f 363//363 1000//1000 2658//2658
f 2659//2659 2660//2660 2661//2661
f 2662//2662 2663//2663 2664//2664
f 2666//2666 2665//2665 515//515
f 2667//2667 2668//2668 2669//2669
f 1011//1011 1123//1123 987//987
f 976//976 1106//1106 977//977
f 2400//2400 2671//2671 2670//2670
f 2673//2673 2581//2581 2672//2672
f 2672//2672 2674//2674 2673//2673
f 2675//2675 1127//1127 2628//2628
f 2676//2676 2632//2632 2631//2631
f 2677//2677 2659//2659 2678//2678
f 992//992 2679//2679 1001//1001
f 1150//1150 147//147 244//244
f 2649//2649 2680//2680 2652//2652
f 2640//2640 2607//2607 2594//2594
f 2401//2401 517//517 2640//2640
f 999//999 998//998 2651//2651
f 2632//2632 2670//2670 2629//2629
f 2651//2651 998//998 2681//2681
f 464//464 1140//1140 461//461
f 995//995 1140//1140 464//464
f 2683//2683 2682//2682 1492//1492
f 2682//2682 2683//2683 487//487
f 2380//2380 2545//2545 2381//2381
f 2400//2400 2670//2670 2585//2585
f 2577//2577 2599//2599 2671//2671
f 2598//2598 2599//2599 2592//2592
f 2383//2383 2218//2218 2598//2598
f 1385//1385 2574//2574 2573//2573
f 1127//1127 2675//2675 1130//1130
f 1130//1130 2351//2351 1127//1127
f 2684//2684 2340//2340 362//362
f 2684//2684 362//362 2399//2399
f 1140//1140 995//995 2685//2685
f 2686//2686 2685//2685 2687//2687
f 2687//2687 2685//2685 493//493
f 493//493 491//491 2687//2687
f 87//87 1000//1000 85//85
f 1000//1000 107//107 1001//1001
f 107//107 1000//1000 363//363
f 105//105 106//106 2688//2688
f 992//992 993//993 2651//2651
f 2670//2670 2632//2632 2585//2585
f 462//462 2581//2581 2689//2689
f 2689//2689 2690//2690 462//462
f 2689//2689 2581//2581 2673//2673
f 245//245 977//977 2691//2691
f 1127//1127 2627//2627 2628//2628
f 2681//2681 992//992 2651//2651
f 2663//2663 2692//2692 2664//2664
f 2693//2693 106//106 365//365
f 2668//2668 2666//2666 515//515
f 514//514 2694//2694 515//515
f 106//106 2695//2695 2688//2688
f 2695//2695 106//106 2693//2693
f 2697//2697 2696//2696 936//936
f 2596//2596 2698//2698 2699//2699
f 2702//2702 2701//2701 2700//2700
f 2663//2663 2669//2669 2692//2692
f 1042//1042 1043//1043 2690//2690
f 2705//2705 2704//2704 2703//2703
f 470//470 2633//2633 416//416
f 2642//2642 2652//2652 2680//2680
f 2381//2381 2584//2584 2676//2676
f 2706//2706 1074//1074 1073//1073
f 2707//2707 2694//2694 514//514
f 495//495 2584//2584 2381//2381
f 457//457 2662//2662 455//455
f 2662//2662 457//457 2663//2663
f 2651//2651 2663//2663 457//457
f 993//993 2663//2663 2651//2651
f 1140//1140 2685//2685 2708//2708
f 2685//2685 995//995 493//493
f 432//432 2402//2402 2391//2391
f 1781//1781 2648//2648 2709//2709
f 2505//2505 2710//2710 2506//2506
f 2711//2711 2686//2686 2712//2712
f 2685//2685 2686//2686 2711//2711
f 401//401 441//441 508//508
f 16//16 508//508 441//441
f 2417//2417 16//16 2435//2435
f 1043//1043 1044//1044 1003//1003
f 516//516 2714//2714 2713//2713
f 510//510 2559//2559 2560//2560
f 2716//2716 2715//2715 2686//2686
f 2715//2715 2716//2716 1145//1145
f 560//560 2717//2717 2718//2718
f 2719//2719 2720//2720 1146//1146
f 2721//2721 946//946 963//963
f 963//963 946//946 944//944
f 2722//2722 2723//2723 2724//2724
f 2722//2722 2725//2725 2723//2723
f 2726//2726 2727//2727 2728//2728
f 2555//2555 512//512 2729//2729
f 400//400 2730//2730 560//560
f 2561//2561 2369//2369 2502//2502
f 2731//2731 2732//2732 2733//2733
f 2243//2243 1529//1529 370//370
f 2283//2283 1510//1510 2282//2282
f 2734//2734 2735//2735 2736//2736
f 927//927 2723//2723 2737//2737
f 1894//1894 1892//1892 2738//2738
f 2435//2435 16//16 2292//2292
f 2697//2697 1892//1892 2739//2739
f 2717//2717 2552//2552 2740//2740
f 1781//1781 2709//2709 2741//2741
f 400//400 560//560 504//504
f 1783//1783 510//510 2560//2560
f 2742//2742 936//936 935//935
f 2704//2704 2743//2743 2703//2703
f 2744//2744 2739//2739 2745//2745
f 2697//2697 2739//2739 2744//2744
f 2369//2369 2561//2561 2370//2370
f 2444//2444 2448//2448 508//508
f 2707//2707 514//514 2505//2505
f 466//466 476//476 475//475
f 2747//2747 2746//2746 935//935
f 935//935 2746//2746 2742//2742
f 2730//2730 399//399 2748//2748
f 2369//2369 2368//2368 2554//2554
f 510//510 1783//1783 509//509
f 398//398 2749//2749 2541//2541
f 2752//2752 2751//2751 2750//2750
f 2734//2734 2753//2753 2735//2735
f 509//509 1783//1783 2754//2754
f 2754//2754 1783//1783 2755//2755
f 510//510 476//476 2559//2559
f 1782//1782 1783//1783 2560//2560
f 2758//2758 2757//2757 2756//2756
f 2730//2730 2717//2717 560//560
f 591//591 2759//2759 2731//2731
f 2759//2759 591//591 2760//2760
f 2749//2749 506//506 2761//2761
f 2492//2492 2622//2622 2572//2572
f 2710//2710 2572//2572 2622//2622
f 2492//2492 431//431 2622//2622
f 2762//2762 2763//2763 2764//2764
f 2572//2572 2765//2765 2257//2257
f 2257//2257 2765//2765 2557//2557
f 2556//2556 2257//2257 2557//2557
f 2557//2557 2765//2765 2558//2558
f 2568//2568 2766//2766 2537//2537
f 2537//2537 2766//2766 2389//2389
f 2390//2390 2389//2389 2766//2766
f 505//505 503//503 2558//2558
f 2767//2767 2744//2744 2541//2541
f 506//506 505//505 2761//2761
f 2623//2623 431//431 430//430
f 2763//2763 2762//2762 2718//2718
f 2768//2768 2717//2717 2730//2730
f 2763//2763 2769//2769 2764//2764
f 2565//2565 2770//2770 2529//2529
f 2504//2504 2707//2707 2505//2505
f 2764//2764 2769//2769 2771//2771
f 2772//2772 2773//2773 2762//2762
f 2173//2173 2172//2172 2494//2494
f 2517//2517 2496//2496 2495//2495
f 2564//2564 2648//2648 1781//1781
f 2495//2495 2494//2494 2172//2172
f 2206//2206 2204//2204 2517//2517
f 2468//2468 2517//2517 2204//2204
f 2172//2172 2206//2206 2495//2495
f 2520//2520 468//468 2524//2524
f 2507//2507 2774//2774 2443//2443
f 399//399 2541//2541 2748//2748
f 2748//2748 2541//2541 2744//2744
f 2770//2770 2565//2565 434//434
f 2775//2775 613//613 615//615
f 2763//2763 2718//2718 2717//2717
f 2776//2776 2777//2777 2253//2253
f 2739//2739 2778//2778 2745//2745
f 2662//2662 2664//2664 2779//2779
f 2542//2542 2543//2543 2780//2780
f 1893//1893 2778//2778 2739//2739
f 2719//2719 2777//2777 2720//2720
f 2781//2781 2725//2725 2782//2782
f 2703//2703 2755//2755 2705//2705
f 2662//2662 2779//2779 455//455
f 2783//2783 2613//2613 2784//2784
f 2062//2062 613//613 2775//2775
f 2507//2507 2443//2443 2521//2521
f 612//612 2785//2785 611//611
f 107//107 363//363 106//106
f 365//365 106//106 363//363
f 2787//2787 2786//2786 627//627
f 2788//2788 2789//2789 2790//2790
f 2792//2792 784//784 2791//2791
f 2793//2793 1009//1009 1010//1010
f 2794//2794 2702//2702 2700//2700
f 2795//2795 2796//2796 614//614
f 509//509 2797//2797 2798//2798
f 509//509 2798//2798 477//477
f 618//618 2799//2799 616//616
f 2049//2049 2050//2050 2800//2800
f 2802//2802 2542//2542 2801//2801
f 2704//2704 2803//2803 2644//2644
f 2804//2804 2805//2805 2806//2806
f 2807//2807 2806//2806 2805//2805
f 2810//2810 2809//2809 2808//2808
f 2811//2811 2812//2812 2813//2813
f 1983//1983 2812//2812 2811//2811
f 2775//2775 2814//2814 2815//2815
f 2816//2816 551//551 2817//2817
f 2816//2816 2817//2817 2818//2818
f 2798//2798 2797//2797 1008//1008
f 2803//2803 2645//2645 2644//2644
f 2821//2821 2820//2820 2819//2819
f 2704//2704 2644//2644 2743//2743
f 565//565 567//567 2822//2822
f 2797//2797 509//509 2754//2754
f 2824//2824 2823//2823 2817//2817
f 2825//2825 1009//1009 2793//2793
f 2827//2827 2826//2826 2534//2534
f 2828//2828 2817//2817 551//551
f 2828//2828 551//551 550//550
f 2787//2787 2530//2530 2829//2829
f 1010//1010 2061//2061 2062//2062
f 2061//2061 1010//1010 1008//1008
f 2830//2830 2794//2794 2700//2700
f 2795//2795 2826//2826 2827//2827
f 2786//2786 629//629 627//627
f 2831//2831 2832//2832 2825//2825
f 2830//2830 2834//2834 2833//2833
f 2835//2835 2834//2834 2830//2830
f 2533//2533 2644//2644 2532//2532
f 2756//2756 2836//2836 2726//2726
f 2837//2837 2832//2832 2442//2442
f 2442//2442 475//475 2837//2837
f 618//618 2838//2838 2799//2799
f 2833//2833 2839//2839 2042//2042
f 2775//2775 1010//1010 2062//2062
f 2828//2828 550//550 2840//2840
f 2815//2815 2793//2793 1010//1010
f 1781//1781 2741//2741 1783//1783
f 2075//2075 595//595 597//597
f 2076//2076 2075//2075 597//597
f 2841//2841 2704//2704 2705//2705
f 468//468 425//425 424//424
f 2774//2774 425//425 468//468
f 529//529 406//406 405//405
f 2081//2081 1993//1993 2019//2019
f 2559//2559 2527//2527 2526//2526
f 2520//2520 2527//2527 466//466
f 551//551 2816//2816 549//549
f 549//549 2816//2816 627//627
f 541//541 2842//2842 2344//2344
f 540//540 2843//2843 542//542
f 2845//2845 2844//2844 2815//2815
f 971//971 2827//2827 2534//2534
f 2794//2794 2846//2846 2750//2750
f 2849//2849 2848//2848 2847//2847
f 2700//2700 2701//2701 2830//2830
f 734//734 2850//2850 732//732
f 2851//2851 2852//2852 2812//2812
f 2853//2853 2785//2785 612//612
f 2008//2008 2057//2057 2055//2055
f 2854//2854 2783//2783 2855//2855
f 2857//2857 2824//2824 2856//2856
f 2835//2835 2701//2701 2858//2858
f 2861//2861 2860//2860 2859//2859
f 2847//2847 2848//2848 2831//2831
f 2146//2146 2575//2575 2862//2862
f 2576//2576 2863//2863 2535//2535
f 2863//2863 2864//2864 2535//2535
f 2865//2865 2866//2866 2867//2867
f 2838//2838 2702//2702 2868//2868
f 404//404 2869//2869 2862//2862
f 2857//2857 2856//2856 2870//2870
f 2857//2857 2870//2870 2843//2843
f 2871//2871 2872//2872 2873//2873
f 238//238 254//254 94//94
f 2874//2874 2873//2873 2875//2875
f 558//558 2877//2877 2876//2876
f 2817//2817 2828//2828 2824//2824
f 2824//2824 2828//2828 2856//2856
f 2801//2801 2758//2758 2878//2878
f 2880//2880 2820//2820 2879//2879
f 2881//2881 2882//2882 2883//2883
f 2872//2872 2884//2884 2343//2343
f 2343//2343 2885//2885 2872//2872
f 2886//2886 2800//2800 2887//2887
f 2813//2813 1936//1936 2811//2811
f 2888//2888 2838//2838 618//618
f 2856//2856 2839//2839 2834//2834
f 2889//2889 2887//2887 2131//2131
f 2743//2743 2890//2890 2891//2891
f 2830//2830 2701//2701 2835//2835
f 2868//2868 2751//2751 2799//2799
f 2783//2783 2892//2892 2893//2893
f 2896//2896 2895//2895 2894//2894
f 2889//2889 2131//2131 2888//2888
f 2897//2897 2889//2889 2888//2888
f 2069//2069 610//610 2879//2879
f 2820//2820 2069//2069 2879//2879
f 2899//2899 1817//1817 2898//2898
f 2873//2873 2872//2872 2885//2885
f 2029//2029 543//543 545//545
f 2886//2886 2887//2887 2889//2889
f 2008//2008 526//526 527//527
f 2887//2887 2900//2900 2030//2030
f 2003//2003 2001//2001 2901//2901
f 607//607 606//606 2024//2024
f 2790//2790 2789//2789 2899//2899
f 2868//2868 2799//2799 2838//2838
f 2858//2858 2003//2003 2901//2901
f 2902//2902 970//970 971//971
f 2751//2751 2868//2868 2750//2750
f 1008//1008 1009//1009 2798//2798
f 969//969 2795//2795 2827//2827
f 596//596 2090//2090 626//626
f 479//479 2531//2531 520//520
f 2350//2350 2531//2531 479//479
f 2597//2597 2903//2903 2904//2904
f 2904//2904 2596//2596 2597//2597
f 2225//2225 2905//2905 287//287
f 287//287 2905//2905 289//289
f 2906//2906 566//566 565//565
f 1519//1519 2207//2207 2262//2262
f 2155//2155 2331//2331 2145//2145
f 2847//2847 2831//2831 2907//2907
f 2907//2907 2831//2831 2825//2825
f 2754//2754 2755//2755 2703//2703
f 2836//2836 2727//2727 2726//2726
f 2726//2726 2728//2728 2908//2908
f 2552//2552 2550//2550 2728//2728
f 2909//2909 2778//2778 1893//1893
f 1895//1895 2909//2909 1893//1893
f 2867//2867 2910//2910 2865//2865
f 2911//2911 2796//2796 969//969
f 2856//2856 2834//2834 2912//2912
f 2912//2912 2870//2870 2856//2856
f 2915//2915 2914//2914 2913//2913
f 2916//2916 733//733 732//732
f 2852//2852 2917//2917 2812//2812
f 2918//2918 2919//2919 591//591
f 2920//2920 2919//2919 2918//2918
f 2923//2923 2922//2922 2921//2921
f 2867//2867 2775//2775 615//615
f 2875//2875 2873//2873 2885//2885
f 2926//2926 2925//2925 2924//2924
f 2929//2929 2928//2928 2927//2927
f 2932//2932 2931//2931 2930//2930
f 2930//2930 2931//2931 2933//2933
f 2851//2851 2910//2910 2342//2342
f 2934//2934 2931//2931 2853//2853
f 2853//2853 2931//2931 2785//2785
f 2865//2865 2910//2910 2788//2788
f 2912//2912 2834//2834 2835//2835
f 1937//1937 1936//1936 2813//2813
f 2936//2936 2923//2923 2935//2935
f 2932//2932 2936//2936 2937//2937
f 2881//2881 2922//2922 2930//2930
f 2937//2937 2938//2938 2939//2939
f 2937//2937 2939//2939 611//611
f 2942//2942 2941//2941 2940//2940
f 2943//2943 1895//1895 2944//2944
f 1464//1464 2944//2944 1895//1895
f 1046//1046 1113//1113 1013//1013
f 1113//1113 1046//1046 1045//1045
f 2048//2048 2939//2939 734//734
f 611//611 2939//2939 2048//2048
f 2923//2923 2921//2921 2945//2945
f 959//959 2946//2946 2254//2254
f 2947//2947 961//961 2948//2948
f 2948//2948 961//961 953//953
f 953//953 961//961 293//293
f 2903//2903 2950//2950 2949//2949
f 1463//1463 2903//2903 2949//2949
f 736//736 968//968 2951//2951
f 638//638 237//237 1720//1720
f 1725//1725 2952//2952 2953//2953
f 2596//2596 2906//2906 565//565
f 2739//2739 1892//1892 1893//1893
f 778//778 968//968 749//749
f 1464//1464 2738//2738 2540//2540
f 289//289 2905//2905 2145//2145
f 289//289 2145//2145 2331//2331
f 784//784 783//783 2791//2791
f 956//956 2942//2942 954//954
f 768//768 2955//2955 2954//2954
f 2956//2956 2917//2917 2852//2852
f 2596//2596 2699//2699 2906//2906
f 338//338 2952//2952 2724//2724
f 2957//2957 2958//2958 2959//2959
f 2959//2959 2960//2960 2957//2957
f 2880//2880 2819//2819 2820//2820
f 542//542 2863//2863 2576//2576
f 2576//2576 2146//2146 542//542
f 2961//2961 2699//2699 2698//2698
f 2883//2883 2882//2882 2422//2422
f 2580//2580 2962//2962 2963//2963
f 2145//2145 2905//2905 2135//2135
f 1894//1894 2738//2738 1464//1464
f 1464//1464 1895//1895 1894//1894
f 2964//2964 2944//2944 1464//1464
f 2941//2941 2965//2965 2940//2940
f 2940//2940 2965//2965 928//928
f 1145//1145 2719//2719 1146//1146
f 2908//2908 2728//2728 2943//2943
f 403//403 2466//2466 2203//2203
f 2966//2966 2597//2597 565//565
f 2822//2822 2966//2966 565//565
f 2930//2930 2922//2922 2932//2932
f 2852//2852 2851//2851 2967//2967
f 2970//2970 2969//2969 2968//2968
f 2971//2971 2969//2969 2970//2970
f 567//567 2972//2972 2822//2822
f 2973//2973 2801//2801 2878//2878
f 2917//2917 2880//2880 1937//1937
f 2917//2917 1937//1937 2813//2813
f 2917//2917 2956//2956 2880//2880
f 598//598 2974//2974 600//600
f 2121//2121 1607//1607 1926//1926
f 2882//2882 2881//2881 2975//2975
f 2976//2976 2882//2882 2975//2975
f 957//957 2977//2977 813//813
f 2956//2956 2819//2819 2880//2880
f 2931//2931 2932//2932 2937//2937
f 2938//2938 2850//2850 2939//2939
f 2968//2968 2976//2976 2975//2975
f 2970//2970 2968//2968 2975//2975
f 1720//1720 237//237 1717//1717
f 807//807 1717//1717 237//237
f 2980//2980 2979//2979 2978//2978
f 2981//2981 2980//2980 2978//2978
f 2966//2966 2976//2976 2982//2982
f 2976//2976 2966//2966 2424//2424
f 2985//2985 2984//2984 2983//2983
f 708//708 2986//2986 1709//1709
f 2989//2989 2988//2988 2987//2987
f 2990//2990 2989//2989 2987//2987
f 1704//1704 775//775 2991//2991
f 2991//2991 775//775 191//191
f 2879//2879 610//610 2048//2048
f 2898//2898 2992//2992 617//617
f 2048//2048 610//610 611//611
f 931//931 2948//2948 953//953
f 925//925 953//953 293//293
f 293//293 294//294 925//925
f 2978//2978 2979//2979 2985//2985
f 2985//2985 2993//2993 2978//2978
f 2994//2994 2979//2979 2980//2980
f 2993//2993 2423//2423 2981//2981
f 2993//2993 2981//2981 2978//2978
f 2996//2996 2995//2995 2807//2807
f 737//737 968//968 736//736
f 2998//2998 2955//2955 2997//2997
f 2979//2979 2987//2987 2985//2985
f 2985//2985 2987//2987 2988//2988
f 1704//1704 2999//2999 708//708
f 2987//2987 2979//2979 2994//2994
f 2883//2883 2993//2993 2985//2985
f 3000//3000 2861//2861 419//419
f 36//36 34//34 3001//3001
f 755//755 3002//3002 3003//3003
f 3001//3001 580//580 36//36
f 3004//3004 3005//3005 2804//2804
f 2859//2859 3006//3006 2861//2861
f 2998//2998 2989//2989 548//548
f 3007//3007 778//778 546//546
f 3008//3008 3009//3009 2760//2760
f 1707//1707 576//576 575//575
f 1877//1877 320//320 3010//3010
f 2819//2819 3011//3011 2821//2821
f 3014//3014 3013//3013 3012//3012
f 2971//2971 2970//2970 2933//2933
f 770//770 736//736 2951//2951
f 2930//2930 2933//2933 2970//2970
f 419//419 3015//3015 418//418
f 581//581 580//580 3012//3012
f 3012//3012 580//580 3001//3001
f 571//571 572//572 577//577
f 3017//3017 3016//3016 300//300
f 1682//1682 3//3 1743//1743
f 3018//3018 738//738 555//555
f 19//19 21//21 721//721
f 3019//3019 2844//2844 2845//2845
f 2042//2042 2839//2839 2840//2840
f 2801//2801 2542//2542 3020//3020
f 2907//2907 2844//2844 3019//3019
f 388//388 387//387 1883//1883
f 1883//1883 3021//3021 388//388
f 777//777 807//807 775//775
f 2911//2911 3011//3011 2796//2796
f 2823//2823 2824//2824 2857//2857
f 2839//2839 2828//2828 2840//2840
f 3023//3023 3022//3022 1027//1027
f 718//718 2759//2759 3024//3024
f 3025//3025 3018//3018 299//299
f 3027//3027 3026//3026 387//387
f 20//20 82//82 84//84
f 20//20 84//84 571//571
f 619//619 3028//3028 630//630
f 2872//2872 2871//2871 2884//2884
f 2823//2823 2857//2857 2884//2884
f 84//84 3029//3029 571//571
f 315//315 1863//1863 1851//1851
f 2926//2926 592//592 2860//2860
f 2930//2930 2975//2975 2881//2881
f 793//793 622//622 620//620
f 3031//3031 2920//2920 3030//3030
f 2733//2733 721//721 720//720
f 3032//3032 3033//3033 3034//3034
f 2861//2861 3000//3000 2804//2804
f 2861//2861 2804//2804 3035//3035
f 590//590 3023//3023 1027//1027
f 2928//2928 3036//3036 2927//2927
f 128//128 127//127 639//639
f 2017//2017 2073//2073 2015//2015
f 2997//2997 2955//2955 3037//3037
f 219//219 202//202 201//201
f 2047//2047 734//734 733//733
f 2975//2975 2930//2930 2970//2970
f 738//738 1710//1710 3038//3038
f 3039//3039 2014//2014 2015//2015
f 746//746 582//582 339//339
f 2976//2976 2968//2968 2982//2982
f 3040//3040 3015//3015 3041//3041
f 3044//3044 3043//3043 3042//3042
f 3046//3046 1029//1029 3045//3045
f 3047//3047 3046//3046 3045//3045
f 3048//3048 3049//3049 3050//3050
f 1837//1837 1728//1728 283//283
f 2101//2101 1728//1728 1837//1837
f 563//563 564//564 37//37
f 2060//2060 3051//3051 1988//1988
f 3053//3053 700//700 3052//3052
f 3054//3054 3053//3053 3052//3052
f 306//306 307//307 3014//3014
f 3055//3055 3032//3032 3034//3034
f 201//201 218//218 219//219
f 805//805 1675//1675 1716//1716
f 59//59 60//60 3056//3056
f 3057//3057 333//333 334//334
f 712//712 3058//3058 3059//3059
f 3059//3059 3060//3060 712//712
f 3061//3061 3062//3062 3063//3063
f 2576//2576 405//405 2575//2575
f 2074//2074 3064//3064 1985//1985
f 3066//3066 1982//1982 3065//3065
f 3067//3067 1819//1819 1983//1983
f 3068//3068 3058//3058 712//712
f 1896//1896 1623//1623 1721//1721
f 418//418 3015//3015 3040//3040
f 836//836 225//225 224//224
f 3032//3032 3069//3069 3033//3033
f 2015//2015 3070//3070 3039//3039
f 36//36 3071//3071 35//35
f 569//569 1963//1963 2032//2032
f 2807//2807 3072//3072 2806//2806
f 2925//2925 2806//2806 3072//3072
f 3071//3071 36//36 2924//2924
f 3074//3074 3073//3073 701//701
f 3054//3054 2807//2807 3075//3075
f 3054//3054 3052//3052 3072//3072
f 3054//3054 3072//3072 2807//2807
f 3053//3053 3077//3077 3076//3076
f 1818//1818 1817//1817 2899//2899
f 3075//3075 3053//3053 3054//3054
f 2049//2049 2898//2898 1817//1817
f 2861//2861 3006//3006 419//419
f 3035//3035 2806//2806 2925//2925
f 3078//3078 2860//2860 590//590
f 592//592 590//590 2860//2860
f 3033//3033 3069//3069 2896//2896
f 2750//2750 2846//2846 2043//2043
f 2038//2038 2071//2071 2036//2036
f 616//616 2751//2751 3079//3079
f 1988//1988 3051//3051 2808//2808
f 3080//3080 1793//1793 1899//1899
f 1963//1963 1886//1886 2032//2032
f 3081//3081 3082//3082 3083//3083
f 3081//3081 3083//3083 3057//3057
f 3050//3050 3036//3036 3084//3084
f 1699//1699 1808//1808 1350//1350
f 3085//3085 1846//1846 947//947
f 1974//1974 2019//2019 1976//1976
f 2059//2059 1988//1988 3086//3086
f 2060//2060 2068//2068 3051//3051
f 3087//3087 3088//3088 3089//3089
f 1743//1743 1825//1825 1690//1690
f 3006//3006 3015//3015 419//419
f 1682//1682 1743//1743 1683//1683
f 3080//3080 1903//1903 1901//1901
f 3090//3090 1903//1903 3080//3080
f 269//269 1748//1748 1749//1749
f 563//563 37//37 39//39
f 3091//3091 2013//2013 2914//2914
f 2914//2914 2013//2013 2913//2913
f 2014//2014 3039//3039 2913//2913
f 2001//2001 1966//1966 1964//1964
f 1819//1819 3067//3067 2895//2895
f 2886//2886 2898//2898 2049//2049
f 2122//2122 309//309 1921//1921
f 309//309 2122//2122 310//310
f 3093//3093 3092//3092 2067//2067
f 1520//1520 1521//1521 2119//2119
f 2800//2800 2886//2886 2049//2049
f 732//732 3094//3094 3076//3076
f 2916//2916 732//732 3076//3076
f 1817//1817 1819//1819 3095//3095
f 702//702 3053//3053 3076//3076
f 2867//2867 615//615 2910//2910
f 3096//3096 3097//3097 596//596
f 596//596 3097//3097 2090//2090
f 2910//2910 615//615 2342//2342
f 2867//2867 2866//2866 2814//2814
f 2814//2814 2775//2775 2867//2867
f 2043//2043 2846//2846 2042//2042
f 2833//2833 2846//2846 2830//2830
f 3098//3098 1935//1935 2916//2916
f 3057//3057 3083//3083 3099//3099
f 2794//2794 2830//2830 2846//2846
f 2289//2289 2027//2027 3100//3100
f 2051//2051 2887//2887 2030//2030
f 2090//2090 3101//3101 2091//2091
f 3051//3051 1980//1980 3066//3066
f 333//333 3102//3102 332//332
f 296//296 315//315 285//285
f 296//296 285//285 284//284
f 3099//3099 1981//1981 3057//3057
f 333//333 1987//1987 3102//3102
f 3039//3039 3103//3103 2913//2913
f 3055//3055 3088//3088 3104//3104
f 3089//3089 3088//3088 3105//3105
f 3105//3105 3088//3088 3055//3055
f 3101//3101 3107//3107 3106//3106
f 1965//1965 1966//1966 1891//1891
f 3056//3056 2901//2901 1964//1964
f 59//59 3056//3056 1964//1964
f 2073//2073 2017//2017 1975//1975
f 2916//2916 3076//3076 3077//3077
f 2894//2894 2895//2895 3067//3067
f 3108//3108 2901//2901 3056//3056
f 2858//2858 2901//2901 3108//3108
f 3103//3103 3048//3048 3050//3050
f 3041//3041 3078//3078 3109//3109
f 1817//1817 3095//3095 2050//2050
f 3043//3043 3110//3110 3111//3111
f 2775//2775 2815//2815 1010//1010
f 2916//2916 3077//3077 3098//3098
f 2917//2917 2813//2813 2812//2812
f 3094//3094 702//702 3076//3076
f 3048//3048 3112//3112 3106//3106
f 3080//3080 1899//1899 3113//3113
f 3106//3106 3114//3114 3048//3048
f 2073//2073 1951//1951 2091//2091
f 3092//3092 2900//2900 3115//3115
f 3032//3032 3055//3055 3104//3104
f 766//766 305//305 306//306
f 3117//3117 3116//3116 3034//3034
f 617//617 2007//2007 2790//2790
f 2896//2896 2894//2894 3117//3117
f 3114//3114 3049//3049 3048//3048
f 3118//3118 3114//3114 3089//3089
f 1937//1937 733//733 1935//1935
f 2042//2042 2846//2846 2833//2833
f 3079//3079 2007//2007 616//616
f 2789//2789 2812//2812 3119//3119
f 1983//1983 2811//2811 3067//3067
f 2842//2842 2146//2146 2862//2862
f 2009//2009 2869//2869 406//406
f 3119//3119 1818//1818 2899//2899
f 2886//2886 2992//2992 2898//2898
f 1935//1935 733//733 2916//2916
f 3117//3117 3033//3033 2896//2896
f 3034//3034 3033//3033 3117//3117
f 3075//3075 2807//2807 2995//2995
f 3063//3063 3062//3062 3120//3120
f 2995//2995 3116//3116 3077//3077
f 3116//3116 3121//3121 3034//3034
f 3111//3111 3110//3110 334//334
f 700//700 701//701 3122//3122
f 2928//2928 2929//2929 3123//3123
f 420//420 3123//3123 2929//2929
f 3068//3068 3061//3061 3124//3124
f 3125//3125 302//302 304//304
f 3057//3057 3110//3110 3081//3081
f 3081//3081 3110//3110 3044//3044
f 3009//3009 3008//3008 3031//3031
f 653//653 3126//3126 652//652
f 268//268 659//659 683//683
f 703//703 268//268 683//683
f 43//43 826//826 44//44
f 268//268 267//267 659//659
f 206//206 637//637 267//267
f 254//254 93//93 94//94
f 257//257 96//96 826//826
f 636//636 1674//1674 669//669
f 1896//1896 1721//1721 1617//1617
f 251//251 207//207 208//208
f 684//684 707//707 703//703
f 684//684 703//703 683//683
f 588//588 562//562 587//587
f 1579//1579 1575//1575 1576//1576
f 1713//1713 654//654 643//643
f 64//64 647//647 667//667
f 51//51 643//643 50//50
f 658//658 95//95 143//143
f 658//658 143//143 644//644
f 673//673 93//93 25//25
f 673//673 143//143 95//95
f 95//95 93//93 673//673
f 226//226 855//855 871//871
f 644//644 143//143 50//50
f 584//584 637//637 640//640
f 650//650 637//637 584//584
f 1641//1641 223//223 222//222
f 56//56 57//57 826//826
f 650//650 267//267 637//637
f 650//650 584//584 255//255
f 650//650 255//255 277//277
f 1711//1711 3127//3127 28//28
f 216//216 1706//1706 846//846
f 277//277 255//255 257//257
f 826//826 1644//1644 56//56
f 1644//1644 623//623 56//56
f 1255//1255 3128//3128 212//212
f 1398//1398 1255//1255 212//212
f 636//636 669//669 640//640
f 1700//1700 1721//1721 1675//1675
f 826//826 96//96 1644//1644
f 256//256 584//584 583//583
f 171//171 1688//1688 172//172
f 584//584 256//256 255//255
f 257//257 256//256 96//96
f 96//96 256//256 1680//1680
f 3129//3129 1581//1581 1582//1582
f 870//870 821//821 822//822
f 883//883 41//41 42//42
f 885//885 41//41 883//883
f 1604//1604 1735//1735 1820//1820
f 646//646 64//64 1680//1680
f 619//619 3131//3131 3130//3130
f 563//563 3131//3131 562//562
f 562//562 3131//3131 619//619
f 3132//3132 583//583 585//585
f 3028//3028 619//619 3133//3133
f 809//809 836//836 224//224
f 3135//3135 1722//1722 3134//3134
f 291//291 3136//3136 292//292
f 808//808 820//820 809//809
f 15//15 665//665 13//13
f 3133//3133 619//619 3130//3130
f 3137//3137 1629//1629 1628//1628
f 1700//1700 806//806 804//804
f 3132//3132 663//663 664//664
f 664//664 651//651 645//645
f 646//646 664//664 645//645
f 664//664 583//583 3132//3132
f 12//12 1681//1681 10//10
f 1626//1626 3132//3132 585//585
f 1684//1684 1711//1711 37//37
f 1711//1711 589//589 37//37
f 256//256 583//583 1680//1680
f 3138//3138 1626//1626 668//668
f 668//668 3139//3139 3138//3138
f 3127//3127 11//11 28//28
f 64//64 96//96 1680//1680
f 1684//1684 3127//3127 1711//1711
f 3140//3140 11//11 3127//3127
f 315//315 296//296 298//298
f 658//658 654//654 1674//1674
f 836//836 851//851 847//847
f 96//96 66//66 1644//1644
f 66//66 65//65 642//642
f 66//66 642//642 1644//1644
f 3130//3130 3131//3131 692//692
f 3130//3130 692//692 599//599
f 3131//3131 39//39 692//692
f 683//683 659//659 3141//3141
f 3142//3142 2974//2974 718//718
f 3142//3142 718//718 717//717
f 590//590 1027//1027 3143//3143
f 718//718 83//83 2759//2759
f 571//571 691//691 573//573
f 3028//3028 3141//3141 659//659
f 3028//3028 659//659 630//630
f 630//630 659//659 631//631
f 2925//2925 2860//2860 3035//3035
f 2926//2926 2860//2860 2925//2925
f 3144//3144 3038//3038 2986//2986
f 254//254 3145//3145 26//26
f 699//699 3145//3145 695//695
f 227//227 699//699 189//189
f 237//237 227//227 189//189
f 3145//3145 699//699 26//26
f 26//26 699//699 227//227
f 1397//1397 3146//3146 1660//1660
f 651//651 742//742 645//645
f 38//38 682//682 39//39
f 1863//1863 726//726 3085//3085
f 609//609 63//63 62//62
f 3//3 1682//1682 846//846
f 1681//1681 845//845 1682//1682
f 695//695 694//694 190//190
f 1706//1706 1//1 3//3
f 738//738 3038//3038 681//681
f 3038//3038 3144//3144 681//681
f 694//694 2999//2999 2991//2991
f 1707//1707 713//713 1708//1708
f 1710//1710 2986//2986 3038//3038
f 715//715 713//713 1707//1707
f 3017//3017 716//716 3016//3016
f 691//691 2974//2974 598//598
f 1823//1823 1825//1825 1743//1743
f 1743//1743 3//3 1823//1823
f 2860//2860 3078//3078 3147//3147
f 3148//3148 547//547 3149//3149
f 3148//3148 3149//3149 710//710
f 2991//2991 2999//2999 1704//1704
f 741//741 697//697 3149//3149
f 854//854 821//821 852//852
f 853//853 852//852 821//821
f 782//782 790//790 794//794
f 689//689 782//782 794//794
f 280//280 1734//1734 1732//1732
f 61//61 722//722 3145//3145
f 254//254 61//61 3145//3145
f 722//722 695//695 3145//3145
f 740//740 698//698 697//697
f 574//574 722//722 61//61
f 61//61 63//63 574//574
f 2998//2998 3150//3150 2955//2955
f 649//649 301//301 680//680
f 300//300 835//835 3151//3151
f 300//300 3151//3151 299//299
f 555//555 299//299 3018//3018
f 649//649 576//576 1708//1708
f 649//649 1708//1708 301//301
f 386//386 388//388 3047//3047
f 3047//3047 388//388 3021//3021
f 738//738 3152//3152 674//674
f 738//738 674//674 1710//1710
f 694//694 693//693 3144//3144
f 3144//3144 693//693 649//649
f 649//649 693//693 574//574
f 649//649 681//681 3144//3144
f 715//715 731//731 704//704
f 1617//1617 1721//1721 858//858
f 731//731 715//715 1707//1707
f 1707//1707 575//575 731//731
f 575//575 609//609 731//731
f 693//693 695//695 574//574
f 716//716 3017//3017 713//713
f 714//714 716//716 713//713
f 3006//3006 2859//2859 2860//2860
f 3021//3021 1884//1884 3059//3059
f 298//298 711//711 726//726
f 1708//1708 3017//3017 301//301
f 301//301 3017//3017 300//300
f 713//713 3017//3017 1708//1708
f 740//740 741//741 3153//3153
f 2669//2669 2695//2695 2667//2667
f 3029//3029 83//83 2974//2974
f 3154//3154 3022//3022 3023//3023
f 727//727 3154//3154 3023//3023
f 2732//2732 723//723 19//19
f 2732//2732 19//19 721//721
f 3026//3026 3155//3155 1883//1883
f 3029//3029 691//691 571//571
f 2759//2759 723//723 2731//2731
f 691//691 3029//3029 2974//2974
f 600//600 2974//2974 3142//3142
f 3142//3142 717//717 600//600
f 83//83 3029//3029 84//84
f 3131//3131 563//563 39//39
f 708//708 2999//2999 2986//2986
f 55//55 37//37 564//564
f 3024//3024 3156//3156 718//718
f 2991//2991 190//190 694//694
f 706//706 705//705 717//717
f 692//692 573//573 599//599
f 3157//3157 1689//1689 621//621
f 599//599 600//600 3158//3158
f 598//598 599//599 573//573
f 3158//3158 3130//3130 599//599
f 600//600 705//705 3158//3158
f 685//685 3158//3158 705//705
f 3158//3158 685//685 3141//3141
f 3158//3158 3133//3133 3130//3130
f 3141//3141 3133//3133 3158//3158
f 3028//3028 3133//3133 3141//3141
f 3152//3152 756//756 674//674
f 1709//1709 2986//2986 1710//1710
f 731//731 609//609 684//684
f 685//685 731//731 684//684
f 707//707 684//684 609//609
f 3141//3141 685//685 683//683
f 2974//2974 83//83 718//718
f 723//723 2759//2759 83//83
f 2999//2999 694//694 3144//3144
f 2999//2999 3144//3144 2986//2986
f 3153//3153 778//778 779//779
f 546//546 778//778 3153//3153
f 716//716 718//718 3156//3156
f 833//833 3016//3016 3156//3156
f 835//835 300//300 3016//3016
f 833//833 3031//3031 834//834
f 3009//3009 3031//3031 833//833
f 3156//3156 3016//3016 716//716
f 835//835 3016//3016 833//833
f 769//769 547//547 3148//3148
f 3159//3159 3025//3025 3002//3002
f 834//834 3160//3160 835//835
f 3143//3143 1027//1027 3161//3161
f 3024//3024 3009//3009 3156//3156
f 3162//3162 2941//2941 2942//2942
f 2957//2957 3162//3162 2942//2942
f 3018//3018 3152//3152 738//738
f 833//833 3156//3156 3009//3009
f 3160//3160 834//834 3031//3031
f 3160//3160 3031//3031 3163//3163
f 3024//3024 2759//2759 2760//2760
f 3024//3024 2760//2760 3009//3009
f 299//299 3151//3151 3164//3164
f 3164//3164 835//835 3160//3160
f 835//835 3164//3164 3151//3151
f 3025//3025 299//299 3164//3164
f 3152//3152 3018//3018 756//756
f 756//756 3018//3018 3025//3025
f 3025//3025 3159//3159 756//756
f 2994//2994 2951//2951 2987//2987
f 2951//2951 968//968 2987//2987
f 968//968 2990//2990 2987//2987
f 784//784 3165//3165 785//785
f 785//785 3165//3165 803//803
f 709//709 710//710 1498//1498
f 547//547 741//741 3149//3149
f 774//774 709//709 1498//1498
f 774//774 775//775 709//709
f 3166//3166 3071//3071 3073//3073
f 3073//3073 3167//3167 3166//3166
f 3007//3007 546//546 548//548
f 3001//3001 766//766 306//306
f 3001//3001 306//306 3012//3012
f 547//547 3150//3150 548//548
f 3150//3150 547//547 2954//2954
f 2954//2954 547//547 769//769
f 3150//3150 2998//2998 548//548
f 2990//2990 3007//3007 2989//2989
f 968//968 3007//3007 2990//2990
f 771//771 735//735 736//736
f 3168//3168 770//770 3169//3169
f 3168//3168 3169//3169 2980//2980
f 937//937 2696//2696 3170//3170
f 936//936 2696//2696 937//937
f 3007//3007 548//548 2989//2989
f 3164//3164 3171//3171 3025//3025
f 3160//3160 3171//3171 3164//3164
f 3002//3002 3025//3025 3171//3171
f 3172//3172 3001//3001 3037//3037
f 788//788 1694//1694 881//881
f 1723//1723 788//788 881//881
f 3001//3001 3172//3172 766//766
f 770//770 2951//2951 3169//3169
f 708//708 1709//1709 3173//3173
f 274//274 881//881 1694//1694
f 3153//3153 741//741 547//547
f 546//546 3153//3153 547//547
f 2252//2252 3174//3174 2254//2254
f 2252//2252 932//932 501//501
f 788//788 3175//3175 696//696
f 725//725 3176//3176 77//77
f 787//787 882//882 259//259
f 258//258 787//787 259//259
f 786//786 785//785 68//68
f 3105//3105 3177//3177 3089//3089
f 3178//3178 3176//3176 725//725
f 784//784 771//771 3179//3179
f 3180//3180 3178//3178 725//725
f 191//191 775//775 807//807
f 790//790 729//729 794//794
f 877//877 729//729 790//790
f 1723//1723 799//799 689//689
f 689//689 690//690 1723//1723
f 884//884 1678//1678 241//241
f 260//260 759//759 724//724
f 928//928 2965//2965 3179//3179
f 3179//3179 771//771 928//928
f 258//258 724//724 77//77
f 76//76 77//77 3176//3176
f 91//91 802//802 800//800
f 3181//3181 762//762 761//761
f 2935//2935 3167//3167 3182//3182
f 876//876 3175//3175 690//690
f 634//634 843//843 632//632
f 632//632 843//843 3183//3183
f 632//632 3183//3183 915//915
f 926//926 2946//2946 959//959
f 814//814 780//780 276//276
f 3149//3149 697//697 1498//1498
f 1498//1498 710//710 3149//3149
f 622//622 791//791 3157//3157
f 621//621 622//622 3157//3157
f 876//876 777//777 776//776
f 36//36 3184//3184 2924//2924
f 1779//1779 1778//1778 1763//1763
f 1763//1763 1778//1778 3185//3185
f 190//190 2991//2991 191//191
f 690//690 788//788 1723//1723
f 779//779 3186//3186 3153//3153
f 740//740 3153//3153 3186//3186
f 3180//3180 696//696 698//698
f 789//789 696//696 3180//3180
f 787//787 786//786 800//800
f 698//698 740//740 3180//3180
f 3186//3186 3180//3180 740//740
f 3180//3180 3186//3186 3178//3178
f 779//779 748//748 3186//3186
f 3176//3176 3186//3186 748//748
f 3178//3178 3186//3186 3176//3176
f 783//783 786//786 78//78
f 2791//2791 76//76 2792//2792
f 78//78 76//76 2791//2791
f 2791//2791 783//783 78//78
f 735//735 771//771 2792//2792
f 735//735 2792//2792 748//748
f 803//803 67//67 68//68
f 34//34 2997//2997 3037//3037
f 803//803 3165//3165 2941//2941
f 2941//2941 3162//3162 803//803
f 3165//3165 784//784 2965//2965
f 2965//2965 784//784 3179//3179
f 2954//2954 2955//2955 3150//3150
f 2941//2941 3165//3165 2965//2965
f 3176//3176 748//748 2792//2792
f 3176//3176 2792//2792 76//76
f 690//690 3175//3175 788//788
f 2792//2792 771//771 784//784
f 1726//1726 2953//2953 3187//3187
f 955//955 2958//2958 956//956
f 1725//1725 2953//2953 1726//1726
f 1498//1498 3175//3175 776//776
f 774//774 1498//1498 776//776
f 696//696 3175//3175 1498//1498
f 776//776 3175//3175 876//876
f 709//709 1704//1704 708//708
f 769//769 3148//3148 3188//3188
f 3188//3188 710//710 708//708
f 3148//3148 710//710 3188//3188
f 3173//3173 3188//3188 708//708
f 3012//3012 306//306 3014//3014
f 3173//3173 305//305 766//766
f 3188//3188 3173//3173 767//767
f 3188//3188 767//767 769//769
f 305//305 3173//3173 674//674
f 1709//1709 674//674 3173//3173
f 3173//3173 766//766 767//767
f 1720//1720 1689//1689 638//638
f 759//759 725//725 724//724
f 789//789 3180//3180 725//725
f 1694//1694 789//789 759//759
f 759//759 789//789 725//725
f 864//864 790//790 781//781
f 621//621 1720//1720 796//796
f 1689//1689 1720//1720 621//621
f 1780//1780 1800//1800 1692//1692
f 22//22 30//30 1705//1705
f 132//132 801//801 802//802
f 882//882 800//800 801//801
f 787//787 800//800 882//882
f 801//801 132//132 1719//1719
f 1719//1719 132//132 134//134
f 801//801 1719//1719 882//882
f 882//882 1719//1719 797//797
f 762//762 886//886 772//772
f 820//820 819//819 40//40
f 40//40 809//809 820//820
f 772//772 819//819 762//762
f 878//878 818//818 1677//1677
f 763//763 818//818 878//878
f 763//763 878//878 877//877
f 1677//1677 818//818 820//820
f 1738//1738 3189//3189 1836//1836
f 119//119 3190//3190 1204//1204
f 1204//1204 3190//3190 816//816
f 879//879 792//792 730//730
f 810//810 3191//3191 730//730
f 852//852 851//851 885//885
f 3//3 2//2 1823//1823
f 3191//3191 860//860 879//879
f 3134//3134 273//273 272//272
f 118//118 230//230 229//229
f 3192//3192 3193//3193 1670//1670
f 172//172 1688//1688 3194//3194
f 652//652 3126//3126 13//13
f 1693//1693 264//264 1778//1778
f 266//266 264//264 1693//1693
f 1614//1614 3195//3195 3196//3196
f 1614//1614 3196//3196 3197//3197
f 817//817 1204//1204 816//816
f 816//816 3190//3190 1724//1724
f 3085//3085 947//947 1731//1731
f 849//849 850//850 838//838
f 241//241 895//895 885//885
f 180//180 874//874 887//887
f 180//180 887//887 872//872
f 821//821 870//870 853//853
f 855//855 853//853 870//870
f 3198//3198 1670//1670 3193//3193
f 3199//3199 838//838 1218//1218
f 849//849 838//838 3199//3199
f 837//837 1218//1218 838//838
f 822//822 823//823 893//893
f 871//871 118//118 226//226
f 118//118 871//871 230//230
f 230//230 893//893 31//31
f 870//870 892//892 871//871
f 822//822 892//892 870//870
f 3200//3200 1625//1625 1629//1629
f 804//804 1698//1698 1700//1700
f 1648//1648 120//120 229//229
f 1057//1057 605//605 3200//3200
f 820//820 3201//3201 1677//1677
f 728//728 1662//1662 810//810
f 3201//3201 1663//1663 1677//1677
f 3197//3197 1662//1662 1663//1663
f 3197//3197 1663//1663 3202//3202
f 810//810 1662//1662 3197//3197
f 810//810 3197//3197 3196//3196
f 1584//1584 1614//1614 3203//3203
f 3203//3203 1585//1585 1584//1584
f 671//671 30//30 217//217
f 1724//1724 1585//1585 3204//3204
f 3194//3194 3205//3205 859//859
f 3206//3206 3205//3205 3194//3194
f 1688//1688 3206//3206 3194//3194
f 3202//3202 3204//3204 1585//1585
f 3202//3202 1585//1585 3203//3203
f 3202//3202 3203//3203 3197//3197
f 3203//3203 1614//1614 3197//3197
f 3206//3206 3195//3195 3205//3205
f 3195//3195 3206//3206 3196//3196
f 1691//1691 3204//3204 3202//3202
f 3202//3202 3201//3201 1691//1691
f 3202//3202 1663//1663 3201//3201
f 820//820 1691//1691 3201//3201
f 810//810 3196//3196 3191//3191
f 3191//3191 879//879 730//730
f 860//860 3191//3191 3206//3206
f 860//860 3206//3206 1688//1688
f 3206//3206 3191//3191 3196//3196
f 1724//1724 3204//3204 816//816
f 816//816 3204//3204 808//808
f 762//762 3181//3181 886//886
f 798//798 815//815 276//276
f 276//276 275//275 798//798
f 865//865 815//815 3207//3207
f 815//815 3181//3181 3207//3207
f 242//242 1678//1678 867//867
f 865//865 814//814 815//815
f 133//133 880//880 180//180
f 1032//1032 1193//1193 1192//1192
f 1192//1192 129//129 1032//1032
f 856//856 825//825 292//292
f 831//831 1199//1199 1206//1206
f 639//639 638//638 827//827
f 3157//3157 827//827 1689//1689
f 827//827 3157//3157 791//791
f 793//793 620//620 794//794
f 872//872 832//832 894//894
f 887//887 3181//3181 872//872
f 886//886 3181//3181 887//887
f 815//815 832//832 872//872
f 815//815 872//872 3181//3181
f 253//253 886//886 887//887
f 634//634 3208//3208 844//844
f 802//802 679//679 3208//3208
f 679//679 844//844 3208//3208
f 934//934 844//844 679//679
f 891//891 844//844 934//934
f 1372//1372 3209//3209 90//90
f 3183//3183 1416//1416 915//915
f 634//634 842//842 3208//3208
f 3210//3210 3183//3183 3211//3211
f 758//758 896//896 3211//3211
f 758//758 3211//3211 891//891
f 843//843 3211//3211 3183//3183
f 891//891 3211//3211 843//843
f 842//842 132//132 3208//3208
f 132//132 802//802 3208//3208
f 462//462 2690//2690 1043//1043
f 1001//1001 2679//2679 3212//3212
f 3212//3212 85//85 1001//1001
f 3174//3174 3213//3213 2254//2254
f 1188//1188 1211//1211 906//906
f 1183//1183 1184//1184 1323//1323
f 900//900 1278//1278 757//757
f 931//931 186//186 3214//3214
f 931//931 3214//3214 2948//2948
f 1190//1190 129//129 1192//1192
f 757//757 1307//1307 913//913
f 2957//2957 2960//2960 2947//2947
f 811//811 899//899 981//981
f 962//962 899//899 811//811
f 897//897 981//981 899//899
f 1214//1214 1378//1378 1066//1066
f 3215//3215 1378//1378 1214//1214
f 3215//3215 1214//1214 1215//1215
f 1527//1527 3215//3215 1215//1215
f 964//964 3215//3215 1527//1527
f 1378//1378 3215//3215 964//964
f 1277//1277 92//92 187//187
f 900//900 92//92 1277//1277
f 934//934 92//92 900//900
f 187//187 92//92 69//69
f 69//69 67//67 187//187
f 802//802 91//91 679//679
f 1449//1449 1539//1539 1503//1503
f 1449//1449 1503//1503 1320//1320
f 3216//3216 3217//3217 3218//3218
f 929//929 930//930 1278//1278
f 1277//1277 929//929 1278//1278
f 1278//1278 930//930 1307//1307
f 1307//1307 757//757 1278//1278
f 3187//3187 338//338 295//295
f 338//338 3187//3187 2953//2953
f 926//926 2737//2737 2946//2946
f 927//927 2737//2737 926//926
f 2948//2948 3214//3214 2947//2947
f 2947//2947 3214//3214 2957//2957
f 2957//2957 3214//3214 3162//3162
f 3162//3162 3214//3214 186//186
f 803//803 3162//3162 186//186
f 2947//2947 2960//2960 961//961
f 803//803 68//68 785//785
f 1300//1300 1334//1334 1298//1298
f 295//295 961//961 2960//2960
f 295//295 2960//2960 3187//3187
f 1538//1538 1526//1526 1525//1525
f 1479//1479 1526//1526 1538//1538
f 3219//3219 1300//1300 1447//1447
f 2980//2980 3169//3169 2994//2994
f 2994//2994 3169//3169 2951//2951
f 2253//2253 2946//2946 2737//2737
f 2254//2254 2946//2946 2253//2253
f 959//959 3213//3213 957//957
f 3213//3213 959//959 2254//2254
f 922//922 155//155 944//944
f 944//944 945//945 922//922
f 2677//2677 974//974 1130//1130
f 2675//2675 2677//2677 1130//1130
f 1042//1042 2690//2690 1035//1035
f 2658//2658 1000//1000 87//87
f 1002//1002 155//155 922//922
f 3213//3213 2977//2977 957//957
f 3221//3221 3220//3220 932//932
f 2687//2687 3221//3221 2716//2716
f 491//491 869//869 500//500
f 3222//3222 2505//2505 2715//2715
f 2689//2689 1041//1041 2690//2690
f 1725//1725 2699//2699 2747//2747
f 2252//2252 501//501 3174//3174
f 946//946 2721//2721 499//499
f 3213//3213 3174//3174 2977//2977
f 3174//3174 501//501 499//499
f 499//499 2721//2721 3174//3174
f 2721//2721 812//812 3174//3174
f 3174//3174 812//812 2977//2977
f 2977//2977 812//812 813//813
f 812//812 2721//2721 963//963
f 1044//1044 1120//1120 1117//1117
f 922//922 923//923 991//991
f 1034//1034 1041//1041 7//7
f 463//463 1043//1043 1004//1004
f 462//462 1043//1043 463//463
f 991//991 463//463 1004//1004
f 1039//1039 3223//3223 1120//1120
f 1044//1044 1042//1042 1120//1120
f 1034//1034 1040//1040 985//985
f 3223//3223 1118//1118 1120//1120
f 3224//3224 86//86 760//760
f 1034//1034 1035//1035 2690//2690
f 1041//1041 1034//1034 2690//2690
f 236//236 1572//1572 1297//1297
f 261//261 1325//1325 263//263
f 1666//1666 1685//1685 1202//1202
f 2958//2958 3225//3225 2959//2959
f 3225//3225 2958//2958 955//955
f 1043//1043 1003//1003 1004//1004
f 922//922 1004//1004 1002//1002
f 991//991 1004//1004 922//922
f 86//86 3224//3224 87//87
f 1126//1126 485//485 760//760
f 1126//1126 760//760 86//86
f 86//86 482//482 1126//1126
f 909//909 2673//2673 2674//2674
f 139//139 383//383 1410//1410
f 1443//1443 1390//1390 1050//1050
f 1443//1443 1050//1050 974//974
f 1130//1130 974//974 1128//1128
f 2673//2673 909//909 9//9
f 9//9 1041//1041 2673//2673
f 3224//3224 2658//2658 87//87
f 985//985 1040//1040 987//987
f 1122//1122 363//363 2658//2658
f 364//364 363//363 1122//1122
f 365//365 364//364 8//8
f 386//386 3226//3226 727//727
f 1139//1139 2665//2665 461//461
f 994//994 107//107 105//105
f 909//909 2693//2693 365//365
f 2695//2695 2693//2693 909//909
f 2674//2674 2695//2695 909//909
f 2674//2674 2667//2667 2695//2695
f 988//988 485//485 1126//1126
f 1135//1135 486//486 485//485
f 1135//1135 485//485 988//988
f 484//484 1121//1121 760//760
f 100//100 102//102 985//985
f 1121//1121 3224//3224 760//760
f 114//114 2646//2646 2602//2602
f 114//114 2602//2602 149//149
f 986//986 100//100 985//985
f 2646//2646 1121//1121 484//484
f 986//986 1121//1121 2646//2646
f 1122//1122 3224//3224 1121//1121
f 2658//2658 3224//3224 1122//1122
f 987//987 1123//1123 986//986
f 114//114 100//100 986//986
f 2646//2646 484//484 2602//2602
f 486//486 1110//1110 2602//2602
f 2602//2602 1110//1110 149//149
f 1083//1083 996//996 1005//1005
f 1083//1083 1005//1005 1037//1037
f 996//996 1083//1083 965//965
f 997//997 1077//1077 1137//1137
f 1077//1077 966//966 1073//1073
f 2706//2706 967//967 1025//1025
f 1272//1272 167//167 1091//1091
f 1187//1187 1023//1023 1137//1137
f 1138//1138 3223//3223 1136//1136
f 90//90 3209//3209 1124//1124
f 997//997 1136//1136 102//102
f 997//997 1137//1137 1136//1136
f 102//102 1039//1039 1036//1036
f 1136//1136 1039//1039 102//102
f 1039//1039 1136//1136 3223//3223
f 985//985 102//102 1036//1036
f 966//966 967//967 2706//2706
f 1075//1075 1024//1024 1073//1073
f 1073//1073 1024//1024 1187//1187
f 1035//1035 1120//1120 1042//1042
f 1120//1120 1035//1035 1039//1039
f 1164//1164 1403//1403 1338//1338
f 487//487 2683//2683 1095//1095
f 2215//2215 2216//2216 177//177
f 243//243 1003//1003 1044//1044
f 243//243 3227//3227 1134//1134
f 1117//1117 243//243 1044//1044
f 1117//1117 1085//1085 3227//3227
f 1117//1117 3227//3227 243//243
f 1085//1085 1087//1087 3227//3227
f 1052//1052 1396//1396 194//194
f 3228//3228 1273//1273 70//70
f 1395//1395 1407//1407 1399//1399
f 1007//1007 151//151 439//439
f 1496//1496 840//840 248//248
f 88//88 1051//1051 1160//1160
f 1273//1273 1098//1098 167//167
f 1213//1213 1065//1065 1188//1188
f 1213//1213 1066//1066 1065//1065
f 1024//1024 1075//1075 1182//1182
f 1066//1066 1378//1378 1134//1134
f 1165//1165 3227//3227 1087//1087
f 1134//1134 3227//3227 1165//1165
f 1165//1165 1066//1066 1134//1134
f 79//79 1111//1111 486//486
f 79//79 486//486 1135//1135
f 1111//1111 1096//1096 1005//1005
f 1096//1096 1111//1111 1109//1109
f 1110//1110 1111//1111 1005//1005
f 1005//1005 149//149 1110//1110
f 1138//1138 1118//1118 3223//3223
f 1119//1119 1118//1118 1138//1138
f 1022//1022 1119//1119 1138//1138
f 1022//1022 1138//1138 1023//1023
f 1119//1119 1022//1022 1260//1260
f 1104//1104 1095//1095 2683//2683
f 1536//1536 1393//1393 1380//1380
f 1375//1375 1050//1050 1390//1390
f 1339//1339 1054//1054 1053//1053
f 1260//1260 1022//1022 1182//1182
f 1158//1158 1385//1385 1157//1157
f 1147//1147 1148//1148 1347//1347
f 3229//3229 1150//1150 244//244
f 1260//1260 1182//1182 1007//1007
f 1007//1007 1182//1182 1006//1006
f 248//248 1364//1364 1496//1496
f 1133//1133 1064//1064 1082//1082
f 1647//1647 975//975 1272//1272
f 764//764 975//975 1647//1647
f 765//765 764//764 1647//1647
f 1063//1063 1070//1070 247//247
f 1272//1272 975//975 1105//1105
f 1384//1384 2691//2691 2574//2574
f 245//245 2691//2691 1384//1384
f 1384//1384 244//244 245//245
f 1005//1005 1096//1096 1037//1037
f 1105//1105 977//977 245//245
f 245//245 3230//3230 1105//1105
f 3230//3230 147//147 148//148
f 3230//3230 245//245 147//147
f 1105//1105 3230//3230 1272//1272
f 148//148 72//72 3230//3230
f 3230//3230 72//72 1272//1272
f 72//72 70//70 1272//1272
f 1142//1142 1383//1383 1415//1415
f 1099//1099 1100//1100 1102//1102
f 1049//1049 1147//1147 1239//1239
f 1074//1074 1161//1161 3231//3231
f 1364//1364 1353//1353 1354//1354
f 1354//1354 1496//1496 1364//1364
f 1158//1158 3229//3229 244//244
f 1159//1159 3229//3229 1158//1158
f 90//90 1124//1124 764//764
f 246//246 1364//1364 248//248
f 71//71 1363//1363 3228//3228
f 3228//3228 70//70 71//71
f 449//449 1658//1658 1157//1157
f 1157//1157 1385//1385 449//449
f 384//384 1408//1408 3232//3232
f 973//973 1658//1658 450//450
f 384//384 3232//3232 385//385
f 1282//1282 1052//1052 1054//1054
f 902//902 71//71 72//72
f 449//449 2573//2573 451//451
f 1364//1364 1486//1486 166//166
f 1151//1151 1152//1152 901//901
f 902//902 901//901 1152//1152
f 1384//1384 1158//1158 244//244
f 234//234 236//236 1173//1173
f 2574//2574 1385//1385 1384//1384
f 1124//1124 3209//3209 1025//1025
f 1084//1084 1037//1037 1038//1038
f 1038//1038 3233//3233 1084//1084
f 108//108 46//46 1294//1294
f 2574//2574 2691//2691 3233//3233
f 3233//3233 1038//1038 2574//2574
f 1082//1082 152//152 1133//1133
f 150//150 152//152 1082//1082
f 451//451 2573//2573 1038//1038
f 449//449 1385//1385 2573//2573
f 1135//1135 989//989 1048//1048
f 79//79 1135//1135 1048//1048
f 1403//1403 1163//1163 1239//1239
f 990//990 988//988 3234//3234
f 3234//3234 988//988 1125//1125
f 1125//1125 988//988 1126//1126
f 2351//2351 1129//1129 3234//3234
f 2351//2351 3234//3234 1125//1125
f 1175//1175 1115//1115 1093//1093
f 1063//1063 1064//1064 1131//1131
f 1093//1093 1115//1115 1080//1080
f 1075//1075 3231//3231 1006//1006
f 1006//1006 1182//1182 1075//1075
f 1162//1162 1006//1006 3231//3231
f 162//162 1006//1006 1162//1162
f 3233//3233 2691//2691 1106//1106
f 1025//1025 3209//3209 2706//2706
f 977//977 1106//1106 2691//2691
f 1073//1073 966//966 2706//2706
f 1084//1084 3233//3233 1106//1106
f 1026//1026 1084//1084 1106//1106
f 2706//2706 3209//3209 1074//1074
f 1074//1074 3209//3209 1372//1372
f 1160//1160 162//162 1162//1162
f 1129//1129 990//990 3234//3234
f 1128//1128 972//972 1129//1129
f 1129//1129 972//972 990//990
f 1041//1041 2689//2689 2673//2673
f 1074//1074 3231//3231 1075//1075
f 1493//1493 3235//3235 1389//1389
f 1050//1050 1149//1149 1147//1147
f 1081//1081 1080//1080 1115//1115
f 1115//1115 1175//1175 1197//1197
f 1175//1175 1186//1186 1197//1197
f 1113//1113 1112//1112 1090//1090
f 1090//1090 1112//1112 1108//1108
f 130//130 1156//1156 182//182
f 1116//1116 1156//1156 1045//1045
f 440//440 1169//1169 1012//1012
f 1169//1169 1212//1212 1065//1065
f 1065//1065 1212//1212 1188//1188
f 1535//1535 1441//1441 1554//1554
f 1212//1212 1169//1169 440//440
f 1155//1155 1212//1212 440//440
f 1014//1014 1088//1088 933//933
f 933//933 1088//1088 145//145
f 1088//1088 1014//1014 1113//1113
f 1113//1113 1014//1014 1013//1013
f 842//842 633//633 133//133
f 1418//1418 1213//1213 1188//1188
f 1213//1213 1418//1418 1216//1216
f 1216//1216 1418//1418 1013//1013
f 898//898 1216//1216 1013//1013
f 1368//1368 1366//1366 1365//1365
f 153//153 1378//1378 964//964
f 831//831 1416//1416 829//829
f 3210//3210 1416//1416 3183//3183
f 1340//1340 1543//1543 3236//3236
f 963//963 153//153 964//964
f 146//146 1107//1107 1190//1190
f 1416//1416 3210//3210 146//146
f 1190//1190 1416//1416 146//146
f 829//829 1416//1416 1190//1190
f 1192//1192 829//829 1190//1190
f 866//866 1206//1206 1199//1199
f 1199//1199 868//868 866//866
f 1500//1500 1207//1207 1664//1664
f 1664//1664 1588//1588 1500//1500
f 916//916 1206//1206 866//866
f 1210//1210 176//176 74//74
f 1219//1219 1210//1210 74//74
f 1175//1175 1017//1017 917//917
f 1072//1072 1071//1071 1018//1018
f 863//863 862//862 1340//1340
f 1196//1196 1194//1194 1544//1544
f 873//873 1198//1198 1195//1195
f 53//53 1195//1195 1198//1198
f 181//181 1033//1033 131//131
f 1210//1210 1033//1033 181//181
f 181//181 1198//1198 1210//1210
f 1330//1330 1170//1170 1402//1402
f 1383//1383 1543//1543 1368//1368
f 3236//3236 1543//1543 1383//1383
f 1076//1076 1016//1016 862//862
f 1340//1340 862//862 1366//1366
f 1368//1368 1340//1340 1366//1366
f 1143//1143 1402//1402 1383//1383
f 1033//1033 1219//1219 1032//1032
f 1032//1032 1219//1219 1220//1220
f 1322//1322 1351//1351 1550//1550
f 1032//1032 1220//1220 1193//1193
f 1399//1399 384//384 383//383
f 1414//1414 1399//1399 383//383
f 156//156 1669//1669 1178//1178
f 1344//1344 1401//1401 1343//1343
f 1352//1352 1669//1669 1355//1355
f 1221//1221 1344//1344 1019//1019
f 921//921 73//73 3237//3237
f 3236//3236 1402//1402 1227//1227
f 1054//1054 3238//3238 1283//1283
f 1337//1337 3238//3238 1054//1054
f 1208//1208 1207//1207 1499//1499
f 1574//1574 3239//3239 1576//1576
f 3240//3240 1630//1630 3239//3239
f 1217//1217 240//240 1241//1241
f 1200//1200 1241//1241 240//240
f 1077//1077 1073//1073 1187//1187
f 996//996 1077//1077 997//997
f 1061//1061 1069//1069 1295//1295
f 1061//1061 1295//1295 1060//1060
f 1232//1232 1060//1060 1231//1231
f 1233//1233 3241//3241 3242//3242
f 1233//1233 3242//3242 1019//1019
f 1233//1233 3243//3243 3241//3241
f 3237//3237 73//73 1243//1243
f 1652//1652 1651//1651 1667//1667
f 828//828 3242//3242 75//75
f 75//75 3242//3242 3241//3241
f 1019//1019 3242//3242 828//828
f 1019//1019 828//828 1221//1221
f 75//75 3241//3241 73//73
f 1243//1243 73//73 3243//3243
f 3241//3241 3243//3243 73//73
f 921//921 3237//3237 920//920
f 3199//3199 1218//1218 3244//3244
f 3210//3210 3211//3211 896//896
f 896//896 146//146 3210//3210
f 1240//1240 919//919 920//920
f 1108//1108 1156//1156 130//130
f 1112//1112 1045//1045 1156//1156
f 1108//1108 1112//1112 1156//1156
f 1176//1176 1174//1174 907//907
f 1064//1064 1133//1133 1131//1131
f 1132//1132 1160//1160 1070//1070
f 1160//1160 1051//1051 1070//1070
f 1068//1068 3245//3245 1069//1069
f 3244//3244 1241//1241 1240//1240
f 1031//1031 1241//1241 1200//1200
f 1217//1217 1241//1241 1218//1218
f 1218//1218 1241//1241 3244//3244
f 1031//1031 1030//1030 1271//1271
f 1217//1217 837//837 895//895
f 1242//1242 849//849 3199//3199
f 1314//1314 3246//3246 1313//1313
f 1262//1262 3247//3247 3248//3248
f 3250//3250 3247//3247 3249//3249
f 3249//3249 1490//1490 3250//3250
f 1248//1248 1274//1274 1332//1332
f 1225//1225 1224//1224 1324//1324
f 1305//1305 1324//1324 1224//1224
f 1345//1345 1291//1291 1226//1226
f 1226//1226 1225//1225 1345//1345
f 1345//1345 1225//1225 1289//1289
f 1291//1291 1345//1345 1274//1274
f 1303//1303 1291//1291 3251//3251
f 1303//1303 3251//3251 1569//1569
f 1208//1208 1569//1569 3251//3251
f 1208//1208 3251//3251 1571//1571
f 1291//1291 1292//1292 3251//3251
f 1292//1292 1571//1571 3251//3251
f 1499//1499 1322//1322 1317//1317
f 1620//1620 1255//1255 1641//1641
f 1317//1317 1322//1322 1550//1550
f 115//115 116//116 1185//1185
f 1595//1595 1601//1601 125//125
f 1352//1352 1355//1355 1351//1351
f 1351//1351 1355//1355 117//117
f 117//117 1570//1570 116//116
f 117//117 1671//1671 1570//1570
f 1356//1356 1671//1671 117//117
f 1441//1441 1323//1323 1359//1359
f 1671//1671 1166//1166 1167//1167
f 848//848 1651//1651 850//850
f 2683//2683 1492//1492 1490//1490
f 1166//1166 3252//3252 1313//1313
f 1313//1313 3253//3253 1166//1166
f 1233//1233 1021//1021 3243//3243
f 1344//1344 1400//1400 1401//1401
f 1203//1203 1586//1586 1666//1666
f 1220//1220 1271//1271 1306//1306
f 3229//3229 1151//1151 1150//1150
f 192//192 1353//1353 1097//1097
f 1097//1097 1102//1102 192//192
f 1342//1342 1336//1336 1590//1590
f 1103//1103 1590//1590 1336//1336
f 1315//1315 1312//1312 1341//1341
f 1341//1341 1590//1590 1315//1315
f 1590//1590 1104//1104 1315//1315
f 1104//1104 1590//1590 1103//1103
f 3249//3249 2683//2683 1490//1490
f 1400//1400 1344//1344 863//863
f 1430//1430 136//136 1546//1546
f 863//863 1344//1344 861//861
f 1651//1651 848//848 1667//1667
f 1667//1667 848//848 1666//1666
f 290//290 292//292 825//825
f 1202//1202 1676//1676 1229//1229
f 1196//1196 1544//1544 1344//1344
f 1196//1196 1344//1344 1221//1221
f 1229//1229 1669//1669 1352//1352
f 1229//1229 1352//1352 1201//1201
f 1316//1316 1104//1104 3249//3249
f 1228//1228 1171//1171 1400//1400
f 1499//1499 1203//1203 1321//1321
f 1586//1586 1203//1203 1499//1499
f 1166//1166 1671//1671 3252//3252
f 1671//1671 1356//1356 3252//3252
f 824//824 263//263 1325//1325
f 1650//1650 262//262 979//979
f 863//863 1228//1228 1400//1400
f 1330//1330 1141//1141 1335//1335
f 1329//1329 1330//1330 1335//1335
f 1141//1141 1330//1330 1402//1402
f 1141//1141 1402//1402 1143//1143
f 1227//1227 1228//1228 3236//3236
f 585//585 640//640 1626//1626
f 3254//3254 3246//3246 1314//1314
f 3247//3247 3254//3254 1314//1314
f 1324//1324 1290//1290 1225//1225
f 1316//1316 3247//3247 1314//1314
f 1315//1315 1316//1316 1314//1314
f 115//115 1351//1351 117//117
f 1669//1669 1356//1356 1355//1355
f 3255//3255 1342//1342 1356//1356
f 1356//1356 1342//1342 1312//1312
f 1669//1669 3255//3255 1356//1356
f 1312//1312 3252//3252 1356//1356
f 1336//1336 3255//3255 1349//1349
f 1349//1349 1329//1329 1336//1336
f 3255//3255 1336//1336 1342//1342
f 1349//1349 1094//1094 1329//1329
f 3255//3255 1669//1669 156//156
f 1349//1349 3255//3255 156//156
f 167//167 168//168 1091//1091
f 1301//1301 1382//1382 1367//1367
f 1301//1301 840//840 1382//1382
f 1301//1301 841//841 840//840
f 1382//1382 1368//1368 1367//1367
f 141//141 1415//1415 1421//1421
f 1496//1496 193//193 840//840
f 902//902 1164//1164 1362//1362
f 1406//1406 1282//1282 1283//1283
f 1395//1395 1282//1282 1406//1406
f 1100//1100 1099//1099 3228//3228
f 3228//3228 1363//1363 1100//1100
f 193//193 1382//1382 840//840
f 1338//1338 1346//1346 1337//1337
f 1346//1346 1338//1338 1347//1347
f 1338//1338 1403//1403 1347//1347
f 1098//1098 3228//3228 1099//1099
f 1273//1273 3228//3228 1098//1098
f 1102//1102 1101//1101 194//194
f 1283//1283 3238//3238 1337//1337
f 1283//1283 1337//1337 1346//1346
f 3256//3256 1443//1443 941//941
f 983//983 3258//3258 3257//3257
f 1377//1377 983//983 3257//3257
f 164//164 188//188 6//6
f 1392//1392 1391//1391 3259//3259
f 1104//1104 2683//2683 3249//3249
f 1391//1391 1443//1443 3259//3259
f 1391//1391 1390//1390 1443//1443
f 1244//1244 1149//1149 1050//1050
f 1244//1244 1050//1050 1375//1375
f 71//71 902//902 1362//1362
f 1377//1377 3257//3257 1438//1438
f 136//136 169//169 138//138
f 1417//1417 938//938 4//4
f 4//4 938//938 1381//1381
f 1163//1163 1403//1403 1164//1164
f 1354//1354 192//192 193//193
f 1159//1159 1157//1157 1049//1049
f 3256//3256 3261//3261 3260//3260
f 1389//1389 3235//3235 1422//1422
f 135//135 1493//1493 1494//1494
f 1157//1157 1658//1658 1049//1049
f 1658//1658 973//973 1049//1049
f 974//974 1049//1049 973//973
f 1161//1161 1162//1162 3231//3231
f 246//246 1486//1486 1364//1364
f 1364//1364 166//166 1097//1097
f 1097//1097 166//166 1098//1098
f 1151//1151 901//901 1150//1150
f 3229//3229 1049//1049 1151//1151
f 1159//1159 1049//1049 3229//3229
f 1486//1486 168//168 166//166
f 1053//1053 1100//1100 1363//1363
f 1053//1053 1363//1363 1361//1361
f 1053//1053 1361//1361 1339//1339
f 1339//1339 1361//1361 1338//1338
f 1362//1362 1338//1338 1361//1361
f 1164//1164 1338//1338 1362//1362
f 138//138 139//139 1410//1410
f 1407//1407 1408//1408 384//384
f 1374//1374 3232//3232 1357//1357
f 1374//1374 1357//1357 1244//1244
f 3232//3232 1408//1408 1357//1357
f 136//136 135//135 1494//1494
f 194//194 1331//1331 1052//1052
f 1399//1399 3262//3262 1396//1396
f 1414//1414 3262//3262 1399//1399
f 1415//1415 3262//3262 1414//1414
f 194//194 3262//3262 1415//1415
f 1396//1396 3262//3262 194//194
f 1383//1383 1402//1402 3236//3236
f 1504//1504 1525//1525 3263//3263
f 1544//1544 1076//1076 861//861
f 1340//1340 3236//3236 1228//1228
f 1415//1415 1383//1383 193//193
f 1142//1142 1143//1143 1383//1383
f 3232//3232 3264//3264 385//385
f 1423//1423 3264//3264 3232//3232
f 1374//1374 1423//1423 3232//3232
f 2682//2682 1421//1421 1420//1420
f 1420//1420 1492//1492 2682//2682
f 2682//2682 487//487 1421//1421
f 1421//1421 487//487 141//141
f 2518//2518 2383//2383 2591//2591
f 135//135 137//137 3264//3264
f 385//385 3264//3264 137//137
f 1386//1386 1429//1429 942//942
f 1387//1387 1429//1429 1386//1386
f 385//385 137//137 1410//1410
f 1410//1410 137//137 136//136
f 1428//1428 1665//1665 1427//1427
f 3256//3256 1428//1428 3261//3261
f 3261//3261 1428//1428 188//188
f 983//983 982//982 3258//3258
f 3235//3235 1493//1493 135//135
f 3235//3235 135//135 3264//3264
f 3264//3264 1423//1423 3235//3235
f 1422//1422 3235//3235 1423//1423
f 974//974 942//942 1443//1443
f 2220//2220 2598//2598 2218//2218
f 1430//1430 1546//1546 1373//1373
f 1422//1422 1390//1390 1389//1389
f 163//163 164//164 1373//1373
f 165//165 3261//3261 188//188
f 163//163 1546//1546 1494//1494
f 5//5 1373//1373 6//6
f 3260//3260 1443//1443 3256//3256
f 3259//3259 1443//1443 3260//3260
f 3260//3260 3261//3261 3259//3259
f 3261//3261 1392//1392 3259//3259
f 1392//1392 3261//3261 165//165
f 1381//1381 1380//1380 1393//1393
f 1433//1433 1446//1446 1388//1388
f 1424//1424 940//940 938//938
f 1424//1424 938//938 1417//1417
f 1445//1445 1435//1435 1436//1436
f 1445//1445 1436//1436 1473//1473
f 1425//1425 1379//1379 939//939
f 199//199 1436//1436 1433//1433
f 1433//1433 198//198 199//199
f 1394//1394 1540//1540 4//4
f 3258//3258 1370//1370 2275//2275
f 2275//2275 1370//1370 1371//1371
f 1540//1540 1393//1393 123//123
f 1393//1393 1540//1540 1394//1394
f 1437//1437 1440//1440 1434//1434
f 1432//1432 1434//1434 1440//1440
f 1434//1434 1377//1377 1437//1437
f 1425//1425 1444//1444 1426//1426
f 3248//3248 3247//3247 3250//3250
f 1503//1503 1561//1561 1560//1560
f 1379//1379 1381//1381 939//939
f 1381//1381 938//938 939//939
f 942//942 1388//1388 943//943
f 1533//1533 1431//1431 1388//1388
f 1533//1533 1425//1425 3265//3265
f 939//939 3265//3265 1425//1425
f 1665//1665 1431//1431 940//940
f 940//940 1427//1427 1665//1665
f 1444//1444 1445//1445 1473//1473
f 1445//1445 1446//1446 1435//1435
f 3265//3265 939//939 940//940
f 1431//1431 3265//3265 940//940
f 1431//1431 1533//1533 3265//3265
f 1431//1431 1665//1665 943//943
f 1433//1433 1466//1466 1377//1377
f 1433//1433 1435//1435 1446//1446
f 1376//1376 1485//1485 1478//1478
f 1478//1478 1485//1485 1484//1484
f 942//942 1429//1429 1388//1388
f 1328//1328 346//346 347//347
f 347//347 345//345 1327//1327
f 1466//1466 1485//1485 1377//1377
f 1327//1327 345//345 982//982
f 1376//1376 1377//1377 1485//1485
f 1501//1501 1481//1481 1328//1328
f 1328//1328 1481//1481 1483//1483
f 2317//2317 2318//2318 2595//2595
f 2320//2320 2595//2595 2318//2318
f 942//942 974//974 1460//1460
f 1369//1369 1470//1470 1371//1371
f 1381//1381 1394//1394 4//4
f 3266//3266 2028//2028 1995//1995
f 159//159 1512//1512 1516//1516
f 1505//1505 1561//1561 1503//1503
f 123//123 5//5 1540//1540
f 1436//1436 1348//1348 1473//1473
f 199//199 1348//1348 1436//1436
f 123//123 1430//1430 5//5
f 1430//1430 122//122 169//169
f 1430//1430 169//169 136//136
f 1665//1665 3256//3256 941//941
f 1665//1665 1428//1428 3256//3256
f 1508//1508 1538//1538 1523//1523
f 1481//1481 1502//1502 1482//1482
f 1483//1483 1482//1482 2237//2237
f 1506//1506 1508//1508 2237//2237
f 1503//1503 1560//1560 1320//1320
f 1369//1369 346//346 1508//1508
f 2162//2162 1245//1245 1168//1168
f 1425//1425 1380//1380 1379//1379
f 1810//1810 1998//1998 1870//1870
f 1348//1348 3267//3267 1523//1523
f 1523//1523 3267//3267 1470//1470
f 1348//1348 1470//1470 3267//3267
f 200//200 1470//1470 1348//1348
f 2031//2031 1972//1972 2018//2018
f 205//205 1524//1524 1526//1526
f 1526//1526 203//203 205//205
f 983//983 1502//1502 1501//1501
f 3219//3219 1729//1729 1333//1333
f 1557//1557 3268//3268 1600//1600
f 1483//1483 346//346 1328//1328
f 1729//1729 3219//3219 1525//1525
f 1525//1525 3219//3219 3263//3263
f 204//204 2259//2259 205//205
f 3257//3257 2275//2275 1438//1438
f 3257//3257 3258//3258 2275//2275
f 200//200 1439//1439 1470//1470
f 982//982 1370//1370 3258//3258
f 984//984 1327//1327 982//982
f 3270//3270 3269//3269 2094//2094
f 929//929 187//187 186//186
f 1277//1277 187//187 929//929
f 1323//1323 1184//1184 1359//1359
f 1360//1360 1359//1359 1184//1184
f 1334//1334 3271//3271 1298//1298
f 1930//1930 1865//1865 3272//3272
f 3272//3272 3189//3189 1930//1930
f 1166//1166 3253//3253 2162//2162
f 1166//1166 2162//2162 1168//1168
f 1926//1926 3273//3273 1927//1927
f 930//930 905//905 1307//1307
f 905//905 930//930 952//952
f 1641//1641 1659//1659 223//223
f 1821//1821 1716//1716 1605//1605
f 1558//1558 3268//3268 1557//1557
f 1615//1615 213//213 1627//1627
f 1447//1447 1561//1561 1505//1505
f 1505//1505 3263//3263 3219//3219
f 3216//3216 1247//1247 3217//3217
f 3263//3263 1505//1505 1504//1504
f 1333//1333 1729//1729 1524//1524
f 1537//1537 1380//1380 1538//1538
f 1538//1538 1380//1380 1348//1348
f 1348//1348 1523//1523 1538//1538
f 1293//1293 48//48 1286//1286
f 1536//1536 1380//1380 1537//1537
f 911//911 250//250 173//173
f 3219//3219 1333//1333 1300//1300
f 1313//1313 3252//3252 1312//1312
f 1276//1276 3216//3216 1514//1514
f 1503//1503 1538//1538 1504//1504
f 1412//1412 3268//3268 1238//1238
f 3219//3219 1447//1447 1505//1505
f 1261//1261 1419//1419 1449//1449
f 1261//1261 1449//1449 1320//1320
f 2106//2106 1536//1536 1537//1537
f 3246//3246 3253//3253 1313//1313
f 918//918 1076//1076 1544//1544
f 3271//3271 1867//1867 1298//1298
f 1299//1299 1826//1826 1319//1319
f 1298//1298 1826//1826 1299//1299
f 1299//1299 1319//1319 1560//1560
f 1534//1534 1577//1577 1286//1286
f 1867//1867 1826//1826 1298//1298
f 1560//1560 1319//1319 1320//1320
f 1827//1827 1826//1826 1867//1867
f 1867//1867 1514//1514 3216//3216
f 1867//1867 3218//3218 1827//1827
f 3216//3216 3218//3218 1867//1867
f 1513//1513 1358//1358 1275//1275
f 1561//1561 1447//1447 1299//1299
f 3218//3218 1545//1545 1318//1318
f 3218//3218 1318//1318 1827//1827
f 3217//3217 1545//1545 3218//3218
f 1318//1318 1319//1319 1826//1826
f 1293//1293 1294//1294 48//48
f 1420//1420 1536//1536 1491//1491
f 2106//2106 1491//1491 1536//1536
f 2106//2106 3250//3250 1491//1491
f 3250//3250 1490//1490 1491//1491
f 3249//3249 3247//3247 1316//1316
f 1263//1263 3274//3274 3246//3246
f 3254//3254 1263//1263 3246//3246
f 3253//3253 3246//3246 3274//3274
f 1552//1552 1471//1471 196//196
f 1472//1472 1471//1471 1552//1552
f 1262//1262 3254//3254 3247//3247
f 1287//1287 1534//1534 1286//1286
f 1262//1262 3248//3248 1419//1419
f 1448//1448 3248//3248 3250//3250
f 3250//3250 2106//2106 1448//1448
f 1419//1419 3248//3248 1448//1448
f 3254//3254 1262//1262 1263//1263
f 1545//1545 3274//3274 1263//1263
f 3217//3217 3274//3274 1545//1545
f 1539//1539 1538//1538 1503//1503
f 633//633 916//916 1191//1191
f 1191//1191 880//880 633//633
f 3274//3274 3217//3217 3253//3253
f 1525//1525 1504//1504 1538//1538
f 2162//2162 3217//3217 1247//1247
f 3217//3217 2162//2162 3253//3253
f 1358//1358 1360//1360 1245//1245
f 1168//1168 1360//1360 1302//1302
f 1167//1167 1168//1168 1302//1302
f 1659//1659 1660//1660 223//223
f 1268//1268 1577//1577 1551//1551
f 1302//1302 1360//1360 1184//1184
f 1265//1265 1577//1577 1534//1534
f 1551//1551 1577//1577 1265//1265
f 1358//1358 1513//1513 1079//1079
f 1078//1078 1092//1092 1264//1264
f 1264//1264 1554//1554 1078//1078
f 108//108 1154//1154 1559//1559
f 1153//1153 1154//1154 108//108
f 1266//1266 236//236 1555//1555
f 236//236 1472//1472 1552//1552
f 1595//1595 1611//1611 1601//1601
f 212//212 1611//1611 1595//1595
f 1474//1474 1079//1079 1513//1513
f 1180//1180 1223//1223 1619//1619
f 1547//1547 1549//1549 1189//1189
f 1547//1547 1189//1189 1573//1573
f 125//125 126//126 1596//1596
f 125//125 1596//1596 1236//1236
f 1573//1573 1189//1189 197//197
f 1573//1573 197//197 1297//1297
f 197//197 1296//1296 1297//1297
f 1411//1411 1223//1223 1180//1180
f 1180//1180 1566//1566 1564//1564
f 1237//1237 1238//1238 3268//3268
f 1619//1619 1566//1566 1180//1180
f 1180//1180 1259//1259 1288//1288
f 1256//1256 1642//1642 1643//1643
f 1068//1068 1061//1061 1258//1258
f 1179//1179 3275//3275 1181//1181
f 3275//3275 1179//1179 1249//1249
f 3275//3275 1234//1234 1181//1181
f 3275//3275 1563//1563 1234//1234
f 1563//1563 3275//3275 1248//1248
f 1562//1562 1563//1563 1248//1248
f 184//184 3276//3276 1223//1223
f 1619//1619 1223//1223 3276//3276
f 3276//3276 184//184 195//195
f 1258//1258 1252//1252 1253//1253
f 3275//3275 1249//1249 1248//1248
f 1332//1332 1284//1284 1562//1562
f 1332//1332 1562//1562 1248//1248
f 1310//1310 1269//1269 910//910
f 1600//1600 236//236 1599//1599
f 236//236 1600//1600 1572//1572
f 1600//1600 1547//1547 1572//1572
f 175//175 1475//1475 1405//1405
f 175//175 1405//1405 173//173
f 1333//1333 1475//1475 1334//1334
f 1333//1333 1524//1524 1475//1475
f 1334//1334 1475//1475 3271//3271
f 3271//3271 1475//1475 1867//1867
f 2119//2119 1521//1521 1941//1941
f 2119//2119 1941//1941 3269//3269
f 1753//1753 1938//1938 3277//3277
f 1558//1558 1404//1404 1405//1405
f 3276//3276 195//195 1409//1409
f 1801//1801 1799//1799 1696//1696
f 266//266 1801//1801 1866//1866
f 280//280 279//279 1734//1734
f 1615//1615 1617//1617 214//214
f 1938//1938 3278//3278 3277//3277
f 1914//1914 286//286 1831//1831
f 712//712 1789//1789 1846//1846
f 660//660 1751//1751 271//271
f 1237//1237 1597//1597 1602//1602
f 3245//3245 3279//3279 1451//1451
f 1398//1398 1397//1397 1660//1660
f 1256//1256 1610//1610 1257//1257
f 1627//1627 1595//1595 1602//1602
f 3276//3276 1409//1409 1601//1601
f 1672//1672 1575//1575 1325//1325
f 210//210 1254//1254 211//211
f 1570//1570 1185//1185 116//116
f 1600//1600 1548//1548 1547//1547
f 1412//1412 1548//1548 3268//3268
f 1600//1600 3268//3268 1548//1548
f 1413//1413 1548//1548 1412//1412
f 1236//1236 1237//1237 1602//1602
f 1236//1236 1602//1602 125//125
f 3268//3268 1558//1558 1237//1237
f 1769//1769 1627//1627 1602//1602
f 3146//3146 1397//1397 1553//1553
f 3134//3134 1722//1722 15//15
f 273//273 3134//3134 15//15
f 1582//1582 1580//1580 1056//1056
f 1597//1597 3280//3280 1769//1769
f 1598//1598 3280//3280 1597//1597
f 1598//1598 1617//1617 3280//3280
f 1615//1615 3280//3280 1617//1617
f 3280//3280 1627//1627 1769//1769
f 1615//1615 1627//1627 3280//3280
f 1553//1553 214//214 1617//1617
f 742//742 3281//3281 648//648
f 1617//1617 1618//1618 3282//3282
f 3282//3282 1618//1618 1734//1734
f 1256//1256 1643//1643 1610//1610
f 1617//1617 3146//3146 1553//1553
f 1256//1256 1254//1254 1642//1642
f 1655//1655 1654//1654 1592//1592
f 859//859 3205//3205 857//857
f 218//218 201//201 29//29
f 1593//1593 1582//1582 1056//1056
f 3128//3128 1611//1611 212//212
f 1619//1619 3276//3276 1601//1601
f 1281//1281 1624//1624 1280//1280
f 120//120 118//118 229//229
f 3283//3283 1281//1281 1279//1279
f 1621//1621 1653//1653 1556//1556
f 1622//1622 1621//1621 1556//1556
f 3284//3284 31//31 3198//3198
f 1621//1621 1581//1581 1653//1653
f 3192//3192 889//889 3193//3193
f 3193//3193 889//889 890//890
f 889//889 3192//3192 1556//1556
f 1741//1741 1740//1740 688//688
f 3194//3194 859//859 3285//3285
f 251//251 641//641 207//207
f 1640//1640 1634//1634 1633//1633
f 3283//3283 3286//3286 3137//3137
f 1653//1653 1581//1581 3129//3129
f 1715//1715 686//686 687//687
f 1722//1722 3135//3135 858//858
f 3146//3146 1582//1582 1660//1660
f 1660//1660 1582//1582 223//223
f 223//223 1582//1582 1593//1593
f 1646//1646 3279//3279 1565//1565
f 1582//1582 1617//1617 3129//3129
f 1617//1617 1582//1582 3146//3146
f 1628//1628 1634//1634 1640//1640
f 1629//1629 1625//1625 1576//1576
f 1542//1542 1541//1541 3129//3129
f 3129//3129 1617//1617 1542//1542
f 3129//3129 1541//1541 1653//1653
f 652//652 1722//1722 651//651
f 3281//3281 742//742 1699//1699
f 1700//1700 1675//1675 806//806
f 1706//1706 219//219 1//1
f 846//846 1706//1706 3//3
f 3283//3283 3137//3137 1640//1640
f 1640//1640 3137//3137 1628//1628
f 3286//3286 3283//3283 1279//1279
f 1281//1281 3283//3283 1657//1657
f 1594//1594 1593//1593 1056//1056
f 221//221 1594//1594 3286//3286
f 3286//3286 1279//1279 221//221
f 3200//3200 1594//1594 1056//1056
f 1279//1279 1280//1280 221//221
f 1638//1638 1639//1639 1643//1643
f 1620//1620 211//211 1255//1255
f 1565//1565 1611//1611 1646//1646
f 1655//1655 1611//1611 1612//1612
f 1656//1656 1643//1643 1639//1639
f 1257//1257 3128//3128 1255//1255
f 1641//1641 1255//1255 1398//1398
f 1611//1611 1566//1566 1619//1619
f 3287//3287 1632//1632 3240//3240
f 1624//1624 1657//1657 210//210
f 1056//1056 1057//1057 3200//3200
f 1625//1625 1579//1579 1576//1576
f 3136//3136 1622//1622 3192//3192
f 3192//3192 1622//1622 1556//1556
f 1640//1640 1657//1657 3283//3283
f 3286//3286 1594//1594 3137//3137
f 1594//1594 3200//3200 3137//3137
f 3137//3137 3200//3200 1629//1629
f 1584//1584 1583//1583 1613//1613
f 663//663 653//653 651//651
f 3198//3198 856//856 1670//1670
f 892//892 230//230 871//871
f 290//290 1625//1625 605//605
f 3200//3200 605//605 1625//1625
f 3198//3198 31//31 33//33
f 1667//1667 1587//1587 1652//1652
f 1589//1589 1652//1652 1587//1587
f 893//893 230//230 892//892
f 824//824 1579//1579 290//290
f 890//890 1648//1648 3284//3284
f 888//888 1648//1648 890//890
f 856//856 3198//3198 33//33
f 1326//1326 1652//1652 1589//1589
f 3192//3192 1670//1670 3136//3136
f 3287//3287 3239//3239 1231//1231
f 1678//1678 884//884 867//867
f 292//292 3136//3136 1670//1670
f 3193//3193 3284//3284 3198//3198
f 890//890 3284//3284 3193//3193
f 1801//1801 266//266 1692//1692
f 1246//1246 1247//1247 3216//3216
f 3216//3216 1276//1276 1246//1246
f 818//818 762//762 819//819
f 3181//3181 761//761 3207//3207
f 824//824 825//825 263//263
f 264//264 265//265 978//978
f 653//653 663//663 3126//3126
f 605//605 1631//1631 291//291
f 1622//1622 291//291 1631//1631
f 120//120 1583//1583 3190//3190
f 3190//3190 1583//1583 1724//1724
f 1622//1622 3136//3136 291//291
f 119//119 120//120 3190//3190
f 855//855 226//226 225//225
f 979//979 635//635 33//33
f 3140//3140 670//670 11//11
f 1631//1631 605//605 1057//1057
f 808//808 3204//3204 1691//1691
f 875//875 867//867 884//884
f 867//867 875//875 1191//1191
f 875//875 880//880 1191//1191
f 880//880 875//875 874//874
f 229//229 31//31 3284//3284
f 3284//3284 1648//1648 229//229
f 252//252 875//875 884//884
f 647//647 1350//1350 667//667
f 1592//1592 1654//1654 3288//3288
f 3288//3288 1654//1654 1639//1639
f 3288//3288 1639//1639 1633//1633
f 1612//1612 1643//1643 1656//1656
f 1610//1610 3128//3128 1257//1257
f 1611//1611 3128//3128 1610//1610
f 1574//1574 1575//1575 1672//1672
f 1628//1628 1630//1630 1634//1634
f 1630//1630 3240//3240 1634//1634
f 1634//1634 3240//3240 1632//1632
f 1632//1632 3289//3289 3288//3288
f 3288//3288 1633//1633 1632//1632
f 3288//3288 3289//3289 1592//1592
f 3279//3279 3245//3245 1565//1565
f 3240//3240 3239//3239 3287//3287
f 1655//1655 1591//1591 1611//1611
f 1059//1059 1258//1258 1061//1061
f 1059//1059 1252//1252 1258//1258
f 1231//1231 1295//1295 3287//3287
f 3287//3287 1295//1295 3289//3289
f 1632//1632 3287//3287 3289//3289
f 1180//1180 3290//3290 1259//1259
f 1069//1069 3245//3245 1451//1451
f 1672//1672 3291//3291 1230//1230
f 1564//1564 3290//3290 1180//1180
f 1588//1588 3291//3291 1661//1661
f 1588//1588 1661//1661 1589//1589
f 3289//3289 1450//1450 1592//1592
f 3289//3289 1295//1295 1450//1450
f 3245//3245 3290//3290 1565//1565
f 1565//1565 3290//3290 1564//1564
f 3290//3290 1068//1068 1259//1259
f 1068//1068 3290//3290 3245//3245
f 1611//1611 1565//1565 1566//1566
f 1451//1451 3279//3279 1646//1646
f 1591//1591 1451//1451 1646//1646
f 1252//1252 1568//1568 1567//1567
f 1252//1252 1567//1567 1251//1251
f 1060//1060 1232//1232 3292//3292
f 3292//3292 1059//1059 1060//1060
f 1568//1568 1252//1252 3292//3292
f 1059//1059 3292//3292 1252//1252
f 1668//1668 1664//1664 1568//1568
f 1568//1568 1664//1664 1209//1209
f 1650//1650 1652//1652 262//262
f 1203//1203 1666//1666 1202//1202
f 671//671 670//670 3140//3140
f 1661//1661 3291//3291 1672//1672
f 1668//1668 3292//3292 1232//1232
f 1568//1568 3292//3292 1668//1668
f 1232//1232 3291//3291 1668//1668
f 1668//1668 3291//3291 1588//1588
f 1230//1230 3291//3291 1232//1232
f 3239//3239 1630//1630 1576//1576
f 1243//1243 848//848 849//849
f 979//979 262//262 635//635
f 33//33 635//635 856//856
f 1808//1808 24//24 666//666
f 921//921 919//919 74//74
f 3243//3243 1021//1021 3293//3293
f 1676//1676 3293//3293 1021//1021
f 1685//1685 3293//3293 1676//1676
f 848//848 3293//3293 1685//1685
f 1685//1685 1666//1666 848//848
f 3293//3293 1243//1243 3243//3243
f 1242//1242 3237//3237 1243//1243
f 3293//3293 848//848 1243//1243
f 3237//3237 1242//1242 920//920
f 1306//1306 830//830 1193//1193
f 1220//1220 1306//1306 1193//1193
f 1306//1306 1271//1271 1030//1030
f 1240//1240 1031//1031 1271//1271
f 3239//3239 1574//1574 1230//1230
f 3244//3244 920//920 1242//1242
f 3244//3244 1242//1242 3199//3199
f 850//850 1673//1673 838//838
f 838//838 1673//1673 980//980
f 1240//1240 920//920 3244//3244
f 893//893 980//980 32//32
f 823//823 980//980 893//893
f 1231//1231 3239//3239 1230//1230
f 866//866 867//867 1191//1191
f 1650//1650 1673//1673 850//850
f 1808//1808 1712//1712 795//795
f 24//24 1808//1808 795//795
f 804//804 805//805 1712//1712
f 3281//3281 1699//1699 1350//1350
f 1350//1350 648//648 3281//3281
f 1350//1350 647//647 648//648
f 671//671 3140//3140 1705//1705
f 3127//3127 1684//1684 3140//3140
f 22//22 1705//1705 1684//1684
f 1684//1684 1705//1705 3140//3140
f 670//670 672//672 12//12
f 845//845 12//12 672//672
f 846//846 1682//1682 845//845
f 671//671 217//217 216//216
f 216//216 672//672 671//671
f 216//216 846//846 672//672
f 654//654 14//14 3139//3139
f 3205//3205 3195//3195 857//857
f 1614//1614 857//857 3195//3195
f 1542//1542 857//857 1613//1613
f 1613//1613 1583//1583 1542//1542
f 3139//3139 14//14 13//13
f 654//654 658//658 644//644
f 13//13 3126//3126 3138//3138
f 49//49 50//50 143//143
f 3139//3139 13//13 3138//3138
f 1609//1609 1721//1721 1603//1603
f 3194//3194 3285//3285 172//172
f 3285//3285 272//272 172//172
f 859//859 858//858 3285//3285
f 3285//3285 858//858 3135//3135
f 272//272 3285//3285 3134//3134
f 3285//3285 3135//3135 3134//3134
f 1542//1542 858//858 857//857
f 1747//1747 1866//1866 3294//3294
f 1542//1542 1617//1617 858//858
f 272//272 170//170 172//172
f 947//947 948//948 1730//1730
f 1699//1699 742//742 1700//1700
f 1674//1674 668//668 669//669
f 668//668 1674//1674 3139//3139
f 1721//1721 1609//1609 1675//1675
f 3139//3139 1674//1674 654//654
f 1626//1626 3138//3138 3132//3132
f 3132//3132 3138//3138 663//663
f 3126//3126 663//663 3138//3138
f 652//652 665//665 1722//1722
f 665//665 15//15 1722//1722
f 215//215 1706//1706 216//216
f 170//170 273//273 1713//1713
f 273//273 14//14 1713//1713
f 170//170 1713//1713 643//643
f 609//609 62//62 707//707
f 707//707 239//239 703//703
f 1722//1722 1721//1721 651//651
f 651//651 1721//1721 3295//3295
f 3295//3295 742//742 651//651
f 1721//1721 742//742 3295//3295
f 742//742 1721//1721 1700//1700
f 29//29 202//202 30//30
f 217//217 30//30 202//202
f 1805//1805 687//687 688//688
f 2011//2011 3090//3090 3113//3113
f 1800//1800 688//688 686//686
f 1799//1799 686//686 1696//1696
f 1800//1800 686//686 1799//1799
f 1695//1695 1715//1715 3296//3296
f 1839//1839 1695//1695 3296//3296
f 1697//1697 1695//1695 1839//1839
f 3297//3297 1750//1750 1751//1751
f 1697//1697 1750//1750 3297//3297
f 949//949 1740//1740 948//948
f 1767//1767 1766//1766 3521//3521
f 1790//1790 1848//1848 1789//1789
f 949//949 1848//1848 1805//1805
f 949//949 1805//1805 1807//1807
f 949//949 1846//1846 1789//1789
f 1789//1789 1848//1848 949//949
f 1742//1742 948//948 1740//1740
f 3123//3123 420//420 418//418
f 1745//1745 1900//1900 1899//1899
f 286//286 1828//1828 284//284
f 746//746 281//281 582//582
f 1979//1979 1793//1793 1794//1794
f 577//577 38//38 1690//1690
f 577//577 1690//1690 3060//3060
f 2072//2072 1989//1989 1767//1767
f 1928//1928 745//745 3298//3298
f 1808//1808 1718//1718 1712//1712
f 3299//3299 1767//1767 3300//3300
f 2010//2010 3300//3300 1767//1767
f 3050//3050 2913//2913 3103//3103
f 3048//3048 3103//3103 3112//3112
f 1712//1712 1679//1679 795//795
f 747//747 1877//1877 3010//3010
f 1988//1988 1767//1767 1989//1989
f 3010//3010 1995//1995 747//747
f 624//624 1745//1745 1979//1979
f 1899//1899 1979//1979 1745//1745
f 2078//2078 3010//3010 320//320
f 3301//3301 1864//1864 1865//1865
f 1712//1712 218//218 1679//1679
f 766//766 3172//3172 768//768
f 1698//1698 1718//1718 1699//1699
f 1847//1847 1848//1848 3060//3060
f 1888//1888 319//319 3302//3302
f 3266//3266 1995//1995 3010//3010
f 739//739 322//322 1522//1522
f 3303//3303 1888//1888 3299//3299
f 604//604 1845//1845 602//602
f 1845//1845 604//604 1881//1881
f 1693//1693 1778//1778 1780//1780
f 1780//1780 1692//1692 1693//1693
f 316//316 1863//1863 1862//1862
f 1863//1863 316//316 726//726
f 1741//1741 1809//1809 1742//1742
f 1847//1847 3304//3304 1804//1804
f 1694//1694 759//759 274//274
f 1824//1824 1823//1823 2//2
f 3060//3060 1690//1690 3304//3304
f 1884//1884 3021//3021 1883//1883
f 1846//1846 711//711 712//712
f 1739//1739 1820//1820 1735//1735
f 726//726 711//711 1846//1846
f 1846//1846 3085//3085 726//726
f 1848//1848 1790//1790 3060//3060
f 1824//1824 2//2 1645//1645
f 3305//3305 1824//1824 1645//1645
f 1806//1806 3305//3305 1714//1714
f 1806//1806 1714//1714 687//687
f 3305//3305 1806//1806 1824//1824
f 1749//1749 278//278 280//280
f 1824//1824 1806//1806 1804//1804
f 1690//1690 1825//1825 3304//3304
f 1748//1748 269//269 1739//1739
f 1836//1836 1763//1763 752//752
f 3085//3085 1731//1731 1851//1851
f 3085//3085 1851//1851 1863//1863
f 1763//1763 3185//3185 1764//1764
f 1613//1613 857//857 1614//1614
f 1824//1824 1804//1804 3304//3304
f 1825//1825 1824//1824 3304//3304
f 3207//3207 761//761 865//865
f 1730//1730 948//948 1841//1841
f 1741//1741 688//688 1800//1800
f 1741//1741 1780//1780 1809//1809
f 1851//1851 1731//1731 1852//1852
f 1852//1852 1731//1731 1842//1842
f 1855//1855 1869//1869 676//676
f 1771//1771 1998//1998 1773//1773
f 1868//1868 1869//1869 1855//1855
f 78//78 258//258 77//77
f 1623//1623 1603//1603 1721//1721
f 666//666 1350//1350 1808//1808
f 279//279 1748//1748 1739//1739
f 1756//1756 1749//1749 1758//1758
f 1756//1756 271//271 1749//1749
f 269//269 1749//1749 271//271
f 3124//3124 3306//3306 3307//3307
f 3124//3124 3307//3307 3058//3058
f 2929//2929 3005//3005 3004//3004
f 220//220 3308//3308 1645//1645
f 1645//1645 3308//3308 3305//3305
f 3309//3309 3305//3305 3308//3308
f 3309//3309 3308//3308 3310//3310
f 3310//3310 3308//3308 220//220
f 220//220 1821//1821 3310//3310
f 1821//1821 1839//1839 3310//3310
f 1840//1840 1830//1830 1829//1829
f 1839//1839 1750//1750 1697//1697
f 3309//3309 1839//1839 3296//3296
f 3309//3309 3296//3296 3305//3305
f 1714//1714 3305//3305 3296//3296
f 1714//1714 3296//3296 1715//1715
f 3312//3312 1913//1913 3311//3311
f 1913//1913 3312//3312 1914//1914
f 752//752 1737//1737 1836//1836
f 1847//1847 3060//3060 3304//3304
f 1802//1802 1829//1829 1736//1736
f 1807//1807 1805//1805 1740//1740
f 1835//1835 1803//1803 751//751
f 1905//1905 2230//2230 1906//1906
f 3282//3282 1734//1734 279//279
f 1865//1865 1850//1850 3272//3272
f 2805//2805 2804//2804 3005//3005
f 1029//1029 3046//3046 1028//1028
f 3313//3313 2020//2020 1903//1903
f 3090//3090 3313//3313 1903//1903
f 1905//1905 1703//1703 1948//1948
f 1950//1950 1905//1905 1948//1948
f 1949//1949 1948//1948 1986//1986
f 1991//1991 3086//3086 1988//1988
f 1986//1986 1702//1702 1968//1968
f 2040//2040 2085//2085 2083//2083
f 661//661 1756//1756 1760//1760
f 1786//1786 1787//1787 1856//1856
f 3310//3310 1839//1839 3309//3309
f 220//220 1716//1716 1821//1821
f 220//220 805//805 1716//1716
f 1749//1749 1732//1732 1758//1758
f 3147//3147 3015//3015 3006//3006
f 1749//1749 1748//1748 278//278
f 1788//1788 1786//1786 1840//1840
f 1840//1840 1786//1786 744//744
f 1747//1747 265//265 1866//1866
f 661//661 1760//1760 1765//1765
f 1732//1732 1733//1733 1758//1758
f 1758//1758 1733//1733 1770//1770
f 1813//1813 1788//1788 1802//1802
f 750//750 1737//1737 752//752
f 265//265 1747//1747 1744//1744
f 1761//1761 1759//1759 1813//1813
f 1788//1788 1840//1840 1829//1829
f 1802//1802 1788//1788 1829//1829
f 1813//1813 1759//1759 1811//1811
f 1760//1760 1756//1756 1759//1759
f 1759//1759 3314//3314 1811//1811
f 1759//1759 1756//1756 3314//3314
f 1756//1756 1757//1757 3314//3314
f 1934//1934 3314//3314 1757//1757
f 1755//1755 3314//3314 1934//1934
f 1850//1850 1763//1763 1836//1836
f 1761//1761 1813//1813 1802//1802
f 1736//1736 3315//3315 1738//1738
f 3316//3316 1746//1746 1747//1747
f 2123//2123 2125//2125 2136//2136
f 1830//1830 3315//3315 1736//1736
f 745//745 1830//1830 744//744
f 1764//1764 1765//1765 1835//1835
f 1764//1764 1835//1835 751//751
f 3294//3294 1697//1697 3297//3297
f 3317//3317 1762//1762 1784//1784
f 3317//3317 1755//1755 1762//1762
f 1755//1755 3317//3317 3314//3314
f 3318//3318 3315//3315 1830//1830
f 745//745 1928//1928 3315//3315
f 1802//1802 1803//1803 1761//1761
f 1855//1855 1854//1854 1868//1868
f 1784//1784 1774//1774 1787//1787
f 1774//1774 1776//1776 1787//1787
f 1784//1784 1787//1787 3317//3317
f 1787//1787 1788//1788 1811//1811
f 1811//1811 1788//1788 1812//1812
f 3317//3317 1787//1787 1811//1811
f 3317//3317 1811//1811 3314//3314
f 745//745 3318//3318 1830//1830
f 1854//1854 1856//1856 1787//1787
f 1869//1869 678//678 676//676
f 678//678 1869//1869 1775//1775
f 3319//3319 1752//1752 1757//1757
f 1524//1524 3320//3320 1475//1475
f 1868//1868 1854//1854 1776//1776
f 1776//1776 1854//1854 1787//1787
f 1775//1775 1868//1868 1776//1776
f 1835//1835 1777//1777 1761//1761
f 1752//1752 1934//1934 1757//1757
f 1803//1803 1835//1835 1761//1761
f 1774//1774 1784//1784 1933//1933
f 1785//1785 1933//1933 1784//1784
f 1785//1785 1822//1822 1933//1933
f 3321//3321 1762//1762 1754//1754
f 1841//1841 948//948 1742//1742
f 1753//1753 3321//3321 1754//1754
f 3322//3322 3321//3321 1753//1753
f 1775//1775 1933//1933 678//678
f 1774//1774 1933//1933 1775//1775
f 3315//3315 3189//3189 1738//1738
f 2185//2185 2142//2142 427//427
f 1928//1928 3189//3189 3315//3315
f 3297//3297 1746//1746 3316//3316
f 3316//3316 3294//3294 3297//3297
f 660//660 1746//1746 1751//1751
f 1734//1734 1618//1618 1616//1616
f 1938//1938 1753//1753 1939//1939
f 3282//3282 279//279 1617//1617
f 3294//3294 3316//3316 1747//1747
f 3297//3297 1751//1751 1746//1746
f 1753//1753 1752//1752 3319//3319
f 1733//1733 3319//3319 1770//1770
f 1770//1770 3319//3319 1757//1757
f 1785//1785 1762//1762 3321//3321
f 3322//3322 3278//3278 3321//3321
f 3321//3321 3278//3278 1822//1822
f 3321//3321 1822//1822 1785//1785
f 1822//1822 3278//3278 677//677
f 1940//1940 3278//3278 1938//1938
f 1939//1939 1733//1733 1616//1616
f 1939//1939 1753//1753 1733//1733
f 1733//1733 1753//1753 3319//3319
f 1753//1753 3277//3277 3322//3322
f 1836//1836 3189//3189 3272//3272
f 1944//1944 1855//1855 3520//3520
f 1853//1853 1855//1855 1944//1944
f 1940//1940 1943//1943 3278//3278
f 676//676 677//677 3278//3278
f 1941//1941 1943//1943 3323//3323
f 1940//1940 1939//1939 3323//3323
f 1616//1616 3323//3323 1939//1939
f 1831//1831 3324//3324 1864//1864
f 1778//1778 264//264 3185//3185
f 1764//1764 3185//3185 264//264
f 978//978 265//265 1744//1744
f 1902//1902 2033//2033 2024//2024
f 1962//1962 745//745 1947//1947
f 1773//1773 1998//1998 1810//1810
f 1910//1910 1912//1912 1943//1943
f 340//340 322//322 321//321
f 3059//3059 3058//3058 3046//3046
f 1522//1522 322//322 340//340
f 1838//1838 2004//2004 2006//2006
f 3326//3326 3298//3298 3325//3325
f 3327//3327 1810//1810 1871//1871
f 1929//1929 3326//3326 3328//3328
f 1979//1979 1794//1794 624//624
f 3113//3113 1899//1899 1898//1898
f 3329//3329 3330//3330 2068//2068
f 1768//1768 1767//1767 1828//1828
f 1837//1837 2004//2004 1838//1838
f 1837//1837 283//283 2004//2004
f 3118//3118 3089//3089 3177//3177
f 1984//1984 1972//1972 2031//2031
f 1866//1866 1697//1697 3294//3294
f 1928//1928 1930//1930 3189//3189
f 264//264 978//978 1764//1764
f 1866//1866 1801//1801 1697//1697
f 2013//2013 2014//2014 2913//2913
f 3322//3322 3277//3277 3278//3278
f 1616//1616 1617//1617 3323//3323
f 1617//1617 1558//1558 1405//1405
f 1405//1405 3323//3323 1617//1617
f 1475//1475 3323//3323 1405//1405
f 3324//3324 1779//1779 1864//1864
f 1864//1864 1779//1779 1850//1850
f 3270//3270 3331//3331 1881//1881
f 2119//2119 3269//3269 3270//3270
f 3270//3270 1881//1881 2119//2119
f 1842//1842 315//315 1852//1852
f 1779//1779 3324//3324 1809//1809
f 3324//3324 1742//1742 1809//1809
f 1742//1742 3324//3324 1841//1841
f 1841//1841 3324//3324 1849//1849
f 3324//3324 1831//1831 1849//1849
f 1849//1849 1831//1831 285//285
f 1606//1606 1607//1607 2121//2121
f 2124//2124 2123//2123 3332//3332
f 2137//2137 3332//3332 2123//2123
f 1836//1836 3272//3272 1850//1850
f 3298//3298 3326//3326 1929//1929
f 1929//1929 1928//1928 3298//3298
f 1909//1909 1908//1908 2156//2156
f 2156//2156 1908//1908 1766//1766
f 1736//1736 1737//1737 750//750
f 1913//1913 1864//1864 3301//3301
f 3333//3333 3311//3311 3301//3301
f 1913//1913 3301//3301 3311//3311
f 3333//3333 3301//3301 1865//1865
f 1865//1865 1930//1930 3333//3333
f 3333//3333 1929//1929 3328//3328
f 1969//1969 3334//3334 1949//1949
f 1920//1920 3335//3335 1918//1918
f 1920//1920 1919//1919 1815//1815
f 3318//3318 745//745 3315//3315
f 2121//2121 1923//1923 310//310
f 1923//1923 2121//2121 1926//1926
f 2128//2128 2130//2130 2153//2153
f 2153//2153 2130//2130 2188//2188
f 553//553 2153//2153 2188//2188
f 1994//1994 3336//3336 2183//2183
f 2117//2117 745//745 1962//1962
f 1796//1796 1810//1810 3327//3327
f 1922//1922 2128//2128 2153//2153
f 2161//2161 3320//3320 3337//3337
f 2133//2133 2120//2120 552//552
f 2267//2267 1512//1512 2445//2445
f 1475//1475 3320//3320 3323//3323
f 205//205 3320//3320 1524//1524
f 2136//2136 3337//3337 3320//3320
f 2136//2136 3320//3320 2228//2228
f 3320//3320 2259//2259 2228//2228
f 2259//2259 3320//3320 205//205
f 1870//1870 3338//3338 1871//1871
f 3124//3124 3063//3063 3306//3306
f 3521//3521 3338//3338 3339//3339
f 1871//1871 3338//3338 3521//3521
f 3040//3040 3341//3341 3340//3340
f 3342//3342 3040//3040 3340//3340
f 1871//1871 3521//3521 3327//3327
f 1997//1997 3339//3339 3338//3338
f 1997//1997 3338//3338 1870//1870
f 1999//1999 3339//3339 1997//1997
f 3302//3302 1767//1767 3299//3299
f 3302//3302 3299//3299 1888//1888
f 3339//3339 1999//1999 2010//2010
f 2024//2024 2034//2034 607//607
f 2034//2034 1974//1974 1975//1975
f 3167//3167 3073//3073 3074//3074
f 3167//3167 3074//3074 3182//3182
f 3026//3026 2731//2731 3155//3155
f 1965//1965 59//59 1964//1964
f 341//341 309//309 308//308
f 2140//2140 341//341 308//308
f 3187//3187 2960//2960 2959//2959
f 3225//3225 1726//1726 2959//2959
f 2959//2959 1726//1726 3187//3187
f 3122//3122 3071//3071 2924//2924
f 1940//1940 3323//3323 1943//1943
f 1834//1834 2101//2101 1837//1837
f 302//302 1992//1992 1945//1945
f 3343//3343 1832//1832 1701//1701
f 3344//3344 2101//2101 1833//1833
f 1728//1728 2101//2101 3344//3344
f 3344//3344 3345//3345 1728//1728
f 1728//1728 3345//3345 1904//1904
f 3346//3346 1796//1796 3327//3327
f 1772//1772 2108//2108 3303//3303
f 3339//3339 1767//1767 3521//3521
f 1838//1838 2006//2006 1900//1900
f 3347//3347 1907//1907 3348//3348
f 1772//1772 3349//3349 2109//2109
f 1798//1798 3349//3349 1772//1772
f 1943//1943 1942//1942 1910//1910
f 3350//3350 3313//3313 2028//2028
f 3298//3298 2117//2117 3325//3325
f 3333//3333 1930//1930 1929//1929
f 2157//2157 3326//3326 3325//3325
f 3328//3328 3326//3326 3311//3311
f 3311//3311 3333//3333 3328//3328
f 1798//1798 3346//3346 3347//3347
f 1798//1798 3347//3347 3349//3349
f 3325//3325 1917//1917 1915//1915
f 2157//2157 3325//3325 1915//1915
f 3348//3348 3349//3349 3347//3347
f 1771//1771 1772//1772 3303//3303
f 3352//3352 3351//3351 1907//1907
f 1816//1816 1960//1960 3335//3335
f 1911//1911 1856//1856 1853//1853
f 1942//1942 3353//3353 2231//2231
f 1941//1941 2231//2231 3353//3353
f 1941//1941 3353//3353 1942//1942
f 2032//2032 1886//1886 1973//1973
f 1973//1973 1984//1984 2032//2032
f 1855//1855 676//676 3520//3520
f 1943//1943 3520//3520 3278//3278
f 3326//3326 2157//2157 1766//1766
f 3346//3346 1798//1798 1796//1796
f 1932//1932 1911//1911 1910//1910
f 2160//2160 2053//2053 1874//1874
f 1872//1872 2160//2160 1874//1874
f 3326//3326 1766//1766 3311//3311
f 1907//1907 1909//1909 3352//3352
f 3352//3352 1909//1909 1915//1915
f 3520//3520 676//676 3278//3278
f 1912//1912 3520//3520 1943//1943
f 2156//2156 1915//1915 1909//1909
f 3521//3521 1766//1766 3327//3327
f 712//712 3060//3060 1790//1790
f 2082//2082 2160//2160 2115//2115
f 745//745 2117//2117 3298//3298
f 1908//1908 3346//3346 1766//1766
f 3347//3347 3346//3346 1908//1908
f 1916//1916 1918//1918 3352//3352
f 1916//1916 3352//3352 1915//1915
f 1918//1918 3351//3351 3352//3352
f 3354//3354 3348//3348 1907//1907
f 3354//3354 1907//1907 3351//3351
f 3335//3335 3355//3355 3351//3351
f 3355//3355 3354//3354 3351//3351
f 3356//3356 3357//3357 3358//3358
f 3356//3356 3358//3358 317//317
f 1907//1907 3347//3347 1908//1908
f 1912//1912 1944//1944 3520//3520
f 1459//1459 366//366 1458//1458
f 3345//3345 3359//3359 1904//1904
f 657//657 3359//3359 3345//3345
f 655//655 1906//1906 2230//2230
f 1960//1960 1816//1816 1814//1814
f 3346//3346 3327//3327 1766//1766
f 2194//2194 2447//2447 112//112
f 1910//1910 2231//2231 1931//1931
f 1942//1942 2231//2231 1910//1910
f 1925//1925 2128//2128 1922//1922
f 1922//1922 1923//1923 1925//1925
f 2193//2193 2149//2149 2147//2147
f 2231//2231 3360//3360 2230//2230
f 1815//1815 1919//1919 743//743
f 1947//1947 1919//1919 1961//1961
f 2117//2117 1917//1917 3325//3325
f 1919//1919 1947//1947 743//743
f 1961//1961 1917//1917 2117//2117
f 3361//3361 3362//3362 3363//3363
f 3363//3363 582//582 3361//3361
f 3363//3363 339//339 582//582
f 2332//2332 2161//2161 3337//3337
f 2161//2161 2332//2332 2129//2129
f 655//655 3362//3362 3359//3359
f 3359//3359 657//657 655//655
f 1898//1898 2005//2005 2011//2011
f 2129//2129 2128//2128 1925//1925
f 1925//1925 1927//1927 2129//2129
f 1905//1905 2107//2107 2230//2230
f 2230//2230 2107//2107 2229//2229
f 2231//2231 2229//2229 1931//1931
f 1931//1931 2229//2229 1786//1786
f 1786//1786 1856//1856 1931//1931
f 1856//1856 1932//1932 1931//1931
f 3364//3364 1905//1905 1958//1958
f 3364//3364 1958//1958 2107//2107
f 2107//2107 1905//1905 3364//3364
f 1786//1786 3365//3365 744//744
f 2229//2229 3365//3365 1786//1786
f 2107//2107 1814//1814 2229//2229
f 743//743 3365//3365 2229//2229
f 2229//2229 1814//1814 743//743
f 744//744 3365//3365 743//743
f 1960//1960 1814//1814 1957//1957
f 1958//1958 1957//1957 1814//1814
f 1905//1905 1959//1959 1958//1958
f 1815//1815 1816//1816 1920//1920
f 1920//1920 1816//1816 3335//3335
f 1956//1956 1959//1959 1905//1905
f 1956//1956 1905//1905 1950//1950
f 3366//3366 1959//1959 1956//1956
f 3367//3367 1906//1906 656//656
f 1955//1955 1906//1906 3367//3367
f 3351//3351 1918//1918 3335//3335
f 1916//1916 1919//1919 1918//1918
f 3335//3335 3366//3366 3355//3355
f 3335//3335 1960//1960 1959//1959
f 3335//3335 1959//1959 3366//3366
f 1904//1904 3368//3368 282//282
f 1897//1897 1832//1832 3343//3343
f 1772//1772 1773//1773 1797//1797
f 3368//3368 3361//3361 582//582
f 1956//1956 1949//1949 3334//3334
f 1956//1956 3334//3334 3366//3366
f 3368//3368 582//582 282//282
f 1955//1955 3343//3343 1701//1701
f 1701//1701 1703//1703 1955//1955
f 3357//3357 3369//3369 3355//3355
f 3368//3368 3359//3359 3362//3362
f 3361//3361 3368//3368 3362//3362
f 3370//3370 2012//2012 2013//2013
f 3091//3091 3370//3370 2013//2013
f 3345//3345 3344//3344 656//656
f 656//656 1833//1833 1897//1897
f 656//656 3344//3344 1833//1833
f 3343//3343 656//656 1897//1897
f 3345//3345 656//656 657//657
f 3343//3343 3367//3367 656//656
f 1955//1955 3367//3367 3343//3343
f 655//655 656//656 1906//1906
f 1919//1919 1917//1917 1961//1961
f 1917//1917 1919//1919 1916//1916
f 3355//3355 3366//3366 3334//3334
f 3355//3355 3369//3369 3354//3354
f 3359//3359 3368//3368 1904//1904
f 1969//1969 1945//1945 1991//1991
f 1945//1945 1967//1967 1946//1946
f 314//314 304//304 303//303
f 1745//1745 2058//2058 312//312
f 3371//3371 313//313 1834//1834
f 1834//1834 1838//1838 3371//3371
f 312//312 2058//2058 314//314
f 1745//1745 570//570 2058//2058
f 1834//1834 313//313 1832//1832
f 1832//1832 313//313 601//601
f 601//601 313//313 314//314
f 3371//3371 312//312 313//313
f 1838//1838 1900//1900 3371//3371
f 312//312 1900//1900 1745//1745
f 1900//1900 312//312 3371//3371
f 1946//1946 1967//1967 303//303
f 601//601 303//303 1701//1701
f 303//303 1968//1968 1701//1701
f 1832//1832 601//601 1701//1701
f 2092//2092 2018//2018 3372//3372
f 2092//2092 3372//3372 3086//3086
f 2059//2059 1970//1970 2060//2060
f 3373//3373 1967//1967 1945//1945
f 1986//1986 1967//1967 3373//3373
f 3086//3086 3372//3372 2059//2059
f 2059//2059 3372//3372 1970//1970
f 1970//1970 3372//3372 2018//2018
f 3373//3373 1945//1945 1949//1949
f 3373//3373 1949//1949 1986//1986
f 1703//1703 1702//1702 1986//1986
f 1986//1986 1948//1948 1703//1703
f 1946//1946 303//303 302//302
f 2083//2083 2085//2085 2077//2077
f 1903//1903 2020//2020 1902//1902
f 3340//3340 3374//3374 3042//3042
f 3342//3342 3340//3340 3042//3042
f 3125//3125 1992//1992 302//302
f 2020//2020 3313//3313 2081//2081
f 1991//1991 1992//1992 3086//3086
f 1981//1981 3082//3082 3375//3375
f 3329//3329 2068//2068 1971//1971
f 1971//1971 3376//3376 1970//1970
f 3376//3376 1971//1971 2068//2068
f 1970//1970 3376//3376 2068//2068
f 1989//1989 2072//2072 1990//1990
f 3370//3370 2074//2074 1973//1973
f 2012//2012 3370//3370 1973//1973
f 1767//1767 3339//3339 2010//2010
f 2108//2108 1889//1889 1888//1888
f 2024//2024 1901//1901 1902//1902
f 2005//2005 2004//2004 1885//1885
f 2072//2072 1969//1969 1991//1991
f 2113//2113 569//569 2031//2031
f 1984//1984 1973//1973 2074//2074
f 2895//2895 3377//3377 1819//1819
f 3377//3377 2895//2895 2896//2896
f 2012//2012 1973//1973 1887//1887
f 1888//1888 3303//3303 2108//2108
f 568//568 569//569 2113//2113
f 2031//2031 569//569 2032//2032
f 2109//2109 3349//3349 3348//3348
f 2156//2156 1766//1766 2157//2157
f 1766//1766 1768//1768 3311//3311
f 3312//3312 3311//3311 1768//1768
f 3357//3357 3356//3356 3369//3369
f 3369//3369 3356//3356 3378//3378
f 3356//3356 3379//3379 3378//3378
f 3379//3379 2109//2109 3378//3378
f 3379//3379 1889//1889 2109//2109
f 317//317 1889//1889 3379//3379
f 3356//3356 317//317 3379//3379
f 3380//3380 317//317 3358//3358
f 3358//3358 1969//1969 3380//3380
f 1969//1969 3358//3358 3334//3334
f 286//286 1914//1914 1828//1828
f 3383//3383 3382//3382 3381//3381
f 1768//1768 1828//1828 1914//1914
f 3312//3312 1768//1768 1914//1914
f 3384//3384 1969//1969 318//318
f 3384//3384 3380//3380 1969//1969
f 318//318 3380//3380 3384//3384
f 318//318 317//317 3380//3380
f 3358//3358 3357//3357 3334//3334
f 3355//3355 3334//3334 3357//3357
f 3378//3378 3348//3348 3369//3369
f 3369//3369 3348//3348 3354//3354
f 3103//3103 3039//3039 3112//3112
f 3348//3348 3378//3378 2109//2109
f 1969//1969 2072//2072 319//319
f 1969//1969 319//319 318//318
f 2072//2072 3302//3302 319//319
f 1767//1767 3302//3302 2072//2072
f 1901//1901 1793//1793 3080//3080
f 2109//2109 1889//1889 2108//2108
f 2005//2005 1898//1898 2006//2006
f 3113//3113 3090//3090 3080//3080
f 603//603 1978//1978 1636//1636
f 2010//2010 1771//1771 3300//3300
f 298//298 297//297 712//712
f 2011//2011 3113//3113 1898//1898
f 3015//3015 3147//3147 3041//3041
f 3041//3041 3147//3147 3078//3078
f 2011//2011 2028//2028 3090//3090
f 3090//3090 2028//2028 3313//3313
f 3303//3303 3300//3300 1771//1771
f 3300//3300 3303//3303 3299//3299
f 746//746 1877//1877 747//747
f 3266//3266 3010//3010 2078//2078
f 3350//3350 3266//3266 2078//2078
f 2028//2028 3266//3266 3350//3350
f 1635//1635 1637//1637 3350//3350
f 1635//1635 3350//3350 2078//2078
f 2887//2887 2800//2800 2900//2900
f 543//543 2029//2029 525//525
f 2789//2789 3119//3119 2899//2899
f 607//607 2034//2034 2017//2017
f 607//607 2017//2017 2016//2016
f 2017//2017 2034//2034 1975//1975
f 3070//3070 2015//2015 2073//2073
f 3092//3092 3115//3115 2067//2067
f 2800//2800 2050//2050 2070//2070
f 3115//3115 2800//2800 2070//2070
f 2900//2900 2800//2800 3115//3115
f 2070//2070 2050//2050 2071//2071
f 3093//3093 523//523 3092//3092
f 2901//2901 2001//2001 1964//1964
f 3385//3385 2009//2009 58//58
f 58//58 2009//2009 60//60
f 3385//3385 2056//2056 2057//2057
f 2051//2051 2131//2131 2887//2887
f 2035//2035 523//523 3093//3093
f 3093//3093 2086//2086 2035//2035
f 523//523 524//524 3092//3092
f 58//58 2056//2056 3385//3385
f 2900//2900 524//524 2030//2030
f 2992//2992 2886//2886 2889//2889
f 2992//2992 2889//2889 2897//2897
f 2897//2897 617//617 2992//2992
f 617//617 2897//2897 618//618
f 1874//1874 543//543 525//525
f 2053//2053 543//543 1874//1874
f 2035//2035 2054//2054 525//525
f 2081//2081 3350//3350 1637//1637
f 3313//3313 3350//3350 2081//2081
f 3386//3386 2057//2057 2008//2008
f 2099//2099 2054//2054 2035//2035
f 2099//2099 2035//2035 2086//2086
f 1966//1966 2001//2001 2002//2002
f 1891//1891 1966//1966 2002//2002
f 2088//2088 2039//2039 2087//2087
f 2003//2003 1890//1890 2002//2002
f 2099//2099 1873//1873 2054//2054
f 1891//1891 2002//2002 1890//1890
f 3115//3115 2038//2038 2067//2067
f 2070//2070 2038//2038 3115//3115
f 1902//1902 1974//1974 2033//2033
f 3387//3387 359//359 357//357
f 1890//1890 528//528 526//526
f 359//359 3387//3387 323//323
f 323//323 325//325 359//359
f 323//323 3387//3387 593//593
f 593//593 2102//2102 323//323
f 1881//1881 3331//3331 1843//1843
f 2114//2114 2183//2183 3336//3336
f 324//324 2053//2053 2082//2082
f 539//539 538//538 2025//2025
f 527//527 2025//2025 538//538
f 1976//1976 2019//2019 1993//1993
f 1976//1976 1993//1993 393//393
f 596//596 595//595 3096//3096
f 3387//3387 594//594 593//593
f 466//466 2559//2559 476//476
f 2008//2008 527//527 3386//3386
f 1009//1009 2825//2825 2832//2832
f 2131//2131 2132//2132 2888//2888
f 58//58 59//59 1965//1965
f 2783//2783 2854//2854 2057//2057
f 2835//2835 2858//2858 2864//2864
f 2912//2912 2835//2835 2864//2864
f 2535//2535 405//405 2576//2576
f 528//528 2025//2025 527//527
f 2025//2025 528//528 2026//2026
f 2150//2150 2453//2453 3388//3388
f 357//357 358//358 2132//2132
f 2186//2186 2185//2185 428//428
f 427//427 428//428 2185//2185
f 527//527 2522//2522 3386//3386
f 594//594 2132//2132 2052//2052
f 2003//2003 2132//2132 2103//2103
f 2858//2858 2132//2132 2003//2003
f 2103//2103 2132//2132 3389//3389
f 594//594 357//357 2132//2132
f 3387//3387 357//357 594//594
f 3337//3337 2136//2136 2125//2125
f 2888//2888 2132//2132 2838//2838
f 529//529 405//405 2536//2536
f 2009//2009 2855//2855 2869//2869
f 2869//2869 2855//2855 3390//3390
f 2855//2855 2009//2009 3385//3385
f 3108//3108 3056//3056 60//60
f 3108//3108 60//60 529//529
f 1902//1902 2019//2019 1974//1974
f 2085//2085 2067//2067 2077//2077
f 2067//2067 2085//2085 3093//3093
f 1637//1637 1993//1993 2081//2081
f 3093//3093 2085//2085 2086//2086
f 3125//3125 2089//2089 1992//1992
f 1992//1992 2089//2089 3391//3391
f 1992//1992 3391//3391 3086//3086
f 2113//2113 2089//2089 3125//3125
f 3125//3125 568//568 2113//2113
f 3125//3125 304//304 568//568
f 3391//3391 2089//2089 2092//2092
f 3391//3391 2092//2092 3086//3086
f 1977//1977 1978//1978 3392//3392
f 3392//3392 1978//1978 602//602
f 2000//2000 2080//2080 602//602
f 602//602 2080//2080 3392//3392
f 3392//3392 2080//2080 2039//2039
f 3392//3392 2039//2039 2088//2088
f 3392//3392 2088//2088 1977//1977
f 2039//2039 2079//2079 2084//2084
f 2000//2000 2079//2079 2080//2080
f 2084//2084 2079//2079 2099//2099
f 2099//2099 2079//2079 2111//2111
f 1873//1873 2099//2099 2111//2111
f 2111//2111 2079//2079 2000//2000
f 2082//2082 2115//2115 1921//1921
f 1921//1921 2115//2115 1606//1606
f 1791//1791 1792//1792 3393//3393
f 1859//1859 1607//1607 1608//1608
f 1606//1606 2122//2122 1921//1921
f 2026//2026 3100//3100 2027//2027
f 2155//2155 2133//2133 552//552
f 1875//1875 1876//1876 428//428
f 342//342 343//343 357//357
f 3394//3394 1875//1875 428//428
f 2461//2461 3394//3394 428//428
f 422//422 412//412 421//421
f 428//428 1876//1876 2186//2186
f 1926//1926 1607//1607 3273//3273
f 539//539 2110//2110 537//537
f 2522//2522 537//537 1875//1875
f 1880//1880 2114//2114 2112//2112
f 528//528 1890//1890 2003//2003
f 2003//2003 2103//2103 528//528
f 528//528 2103//2103 2026//2026
f 2483//2483 2420//2420 2238//2238
f 2114//2114 3336//3336 3393//3393
f 2111//2111 1880//1880 2112//2112
f 739//739 1924//1924 1996//1996
f 2183//2183 2093//2093 1994//1994
f 1924//1924 739//739 1522//1522
f 1941//1941 3360//3360 2231//2231
f 3395//3395 2095//2095 2093//2093
f 2000//2000 1845//1845 1879//1879
f 1844//1844 1879//1879 1845//1845
f 2112//2112 2114//2114 3396//3396
f 2112//2112 3396//3396 1872//1872
f 1872//1872 1873//1873 2112//2112
f 1994//1994 1791//1791 3336//3336
f 2094//2094 1858//1858 1857//1857
f 2183//2183 3395//3395 2093//2093
f 3395//3395 1844//1844 1843//1843
f 1844//1844 3395//3395 1878//1878
f 1878//1878 3395//3395 2183//2183
f 3331//3331 2094//2094 2095//2095
f 3270//3270 2094//2094 3331//3331
f 1843//1843 3331//3331 2095//2095
f 1843//1843 2095//2095 3395//3395
f 2161//2161 3397//3397 3320//3320
f 3269//3269 1941//1941 3323//3323
f 3320//3320 3397//3397 3269//3269
f 3269//3269 3323//3323 3320//3320
f 2118//2118 2126//2126 1927//1927
f 3397//3397 1858//1858 2094//2094
f 1927//1927 3273//3273 2118//2118
f 3360//3360 3363//3363 2230//2230
f 2118//2118 3397//3397 2126//2126
f 1858//1858 3397//3397 2118//2118
f 3363//3363 340//340 339//339
f 2094//2094 3269//3269 3397//3397
f 3360//3360 1941//1941 340//340
f 3360//3360 340//340 3363//3363
f 3362//3362 2230//2230 3363//3363
f 2161//2161 2127//2127 2126//2126
f 1859//1859 2118//2118 3273//3273
f 3397//3397 2161//2161 2126//2126
f 2289//2289 2184//2184 2027//2027
f 2167//2167 2182//2182 2166//2166
f 358//358 2141//2141 397//397
f 2184//2184 2186//2186 2027//2027
f 2155//2155 2188//2188 2331//2331
f 3398//3398 3100//3100 2104//2104
f 2105//2105 3398//3398 2104//2104
f 3362//3362 655//655 2230//2230
f 3399//3399 2227//2227 2105//2105
f 3400//3400 2326//2326 2142//2142
f 2453//2453 2151//2151 2452//2452
f 2129//2129 1927//1927 2127//2127
f 3332//3332 2226//2226 2331//2331
f 2184//2184 2289//2289 2185//2185
f 3100//3100 2026//2026 2104//2104
f 2104//2104 2026//2026 2103//2103
f 2115//2115 2160//2160 1792//1792
f 2160//2160 1872//1872 3396//3396
f 1792//1792 2160//2160 3396//3396
f 1792//1792 3396//3396 3393//3393
f 3393//3393 3396//3396 2114//2114
f 3393//3393 3336//3336 1791//1791
f 1607//1607 1859//1859 3273//3273
f 429//429 2461//2461 428//428
f 2141//2141 358//358 343//343
f 537//537 2110//2110 1876//1876
f 2461//2461 1875//1875 3394//3394
f 2140//2140 343//343 341//341
f 1875//1875 3386//3386 2522//2522
f 2057//2057 3386//3386 1875//1875
f 2057//2057 1875//1875 2783//2783
f 2187//2187 3337//3337 2125//2125
f 2332//2332 3337//3337 2187//2187
f 2526//2526 473//473 474//474
f 2770//2770 512//512 3401//3401
f 2341//2341 459//459 390//390
f 2520//2520 2523//2523 2528//2528
f 2528//2528 472//472 2520//2520
f 3400//3400 2142//2142 2289//2289
f 2583//2583 2579//2579 2491//2491
f 354//354 2491//2491 2579//2579
f 2180//2180 2349//2349 2469//2469
f 3402//3402 2321//2321 2175//2175
f 2500//2500 3402//3402 2175//2175
f 2494//2494 2366//2366 3403//3403
f 397//397 2141//2141 2349//2349
f 112//112 2447//2447 113//113
f 2065//2065 2432//2432 111//111
f 2065//2065 2066//2066 2432//2432
f 1507//1507 2258//2258 2446//2446
f 2258//2258 2267//2267 2446//2446
f 2908//2908 2973//2973 2878//2878
f 2742//2742 1892//1892 936//936
f 936//936 1892//1892 2697//2697
f 3400//3400 2289//2289 3100//3100
f 2214//2214 1519//1519 329//329
f 1518//1518 1519//1519 2214//2214
f 2164//2164 2141//2141 2120//2120
f 2120//2120 2141//2141 2140//2140
f 2227//2227 3399//3399 2147//2147
f 2147//2147 2148//2148 2227//2227
f 3399//3399 2194//2194 2147//2147
f 2147//2147 2194//2194 2193//2193
f 2194//2194 3399//3399 3389//3389
f 2105//2105 2227//2227 3400//3400
f 3398//3398 3400//3400 3100//3100
f 2105//2105 3400//3400 3398//3398
f 2174//2174 2173//2173 426//426
f 2479//2479 2064//2064 2525//2525
f 2508//2508 628//628 2510//2510
f 2510//2510 628//628 629//629
f 2105//2105 2103//2103 3399//3399
f 3389//3389 3399//3399 2103//2103
f 2212//2212 2330//2330 2165//2165
f 2555//2555 3404//3404 513//513
f 2164//2164 2349//2349 2141//2141
f 2432//2432 2066//2066 3405//3405
f 2212//2212 2251//2251 2330//2330
f 2224//2224 2207//2207 2241//2241
f 427//427 2143//2143 429//429
f 2463//2463 2464//2464 3406//3406
f 2325//2325 2192//2192 2191//2191
f 2175//2175 423//423 2500//2500
f 3332//3332 2331//2331 2188//2188
f 3407//3407 2963//2963 2962//2962
f 2479//2479 2963//2963 3407//3407
f 2326//2326 2325//2325 2176//2176
f 553//553 2188//2188 2155//2155
f 422//422 2192//2192 2148//2148
f 2349//2349 2348//2348 397//397
f 2142//2142 2326//2326 2176//2176
f 2227//2227 2326//2326 3400//3400
f 2223//2223 2447//2447 358//358
f 2166//2166 2484//2484 2250//2250
f 3332//3332 2188//2188 2124//2124
f 3332//3332 2137//2137 2226//2226
f 3406//3406 2485//2485 2463//2463
f 1468//1468 1467//1467 3408//3408
f 2292//2292 2457//2457 2477//2477
f 2194//2194 358//358 2447//2447
f 2143//2143 2144//2144 429//429
f 2201//2201 2321//2321 2461//2461
f 2207//2207 2224//2224 2273//2273
f 414//414 2148//2148 2149//2149
f 422//422 2148//2148 414//414
f 2212//2212 2165//2165 2209//2209
f 2905//2905 2225//2225 2260//2260
f 2905//2905 2260//2260 2135//2135
f 358//358 2194//2194 3389//3389
f 289//289 2226//2226 288//288
f 2284//2284 2189//2189 454//454
f 2464//2464 413//413 3407//3407
f 3407//3407 413//413 3405//3405
f 2152//2152 2150//2150 2485//2485
f 2454//2454 2452//2452 2500//2500
f 2454//2454 3388//3388 2453//2453
f 2829//2829 2786//2786 2787//2787
f 2236//2236 2428//2428 2198//2198
f 2457//2457 2418//2418 2477//2477
f 1517//1517 2250//2250 2241//2241
f 1517//1517 2241//2241 2207//2207
f 502//502 2460//2460 2203//2203
f 311//311 3409//3409 2149//2149
f 2432//2432 3409//3409 311//311
f 3410//3410 3409//3409 2432//2432
f 2432//2432 3405//3405 3410//3410
f 113//113 2223//2223 395//395
f 397//397 395//395 2223//2223
f 2181//2181 2182//2182 2167//2167
f 2460//2460 502//502 396//396
f 2261//2261 2134//2134 2135//2135
f 3411//3411 2469//2469 2261//2261
f 2261//2261 2469//2469 2134//2134
f 2267//2267 2258//2258 352//352
f 1510//1510 2267//2267 352//352
f 3411//3411 2180//2180 2469//2469
f 2180//2180 3411//3411 2182//2182
f 3411//3411 2221//2221 2182//2182
f 2261//2261 2221//2221 3411//3411
f 2260//2260 2221//2221 2261//2261
f 2166//2166 2221//2221 2484//2484
f 2484//2484 2221//2221 2260//2260
f 160//160 1516//1516 2235//2235
f 2330//2330 2251//2251 2199//2199
f 2199//2199 2251//2251 2200//2200
f 2167//2167 2330//2330 2199//2199
f 2199//2199 2459//2459 2167//2167
f 2217//2217 2334//2334 2297//2297
f 3412//3412 2363//2363 2316//2316
f 2315//2315 2316//2316 391//391
f 2428//2428 2170//2170 2272//2272
f 2236//2236 2170//2170 2428//2428
f 3409//3409 3410//3410 2149//2149
f 414//414 2149//2149 3410//3410
f 422//422 414//414 412//412
f 413//413 3410//3410 3405//3405
f 1507//1507 1687//1687 407//407
f 161//161 494//494 2214//2214
f 159//159 2266//2266 1512//1512
f 2445//2445 1512//1512 2266//2266
f 329//329 330//330 2214//2214
f 2214//2214 330//330 161//161
f 2272//2272 454//454 452//452
f 452//452 2428//2428 2272//2272
f 2274//2274 331//331 2262//2262
f 2262//2262 331//331 329//329
f 2284//2284 454//454 2235//2235
f 2235//2235 454//454 2272//2272
f 2280//2280 2190//2190 408//408
f 2190//2190 2282//2282 408//408
f 2334//2334 2217//2217 2215//2215
f 1686//1686 1687//1687 2271//2271
f 352//352 2258//2258 351//351
f 2446//2446 2445//2445 2266//2266
f 1861//1861 2446//2446 2274//2274
f 1495//1495 1476//1476 1477//1477
f 1477//1477 1455//1455 1495//1495
f 1497//1497 3413//3413 1456//1456
f 1456//1456 1461//1461 1497//1497
f 1477//1477 1484//1484 1455//1455
f 1508//1508 2446//2446 1861//1861
f 1861//1861 1860//1860 1508//1508
f 331//331 2446//2446 2266//2266
f 2139//2139 2138//2138 1488//1488
f 2138//2138 2271//2271 1488//1488
f 1487//1487 1488//1488 2271//2271
f 2270//2270 1507//1507 1487//1487
f 2271//2271 2270//2270 1487//1487
f 366//366 2329//2329 368//368
f 2100//2100 2139//2139 1488//1488
f 1528//1528 2139//2139 2100//2100
f 370//370 1529//1529 371//371
f 371//371 1529//1529 1528//1528
f 1528//1528 349//349 371//371
f 2138//2138 1530//1530 2355//2355
f 2276//2276 2355//2355 1530//1530
f 2409//2409 2451//2451 458//458
f 1686//1686 2271//2271 2355//2355
f 2138//2138 2355//2355 2271//2271
f 3410//3410 413//413 414//414
f 2486//2486 2485//2485 3406//3406
f 2437//2437 2412//2412 2413//2413
f 2413//2413 2489//2489 2437//2437
f 2580//2580 2963//2963 2179//2179
f 2580//2580 2179//2179 2177//2177
f 2393//2393 3412//3412 2243//2243
f 2316//2316 2314//2314 2335//2335
f 3412//3412 2335//2335 2242//2242
f 2242//2242 2243//2243 3412//3412
f 1467//1467 2334//2334 2269//2269
f 1468//1468 2295//2295 2299//2299
f 2320//2320 2297//2297 2595//2595
f 3408//3408 2211//2211 2293//2293
f 2268//2268 2211//2211 3408//3408
f 1480//1480 1478//1478 1476//1476
f 1453//1453 2269//2269 2334//2334
f 1467//1467 2268//2268 3408//3408
f 2211//2211 2268//2268 2269//2269
f 2299//2299 1509//1509 1468//1468
f 1507//1507 1452//1452 1487//1487
f 1506//1506 1482//1482 1507//1507
f 2297//2297 1509//1509 2288//2288
f 1489//1489 1452//1452 1458//1458
f 1452//1452 1489//1489 1487//1487
f 1495//1495 1454//1454 2300//2300
f 2295//2295 1468//1468 3408//3408
f 2286//2286 2295//2295 2294//2294
f 2211//2211 1452//1452 1482//1482
f 1507//1507 1482//1482 1452//1452
f 1508//1508 1507//1507 2446//2446
f 2446//2446 331//331 2274//2274
f 1459//1459 2329//2329 366//366
f 2293//2293 2295//2295 3408//3408
f 2334//2334 2215//2215 1453//1453
f 2286//2286 1495//1495 2300//2300
f 2286//2286 2300//2300 2299//2299
f 2286//2286 2299//2299 2295//2295
f 2300//2300 1454//1454 2288//2288
f 1456//1456 2287//2287 1454//1454
f 1482//1482 1506//1506 2237//2237
f 2228//2228 1861//1861 2274//2274
f 2274//2274 2265//2265 2228//2228
f 1502//1502 3414//3414 2211//2211
f 2211//2211 3414//3414 2293//2293
f 2294//2294 2293//2293 3414//3414
f 1476//1476 3414//3414 1376//1376
f 3414//3414 1476//1476 2294//2294
f 1476//1476 2286//2286 2294//2294
f 3414//3414 1502//1502 1376//1376
f 1456//1456 3413//3413 2287//2287
f 2304//2304 2287//2287 3413//3413
f 2307//2307 2287//2287 2304//2304
f 2307//2307 2304//2304 2302//2302
f 1386//1386 1460//1460 1462//1462
f 2304//2304 3413//3413 1497//1497
f 2304//2304 1497//1497 1460//1460
f 2311//2311 2313//2313 2308//2308
f 2313//2313 2319//2319 2318//2318
f 2318//2318 2302//2302 3415//3415
f 2303//2303 3415//3415 2302//2302
f 2308//2308 2313//2313 3415//3415
f 3415//3415 2313//2313 2318//2318
f 2303//2303 2308//2308 3415//3415
f 1460//1460 2308//2308 2304//2304
f 380//380 2308//2308 2629//2629
f 2311//2311 2308//2308 380//380
f 2585//2585 2632//2632 2584//2584
f 2584//2584 2632//2632 2676//2676
f 2246//2246 2245//2245 356//356
f 2684//2684 2333//2333 2340//2340
f 2340//2340 2333//2333 372//372
f 2388//2388 2340//2340 372//372
f 2329//2329 2309//2309 3416//3416
f 2216//2216 2309//2309 2329//2329
f 3417//3417 3416//3416 2309//2309
f 2309//2309 2406//2406 3417//3417
f 2406//2406 2309//2309 2319//2319
f 2298//2298 2319//2319 2309//2309
f 2298//2298 2297//2297 2320//2320
f 2320//2320 2319//2319 2298//2298
f 2323//2323 2407//2407 2324//2324
f 2405//2405 2406//2406 2312//2312
f 2406//2406 2319//2319 2312//2312
f 2313//2313 2312//2312 2319//2319
f 2329//2329 3416//3416 2328//2328
f 2328//2328 3416//3416 3417//3417
f 2310//2310 3418//3418 3419//3419
f 2384//2384 2571//2571 2219//2219
f 3420//3420 2571//2571 2384//2384
f 2570//2570 3421//3421 2337//2337
f 350//350 2327//2327 369//369
f 411//411 2154//2154 350//350
f 2264//2264 2154//2154 367//367
f 1458//1458 2285//2285 1489//1489
f 348//348 2285//2285 411//411
f 2222//2222 367//367 411//411
f 382//382 2327//2327 2263//2263
f 2290//2290 382//382 2263//2263
f 2263//2263 2327//2327 2154//2154
f 2154//2154 2327//2327 350//350
f 380//380 2571//2571 3420//3420
f 444//444 2399//2399 2291//2291
f 2487//2487 2399//2399 444//444
f 444//444 2291//2291 446//446
f 2290//2290 446//446 2291//2291
f 2291//2291 2399//2399 381//381
f 382//382 2291//2291 381//381
f 2323//2323 2328//2328 2407//2407
f 3417//3417 2407//2407 2328//2328
f 2322//2322 2305//2305 2323//2323
f 2323//2323 2305//2305 2328//2328
f 2328//2328 2305//2305 368//368
f 2264//2264 368//368 2305//2305
f 532//532 2290//2290 2306//2306
f 532//532 531//531 446//446
f 446//446 2290//2290 532//532
f 2570//2570 2336//2336 3418//3418
f 2322//2322 2324//2324 533//533
f 533//533 2324//2324 2336//2336
f 3417//3417 2406//2406 2407//2407
f 3419//3419 2324//2324 2407//2407
f 2405//2405 3419//3419 2407//2407
f 2405//2405 2310//2310 3419//3419
f 2312//2312 2310//2310 2405//2405
f 2570//2570 3418//3418 2392//2392
f 3419//3419 3418//3418 2336//2336
f 2336//2336 2324//2324 3419//3419
f 2392//2392 3418//3418 2310//2310
f 445//445 2337//2337 3422//3422
f 531//531 2337//2337 445//445
f 2487//2487 2208//2208 2333//2333
f 374//374 2333//2333 2208//2208
f 2487//2487 2333//2333 2684//2684
f 2684//2684 2399//2399 2487//2487
f 2335//2335 3412//3412 2316//2316
f 2408//2408 3423//3423 2232//2232
f 2379//2379 3423//3423 2408//2408
f 465//465 2433//2433 2379//2379
f 3424//3424 2427//2427 3423//3423
f 2425//2425 2427//2427 3424//3424
f 2379//2379 2433//2433 3424//3424
f 3424//3424 3423//3423 2379//2379
f 3424//3424 2433//2433 2425//2425
f 3425//3425 2427//2427 2388//2388
f 2427//2427 3425//3425 3423//3423
f 372//372 3425//3425 2388//2388
f 3423//3423 3425//3425 2403//2403
f 2403//2403 2232//2232 3423//3423
f 2403//2403 3425//3425 372//372
f 2430//2430 460//460 2431//2431
f 2431//2431 460//460 2341//2341
f 2281//2281 460//460 2430//2430
f 2190//2190 2281//2281 2430//2430
f 360//360 361//361 2393//2393
f 2615//2615 391//391 2364//2364
f 2316//2316 2364//2364 391//391
f 2393//2393 361//361 2339//2339
f 2433//2433 2362//2362 2425//2425
f 2362//2362 2615//2615 2364//2364
f 2433//2433 2361//2361 2362//2362
f 2362//2362 2361//2361 2615//2615
f 2615//2615 2361//2361 389//389
f 2433//2433 2240//2240 2361//2361
f 2368//2368 2096//2096 2553//2553
f 2244//2244 2247//2247 2489//2489
f 2248//2248 2489//2489 2247//2247
f 2403//2403 2233//2233 2232//2232
f 2277//2277 2345//2345 2279//2279
f 2403//2403 2411//2411 2233//2233
f 2234//2234 2233//2233 2411//2411
f 2776//2776 2737//2737 2781//2781
f 2253//2253 2737//2737 2776//2776
f 2882//2882 2976//2976 2422//2422
f 932//932 2252//2252 2777//2777
f 459//459 2341//2341 460//460
f 2427//2427 2426//2426 2339//2339
f 2339//2339 2388//2388 2427//2427
f 379//379 380//380 3420//3420
f 3426//3426 3427//3427 3422//3422
f 2394//2394 3422//3422 3427//3427
f 2394//2394 443//443 3422//3422
f 445//445 3422//3422 443//443
f 2384//2384 2415//2415 3420//3420
f 3427//3427 2415//2415 2394//2394
f 3420//3420 2415//2415 3427//3427
f 3426//3426 379//379 3427//3427
f 3427//3427 379//379 3420//3420
f 2392//2392 3421//3421 2570//2570
f 3421//3421 2392//2392 378//378
f 2337//2337 3426//3426 3422//3422
f 2337//2337 3421//3421 3426//3426
f 3426//3426 3421//3421 378//378
f 3426//3426 378//378 379//379
f 2671//2671 2599//2599 3428//3428
f 2601//2601 2247//2247 2246//2246
f 2246//2246 2247//2247 2244//2244
f 3429//3429 2629//2629 3428//3428
f 3429//3429 2571//2571 2629//2629
f 2629//2629 2571//2571 380//380
f 1386//1386 942//942 1460//1460
f 2592//2592 2599//2599 2577//2577
f 2577//2577 2594//2594 2592//2592
f 3429//3429 3428//3428 2220//2220
f 2338//2338 3429//3429 2220//2220
f 3429//3429 2338//2338 2571//2571
f 378//378 2392//2392 380//380
f 2418//2418 2457//2457 2197//2197
f 458//458 2315//2315 459//459
f 2355//2355 2410//2410 1686//1686
f 2356//2356 2410//2410 2355//2355
f 2314//2314 2315//2315 2451//2451
f 2356//2356 2314//2314 2451//2451
f 2451//2451 2410//2410 2356//2356
f 2451//2451 2315//2315 458//458
f 3430//3430 2362//2362 2363//2363
f 3430//3430 2426//2426 2362//2362
f 2362//2362 2426//2426 2425//2425
f 2339//2339 2426//2426 3430//3430
f 3430//3430 2393//2393 2339//2339
f 3412//3412 3430//3430 2363//2363
f 3412//3412 2393//2393 3430//3430
f 3431//3431 2617//2617 2456//2456
f 2249//2249 2617//2617 3431//3431
f 2488//2488 2456//2456 2617//2617
f 2196//2196 2195//2195 2436//2436
f 2436//2436 2456//2456 2196//2196
f 3431//3431 2456//2456 2436//2436
f 3431//3431 2436//2436 2248//2248
f 3431//3431 2248//2248 2249//2249
f 2554//2554 2368//2368 2553//2553
f 530//530 2246//2246 356//356
f 438//438 2163//2163 2292//2292
f 2292//2292 2163//2163 2435//2435
f 2159//2159 2197//2197 17//17
f 17//17 2197//2197 2457//2457
f 402//402 2465//2465 403//403
f 2449//2449 536//536 2441//2441
f 402//402 2438//2438 2439//2439
f 2431//2431 2238//2238 2420//2420
f 2420//2420 2483//2483 2418//2418
f 438//438 2477//2477 436//436
f 2412//2412 2437//2437 2436//2436
f 2195//2195 2412//2412 2436//2436
f 2616//2616 2588//2588 2097//2097
f 2360//2360 2412//2412 2195//2195
f 2477//2477 2418//2418 2483//2483
f 2477//2477 2483//2483 436//436
f 2197//2197 2429//2429 2418//2418
f 2198//2198 2429//2429 2197//2197
f 2613//2613 2458//2458 447//447
f 2613//2613 447//447 2497//2497
f 2419//2419 2418//2418 2429//2429
f 2419//2419 2429//2429 452//452
f 452//452 2429//2429 2428//2428
f 2315//2315 391//391 390//390
f 2341//2341 2238//2238 2431//2431
f 2360//2360 2238//2238 2341//2341
f 2315//2315 390//390 459//459
f 2589//2589 2097//2097 2588//2588
f 2357//2357 2417//2417 2435//2435
f 410//410 2466//2466 409//409
f 2505//2505 2736//2736 2735//2735
f 2554//2554 2553//2553 2556//2556
f 2359//2359 2416//2416 2417//2417
f 513//513 3404//3404 2359//2359
f 2359//2359 3404//3404 2416//2416
f 2416//2416 3432//3432 2444//2444
f 2368//2368 2370//2370 3433//3433
f 3433//3433 2619//2619 2368//2368
f 2203//2203 2466//2466 502//502
f 502//502 2466//2466 410//410
f 2465//2465 409//409 2466//2466
f 2439//2439 2465//2465 402//402
f 2448//2448 2441//2441 2438//2438
f 2440//2440 3434//3434 2439//2439
f 2179//2179 2963//2963 2479//2479
f 426//426 2173//2173 2462//2462
f 2482//2482 2480//2480 2525//2525
f 2525//2525 2480//2480 2179//2179
f 2173//2173 2494//2494 3435//3435
f 1954//1954 2462//2462 2421//2421
f 2462//2462 2173//2173 2421//2421
f 2421//2421 2173//2173 3435//3435
f 3434//3434 2440//2440 2474//2474
f 2455//2455 2163//2163 437//437
f 2476//2476 3435//3435 2475//2475
f 1953//1953 3435//3435 2476//2476
f 3435//3435 1953//1953 2421//2421
f 534//534 2440//2440 2441//2441
f 536//536 534//534 2441//2441
f 2455//2455 437//437 2196//2196
f 2476//2476 2481//2481 1953//1953
f 1953//1953 2481//2481 2474//2474
f 2482//2482 2474//2474 2481//2481
f 2482//2482 3436//3436 2474//2474
f 2474//2474 3436//3436 3434//3434
f 2064//2064 3436//3436 2482//2482
f 2064//2064 2482//2482 2525//2525
f 2485//2485 3388//3388 2463//2463
f 3436//3436 2064//2064 2116//2116
f 2116//2116 2439//2439 3434//3434
f 3436//3436 2116//2116 3434//3434
f 3405//3405 2479//2479 3407//3407
f 2066//2066 2479//2479 3405//3405
f 355//355 2491//2491 354//354
f 2490//2490 2373//2373 2374//2374
f 2150//2150 3388//3388 2485//2485
f 2458//2458 2613//2613 2151//2151
f 2152//2152 2458//2458 2151//2151
f 2494//2494 3403//3403 3435//3435
f 3406//3406 2464//2464 2962//2962
f 3407//3407 2962//2962 2464//2464
f 2151//2151 2613//2613 2783//2783
f 1875//1875 2151//2151 2783//2783
f 2475//2475 2210//2210 2178//2178
f 2178//2178 2210//2210 2177//2177
f 2500//2500 2452//2452 3402//3402
f 2321//2321 3402//3402 3437//3437
f 3437//3437 3402//3402 2452//2452
f 2580//2580 3406//3406 2962//2962
f 2486//2486 3406//3406 2580//2580
f 3388//3388 421//421 2463//2463
f 2454//2454 421//421 3388//3388
f 2151//2151 3437//3437 2452//2452
f 1875//1875 3437//3437 2151//2151
f 2461//2461 3437//3437 1875//1875
f 2174//2174 3438//3438 2172//2172
f 2834//2834 2839//2839 2833//2833
f 2655//2655 2205//2205 2513//2513
f 2513//2513 2206//2206 2172//2172
f 2494//2494 2496//2496 2366//2366
f 2344//2344 3439//3439 2783//2783
f 2842//2842 3439//3439 2344//2344
f 3390//3390 2783//2783 3439//3439
f 2533//2533 2890//2890 2644//2644
f 2321//2321 3437//3437 2461//2461
f 2152//2152 2485//2485 2372//2372
f 2210//2210 3403//3403 2365//2365
f 376//376 2367//2367 2373//2373
f 2365//2365 2367//2367 376//376
f 3438//3438 2513//2513 2172//2172
f 628//628 3440//3440 549//549
f 2443//2443 2774//2774 467//467
f 2443//2443 467//467 522//522
f 549//549 3440//3440 3441//3441
f 2508//2508 2521//2521 628//628
f 2818//2818 3442//3442 2787//2787
f 2787//2787 2816//2816 2818//2818
f 3435//3435 3403//3403 2475//2475
f 2475//2475 3403//3403 2210//2210
f 2344//2344 2783//2783 2893//2893
f 2343//2343 2344//2344 2893//2893
f 2499//2499 2511//2511 481//481
f 468//468 467//467 2774//2774
f 2524//2524 468//468 424//424
f 2496//2496 2517//2517 2468//2468
f 2468//2468 2386//2386 2496//2496
f 2513//2513 2519//2519 2655//2655
f 2365//2365 3403//3403 2366//2366
f 2786//2786 2655//2655 2519//2519
f 2519//2519 629//629 2786//2786
f 432//432 2493//2493 2402//2402
f 3443//3443 2635//2635 2396//2396
f 515//515 2714//2714 516//516
f 3444//3444 3445//3445 2735//2735
f 2783//2783 2784//2784 2892//2892
f 2041//2041 2042//2042 2847//2847
f 2849//2849 2847//2847 2042//2042
f 2531//2531 2829//2829 2530//2530
f 478//478 2784//2784 481//481
f 521//521 2784//2784 479//479
f 479//479 2784//2784 478//478
f 3441//3441 2849//2849 550//550
f 2787//2787 627//627 2816//2816
f 2908//2908 2878//2878 2726//2726
f 3446//3446 2654//2654 480//480
f 2654//2654 3446//3446 2204//2204
f 2512//2512 2467//2467 3446//3446
f 3446//3446 2467//2467 2468//2468
f 2468//2468 2204//2204 3446//3446
f 2205//2205 2654//2654 2204//2204
f 2829//2829 2531//2531 3447//3447
f 2350//2350 3447//3447 2531//2531
f 2654//2654 3447//3447 2350//2350
f 2786//2786 2829//2829 3447//3447
f 2655//2655 3447//3447 2654//2654
f 2786//2786 3447//3447 2655//2655
f 475//475 477//477 2837//2837
f 2801//2801 2973//2973 2802//2802
f 1782//1782 2564//2564 1781//1781
f 466//466 2527//2527 2559//2559
f 3432//3432 2416//2416 3404//3404
f 2509//2509 2174//2174 426//426
f 2174//2174 2509//2509 3438//3438
f 2512//2512 3446//3446 480//480
f 2520//2520 473//473 2527//2527
f 1783//1783 2741//2741 2755//2755
f 2528//2528 2523//2523 2478//2478
f 498//498 2449//2449 3432//3432
f 2449//2449 2444//2444 3432//3432
f 2526//2526 474//474 2563//2563
f 426//426 425//425 2509//2509
f 2774//2774 2507//2507 425//425
f 2509//2509 425//425 2507//2507
f 2566//2566 2586//2586 2587//2587
f 2562//2562 2586//2586 2566//2566
f 3448//3448 2563//2563 474//474
f 3432//3432 3448//3448 498//498
f 498//498 3448//3448 474//474
f 2564//2564 433//433 434//434
f 433//433 2564//2564 1782//1782
f 3433//3433 2561//2561 3449//3449
f 2529//2529 2770//2770 2503//2503
f 2770//2770 434//434 512//512
f 512//512 2473//2473 3401//3401
f 435//435 512//512 434//434
f 2523//2523 535//535 2478//2478
f 442//442 2524//2524 424//424
f 2524//2524 442//442 2523//2523
f 2523//2523 442//442 535//535
f 2493//2493 2566//2566 3450//3450
f 3450//3450 2402//2402 2493//2493
f 2473//2473 3449//3449 3401//3401
f 2462//2462 1954//1954 442//442
f 3449//3449 3451//3451 3401//3401
f 2561//2561 3451//3451 3449//3449
f 3401//3401 3451//3451 2770//2770
f 3451//3451 2503//2503 2770//2770
f 2503//2503 3451//3451 2561//2561
f 2797//2797 2754//2754 2891//2891
f 2703//2703 2891//2891 2754//2754
f 2797//2797 2891//2891 1008//1008
f 3452//3452 612//612 2069//2069
f 2560//2560 433//433 1782//1782
f 433//433 2563//2563 435//435
f 2529//2529 2648//2648 2565//2565
f 2564//2564 2565//2565 2648//2648
f 435//435 2729//2729 512//512
f 2501//2501 336//336 2549//2549
f 2549//2549 2647//2647 2501//2501
f 2501//2501 2647//2647 2529//2529
f 2740//2740 2769//2769 2763//2763
f 2740//2740 2763//2763 2717//2717
f 2740//2740 2727//2727 2769//2769
f 2552//2552 2727//2727 2740//2740
f 3432//3432 2729//2729 3448//3448
f 2729//2729 3432//3432 2555//2555
f 2555//2555 3432//3432 3404//3404
f 2473//2473 512//512 511//511
f 337//337 503//503 561//561
f 503//503 504//504 561//561
f 3453//3453 3454//3454 2741//2741
f 2741//2741 2709//2709 3453//3453
f 3448//3448 2729//2729 435//435
f 435//435 2563//2563 3448//3448
f 2370//2370 2561//2561 3433//3433
f 3433//3433 3455//3455 2619//2619
f 3455//3455 2617//2617 2618//2618
f 2619//2619 3455//3455 2618//2618
f 2617//2617 3455//3455 2488//2488
f 3455//3455 2472//2472 2488//2488
f 3433//3433 2472//2472 3455//3455
f 2472//2472 3433//3433 3449//3449
f 2473//2473 2472//2472 3449//3449
f 2539//2539 2604//2604 2538//2538
f 2538//2538 2604//2604 490//490
f 2566//2566 2587//2587 3450//3450
f 519//519 518//518 2621//2621
f 2625//2625 519//519 2621//2621
f 2625//2625 2610//2610 2612//2612
f 3456//3456 2353//2353 2404//2404
f 2625//2625 2612//2612 519//519
f 3458//3458 3457//3457 2567//2567
f 3457//3457 3458//3458 2609//2609
f 517//517 2401//2401 518//518
f 3457//3457 2610//2610 3459//3459
f 2609//2609 2610//2610 3457//3457
f 2634//2634 3456//3456 2404//2404
f 3456//3456 2634//2634 2567//2567
f 2735//2735 2753//2753 3444//3444
f 2607//2607 517//517 2612//2612
f 2607//2607 2612//2612 2611//2611
f 2608//2608 2611//2611 3460//3460
f 2607//2607 2611//2611 2608//2608
f 2400//2400 2577//2577 2671//2671
f 496//496 2584//2584 495//495
f 2676//2676 2631//2631 2382//2382
f 3461//3461 2382//2382 2631//2631
f 2382//2382 3461//3461 2380//2380
f 3456//3456 2567//2567 3457//3457
f 3462//3462 3461//3461 2631//2631
f 2670//2670 2671//2671 3428//3428
f 3428//3428 2629//2629 2670//2670
f 2766//2766 2634//2634 2390//2390
f 2568//2568 2634//2634 2766//2766
f 2643//2643 2633//2633 471//471
f 2558//2558 3444//3444 2753//2753
f 2558//2558 2753//2753 505//505
f 2643//2643 471//471 2642//2642
f 2765//2765 3444//3444 2558//2558
f 2773//2773 2650//2650 2718//2718
f 3461//3461 2643//2643 2380//2380
f 2659//2659 2661//2661 2603//2603
f 3212//3212 2679//2679 3463//3463
f 2404//2404 2390//2390 2634//2634
f 500//500 932//932 3220//3220
f 2629//2629 2603//2603 2631//2631
f 2631//2631 2603//2603 3462//3462
f 3464//3464 2707//2707 2504//2504
f 2677//2677 2678//2678 974//974
f 2964//2964 3465//3465 2944//2944
f 2621//2621 2630//2630 2626//2626
f 2545//2545 2630//2630 497//497
f 495//495 2545//2545 497//497
f 2246//2246 530//530 2601//2601
f 2616//2616 2601//2601 530//530
f 2598//2598 2592//2592 2591//2591
f 2598//2598 2591//2591 2383//2383
f 2220//2220 3428//3428 2599//2599
f 3467//3467 3466//3466 2608//2608
f 2606//2606 3466//3466 2590//2590
f 2593//2593 2606//2606 2590//2590
f 2608//2608 3466//3466 2606//2606
f 2590//2590 2518//2518 2593//2593
f 3466//3466 3468//3468 2590//2590
f 2590//2590 3468//3468 2279//2279
f 3467//3467 3468//3468 3466//3466
f 2234//2234 2411//2411 3468//3468
f 2411//2411 2279//2279 3468//3468
f 2578//2578 2234//2234 3468//3468
f 2578//2578 3468//3468 3467//3467
f 2582//2582 2249//2249 2247//2247
f 2489//2489 2248//2248 2437//2437
f 2582//2582 2098//2098 2249//2249
f 2249//2249 2098//2098 2618//2618
f 2096//2096 2618//2618 2098//2098
f 2619//2619 2618//2618 2096//2096
f 2589//2589 2378//2378 2377//2377
f 2096//2096 2097//2097 2377//2377
f 2587//2587 2546//2546 2614//2614
f 2614//2614 2546//2546 2548//2548
f 2467//2467 2511//2511 2499//2499
f 2614//2614 2539//2539 2587//2587
f 2587//2587 2539//2539 3450//3450
f 3450//3450 2539//2539 2537//2537
f 2537//2537 2389//2389 3450//3450
f 2389//2389 2402//2402 3450//3450
f 2569//2569 3458//3458 2567//2567
f 2381//2381 2676//2676 2382//2382
f 3458//3458 2569//2569 2605//2605
f 3458//3458 3460//3460 2609//2609
f 2609//2609 3460//3460 2611//2611
f 2643//2643 3469//3469 2633//2633
f 2633//2633 3469//3469 2661//2661
f 3469//3469 3462//3462 2661//2661
f 2661//2661 3462//3462 2603//2603
f 3461//3461 3469//3469 2643//2643
f 3462//3462 3469//3469 3461//3461
f 3460//3460 3458//3458 2605//2605
f 2620//2620 3460//3460 2605//2605
f 2578//2578 3467//3467 2620//2620
f 2386//2386 2374//2374 2367//2367
f 2608//2608 3460//3460 2620//2620
f 2608//2608 2620//2620 3467//3467
f 3470//3470 2680//2680 2649//2649
f 2680//2680 3470//3470 2380//2380
f 2380//2380 2642//2642 2680//2680
f 2380//2380 3470//3470 2545//2545
f 2549//2549 2650//2650 2773//2773
f 2626//2626 2635//2635 3443//3443
f 3443//3443 2625//2625 2626//2626
f 3459//3459 3443//3443 3456//3456
f 3459//3459 3456//3456 3457//3457
f 3459//3459 2625//2625 3443//3443
f 2610//2610 2625//2625 3459//3459
f 2649//2649 2626//2626 2630//2630
f 2649//2649 2630//2630 3470//3470
f 3470//3470 2630//2630 2545//2545
f 3456//3456 2398//2398 2353//2353
f 2396//2396 2398//2398 3443//3443
f 2773//2773 2648//2648 2647//2647
f 2549//2549 2773//2773 2647//2647
f 3443//3443 2398//2398 3456//3456
f 3471//3471 2707//2707 3464//3464
f 2622//2622 2506//2506 2710//2710
f 2622//2622 2623//2623 2506//2506
f 2653//2653 469//469 1055//1055
f 3472//3472 2653//2653 1055//1055
f 2653//2653 2656//2656 2652//2652
f 2656//2656 2653//2653 3472//3472
f 469//469 2642//2642 471//471
f 2514//2514 3473//3473 2516//2516
f 2514//2514 2779//2779 3471//3471
f 3471//3471 2779//2779 2664//2664
f 2657//2657 2515//2515 2516//2516
f 455//455 2779//2779 2515//2515
f 2515//2515 2779//2779 2514//2514
f 3464//3464 2514//2514 3471//3471
f 2514//2514 3464//3464 3473//3473
f 2404//2404 2353//2353 2352//2352
f 3474//3474 2516//2516 2397//2397
f 3473//3473 2354//2354 3475//3475
f 3473//3473 3475//3475 2516//2516
f 2397//2397 3475//3475 2354//2354
f 2516//2516 3475//3475 2397//2397
f 2354//2354 3464//3464 2352//2352
f 3473//3473 3464//3464 2354//2354
f 2624//2624 2352//2352 3464//3464
f 2624//2624 3464//3464 2641//2641
f 2657//2657 3474//3474 2637//2637
f 2637//2637 3474//3474 2635//2635
f 2516//2516 3474//3474 2657//2657
f 2396//2396 2635//2635 3474//3474
f 3474//3474 2397//2397 2396//2396
f 2642//2642 2653//2653 2652//2652
f 3472//3472 2657//2657 2656//2656
f 456//456 3472//3472 1055//1055
f 3472//3472 456//456 455//455
f 455//455 2515//2515 3472//3472
f 2515//2515 2657//2657 3472//3472
f 2659//2659 2677//2677 3476//3476
f 417//417 998//998 415//415
f 3476//3476 2628//2628 416//416
f 2628//2628 417//417 416//416
f 998//998 3463//3463 2681//2681
f 3463//3463 998//998 417//417
f 2681//2681 2679//2679 992//992
f 3463//3463 2679//2679 2681//2681
f 3476//3476 2675//2675 2628//2628
f 3476//3476 2677//2677 2675//2675
f 2661//2661 2660//2660 2633//2633
f 2692//2692 2707//2707 2664//2664
f 2707//2707 2692//2692 2694//2694
f 2660//2660 3476//3476 416//416
f 2660//2660 416//416 2633//2633
f 2660//2660 2659//2659 3476//3476
f 2603//2603 2678//2678 2659//2659
f 417//417 2627//2627 3463//3463
f 105//105 2688//2688 993//993
f 994//994 105//105 993//993
f 2665//2665 2674//2674 2672//2672
f 338//338 2953//2953 2952//2952
f 2627//2627 3212//3212 3463//3463
f 2581//2581 2665//2665 2672//2672
f 483//483 3212//3212 2627//2627
f 1127//1127 483//483 2627//2627
f 85//85 3212//3212 483//483
f 461//461 2665//2665 2581//2581
f 2043//2043 2041//2041 3019//3019
f 2727//2727 2836//2836 2771//2771
f 2707//2707 3471//3471 2664//2664
f 2694//2694 2668//2668 515//515
f 2665//2665 1139//1139 515//515
f 515//515 1139//1139 2714//2714
f 2674//2674 2665//2665 2666//2666
f 2666//2666 2667//2667 2674//2674
f 2667//2667 2666//2666 2668//2668
f 2714//2714 2708//2708 2713//2713
f 2714//2714 1140//1140 2708//2708
f 1139//1139 1140//1140 2714//2714
f 2711//2711 2708//2708 2685//2685
f 2713//2713 2708//2708 2711//2711
f 2623//2623 2504//2504 2506//2506
f 2505//2505 514//514 516//516
f 2505//2505 516//516 2713//2713
f 2504//2504 2641//2641 3464//3464
f 2710//2710 2505//2505 3445//3445
f 3445//3445 2505//2505 2735//2735
f 2639//2639 2781//2781 2782//2782
f 2720//2720 2781//2781 2639//2639
f 2720//2720 2777//2777 2776//2776
f 2715//2715 2505//2505 2712//2712
f 2712//2712 2505//2505 2713//2713
f 2713//2713 2711//2711 2712//2712
f 2836//2836 2757//2757 2841//2841
f 2756//2756 2757//2757 2836//2836
f 2695//2695 2669//2669 2688//2688
f 2669//2669 2668//2668 2692//2692
f 2694//2694 2692//2692 2668//2668
f 2450//2450 2782//2782 2722//2722
f 2952//2952 2450//2450 2722//2722
f 2669//2669 2663//2663 2688//2688
f 2688//2688 2663//2663 993//993
f 1532//1532 1531//1531 2638//2638
f 2678//2678 2603//2603 974//974
f 491//491 3220//3220 2687//2687
f 2687//2687 3220//3220 3221//3221
f 500//500 3220//3220 491//491
f 1146//1146 1531//1531 1144//1144
f 2720//2720 2776//2776 2781//2781
f 3222//3222 1145//1145 1144//1144
f 2715//2715 1145//1145 3222//3222
f 778//778 3007//3007 968//968
f 2964//2964 1464//1464 1463//1463
f 2686//2686 2715//2715 2712//2712
f 2541//2541 2749//2749 2736//2736
f 1144//1144 2505//2505 3222//3222
f 3170//3170 1532//1532 2638//2638
f 2720//2720 2639//2639 1146//1146
f 2422//2422 2976//2976 2424//2424
f 1144//1144 2736//2736 2505//2505
f 2696//2696 2697//2697 3170//3170
f 2893//2893 2885//2885 2343//2343
f 2767//2767 3170//3170 2697//2697
f 2687//2687 2716//2716 2686//2686
f 399//399 2730//2730 400//400
f 937//937 3477//3477 2450//2450
f 2450//2450 3477//3477 2782//2782
f 2638//2638 3477//3477 3170//3170
f 3170//3170 3477//3477 937//937
f 3477//3477 2639//2639 2782//2782
f 2639//2639 3477//3477 2638//2638
f 2723//2723 2725//2725 2737//2737
f 1532//1532 2767//2767 2541//2541
f 1532//1532 3170//3170 2767//2767
f 1532//1532 2541//2541 2736//2736
f 2741//2741 3454//3454 2755//2755
f 2758//2758 2756//2756 2878//2878
f 2878//2878 2756//2756 2726//2726
f 2849//2849 2840//2840 550//550
f 504//504 506//506 398//398
f 504//504 398//398 400//400
f 1144//1144 1532//1532 2736//2736
f 505//505 2753//2753 2761//2761
f 2734//2734 2761//2761 2753//2753
f 2736//2736 2761//2761 2734//2734
f 2749//2749 2761//2761 2736//2736
f 2777//2777 3221//3221 932//932
f 3221//3221 2777//2777 2719//2719
f 2253//2253 2777//2777 2252//2252
f 2722//2722 2782//2782 2725//2725
f 2282//2282 1510//1510 353//353
f 2719//2719 1145//1145 3221//3221
f 3221//3221 1145//1145 2716//2716
f 2737//2737 2725//2725 2781//2781
f 2950//2950 2903//2903 2982//2982
f 2723//2723 294//294 2724//2724
f 927//927 294//294 2723//2723
f 338//338 2724//2724 294//294
f 2906//2906 1727//1727 566//566
f 2906//2906 2699//2699 1727//1727
f 1727//1727 2699//2699 1725//1725
f 935//935 2450//2450 2747//2747
f 2952//2952 2747//2747 2450//2450
f 1725//1725 2747//2747 2952//2952
f 2724//2724 2952//2952 2722//2722
f 2742//2742 2738//2738 1892//1892
f 2597//2597 2982//2982 2903//2903
f 2966//2966 2982//2982 2597//2597
f 2544//2544 2542//2542 2802//2802
f 2883//2883 2422//2422 2993//2993
f 2983//2983 2984//2984 3478//3478
f 2698//2698 2596//2596 2904//2904
f 2961//2961 2746//2746 2747//2747
f 2699//2699 2961//2961 2747//2747
f 3479//3479 2540//2540 2738//2738
f 3479//3479 2698//2698 2540//2540
f 2746//2746 2961//2961 3479//3479
f 3479//3479 2961//2961 2698//2698
f 2742//2742 2746//2746 3479//3479
f 2738//2738 2742//2742 3479//3479
f 2728//2728 2727//2727 2552//2552
f 2728//2728 2550//2550 2943//2943
f 2802//2802 2973//2973 2943//2943
f 2943//2943 2973//2973 2908//2908
f 1895//1895 2943//2943 2550//2550
f 1895//1895 2550//2550 2909//2909
f 2876//2876 2877//2877 970//970
f 2748//2748 2768//2768 2730//2730
f 2749//2749 398//398 506//506
f 2697//2697 2744//2744 2767//2767
f 2748//2748 2744//2744 2745//2745
f 2768//2768 2551//2551 2552//2552
f 2552//2552 2717//2717 2768//2768
f 2551//2551 2768//2768 2748//2748
f 2551//2551 2748//2748 2745//2745
f 2778//2778 2551//2551 2745//2745
f 2551//2551 2909//2909 2550//2550
f 2909//2909 2551//2551 2778//2778
f 3453//3453 2771//2771 3454//3454
f 3454//3454 2705//2705 2755//2755
f 2803//2803 2704//2704 2841//2841
f 2784//2784 2613//2613 481//481
f 2836//2836 2841//2841 2771//2771
f 2771//2771 2841//2841 3454//3454
f 2841//2841 2705//2705 3454//3454
f 2771//2771 2769//2769 2727//2727
f 2648//2648 2773//2773 2772//2772
f 2863//2863 542//542 2843//2843
f 2764//2764 2771//2771 3453//3453
f 2510//2510 2519//2519 2513//2513
f 2509//2509 2510//2510 3438//3438
f 561//561 504//504 560//560
f 2718//2718 2650//2650 560//560
f 2513//2513 3438//3438 2510//2510
f 2772//2772 2709//2709 2648//2648
f 2762//2762 2709//2709 2772//2772
f 2764//2764 2709//2709 2762//2762
f 3453//3453 2709//2709 2764//2764
f 2796//2796 2795//2795 969//969
f 2765//2765 2572//2572 3444//3444
f 3444//3444 2572//2572 3445//3445
f 2718//2718 2762//2762 2773//2773
f 2710//2710 3445//3445 2572//2572
f 2654//2654 2350//2350 480//480
f 3480//3480 3481//3481 3482//3482
f 3483//3483 2877//2877 3452//3452
f 2063//2063 613//613 2062//2062
f 2826//2826 613//613 2063//2063
f 3441//3441 550//550 549//549
f 2757//2757 2645//2645 2803//2803
f 2757//2757 2803//2803 2841//2841
f 2532//2532 3484//3484 2534//2534
f 2063//2063 2534//2534 2826//2826
f 2902//2902 971//971 2534//2534
f 3481//3481 2543//2543 2544//2544
f 559//559 2543//2543 3481//3481
f 3481//3481 556//556 559//559
f 2061//2061 2890//2890 2533//2533
f 2533//2533 2063//2063 2061//2061
f 2645//2645 3485//3485 2532//2532
f 3481//3481 2544//2544 3482//3482
f 2743//2743 2891//2891 2703//2703
f 2442//2442 2832//2832 2831//2831
f 1008//1008 2891//2891 2890//2890
f 2061//2061 1008//1008 2890//2890
f 3020//3020 3485//3485 2645//2645
f 2645//2645 2758//2758 3020//3020
f 2645//2645 2757//2757 2758//2758
f 3487//3487 754//754 3486//3486
f 3023//3023 586//586 727//727
f 2933//2933 2934//2934 2971//2971
f 2821//2821 3011//3011 2911//2911
f 2871//2871 2823//2823 2884//2884
f 2343//2343 2884//2884 540//540
f 3030//3030 2920//2920 2918//2918
f 2069//2069 2820//2820 3483//3483
f 3488//3488 701//701 3094//3094
f 3094//3094 701//701 702//702
f 2845//2845 2752//2752 3019//3019
f 3483//3483 3489//3489 2877//2877
f 614//614 613//613 2795//2795
f 3489//3489 969//969 970//970
f 3489//3489 2911//2911 969//969
f 2821//2821 2911//2911 3489//3489
f 2815//2815 2844//2844 2793//2793
f 2043//2043 3019//3019 2752//2752
f 2750//2750 2043//2043 2752//2752
f 2880//2880 2047//2047 1937//1937
f 2048//2048 2047//2047 2879//2879
f 2877//2877 3489//3489 970//970
f 2826//2826 2795//2795 613//613
f 3489//3489 3483//3483 2821//2821
f 2820//2820 2821//2821 3483//3483
f 2342//2342 2967//2967 2851//2851
f 2879//2879 2047//2047 2880//2880
f 2819//2819 2956//2956 3011//3011
f 3011//3011 2956//2956 2852//2852
f 614//614 2796//2796 2967//2967
f 614//614 2967//2967 2342//2342
f 3011//3011 2967//2967 2796//2796
f 2852//2852 2967//2967 3011//3011
f 3490//3490 2442//2442 2831//2831
f 2442//2442 3490//3490 2443//2443
f 2007//2007 2865//2865 2788//2788
f 2858//2858 2701//2701 2702//2702
f 2864//2864 2863//2863 2870//2870
f 540//540 2884//2884 2857//2857
f 2818//2818 2817//2817 2823//2823
f 2843//2843 540//540 2857//2857
f 969//969 2827//2827 971//971
f 2823//2823 2871//2871 2818//2818
f 2758//2758 2801//2801 3020//3020
f 2849//2849 2042//2042 2840//2840
f 2041//2041 2907//2907 3019//3019
f 2793//2793 2844//2844 2907//2907
f 2825//2825 2793//2793 2907//2907
f 541//541 2343//2343 540//540
f 2864//2864 2870//2870 2912//2912
f 3439//3439 2842//2842 2862//2862
f 3390//3390 3439//3439 2862//2862
f 2575//2575 405//405 404//404
f 2868//2868 2702//2702 2794//2794
f 2750//2750 2868//2868 2794//2794
f 3441//3441 2848//2848 2849//2849
f 2787//2787 3442//3442 2530//2530
f 1009//1009 2832//2832 2798//2798
f 2798//2798 2832//2832 2837//2837
f 2798//2798 2837//2837 477//477
f 3440//3440 628//628 2521//2521
f 2443//2443 3490//3490 2521//2521
f 2848//2848 3490//3490 2831//2831
f 3441//3441 3490//3490 2848//2848
f 3441//3441 3440//3440 3490//3490
f 2521//2521 3490//3490 3440//3440
f 3442//3442 2873//2873 2874//2874
f 2818//2818 2871//2871 3442//3442
f 2873//2873 3442//3442 2871//2871
f 2875//2875 520//520 2874//2874
f 521//521 520//520 2875//2875
f 2874//2874 520//520 2530//2530
f 2874//2874 2530//2530 3442//3442
f 2863//2863 2843//2843 2870//2870
f 2885//2885 2892//2892 2875//2875
f 2885//2885 2893//2893 2892//2892
f 2875//2875 2892//2892 521//521
f 521//521 2892//2892 2784//2784
f 2907//2907 2041//2041 2847//2847
f 541//541 2146//2146 2842//2842
f 2856//2856 2828//2828 2839//2839
f 3390//3390 2855//2855 2783//2783
f 2575//2575 404//404 2862//2862
f 2854//2854 2855//2855 3385//3385
f 3385//3385 2057//2057 2854//2854
f 2535//2535 2864//2864 2858//2858
f 2858//2858 2536//2536 2535//2535
f 529//529 2536//2536 3108//3108
f 2047//2047 733//733 1937//1937
f 2858//2858 3108//3108 2536//2536
f 3491//3491 3097//3097 3096//3096
f 406//406 2869//2869 404//404
f 2862//2862 2869//2869 3390//3390
f 2788//2788 2790//2790 2007//2007
f 2858//2858 2838//2838 2132//2132
f 3389//3389 2132//2132 358//358
f 2036//2036 3492//3492 2023//2023
f 2071//2071 3492//3492 2036//2036
f 2898//2898 2790//2790 2899//2899
f 2838//2838 2858//2858 2702//2702
f 617//617 2790//2790 2898//2898
f 616//616 2799//2799 2751//2751
f 2851//2851 2789//2789 2788//2788
f 2812//2812 2789//2789 2851//2851
f 1983//1983 1818//1818 3119//3119
f 1983//1983 3119//3119 2812//2812
f 2890//2890 2743//2743 2644//2644
f 2910//2910 2851//2851 2788//2788
f 2751//2751 3493//3493 3079//3079
f 3493//3493 2752//2752 2845//2845
f 2752//2752 3493//3493 2751//2751
f 2814//2814 2866//2866 3493//3493
f 3493//3493 2845//2845 2814//2814
f 2845//2845 2815//2815 2814//2814
f 2888//2888 618//618 2897//2897
f 2865//2865 2007//2007 3079//3079
f 3493//3493 2866//2866 3079//3079
f 3079//3079 2866//2866 2865//2865
f 3484//3484 2532//2532 3485//3485
f 3465//3465 2964//2964 3482//3482
f 2964//2964 1463//1463 2949//2949
f 3482//3482 2964//2964 2949//2949
f 2542//2542 2780//2780 3020//3020
f 2069//2069 3483//3483 3452//3452
f 2902//2902 2534//2534 3484//3484
f 3484//3484 3485//3485 3494//3494
f 3484//3484 3494//3494 2902//2902
f 2780//2780 3494//3494 3485//3485
f 2780//2780 3485//3485 3020//3020
f 2543//2543 3494//3494 2780//2780
f 2996//2996 3121//3121 2995//2995
f 701//701 3488//3488 3074//3074
f 2876//2876 2902//2902 3494//3494
f 970//970 2902//2902 2876//2876
f 1028//1028 3495//3495 3161//3161
f 1027//1027 1028//1028 3161//3161
f 3496//3496 591//591 2919//2919
f 2424//2424 2966//2966 3497//3497
f 557//557 3498//3498 2853//2853
f 612//612 557//557 2853//2853
f 3452//3452 557//557 612//612
f 2971//2971 3498//3498 3480//3480
f 556//556 3498//3498 557//557
f 3480//3480 3498//3498 556//556
f 2543//2543 559//559 3494//3494
f 3494//3494 559//559 2876//2876
f 558//558 2876//2876 559//559
f 558//558 557//557 3452//3452
f 558//558 3452//3452 2877//2877
f 2939//2939 2850//2850 734//734
f 2931//2931 2934//2934 2933//2933
f 3498//3498 2934//2934 2853//2853
f 2921//2921 2922//2922 2881//2881
f 2881//2881 2883//2883 2921//2921
f 2971//2971 2934//2934 3498//3498
f 2937//2937 2936//2936 2938//2938
f 2937//2937 611//611 2785//2785
f 2931//2931 2937//2937 2785//2785
f 2932//2932 2922//2922 2923//2923
f 2936//2936 2932//2932 2923//2923
f 2051//2051 2052//2052 2131//2131
f 732//732 2850//2850 3094//3094
f 2850//2850 3488//3488 3094//3094
f 2938//2938 3488//3488 2850//2850
f 3074//3074 3488//3488 3182//3182
f 3182//3182 3488//3488 2938//2938
f 2938//2938 2936//2936 3182//3182
f 3182//3182 2936//2936 2935//2935
f 3497//3497 2966//2966 2822//2822
f 2423//2423 3497//3497 2981//2981
f 3497//3497 2423//2423 2424//2424
f 3073//3073 3071//3071 3122//3122
f 3482//3482 3499//3499 3480//3480
f 3499//3499 3482//3482 2949//2949
f 2544//2544 3465//3465 3482//3482
f 2802//2802 3465//3465 2544//2544
f 2883//2883 2985//2985 2983//2983
f 2945//2945 2983//2983 3478//3478
f 2982//2982 2968//2968 2950//2950
f 3480//3480 556//556 3481//3481
f 3499//3499 2969//2969 3480//3480
f 3480//3480 2969//2969 2971//2971
f 2949//2949 2969//2969 3499//3499
f 2968//2968 2969//2969 2950//2950
f 2950//2950 2969//2969 2949//2949
f 2944//2944 3465//3465 2802//2802
f 2802//2802 2943//2943 2944//2944
f 2422//2422 2423//2423 2993//2993
f 2903//2903 1465//1465 2904//2904
f 1463//1463 1465//1465 2903//2903
f 2904//2904 1465//1465 2540//2540
f 2904//2904 2540//2540 2698//2698
f 2988//2988 2984//2984 2985//2985
f 3497//3497 2972//2972 2981//2981
f 2980//2980 2981//2981 2972//2972
f 2942//2942 2940//2940 954//954
f 1726//1726 566//566 1727//1727
f 3497//3497 2822//2822 2972//2972
f 956//956 2958//2958 2957//2957
f 956//956 2957//2957 2942//2942
f 566//566 1726//1726 3225//3225
f 955//955 3500//3500 3225//3225
f 567//567 3225//3225 3500//3500
f 566//566 3225//3225 567//567
f 2972//2972 567//567 3500//3500
f 2972//2972 3500//3500 3168//3168
f 2980//2980 2972//2972 3168//3168
f 3168//3168 3500//3500 954//954
f 955//955 954//954 3500//3500
f 3168//3168 928//928 770//770
f 3168//3168 954//954 928//928
f 954//954 2940//2940 928//928
f 2935//2935 2923//2923 3166//3166
f 2935//2935 3166//3166 3167//3167
f 3501//3501 3166//3166 2923//2923
f 3501//3501 2923//2923 2945//2945
f 577//577 3502//3502 579//579
f 3501//3501 2945//2945 3478//3478
f 3501//3501 3478//3478 35//35
f 2983//2983 2945//2945 2921//2921
f 2921//2921 2883//2883 2983//2983
f 3501//3501 3071//3071 3166//3166
f 2954//2954 769//769 768//768
f 2733//2733 2732//2732 721//721
f 2997//2997 3503//3503 2998//2998
f 2989//2989 2998//2998 3503//3503
f 2988//2988 2989//2989 3504//3504
f 3503//3503 3504//3504 2989//2989
f 2988//2988 3478//3478 2984//2984
f 35//35 3478//3478 3504//3504
f 2988//2988 3504//3504 3478//3478
f 2997//2997 3504//3504 3503//3503
f 35//35 3504//3504 2997//2997
f 2997//2997 34//34 35//35
f 3037//3037 2955//2955 3172//3172
f 3172//3172 2955//2955 768//768
f 753//753 3002//3002 755//755
f 3163//3163 3031//3031 3030//3030
f 591//591 592//592 2918//2918
f 3030//3030 3003//3003 3163//3163
f 3047//3047 3045//3045 386//386
f 3163//3163 3003//3003 3171//3171
f 3160//3160 3163//3163 3171//3171
f 3171//3171 3003//3003 3002//3002
f 3002//3002 753//753 3159//3159
f 756//756 3159//3159 307//307
f 3014//3014 3159//3159 753//753
f 307//307 3159//3159 3014//3014
f 3505//3505 592//592 755//755
f 2760//2760 591//591 3496//3496
f 2760//2760 3496//3496 3008//3008
f 3486//3486 754//754 755//755
f 3486//3486 755//755 592//592
f 3013//3013 3014//3014 754//754
f 753//753 754//754 3014//3014
f 2918//2918 3505//3505 3030//3030
f 3003//3003 3030//3030 3505//3505
f 3003//3003 3505//3505 755//755
f 3487//3487 3184//3184 3013//3013
f 3184//3184 581//581 3013//3013
f 3013//3013 581//581 3012//3012
f 387//387 3026//3026 1883//1883
f 3487//3487 3013//3013 754//754
f 3001//3001 34//34 3037//3037
f 3486//3486 2926//2926 3487//3487
f 3068//3068 2809//2809 3506//3506
f 701//701 3073//3073 3122//3122
f 3184//3184 3487//3487 2926//2926
f 2924//2924 3184//3184 2926//2926
f 581//581 3184//3184 36//36
f 420//420 3000//3000 419//419
f 3045//3045 3226//3226 386//386
f 3226//3226 3045//3045 3022//3022
f 3505//3505 2918//2918 592//592
f 3060//3060 3059//3059 3502//3502
f 3122//3122 2925//2925 700//700
f 2919//2919 2920//2920 3008//3008
f 3008//3008 3496//3496 2919//2919
f 2924//2924 2925//2925 3122//3122
f 3081//3081 3374//3374 3082//3082
f 3340//3340 3507//3507 3374//3374
f 3082//3082 3374//3374 3507//3507
f 3042//3042 3374//3374 3044//3044
f 3044//3044 3374//3374 3081//3081
f 2733//2733 3155//3155 2731//2731
f 3046//3046 3307//3307 1028//1028
f 1028//1028 3307//3307 3495//3495
f 1027//1027 3022//3022 1029//1029
f 3045//3045 1029//1029 3022//3022
f 3118//3118 2929//2929 2927//2927
f 3023//3023 3027//3027 586//586
f 3508//3508 2045//2045 3082//3082
f 586//586 3027//3027 387//387
f 3058//3058 3307//3307 3046//3046
f 3008//3008 2920//2920 3031//3031
f 3161//3161 3509//3509 3143//3143
f 3495//3495 3307//3307 3306//3306
f 727//727 3226//3226 3154//3154
f 720//720 3155//3155 2733//2733
f 1645//1645 1//1 220//220
f 3023//3023 591//591 3027//3027
f 590//590 591//591 3023//3023
f 3226//3226 3022//3022 3154//3154
f 35//35 3071//3071 3501//3501
f 1882//1882 1883//1883 3155//3155
f 723//723 2732//2732 2731//2731
f 3021//3021 3059//3059 3047//3047
f 3047//3047 3059//3059 3046//3046
f 2045//2045 2046//2046 3082//3082
f 3027//3027 591//591 2731//2731
f 3027//3027 2731//2731 3026//3026
f 723//723 83//83 82//82
f 2804//2804 2806//2806 3035//3035
f 720//720 3502//3502 3155//3155
f 719//719 3502//3502 720//720
f 3052//3052 2925//2925 3072//3072
f 700//700 2925//2925 3052//3052
f 3486//3486 592//592 2926//2926
f 2860//2860 2861//2861 3035//3035
f 3147//3147 3006//3006 2860//2860
f 3059//3059 1884//1884 3502//3502
f 577//577 3060//3060 3502//3502
f 3502//3502 719//719 579//579
f 3502//3502 1884//1884 1882//1882
f 3502//3502 1882//1882 3155//3155
f 700//700 3053//3053 702//702
f 3040//3040 3342//3342 418//418
f 2808//2808 3066//3066 2810//2810
f 3051//3051 3066//3066 2808//2808
f 3041//3041 3341//3341 3040//3040
f 3109//3109 3341//3341 3041//3041
f 3053//3053 3075//3075 3077//3077
f 3077//3077 3075//3075 2995//2995
f 3062//3062 3510//3510 3120//3120
f 2044//2044 3510//3510 3062//3062
f 3306//3306 3063//3063 3495//3495
f 3061//3061 3068//3068 3506//3506
f 3383//3383 3061//3061 3382//3382
f 3382//3382 3061//3061 3506//3506
f 2045//2045 3510//3510 2044//2044
f 3124//3124 3061//3061 3063//3063
f 3062//3062 3061//3061 2044//2044
f 3063//3063 3161//3161 3495//3495
f 3509//3509 3161//3161 3063//3063
f 3120//3120 3509//3509 3063//3063
f 590//590 3511//3511 3078//3078
f 3512//3512 3061//3061 3383//3383
f 3061//3061 3512//3512 2044//2044
f 2809//2809 3382//3382 3506//3506
f 3068//3068 3124//3124 3058//3058
f 2809//2809 3068//3068 712//712
f 297//297 2809//2809 712//712
f 1767//1767 2809//2809 297//297
f 3123//3123 418//418 3342//3342
f 3004//3004 2804//2804 3000//3000
f 3118//3118 3005//3005 2929//2929
f 2929//2929 3004//3004 420//420
f 420//420 3004//3004 3000//3000
f 3513//3513 3082//3082 1981//1981
f 3513//3513 1981//1981 3099//3099
f 1988//1988 2809//2809 1767//1767
f 1988//1988 2808//2808 2809//2809
f 3382//3382 2809//2809 2810//2810
f 1980//1980 1982//1982 3066//3066
f 3036//3036 3049//3049 2927//2927
f 3049//3049 3036//3036 3050//3050
f 3111//3111 334//334 332//332
f 3043//3043 3044//3044 3110//3110
f 334//334 3110//3110 3057//3057
f 3513//3513 3099//3099 3083//3083
f 3513//3513 3083//3083 3082//3082
f 3057//3057 1981//1981 333//333
f 3111//3111 2914//2914 2915//2915
f 332//332 2914//2914 3111//3111
f 3084//3084 2915//2915 3050//3050
f 3050//3050 2915//2915 2913//2913
f 3111//3111 2915//2915 3084//3084
f 3043//3043 3111//3111 3084//3084
f 3177//3177 2805//2805 3005//3005
f 3102//3102 1987//1987 3064//3064
f 2927//2927 3114//3114 3118//3118
f 3087//3087 3114//3114 3106//3106
f 3087//3087 3089//3089 3114//3114
f 3049//3049 3114//3114 2927//2927
f 2900//2900 3092//3092 524//524
f 2091//2091 3070//3070 2073//2073
f 2090//2090 3107//3107 3101//3101
f 2068//2068 3330//3330 3051//3051
f 332//332 3091//3091 2914//2914
f 3091//3091 3102//3102 3370//3370
f 3370//3370 3102//3102 2074//2074
f 2074//2074 3102//3102 3064//3064
f 332//332 3102//3102 3091//3091
f 3101//3101 3070//3070 2091//2091
f 3101//3101 3039//3039 3070//3070
f 3039//3039 3101//3101 3112//3112
f 3101//3101 3106//3106 3112//3112
f 2075//2075 2036//2036 2023//2023
f 2075//2075 3514//3514 595//595
f 2023//2023 3514//3514 2075//2075
f 3095//3095 2071//2071 2050//2050
f 3515//3515 3095//3095 1819//1819
f 3377//3377 3515//3515 1819//1819
f 3095//3095 3515//3515 3492//3492
f 2071//2071 3095//3095 3492//3492
f 3492//3492 3515//3515 2023//2023
f 2023//2023 2021//2021 3514//3514
f 3107//3107 2090//2090 3097//3097
f 2022//2022 2023//2023 3515//3515
f 3069//3069 2022//2022 2896//2896
f 3096//3096 595//595 3514//3514
f 3514//3514 2021//2021 3096//3096
f 2894//2894 3516//3516 3117//3117
f 3051//3051 3330//3330 1980//1980
f 3329//3329 1987//1987 3330//3330
f 2021//2021 2022//2022 3069//3069
f 2022//2022 3377//3377 2896//2896
f 3377//3377 2022//2022 3515//3515
f 3121//3121 3116//3116 2995//2995
f 3106//3106 3107//3107 3087//3087
f 3088//3088 3087//3087 3491//3491
f 3107//3107 3491//3491 3087//3087
f 3491//3491 3107//3107 3097//3097
f 3491//3491 3104//3104 3088//3088
f 3491//3491 3069//3069 3104//3104
f 3069//3069 3032//3032 3104//3104
f 2021//2021 3069//3069 3491//3491
f 3491//3491 3096//3096 2021//2021
f 3077//3077 3116//3116 3098//3098
f 1987//1987 1980//1980 3330//3330
f 1987//1987 3329//3329 3064//3064
f 1981//1981 3065//3065 1982//1982
f 3064//3064 3329//3329 1985//1985
f 1985//1985 3329//3329 1971//1971
f 1971//1971 1972//1972 1985//1985
f 2810//2810 3381//3381 3382//3382
f 3065//3065 3381//3381 3066//3066
f 3066//3066 3381//3381 2810//2810
f 3375//3375 3383//3383 3381//3381
f 3375//3375 3381//3381 3065//3065
f 3065//3065 1981//1981 3375//3375
f 3084//3084 3036//3036 3517//3517
f 3517//3517 3043//3043 3084//3084
f 3034//3034 3121//3121 3055//3055
f 3121//3121 2996//2996 3105//3105
f 3105//3105 3055//3055 3121//3121
f 3118//3118 3177//3177 3005//3005
f 3067//3067 2811//2811 2894//2894
f 1936//1936 3516//3516 2811//2811
f 2811//2811 3516//3516 2894//2894
f 3116//3116 3117//3117 3098//3098
f 3516//3516 3098//3098 3117//3117
f 3098//3098 3516//3516 1935//1935
f 1935//1935 3516//3516 1936//1936
f 2996//2996 2807//2807 2805//2805
f 2996//2996 3177//3177 3105//3105
f 2805//2805 3177//3177 2996//2996
f 3518//3518 2928//2928 3123//3123
f 3518//3518 3517//3517 2928//2928
f 2928//2928 3517//3517 3036//3036
f 3518//3518 3123//3123 3342//3342
f 3517//3517 3518//3518 3042//3042
f 3043//3043 3517//3517 3042//3042
f 3042//3042 3518//3518 3342//3342
f 3512//3512 3383//3383 2046//2046
f 2046//2046 3383//3383 3375//3375
f 3511//3511 3143//3143 3509//3509
f 590//590 3143//3143 3511//3511
f 3511//3511 3509//3509 3120//3120
f 3512//3512 2046//2046 2044//2044
f 3510//3510 2045//2045 3508//3508
f 3510//3510 3508//3508 3511//3511
f 3120//3120 3510//3510 3511//3511
f 3109//3109 3508//3508 3341//3341
f 3519//3519 3341//3341 3508//3508
f 3519//3519 3508//3508 3507//3507
f 3507//3507 3341//3341 3519//3519
f 3507//3507 3340//3340 3341//3341
f 3507//3507 3508//3508 3082//3082
f 3511//3511 3508//3508 3109//3109
f 3109//3109 3078//3078 3511//3511
f 3375//3375 3082//3082 2046//2046
